rollout/ep_rew_mean,rollout/ep_len_mean,time/fps,time/time_elapsed,time/iterations,time/total_timesteps,train/policy_gradient_loss,train/clip_range,train/loss,train/clip_fraction,train/value_loss,train/approx_kl,train/learning_rate,train/explained_variance,train/n_updates,train/entropy_loss
640.0,200.0,687,0,1,256,,,,,,,,,,
590.0,200.0,716,0,2,512,-0.0037635362008586527,0.3,15366.5703125,0.0,34687.12568359375,0.00040802942,0.0003,0.00012481212615966797,10,-2.564770781993866
330.0,200.0,708,1,3,768,-0.004401857289485634,0.3,1035.1402587890625,0.0,1856.8455383300782,0.0007054345,0.0003,-0.00021827220916748047,20,-2.56431782245636
450.0,200.0,709,1,4,1024,-0.0009742723545059562,0.3,12839.015625,0.0,20563.0775390625,0.00030249776,0.0003,0.003242790699005127,30,-2.563229262828827
651.6666666666666,200.0,711,1,5,1280,-0.0038996445946395397,0.3,10877.6513671875,0.0,19488.70712890625,0.0005778179,0.0003,-0.001173257827758789,40,-2.5624266505241393
644.2857142857143,200.0,716,2,6,1536,-0.0008368214359506965,0.3,17162.7265625,0.0,41581.49609375,0.00017180364,0.0003,0.0002822279930114746,50,-2.55987366437912
621.25,200.0,725,2,7,1792,-0.005187786044552922,0.3,7511.07861328125,0.0,19249.40908203125,0.0010941795,0.0003,0.00010126829147338867,60,-2.559691345691681
578.0,200.0,723,2,8,2048,-0.0027655426412820814,0.3,7792.04345703125,0.0,20225.495190429687,0.000529062,0.0003,0.0008090734481811523,70,-2.5570353388786318
594.5454545454545,200.0,734,3,9,2304,-0.000474875932559371,0.3,22554.853515625,0.0,38437.35830078125,0.00012536137,0.0003,0.0011190176010131836,80,-2.557246685028076
611.6666666666666,200.0,741,3,10,2560,-0.003416507435031235,0.3,7636.4091796875,0.0,19461.63154296875,0.00032343972,0.0003,0.0061157941818237305,90,-2.5581478595733644
602.8571428571429,200.0,746,3,11,2816,-0.0005371065344661474,0.3,9128.6474609375,0.0,19753.208129882812,8.0505386e-05,0.0003,0.013842642307281494,100,-2.5594054222106934
608.6666666666666,200.0,752,4,12,3072,-0.0017614457989111542,0.3,17561.373046875,0.0,26371.180224609376,7.780967e-05,0.0003,0.019717812538146973,110,-2.559604859352112
597.5,200.0,752,4,13,3328,-0.001980483625084162,0.3,11198.8623046875,0.0,20384.368994140626,0.00012965384,0.0003,0.021483302116394043,120,-2.5593515157699587
611.7647058823529,200.0,753,4,14,3584,-0.0010660128900781274,0.3,12591.8076171875,0.0,19179.743041992188,0.00011487468,0.0003,0.005318284034729004,130,-2.558064079284668
634.2105263157895,200.0,758,5,15,3840,-0.0015856491634622216,0.3,9090.3955078125,0.0,17754.105102539062,0.000110054156,0.0003,0.025128424167633057,140,-2.5567319869995115
630.5,200.0,762,5,16,4096,-0.0009150669095106423,0.3,14812.25,0.0,44825.10341796875,7.450697e-05,0.0003,0.049393534660339355,150,-2.556669092178345
648.5714285714286,200.0,764,5,17,4352,-0.0010707054752856493,0.3,11273.0703125,0.0,19277.861206054688,3.763847e-05,0.0003,0.05148923397064209,160,-2.5552221536636353
646.5217391304348,200.0,768,5,18,4608,-0.0011647716164588928,0.3,11594.73046875,0.0,21347.42763671875,0.00010300288,0.0003,0.028804779052734375,170,-2.5549968481063843
649.1666666666666,200.0,772,6,19,4864,-0.004737223358824849,0.3,10176.2119140625,0.0,16566.010662841796,0.0010763286,0.0003,-0.0003921985626220703,180,-2.5517516136169434
674.8,200.0,777,6,20,5120,-0.0006956741213798523,0.3,19456.099609375,0.0,45446.0935546875,0.0001190193,0.0003,0.05315977334976196,190,-2.5470311880111693
666.5384615384615,200.0,780,6,21,5376,-0.0011811941163614391,0.3,8758.3466796875,0.0,14397.948962402344,7.844204e-05,0.0003,0.06264543533325195,200,-2.5452325344085693
665.3571428571429,200.0,780,7,22,5632,-0.0005780974868685007,0.3,9530.3876953125,0.0,19690.476318359375,5.211518e-05,0.0003,0.04869896173477173,210,-2.5466468930244446
664.4827586206897,200.0,782,7,23,5888,-0.0004290289245545864,0.3,13124.517578125,0.0,30410.4291015625,3.648759e-05,0.0003,0.022654175758361816,220,-2.546364450454712
657.3333333333334,200.0,783,7,24,6144,-0.0009523454820737243,0.3,3740.261962890625,0.0,15035.13876953125,5.639065e-05,0.0003,0.03548842668533325,230,-2.545007646083832
639.6875,200.0,784,8,25,6400,-0.000748030561953783,0.3,11780.8173828125,0.0,20582.618603515624,5.8860052e-05,0.0003,-0.018619894981384277,240,-2.544675016403198
632.4242424242424,200.0,786,8,26,6656,-0.0006408032262697816,0.3,3170.548583984375,0.0,14428.608984375,5.8904523e-05,0.0003,0.028696000576019287,250,-2.5425993323326113
638.8235294117648,200.0,788,8,27,6912,-0.0007645511534065009,0.3,9963.1953125,0.0,19446.46650390625,4.573725e-05,0.0003,0.02843034267425537,260,-2.542474067211151
634.0,200.0,787,9,28,7168,-0.0011907476000487804,0.3,17056.12109375,0.0,29240.0994140625,9.032851e-05,0.0003,0.05870896577835083,270,-2.5401727199554442
624.0540540540541,200.0,785,9,29,7424,-0.0007035738730337471,0.3,5741.75341796875,0.0,10119.888153076172,8.985121e-05,0.0003,0.02780282497406006,280,-2.5383418440818786
624.4736842105264,200.0,787,9,30,7680,-0.0011565139051526786,0.3,13603.6396484375,0.0,31569.539990234374,0.00020183274,0.0003,0.027206480503082275,290,-2.5359499216079713
633.5897435897435,200.0,786,10,31,7936,-0.0016394528094679118,0.3,12922.6904296875,0.0,24088.05693359375,0.00013139076,0.0003,0.04904747009277344,300,-2.5313708186149597
626.5,200.0,786,10,32,8192,-0.0010783645324409009,0.3,9116.677734375,0.0,18993.072216796874,0.000102531165,0.0003,0.013360679149627686,310,-2.5284503221511843
627.8571428571429,200.0,787,10,33,8448,-0.002930853795260191,0.3,3497.883056640625,0.0,14889.722985839844,0.00025237305,0.0003,0.01726001501083374,320,-2.5317345380783083
617.6744186046511,200.0,788,11,34,8704,-0.001308165944647044,0.3,3173.444580078125,0.0,15836.89052734375,0.00023332657,0.0003,0.027670979499816895,330,-2.53758065700531
614.0909090909091,200.0,790,11,35,8960,-0.002626012032851577,0.3,6601.123046875,0.0,13562.81865234375,0.0003342426,0.0003,0.06256932020187378,340,-2.53564909696579
615.8695652173913,200.0,791,11,36,9216,-0.0011996533256024122,0.3,6742.53857421875,0.0,17762.46240234375,0.00014797994,0.0003,0.049551963806152344,350,-2.533383142948151
631.4893617021277,200.0,791,11,37,9472,-0.0022272877162322403,0.3,2480.363037109375,0.0,18922.25490722656,0.0005860515,0.0003,0.017519474029541016,360,-2.532433772087097
628.75,200.0,792,12,38,9728,-0.0015228125499561428,0.3,17865.345703125,0.0,35046.59833984375,0.0003134925,0.0003,0.037132084369659424,370,-2.533640170097351
623.469387755102,200.0,790,12,39,9984,-0.0013606591150164605,0.3,5463.220703125,0.0,14360.1501953125,0.00012772717,0.0003,0.011090993881225586,380,-2.532014262676239
617.0588235294117,200.0,791,12,40,10240,-0.00020376505563035607,0.3,3930.19921875,0.0,9764.529656982422,2.7870294e-05,0.0003,0.03664278984069824,390,-2.532298183441162
618.4615384615385,200.0,790,13,41,10496,-0.0009462673449888825,0.3,28494.8515625,0.0,38142.0076171875,3.7224963e-05,0.0003,0.04208773374557495,400,-2.5321900606155396
615.4716981132076,200.0,789,13,42,10752,-0.00035325856879353523,0.3,5701.60107421875,0.0,18541.4150390625,1.1955854e-05,0.0003,0.008615076541900635,410,-2.527986967563629
617.6363636363636,200.0,789,13,43,11008,-0.0007778725354000926,0.3,5461.93017578125,0.0,12227.25147705078,6.403518e-05,0.0003,0.04175257682800293,420,-2.52580908536911
618.0357142857143,200.0,790,14,44,11264,-0.002951041609048843,0.3,2396.794677734375,0.0,15041.998527526855,0.0009888201,0.0003,0.04704570770263672,430,-2.521494424343109
615.6140350877193,200.0,788,14,45,11520,-0.0021585983922705054,0.3,13646.3193359375,0.0,33853.68916015625,0.0003668184,0.0003,0.013676345348358154,440,-2.5125767827033996
614.3103448275862,200.0,790,14,46,11776,-0.001446428196504712,0.3,6849.333984375,0.0,14338.915942382813,0.00017366023,0.0003,0.05054956674575806,450,-2.50867555141449
623.3333333333334,200.0,790,15,47,12032,-0.00017598080448806287,0.3,9855.6357421875,0.0,24330.716015625,5.614315e-05,0.0003,0.08141189813613892,460,-2.5077253580093384
624.5901639344262,200.0,792,15,48,12288,-0.0037500012200325727,0.3,13134.2666015625,0.0,28107.15693359375,0.00083738356,0.0003,0.059372127056121826,470,-2.498032879829407
627.0967741935484,200.0,792,15,49,12544,-0.001901935669593513,0.3,6561.76220703125,0.0,15872.664624023437,0.0002696258,0.0003,0.06439125537872314,480,-2.487968015670776
629.84375,200.0,793,16,50,12800,-0.002068151440471411,0.3,12215.5087890625,0.0,16123.104541015626,0.0004816393,0.0003,0.057933688163757324,490,-2.486571502685547
624.0,200.0,792,16,51,13056,-0.0008426666376180947,0.3,12460.0341796875,0.0,18763.2119140625,0.00022755936,0.0003,0.0411185622215271,500,-2.4866630911827086
628.030303030303,200.0,793,16,52,13312,-0.00025193069595843556,0.3,14633.26953125,0.0,32722.240234375,8.5374806e-05,0.0003,0.05113255977630615,510,-2.481408083438873
629.1044776119403,200.0,793,17,53,13568,-0.0017652222013566643,0.3,9933.841796875,0.0,19399.9609375,0.00019366131,0.0003,0.027427613735198975,520,-2.4849738597869875
635.2173913043479,200.0,792,17,54,13824,-0.0022184395929798484,0.3,12295.6767578125,0.0,19032.620703125,0.00041950285,0.0003,0.021672546863555908,530,-2.467692494392395
633.8571428571429,200.0,794,17,55,14080,-0.0009903070516884328,0.3,14444.7314453125,0.0,32258.95107421875,0.00021522958,0.0003,0.019453346729278564,540,-2.4691470146179197
639.5774647887324,200.0,795,18,56,14336,-0.002286928240209818,0.3,8077.884765625,0.0,17484.24606933594,0.0005251779,0.0003,0.02084791660308838,550,-2.470719373226166
644.3055555555555,200.0,795,18,57,14592,-0.0024945462588220834,0.3,581.427001953125,0.0,1639.1973022460938,0.00053182663,0.0003,0.055180490016937256,560,-2.4674949288368224
629.7297297297297,200.0,795,18,58,14848,-0.0006993627292104065,0.3,19373.380859375,0.0,41467.11611328125,0.000116421375,0.0003,-0.026921868324279785,570,-2.4697315096855164
630.8,200.0,795,18,59,15104,-0.005250450898893177,0.3,682.654541015625,0.0,1525.7370910644531,0.0013044272,0.0003,0.363182008266449,580,-2.458734226226807
638.2894736842105,200.0,795,19,60,15360,-0.0005820714170113206,0.3,12949.96875,0.0,35559.62265625,0.00058436906,0.0003,0.02765411138534546,590,-2.445261263847351
643.7179487179487,200.0,796,19,61,15616,-0.0027330179407726975,0.3,14323.552734375,0.0,19431.883056640625,0.0006449525,0.0003,0.0732961893081665,600,-2.4291354060173034
640.0,200.0,796,19,62,15872,-0.001201431406661868,0.3,17822.779296875,0.0,29353.735546875,0.0002324928,0.0003,0.01826244592666626,610,-2.417379951477051
643.75,200.0,782,20,63,16128,-0.0022845787229016424,0.3,9777.099609375,0.0,17205.3876953125,0.00023997808,0.0003,0.08203303813934326,620,-2.432393968105316
645.3086419753087,200.0,757,21,64,16384,-0.0028426140546798707,0.3,9821.6044921875,0.0,14717.700036621094,0.0004334473,0.0003,0.02708965539932251,630,-2.430580198764801
650.3614457831326,200.0,735,22,65,16640,2.6334542781114578e-05,0.3,3125.60498046875,0.0,15352.124658203125,0.00012586731,0.0003,0.062420547008514404,640,-2.444922697544098
651.4285714285714,200.0,715,23,66,16896,-0.0008420603116974235,0.3,5790.40966796875,0.0,18431.98488769531,9.356649e-05,0.0003,0.042092740535736084,650,-2.4366843342781066
652.2352941176471,200.0,696,24,67,17152,-0.0030794522259384393,0.3,20602.416015625,0.0,39352.3533203125,0.00047720643,0.0003,-0.0074689388275146484,660,-2.438860762119293
649.5402298850574,200.0,680,25,68,17408,0.00017092484049499034,0.3,9184.0078125,0.0,16966.900317382813,0.00010760757,0.0003,0.0651518702507019,670,-2.4477563738822936
650.7954545454545,200.0,664,26,69,17664,-0.0012489971471950413,0.3,7959.6806640625,0.0,15947.786932373047,0.00012399885,0.0003,0.08984476327896118,680,-2.452660286426544
649.6629213483146,200.0,652,27,70,17920,-0.0010913097532466054,0.3,8932.982421875,0.0,21362.944384765626,0.00024738186,0.0003,0.012672185897827148,690,-2.43962277173996
648.0,200.0,653,27,71,18176,-5.049365572631359e-05,0.3,10287.6982421875,0.0,17730.32470703125,0.00018126192,0.0003,-0.009001016616821289,700,-2.4277265310287475
644.2391304347826,200.0,654,28,72,18432,-0.000296083465218544,0.3,8437.1533203125,0.0,14509.521899414063,3.091269e-05,0.0003,0.026497483253479004,710,-2.4264859199523925
643.1182795698925,200.0,655,28,73,18688,-0.0014601259492337704,0.3,8459.853515625,0.0,33557.05986328125,7.3581934e-05,0.0003,0.05425745248794556,720,-2.4277185797691345
644.2553191489362,200.0,656,28,74,18944,-0.0013342000544071197,0.3,9975.55078125,0.0,19283.064208984375,0.00018109637,0.0003,0.0639657974243164,730,-2.4283496737480164
639.8958333333334,200.0,658,29,75,19200,-0.004646919691003859,0.3,11788.9365234375,0.0,20463.068017578124,0.0012237967,0.0003,0.05455833673477173,740,-2.4389587163925173
639.6907216494845,200.0,660,29,76,19456,-0.003025584388524294,0.3,1217.40673828125,0.0,2204.094104003906,0.001850792,0.0003,-0.09580278396606445,750,-2.464036238193512
652.2448979591836,200.0,662,29,77,19712,-0.002195868780836463,0.3,10399.7294921875,0.0,17679.626708984375,0.0005484116,0.0003,0.022869467735290527,760,-2.462734138965607
650.2020202020202,200.0,663,30,78,19968,-9.99633688479662e-05,0.3,18305.072265625,0.0,39915.3630859375,0.00046278583,0.0003,0.0026991963386535645,770,-2.4422977566719055
645.4,200.0,663,30,79,20224,-0.0027315900661051273,0.3,7556.0732421875,0.0,18765.539501953124,0.00056693144,0.0003,0.0717960000038147,780,-2.4347590088844298
648.8,200.0,664,30,80,20480,-0.0015955729410052299,0.3,12268.1923828125,0.0,30154.70224609375,0.0005689,0.0003,0.032663583755493164,790,-2.398582923412323
658.8,200.0,665,31,81,20736,-0.0020052836975082756,0.3,8047.08642578125,0.0,18762.033154296874,0.0007101677,0.0003,0.046530306339263916,800,-2.385351240634918
657.0,200.0,667,31,82,20992,-0.0010943704517558217,0.3,6803.537109375,0.0,10426.4939453125,0.000639539,0.0003,-0.026215314865112305,810,-2.3625053644180296
649.8,200.0,668,31,83,21248,-0.0019959081429988144,0.3,7257.21728515625,0.0,14977.75830078125,0.000608979,0.0003,0.022505342960357666,820,-2.364760935306549
647.3,200.0,669,32,84,21504,-0.0008038918953388929,0.3,19828.330078125,0.0,33641.00283203125,7.6547265e-05,0.0003,0.057479798793792725,830,-2.3176452279090882
650.2,200.0,671,32,85,21760,-0.0004624077584594488,0.3,7649.7880859375,0.0,17192.122119140626,4.4010812e-05,0.0003,0.004203855991363525,840,-2.312069058418274
653.3,200.0,672,32,86,22016,-0.00571716723497957,0.3,1119.2989501953125,0.0,2315.3430419921874,0.002375708,0.0003,0.11897224187850952,850,-2.3372871041297913
658.1,200.0,674,33,87,22272,-0.0008336911909282207,0.3,15352.6044921875,0.0,26377.41376953125,0.0012109468,0.0003,0.05221736431121826,860,-2.3841416478157043
655.1,200.0,674,33,88,22528,-0.0012056669918820262,0.3,13160.740234375,0.0,36539.22626953125,0.00051579624,0.0003,0.06515264511108398,870,-2.336168873310089
655.0,200.0,675,33,89,22784,-0.0017249318771064281,0.3,8348.4794921875,0.0,14315.0205078125,0.00046924595,0.0003,0.05367231369018555,880,-2.309882140159607
663.2,200.0,676,34,90,23040,-0.004366311058402061,0.3,9845.0771484375,0.0,22171.25478515625,0.00215572,0.0003,0.04560089111328125,890,-2.278809833526611
668.9,200.0,677,34,91,23296,-0.008516993885859848,0.3,13275.2900390625,0.0,37623.23857421875,0.0053040013,0.0003,0.039900243282318115,900,-2.179317593574524
666.7,200.0,678,34,92,23552,-0.009327952493913471,0.3,5778.4755859375,0.00703125,13841.879565429688,0.0054878565,0.0003,0.06016731262207031,910,-2.0791928291320803
661.4,200.0,679,35,93,23808,-0.004514145664870739,0.3,10870.1923828125,0.000390625,14469.26173095703,0.004585846,0.0003,0.010857701301574707,920,-2.152906370162964
663.5,200.0,681,35,94,24064,-0.009667689353227616,0.3,6131.49169921875,0.012109375,15831.160180664063,0.009829663,0.0003,0.09536629915237427,930,-2.2159278750419618
658.9,200.0,683,35,95,24320,-0.0022501206025481225,0.3,15287.9228515625,0.0,32170.284765625,0.001350824,0.0003,0.011523663997650146,940,-2.2416552782058714
658.4,200.0,684,35,96,24576,-0.00261109690181911,0.3,5359.1162109375,0.0,15184.012841796875,0.00081822765,0.0003,0.0705614686012268,950,-2.2673864722251893
661.0,200.0,686,36,97,24832,-0.0024525188840925694,0.3,9581.232421875,0.0,18188.66650390625,0.00048149354,0.0003,0.11343765258789062,960,-2.274378037452698
653.6,200.0,687,36,98,25088,-0.0026731082703918218,0.3,16668.091796875,0.0,30348.72978515625,0.0007055998,0.0003,0.07104641199111938,970,-2.266553246974945
663.5,200.0,689,36,99,25344,-0.007291567511856556,0.3,13442.802734375,0.0,25444.36748046875,0.0020635768,0.0003,0.11118543148040771,980,-2.287079405784607
660.5,200.0,690,37,100,25600,-0.0005811122013255954,0.3,10179.447265625,0.0,17768.12958984375,0.00093011,0.0003,0.03383427858352661,990,-2.319603681564331
659.5,200.0,692,37,101,25856,0.00012143456842750311,0.3,5359.50146484375,0.0,18546.005078125,0.00017597969,0.0003,0.08954018354415894,1000,-2.3377987265586855
660.5,200.0,693,37,102,26112,-0.00011898532975465059,0.3,17753.451171875,0.0,31797.53701171875,3.952626e-05,0.0003,0.05663144588470459,1010,-2.332778882980347
664.1,200.0,695,37,103,26368,-0.000647453183773905,0.3,13092.6875,0.0,19519.504052734374,3.8314844e-05,0.0003,0.05224919319152832,1020,-2.339614009857178
676.6,200.0,696,38,104,26624,-0.00370783603284508,0.3,7998.72119140625,0.0,13789.909814453125,0.00096700294,0.0003,0.11173778772354126,1030,-2.3428661108016966
675.6,200.0,697,38,105,26880,0.001552242785692215,0.3,20487.197265625,0.0,33993.01240234375,0.0005118337,0.0003,-0.042760372161865234,1040,-2.3197880506515505
679.3,200.0,699,38,106,27136,-0.0021365233696997166,0.3,9317.927734375,0.0,19596.980908203124,0.0002945508,0.0003,0.0899764895439148,1050,-2.32184978723526
683.5,200.0,700,39,107,27392,-0.0011860264115966857,0.3,8901.5263671875,0.0,17639.66940917969,0.00026274752,0.0003,0.06702369451522827,1060,-2.2990963101387023
686.8,200.0,701,39,108,27648,-0.0005232219817116856,0.3,7698.37744140625,0.0,14999.789697265625,0.00012647104,0.0003,0.07726860046386719,1070,-2.30461323261261
684.9,200.0,703,39,109,27904,-0.0005139363463968038,0.3,16875.00390625,0.0,27372.458129882812,7.822295e-05,0.0003,0.029034197330474854,1080,-2.329154598712921
691.3,200.0,704,39,110,28160,-0.005063862749375403,0.3,2174.566650390625,0.0,14753.808325195312,0.0014919352,0.0003,0.006245970726013184,1090,-2.3039622068405152
697.3,200.0,705,40,111,28416,-0.002335543977096677,0.3,9721.1220703125,0.0,10606.109417724609,0.0013310811,0.0003,0.027708351612091064,1100,-2.3679530143737795
699.4,200.0,707,40,112,28672,-6.479662843048573e-05,0.3,21479.81640625,0.0,46323.481640625,0.000236867,0.0003,0.03845834732055664,1110,-2.388619101047516
700.8,200.0,708,40,113,28928,-0.0008332558907568454,0.3,3781.239013671875,0.0,18555.986572265625,0.00011294731,0.0003,0.06048017740249634,1120,-2.3519443392753603
699.3,200.0,709,41,114,29184,-0.00373387192375958,0.3,8598.431640625,0.0,16163.366821289062,0.0009195814,0.0003,0.08551895618438721,1130,-2.364923059940338
696.3,200.0,710,41,115,29440,4.5713665895164016e-05,0.3,9941.7021484375,0.0,14826.014697265626,0.00048047467,0.0003,0.013659477233886719,1140,-2.3771047830581664
697.3,200.0,712,41,116,29696,-0.002470081951469183,0.3,15166.8876953125,0.0,30091.0443359375,0.0004478246,0.0003,0.11755120754241943,1150,-2.391269874572754
703.1,200.0,713,41,117,29952,0.000725903338752687,0.3,17051.564453125,0.0,27648.95966796875,0.000355687,0.0003,-0.12260055541992188,1160,-2.408800482749939
706.2,200.0,714,42,118,30208,-0.005250733043067157,0.3,9459.384765625,0.0,18917.12253417969,0.0012698106,0.0003,0.03862762451171875,1170,-2.41190505027771
706.6,200.0,715,42,119,30464,-0.0014896814245730639,0.3,10776.2490234375,0.0,17310.126708984375,0.00034024264,0.0003,0.012864887714385986,1180,-2.405007004737854
710.4,200.0,716,42,120,30720,-0.0020983431488275526,0.3,22088.654296875,0.0,40380.43759765625,0.00040072156,0.0003,0.016093194484710693,1190,-2.4254122734069825
707.9,200.0,717,43,121,30976,-0.0027337849605828524,0.3,12409.830078125,0.0,19057.010595703126,0.00070092827,0.0003,-0.08374345302581787,1200,-2.417403984069824
716.2,200.0,718,43,122,31232,-0.004682202183175832,0.3,4780.1064453125,0.0,14457.415002441407,0.0016881521,0.0003,0.04823964834213257,1210,-2.397008717060089
716.2,200.0,719,43,123,31488,0.0020637922687456014,0.3,18094.8203125,0.0,40178.15390625,0.0009825022,0.0003,-0.04143238067626953,1220,-2.404771637916565
716.1,200.0,720,44,124,31744,-0.0007405765121802687,0.3,8463.189453125,0.0,14134.689135742188,4.8795016e-05,0.0003,0.054798781871795654,1230,-2.401622462272644
707.7,200.0,721,44,125,32000,-0.002168807480484247,0.3,3560.970703125,0.0,13360.772314453125,0.0003475889,0.0003,0.10784971714019775,1240,-2.4138227105140686
706.6,200.0,722,44,126,32256,-0.0010238917835522442,0.3,8716.7294921875,0.0,14265.757415771484,0.00031659636,0.0003,0.029127418994903564,1250,-2.387157440185547
704.1,200.0,723,44,127,32512,-0.0015805070986971259,0.3,16860.3984375,0.0,33886.5447265625,0.00015231734,0.0003,0.06083303689956665,1260,-2.3854854702949524
703.7,200.0,724,45,128,32768,-0.0007688187528401613,0.3,9073.9072265625,0.0,17365.396704101564,0.00028421753,0.0003,0.08145064115524292,1270,-2.3851951479911806
710.6,200.0,725,45,129,33024,-0.005332779372110963,0.3,7854.38427734375,0.0,15196.130493164062,0.0017301356,0.0003,0.06220698356628418,1280,-2.38411523103714
706.7,200.0,726,45,130,33280,-0.0023048384580761196,0.3,12790.912109375,0.0,32907.94072265625,0.0010110473,0.0003,0.05466258525848389,1290,-2.3761617302894593
705.6,200.0,727,46,131,33536,-0.0008227004669606686,0.3,8890.443359375,0.0,18332.599060058594,9.418302e-05,0.0003,0.02022629976272583,1300,-2.359655523300171
705.8,200.0,727,46,132,33792,-0.0005969774443656206,0.3,10567.923828125,0.0,18131.1611328125,5.243672e-05,0.0003,0.09332937002182007,1310,-2.3645183444023132
705.9,200.0,728,46,133,34048,-0.0023263969458639623,0.3,9221.4013671875,0.0,19107.37810058594,0.00034324545,0.0003,0.05992114543914795,1320,-2.3628284215927122
704.4,200.0,729,46,134,34304,-0.0008378240279853344,0.3,19208.83203125,0.0,30360.3458984375,0.00016837311,0.0003,0.09244745969772339,1330,-2.3842876315116883
702.6,200.0,731,47,135,34560,-6.560822948813439e-05,0.3,7392.91162109375,0.0,19214.384619140626,2.7108705e-05,0.0003,0.10626006126403809,1340,-2.385373115539551
710.3,200.0,731,47,136,34816,-0.0022298525203950704,0.3,5845.9033203125,0.0,10042.664556884765,0.00026396988,0.0003,0.04279965162277222,1350,-2.3796517133712767
718.6,200.0,732,47,137,35072,-0.0010326583636924625,0.3,21491.203125,0.0,32434.169189453125,0.00027699769,0.0003,0.11293166875839233,1360,-2.37610125541687
714.5,200.0,733,48,138,35328,-0.007681041746400297,0.3,8002.80126953125,0.0,16676.5001953125,0.002079465,0.0003,0.04827570915222168,1370,-2.4045766949653626
724.1,200.0,734,48,139,35584,-0.003749568574130535,0.3,22825.73828125,0.0,31258.71826171875,0.0012998327,0.0003,0.05202841758728027,1380,-2.3927549958229064
736.2,200.0,735,48,140,35840,-0.012089553475379943,0.3,8746.947265625,0.021484375,20493.9701171875,0.01248693,0.0003,-0.019581198692321777,1390,-2.361187720298767
732.8,200.0,736,49,141,36096,-0.0019483844167552888,0.3,26753.650390625,0.0,39509.27138671875,0.0015237033,0.0003,-0.012236714363098145,1400,-2.3008421540260313
729.7,200.0,737,49,142,36352,-0.0021165916929021477,0.3,16728.150390625,0.0,18546.086657714844,0.00048519415,0.0003,0.036388516426086426,1410,-2.2799119353294373
724.8,200.0,738,49,143,36608,-0.0032219567568972708,0.3,9500.5048828125,0.0,19268.599365234375,0.0011942675,0.0003,0.05138444900512695,1420,-2.2892975091934202
721.9,200.0,738,49,144,36864,-0.0029697193996980785,0.3,7995.58642578125,0.0,21167.170166015625,0.0006434866,0.0003,-0.04833328723907471,1430,-2.333340620994568
720.2,200.0,739,50,145,37120,-0.0008047608658671379,0.3,17689.177734375,0.0,37456.39853515625,0.00015886407,0.0003,0.06160968542098999,1440,-2.339052653312683
721.3,200.0,740,50,146,37376,-0.01047034419607371,0.3,3614.25537109375,0.0015625,18274.846752929687,0.0067062965,0.0003,0.021510303020477295,1450,-2.3552799344062807
724.6,200.0,741,50,147,37632,-0.0068880653940141204,0.3,9860.818359375,0.0,22693.514111328124,0.005531729,0.0003,0.012878894805908203,1460,-2.3849177241325377
725.2,200.0,741,51,148,37888,-0.001596288988366723,0.3,23360.630859375,0.0,33315.9912109375,0.0013148095,0.0003,0.07039898633956909,1470,-2.349121856689453
725.2,200.0,742,51,149,38144,-0.0005002802005037666,0.3,7169.7568359375,0.0,16491.36965332031,6.5149274e-05,0.0003,0.06533008813858032,1480,-2.3493116021156313
738.1,200.0,743,51,150,38400,-0.0009711366845294833,0.3,8632.36328125,0.0,18557.4607421875,0.00013120798,0.0003,0.05278468132019043,1490,-2.3566493511199953
736.7,200.0,744,51,151,38656,-0.006200423464179039,0.3,12916.763671875,0.0,16591.951806640624,0.0031141227,0.0003,0.01693969964981079,1500,-2.3679365873336793
744.1,200.0,744,52,152,38912,0.003263008035719395,0.3,18341.736328125,0.0,42301.35297851563,0.0013535109,0.0003,0.05792039632797241,1510,-2.36096932888031
741.7,200.0,745,52,153,39168,-0.002369498694315553,0.3,15284.994140625,0.0,21169.880615234375,0.0006584441,0.0003,-0.04874897003173828,1520,-2.3669093370437624
745.6,200.0,746,52,154,39424,-0.002796454878989607,0.3,3882.1396484375,0.0,9446.221997070312,0.0013483874,0.0003,0.06656146049499512,1530,-2.379536986351013
731.9,200.0,746,53,155,39680,-0.002754094172269106,0.3,9795.9794921875,0.0,13691.225903320312,0.0020723618,0.0003,0.07512986660003662,1540,-2.3363790273666383
734.9,200.0,747,53,156,39936,-0.002660627570003271,0.3,10388.5068359375,0.0,18525.012426757814,0.0005340602,0.0003,0.02880406379699707,1550,-2.3246230721473693
734.6,200.0,748,53,157,40192,-0.0008465590421110391,0.3,6555.2197265625,0.0,36180.23032226563,0.00042615854,0.0003,0.04353964328765869,1560,-2.343947958946228
733.6,200.0,748,54,158,40448,-0.0006422924343496561,0.3,4411.33056640625,0.0,11415.256829833985,0.000119630946,0.0003,0.04156285524368286,1570,-2.331981158256531
732.0,200.0,749,54,159,40704,-0.0009320683777332306,0.3,8804.263671875,0.0,26361.868359375,0.00015190081,0.0003,0.02152913808822632,1580,-2.3307623624801637
730.3,200.0,750,54,160,40960,-0.0023527565062977374,0.3,5443.1552734375,0.0,19849.395068359376,0.00023371936,0.0003,-0.07641828060150146,1590,-2.301724541187286
727.8,200.0,750,54,161,41216,-0.0003582655917853117,0.3,8870.3115234375,0.0,16244.299853515626,2.3328932e-05,0.0003,0.045649588108062744,1600,-2.299313855171204
730.3,200.0,751,55,162,41472,-0.0004485117737203836,0.3,8109.92138671875,0.0,18292.024575805663,8.2621584e-05,0.0003,0.09876126050949097,1610,-2.3070252776145934
728.8,200.0,752,55,163,41728,-0.0038355095544829964,0.3,3379.146484375,0.0,12204.578308105469,0.0024599617,0.0003,0.10551601648330688,1620,-2.2929385781288145
741.2,200.0,753,55,164,41984,-0.0006419025827199221,0.3,12950.888671875,0.0,25860.650390625,0.0009490019,0.0003,-0.010069966316223145,1630,-2.2462435007095336
741.1,200.0,753,56,165,42240,-0.0014043708913959562,0.3,8756.46875,0.0,11684.518530273437,0.0005370185,0.0003,0.031286418437957764,1640,-2.2262778759002684
744.1,200.0,754,56,166,42496,-0.0017054257448762655,0.3,21036.595703125,0.0,39796.6671875,0.00030737137,0.0003,0.04665863513946533,1650,-2.218464994430542
745.4,200.0,754,56,167,42752,-0.0008041973109357059,0.3,8963.357421875,0.0,19553.69443359375,0.00029405532,0.0003,0.06977659463882446,1660,-2.2155221104621887
749.1,200.0,755,56,168,43008,-0.00237642313586548,0.3,20639.8046875,0.0,28153.98984375,0.00044005085,0.0003,0.125210702419281,1670,-2.2456310033798217
745.1,200.0,755,57,169,43264,-0.0006317894905805588,0.3,10979.814453125,0.0,20896.208154296874,0.00030855765,0.0003,0.0204317569732666,1680,-2.2378929257392883
747.8,200.0,756,57,170,43520,-5.319057963788509e-05,0.3,17449.2265625,0.0,31585.355078125,0.000103176106,0.0003,0.054074764251708984,1690,-2.233899104595184
748.3,200.0,756,57,171,43776,-0.01571660381741822,0.3,5371.2861328125,0.050390625,14981.820434570312,0.025120862,0.0003,0.001431882381439209,1700,-2.3153591632843016
747.3,200.0,757,58,172,44032,-0.012570885382592678,0.3,10123.0439453125,0.008203125,16609.25617675781,0.009560596,0.0003,0.013714015483856201,1710,-2.3773367524147035
747.3,200.0,757,58,173,44288,-0.0011889771325513721,0.3,17093.623046875,0.0,35829.91708984375,0.001575381,0.0003,0.030216634273529053,1720,-2.398712468147278
746.8,200.0,758,58,174,44544,-0.000837053544819355,0.3,5918.07080078125,0.0,16364.976672363282,0.00012928317,0.0003,0.03476119041442871,1730,-2.3753625392913817
755.7,200.0,758,59,175,44800,-0.00303264717804268,0.3,9195.775390625,0.0,16383.63240966797,0.00067536,0.0003,0.11545783281326294,1740,-2.3757977962493895
757.8,200.0,759,59,176,45056,-0.004127003531903028,0.3,16825.181640625,0.0,20394.812915039063,0.001995703,0.0003,0.015853166580200195,1750,-2.4067185282707215
749.5,200.0,759,59,177,45312,-0.003391499479766935,0.3,9242.943359375,0.0,16962.277587890625,0.000625985,0.0003,0.05719411373138428,1760,-2.3487489581108094
756.3,200.0,759,59,178,45568,-0.0044056377839297054,0.3,22888.408203125,0.0,36498.62763671875,0.0013214354,0.0003,-0.008481502532958984,1770,-2.3648659348487855
759.0,200.0,760,60,179,45824,-0.002205012273043394,0.3,4309.09326171875,0.0,15934.100610351563,0.00029375777,0.0003,0.021556198596954346,1780,-2.369799041748047
759.5,200.0,760,60,180,46080,-7.102773524820804e-05,0.3,9357.0673828125,0.0,37085.845703125,6.79486e-05,0.0003,0.02467721700668335,1790,-2.3710068464279175
770.1,200.0,761,60,181,46336,-0.004352092696353793,0.3,14885.9609375,0.0,26632.1685546875,0.001299049,0.0003,0.04294329881668091,1800,-2.3691338300704956
767.6,200.0,761,61,182,46592,-0.0009965012548491358,0.3,7555.3828125,0.0,19365.995166015626,0.00041640992,0.0003,0.0555688738822937,1810,-2.335975444316864
772.0,200.0,761,61,183,46848,-0.00036832336336374284,0.3,10846.1376953125,0.0,18148.03483886719,9.674183e-05,0.0003,0.014375627040863037,1820,-2.3284173965454102
768.2,200.0,762,61,184,47104,-0.0017719477647915483,0.3,12327.6650390625,0.0,34387.94658203125,0.00019399822,0.0003,0.04148399829864502,1830,-2.3539491653442384
766.3,200.0,762,62,185,47360,-0.0009055511560291052,0.3,8423.7548828125,0.0,14237.565979003906,0.00014578551,0.0003,0.06899333000183105,1840,-2.3438613414764404
761.1,200.0,762,62,186,47616,-0.0016807500389404595,0.3,6632.62939453125,0.0,13499.697814941406,0.0003144485,0.0003,0.11926168203353882,1850,-2.328209698200226
760.2,200.0,762,62,187,47872,-0.00014855898916721344,0.3,19549.826171875,0.0,34124.78583984375,8.532638e-05,0.0003,-0.039553046226501465,1860,-2.37605801820755
758.3,200.0,762,63,188,48128,-0.0013053912669420242,0.3,4209.98486328125,0.0,17605.447802734376,0.000100508565,0.0003,0.13997149467468262,1870,-2.3448134779930117
762.7,200.0,762,63,189,48384,-0.0011988890822976828,0.3,8015.14013671875,0.0,22256.884716796874,0.00023204717,0.0003,0.0818670392036438,1880,-2.3485477805137633
770.0,200.0,762,63,190,48640,-0.0005682199844159186,0.3,19015.7890625,0.0,27771.87763671875,6.462168e-05,0.0003,0.12956804037094116,1890,-2.393904173374176
769.0,200.0,763,64,191,48896,-0.0001049738610163331,0.3,11100.095703125,0.0,26157.178125,4.221918e-05,0.0003,0.06553715467453003,1900,-2.366731894016266
771.4,200.0,763,64,192,49152,-0.0018345608958043158,0.3,16242.884765625,0.0,24712.258251953124,0.00030262023,0.0003,0.09455043077468872,1910,-2.365643560886383
770.2,200.0,763,64,193,49408,-0.001379847270436585,0.3,3793.88671875,0.0,9260.478869628907,0.00033139647,0.0003,0.09616899490356445,1920,-2.387471914291382
770.2,200.0,764,64,194,49664,-0.0010381944943219424,0.3,14614.00390625,0.0,30233.71494140625,0.00020263088,0.0003,0.07458102703094482,1930,-2.3541370153427126
777.5,200.0,764,65,195,49920,-0.0018041409843135626,0.3,15413.7578125,0.0,21648.26572265625,0.0002822145,0.0003,0.12874263525009155,1940,-2.300761616230011
780.3,200.0,764,65,196,50176,-0.0013187403324991464,0.3,8583.3671875,0.0,21758.013525390626,0.00021696999,0.0003,-0.03145790100097656,1950,-2.3187207698822023
779.4,200.0,765,65,197,50432,-0.0002903547137975693,0.3,10050.7275390625,0.0,16378.848168945313,4.43717e-05,0.0003,0.11718249320983887,1960,-2.282620739936829
789.2,200.0,765,66,198,50688,-0.0031450799433514476,0.3,18700.70703125,0.0,40871.92646484375,0.0009850331,0.0003,0.126440167427063,1970,-2.3317909479141234
790.4,200.0,765,66,199,50944,-0.000611715781269595,0.3,11178.54296875,0.0,15495.148461914063,0.0003602933,0.0003,0.14667195081710815,1980,-2.3517230629920958
788.2,200.0,766,66,200,51200,-0.0011740281712263822,0.3,10462.1875,0.0,24012.904150390626,0.00047875126,0.0003,0.1953972578048706,1990,-2.34415340423584
792.9,200.0,766,67,201,51456,-0.0003382303286343813,0.3,8710.9990234375,0.0,18034.5712890625,6.977143e-05,0.0003,0.07404845952987671,2000,-2.3540411233901977
792.4,200.0,767,67,202,51712,-0.00045827734284102916,0.3,19178.177734375,0.0,40366.5328125,1.67517e-05,0.0003,0.025674164295196533,2010,-2.348908841609955
793.3,200.0,767,67,203,51968,-0.0003145439084619284,0.3,13404.1845703125,0.0,15469.351989746094,4.836358e-05,0.0003,0.05548357963562012,2020,-2.342703914642334
794.5,200.0,768,67,204,52224,-0.0005784642649814487,0.3,6781.77001953125,0.0,13920.444616699218,4.873518e-05,0.0003,0.08672857284545898,2030,-2.3491910099983215
796.9,200.0,768,68,205,52480,-0.0009695058688521385,0.3,14048.1416015625,0.0,24322.76513671875,0.0002491949,0.0003,0.13249307870864868,2040,-2.3407321691513063
799.5,200.0,768,68,206,52736,-0.0007985233562067152,0.3,6043.3134765625,0.0,19751.963671875,0.00019927812,0.0003,0.08971148729324341,2050,-2.371775436401367
793.4,200.0,768,68,207,52992,-0.0017537249252200127,0.3,2217.49951171875,0.0,13571.26044921875,0.00023725838,0.0003,0.13188081979751587,2060,-2.349428987503052
797.4,200.0,768,69,208,53248,-0.0042593908496201035,0.3,11002.08984375,0.0,14822.819311523437,0.001291346,0.0003,0.15483373403549194,2070,-2.3309325337409974
797.1,200.0,769,69,209,53504,-0.006199457077309489,0.3,16753.87109375,0.0,22854.9912109375,0.003578612,0.0003,0.14538204669952393,2080,-2.3210598111152647
797.4,200.0,769,69,210,53760,-0.00043945193756371735,0.3,8314.275390625,0.0,17069.513818359374,0.0011292177,0.0003,0.16025376319885254,2090,-2.2556417346000672
800.7,200.0,769,70,211,54016,-0.0026026567909866573,0.3,4546.37060546875,0.0,13505.953088378907,0.000990031,0.0003,0.021303653717041016,2100,-2.2978875041007996
798.1,200.0,769,70,212,54272,0.0007403490599244833,0.3,12623.5146484375,0.0,31382.34638671875,0.0007359737,0.0003,-0.000733494758605957,2110,-2.2660258293151854
795.6,200.0,770,70,213,54528,-0.0007779026578646153,0.3,5985.12353515625,0.0,13849.63962097168,0.00010007643,0.0003,0.10760629177093506,2120,-2.262043023109436
795.3,200.0,770,71,214,54784,-0.0018608256243169308,0.3,2956.673095703125,0.0,14361.10740966797,0.0006146289,0.0003,0.14387893676757812,2130,-2.226163125038147
803.0,200.0,770,71,215,55040,-0.0015450424514710903,0.3,13499.7216796875,0.0,29737.08720703125,0.0008141254,0.0003,0.1320846676826477,2140,-2.234871208667755
800.6,200.0,770,71,216,55296,-0.0008763551712036132,0.3,11964.2724609375,0.0,25775.406127929688,0.00010870723,0.0003,0.07591676712036133,2150,-2.183837616443634
800.0,200.0,771,72,217,55552,-0.0004756260779686272,0.3,4453.73046875,0.0,28654.87724609375,4.0946994e-05,0.0003,0.18646717071533203,2160,-2.2016010761260985
789.0,200.0,771,72,218,55808,-0.0022840217337943614,0.3,7813.0712890625,0.0,21178.987451171874,0.00036294758,0.0003,-0.012396574020385742,2170,-2.2307136058807373
788.3,200.0,771,72,219,56064,-0.0006197411101311445,0.3,8887.70703125,0.0,14866.978759765625,0.0001233092,0.0003,0.04327875375747681,2180,-2.1542870163917542
789.1,200.0,771,72,220,56320,-0.0007491219555959105,0.3,15623.767578125,0.0,35591.6166015625,0.00011901674,0.0003,0.06321567296981812,2190,-2.16732941865921
792.6,200.0,772,73,221,56576,-0.004628165531903506,0.3,5156.82763671875,0.0,18114.764892578125,0.0012868003,0.0003,0.10115081071853638,2200,-2.220746612548828
793.8,200.0,772,73,222,56832,-0.0025248157675378025,0.3,5090.0791015625,0.0,8847.804156494141,0.0016787129,0.0003,0.14586693048477173,2210,-2.2602527737617493
794.3,200.0,772,73,223,57088,-0.0009355575079098344,0.3,17402.486328125,0.0,37429.66953125,0.00047102245,0.0003,-0.043074965476989746,2220,-2.2841514110565186
795.1,200.0,773,74,224,57344,-0.00773637043312192,0.3,7306.033203125,0.0,13844.69676513672,0.0035709431,0.0003,0.133894681930542,2230,-2.3025267481803895
790.3,200.0,773,74,225,57600,0.004173829406499863,0.3,13450.4833984375,0.0,18735.38576660156,0.0020864713,0.0003,0.040588557720184326,2240,-2.3209406971931457
789.2,200.0,773,74,226,57856,-0.0013462192844599485,0.3,8966.6689453125,0.0,17401.54539794922,0.00018789084,0.0003,0.029270529747009277,2250,-2.310132110118866
792.8,200.0,773,75,227,58112,-0.0009410282131284475,0.3,15783.2919921875,0.0,32458.580078125,8.472474e-05,0.0003,0.10112255811691284,2260,-2.30278559923172
795.6,200.0,774,75,228,58368,-0.002410405408591032,0.3,13747.7744140625,0.0,18343.70261230469,0.00024133478,0.0003,0.06347858905792236,2270,-2.3392622828483582
787.2,200.0,774,75,229,58624,-0.0005867904954357072,0.3,10548.8173828125,0.0,18563.38056640625,0.00012329035,0.0003,0.12603014707565308,2280,-2.303924250602722
776.8,200.0,774,75,230,58880,-0.0008963730186223983,0.3,4727.39697265625,0.0,12907.165063476563,0.00011588074,0.0003,0.037753939628601074,2290,-2.2766211867332458
776.3,200.0,774,76,231,59136,-0.00033732205629348754,0.3,14145.099609375,0.0,33630.79248046875,2.950104e-05,0.0003,0.14226973056793213,2300,-2.2748987555503843
776.7,200.0,775,76,232,59392,-0.00024678134359419347,0.3,10450.4755859375,0.0,18677.156396484374,5.9451675e-05,0.0003,0.10706287622451782,2310,-2.2783225178718567
777.4,200.0,775,76,233,59648,-0.0011755159590393304,0.3,10850.1865234375,0.0,17449.845556640626,0.00019990676,0.0003,0.1578119397163391,2320,-2.293520426750183
786.4,200.0,775,77,234,59904,-0.00013881709892302752,0.3,15639.583984375,0.0,36135.49516601562,7.6775905e-05,0.0003,0.18908095359802246,2330,-2.3019683241844175
787.1,200.0,775,77,235,60160,-0.002537094219587743,0.3,12811.68359375,0.0,19953.31740722656,0.00045431405,0.0003,0.08563756942749023,2340,-2.3284270048141478
787.5,200.0,776,77,236,60416,-0.0010907349176704883,0.3,8902.6806640625,0.0,16582.155920410158,0.00032146485,0.0003,0.09819036722183228,2350,-2.335547912120819
791.3,200.0,776,78,237,60672,-1.3630441389977933e-05,0.3,10179.8408203125,0.0,15308.42236328125,3.715139e-05,0.0003,0.06935834884643555,2360,-2.346136486530304
791.3,200.0,776,78,238,60928,-0.000686137075535953,0.3,21196.79296875,0.0,36022.82568359375,9.344402e-05,0.0003,0.07232791185379028,2370,-2.3863076090812685
793.7,200.0,776,78,239,61184,-0.0004030231502838433,0.3,12711.546875,0.0,16929.288452148438,0.0001637463,0.0003,0.14003968238830566,2380,-2.3353013157844544
794.1,200.0,777,79,240,61440,-0.0010937096900306641,0.3,6001.474609375,0.0,11112.03614501953,0.00020663394,0.0003,0.0868767499923706,2390,-2.3299659490585327
795.7,200.0,777,79,241,61696,-0.0009182334877550602,0.3,16753.640625,0.0,31513.94609375,0.00013169041,0.0003,0.10253387689590454,2400,-2.329270327091217
797.0,200.0,777,79,242,61952,-0.0005078218411654234,0.3,12264.1533203125,0.0,28074.43671875,3.6697835e-05,0.0003,0.07712793350219727,2410,-2.3059613943099975
784.8,200.0,777,79,243,62208,-0.0018825948005542158,0.3,9501.5458984375,0.0,14331.682861328125,0.00024959887,0.0003,0.14399021863937378,2420,-2.3217077970504763
782.8,200.0,778,80,244,62464,-0.0019519731868058443,0.3,11563.9560546875,0.0,19024.45693359375,0.0005874443,0.0003,0.09823346138000488,2430,-2.2988861083984373
783.1,200.0,778,80,245,62720,-0.005338950199075043,0.3,20726.23046875,0.0,31449.6009765625,0.0022059586,0.0003,0.040933310985565186,2440,-2.2913615107536316
770.6,200.0,778,80,246,62976,-0.0014139616396278143,0.3,3530.746826171875,0.0,14896.119030761718,0.00039853272,0.0003,0.13335257768630981,2450,-2.3055268049240114
772.5,200.0,779,81,247,63232,-0.003498288290575147,0.3,7320.3779296875,0.0,14405.868432617188,0.001072184,0.0003,0.022839903831481934,2460,-2.3896567821502686
768.5,200.0,779,81,248,63488,-0.00140827102586627,0.3,5677.994140625,0.0,28869.829150390626,0.0012618138,0.0003,0.09159153699874878,2470,-2.315749979019165
774.7,200.0,779,81,249,63744,-0.00046523604542016985,0.3,9876.2646484375,0.0,18918.099853515625,0.00012533879,0.0003,0.1337733268737793,2480,-2.363621735572815
773.1,200.0,780,82,250,64000,-0.00029396319296211005,0.3,11868.724609375,0.0,18720.304052734376,4.041614e-05,0.0003,0.03468281030654907,2490,-2.349857223033905
773.2,200.0,780,82,251,64256,-0.0021267188247293236,0.3,5825.05126953125,0.0,15608.689575195312,0.00045364443,0.0003,0.131250262260437,2500,-2.3496035814285277
780.4,200.0,780,82,252,64512,-0.00045179734006524087,0.3,22926.107421875,0.0,37732.96806640625,0.00020968262,0.0003,0.16741013526916504,2510,-2.330951762199402
771.6,200.0,780,82,253,64768,-0.002573822997510433,0.3,10374.6845703125,0.0,18044.509716796874,0.0003266898,0.0003,0.008600413799285889,2520,-2.333681285381317
770.8,200.0,780,83,254,65024,-1.099973451346159e-05,0.3,5669.16357421875,0.0,19054.50673828125,9.137858e-05,0.0003,0.025314390659332275,2530,-2.325057363510132
771.5,200.0,780,83,255,65280,-0.00012345821596682072,0.3,21704.904296875,0.0,35879.6515625,1.6253907e-05,0.0003,0.10646533966064453,2540,-2.3558067679405212
764.9,200.0,781,83,256,65536,-0.0009252834366634488,0.3,9279.5341796875,0.0,12986.033947753906,9.53835e-05,0.0003,0.1584542989730835,2550,-2.342969000339508
766.0,200.0,781,84,257,65792,-0.00121518507367,0.3,3026.484619140625,0.0,11042.532861328125,0.00023481087,0.0003,0.07848286628723145,2560,-2.344288694858551
766.7,200.0,781,84,258,66048,-0.0004559126915410161,0.3,8761.556640625,0.0,17533.282592773438,3.1245174e-05,0.0003,0.04175400733947754,2570,-2.358858382701874
754.8,200.0,781,84,259,66304,-0.003050420468207449,0.3,5528.1240234375,0.0,9812.726483154296,0.00046845642,0.0003,0.10188031196594238,2580,-2.3370064377784727
757.0,200.0,781,85,260,66560,-0.0010159342782571912,0.3,20251.1171875,0.0,40195.3193359375,0.000198527,0.0003,0.0008465051651000977,2590,-2.34448447227478
755.7,200.0,781,85,261,66816,-0.0010278057307004929,0.3,13472.8251953125,0.0,18034.5087890625,0.00010851538,0.0003,-0.008141875267028809,2600,-2.3547038316726683
759.8,200.0,781,85,262,67072,-0.0008388704853132367,0.3,10398.720703125,0.0,15446.423278808594,0.00013327086,0.0003,0.10223203897476196,2610,-2.3313518524169923
759.9,200.0,781,86,263,67328,-0.0014037670101970435,0.3,20942.14453125,0.0,38799.684375,0.00012325589,0.0003,0.10400575399398804,2620,-2.327488029003143
762.1,200.0,781,86,264,67584,-0.002910768275614828,0.3,4214.72216796875,0.0,11908.248071289063,0.00039738254,0.0003,0.06683725118637085,2630,-2.3402780055999757
762.4,200.0,781,86,265,67840,-0.002531325677409768,0.3,5688.13232421875,0.0,13734.179516601562,0.00033153268,0.0003,0.08983886241912842,2640,-2.3500248551368714
760.3,200.0,782,87,266,68096,-0.0011200119275599717,0.3,9686.3203125,0.0,32477.34833984375,0.00021068542,0.0003,0.01856917142868042,2650,-2.261104643344879
756.3,200.0,782,87,267,68352,-0.0007594555150717497,0.3,12517.5458984375,0.0,17273.6244140625,0.0001981305,0.0003,0.06057286262512207,2660,-2.30980064868927
751.9,200.0,782,87,268,68608,-0.0012908480362966656,0.3,7394.8330078125,0.0,16747.115283203126,0.00020145462,0.0003,0.059186339378356934,2670,-2.2504138946533203
752.2,200.0,782,87,269,68864,-0.0013968879822641612,0.3,12190.7001953125,0.0,27330.873486328124,0.00027104444,0.0003,0.08445197343826294,2680,-2.2433466792106627
752.3,200.0,783,88,270,69120,-0.0004062403691932559,0.3,7610.888671875,0.0,17784.87775878906,4.2360974e-05,0.0003,0.03962510824203491,2690,-2.272316098213196
753.1,200.0,783,88,271,69376,-0.0009035275783389807,0.3,4749.05322265625,0.0,18360.366943359375,9.514345e-05,0.0003,0.1291690468788147,2700,-2.2393022418022155
748.6,200.0,783,88,272,69632,-0.0010128557332791388,0.3,11742.30078125,0.0,12196.932571411133,9.469455e-05,0.0003,0.08416706323623657,2710,-2.249039721488953
744.1,200.0,783,89,273,69888,-0.0012127056252211332,0.3,5851.595703125,0.0,26012.2427734375,0.00020984723,0.0003,0.09703612327575684,2720,-2.227098786830902
738.8,200.0,783,89,274,70144,-0.001770085864700377,0.3,9166.931640625,0.0,14639.242919921875,0.00031671557,0.0003,0.14727795124053955,2730,-2.2541433215141295
738.4,200.0,784,89,275,70400,-0.002539244247600436,0.3,5269.58251953125,0.0,11887.332104492187,0.00071582734,0.0003,0.18646466732025146,2740,-2.2124833822250367
726.1,200.0,784,90,276,70656,-0.0008097950601950287,0.3,10641.1640625,0.0,16677.525756835938,0.00037555792,0.0003,0.1813862919807434,2750,-2.1893170952796934
727.9,200.0,784,90,277,70912,-0.0003389453748241067,0.3,21367.58984375,0.0,33658.1154296875,0.00036662375,0.0003,0.1211516261100769,2760,-2.2179680705070495
720.9,200.0,784,90,278,71168,-0.0013362455880269407,0.3,10919.193359375,0.0,12987.113623046875,0.0002944735,0.0003,0.16774225234985352,2770,-2.231500434875488
723.4,200.0,784,90,279,71424,-0.0005248116329312324,0.3,8376.4287109375,0.0,13596.791748046875,0.00028946414,0.0003,0.1380944848060608,2780,-2.2361329913139345
724.1,200.0,785,91,280,71680,-0.0015682680997997523,0.3,7702.33984375,0.0,30831.32509765625,0.00037983572,0.0003,0.1479995846748352,2790,-2.201763641834259
723.4,200.0,785,91,281,71936,-0.0006475448375567794,0.3,5529.03857421875,0.0,13925.839978027343,0.00015309243,0.0003,0.12039047479629517,2800,-2.180926835536957
726.2,200.0,785,91,282,72192,-0.0007076134439557791,0.3,4804.037109375,0.0,14209.220092773438,8.663279e-05,0.0003,0.15519928932189941,2810,-2.197120201587677
726.0,200.0,785,92,283,72448,-0.002019233116880059,0.3,9964.1884765625,0.0,12038.992807006836,0.00033435482,0.0003,0.094693124294281,2820,-2.206398868560791
728.3,200.0,785,92,284,72704,-0.0010106071829795837,0.3,24424.48828125,0.0,35093.6427734375,0.00027874275,0.0003,0.05182814598083496,2830,-2.127958071231842
729.7,200.0,785,92,285,72960,-0.0011262332322075964,0.3,7402.1181640625,0.0,13719.814086914062,0.00036026235,0.0003,0.21860265731811523,2840,-2.20013427734375
726.2,200.0,786,93,286,73216,0.00023111142218112946,0.3,11828.4794921875,0.0,18941.88542480469,0.00019289274,0.0003,0.026379108428955078,2850,-2.2441803455352782
726.1,200.0,786,93,287,73472,-0.002652366552501917,0.3,4598.7548828125,0.0,12900.501513671876,0.00044309627,0.0003,0.1646021008491516,2860,-2.1860938668251038
722.9,200.0,786,93,288,73728,0.0002570247044786811,0.3,14002.1123046875,0.0,24837.480346679688,0.00024510385,0.0003,0.04334062337875366,2870,-2.234100580215454
724.2,200.0,786,94,289,73984,-0.0004247786942869425,0.3,11016.9052734375,0.0,17030.654345703126,5.0549395e-05,0.0003,0.009769439697265625,2880,-2.238775873184204
721.4,200.0,786,94,290,74240,-0.002775619155727327,0.3,1854.647216796875,0.0,13438.349877929688,0.00075193704,0.0003,0.14588934183120728,2890,-2.2711370468139647
721.6,200.0,786,94,291,74496,-0.0014742810279130935,0.3,15162.8876953125,0.0,27324.5498046875,0.00038228906,0.0003,0.12129586935043335,2900,-2.1333300113677978
725.0,200.0,787,94,292,74752,-0.002044749166816473,0.3,598.1788330078125,0.0,1345.9012542724608,0.0009451634,0.0003,0.22403281927108765,2910,-2.1997966527938844
713.2,200.0,787,95,293,75008,-0.002876294124871492,0.3,9340.45703125,0.0,30342.81337890625,0.0017055755,0.0003,0.030068397521972656,2920,-2.3072970390319822
713.7,200.0,787,95,294,75264,-0.0014438668731600046,0.3,10223.62890625,0.0,25812.926611328126,0.00028191297,0.0003,0.04439324140548706,2930,-2.3139184594154356
702.2,200.0,788,95,295,75520,-0.002315192623063922,0.3,4056.14404296875,0.0,10330.425402832032,0.0008228081,0.0003,0.14005714654922485,2940,-2.2316102266311644
698.1,200.0,788,96,296,75776,-0.006564824283123017,0.3,5083.9814453125,0.0,11511.68319091797,0.0015904014,0.0003,0.14243167638778687,2950,-2.239685797691345
714.0,200.0,788,96,297,76032,-0.0009679981041699648,0.3,16194.9716796875,0.0,31421.893359375,0.00028070854,0.0003,0.07121533155441284,2960,-2.252790904045105
714.9,200.0,788,96,298,76288,-0.0020205650944262743,0.3,8040.02685546875,0.0,20561.482275390626,0.0005457031,0.0003,0.16768735647201538,2970,-2.2374308586120604
714.3,200.0,789,97,299,76544,-0.0005164816742762923,0.3,2834.637939453125,0.0,10643.76742248535,0.00017856108,0.0003,0.11900442838668823,2980,-2.211355447769165
714.5,200.0,789,97,300,76800,-0.003619561926461756,0.3,3339.990478515625,0.0,13030.7642578125,0.00081241154,0.0003,0.17959874868392944,2990,-2.2343653798103333
719.4,200.0,789,97,301,77056,-0.0001838143914937973,0.3,11268.5986328125,0.0,14081.281225585937,0.00017987518,0.0003,0.04131513833999634,3000,-2.314922821521759
720.1,200.0,789,97,302,77312,-3.4325802698731425e-05,0.3,14943.9921875,0.0,35449.3345703125,2.0010862e-05,0.0003,0.12341666221618652,3010,-2.2549966096878054
728.2,200.0,789,98,303,77568,-0.0028861714527010918,0.3,6984.6162109375,0.0,20828.322900390624,0.0006679611,0.0003,0.005680084228515625,3020,-2.2629234194755554
731.5,200.0,790,98,304,77824,-0.0022061108204070477,0.3,8010.10009765625,0.0,13702.024725341797,0.0005168766,0.0003,0.0955933928489685,3030,-2.313299095630646
731.4,200.0,790,98,305,78080,-0.0011775232385843992,0.3,8380.158203125,0.0,23264.1244140625,0.0002845826,0.0003,0.09423089027404785,3040,-2.2069832921028136
729.8,200.0,790,99,306,78336,-0.0010118479374796152,0.3,7001.2158203125,0.0,14951.195751953124,0.00034559052,0.0003,0.06601119041442871,3050,-2.1592156887054443
739.7,200.0,790,99,307,78592,-0.0030104761943221094,0.3,15158.5322265625,0.0,22734.331591796876,0.0014137311,0.0003,0.10623180866241455,3060,-2.1637309312820436
749.6,200.0,790,99,308,78848,-0.0021967133041471245,0.3,14035.162109375,0.0,24550.8693359375,0.00049893744,0.0003,0.09941214323043823,3070,-2.1287623286247253
750.1,200.0,791,99,309,79104,-0.00115143870934844,0.3,4530.037109375,0.0,20313.123681640624,0.00026420015,0.0003,0.12196898460388184,3080,-2.0379855394363404
750.4,200.0,791,100,310,79360,-0.00046347167808562516,0.3,11949.3857421875,0.0,19864.08818359375,4.9996655e-05,0.0003,-0.050621867179870605,3090,-2.1398329973220824
760.1,200.0,791,100,311,79616,-0.0076057035475969315,0.3,7609.30029296875,0.0,16889.17978515625,0.00438434,0.0003,0.1766332983970642,3100,-2.1158593773841856
751.6,200.0,791,100,312,79872,0.0031938263215124606,0.3,17426.38671875,0.0,32269.99755859375,0.0015398297,0.0003,-0.050040602684020996,3110,-2.256599795818329
753.6,200.0,791,101,313,80128,-0.002901902445591986,0.3,8186.85400390625,0.0,18124.261279296876,0.00030709035,0.0003,0.05096489191055298,3120,-2.1512017846107483
754.0,200.0,791,101,314,80384,-0.00036196501459926365,0.3,12652.6640625,0.0,15443.363745117187,0.00038179127,0.0003,0.09604150056838989,3130,-2.1844202876091003
764.6,200.0,791,101,315,80640,-0.0120145199354738,0.3,8756.7685546875,0.001953125,20474.08640136719,0.009568265,0.0003,0.05523407459259033,3140,-2.3385177135467528
769.4,200.0,792,102,316,80896,-0.001148572564125061,0.3,9775.2998046875,0.0,15540.267065429687,0.0022590102,0.0003,0.06724381446838379,3150,-2.3198049545288084
773.4,200.0,792,102,317,81152,-0.003979191195685417,0.3,34546.37109375,0.0,38888.15869140625,0.0005314301,0.0003,0.07098513841629028,3160,-2.3237550973892214
773.6,200.0,792,102,318,81408,-0.0010335816070437432,0.3,10538.9970703125,0.0,20416.629443359376,0.00024300348,0.0003,-0.011089563369750977,3170,-2.3217836380004884
774.4,200.0,792,103,319,81664,-0.0009869506815448404,0.3,2684.7373046875,0.0,13957.667907714844,9.4267074e-05,0.0003,0.07897651195526123,3180,-2.305630016326904
765.6,200.0,792,103,320,81920,-0.0004397209966555238,0.3,22731.85546875,0.0,31191.59169921875,5.3407624e-05,0.0003,-0.020445704460144043,3190,-2.349152982234955
771.8,200.0,792,103,321,82176,-0.0014847988728433847,0.3,5094.4580078125,0.0,13906.180065917968,0.00024565682,0.0003,0.1209288239479065,3200,-2.3688249945640565
778.2,200.0,792,103,322,82432,-0.0006739533971995115,0.3,7003.27294921875,0.0,17528.229541015626,0.00013087783,0.0003,0.11679327487945557,3210,-2.374510931968689
782.4,200.0,793,104,323,82688,-0.0009196308674290776,0.3,17364.609375,0.0,25660.52353515625,8.7176915e-05,0.0003,0.08218812942504883,3220,-2.347487246990204
785.3,200.0,793,104,324,82944,-0.003320192964747548,0.3,3910.72021484375,0.0,14082.809509277344,0.000977912,0.0003,0.13354158401489258,3230,-2.368830752372742
792.8,200.0,793,104,325,83200,-0.0013359911972656846,0.3,8176.08544921875,0.0,15058.444848632813,0.0011498616,0.0003,0.07587522268295288,3240,-2.3869323134422302
796.0,200.0,793,105,326,83456,-0.003491896134801209,0.3,11035.3134765625,0.0,19675.699755859376,0.0010643341,0.0003,-0.03535664081573486,3250,-2.4537760257720946
796.3,200.0,793,105,327,83712,-0.0017510262317955495,0.3,16460.45703125,0.0,32975.84423828125,0.00035930658,0.0003,0.08884316682815552,3260,-2.4583799242973328
799.3,200.0,794,105,328,83968,-0.0021078070625662805,0.3,10901.9697265625,0.0,14226.499145507812,0.0005712609,0.0003,0.05500233173370361,3270,-2.4226009607315064
813.0,200.0,794,106,329,84224,-0.00018941886955872178,0.3,8268.130859375,0.0,16002.035473632812,8.1382925e-05,0.0003,0.12093567848205566,3280,-2.435012674331665
807.1,200.0,794,106,330,84480,-0.002003822010010481,0.3,18889.755859375,0.0,33797.97041015625,0.00024208357,0.0003,0.046284019947052,3290,-2.4341417074203493
802.6,200.0,794,106,331,84736,-0.00018522548489272595,0.3,7905.5771484375,0.0,18583.487841796876,2.6907306e-05,0.0003,0.04598963260650635,3300,-2.4390561461448668
801.1,200.0,794,106,332,84992,-0.0003272958565503359,0.3,8210.64453125,0.0,13855.407806396484,1.6470905e-05,0.0003,0.1108124852180481,3310,-2.4499128699302672
807.7,200.0,795,107,333,85248,-0.0013927894819062204,0.3,5114.0068359375,0.0,14524.53603515625,0.00018963171,0.0003,0.05845767259597778,3320,-2.428144693374634
811.1,200.0,795,107,334,85504,-0.0012704314314760268,0.3,14415.578125,0.0,25099.75166015625,0.00015431945,0.0003,0.11720210313796997,3330,-2.462419879436493
810.0,200.0,795,107,335,85760,0.0001004392048344016,0.3,3166.177001953125,0.0,17319.93310546875,0.00013935054,0.0003,0.05187433958053589,3340,-2.4306321859359743
810.2,200.0,795,108,336,86016,-0.0013525660382583738,0.3,8320.8134765625,0.0,13167.87255859375,0.00012860703,0.0003,0.17921805381774902,3350,-2.472611200809479
810.3,200.0,795,108,337,86272,-0.0005529996240511536,0.3,8458.830078125,0.0,24820.69638671875,0.00027587032,0.0003,0.12308508157730103,3360,-2.445885169506073
805.4,200.0,795,108,338,86528,-0.0024268387351185083,0.3,5962.35693359375,0.0,15000.469702148437,0.00042756414,0.0003,0.2185887098312378,3370,-2.4134933233261107
798.6,200.0,795,109,339,86784,-0.00011255694553256035,0.3,3439.110107421875,0.0,15637.670889282226,0.00020097755,0.0003,0.04318767786026001,3380,-2.4969257354736327
800.1,200.0,795,109,340,87040,-0.0010157392011024059,0.3,6677.2685546875,0.0,12803.355688476562,0.00035832007,0.0003,0.16049975156784058,3390,-2.4672622084617615
799.2,200.0,791,110,341,87296,-0.0018169167451560497,0.3,12589.703125,0.0,22894.9328125,0.00016945554,0.0003,0.15479624271392822,3400,-2.4517882108688354
798.3,200.0,787,111,342,87552,-0.00230791256763041,0.3,3001.69384765625,0.0,14114.489404296875,0.00058804406,0.0003,0.18411791324615479,3410,-2.4694357752799987
797.5,200.0,783,112,343,87808,-0.00016683177091181278,0.3,4181.38525390625,0.0,19622.044921875,0.00032952614,0.0003,-0.10361325740814209,3420,-2.495295774936676
797.4,200.0,779,113,344,88064,-0.0005126526579260826,0.3,19143.298828125,0.0,27947.22724609375,7.7660894e-05,0.0003,0.15068280696868896,3430,-2.4655848383903503
800.4,200.0,775,113,345,88320,-0.0004830941092222929,0.3,13852.576171875,0.0,18829.344091796876,0.00012162537,0.0003,0.05029308795928955,3440,-2.4972777366638184
798.0,200.0,771,114,346,88576,-0.0005113790393806994,0.3,9239.7255859375,0.0,15037.211059570312,4.41866e-05,0.0003,0.1471179723739624,3450,-2.4931262254714968
796.8,200.0,767,115,347,88832,-0.0007047771941870451,0.3,5992.11376953125,0.0,16032.703881835938,6.3735526e-05,0.0003,0.14290189743041992,3460,-2.454759418964386
794.8,200.0,764,116,348,89088,-0.004645230202004314,0.3,5827.22021484375,0.0,17069.42561035156,0.0025047862,0.0003,0.15929073095321655,3470,-2.4593751668930053
799.6,200.0,760,117,349,89344,-0.007620943011716008,0.3,2242.830810546875,0.0,9900.826718139648,0.0067772325,0.0003,0.25176775455474854,3480,-2.425854194164276
800.9,200.0,757,118,350,89600,-0.004821554583031684,0.3,4124.76025390625,0.0,10241.771740722656,0.00211345,0.0003,0.18521040678024292,3490,-2.3512632250785828
803.7,200.0,753,119,351,89856,-0.0032731032697483897,0.3,4013.08544921875,0.0,11947.833325195312,0.0028754517,0.0003,0.21105098724365234,3500,-2.384255313873291
806.4,200.0,749,120,352,90112,0.00017267189687117935,0.3,20791.017578125,0.0,38503.74951171875,0.00077376934,0.0003,0.09610581398010254,3510,-2.4363323926925657
807.2,200.0,746,121,353,90368,-0.0009320276090875268,0.3,4350.41650390625,0.0,10313.553356933593,4.5833178e-05,0.0003,0.10825330018997192,3520,-2.37212598323822
823.0,200.0,742,122,354,90624,-0.0012401817366480827,0.3,10811.5234375,0.0,21312.755908203126,0.00017088954,0.0003,-0.11635315418243408,3530,-2.4204383373260496
820.0,200.0,739,122,355,90880,-0.0005308507941663265,0.3,11060.1982421875,0.0,41566.684765625,3.1762524e-05,0.0003,0.0807756781578064,3540,-2.403406834602356
823.2,200.0,736,123,356,91136,-0.0005505904962774366,0.3,9346.7744140625,0.0,13522.479211425782,0.00013391348,0.0003,0.0934181809425354,3550,-2.3226568937301635
824.4,200.0,736,124,357,91392,-0.002377867023460567,0.3,4953.98388671875,0.0,13863.884033203125,0.0004195734,0.0003,0.12216150760650635,3560,-2.427475118637085
824.7,200.0,736,124,358,91648,-0.00015482003800570965,0.3,7111.16455078125,0.0,20569.959521484376,0.00017309608,0.0003,-0.0382533073425293,3570,-2.4362311124801637
831.6,200.0,737,124,359,91904,-0.0008394478354603052,0.3,1991.5250244140625,0.0,14802.786511230468,0.00022450392,0.0003,0.03504073619842529,3580,-2.455179274082184
835.0,200.0,737,124,360,92160,-0.00021793413907289505,0.3,22345.658203125,0.0,38190.2587890625,1.634378e-05,0.0003,-0.02403426170349121,3590,-2.42943389415741
839.7,200.0,737,125,361,92416,-0.002045446401461959,0.3,11003.8798828125,0.0,21566.1375,0.00022656727,0.0003,0.05684518814086914,3600,-2.438028299808502
835.5,200.0,738,125,362,92672,-0.0008350651944056154,0.3,12512.78125,0.0,18587.760498046875,0.00010954216,0.0003,0.05556142330169678,3610,-2.3813257575035096
835.3,200.0,738,125,363,92928,-0.0017904171720147133,0.3,19492.142578125,0.0,33938.72041015625,0.00016072486,0.0003,0.13265162706375122,3620,-2.4207752108573914
838.3,200.0,738,126,364,93184,-0.0021246593445539475,0.3,9926.4150390625,0.0,13557.153466796875,0.00032666605,0.0003,0.12131202220916748,3630,-2.4146046161651613
844.3,200.0,739,126,365,93440,-0.00465104915201664,0.3,9020.560546875,0.0,13798.090673828125,0.0010068917,0.0003,0.1460322141647339,3640,-2.3926238059997558
846.0,200.0,739,126,366,93696,-0.005117464065551758,0.3,7551.841796875,0.0,22045.828515625,0.0015280026,0.0003,0.15064746141433716,3650,-2.380297362804413
846.2,200.0,739,127,367,93952,0.00027078138664364814,0.3,9651.1611328125,0.0,15292.066821289063,0.00017948309,0.0003,-0.04052877426147461,3660,-2.470903491973877
847.5,200.0,740,127,368,94208,-0.0021916277706623077,0.3,5946.04736328125,0.0,13911.289331054688,0.00035731657,0.0003,0.1651281714439392,3670,-2.386028301715851
848.8,200.0,740,127,369,94464,-0.003992296266369521,0.3,7026.46533203125,0.0,16460.006298828124,0.00034129922,0.0003,0.00397944450378418,3680,-2.396116304397583
852.0,200.0,740,127,370,94720,-0.0011976676527410746,0.3,9775.00390625,0.0,14359.488012695312,0.00037699868,0.0003,0.06183803081512451,3690,-2.3190551877021788
850.8,200.0,741,128,371,94976,-0.0023834524617996067,0.3,3821.0263671875,0.0,9223.41990966797,0.0004118688,0.0003,0.1161988377571106,3700,-2.377531611919403
852.2,200.0,741,128,372,95232,-0.00015110436361283065,0.3,6942.5322265625,0.0,15299.429345703125,6.2749255e-05,0.0003,0.06219249963760376,3710,-2.3705843925476073
851.7,200.0,741,128,373,95488,-0.001912795309908688,0.3,7973.875,0.0,13492.809008789063,0.00034473673,0.0003,0.15932822227478027,3720,-2.3695611715316773
852.1,200.0,742,129,374,95744,-0.010542271053418517,0.3,7467.8134765625,0.0,26321.253955078126,0.009316461,0.0003,0.07820785045623779,3730,-2.3742147088050842
844.7,200.0,742,129,375,96000,0.002377297333441675,0.3,13291.447265625,0.0,15518.133935546875,0.001873283,0.0003,0.1919904351234436,3740,-2.191899538040161
845.7,200.0,742,129,376,96256,-0.005306328815640882,0.3,6564.82958984375,0.0,11541.565600585938,0.0035081238,0.0003,0.11369401216506958,3750,-2.29260014295578
846.6,200.0,742,129,377,96512,-0.007697781966999173,0.3,14275.123046875,0.0,40314.5080078125,0.004444721,0.0003,-0.019023895263671875,3760,-2.4023122787475586
845.1,200.0,743,130,378,96768,-0.0005118043394759297,0.3,740.8385620117188,0.0,9505.437603759765,0.0006254348,0.0003,0.09467720985412598,3770,-2.3502471327781675
844.7,200.0,743,130,379,97024,-0.0023549529025331138,0.3,5504.45263671875,0.0,19561.335302734376,0.00043180236,0.0003,0.023894131183624268,3780,-2.389175522327423
846.4,200.0,743,130,380,97280,1.6915658488869666e-05,0.3,15540.322265625,0.0,26863.4041015625,0.00024397648,0.0003,0.10293489694595337,3790,-2.42227623462677
840.3,200.0,743,131,381,97536,-0.0014881912851706148,0.3,12390.986328125,0.0,16327.082397460938,0.00033266353,0.0003,0.0894516110420227,3800,-2.4305540561676025
841.4,200.0,744,131,382,97792,-0.00015456307446584105,0.3,7340.298828125,0.0,17592.355859375,8.362997e-05,0.0003,0.1601617932319641,3810,-2.404223418235779
829.8,200.0,744,131,383,98048,-0.000588301825337112,0.3,4168.787109375,0.0,12840.8396484375,0.00010380242,0.0003,0.1578608751296997,3820,-2.43680454492569
829.6,200.0,744,132,384,98304,-0.0006612351746298373,0.3,8986.7119140625,0.0,17995.291162109374,7.4159354e-05,0.0003,0.043759286403656006,3830,-2.474860143661499
825.0,200.0,744,132,385,98560,-0.0024386956356465816,0.3,1332.6583251953125,0.0,2318.0353454589845,0.0009287158,0.0003,-0.41847312450408936,3840,-2.45761159658432
824.0,200.0,745,132,386,98816,-0.0013978842180222273,0.3,15714.912109375,0.0,22506.317944335937,0.00028395304,0.0003,0.14886623620986938,3850,-2.484309732913971
822.9,200.0,745,132,387,99072,-9.5784617587924e-05,0.3,13775.3623046875,0.0,36469.980859375,0.00019664713,0.0003,-0.02573549747467041,3860,-2.4661991596221924
822.2,200.0,745,133,388,99328,-0.0017988731386139988,0.3,5638.49365234375,0.0,16541.34970703125,0.0002787353,0.0003,0.04855632781982422,3870,-2.4664633512496947
820.5,200.0,745,133,389,99584,-0.0032079016556963323,0.3,10354.15234375,0.0,18592.24104003906,0.00078007206,0.0003,0.04798811674118042,3880,-2.481684851646423
814.8,200.0,746,133,390,99840,-0.0023539536632597446,0.3,5396.52392578125,0.0,12865.668896484374,0.00027719792,0.0003,0.19626998901367188,3890,-2.5074668884277345
817.2,200.0,741,134,391,100096,-0.0002526214346289635,0.3,17046.548828125,0.0,31017.05859375,6.684032e-05,0.0003,0.09326815605163574,3900,-2.4440573930740355
816.4,200.0,742,135,392,100352,-0.0007603382226079702,0.3,8513.0244140625,0.0,16777.365576171876,8.45911e-05,0.0003,0.15820467472076416,3910,-2.4579354882240296
799.5,200.0,742,135,393,100608,-0.0005613571032881737,0.3,8426.8212890625,0.0,13659.97777709961,4.964322e-05,0.0003,0.03395622968673706,3920,-2.5267324328422545
801.1,200.0,742,135,394,100864,-0.0005547703593038022,0.3,7626.333984375,0.0,16432.1734375,2.7173432e-05,0.0003,-0.07032299041748047,3930,-2.5223729372024537
786.6,200.0,742,136,395,101120,-0.002118254499509931,0.3,720.1325073242188,0.0,1451.9968627929688,0.00034651253,0.0003,0.23762911558151245,3940,-2.5073413491249084
791.6,200.0,742,136,396,101376,-0.0020560479140840473,0.3,11993.6123046875,0.0,23045.9623046875,0.0003905336,0.0003,0.06619876623153687,3950,-2.4991942644119263
785.4,200.0,742,136,397,101632,-6.188992410898209e-05,0.3,2176.455322265625,0.0,16473.058715820312,5.2828807e-05,0.0003,0.03571963310241699,3960,-2.5012349843978883
795.1,200.0,742,137,398,101888,-0.0008033863501623273,0.3,9783.4033203125,0.0,18521.94365234375,0.00011159992,0.0003,0.044791340827941895,3970,-2.5135632514953614
791.3,200.0,741,137,399,102144,-0.00042758092749863865,0.3,23341.0078125,0.0,39065.921484375,3.372808e-05,0.0003,0.034091413021087646,3980,-2.504006326198578
780.4,200.0,738,138,400,102400,-0.0015863339067436755,0.3,1566.6585693359375,0.0,3382.0007202148436,6.920495e-05,0.0003,0.08012688159942627,3990,-2.5012575030326842
778.4,200.0,735,139,401,102656,-0.0017188025260111317,0.3,3466.439697265625,0.0,13830.085327148438,0.0003037199,0.0003,0.11613088846206665,4000,-2.522222673892975
776.4,200.0,733,140,402,102912,-0.0014850567327812313,0.3,7949.123046875,0.0,26541.439013671876,0.0003590919,0.0003,0.1095389723777771,4010,-2.5096718788146974
759.1,200.0,730,141,403,103168,-0.0038374684983864425,0.3,1156.9857177734375,0.0,2608.0725952148437,0.0011117694,0.0003,-0.12823450565338135,4020,-2.542084217071533
753.7,200.0,727,142,404,103424,-0.0002986069303005934,0.3,625.0205688476562,0.0,9344.49789428711,0.00031259726,0.0003,0.07996845245361328,4030,-2.534182906150818
748.2,200.0,724,143,405,103680,-0.001125731342472136,0.3,19422.892578125,0.0,24940.534912109375,7.00322e-05,0.0003,0.02850276231765747,4040,-2.499876320362091
746.1,200.0,721,144,406,103936,-0.0013349235989153386,0.3,477.05206298828125,0.0,1495.4468322753905,9.644125e-05,0.0003,0.0011830329895019531,4050,-2.540133547782898
742.3,200.0,718,144,407,104192,-0.00017471013125032188,0.3,19972.0078125,0.0,35927.94638671875,3.7801685e-05,0.0003,0.0035818815231323242,4060,-2.5319907426834107
719.7,200.0,715,145,408,104448,-0.004304892756044865,0.3,360.7222900390625,0.0,1235.6420928955079,0.00058986037,0.0003,0.43122971057891846,4070,-2.5250399470329286
720.3,200.0,713,146,409,104704,-0.0006497928872704506,0.3,25323.353515625,0.0,30729.771826171876,0.0002091222,0.0003,0.0893433690071106,4080,-2.529375457763672
719.0,200.0,710,147,410,104960,-0.0007380546070635319,0.3,9244.9619140625,0.0,15151.14619140625,8.463394e-05,0.0003,0.22350019216537476,4090,-2.535614347457886
714.7,200.0,707,148,411,105216,-0.0029777282616123557,0.3,6621.01123046875,0.0,14960.048852539063,0.0006895326,0.0003,0.13462257385253906,4100,-2.5292267918586733
713.7,200.0,705,149,412,105472,-0.0019313049968332052,0.3,13123.7705078125,0.0,31193.8052734375,0.000655117,0.0003,0.044431984424591064,4110,-2.528757321834564
718.5,200.0,702,150,413,105728,-0.0013227143557742239,0.3,11184.4140625,0.0,25548.163037109374,7.8269746e-05,0.0003,0.10579460859298706,4120,-2.5153788447380068
716.5,200.0,700,151,414,105984,-0.001884339516982436,0.3,7356.48291015625,0.0,14862.053955078125,0.0001844191,0.0003,0.01288914680480957,4130,-2.5150733828544616
712.5,200.0,697,152,415,106240,-0.0005673690233379602,0.3,7034.9677734375,0.0,19749.656884765624,0.00012818747,0.0003,-0.11254322528839111,4140,-2.530664157867432
716.8,200.0,695,153,416,106496,-0.0013677996816113592,0.3,15907.2919921875,0.0,37077.51484375,0.00018318882,0.0003,0.15255403518676758,4150,-2.5261993169784547
715.9,200.0,692,154,417,106752,-0.0028899364871904252,0.3,14060.9111328125,0.0,17451.26315917969,0.0009349615,0.0003,0.04460883140563965,4160,-2.506123125553131
712.7,200.0,690,154,418,107008,-0.001025996240787208,0.3,1858.5941162109375,0.0,13538.928833007812,0.00028284732,0.0003,0.12283259630203247,4170,-2.5181873559951784
720.6,200.0,688,155,419,107264,0.00014947704039514065,0.3,3669.043701171875,0.0,16133.066040039062,3.536651e-05,0.0003,0.047118544578552246,4180,-2.5237731337547302
722.2,200.0,686,156,420,107520,-0.0005358164897188544,0.3,16652.16015625,0.0,35429.162109375,1.2694392e-05,0.0003,0.05087697505950928,4190,-2.5198806643486025
722.2,200.0,686,157,421,107776,-0.0014054981991648674,0.3,4090.090576171875,0.0,13902.53349609375,0.00020769378,0.0003,0.11234593391418457,4200,-2.509780967235565
735.6,200.0,686,157,422,108032,-0.0030520013999193905,0.3,14764.6259765625,0.0,26983.32998046875,0.0003313583,0.0003,-0.060755372047424316,4210,-2.5001118540763856
730.5,200.0,686,157,423,108288,-0.0027831136947497727,0.3,16786.505859375,0.0,27809.431005859376,0.00036257086,0.0003,0.10589081048965454,4220,-2.4791834950447083
734.3,200.0,687,157,424,108544,-0.004164505447261035,0.3,9871.0009765625,0.0,12908.977307128906,0.0015230456,0.0003,0.08969277143478394,4230,-2.4739784598350525
736.9,200.0,687,158,425,108800,-0.00035771632101386783,0.3,13251.1982421875,0.0,14789.701477050781,0.00021544914,0.0003,0.11861008405685425,4240,-2.5017319083213807
735.8,200.0,687,158,426,109056,-0.0018261931370943784,0.3,6811.4267578125,0.0,14754.041723632812,0.0005651037,0.0003,0.16866552829742432,4250,-2.45032479763031
732.9,200.0,688,158,427,109312,-0.0024748716969043016,0.3,17152.3125,0.0,33640.13139648437,0.0004663982,0.0003,0.07338953018188477,4260,-2.5070103287696837
733.6,200.0,688,159,428,109568,-0.0012489310465753078,0.3,1917.2626953125,0.0,16499.108618164064,0.00020080712,0.0003,0.11394673585891724,4270,-2.490139865875244
724.7,200.0,688,159,429,109824,-0.003628299944102764,0.3,12108.8798828125,0.0,13469.258178710938,0.00039915484,0.0003,0.08897852897644043,4280,-2.5160287857055663
725.6,200.0,689,159,430,110080,-4.414143040776253e-05,0.3,24882.064453125,0.0,33614.86127929688,4.2694388e-05,0.0003,0.11017018556594849,4290,-2.4957165241241457
722.9,200.0,689,160,431,110336,-0.0010195133043453097,0.3,7120.76123046875,0.0,14513.741552734375,7.937942e-05,0.0003,0.10254836082458496,4300,-2.454491078853607
718.9,200.0,689,160,432,110592,-0.005285819224081933,0.3,6128.27294921875,0.0,14506.526171875,0.0020493246,0.0003,0.18848204612731934,4310,-2.4802988290786745
707.2,200.0,690,160,433,110848,-0.00267663300037384,0.3,7272.8564453125,0.0,13409.068237304688,0.00033195806,0.0003,0.22342067956924438,4320,-2.5137665390968325
706.7,200.0,690,160,434,111104,-0.0007478294661268592,0.3,13393.611328125,0.0,26612.49560546875,0.0004821415,0.0003,0.1968938708305359,4330,-2.5048582911491395
706.2,200.0,690,161,435,111360,-0.001001151418313384,0.3,8709.9658203125,0.0,20739.975146484376,0.00029181875,0.0003,-0.023061633110046387,4340,-2.522154748439789
706.1,200.0,691,161,436,111616,-0.001976698054932058,0.3,4376.296875,0.0,15640.327954101562,0.00018354482,0.0003,0.10015350580215454,4350,-2.4919522404670715
701.9,200.0,691,161,437,111872,-0.0011588575085625052,0.3,9854.0537109375,0.0,26678.3435546875,5.3772004e-05,0.0003,-0.0074825286865234375,4360,-2.4813485860824587
695.6,200.0,691,162,438,112128,-0.002601814712397754,0.3,9442.98828125,0.0,33460.0087890625,0.00026195636,0.0003,0.035230040550231934,4370,-2.4680514693260194
700.9,200.0,691,162,439,112384,-0.0017396432114765048,0.3,15035.5869140625,0.0,25757.10009765625,9.544962e-05,0.0003,0.02351677417755127,4380,-2.506860601902008
698.2,200.0,692,162,440,112640,-0.0020734790596179664,0.3,4798.26416015625,0.0,12269.34334716797,0.00042670476,0.0003,0.062371671199798584,4390,-2.481875467300415
696.3,200.0,692,163,441,112896,-0.0011084317229688168,0.3,21451.501953125,0.0,34194.39296875,0.00014174124,0.0003,0.013029098510742188,4400,-2.4425687432289123
694.5,200.0,692,163,442,113152,-0.002899625618010759,0.3,9855.2021484375,0.0,18951.766455078126,0.0010217957,0.0003,0.08276474475860596,4410,-2.440212345123291
694.3,200.0,692,163,443,113408,-0.0033427154179662467,0.3,7458.63916015625,0.0,16494.6369140625,0.0019272857,0.0003,0.09250122308731079,4420,-2.44988671541214
694.0,200.0,693,163,444,113664,-0.002019755239598453,0.3,14881.5458984375,0.0,29419.9125,0.00064122165,0.0003,0.09137320518493652,4430,-2.384082591533661
691.0,200.0,693,164,445,113920,-0.0011537781218066811,0.3,9234.1103515625,0.0,18852.781298828126,0.00019317376,0.0003,0.07416003942489624,4440,-2.4113921761512755
693.5,200.0,693,164,446,114176,-0.00011790026910603046,0.3,7073.89794921875,0.0,14127.61396484375,2.233521e-05,0.0003,0.048903703689575195,4450,-2.386016082763672
698.1,200.0,693,164,447,114432,-0.0023217263165861367,0.3,7544.80078125,0.0,13886.124487304687,0.0007293804,0.0003,0.10676741600036621,4460,-2.4239455223083497
690.5,200.0,694,165,448,114688,-0.0010201233439147473,0.3,12255.48828125,0.0,23620.232666015625,0.00023595337,0.0003,0.12383395433425903,4470,-2.4265819668769835
694.6,200.0,694,165,449,114944,-0.001979610277339816,0.3,10598.83984375,0.0,21891.283569335938,0.0009084777,0.0003,0.11420685052871704,4480,-2.4180601716041563
695.1,200.0,694,165,450,115200,-0.000589675921946764,0.3,3318.583251953125,0.0,13320.76294555664,0.0001643931,0.0003,0.12049466371536255,4490,-2.3995423555374145
697.1,200.0,694,166,451,115456,-0.0011566592147573829,0.3,3186.09765625,0.0,9985.459265136718,0.00035166205,0.0003,0.11167126893997192,4500,-2.410310173034668
703.2,200.0,695,166,452,115712,-6.362278945744037e-05,0.3,14860.0322265625,0.0,39863.93876953125,0.00036782585,0.0003,0.11775475740432739,4510,-2.3544434189796446
703.0,200.0,695,166,453,115968,-0.0027083480497822167,0.3,6457.84521484375,0.0,12706.306494140625,0.00034378376,0.0003,0.15588164329528809,4520,-2.4428887605667113
701.6,200.0,695,167,454,116224,-0.0039700624532997605,0.3,8193.548828125,0.0,14877.276177978516,0.0015340883,0.0003,0.15043306350708008,4530,-2.3966738104820253
700.1,200.0,696,167,455,116480,-0.0017745777498930694,0.3,14234.8037109375,0.0,31377.154931640624,0.0009836841,0.0003,0.017761647701263428,4540,-2.4203574299812316
699.9,200.0,696,167,456,116736,-0.0016186055494472385,0.3,3332.436767578125,0.0,14657.959301757812,0.00024799537,0.0003,0.2014690637588501,4550,-2.342540967464447
700.3,200.0,696,167,457,116992,-0.0014454773627221584,0.3,21538.251953125,0.0,26199.978955078124,0.00025066338,0.0003,0.07335531711578369,4560,-2.3941635966300963
697.2,200.0,696,168,458,117248,-0.0017248144024051726,0.3,3683.91455078125,0.0,14919.056201171876,0.0003807873,0.0003,0.06482911109924316,4570,-2.3897331595420837
695.0,200.0,697,168,459,117504,-0.0006582599133253097,0.3,13819.5751953125,0.0,22455.243701171876,0.00016995822,0.0003,0.1008029580116272,4580,-2.434479057788849
695.2,200.0,697,168,460,117760,-0.002933658449910581,0.3,10373.212890625,0.0,18565.519921875,0.0002989408,0.0003,0.1079438328742981,4590,-2.454458487033844
705.4,200.0,697,169,461,118016,-0.0025581186870113014,0.3,9895.423828125,0.0,20798.1310546875,0.0004182323,0.0003,-0.1681675910949707,4600,-2.451578986644745
704.6,200.0,697,169,462,118272,-0.0025238335831090806,0.3,7461.15380859375,0.0,21760.2423828125,0.00034445757,0.0003,0.10861420631408691,4610,-2.375201940536499
701.7,200.0,698,169,463,118528,-0.002716963004786521,0.3,4542.43603515625,0.0,7887.744110107422,0.00043844944,0.0003,0.17850720882415771,4620,-2.4562499046325685
699.1,200.0,698,170,464,118784,8.746122475713491e-05,0.3,11595.0576171875,0.0,14784.421520996093,0.00055539445,0.0003,0.07232171297073364,4630,-2.383414852619171
699.7,200.0,695,171,465,119040,-0.004150721221230924,0.3,5520.23974609375,0.0,18439.92802734375,0.0018103623,0.0003,0.053696274757385254,4640,-2.384277069568634
702.8,200.0,693,171,466,119296,-0.0014622323215007782,0.3,18958.001953125,0.0,30768.92490234375,0.00097420625,0.0003,0.02383357286453247,4650,-2.4637678623199464
705.9,200.0,691,172,467,119552,-0.002762763318605721,0.3,7766.77880859375,0.0,17133.95390625,0.0006852704,0.0003,0.09556776285171509,4660,-2.4118820667266845
708.1,200.0,689,173,468,119808,-0.0073300634510815145,0.3,5298.29443359375,0.0,14692.52373046875,0.0019041549,0.0003,0.11771708726882935,4670,-2.4969608426094054
702.0,200.0,687,174,469,120064,-0.0032743480056524276,0.3,10373.3544921875,0.0,15433.059765625,0.0028828632,0.0003,0.21682965755462646,4680,-2.5058480501174927
703.4,200.0,684,175,470,120320,-0.0010887596756219864,0.3,14159.5908203125,0.0,20064.464453125,0.00025261985,0.0003,0.10944616794586182,4690,-2.5264549016952516
705.9,200.0,682,176,471,120576,-0.0033686428796499968,0.3,5858.568359375,0.0,14793.3197265625,0.0006761835,0.0003,0.17952734231948853,4700,-2.4911161780357363
704.2,200.0,680,177,472,120832,-0.0031165764667093754,0.3,17421.041015625,0.0,23562.956201171874,0.00046089408,0.0003,-0.05098772048950195,4710,-2.5061216592788695
716.7,200.0,678,178,473,121088,-0.001089493790641427,0.3,16175.126953125,0.0,30060.877734375,0.0003388417,0.0003,0.031130433082580566,4720,-2.418821907043457
711.0,200.0,676,179,474,121344,-0.0019083337625488638,0.3,9408.65234375,0.0,15967.90330810547,0.00018060044,0.0003,0.06584721803665161,4730,-2.458027458190918
711.3,200.0,674,180,475,121600,-0.002102414262481034,0.3,7868.06396484375,0.0,12918.217041015625,0.0003808951,0.0003,0.13535171747207642,4740,-2.449385392665863
711.2,200.0,673,181,476,121856,0.0001831011089961976,0.3,8184.2607421875,0.0,8714.049746704102,8.541602e-05,0.0003,0.1270461082458496,4750,-2.495503318309784
715.5,200.0,671,181,477,122112,-0.0003660630900412798,0.3,23840.27734375,0.0,38107.61005859375,3.2854266e-05,0.0003,0.06341075897216797,4760,-2.469452273845673
724.8,200.0,668,182,478,122368,-0.0012392321019433438,0.3,8907.953125,0.0,16077.303662109374,0.00011006766,0.0003,0.13085496425628662,4770,-2.4420392870903016
728.8,200.0,667,183,479,122624,-0.0007209284580312669,0.3,16853.037109375,0.0,24580.00166015625,0.00016435888,0.0003,0.12898457050323486,4780,-2.4775190949440002
735.0,200.0,665,184,480,122880,-0.007992453337647022,0.3,8999.279296875,0.0,13399.551928710938,0.0030905425,0.0003,0.16723716259002686,4790,-2.4932560205459593
742.5,200.0,663,185,481,123136,0.0009547121822834015,0.3,20061.32421875,0.0,33558.76240234375,0.0004904829,0.0003,0.061636269092559814,4800,-2.4716305494308473
740.7,200.0,661,186,482,123392,-0.0013049989473074674,0.3,6028.921875,0.0,17963.84670410156,6.756303e-05,0.0003,0.11317729949951172,4810,-2.5043957471847533
732.8,200.0,659,187,483,123648,-0.0039604843594133856,0.3,1226.123291015625,0.0,2605.953332519531,0.0013959233,0.0003,0.26556098461151123,4820,-2.5284775376319883
730.4,200.0,657,188,484,123904,-0.0001694208476692438,0.3,11488.4130859375,0.0,19579.12734375,0.00044366275,0.0003,0.06688070297241211,4830,-2.492995524406433
735.6,200.0,655,189,485,124160,-0.0031093074940145016,0.3,3812.83447265625,0.0,13592.206274414062,0.00030153175,0.0003,0.19182252883911133,4840,-2.4989976286888123
749.3,200.0,653,190,486,124416,-0.002737769391387701,0.3,11705.5966796875,0.0,14753.256591796875,0.00066623464,0.0003,0.21071934700012207,4850,-2.47456214427948
755.5,200.0,651,191,487,124672,-0.005925800162367522,0.3,11371.0341796875,0.0,17467.496337890625,0.0016658718,0.0003,0.05866599082946777,4860,-2.4724676966667176
759.3,200.0,649,192,488,124928,-0.002848697593435645,0.3,13855.978515625,0.0,38930.13623046875,0.001270565,0.0003,0.013857066631317139,4870,-2.474803924560547
759.7,200.0,647,193,489,125184,-0.007745622005313635,0.3,936.5897827148438,0.0015625,2135.1871704101563,0.0030266172,0.0003,0.0453760027885437,4880,-2.465250027179718
758.9,200.0,645,194,490,125440,-0.0027139244135469197,0.3,15672.095703125,0.0,29750.472705078126,0.0014295187,0.0003,0.08851683139801025,4890,-2.4734546899795533
753.3,200.0,643,195,491,125696,-0.0013396716909483074,0.3,12760.84765625,0.0,24871.163818359375,6.845826e-05,0.0003,0.17148154973983765,4900,-2.4800219774246215
752.0,200.0,641,196,492,125952,-0.0011245399247854948,0.3,7793.89892578125,0.0,10466.948605346679,9.09192e-05,0.0003,0.1428976058959961,4910,-2.4440376996994018
763.3,200.0,640,197,493,126208,-0.001180632133036852,0.3,6893.6171875,0.0,19572.331323242186,0.00015371758,0.0003,-0.003405451774597168,4920,-2.4612800598144533
761.0,200.0,638,198,494,126464,-0.003178218740504235,0.3,13834.6875,0.0,30819.87685546875,0.000470398,0.0003,0.16427546739578247,4930,-2.4458940386772157
763.1,200.0,636,199,495,126720,-0.0007433914113789796,0.3,11352.208984375,0.0,14319.104907226563,0.00016955426,0.0003,0.10374796390533447,4940,-2.484616208076477
766.5,200.0,634,200,496,126976,-0.0007684120326302945,0.3,10393.873046875,0.0,18343.277075195314,8.654781e-05,0.0003,0.06140989065170288,4950,-2.4412766456604005
766.3,200.0,633,200,497,127232,-0.0005767564056441188,0.3,11794.8818359375,0.0,19170.623046875,2.9717106e-05,0.0003,0.12536948919296265,4960,-2.4329392671585084
766.4,200.0,631,201,498,127488,-0.0007963316747918725,0.3,8562.6904296875,0.0,23688.85612792969,4.516309e-05,0.0003,0.14785706996917725,4970,-2.4449188709259033
759.2,200.0,629,202,499,127744,-0.006443031993694603,0.3,742.0908813476562,0.0,1693.2356689453125,0.002126093,0.0003,0.43513965606689453,4980,-2.4465888261795046
764.6,200.0,627,203,500,128000,-0.002938986266963184,0.3,7940.09033203125,0.0,14701.745385742188,0.0041007493,0.0003,0.0671272873878479,4990,-2.4608204841613768
768.8,200.0,626,204,501,128256,-0.0012089849449694156,0.3,16888.255859375,0.0,26488.047412109376,0.00059952145,0.0003,0.0604172945022583,5000,-2.407264828681946
766.6,200.0,624,205,502,128512,-0.0008777639013715088,0.3,10897.3857421875,0.0,24440.534765625,7.238565e-05,0.0003,0.17558211088180542,5010,-2.3911275625228883
764.6,200.0,622,206,503,128768,-0.0063039063243195415,0.3,5171.068359375,0.0,13099.696215820313,0.0010041255,0.0003,0.0467759370803833,5020,-2.4396364092826843
767.3,200.0,621,207,504,129024,-0.002728865563403815,0.3,8701.7021484375,0.0,15153.079370117188,0.0005461159,0.0003,0.14345777034759521,5030,-2.418331837654114
765.3,200.0,619,208,505,129280,0.00024028110783547163,0.3,16378.427734375,0.0,32159.6427734375,7.316703e-05,0.0003,0.179071843624115,5040,-2.3831677198410035
767.5,200.0,618,209,506,129536,-0.0007086637255270034,0.3,8251.767578125,0.0,14037.018420410157,2.4254201e-05,0.0003,0.15927982330322266,5050,-2.420265805721283
768.9,200.0,616,210,507,129792,-0.0027154477778822184,0.3,10444.77734375,0.0,18969.0529296875,0.0005157471,0.0003,0.09410637617111206,5060,-2.452688765525818
766.6,200.0,615,211,508,130048,-0.002116912347264588,0.3,2742.09228515625,0.0,12598.095874023438,0.0019249516,0.0003,0.13896536827087402,5070,-2.4896557092666627
769.6,200.0,613,212,509,130304,-0.0009875851916149258,0.3,14119.29296875,0.0,26198.616162109374,0.00031496724,0.0003,0.18728619813919067,5080,-2.4349884033203124
767.2,200.0,612,213,510,130560,-0.0006495517445728183,0.3,11859.427734375,0.0,14275.554858398438,4.566484e-05,0.0003,0.16941922903060913,5090,-2.4223742961883543
770.7,200.0,610,214,511,130816,-0.0006013879319652915,0.3,9503.4765625,0.0,17850.19599609375,6.599771e-05,0.0003,0.1335870623588562,5100,-2.3694306373596192
772.9,200.0,609,215,512,131072,-0.0010123621206730605,0.3,16513.408203125,0.0,27808.430224609376,5.7209283e-05,0.0003,0.129522442817688,5110,-2.431318187713623
770.7,200.0,608,215,513,131328,-0.000927132205106318,0.3,6347.42578125,0.0,22777.75390625,7.661199e-05,0.0003,-0.03888118267059326,5120,-2.494244134426117
769.4,200.0,606,216,514,131584,-0.0003255547024309635,0.3,2669.778076171875,0.0,15937.2033203125,2.5949208e-05,0.0003,0.017262041568756104,5130,-2.4637723922729493
770.6,200.0,605,217,515,131840,-0.0007009473163634538,0.3,9537.1279296875,0.0,11026.569897460937,3.565941e-05,0.0003,0.04394024610519409,5140,-2.422681152820587
776.2,200.0,603,218,516,132096,-0.00029758436139672997,0.3,20320.103515625,0.0,27495.5310546875,2.5790883e-05,0.0003,0.12621402740478516,5150,-2.450154173374176
762.6,200.0,602,219,517,132352,-0.0017677207943052053,0.3,1205.0050048828125,0.0,2166.344793701172,0.00024936185,0.0003,0.3840733766555786,5160,-2.457693946361542
764.9,200.0,601,220,518,132608,-0.0007455694256350398,0.3,12226.0712890625,0.0,18305.779443359374,0.00024284655,0.0003,-0.1001288890838623,5170,-2.4277127146720887
766.6,200.0,600,221,519,132864,-0.0006384666543453932,0.3,11958.8017578125,0.0,26034.455712890624,6.3413754e-05,0.0003,0.10229867696762085,5180,-2.417070245742798
769.3,200.0,598,222,520,133120,-0.0013197620632126928,0.3,2576.657470703125,0.0,14308.447973632812,0.00030526007,0.0003,0.06896603107452393,5190,-2.4542720675468446
774.3,200.0,597,223,521,133376,-0.0036330344155430794,0.3,7637.2880859375,0.0,14208.157250976563,0.0011651372,0.0003,0.15018290281295776,5200,-2.373500204086304
774.3,200.0,596,224,522,133632,-0.0002875963458791375,0.3,14784.267578125,0.0,23805.275048828124,0.0002579561,0.0003,0.025967717170715332,5210,-2.3403343558311462
779.9,200.0,594,225,523,133888,-0.002110485912999138,0.3,13227.2666015625,0.0,21362.2458984375,0.00029296894,0.0003,0.18463504314422607,5220,-2.3825232863426207
777.5,200.0,593,225,524,134144,-0.0001712464727461338,0.3,4727.6572265625,0.0,19443.41875,0.00011208281,0.0003,0.005453705787658691,5230,-2.366693413257599
773.8,200.0,592,226,525,134400,-0.0014616810949519277,0.3,7965.966796875,0.0,14974.585620117188,0.0002507011,0.0003,0.15607470273971558,5240,-2.381327044963837
778.0,200.0,591,227,526,134656,-0.000553410907741636,0.3,2459.0810546875,0.0,11913.727221679688,8.9207664e-05,0.0003,0.059183359146118164,5250,-2.4111017107963564
775.4,200.0,590,228,527,134912,-0.001222004322335124,0.3,18393.435546875,0.0,28117.54755859375,0.00020875596,0.0003,0.10320937633514404,5260,-2.322282373905182
776.9,200.0,588,229,528,135168,-0.0037263249512761833,0.3,7392.23828125,0.0,16031.478466796874,0.0010849524,0.0003,0.17132002115249634,5270,-2.4169713258743286
779.2,200.0,587,230,529,135424,-0.003934562252834439,0.3,5977.64892578125,0.0,13733.829760742188,0.0011775873,0.0003,0.1406470537185669,5280,-2.4274441599845886
772.0,200.0,586,231,530,135680,-0.002377836126834154,0.3,15325.037109375,0.0,38812.7666015625,0.00022163661,0.0003,-0.006491541862487793,5290,-2.4830108523368835
771.0,200.0,585,232,531,135936,-0.0031008915044367313,0.3,4839.13037109375,0.0,16459.69453125,0.0004942815,0.0003,0.013055026531219482,5300,-2.383107030391693
769.3,200.0,584,233,532,136192,-0.00483516538515687,0.3,7753.232421875,0.0,12801.304858398438,0.0016051475,0.0003,0.17188912630081177,5310,-2.449503242969513
775.2,200.0,582,234,533,136448,-0.0021354269701987505,0.3,13549.451171875,0.0,21300.490576171876,0.0013086216,0.0003,-0.022915959358215332,5320,-2.484130787849426
780.7,200.0,581,234,534,136704,-0.000639294390566647,0.3,13010.4521484375,0.0,37614.862109375,9.226124e-05,0.0003,0.05356168746948242,5330,-2.432353639602661
779.9,200.0,580,235,535,136960,-0.0006915246834978461,0.3,5454.302734375,0.0,12300.9919921875,3.8587954e-05,0.0003,0.07659214735031128,5340,-2.4730666995048525
785.4,200.0,579,236,536,137216,-0.0003868685103952885,0.3,5051.771484375,0.0,13252.244580078124,3.726082e-05,0.0003,0.12177324295043945,5350,-2.4416777968406675
786.9,200.0,578,237,537,137472,-0.002186543447896838,0.3,12901.7216796875,0.0,27082.194921875,0.00041402061,0.0003,0.19041681289672852,5360,-2.428951096534729
786.4,200.0,577,238,538,137728,0.0004371178336441517,0.3,10319.96484375,0.0,13218.906506347656,0.00019252533,0.0003,0.15315884351730347,5370,-2.351265180110931
787.8,200.0,576,239,539,137984,-0.002463956316933036,0.3,13681.6904296875,0.0,18197.629833984374,0.000556845,0.0003,0.0325048565864563,5380,-2.3819618225097656
790.3,200.0,575,240,540,138240,-0.002177948143798858,0.3,6230.9248046875,0.0,13111.36015625,0.0007549438,0.0003,0.09747308492660522,5390,-2.395434284210205
788.6,200.0,574,241,541,138496,-0.0021796985529363155,0.3,20572.32421875,0.0,34104.12856445312,0.0009251591,0.0003,0.14479583501815796,5400,-2.3115105032920837
789.1,200.0,573,242,542,138752,-0.0022100867005065083,0.3,8870.1064453125,0.0,12690.431884765625,0.00080353953,0.0003,0.11959898471832275,5410,-2.383457589149475
787.8,200.0,571,243,543,139008,-0.0020121702924370765,0.3,4581.701171875,0.0,14969.063500976563,0.00043211062,0.0003,0.1809958815574646,5420,-2.3576651930809023
784.9,200.0,570,244,544,139264,0.0005164213944226503,0.3,12232.521484375,0.0,30107.222998046876,0.000115778064,0.0003,0.12058776617050171,5430,-2.29503515958786
781.8,200.0,569,244,545,139520,-0.0020566405029967426,0.3,6344.3515625,0.0,10973.9791015625,0.0004322636,0.0003,0.2011251449584961,5440,-2.291726589202881
788.6,200.0,568,245,546,139776,-0.001488579623401165,0.3,9259.603515625,0.0,23019.736865234376,0.00041110232,0.0003,0.0816451907157898,5450,-2.355651688575745
793.8,200.0,567,246,547,140032,-0.0004115660209208727,0.3,6114.85693359375,0.0,13095.375854492188,6.969483e-05,0.0003,0.1625608205795288,5460,-2.3194846868515016
795.0,200.0,565,248,548,140288,-0.001780776132363826,0.3,9281.640625,0.0,23236.754833984374,0.00021747942,0.0003,0.2123492956161499,5470,-2.239273798465729
794.2,200.0,564,248,549,140544,-0.0015632826136425138,0.3,8073.623046875,0.0,10911.339038085938,0.00023541995,0.0003,0.13829255104064941,5480,-2.211672782897949
801.0,200.0,563,249,550,140800,-0.0012121710111387073,0.3,3201.857177734375,0.0,9089.673703002929,0.00018106378,0.0003,0.1931557059288025,5490,-2.3379753947257997
799.3,200.0,562,250,551,141056,-0.0010809869156219066,0.3,6473.32861328125,0.0,12519.555133056641,0.0004914375,0.0003,0.14905774593353271,5500,-2.3342929244041444
799.2,200.0,561,251,552,141312,-0.0027113719843328,0.3,15747.6943359375,0.0,28593.920703125,0.00043255277,0.0003,0.14200443029403687,5510,-2.2839069247245787
801.9,200.0,560,252,553,141568,-0.008068534638732671,0.3,6416.943359375,0.0,12905.597430419923,0.0045233713,0.0003,0.18951547145843506,5520,-2.394653928279877
805.9,200.0,559,253,554,141824,-0.00020769117400050164,0.3,11502.3486328125,0.0,19024.79482421875,0.0023933018,0.0003,0.024568557739257812,5530,-2.3768651127815246
804.3,200.0,558,254,555,142080,-0.0019344514701515436,0.3,14357.3056640625,0.0,34736.03740234375,0.0004106448,0.0003,-0.011913061141967773,5540,-2.383378279209137
802.6,200.0,556,255,556,142336,-0.0016599518712610006,0.3,6919.9833984375,0.0,14874.828198242187,0.00010025897,0.0003,0.17579448223114014,5550,-2.4038529872894285
800.5,200.0,555,256,557,142592,-0.0008874679449945688,0.3,6421.875,0.0,14441.076611328124,7.8168465e-05,0.0003,0.11974626779556274,5560,-2.4185469150543213
787.7,200.0,554,257,558,142848,-0.00017573661170899868,0.3,9101.2734375,0.0,11725.032666015624,2.9195566e-05,0.0003,0.164476215839386,5570,-2.3943082332611083
791.4,200.0,553,258,559,143104,-0.0004491410218179226,0.3,8453.2294921875,0.0,21712.289306640625,3.160769e-05,0.0003,0.11101484298706055,5580,-2.421037745475769
797.1,200.0,552,259,560,143360,-0.0019423454301431774,0.3,8994.4736328125,0.0,13870.988647460938,0.00031024055,0.0003,0.12744557857513428,5590,-2.33369357585907
806.6,200.0,551,260,561,143616,-0.005978923937072977,0.3,4001.831787109375,0.0,11432.93505859375,0.0010147775,0.0003,0.22808831930160522,5600,-2.3472885608673097
811.4,200.0,552,260,562,143872,0.001172766217496246,0.3,10597.6083984375,0.0,24653.743798828124,0.00027037528,0.0003,0.1657150387763977,5610,-2.3061213374137877
814.9,200.0,552,260,563,144128,-0.0010668863775208592,0.3,9886.12890625,0.0,18422.581420898438,0.00014588633,0.0003,-0.05981040000915527,5620,-2.45356707572937
811.5,200.0,552,261,564,144384,-0.001633646886330098,0.3,6445.04150390625,0.0,14582.25517578125,0.00024679978,0.0003,0.1189718246459961,5630,-2.290758717060089
804.7,200.0,553,261,565,144640,-0.002844994142651558,0.3,11214.4794921875,0.0,15222.0150390625,0.0004908433,0.0003,0.17680734395980835,5640,-2.2798260688781737
801.3,200.0,553,261,566,144896,-0.0007630090694874525,0.3,16264.5234375,0.0,24579.294775390626,0.000104909996,0.0003,0.18674665689468384,5650,-2.359485363960266
803.9,200.0,553,262,567,145152,-0.0007497798185795545,0.3,5803.21142578125,0.0,9066.85439453125,8.314126e-05,0.0003,0.2522904872894287,5660,-2.3945075154304503
808.1,200.0,554,262,568,145408,-0.001560360612347722,0.3,5351.646484375,0.0,15039.977392578125,0.00036104047,0.0003,0.16508632898330688,5670,-2.330393874645233
813.4,200.0,554,262,569,145664,-3.4511496778577566e-05,0.3,11432.7919921875,0.0,15222.390954589844,2.0809239e-05,0.0003,0.023972809314727783,5680,-2.3592779874801635
819.6,200.0,554,262,570,145920,-0.00036379387602210046,0.3,15104.416015625,0.0,33978.0478515625,1.9885134e-05,0.0003,0.1632656455039978,5690,-2.3115140318870546
818.2,200.0,555,263,571,146176,-0.0005564830091316253,0.3,11877.4453125,0.0,17129.242041015626,0.00011274265,0.0003,0.1709808111190796,5700,-2.333255481719971
815.7,200.0,555,263,572,146432,-0.0006854285602457821,0.3,2882.558349609375,0.0,9946.140087890624,0.00015315786,0.0003,0.13360774517059326,5710,-2.324151611328125
816.7,200.0,555,263,573,146688,-0.0024281436344608665,0.3,16742.90234375,0.0,20161.085021972656,0.0005582629,0.0003,0.2081354856491089,5720,-2.3372498989105224
812.5,200.0,556,264,574,146944,-0.002106027794070542,0.3,7236.40283203125,0.0,13694.819653320312,0.00033776485,0.0003,0.14515095949172974,5730,-2.3049033284187317
811.9,200.0,556,264,575,147200,-0.000761467358097434,0.3,8506.4833984375,0.0,14782.007592773438,0.00014065951,0.0003,0.22632378339767456,5740,-2.3550372838974
811.2,200.0,557,264,576,147456,-0.001197292422875762,0.3,9538.205078125,0.0,17349.488720703124,0.00011723139,0.0003,0.0905415415763855,5750,-2.3469778418540956
826.6,200.0,557,264,577,147712,-0.0016128113493323326,0.3,2820.02197265625,0.0,18647.89289550781,0.00021615135,0.0003,0.2072116732597351,5760,-2.368562948703766
826.4,200.0,557,265,578,147968,-0.0005810894072055817,0.3,7856.51611328125,0.0,15564.24951171875,0.00015694904,0.0003,0.14015668630599976,5770,-2.30049204826355
809.6,200.0,558,265,579,148224,-0.00212124390527606,0.3,11174.3447265625,0.0,13353.241772460937,0.00073265703,0.0003,0.19069701433181763,5780,-2.3676359176635744
808.6,200.0,558,265,580,148480,-0.0015741623705253006,0.3,18528.603515625,0.0,23432.49326171875,0.00022676727,0.0003,0.23478484153747559,5790,-2.2543938398361205
805.0,200.0,558,266,581,148736,-0.0007228064350783825,0.3,7473.849609375,0.0,15010.59578857422,0.000105170766,0.0003,0.13275748491287231,5800,-2.367827606201172
803.5,200.0,559,266,582,148992,-0.0010007039178162812,0.3,10071.5068359375,0.0,12752.730395507813,8.149282e-05,0.0003,0.2840416431427002,5810,-2.3443429827690125
807.2,200.0,559,266,583,149248,-0.0015464874217286707,0.3,10216.896484375,0.0,17937.491650390624,0.00016619964,0.0003,0.07116568088531494,5820,-2.35483865737915
806.7,200.0,559,267,584,149504,-0.00041136681102216244,0.3,9792.69140625,0.0,28395.67314453125,0.00014282507,0.0003,0.13800770044326782,5830,-2.4085644841194154
811.9,200.0,559,267,585,149760,-0.001216750661842525,0.3,9721.0712890625,0.0,14986.904467773438,0.0001960271,0.0003,0.14764004945755005,5840,-2.2848027467727663
815.3,200.0,560,267,586,150016,-0.0013156667700968683,0.3,8392.4326171875,0.0,15342.86875,0.00011459552,0.0003,0.2553279995918274,5850,-2.2337592244148254
816.6,200.0,560,268,587,150272,-0.0028875489253550766,0.3,9838.6396484375,0.0,28218.060546875,0.0013968353,0.0003,0.16735434532165527,5860,-2.289697897434235
819.2,200.0,560,268,588,150528,-0.0009511802112683654,0.3,10387.7607421875,0.0,14118.363012695312,0.00075411284,0.0003,0.13046085834503174,5870,-2.3011780261993406
820.4,200.0,561,268,589,150784,-0.0013213056488893926,0.3,5749.4462890625,0.0,12571.854858398438,7.899525e-05,0.0003,0.21074700355529785,5880,-2.4230614066123963
816.3,200.0,561,269,590,151040,-0.002290523168630898,0.3,5808.05810546875,0.0,11988.823266601563,0.00027930085,0.0003,0.2025938630104065,5890,-2.391557347774506
821.2,200.0,561,269,591,151296,-0.0010057756677269935,0.3,9775.2802734375,0.0,30824.18388671875,0.00019488647,0.0003,0.12267875671386719,5900,-2.261004292964935
821.0,200.0,561,269,592,151552,-0.00932038330938667,0.3,5200.0380859375,0.0,13404.963549804688,0.0033931257,0.0003,0.1551082730293274,5910,-2.3935472846031187
816.8,200.0,562,269,593,151808,-0.006403707200661302,0.3,7921.5126953125,0.0,14208.923266601563,0.0032665906,0.0003,0.22980892658233643,5920,-2.327495288848877
814.0,200.0,562,270,594,152064,-0.0019261085311882199,0.3,6164.783203125,0.0,9602.708813476562,0.00038074586,0.0003,0.24828296899795532,5930,-2.21097617149353
818.2,200.0,562,270,595,152320,-0.0028129949001595377,0.3,5405.7890625,0.0,20243.272802734376,0.0012586883,0.0003,-0.022890925407409668,5940,-2.3863698482513427
815.4,200.0,563,270,596,152576,-0.00011730741243809462,0.3,14581.0185546875,0.0,31160.1810546875,0.00015489385,0.0003,0.1173849105834961,5950,-2.3932844281196592
820.2,200.0,563,271,597,152832,-0.0009531535208225251,0.3,12235.015625,0.0,15060.757543945312,7.951888e-05,0.0003,0.22705233097076416,5960,-2.353602850437164
816.9,200.0,564,271,598,153088,-0.0007261696271598339,0.3,9598.2724609375,0.0,28627.215576171875,4.775473e-05,0.0003,0.16347813606262207,5970,-2.3162185907363892
820.4,200.0,564,271,599,153344,-0.0018976782448589802,0.3,8221.02734375,0.0,14204.19132080078,0.00042106165,0.0003,0.20577311515808105,5980,-2.2809908270835875
824.0,200.0,564,272,600,153600,-0.001717786048538983,0.3,9155.521484375,0.0,14219.630041503906,0.0008224542,0.0003,0.136247456073761,5990,-2.3968811511993406
819.4,200.0,565,272,601,153856,-0.001546037383377552,0.3,10098.7880859375,0.0,28378.26240234375,0.0007395388,0.0003,0.0926893949508667,6000,-2.3652669191360474
819.2,200.0,565,272,602,154112,0.00027451575733721255,0.3,12758.6640625,0.0,35345.10625,0.00013622269,0.0003,0.016498088836669922,6010,-2.33042768239975
819.4,200.0,565,272,603,154368,-0.007585811032913625,0.3,3752.42919921875,0.0,14053.991418457032,0.0015374441,0.0003,0.15475040674209595,6020,-2.361371433734894
822.4,200.0,566,273,604,154624,-0.0004748476087115705,0.3,10247.21875,0.0,14358.190283203125,0.00057801744,0.0003,0.1436980962753296,6030,-2.4407767772674562
822.4,200.0,566,273,605,154880,-0.0008535198867321014,0.3,9917.9951171875,0.0,36275.47490234375,0.00011725584,0.0003,0.03744840621948242,6040,-2.417592430114746
820.9,200.0,566,273,606,155136,-0.00033768173307180405,0.3,9641.5166015625,0.0,14779.7125,4.4954708e-05,0.0003,0.12280267477035522,6050,-2.372114634513855
820.6,200.0,566,274,607,155392,-0.0006945941830053925,0.3,5992.63232421875,0.0,11086.841955566406,4.6005705e-05,0.0003,0.12601858377456665,6060,-2.4613567352294923
816.5,200.0,567,274,608,155648,-0.001078769681043923,0.3,7244.056640625,0.0,17940.134521484375,8.26919e-05,0.0003,0.07529342174530029,6070,-2.393583524227142
823.1,200.0,567,274,609,155904,-0.0005866497056558728,0.3,11801.546875,0.0,30475.99267578125,0.00010630116,0.0003,0.11972904205322266,6080,-2.3594748973846436
821.9,200.0,567,274,610,156160,-0.0007612439803779125,0.3,11651.564453125,0.0,13829.22744140625,0.0002390598,0.0003,0.15043920278549194,6090,-2.413135898113251
822.5,200.0,568,275,611,156416,-0.00021935317199677228,0.3,11451.8984375,0.0,20721.241796875,0.0010699255,0.0003,-0.09247016906738281,6100,-2.4056644797325135
817.0,200.0,568,275,612,156672,-0.0004474762943573296,0.3,9599.1689453125,0.0,15858.662841796875,1.2676464e-05,0.0003,0.034563302993774414,6110,-2.428479778766632
821.9,200.0,568,275,613,156928,-0.0011324360035359859,0.3,8652.513671875,0.0,12926.54296875,6.509782e-05,0.0003,0.19082534313201904,6120,-2.4250858783721925
816.0,200.0,569,276,614,157184,-0.0020400768145918844,0.3,10335.546875,0.0,12269.762756347656,0.00015397812,0.0003,0.2424660325050354,6130,-2.4083242416381836
809.4,200.0,569,276,615,157440,-0.0010788030223920942,0.3,4453.72412109375,0.0,16385.843359375,0.00012875348,0.0003,0.10479015111923218,6140,-2.461488497257233
809.6,200.0,569,276,616,157696,-0.003146296041086316,0.3,7804.46435546875,0.0,18755.450146484374,0.0016741457,0.0003,0.23201042413711548,6150,-2.3781827807426454
806.9,200.0,570,277,617,157952,-0.0020357358967885374,0.3,874.0287475585938,0.0,2266.688751220703,0.00089663826,0.0003,-0.12818706035614014,6160,-2.4317177295684815
813.6,200.0,570,277,618,158208,-0.001043076498899609,0.3,13274.01953125,0.0,44461.0208984375,5.626399e-05,0.0003,-0.08601713180541992,6170,-2.417567765712738
820.1,200.0,570,277,619,158464,-0.0005688519449904561,0.3,14086.6455078125,0.0,24768.204052734374,0.0001415452,0.0003,0.07112067937850952,6180,-2.440911865234375
835.3,200.0,571,277,620,158720,-0.0004173961468040943,0.3,12467.1650390625,0.0,19626.920751953126,0.00011002668,0.0003,0.05883735418319702,6190,-2.4024900674819945
836.5,200.0,571,278,621,158976,-0.0007596988696604967,0.3,11343.962890625,0.0,20482.593701171874,3.3448217e-05,0.0003,0.018016159534454346,6200,-2.329729461669922
844.0,200.0,571,278,622,159232,-0.0025264636380597947,0.3,4328.44482421875,0.0,14542.823547363281,0.0002473318,0.0003,0.08685660362243652,6210,-2.3699156880378722
848.2,200.0,572,278,623,159488,-0.002691688248887658,0.3,11305.716796875,0.0,35276.33354492187,0.00033598067,0.0003,0.04531377553939819,6220,-2.4021646857261656
837.1,200.0,572,279,624,159744,-0.0009460150962695479,0.3,6302.26708984375,0.0,14029.686206054688,0.00020815572,0.0003,0.145300030708313,6230,-2.357870805263519
831.5,200.0,572,279,625,160000,-0.001310391037259251,0.3,8133.83251953125,0.0,19321.73955078125,0.0005234191,0.0003,-0.01762092113494873,6240,-2.449187862873077
827.4,200.0,573,279,626,160256,-0.0009430459700524807,0.3,8120.81884765625,0.0,12625.8677734375,0.00023710798,0.0003,0.17593199014663696,6250,-2.4689592719078064
839.0,200.0,573,279,627,160512,-9.200936183333397e-05,0.3,12381.259765625,0.0,38523.46591796875,2.4312641e-05,0.0003,0.1070132851600647,6260,-2.409063220024109
838.9,200.0,573,280,628,160768,-0.0030209357384592293,0.3,1233.652587890625,0.0,2759.6490478515625,0.0006198818,0.0003,0.17854422330856323,6270,-2.4213489174842833
848.2,200.0,574,280,629,161024,-0.0006533276289701461,0.3,19015.0,0.0,40816.933203125,8.662976e-05,0.0003,-0.029076099395751953,6280,-2.4324386596679686
850.0,200.0,574,280,630,161280,-0.0021933051757514477,0.3,20754.310546875,0.0,38612.139453125,0.00048739393,0.0003,0.05563992261886597,6290,-2.4478075385093687
862.0,200.0,574,281,631,161536,-0.0006632870063185692,0.3,13918.666015625,0.0,25924.164501953124,5.8792997e-05,0.0003,0.11046713590621948,6300,-2.465231645107269
860.9,200.0,575,281,632,161792,-0.0004891911288723349,0.3,6870.5166015625,0.0,15900.69326171875,0.0001241006,0.0003,0.166942298412323,6310,-2.40573627948761
851.1,200.0,575,281,633,162048,-0.001380932587198913,0.3,3340.306396484375,0.0,11318.001342773438,0.0004654138,0.0003,0.12351495027542114,6320,-2.4423269867897033
847.2,200.0,575,281,634,162304,-0.0018783488310873508,0.3,12121.8193359375,0.0,25712.817626953125,0.00039252033,0.0003,0.1577901840209961,6330,-2.360164165496826
847.2,200.0,576,282,635,162560,-0.0006094278651289642,0.3,2766.31201171875,0.0,9486.632141113281,0.00014101854,0.0003,0.16522276401519775,6340,-2.360233736038208
857.8,200.0,576,282,636,162816,-0.0016242523211985826,0.3,7667.56640625,0.0,20596.4833984375,8.928776e-05,0.0003,-0.02705061435699463,6350,-2.4065913200378417
866.7,200.0,576,282,637,163072,-0.0017895231954753398,0.3,22895.033203125,0.0,38267.185546875,0.00010893121,0.0003,-0.04568934440612793,6360,-2.4655651092529296
867.8,200.0,576,283,638,163328,-0.0015693380264565349,0.3,10481.6240234375,0.0,15595.902001953125,0.00025731255,0.0003,0.15247482061386108,6370,-2.448911118507385
868.0,200.0,577,283,639,163584,-0.0006062866421416401,0.3,4218.42529296875,0.0,15567.444873046876,0.00026403926,0.0003,0.0063228607177734375,6380,-2.465306615829468
875.2,200.0,577,283,640,163840,-0.0006245217751711607,0.3,8913.76953125,0.0,17403.585571289062,3.6553713e-05,0.0003,0.11388957500457764,6390,-2.4099239706993103
872.8,200.0,577,283,641,164096,-0.0004816182423382998,0.3,10661.1435546875,0.0,29311.35400390625,2.1502841e-05,0.0003,0.1355445384979248,6400,-2.392569661140442
875.6,200.0,578,284,642,164352,-0.002922817901708186,0.3,7877.18408203125,0.0,13325.782348632812,0.00064286543,0.0003,0.16273945569992065,6410,-2.4304880499839783
882.6,200.0,578,284,643,164608,-0.0009974425192922354,0.3,17774.498046875,0.0,25584.779833984376,9.318115e-05,0.0003,0.05310279130935669,6420,-2.3853222012519835
884.1,200.0,578,284,644,164864,-0.0008711895672604442,0.3,13722.5908203125,0.0,38766.03818359375,7.701316e-05,0.0003,-0.04014849662780762,6430,-2.4486633777618407
879.4,200.0,578,285,645,165120,-0.0010088317561894656,0.3,5165.2216796875,0.0,13253.62431640625,7.553841e-05,0.0003,0.09500724077224731,6440,-2.241714262962341
869.8,200.0,579,285,646,165376,-0.0009345828788354993,0.3,1354.6700439453125,0.0,2537.395458984375,6.0278224e-05,0.0003,-0.12068784236907959,6450,-2.4223068237304686
870.8,200.0,579,285,647,165632,-0.0016851387219503522,0.3,2429.615966796875,0.0,14693.359729003907,0.00032642856,0.0003,0.04597604274749756,6460,-2.409947097301483
875.3,200.0,579,286,648,165888,-0.0007911990163847804,0.3,15395.9970703125,0.0,29591.56962890625,0.00013343105,0.0003,-0.026558399200439453,6470,-2.409944987297058
873.6,200.0,579,286,649,166144,-0.0005402509588748217,0.3,6503.72119140625,0.0,13712.161010742188,6.1580446e-05,0.0003,0.1398109793663025,6480,-2.4361693024635316
873.9,200.0,580,286,650,166400,-0.0012428449466824532,0.3,12353.0341796875,0.0,26544.3724609375,0.00040955003,0.0003,0.05837172269821167,6490,-2.429848480224609
870.8,200.0,580,287,651,166656,-0.005356175266206265,0.3,4312.69287109375,0.0,12895.075927734375,0.00335149,0.0003,0.03362518548965454,6500,-2.399063301086426
872.8,200.0,580,287,652,166912,-0.0035071618389338256,0.3,16103.5322265625,0.0,24860.358349609374,0.0016039519,0.0003,0.12359964847564697,6510,-2.2809807419776917
874.1,200.0,579,288,653,167168,-0.0011287150206044315,0.3,5419.55224609375,0.0,12415.037219238282,0.00020689028,0.0003,0.1555718183517456,6520,-2.274261748790741
881.6,200.0,578,289,654,167424,0.00019442327320575714,0.3,6027.91357421875,0.0,15439.875036621093,0.00022762967,0.0003,0.14325207471847534,6530,-2.314003562927246
871.4,200.0,577,290,655,167680,-0.0008760225959122181,0.3,8534.80859375,0.0,23995.945947265624,0.00019480474,0.0003,0.17321574687957764,6540,-2.400482881069183
871.1,200.0,576,291,656,167936,-0.0015980619005858897,0.3,9757.28125,0.0,15385.402282714844,0.00019139331,0.0003,0.11040252447128296,6550,-2.3196717739105224
874.9,200.0,575,292,657,168192,-0.004190645040944218,0.3,3618.100830078125,0.0,13626.400244140625,0.0012236137,0.0003,0.05789762735366821,6560,-2.4047144532203673
880.5,200.0,574,293,658,168448,-0.00032057218486443163,0.3,6050.31640625,0.0,13348.524633789062,0.00022246572,0.0003,-0.0013812780380249023,6570,-2.312236177921295
880.6,200.0,573,294,659,168704,-0.004845626512542367,0.3,7340.07470703125,0.0,14873.304736328126,0.0027624995,0.0003,0.2397136688232422,6580,-2.301875913143158
883.3,200.0,572,295,660,168960,-0.0033678689505904913,0.3,12414.7333984375,0.0,23413.10244140625,0.0022942086,0.0003,0.04019647836685181,6590,-2.3522596836090086
882.9,200.0,571,296,661,169216,-0.0026829388691112397,0.3,5336.458984375,0.0,10681.144702148438,0.00094404165,0.0003,0.17841076850891113,6600,-2.3180368185043334
879.4,200.0,570,297,662,169472,-0.004244719608686864,0.3,7337.833984375,0.0,28528.61298828125,0.001905384,0.0003,0.14586836099624634,6610,-2.2317411303520203
873.8,200.0,569,298,663,169728,-0.003170505352318287,0.3,5229.73779296875,0.0,12537.199267578126,0.00093477475,0.0003,0.11122411489486694,6620,-2.2288254261016847
874.9,200.0,568,299,664,169984,-0.0013107145205140114,0.3,5629.68603515625,0.0,12831.244946289062,0.0006242357,0.0003,0.13355016708374023,6630,-2.273380899429321
877.1,200.0,567,300,665,170240,-0.001823530881665647,0.3,10623.6142578125,0.0,14317.369409179688,0.00018158136,0.0003,0.20715183019638062,6640,-2.2733060717582703
880.1,200.0,566,301,666,170496,-0.0005504648201167583,0.3,6745.59033203125,0.0,20378.101440429688,0.0002368819,0.0003,0.14649909734725952,6650,-2.310679388046265
884.5,200.0,565,301,667,170752,-0.001172955916263163,0.3,13139.7783203125,0.0,16052.95126953125,0.000106636435,0.0003,0.161241352558136,6660,-2.3848215699195863
891.7,200.0,564,302,668,171008,-0.004146551503799856,0.3,4110.896484375,0.0,12672.93067626953,0.0013897663,0.0003,0.25960493087768555,6670,-2.3742663741111754
889.2,200.0,563,303,669,171264,-0.0002994148293510079,0.3,16348.9013671875,0.0,34708.131640625,9.2107104e-05,0.0003,0.17935824394226074,6680,-2.3854450464248655
891.1,200.0,562,304,670,171520,-0.005948680266737938,0.3,14197.248046875,0.0,18449.191650390625,0.0031502042,0.0003,0.04914224147796631,6690,-2.336368215084076
888.3,200.0,561,305,671,171776,-0.009714193688705564,0.3,7964.3349609375,0.0,13180.799536132812,0.0046550296,0.0003,0.23566830158233643,6700,-2.245549726486206
886.7,200.0,560,306,672,172032,0.004180595185607672,0.3,4999.77490234375,0.0,12434.004168701173,0.0025756722,0.0003,0.16244739294052124,6710,-2.255639672279358
890.8,200.0,559,307,673,172288,-0.005833976552821696,0.3,9648.2060546875,0.0,20850.23056640625,0.0022028263,0.0003,-0.15850567817687988,6720,-2.3224629759788513
892.5,200.0,559,308,674,172544,-0.00046641924418509004,0.3,5709.48974609375,0.0,24715.179150390624,8.319784e-05,0.0003,0.11031979322433472,6730,-2.232570159435272
892.4,200.0,558,309,675,172800,-0.0022020668955519797,0.3,15217.39453125,0.0,35931.46689453125,0.00055989414,0.0003,0.1545225977897644,6740,-2.263647735118866
895.9,200.0,557,310,676,173056,-0.00252175749046728,0.3,304.3938293457031,0.0,8297.402416992187,0.00065654377,0.0003,0.20819693803787231,6750,-2.1823572516441345
891.1,200.0,556,311,677,173312,-0.0009443891700357199,0.3,15845.9794921875,0.0,30594.704541015624,0.00015717,0.0003,0.11028867959976196,6760,-2.202475202083588
892.8,200.0,555,312,678,173568,-0.0016234897775575519,0.3,662.0914306640625,0.0,1562.64619140625,0.00017698621,0.0003,0.12628173828125,6770,-2.306651401519775
887.3,200.0,555,313,679,173824,-0.003090183867607266,0.3,7519.9130859375,0.0,13005.475744628906,0.0009227835,0.0003,0.08163362741470337,6780,-2.3347296953201293
886.0,200.0,554,314,680,174080,0.00016883551143109798,0.3,8092.45458984375,0.0,35745.859375,0.00017201365,0.0003,-0.04779326915740967,6790,-2.308871054649353
882.7,200.0,553,314,681,174336,-0.000436068931594491,0.3,4310.974609375,0.0,12600.989379882812,2.5160145e-05,0.0003,0.10976248979568481,6800,-2.2993020534515383
890.0,200.0,552,315,682,174592,-0.0012277792207896709,0.3,15529.73828125,0.0,27007.45537109375,5.8935024e-05,0.0003,0.09076166152954102,6810,-2.3043371081352233
897.1,200.0,551,316,683,174848,-0.0038297818042337894,0.3,7134.634765625,0.0,11399.301794433593,0.0013834478,0.0003,0.2713701128959656,6820,-2.265103793144226
896.4,200.0,550,317,684,175104,-0.004341892548836768,0.3,12427.9091796875,0.0,29828.9984375,0.0006674791,0.0003,0.13720595836639404,6830,-2.3466561436653137
896.5,200.0,550,318,685,175360,-0.0005186086287721992,0.3,11814.1630859375,0.0,18514.5732421875,0.0004935728,0.0003,0.055919528007507324,6840,-2.2681679248809816
900.2,200.0,549,319,686,175616,-0.0011461867485195397,0.3,2696.79248046875,0.0,9756.635327148437,0.00031947065,0.0003,0.08901554346084595,6850,-2.1419116497039794
884.5,200.0,548,320,687,175872,-0.0008044692454859615,0.3,4225.67236328125,0.0,13290.189733886718,8.260808e-05,0.0003,0.26443344354629517,6860,-2.192539966106415
882.6,200.0,548,321,688,176128,-0.003948458447121083,0.3,1157.189453125,0.0,2378.9569763183595,0.0015270775,0.0003,0.23082506656646729,6870,-2.3938501358032225
883.6,200.0,547,322,689,176384,0.0004784591030329466,0.3,23547.412109375,0.0,44192.1478515625,0.0009985773,0.0003,-0.06900012493133545,6880,-2.357419955730438
888.5,200.0,546,323,690,176640,-0.0028459979454055428,0.3,4857.09814453125,0.0,12541.304614257813,0.0010762743,0.0003,0.13427388668060303,6890,-2.280013155937195
880.2,200.0,545,324,691,176896,-0.0006244076648727059,0.3,8012.57568359375,0.0,28227.834619140624,0.00036514434,0.0003,0.14640599489212036,6900,-2.2167001724243165
884.0,200.0,544,325,692,177152,-0.001817361218854785,0.3,3799.827392578125,0.0,13604.085656738282,0.00037921057,0.0003,0.09164595603942871,6910,-2.4086538434028624
884.6,200.0,544,326,693,177408,-0.005883547570556402,0.3,6974.74560546875,0.0,10015.544213867188,0.002467117,0.0003,0.2366895079612732,6920,-2.333627498149872
884.6,200.0,543,327,694,177664,-0.005957271670922637,0.3,10116.3837890625,0.0,19892.460986328126,0.006829663,0.0003,-0.017780303955078125,6930,-2.422812259197235
884.8,200.0,542,327,695,177920,0.001397389965131879,0.3,25520.861328125,0.0,38541.04638671875,0.0038211716,0.0003,0.1027839183807373,6940,-2.3629111766815187
877.3,200.0,541,328,696,178176,-0.0005198298953473568,0.3,5046.7646484375,0.0,7877.775531005859,6.249384e-05,0.0003,0.2050839066505432,6950,-2.3818585753440855
881.5,200.0,541,329,697,178432,-0.0006480542244389654,0.3,5188.3642578125,0.0,13860.300366210937,1.5842961e-05,0.0003,0.13076269626617432,6960,-2.4290980100631714
870.4,200.0,540,330,698,178688,-0.0010461151832714677,0.3,14192.7197265625,0.0,26053.774951171876,0.00021499279,0.0003,0.18018215894699097,6970,-2.4016942977905273
867.9,200.0,539,331,699,178944,-0.0006736302049830556,0.3,11531.5205078125,0.0,22970.566625976564,3.5291072e-05,0.0003,0.08152925968170166,6980,-2.3857181429862977
859.0,200.0,538,332,700,179200,-0.0014809467131271959,0.3,4786.47314453125,0.0,13408.086987304687,0.00052125007,0.0003,0.1856650710105896,6990,-2.4624053597450257
854.1,200.0,538,333,701,179456,-0.002866086224094033,0.3,7140.853515625,0.0,15654.709790039062,0.0015420415,0.0003,0.15097016096115112,7000,-2.4406114339828493
856.0,200.0,538,333,702,179712,-0.0007097081281244755,0.3,11149.15234375,0.0,23373.16220703125,7.089018e-05,0.0003,0.19538646936416626,7010,-2.4624464869499207
855.0,200.0,538,334,703,179968,-0.001317708782153204,0.3,4768.0615234375,0.0,13085.096508789062,7.420848e-05,0.0003,0.2196493148803711,7020,-2.425767993927002
859.7,200.0,538,334,704,180224,-0.0037636573193594812,0.3,4892.54052734375,0.0,11506.621801757812,0.00042037922,0.0003,0.2898532748222351,7030,-2.4104071497917174
857.0,200.0,538,334,705,180480,-0.0005956800538115204,0.3,10757.4521484375,0.0,16753.266748046874,0.00026276056,0.0003,0.16951203346252441,7040,-2.335340213775635
851.2,200.0,539,335,706,180736,-0.00058679583016783,0.3,15535.1494140625,0.0,41156.311328125,3.710459e-05,0.0003,-0.03538703918457031,7050,-2.3962892413139345
848.0,200.0,539,335,707,180992,-0.008148534665815532,0.3,367.98016357421875,0.00078125,11747.462460327148,0.008350699,0.0003,0.19291406869888306,7060,-2.466440963745117
828.5,200.0,539,335,708,181248,-0.0031226768624037504,0.3,4883.24951171875,0.0,13133.781372070312,0.004579494,0.0003,0.26092779636383057,7070,-2.462713432312012
819.6,200.0,540,336,709,181504,0.0019792099366895853,0.3,7266.7392578125,0.0,13019.993225097656,0.00014261995,0.0003,0.013869047164916992,7080,-2.5193427205085754
821.1,200.0,540,336,710,181760,-0.001691937493160367,0.3,6094.3291015625,0.0,13590.71025390625,0.0006048705,0.0003,0.20054227113723755,7090,-2.4744393467903136
812.2,200.0,540,336,711,182016,-0.00447189649567008,0.3,13551.408203125,0.0,18949.43369140625,0.0017969133,0.0003,-0.014771819114685059,7100,-2.4868937134742737
816.8,200.0,540,336,712,182272,-0.00013157608918845654,0.3,15777.859375,0.0,29291.15205078125,0.00076336274,0.0003,0.1491912603378296,7110,-2.4777553200721742
817.5,200.0,541,337,713,182528,-0.0007947844045702368,0.3,3410.483154296875,0.0,11915.233740234375,5.5337558e-05,0.0003,0.2271488904953003,7120,-2.459892821311951
808.2,200.0,541,337,714,182784,-0.007846345193684101,0.3,8427.908203125,0.0,10405.452380371094,0.0031533684,0.0003,0.28342366218566895,7130,-2.4862826347351072
800.8,200.0,541,337,715,183040,-0.0006555965635925531,0.3,9661.2548828125,0.0,15364.322241210937,0.002007999,0.0003,0.18146562576293945,7140,-2.4325723171234133
797.8,200.0,542,338,716,183296,-8.069388568401336e-05,0.3,14681.625,0.0,34025.448046875,3.4950906e-05,0.0003,0.044418156147003174,7150,-2.414506423473358
795.1,200.0,542,338,717,183552,-0.0006050233263522386,0.3,9950.6904296875,0.0,19078.3443359375,1.6320497e-05,0.0003,0.016264259815216064,7160,-2.463787341117859
796.8,200.0,542,338,718,183808,-0.0007609283784404397,0.3,13536.7900390625,0.0,21696.85029296875,9.84231e-05,0.0003,-0.030903339385986328,7170,-2.471829521656036
793.7,200.0,543,338,719,184064,-0.0027889137621968985,0.3,13774.494140625,0.0,17808.745532226563,0.00052305055,0.0003,0.16140758991241455,7180,-2.4454447269439696
794.6,200.0,543,339,720,184320,-0.0011788525007432327,0.3,2300.83544921875,0.0,11851.496118164063,0.000731413,0.0003,0.155819833278656,7190,-2.3700143098831177
793.5,200.0,543,339,721,184576,-0.00117682961281389,0.3,5505.78271484375,0.0,8793.433813476562,0.00019163685,0.0003,0.1784171462059021,7200,-2.4220934987068174
796.4,200.0,543,339,722,184832,-0.00037592810112982986,0.3,10244.5234375,0.0,19739.761669921874,5.2220887e-05,0.0003,0.021836161613464355,7210,-2.4406176805496216
800.9,200.0,544,340,723,185088,-0.0009051387198269368,0.3,13388.244140625,0.0,19012.49541015625,5.6617428e-05,0.0003,0.20249515771865845,7220,-2.3711310744285585
810.4,200.0,544,340,724,185344,-0.0009544625179842114,0.3,1297.7235107421875,0.0,2954.8654052734373,7.219752e-05,0.0003,-0.18624424934387207,7230,-2.40962233543396
812.7,200.0,544,340,725,185600,-0.0009413182968273758,0.3,8389.697265625,0.0,30061.5259765625,0.00022137538,0.0003,0.09345096349716187,7240,-2.396344745159149
805.3,200.0,545,340,726,185856,-0.0037202601321041583,0.3,15136.3740234375,0.0,21828.115625,0.0012502987,0.0003,0.13383907079696655,7250,-2.4049144268035887
804.3,200.0,545,341,727,186112,-8.560800924897193e-05,0.3,17972.916015625,0.0,24052.831396484376,0.0003264523,0.0003,0.12407684326171875,7260,-2.3659352540969847
803.0,200.0,545,341,728,186368,-0.001195228926371783,0.3,3762.92333984375,0.0,16226.9578125,0.00017454033,0.0003,0.04582083225250244,7270,-2.422881019115448
795.0,200.0,545,341,729,186624,-0.0003314187750220299,0.3,8363.42578125,0.0,17666.90739746094,0.00014324277,0.0003,0.07328343391418457,7280,-2.397997772693634
794.1,200.0,546,342,730,186880,-0.00047029806300997735,0.3,8995.5703125,0.0,17216.486474609374,3.2555312e-05,0.0003,0.1615810990333557,7290,-2.4094199180603026
788.0,200.0,546,342,731,187136,-0.0008359765401110053,0.3,8677.1474609375,0.0,15261.307177734376,6.893906e-05,0.0003,0.20015227794647217,7300,-2.3275338411331177
783.4,200.0,546,342,732,187392,-0.0018854389199987054,0.3,2684.375244140625,0.0,12039.317700195312,0.00047186413,0.0003,0.215282142162323,7310,-2.475434195995331
790.1,200.0,547,343,733,187648,-0.002966555766761303,0.3,6129.294921875,0.0,10602.491064453125,0.00024086586,0.0003,0.1448255181312561,7320,-2.4024272322654725
792.2,200.0,547,343,734,187904,-0.00254663263913244,0.3,10770.3115234375,0.0,25258.190966796876,0.0008264545,0.0003,0.19062107801437378,7330,-2.300432002544403
784.1,200.0,547,343,735,188160,-0.0012721072998829186,0.3,10037.9375,0.0,14330.53939819336,0.00010457821,0.0003,0.2373630404472351,7340,-2.3754212975502016
788.7,200.0,547,343,736,188416,-0.0012414836324751376,0.3,3400.89599609375,0.0,14851.963793945313,0.00024619605,0.0003,0.15970206260681152,7350,-2.3276073336601257
790.9,200.0,548,344,737,188672,-0.0013475405285134912,0.3,8725.9951171875,0.0,30965.587109375,0.00023574452,0.0003,-0.16590535640716553,7360,-2.4310823678970337
792.4,200.0,548,344,738,188928,-0.0028545351582579316,0.3,5504.83154296875,0.0,13244.60029296875,0.0015361523,0.0003,0.21524548530578613,7370,-2.389609694480896
793.6,200.0,548,344,739,189184,-0.0060302066849544644,0.3,2087.742431640625,0.0,11563.017907714844,0.002351063,0.0003,0.2654759883880615,7380,-2.3886550664901733
800.4,200.0,549,345,740,189440,-0.0008755475748330355,0.3,3515.956298828125,0.00078125,12616.5552734375,0.0048488798,0.0003,0.2409026026725769,7390,-2.4171117305755616
800.7,200.0,549,345,741,189696,-0.0007614440051838756,0.3,6647.6201171875,0.0,25073.531494140625,0.0003128592,0.0003,0.19433945417404175,7400,-2.3867660999298095
801.4,200.0,549,345,742,189952,-0.0008701512822881341,0.3,14326.2275390625,0.0,21309.506201171876,4.7615264e-05,0.0003,-0.10537827014923096,7410,-2.344835877418518
799.7,200.0,549,345,743,190208,-0.0003848617430776358,0.3,8759.8486328125,0.0,17117.80380859375,2.1053245e-05,0.0003,0.019491851329803467,7420,-2.323056864738464
795.7,200.0,550,346,744,190464,-0.0007266223197802901,0.3,9331.0849609375,0.0,28825.76630859375,9.68189e-05,0.0003,0.15396004915237427,7430,-2.407433807849884
795.9,200.0,550,346,745,190720,-0.001980444579385221,0.3,2385.7548828125,0.0,11517.349365234375,0.0003129125,0.0003,0.1784876585006714,7440,-2.4611727595329285
790.4,200.0,550,346,746,190976,-0.0011921190307475626,0.3,5059.12548828125,0.0,13903.9560546875,0.0002219479,0.0003,0.10289502143859863,7450,-2.373700511455536
788.5,200.0,551,347,747,191232,-0.0006605439353734255,0.3,8386.9892578125,0.0,14080.951953125,8.8024884e-05,0.0003,0.2329045534133911,7460,-2.3695847392082214
784.1,200.0,551,347,748,191488,-0.002454650076106191,0.3,5978.83837890625,0.0,12621.738305664063,0.00028124056,0.0003,0.2866086959838867,7470,-2.4388025641441344
785.9,200.0,551,347,749,191744,-0.0008596689673140645,0.3,7523.71630859375,0.0,14442.814135742188,0.00013292301,0.0003,0.1610906720161438,7480,-2.3561936378479005
784.5,200.0,551,347,750,192000,-0.0010016893967986107,0.3,10804.978515625,0.0,14835.663757324219,0.00012058625,0.0003,0.08665156364440918,7490,-2.4233662486076355
785.1,200.0,552,348,751,192256,-0.0007300788653083146,0.3,7949.7705078125,0.0,9093.385687255859,5.9983926e-05,0.0003,0.10378867387771606,7500,-2.4645669937133787
779.5,200.0,552,348,752,192512,-0.0011378054041415453,0.3,9424.72265625,0.0,23483.01025390625,7.91573e-05,0.0003,0.19860416650772095,7510,-2.410184931755066
779.2,200.0,552,348,753,192768,-0.0007441094843670726,0.3,4367.3173828125,0.0,12827.936450195313,0.000105695566,0.0003,0.2759019732475281,7520,-2.4419270515441895
786.4,200.0,553,349,754,193024,-0.0005440887995064259,0.3,11261.42578125,0.0,16715.55712890625,7.901923e-05,0.0003,0.14293140172958374,7530,-2.3708839416503906
782.1,200.0,553,349,755,193280,-0.0006436360767111182,0.3,22164.10546875,0.0,28984.3576171875,2.0863954e-05,0.0003,-0.0008407831192016602,7540,-2.3989742040634154
783.9,200.0,553,349,756,193536,-0.002040356118232012,0.3,17879.83984375,0.0,38340.30263671875,0.00085027027,0.0003,-0.05435633659362793,7550,-2.4192572355270388
782.2,200.0,553,349,757,193792,-0.000876553007401526,0.3,9188.9072265625,0.0,13565.387890625,8.9634676e-05,0.0003,0.1524638533592224,7560,-2.440592014789581
792.1,200.0,554,350,758,194048,-0.001281033456325531,0.3,11920.1591796875,0.0,19766.79326171875,0.0001728218,0.0003,0.03449302911758423,7570,-2.375341534614563
797.0,200.0,554,350,759,194304,-0.0009431340266019105,0.3,16869.08203125,0.0,37069.8134765625,9.0856105e-05,0.0003,0.02603745460510254,7580,-2.424731767177582
795.3,200.0,554,350,760,194560,-0.00376696502789855,0.3,829.3162231445312,0.0,1944.9122375488282,0.0019834312,0.0003,0.3504601716995239,7590,-2.3754467725753785
797.3,200.0,554,351,761,194816,0.0002074821852147579,0.3,20867.310546875,0.0,37950.11328125,0.00102964,0.0003,0.0930858850479126,7600,-2.3431044578552247
800.0,200.0,555,351,762,195072,-0.0013633721508085727,0.3,17439.400390625,0.0,29906.151171875,0.000101820566,0.0003,0.07868009805679321,7610,-2.3745891094207763
797.7,200.0,555,351,763,195328,-0.0012076397193595766,0.3,6713.3251953125,0.0,16587.623583984376,0.00013819337,0.0003,0.18834412097930908,7620,-2.3867133140563963
805.1,200.0,555,351,764,195584,-0.0002661388833075762,0.3,3505.68017578125,0.0,17067.29013671875,0.000113746384,0.0003,0.11508649587631226,7630,-2.4392977714538575
816.9,200.0,555,352,765,195840,-0.0018886227626353502,0.3,7824.98974609375,0.0,21907.99709472656,0.00023743999,0.0003,0.0893436074256897,7640,-2.4482033967971804
821.5,200.0,556,352,766,196096,-0.0008176332339644432,0.3,15518.6357421875,0.0,26090.502685546875,0.00018821238,0.0003,0.2103000283241272,7650,-2.335546815395355
818.6,200.0,556,352,767,196352,-0.002829426247626543,0.3,3382.144775390625,0.0,13339.986254882813,0.0018125407,0.0003,0.18159717321395874,7660,-2.3908284068107606
813.7,200.0,556,353,768,196608,-0.0016455665696412324,0.3,8855.1708984375,0.0,17242.916772460936,0.00044312305,0.0003,0.08687049150466919,7670,-2.360488748550415
818.9,200.0,557,353,769,196864,-0.00027850291226059196,0.3,7908.24560546875,0.0,24442.256005859374,0.00017792778,0.0003,0.12258672714233398,7680,-2.439729642868042
817.7,200.0,557,353,770,197120,-0.0011196573032066226,0.3,6374.01611328125,0.0,13067.248803710938,7.200171e-05,0.0003,0.2190767526626587,7690,-2.3149431467056276
819.1,200.0,557,353,771,197376,-0.0009349043015390634,0.3,6159.021484375,0.0,11361.68162841797,0.00016367645,0.0003,0.3022492527961731,7700,-2.384410393238068
823.3,200.0,557,354,772,197632,-0.0005963730160146952,0.3,8021.79345703125,0.0,14230.660455322266,0.00013202615,0.0003,0.1980265974998474,7710,-2.3617300033569335
825.3,200.0,558,354,773,197888,-0.0020903974771499636,0.3,10068.310546875,0.0,21850.656005859375,0.00023903325,0.0003,0.2680985927581787,7720,-2.3957672119140625
825.8,200.0,558,354,774,198144,-0.008822001004591584,0.3,4900.8134765625,0.0015625,10315.976293945312,0.0103878025,0.0003,0.25512057542800903,7730,-2.288126301765442
824.3,200.0,557,355,775,198400,-0.00029446063563227655,0.3,2092.74951171875,0.0,13211.315856933594,0.0040971804,0.0003,0.09150576591491699,7740,-2.183726894855499
822.6,200.0,557,356,776,198656,-0.0033129530667793004,0.3,8327.7216796875,0.0,12584.50390625,0.0013694107,0.0003,0.19170868396759033,7750,-2.1984991312026976
823.3,200.0,556,357,777,198912,-0.0017532027326524259,0.3,12596.1708984375,0.0,21816.1044921875,0.001138553,0.0003,0.1609291434288025,7760,-2.133819210529327
827.4,200.0,555,358,778,199168,-0.0004822440445423126,0.3,15858.203125,0.0,25442.645556640626,0.00021243002,0.0003,0.09710574150085449,7770,-2.077671134471893
838.3,200.0,554,359,779,199424,-0.0012276292312890292,0.3,4705.65283203125,0.0,8500.384558105468,0.0006290679,0.0003,0.26594269275665283,7780,-2.139142465591431
843.6,200.0,554,360,780,199680,-0.0011110704625025391,0.3,10055.53515625,0.0,24935.367529296876,0.0004719107,0.0003,0.163285493850708,7790,-2.288033127784729
852.9,200.0,553,361,781,199936,-0.004752327594906092,0.3,7079.70849609375,0.0,10404.523565673828,0.0010666365,0.0003,0.2510582208633423,7800,-2.2083056211471557
858.0,200.0,552,362,782,200192,-0.0020868290914222596,0.3,1341.2401123046875,0.0,2813.642138671875,0.0014884884,0.0003,-0.022810935974121094,7810,-2.306357753276825
844.9,200.0,551,363,783,200448,-0.0016663794172927736,0.3,14905.6552734375,0.0,34908.75009765625,0.0013120794,0.0003,-0.002182602882385254,7820,-2.1545016527175904
843.2,200.0,551,363,784,200704,-0.0016564157675020396,0.3,3861.923583984375,0.0,14962.9623046875,0.000389362,0.0003,0.03975135087966919,7830,-2.2552635312080382
847.9,200.0,551,364,785,200960,-0.004220248339697719,0.3,6472.263671875,0.0,12053.625592041015,0.0018757344,0.0003,0.2074410319328308,7840,-2.3768754601478577
852.9,200.0,551,364,786,201216,-0.00040817768312990667,0.3,4497.306640625,0.0,14636.940747070312,0.0012705398,0.0003,0.19378936290740967,7850,-2.3196863532066345
850.3,200.0,552,364,787,201472,-0.00082443633582443,0.3,4301.55224609375,0.0,16957.8478515625,2.9972987e-05,0.0003,-0.006724238395690918,7860,-2.3989953637123107
858.2,200.0,552,365,788,201728,-0.0008442078367806971,0.3,6047.71142578125,0.0,13884.6271484375,0.0002370649,0.0003,0.16892021894454956,7870,-2.3574522614479063
862.1,200.0,552,365,789,201984,-0.003691978007555008,0.3,9037.0927734375,0.0,12953.033911132812,0.00058709783,0.0003,0.22527217864990234,7880,-2.3362483024597167
872.9,200.0,552,365,790,202240,-0.0009037552401423455,0.3,3354.7900390625,0.0,12453.758935546875,0.00026749633,0.0003,0.19524824619293213,7890,-2.4013729810714723
869.4,200.0,553,366,791,202496,-0.0022992301266640423,0.3,22392.763671875,0.0,27597.211279296876,0.00073934,0.0003,0.09633326530456543,7900,-2.373339080810547
873.0,200.0,553,366,792,202752,-0.00041547336149960756,0.3,10582.4931640625,0.0,20938.016333007814,9.6034026e-05,0.0003,-0.058399200439453125,7910,-2.36728059053421
876.0,200.0,553,366,793,203008,-0.0005618641851469874,0.3,3488.359619140625,0.0,10877.742797851562,4.3986365e-05,0.0003,0.15684419870376587,7920,-2.276335060596466
877.4,200.0,553,366,794,203264,-0.0004468957311473787,0.3,11790.1552734375,0.0,21371.358984375,1.0721618e-05,0.0003,0.14812880754470825,7930,-2.3467222452163696
886.2,200.0,554,367,795,203520,-0.0032888589426875114,0.3,783.0210571289062,0.0,9197.570849609376,0.00046806107,0.0003,0.20334607362747192,7940,-2.3857857465744017
881.1,200.0,554,367,796,203776,-0.0013323638122528791,0.3,1523.4716796875,0.0,14305.580529785157,0.0007153477,0.0003,0.1593664288520813,7950,-2.292972242832184
884.5,200.0,554,367,797,204032,-0.0028503407957032323,0.3,5489.4052734375,0.0,8540.174810791015,0.0013821481,0.0003,0.2587254047393799,7960,-2.312731111049652
884.2,200.0,554,368,798,204288,-0.005257873889058828,0.3,14611.2705078125,0.0,30311.88330078125,0.0026694115,0.0003,0.04828214645385742,7970,-2.364348757266998
880.9,200.0,555,368,799,204544,-0.0003575286362320185,0.3,603.509765625,0.0,1577.1301818847655,0.000111746136,0.0003,0.41077518463134766,7980,-2.240464210510254
866.0,200.0,555,368,800,204800,-0.0022510808426886796,0.3,3123.551513671875,0.0,9986.919995117187,0.0009282788,0.0003,0.3542662262916565,7990,-2.288473296165466
849.3,200.0,555,369,801,205056,-0.0022871808847412466,0.3,2728.767578125,0.0,5457.33828125,0.0007037744,0.0003,-0.7136478424072266,8000,-2.3000298857688906
849.4,200.0,555,369,802,205312,-0.0013926863204687834,0.3,1213.3037109375,0.0,3400.9865844726564,0.00044984813,0.0003,-0.17988669872283936,8010,-2.358942115306854
844.8,200.0,555,369,803,205568,-0.011514603835530579,0.3,819.7606811523438,0.00234375,1743.0341186523438,0.0045756,0.0003,0.5157259106636047,8020,-2.3303658723831178
831.4,200.0,556,370,804,205824,-0.001978576625697315,0.3,1686.14013671875,0.0,3661.823376464844,0.0014788425,0.0003,-0.6677571535110474,8030,-2.457723331451416
832.0,200.0,556,370,805,206080,-0.002485687145963311,0.3,11799.2021484375,0.0,27448.252490234376,0.0007865038,0.0003,-0.026062965393066406,8040,-2.3815403819084167
835.8,200.0,556,370,806,206336,-0.0020697674015536906,0.3,740.1324462890625,0.0,9851.462310791016,0.0004841329,0.0003,0.13070684671401978,8050,-2.358532178401947
835.3,200.0,556,371,807,206592,-0.0012886266456916928,0.3,3310.876953125,0.0,14160.600079345702,0.00018378743,0.0003,0.09321433305740356,8060,-2.331465494632721
851.1,200.0,556,371,808,206848,-0.002458199509419501,0.3,6093.40625,0.0,12514.207690429688,0.0005362616,0.0003,0.21663779020309448,8070,-2.341357207298279
857.6,200.0,557,371,809,207104,0.00019161275122314692,0.3,15158.216796875,0.0,24934.24990234375,0.00021081022,0.0003,0.18856561183929443,8080,-2.3861570596694945
860.5,200.0,557,372,810,207360,-0.00202297349460423,0.3,5960.7802734375,0.0,17710.815649414064,0.0007244644,0.0003,0.08819079399108887,8090,-2.3847605109214784
858.9,200.0,557,372,811,207616,-0.0015535858226940035,0.3,647.8099975585938,0.0,8688.09301147461,0.00014000782,0.0003,0.24419593811035156,8100,-2.386910450458527
854.6,200.0,557,372,812,207872,-0.0014274297514930367,0.3,14718.5810546875,0.0,24750.897119140624,0.0007096245,0.0003,0.18829238414764404,8110,-2.2865640997886656
860.0,200.0,558,372,813,208128,-0.0031066562980413435,0.3,4196.0810546875,0.0,17294.55625,0.0009594981,0.0003,0.06245827674865723,8120,-2.3348676323890687
868.9,200.0,558,373,814,208384,-0.0014953513164073229,0.3,15324.36328125,0.0,25767.26357421875,0.00037102192,0.0003,0.029127180576324463,8130,-2.392348074913025
877.8,200.0,558,373,815,208640,-0.0013966855593025684,0.3,5435.52978515625,0.0,22091.682177734376,0.00012474926,0.0003,-0.023581862449645996,8140,-2.385440242290497
877.8,200.0,558,373,816,208896,-0.0005194044671952725,0.3,12201.40625,0.0,33296.38681640625,3.5619363e-05,0.0003,0.06357157230377197,8150,-2.44800785779953
876.1,200.0,558,374,817,209152,-0.001882523437961936,0.3,7615.82373046875,0.0,13466.145166015625,0.0003001988,0.0003,0.1762932538986206,8160,-2.3845431566238404
876.6,200.0,557,375,818,209408,-0.0017570889554917811,0.3,2403.887451171875,0.0,8562.317846679687,0.00058087823,0.0003,0.23320740461349487,8170,-2.3516863703727724
880.6,200.0,557,376,819,209664,-0.0002930422779172659,0.3,11383.5546875,0.0,25020.1275390625,8.048024e-05,0.0003,0.2115824818611145,8180,-2.3427231192588804
882.3,200.0,557,376,820,209920,-0.0010839552618563176,0.3,7521.26708984375,0.0,21647.233056640624,4.5959372e-05,0.0003,-0.24887430667877197,8190,-2.3365103244781493
889.8,200.0,557,376,821,210176,-0.0007885088329203427,0.3,11429.5986328125,0.0,18177.563317871092,5.411473e-05,0.0003,0.00033676624298095703,8200,-2.389365756511688
887.0,200.0,558,376,822,210432,-0.001141517562791705,0.3,8167.58642578125,0.0,13337.194274902344,0.0002302865,0.0003,0.15621447563171387,8210,-2.391156280040741
883.1,200.0,558,377,823,210688,-0.003736452735029161,0.3,14842.14453125,0.0,26228.49658203125,0.000864774,0.0003,0.1723920702934265,8220,-2.409015715122223
888.3,200.0,558,377,824,210944,-0.0008772520814090967,0.3,1138.4052734375,0.0,9450.087915039063,0.00018879469,0.0003,0.19235271215438843,8230,-2.385426926612854
885.0,200.0,558,377,825,211200,-0.0026520055718719958,0.3,814.0194091796875,0.0,2171.048937988281,0.00046120328,0.0003,0.3378547430038452,8240,-2.3852797031402586
888.3,200.0,559,378,826,211456,-0.0017019876977428794,0.3,8393.1630859375,0.0,18944.563427734374,0.00023068138,0.0003,0.009043991565704346,8250,-2.3857644319534304
886.2,200.0,559,378,827,211712,-6.823712028563023e-05,0.3,22190.48828125,0.0,30670.204833984375,3.7033577e-05,0.0003,0.046863675117492676,8260,-2.4218515038490294
890.9,200.0,559,378,828,211968,-0.0006184847326949239,0.3,3665.528564453125,0.0,9357.872900390625,4.392746e-05,0.0003,0.10908865928649902,8270,-2.420569586753845
894.8,200.0,559,379,829,212224,-0.0029042895999737083,0.3,5603.4833984375,0.0,11057.881219482422,0.0018766129,0.0003,0.21490931510925293,8280,-2.295317769050598
904.7,200.0,560,379,830,212480,-0.00017926651053130628,0.3,14578.3388671875,0.0,24544.970166015624,0.00041335728,0.0003,0.17264986038208008,8290,-2.278624415397644
904.6,200.0,560,379,831,212736,-0.002866310649551451,0.3,11220.2783203125,0.0,11794.573736572265,0.0011534318,0.0003,0.26707303524017334,8300,-2.3600102782249452
907.6,200.0,560,380,832,212992,-0.0016140093095600605,0.3,6368.58251953125,0.0,13647.941235351562,0.0011452469,0.0003,0.26181912422180176,8310,-2.373224413394928
911.3,200.0,560,380,833,213248,-0.00017444585682824254,0.3,8529.4921875,0.0,9603.881506347656,8.7068416e-05,0.0003,0.15783476829528809,8320,-2.3777040123939512
911.7,200.0,560,380,834,213504,-0.0011893888236954807,0.3,11258.37890625,0.0,31100.21748046875,0.00023281807,0.0003,0.11635082960128784,8330,-2.4141265511512757
915.6,200.0,561,380,835,213760,-0.002266066730953753,0.3,1543.7913818359375,0.0,13168.16220703125,0.00055402424,0.0003,0.18264394998550415,8340,-2.369178533554077
915.6,200.0,561,381,836,214016,-0.008218493801541627,0.3,10749.2734375,0.0,13342.393835449218,0.004239913,0.0003,0.25088346004486084,8350,-2.3638883948326113
916.0,200.0,561,381,837,214272,-0.0016809735447168351,0.3,7210.40234375,0.0,22325.51689453125,0.0017455562,0.0003,0.034055233001708984,8360,-2.3224053621292113
910.4,200.0,561,381,838,214528,-0.0002019780222326517,0.3,16384.134765625,0.0,41446.2505859375,6.44126e-05,0.0003,0.04007798433303833,8370,-2.3296518325805664
908.7,200.0,561,382,839,214784,-0.0014410023111850023,0.3,4987.9052734375,0.0,18591.901953125,0.0005390984,0.0003,-0.02236342430114746,8380,-2.3797191262245176
911.3,200.0,561,382,840,215040,-0.0013581342063844204,0.3,6525.7265625,0.0,13736.850506591796,0.0007366112,0.0003,0.20515292882919312,8390,-2.3058510065078734
912.6,200.0,561,383,841,215296,-0.000460326811298728,0.3,14986.73046875,0.0,23202.75126953125,0.00025017373,0.0003,0.14588963985443115,8400,-2.3151228189468385
906.3,200.0,561,384,842,215552,-0.0010830655228346586,0.3,7450.6201171875,0.0,12659.328332519532,8.847192e-05,0.0003,0.24237972497940063,8410,-2.3181761860847474
906.7,200.0,561,384,843,215808,-0.0013773062964901328,0.3,1589.6685791015625,0.0,11715.469946289062,0.00020086719,0.0003,0.26606684923171997,8420,-2.2417770981788636
902.5,200.0,561,384,844,216064,-0.0018609142396599054,0.3,22504.494140625,0.0,34051.86650390625,0.0007323052,0.0003,0.16994589567184448,8430,-2.340306317806244
910.0,200.0,561,384,845,216320,-0.0015403171069920062,0.3,4281.72607421875,0.0,11711.196032714844,0.0010736666,0.0003,0.3069077134132385,8440,-2.382152771949768
912.2,200.0,562,385,846,216576,-0.001627156906761229,0.3,4571.26220703125,0.0,14004.708471679687,0.0017088433,0.0003,0.1926000714302063,8450,-2.296639823913574
919.9,200.0,562,385,847,216832,-0.0025687536923214792,0.3,4398.3876953125,0.0,12547.425122070312,0.0008977186,0.0003,0.16215234994888306,8460,-2.3397162437438963
919.7,200.0,562,385,848,217088,-0.00010491157881915569,0.3,11495.40234375,0.0,22330.863037109375,0.00038964138,0.0003,0.26918548345565796,8470,-2.2633442997932436
919.6,200.0,562,386,849,217344,-0.002728728170040995,0.3,10007.8349609375,0.0,10595.054806518554,0.00096849,0.0003,0.23853594064712524,8480,-2.242816913127899
921.7,200.0,562,386,850,217600,-0.0015278142527677119,0.3,5409.103515625,0.0,7727.183447265625,0.0005985843,0.0003,0.2531704306602478,8490,-2.2843045353889466
924.3,200.0,563,386,851,217856,-0.0003257966600358486,0.3,6655.03857421875,0.0,13354.727355957031,0.00034911372,0.0003,0.23545902967453003,8500,-2.1956664323806763
927.2,200.0,563,387,852,218112,-0.0015678373165428638,0.3,10039.982421875,0.0,22873.8166015625,0.00010605669,0.0003,0.1382431983947754,8510,-2.33807133436203
929.1,200.0,563,387,853,218368,-0.002139481343328953,0.3,6918.92578125,0.0,11792.877392578124,0.00051387586,0.0003,0.30637699365615845,8520,-2.2784905433654785
936.5,200.0,563,387,854,218624,-0.00022528204135596752,0.3,5891.80126953125,0.0,12859.839331054687,0.00012575765,0.0003,0.279166579246521,8530,-2.2610573768615723
938.5,200.0,564,388,855,218880,-0.0011038684286177158,0.3,8469.181640625,0.0,24663.27666015625,0.0004391137,0.0003,0.13016486167907715,8540,-2.30015789270401
937.6,200.0,564,388,856,219136,-0.011873987969011068,0.3,8538.8310546875,0.0046875,25458.39453125,0.0078023802,0.0003,0.030704259872436523,8550,-2.341806507110596
933.0,200.0,564,388,857,219392,-0.004478577570989728,0.3,2622.92822265625,0.0,11988.38721923828,0.0014810376,0.0003,0.21683430671691895,8560,-2.211611771583557
925.4,200.0,564,389,858,219648,-0.00819467636756599,0.3,3430.846435546875,0.0,9904.566052246093,0.002261163,0.0003,0.142827570438385,8570,-2.3430039644241334
920.1,200.0,564,389,859,219904,-0.005730661237612367,0.3,7377.0126953125,0.0,19434.84619140625,0.0026318303,0.0003,0.18804597854614258,8580,-2.3934829592704774
916.4,200.0,565,389,860,220160,-0.0015933555434457958,0.3,5491.8095703125,0.0,14784.521765136718,0.00056088273,0.0003,0.09433197975158691,8590,-2.2685824751853945
923.0,200.0,565,389,861,220416,-0.00013406655052676796,0.3,6513.29248046875,0.0,13302.755615234375,7.107807e-05,0.0003,0.2741381525993347,8600,-2.200438439846039
926.3,200.0,565,390,862,220672,-0.0007877165917307138,0.3,12678.0,0.0,27514.09833984375,4.194281e-05,0.0003,0.09427028894424438,8610,-2.006964612007141
923.7,200.0,565,390,863,220928,-0.0023822384187951683,0.3,13144.5595703125,0.0,19103.805908203125,0.0013948199,0.0003,0.03807717561721802,8620,-2.2682904243469237
922.5,200.0,565,390,864,221184,-0.004465302359312773,0.3,2406.801025390625,0.0,8822.668713378906,0.0043908153,0.0003,0.19615209102630615,8630,-2.2766574144363405
934.0,200.0,566,391,865,221440,-0.0009678635746240616,0.3,14037.185546875,0.0,28098.511474609375,0.00040371786,0.0003,0.007811009883880615,8640,-2.390856456756592
926.4,200.0,566,391,866,221696,-0.0021058917976915837,0.3,4718.5185546875,0.0,19626.605078125,0.0010141258,0.0003,0.24739259481430054,8650,-2.2291434049606322
934.2,200.0,566,391,867,221952,0.0013518265681341291,0.3,946.9236450195312,0.0,2974.454913330078,6.917049e-05,0.0003,-0.17867720127105713,8660,-2.1529826045036318
927.6,200.0,566,392,868,222208,-0.0004304137080907822,0.3,27464.640625,0.0,37757.5951171875,0.00015233643,0.0003,0.11409944295883179,8670,-2.1517897248268127
928.4,200.0,566,392,869,222464,-0.0007206805632449687,0.3,6336.78515625,0.0,12911.152978515625,7.2771916e-05,0.0003,0.19666963815689087,8680,-2.2434144854545592
930.5,200.0,567,392,870,222720,-0.0006903685629367828,0.3,9184.580078125,0.0,25346.45869140625,9.959028e-05,0.0003,0.11243170499801636,8690,-2.25300532579422
933.8,200.0,567,393,871,222976,-0.002041463740170002,0.3,10821.66015625,0.0,12739.946875,0.00033018552,0.0003,0.1942964792251587,8700,-2.252232253551483
938.0,200.0,566,393,872,223232,-0.003013561898842454,0.3,6026.1337890625,0.0,13941.546313476563,0.0019932075,0.0003,0.2999493479728699,8710,-2.2256840109825133
935.0,200.0,566,394,873,223488,3.7659727968275544e-05,0.3,11193.9970703125,0.0,39301.11611328125,0.0010497961,0.0003,0.11430281400680542,8720,-2.291843843460083
935.1,200.0,565,395,874,223744,-0.0007106743985787034,0.3,7748.77001953125,0.0,12833.60390625,9.4741816e-05,0.0003,0.09779220819473267,8730,-2.356159484386444
933.0,200.0,566,395,875,224000,-0.0013598316814750432,0.3,6899.7119140625,0.0,12435.292236328125,9.473623e-05,0.0003,0.18391841650009155,8740,-2.322608542442322
934.7,200.0,566,395,876,224256,-0.005703216185793281,0.3,3751.8798828125,0.0,10815.492907714844,0.003617779,0.0003,0.2712634801864624,8750,-2.312537598609924
943.4,200.0,566,396,877,224512,-0.0018723811488598585,0.3,13478.1572265625,0.0,28984.495263671874,0.0029391332,0.0003,0.10463178157806396,8760,-2.3104043841362
943.6,200.0,566,396,878,224768,-0.001674295449629426,0.3,4974.189453125,0.0,16880.23212890625,0.0003035909,0.0003,0.054289817810058594,8770,-2.2653063416481016
979.6,200.0,567,396,879,225024,-0.0007096907123923301,0.3,5573.205078125,0.0,11101.338232421875,0.0001851914,0.0003,0.30259549617767334,8780,-2.3158661127090454
985.7,200.0,567,397,880,225280,0.00011489165481179953,0.3,14553.337890625,0.0,40334.059375,7.2838506e-05,0.0003,0.12332963943481445,8790,-2.3088390111923216
998.4,200.0,567,397,881,225536,-0.008852870622649788,0.3,7693.0390625,0.00078125,17284.65107421875,0.00401435,0.0003,0.14795857667922974,8800,-2.217065918445587
1012.4,200.0,567,397,882,225792,-0.0015813722275197506,0.3,2475.447998046875,0.0,8440.197009277344,0.0022702669,0.0003,0.2774527668952942,8810,-2.321706998348236
1012.0,200.0,567,398,883,226048,-0.004818737995810807,0.3,5682.1171875,0.000390625,9288.6611328125,0.005718342,0.0003,0.2966277599334717,8820,-2.296364629268646
1018.3,200.0,568,398,884,226304,-0.0014945780392736196,0.3,22867.673828125,0.0,38606.7431640625,0.0038358488,0.0003,0.15872400999069214,8830,-2.2258812546730042
1020.6,200.0,567,399,885,226560,-0.0002949678571894765,0.3,9248.5908203125,0.0,20025.33786621094,4.227087e-05,0.0003,-0.014401793479919434,8840,-2.1430026054382325
1025.3,200.0,567,399,886,226816,-0.0013354129623621702,0.3,6377.15185546875,0.0,9573.43783569336,0.0002465241,0.0003,0.21933233737945557,8850,-2.2704946875572203
1022.6,200.0,566,400,887,227072,-0.002034534222912043,0.3,8405.6005859375,0.0,23757.54892578125,0.00061660656,0.0003,0.20539116859436035,8860,-2.232383871078491
1016.3,200.0,565,401,888,227328,-0.007409181783441454,0.3,963.8355712890625,0.005859375,1848.7991943359375,0.0117023485,0.0003,0.5857539176940918,8870,-2.2103163242340087
1014.0,200.0,565,402,889,227584,0.0007223168388009072,0.3,8272.7734375,0.0,13150.939343261718,0.0023979698,0.0003,0.23905760049819946,8880,-2.115269327163696
1011.3,200.0,564,403,890,227840,-0.013885336974635721,0.3,1058.70556640625,0.01328125,2509.877160644531,0.013575454,0.0003,0.4293912649154663,8890,-2.215442407131195
1008.6,200.0,563,404,891,228096,-0.00367373526096344,0.3,16731.197265625,0.0,27527.931298828124,0.0042764572,0.0003,0.09398436546325684,8900,-2.2166186332702638
995.5,200.0,563,405,892,228352,-0.0014582103583961725,0.3,12699.5166015625,0.0,19051.3955078125,0.00041713007,0.0003,-0.03490316867828369,8910,-2.163647210597992
980.5,200.0,563,405,893,228608,-0.001747937430627644,0.3,1011.2003784179688,0.0,2592.3505737304686,0.0003076063,0.0003,-0.06626403331756592,8920,-2.2311766505241395
979.9,200.0,563,406,894,228864,-0.0018958077067509293,0.3,12236.4296875,0.0,20361.39150390625,0.0025012153,0.0003,0.23170751333236694,8930,-2.2920955181121827
976.2,200.0,563,406,895,229120,-0.002374749816954136,0.3,9115.1005859375,0.0,14483.110791015624,0.004214565,0.0003,0.12818962335586548,8940,-2.2402962327003477
969.7,200.0,564,406,896,229376,-0.0007930561900138855,0.3,1055.7567138671875,0.0,2465.9623107910156,8.32763e-05,0.0003,0.19764208793640137,8950,-2.339527440071106
965.8,200.0,564,406,897,229632,-0.0020954511826857926,0.3,6809.4326171875,0.0,7259.349133300781,0.0013526266,0.0003,0.3323807716369629,8960,-2.2127506732940674
968.3,200.0,564,407,898,229888,-0.0014538154006004333,0.3,14694.740234375,0.0,24600.91728515625,0.000627029,0.0003,0.1342015266418457,8970,-2.208630919456482
