time/total_timesteps,time/iterations,rollout/ep_rew_mean,time/time_elapsed,time/fps,rollout/ep_len_mean,train/loss,train/clip_fraction,train/clip_range,train/n_updates,train/approx_kl,train/value_loss,train/entropy_loss,train/policy_gradient_loss,train/learning_rate,train/explained_variance
256,1,360.0,0,806,200.0,,,,,,,,,,
512,2,295.0,0,839,200.0,14772.2509765625,0.0,0.3,10,0.00080464245,18066.1595703125,-2.5646777868270876,-0.004622856946662068,0.0003,-0.0009448528289794922
768,3,433.3333333333333,0,877,200.0,4783.62890625,0.0,0.3,20,0.0008333069,9572.17862548828,-2.5633256912231444,-0.0037637491477653384,0.0003,0.0019142627716064453
1024,4,448.0,1,875,200.0,5520.5234375,0.0,0.3,30,0.00071590045,8888.827069091796,-2.561434805393219,-0.002532254927791655,0.0003,0.004473865032196045
1280,5,448.3333333333333,1,872,200.0,8020.8779296875,0.0,0.3,40,0.00026161433,17931.232763671876,-2.5605384707450867,-0.0016065587289631367,0.0003,0.0066454410552978516
1536,6,465.7142857142857,1,877,200.0,2278.148681640625,0.0,0.3,50,0.00071586715,9101.414556884765,-2.559385299682617,-0.0038694208953529595,0.0003,0.006380438804626465
1792,7,475.0,2,889,200.0,3706.646728515625,0.0,0.3,60,0.00021999073,9027.656829833984,-2.560762047767639,-0.0014776986907236278,0.0003,0.012223005294799805
2048,8,467.0,2,899,200.0,1226.9444580078125,0.0,0.3,70,0.00022872654,8982.695666503907,-2.5602766275405884,-0.0019524688366800546,0.0003,0.013587534427642822
2304,9,445.45454545454544,2,905,200.0,7970.39697265625,0.0,0.3,80,0.00012082793,17805.42385253906,-2.560540556907654,-0.0010579471476376058,0.0003,0.016573727130889893
2560,10,453.3333333333333,2,907,200.0,3973.62939453125,0.0,0.3,90,0.0004908391,9155.815393066407,-2.5594470858573914,-0.0038053736090660093,0.0003,0.017039775848388672
2816,11,468.57142857142856,3,914,200.0,8165.56689453125,0.0,0.3,100,0.0008961973,9372.449627685546,-2.5567421078681947,-0.002730418799910694,0.0003,0.03245013952255249
3072,12,484.0,3,915,200.0,4841.8388671875,0.0,0.3,110,0.0006200385,8904.237844848632,-2.5525099992752076,-0.0013841468608006835,0.0003,0.0292203426361084
3328,13,501.25,3,917,200.0,9831.8212890625,0.0,0.3,120,0.0007080948,17409.532568359376,-2.5494569301605225,-0.0040474845562130215,0.0003,0.0380781888961792
3584,14,495.88235294117646,3,917,200.0,6737.2724609375,0.0,0.3,130,0.0017962025,9157.020774841309,-2.548462224006653,-0.006427854974754154,0.0003,0.05475270748138428
3840,15,506.3157894736842,4,918,200.0,3308.064208984375,0.0,0.3,140,0.00089035905,9282.440966796876,-2.5387582182884216,-0.0028271424816921353,0.0003,0.03781425952911377
4096,16,545.0,4,917,200.0,3548.26416015625,0.0,0.3,150,0.00074218307,17591.085107421874,-2.5317112803459167,-0.002495348500087857,0.0003,0.02963435649871826
4352,17,567.1428571428571,4,922,200.0,2880.988037109375,0.0,0.3,160,0.002198312,9836.517547607422,-2.527942395210266,-0.0061127263586968185,0.0003,0.025685906410217285
4608,18,550.8695652173913,4,922,200.0,7989.94287109375,0.0,0.3,170,0.0012202892,10670.175170898438,-2.522098624706268,-0.0032116365619003773,0.0003,-0.06511235237121582
4864,19,543.75,5,922,200.0,5428.486328125,0.0,0.3,180,0.0006719164,9542.903039550782,-2.525710368156433,-0.002766363718546927,0.0003,0.04330945014953613
5120,20,550.4,5,923,200.0,538.59423828125,0.0,0.3,190,0.0042021307,8979.888845825195,-2.4959142923355104,-0.008110926288645714,0.0003,0.02459162473678589
5376,21,568.0769230769231,5,926,200.0,6470.59521484375,0.0,0.3,200,0.0049729105,9215.157647705078,-2.4861976861953736,-0.009542000060901046,0.0003,0.028363287448883057
5632,22,595.7142857142857,6,929,200.0,7379.75830078125,0.0,0.3,210,0.0015270195,13864.990252685548,-2.4834933280944824,0.00010001056361943483,0.0003,-0.012816309928894043
5888,23,587.2413793103449,6,928,200.0,3495.389892578125,0.0,0.3,220,0.0015276961,17595.702734375,-2.463396668434143,-0.00495506760198623,0.0003,0.038735270500183105
6144,24,603.0,6,928,200.0,1890.7269287109375,0.0,0.3,230,0.005266508,8713.253881835937,-2.4235634207725525,-0.007694773306138813,0.0003,0.02804487943649292
6400,25,615.0,6,929,200.0,5869.89697265625,0.0,0.3,240,0.0011876218,9511.611822509765,-2.382205677032471,0.002258734335191548,0.0003,0.03769892454147339
6656,26,615.7575757575758,7,930,200.0,326.4596252441406,0.0,0.3,250,0.00084191584,9124.357571411132,-2.4008055090904237,-0.0013988748658448457,0.0003,0.025878489017486572
6912,27,622.0588235294117,7,934,200.0,9202.8046875,0.0,0.3,260,0.0011612126,17809.76120605469,-2.3560341715812685,-0.002969946735538542,0.0003,0.023015916347503662
7168,28,624.5714285714286,7,935,200.0,4766.01708984375,0.0,0.3,270,0.0013357899,9339.60880126953,-2.3528372049331665,-0.003637921076733619,0.0003,0.04241931438446045
7424,29,620.8108108108108,7,934,200.0,4671.8857421875,0.0,0.3,280,0.0028854855,8379.4983795166,-2.3731977701187135,-0.004909234447404742,0.0003,0.06479817628860474
7680,30,617.8947368421053,8,932,200.0,5716.9931640625,0.0,0.3,290,0.0017268751,16984.288037109374,-2.392107331752777,-0.002068955125287175,0.0003,0.07044035196304321
7936,31,612.8205128205128,8,930,200.0,6052.71484375,0.0,0.3,300,0.0009478885,8599.57911376953,-2.3729313135147097,-0.0021654268726706504,0.0003,0.06509274244308472
8192,32,635.75,8,929,200.0,6349.96728515625,0.0,0.3,310,0.00040042563,9923.271032714843,-2.375369107723236,-0.0010233732871711254,0.0003,0.010628879070281982
8448,33,649.7619047619048,9,926,200.0,8163.48876953125,0.0,0.3,320,0.00276751,9874.289715576171,-2.363526129722595,-0.006265256949700415,0.0003,0.0709073543548584
8704,34,629.7674418604652,9,926,200.0,6061.859375,0.0,0.3,330,0.0036061353,8961.29836730957,-2.353779208660126,-0.0085901970975101,0.0003,0.05470895767211914
8960,35,632.9545454545455,9,923,200.0,5335.8115234375,0.0,0.3,340,0.004070665,8855.724499511718,-2.3145698428153993,-0.0072773068677634,0.0003,0.048573970794677734
9216,36,638.9130434782609,9,925,200.0,2895.86767578125,0.0,0.3,350,0.0034078176,8872.1888671875,-2.2378822445869444,-0.00611783373169601,0.0003,0.04032081365585327
9472,37,642.5531914893617,10,922,200.0,8290.142578125,0.0,0.3,360,0.00096456124,17535.205224609374,-2.307060122489929,-0.00029563403222709894,0.0003,0.05735790729522705
9728,38,639.375,10,921,200.0,8260.2626953125,0.0,0.3,370,0.0053406516,9379.907482910156,-2.2457972407341003,-0.006212612148374319,0.0003,-0.0021628141403198242
9984,39,648.1632653061224,10,920,200.0,3542.9013671875,0.0,0.3,380,0.0013097567,8781.299169921875,-2.1863393068313597,0.00022531843278557063,0.0003,0.028450727462768555
10240,40,655.8823529411765,11,920,200.0,5799.99853515625,0.0,0.3,390,0.007826617,9449.539416503907,-2.202487277984619,-0.006659043254330754,0.0003,0.07650530338287354
10496,41,647.1153846153846,11,920,200.0,11844.8115234375,0.0,0.3,400,0.0027194934,18191.804931640625,-2.276468539237976,-0.0003896878333762288,0.0003,0.01550370454788208
10752,42,646.6037735849056,11,919,200.0,818.7238159179688,0.0,0.3,410,0.00073047983,8951.33515625,-2.3132668852806093,-0.0011372742475941778,0.0003,0.053125858306884766
11008,43,639.2727272727273,11,918,200.0,3638.43115234375,0.0,0.3,420,0.00057721883,9097.44930419922,-2.350864839553833,-0.0020044140750542284,0.0003,0.07046300172805786
11264,44,644.6428571428571,12,918,200.0,5693.74560546875,0.0,0.3,430,0.0016222836,9042.637298583984,-2.338871514797211,-0.0033753742463886738,0.0003,0.05596405267715454
11520,45,640.7017543859649,12,917,200.0,3661.753662109375,0.0,0.3,440,0.013952101,9214.628271484375,-2.307038676738739,-0.01167332783807069,0.0003,0.04800838232040405
11776,46,645.0,12,916,200.0,3406.32666015625,0.0,0.3,450,0.0091166,8714.765476989745,-2.148121249675751,-0.007781421660911292,0.0003,0.09143799543380737
12032,47,651.5,13,916,200.0,687.3447265625,0.0,0.3,460,0.009003766,8569.017304992676,-1.9810316264629364,-0.008488164772279561,0.0003,0.03113192319869995
12288,48,655.9016393442623,13,917,200.0,9578.1005859375,0.0,0.3,470,0.0025712785,16726.900732421876,-1.9144036173820496,-0.0013762543210759759,0.0003,0.07429766654968262
12544,49,653.5483870967741,13,919,200.0,262.0958557128906,0.0,0.3,480,0.0060573546,725.6866348266601,-1.9030982077121734,-0.0049451186787337065,0.0003,0.12586182355880737
12800,50,645.3125,13,921,200.0,6315.60791015625,0.10625,0.3,490,0.044758506,9232.822186279296,-2.025889277458191,-0.008161190873943269,0.0003,0.012316286563873291
13056,51,640.7692307692307,14,923,200.0,8572.9111328125,0.0,0.3,500,0.0028251293,9435.409045410157,-2.12586225271225,0.00013371328823268412,0.0003,-0.014144062995910645
13312,52,642.7272727272727,14,924,200.0,5310.42626953125,0.0,0.3,510,0.00055805524,17299.8958984375,-2.0529179692268373,-0.0007312792353332042,0.0003,0.01169896125793457
13568,53,651.4925373134329,14,923,200.0,6994.75927734375,0.0,0.3,520,0.0014036761,9909.332629394532,-2.162964415550232,-0.003850170911755413,0.0003,-0.033783912658691406
13824,54,663.9130434782609,14,925,200.0,3780.59130859375,0.06796875,0.3,530,0.031522997,9166.787255859375,-2.2595704555511475,-0.011654489510692655,0.0003,0.02730739116668701
14080,55,667.1428571428571,15,926,200.0,11152.1142578125,0.0,0.3,540,0.0032094794,18554.597509765626,-2.2432581186294556,-0.0043270045425742865,0.0003,0.01805257797241211
14336,56,668.5915492957746,15,926,200.0,4779.03857421875,0.003515625,0.3,550,0.0092488555,9341.402612304688,-2.2632986187934874,-0.010404698271304368,0.0003,0.011329233646392822
14592,57,675.5555555555555,15,926,200.0,278.76788330078125,0.0,0.3,560,0.003350549,731.6266326904297,-2.175016486644745,-0.006682791700586677,0.0003,0.15992558002471924
14848,58,676.6216216216217,15,928,200.0,6847.443359375,0.0,0.3,570,0.0012178682,19015.931689453126,-2.308668351173401,-0.0034495689207687972,0.0003,-0.006541609764099121
15104,59,681.0666666666667,16,928,200.0,11042.2255859375,0.0,0.3,580,5.578017e-05,17589.773193359375,-2.3025126814842225,-2.1074945107102393e-05,0.0003,0.03765815496444702
15360,60,685.6578947368421,16,928,200.0,6636.64599609375,0.0,0.3,590,0.001662723,9229.483129882812,-2.2839489340782166,-0.0029197115451097488,0.0003,0.045759379863739014
15616,61,681.1538461538462,16,928,200.0,5637.59912109375,0.0,0.3,600,0.0014256071,8947.639233398437,-2.228419470787048,-0.0018986735376529396,0.0003,0.04165971279144287
15872,62,677.4683544303797,17,928,200.0,13911.4453125,0.0,0.3,610,0.0030562822,17470.302685546874,-2.272415375709534,-0.0008914645528420806,0.0003,0.00503695011138916
16128,63,677.75,17,928,200.0,4278.93017578125,0.0,0.3,620,0.00033573806,8802.687030029298,-2.2421531319618224,-0.001426142663694918,0.0003,0.05390512943267822
16384,64,681.604938271605,17,929,200.0,8313.2763671875,0.0,0.3,630,0.0007526735,9243.49585571289,-2.3583226919174196,-0.0012760137673467399,0.0003,0.01511460542678833
16640,65,676.9879518072289,17,929,200.0,8868.9267578125,0.0,0.3,640,0.0021962244,9321.840560913086,-2.3881743788719176,-0.002638036664575338,0.0003,0.036067426204681396
16896,66,677.5,18,929,200.0,11074.1435546875,0.0,0.3,650,0.0003199759,17280.044189453125,-2.353242301940918,-3.634002059698105e-05,0.0003,0.040984272956848145
17152,67,684.2352941176471,18,930,200.0,1869.8929443359375,0.0,0.3,660,0.0008109049,9506.485876464843,-2.375832438468933,-0.0026292795781046154,0.0003,0.03452253341674805
17408,68,692.183908045977,18,931,200.0,1709.9752197265625,0.0,0.3,670,0.00021234271,10385.8525390625,-2.4425952553749086,-0.0015538151608780026,0.0003,0.03105294704437256
17664,69,698.8636363636364,18,931,200.0,5287.6845703125,0.0,0.3,680,0.0006522017,9508.659533691407,-2.4282829761505127,-0.001434004190377891,0.0003,0.015217125415802002
17920,70,697.6404494382023,19,930,200.0,12617.2626953125,0.0,0.3,690,0.0003304279,17948.72431640625,-2.4467910647392275,0.0008984414162114263,0.0003,0.03147464990615845
18176,71,694.8888888888889,19,930,200.0,6477.58447265625,0.0,0.3,700,0.0005712132,8729.130932617187,-2.402924346923828,-0.0014539141207933425,0.0003,0.030442535877227783
18432,72,691.195652173913,19,930,200.0,2286.623779296875,0.0,0.3,710,0.0006614602,8923.517218017578,-2.410505640506744,-0.004247097985353321,0.0003,0.06747293472290039
18688,73,690.4301075268817,20,931,200.0,8012.45068359375,0.0,0.3,720,0.00018189987,16996.7845703125,-2.4144668102264406,-0.00027679838240146637,0.0003,0.07302510738372803
18944,74,687.7659574468086,20,932,200.0,4267.9892578125,0.0,0.3,730,0.00042831828,9098.37589111328,-2.3801281213760377,-0.0016531575471162795,0.0003,0.059956371784210205
19200,75,686.7708333333334,20,932,200.0,3539.897216796875,0.0,0.3,740,0.000954089,9515.546490478515,-2.383964419364929,-0.0018925419310107828,0.0003,-0.004750967025756836
19456,76,698.5567010309278,20,932,200.0,2193.814208984375,0.0,0.3,750,0.0007228642,8564.902874755859,-2.4421255469322203,-0.001362692192196846,0.0003,0.07307153940200806
19712,77,702.4489795918367,21,932,200.0,8725.6474609375,0.0,0.3,760,0.00023821252,18799.014379882814,-2.4115788340568542,-0.0015113451867364348,0.0003,0.0012245774269104004
19968,78,707.2727272727273,21,933,200.0,749.1220703125,0.0,0.3,770,0.0016959964,11541.991815185547,-2.3395837545394897,-0.0035252429079264402,0.0003,0.013417601585388184
20224,79,704.9,21,934,200.0,1696.2554931640625,0.0,0.3,780,0.0009675515,9117.299072265625,-2.355918490886688,-0.001738478965125978,0.0003,0.04123508930206299
20480,80,709.7,21,933,200.0,1959.6868896484375,0.0,0.3,790,0.0020399543,17076.24932861328,-2.254418432712555,-0.0045767347794026135,0.0003,0.020332932472229004
20736,81,714.6,22,933,200.0,6155.4833984375,0.0,0.3,800,0.0011477172,9654.401794433594,-2.3941823720932005,-0.0042334264144301414,0.0003,0.032745957374572754
20992,82,715.1,22,934,200.0,1262.556640625,0.0,0.3,810,9.008101e-05,9154.609411621093,-2.3421494483947756,2.32744961977005e-05,0.0003,0.013684868812561035
21248,83,724.0,22,935,200.0,4120.3828125,0.0,0.3,820,0.00038268417,10086.579022216796,-2.3040228962898253,-0.0008298645727336407,0.0003,-0.04846692085266113
21504,84,724.5,22,936,200.0,3753.42822265625,0.0,0.3,830,3.6539277e-05,17428.522509765626,-2.368023133277893,-0.0002551611978560686,0.0003,0.04927074909210205
21760,85,725.8,23,937,200.0,3662.355712890625,0.0,0.3,840,0.0001968192,8056.523309326172,-2.476441943645477,-0.0016443921718746423,0.0003,0.0683402419090271
22016,86,728.5,23,937,200.0,5513.0126953125,0.0,0.3,850,0.0024154193,8544.313305664062,-2.3205679416656495,-0.005295308236964047,0.0003,0.030371785163879395
22272,87,732.7,23,938,200.0,12767.958984375,0.0,0.3,860,0.0005435522,17267.469873046874,-2.4049275517463684,0.0004830359481275082,0.0003,0.03231114149093628
22528,88,733.5,23,939,200.0,4678.576171875,0.0,0.3,870,0.0026871443,8763.206323242188,-2.341703104972839,-0.003701641643419862,0.0003,0.09308218955993652
22784,89,733.1,24,939,200.0,7213.7080078125,0.0,0.3,880,0.0063585564,8816.742333984375,-2.3874637126922607,-0.006060102675110102,0.0003,0.02690213918685913
23040,90,739.3,24,939,200.0,3999.10302734375,0.0,0.3,890,0.0010765451,9558.920358276368,-2.2771894454956056,-0.002320975577458739,0.0003,0.0607108473777771
23296,91,741.7,24,939,200.0,7462.74365234375,0.0,0.3,900,0.0014718727,16693.154150390626,-2.225557637214661,-0.0037144273985177277,0.0003,0.07495278120040894
23552,92,751.0,25,938,200.0,7596.099609375,0.0,0.3,910,0.0038310855,8925.49697265625,-2.3309394121170044,-0.004182935110293329,0.0003,0.05149871110916138
23808,93,755.2,25,939,200.0,2833.4296875,0.0,0.3,920,0.0037399787,9364.830297851562,-2.4125186443328857,-0.003152493480592966,0.0003,0.0850711464881897
24064,94,749.8,25,939,200.0,4113.3994140625,0.0,0.3,930,0.0050064437,8967.19467163086,-2.390206789970398,-0.006651522591710091,0.0003,0.04633033275604248
24320,95,748.3,25,938,200.0,10146.353515625,0.0,0.3,940,0.0006980598,17653.702758789062,-2.450944888591766,-0.001951077999547124,0.0003,0.03881347179412842
24576,96,742.7,26,938,200.0,8276.6279296875,0.0,0.3,950,0.0008875129,9031.398138427734,-2.431280779838562,-0.004022765066474676,0.0003,0.05961030721664429
24832,97,760.5,26,938,200.0,7255.7451171875,0.0,0.3,960,0.0007655837,9663.686962890624,-2.3888877034187317,-0.0019711894332431258,0.0003,0.005400896072387695
25088,98,763.8,26,939,200.0,10749.529296875,0.0,0.3,970,0.0007905825,17105.6966796875,-2.341876804828644,-0.0022989769699051977,0.0003,0.05111086368560791
25344,99,752.5,27,938,200.0,381.31439208984375,0.0,0.3,980,0.000278153,964.9208862304688,-2.334046459197998,-0.00146548084449023,0.0003,0.04444432258605957
25600,100,742.5,27,938,200.0,254.469970703125,0.0015625,0.3,990,0.009436566,437.77779998779295,-2.407012474536896,-0.006685085408389568,0.0003,0.21318483352661133
25856,101,746.0,27,939,200.0,7827.33935546875,0.000390625,0.3,1000,0.008561243,18535.7994140625,-2.470387077331543,0.0007216621888801455,0.0003,0.023944318294525146
26112,102,740.1,27,939,200.0,9080.8251953125,0.0,0.3,1010,0.0015765876,17783.579931640626,-2.4837457180023192,-0.004188345745205879,0.0003,0.011614501476287842
26368,103,738.6,28,940,200.0,4047.08251953125,0.0,0.3,1020,0.005380083,8940.061666870117,-2.4145291566848757,-0.006366473389789462,0.0003,0.007292211055755615
26624,104,738.1,28,939,200.0,5468.60302734375,0.0,0.3,1030,0.00037194183,8449.464457702637,-2.3701955556869505,-0.001186540350317955,0.0003,0.03064274787902832
26880,105,736.3,28,939,200.0,9771.3916015625,0.0,0.3,1040,0.00027215714,17156.942529296874,-2.428069496154785,-0.0023260092129930854,0.0003,-0.003970980644226074
27136,106,736.9,28,939,200.0,281.2594909667969,0.0,0.3,1050,0.00081368326,837.8744934082031,-2.3972394108772277,-0.003179673943668604,0.0003,0.03391313552856445
27392,107,736.8,29,940,200.0,8755.552734375,0.0,0.3,1060,0.0010890788,17059.77489013672,-2.426584780216217,-0.002741476777009666,0.0003,0.022723793983459473
27648,108,736.4,29,940,200.0,4099.77294921875,0.0,0.3,1070,0.0016500773,8385.308587646485,-2.360926294326782,-0.004017081437632441,0.0003,0.08206212520599365
27904,109,737.5,29,939,200.0,5542.943359375,0.0,0.3,1080,0.0014499458,17111.760400390624,-2.274065542221069,-0.0020989783806726336,0.0003,0.022845923900604248
28160,110,725.7,29,939,200.0,188.72222900390625,0.0,0.3,1090,0.0028451488,8206.126354980468,-2.241028606891632,-0.004556214355397969,0.0003,0.07147514820098877
28416,111,722.9,30,939,200.0,8059.859375,0.0,0.3,1100,0.00084653776,8481.078454589844,-2.24440575838089,-0.0002754110377281904,0.0003,0.05788975954055786
28672,112,732.7,30,940,200.0,4540.32666015625,0.0,0.3,1110,0.0007769887,16965.1216796875,-2.322770917415619,-0.001010263036005199,0.0003,0.04467743635177612
28928,113,732.0,30,940,200.0,5603.501953125,0.0,0.3,1120,0.0005383855,8443.735107421875,-2.182028520107269,-0.0014934071339666843,0.0003,0.05063420534133911
29184,114,732.8,31,941,200.0,6191.76416015625,0.0,0.3,1130,0.0005613209,8575.574987792968,-2.303172254562378,-0.0017837013583630323,0.0003,0.048907458782196045
29440,115,731.1,31,941,200.0,3833.694091796875,0.0,0.3,1140,0.0024316302,8674.54453125,-2.3281747102737427,-0.007829804113134742,0.0003,0.10299593210220337
29696,116,733.7,31,941,200.0,10175.9306640625,0.0,0.3,1150,0.0020589742,17500.512158203124,-2.247896432876587,-0.0038901214953511952,0.0003,0.015620708465576172
29952,117,730.5,31,942,200.0,1332.09228515625,0.006640625,0.3,1160,0.0141640715,8112.74306640625,-2.207457721233368,-0.009203368984162807,0.0003,0.10227781534194946
30208,118,725.9,32,942,200.0,988.3564453125,0.0,0.3,1170,0.0027583037,8370.248071289063,-1.8804403245449066,-0.0057891661301255224,0.0003,0.05122840404510498
30464,119,726.7,32,943,200.0,8480.2138671875,0.00234375,0.3,1180,0.0085424455,16593.060546875,-2.0021154642105103,-0.005671810358762741,0.0003,0.08580613136291504
30720,120,724.1,32,943,200.0,6863.8046875,0.0,0.3,1190,0.0006148303,8207.971728515626,-1.8166148602962493,-0.00023826141841709614,0.0003,0.09150731563568115
30976,121,729.3,32,943,200.0,4067.09130859375,0.0,0.3,1200,0.0003167165,8510.188848876953,-1.8383754372596741,-0.0012544424040243029,0.0003,0.09193497896194458
31232,122,729.9,33,944,200.0,2126.18310546875,0.0,0.3,1210,0.004718947,8472.877896118163,-1.959712851047516,-0.0017428759951144458,0.0003,0.11233782768249512
31488,123,733.5,33,944,200.0,13177.9453125,0.0,0.3,1220,0.0012643763,16031.111572265625,-1.877655667066574,6.852057995274664e-05,0.0003,0.12065696716308594
31744,124,737.0,33,944,200.0,3289.83447265625,0.001953125,0.3,1230,0.008878798,10527.863046264649,-2.09006689786911,-0.008307342883199453,0.0003,0.07321715354919434
32000,125,732.1,33,943,200.0,2874.716796875,0.0,0.3,1240,0.0031890562,8857.37470703125,-2.0881306409835814,0.005483842128887773,0.0003,0.06817328929901123
32256,126,725.2,34,943,200.0,6097.1337890625,0.0,0.3,1250,0.0026738006,7778.592064285278,-2.0057105898857115,-0.0028513588011264803,0.0003,0.12448281049728394
32512,127,729.0,34,944,200.0,1584.8699951171875,0.0,0.3,1260,0.004422394,8088.681135559082,-2.0320996940135956,-0.002995625580660999,0.0003,0.12963217496871948
32768,128,735.2,34,944,200.0,7606.453125,0.0,0.3,1270,0.0015089165,17966.980737304686,-2.252543067932129,-0.0038763200864195824,0.0003,-0.01864778995513916
33024,129,743.7,34,945,200.0,3861.441162109375,0.0,0.3,1280,0.0003653979,10198.691186523438,-2.0591318130493166,-0.0008939224528148771,0.0003,0.049745798110961914
33280,130,746.6,35,945,200.0,1691.8685302734375,0.025390625,0.3,1290,0.016121916,10407.72734375,-2.12044643163681,-0.009893015678972005,0.0003,-0.006581902503967285
33536,131,741.7,35,944,200.0,12603.3759765625,0.0,0.3,1300,0.0002537067,17899.791467285155,-1.9950270652770996,-0.0012564880540594458,0.0003,-0.008780360221862793
33792,132,739.6,35,945,200.0,287.0850524902344,0.0,0.3,1310,0.00089955865,8203.380676269531,-1.866810643672943,-0.0016861059237271547,0.0003,0.10918813943862915
34048,133,728.0,35,945,200.0,4140.291015625,0.0,0.3,1320,0.00039055943,8227.719723510741,-1.8237521529197693,0.00032879072241485117,0.0003,0.06450355052947998
34304,134,730.1,36,946,200.0,14161.9853515625,0.0,0.3,1330,9.512715e-05,17297.273486328126,-1.7735201478004456,-0.0001362193375825882,0.0003,0.016479313373565674
34560,135,731.9,36,946,200.0,2348.479736328125,0.0,0.3,1340,0.0062878495,9427.937921142578,-1.994945615530014,-0.006182634667493403,0.0003,0.07672750949859619
34816,136,731.9,36,946,200.0,3120.766845703125,0.0,0.3,1350,0.00013147248,8070.640844726562,-1.9809078633785249,0.0003127178642898798,0.0003,0.0977545976638794
35072,137,732.9,37,947,200.0,11640.6875,0.0,0.3,1360,0.002354003,17233.786376953125,-1.9191451370716095,-0.0016597345005720855,0.0003,0.07594108581542969
35328,138,727.1,37,947,200.0,4340.70361328125,0.011328125,0.3,1370,0.013461528,8514.953063964844,-1.953689742088318,-0.007159861666150391,0.0003,0.11881750822067261
35584,139,724.1,37,946,200.0,4496.4248046875,0.000390625,0.3,1380,0.0016166221,8989.99217529297,-1.8601987719535829,-0.005688460031524301,0.0003,0.0167996883392334
35840,140,735.1,37,946,200.0,4174.42333984375,0.0,0.3,1390,0.0016539909,8844.321960449219,-2.037510818243027,-0.00028214231133461,0.0003,0.07663816213607788
36096,141,736.2,38,947,200.0,12283.626953125,0.0,0.3,1400,0.0013907277,16290.805407714844,-1.872138750553131,-0.0019883099244907497,0.0003,0.0806686282157898
36352,142,732.0,38,947,200.0,7684.44384765625,0.0,0.3,1410,0.0032141232,8635.670104980469,-2.0727812170982363,-0.003844502742867917,0.0003,0.09017771482467651
36608,143,735.7,38,948,200.0,840.6860961914062,0.0,0.3,1420,0.0017971022,8639.589974975586,-2.1727681875228884,-0.0006015597144141793,0.0003,0.03506439924240112
36864,144,733.5,38,948,200.0,8589.279296875,0.00546875,0.3,1430,0.00976742,16528.3296875,-2.159602093696594,-0.005871525267139077,0.0003,0.051830828189849854
37120,145,735.2,39,948,200.0,346.4136047363281,0.0,0.3,1440,0.0018144124,550.871842956543,-1.9340798020362855,-0.005702262953855097,0.0003,-0.0782167911529541
37376,146,735.0,39,948,200.0,9483.4345703125,0.0,0.3,1450,0.0004938869,18738.296313476563,-2.252474045753479,0.0005906338570639491,0.0003,0.042542219161987305
37632,147,721.6,39,948,200.0,448.8365783691406,0.001171875,0.3,1460,0.0061341296,8531.506072998047,-2.103025221824646,-0.003643608884885907,0.0003,0.11717647314071655
37888,148,711.7,39,948,200.0,2356.2255859375,0.0,0.3,1470,0.0023566862,8685.691796875,-1.941839188337326,0.002251567831262946,0.0003,0.002358078956604004
38144,149,720.9,40,949,200.0,3780.107666015625,0.0,0.3,1480,2.0320527e-05,8442.738008117676,-2.08922221660614,-2.9786815866827963e-05,0.0003,0.016872406005859375
38400,150,725.3,40,949,200.0,5669.5166015625,0.0,0.3,1490,0.00022231927,8708.5578125,-2.3764750957489014,-0.000697808328550309,0.0003,0.038760244846343994
38656,151,725.8,40,949,200.0,7430.75732421875,0.016796875,0.3,1500,0.01604924,8531.52530517578,-2.317804777622223,-0.011583984596654773,0.0003,0.05202758312225342
38912,152,729.6,40,950,200.0,7069.48193359375,0.0,0.3,1510,0.0022934661,16422.46970214844,-2.0771630883216856,0.0011222548317164182,0.0003,0.07591670751571655
39168,153,731.7,41,950,200.0,7315.20751953125,0.0,0.3,1520,0.001261103,8736.79673461914,-2.240111005306244,-0.001884995645377785,0.0003,0.10733979940414429
39424,154,720.9,41,950,200.0,1399.491943359375,0.0,0.3,1530,0.00043030456,8082.434878540039,-2.3009121298789976,0.0016294235247187316,0.0003,0.06687229871749878
39680,155,714.9,41,951,200.0,13439.3935546875,0.0,0.3,1540,0.0015036915,16392.92155761719,-2.1335564136505125,-0.0021726177772507073,0.0003,0.08610528707504272
39936,156,710.8,42,950,200.0,4105.294921875,0.0,0.3,1550,0.00019504083,7738.572320556641,-2.2678446769714355,0.00015585815999656915,0.0003,0.11664879322052002
40192,157,715.7,42,951,200.0,5147.1875,0.00078125,0.3,1560,0.0047967564,11454.326135253907,-2.3641688227653503,-0.0038727856939658523,0.0003,0.020238280296325684
40448,158,718.3,42,951,200.0,4695.22119140625,0.0,0.3,1570,0.00025573536,8988.869604492187,-2.1400537729263305,-0.0004535529878921807,0.0003,0.038330674171447754
40704,159,722.2,42,951,200.0,8402.3388671875,0.00078125,0.3,1580,0.0051720394,18937.595556640626,-2.0788236021995545,-0.005954740871675313,0.0003,0.07698893547058105
40960,160,724.3,43,951,200.0,5899.1357421875,0.0,0.3,1590,0.0013671552,9460.846569824218,-1.9725373208522796,-0.0013712784042581917,0.0003,0.009486198425292969
41216,161,718.4,43,951,200.0,2832.13134765625,0.0,0.3,1600,0.00015899818,9124.158801269532,-1.9618583023548126,-0.0010294810868799686,0.0003,-0.049596428871154785
41472,162,720.1,43,951,200.0,10251.2626953125,0.0,0.3,1610,0.00029471144,17175.155224609374,-2.026582634449005,-0.00063990184571594,0.0003,0.031094491481781006
41728,163,722.0,43,951,200.0,1341.92041015625,0.0,0.3,1620,0.0002473793,8190.238195800781,-2.052446353435516,-0.0011527059832587838,0.0003,0.11752700805664062
41984,164,721.5,44,950,200.0,4343.169921875,0.0,0.3,1630,0.00033553736,8328.837139892577,-2.2343540668487547,-0.002054121228866279,0.0003,0.0367199182510376
42240,165,726.9,44,950,200.0,6659.40966796875,0.0,0.3,1640,0.002786192,11106.072534179688,-2.1406156420707703,-0.002783400029875338,0.0003,0.06184744834899902
42496,166,725.9,44,950,200.0,11867.8662109375,0.0,0.3,1650,0.0044405507,17634.012634277344,-1.8481950342655182,-0.0034774095518514516,0.0003,0.018821656703948975
42752,167,727.2,44,950,200.0,442.8952331542969,0.0,0.3,1660,0.0006470722,8404.039672851562,-2.057449793815613,-0.0020708749652840197,0.0003,0.05914884805679321
43008,168,730.9,45,951,200.0,902.7919921875,0.0,0.3,1670,0.0010727001,8474.233544921875,-2.071596550941467,-0.00268404035596177,0.0003,0.09954410791397095
43264,169,731.0,45,951,200.0,4706.25927734375,0.0,0.3,1680,0.0009753732,11718.660961914062,-1.9889271974563598,-0.0010522957658395172,0.0003,-0.010193705558776855
43520,170,725.1,45,951,200.0,6159.62109375,0.0,0.3,1690,0.00023500365,16013.5234375,-2.1103201866149903,-0.0011907192878425122,0.0003,0.026569724082946777
43776,171,723.4,45,951,200.0,4185.14208984375,0.0,0.3,1700,0.00010685669,8892.551947021484,-1.855149406194687,-0.0006081888801418245,0.0003,0.052510738372802734
44032,172,723.2,46,952,200.0,1133.29345703125,0.0,0.3,1710,0.00233453,8627.127444458009,-1.9645071625709534,-0.003062894055619836,0.0003,0.11170607805252075
44288,173,722.6,46,952,200.0,6687.2431640625,0.0,0.3,1720,0.002437976,16126.4294921875,-1.8631619751453399,0.003916201018728316,0.0003,0.08764094114303589
44544,174,725.5,46,951,200.0,4775.61376953125,0.0,0.3,1730,0.0020152857,7804.713359832764,-1.971369743347168,-0.00291943100746721,0.0003,0.13326632976531982
44800,175,716.2,47,951,200.0,3137.704833984375,0.0,0.3,1740,0.00517546,8234.958966064452,-2.1728455901145933,-0.001899809658061713,0.0003,0.12943285703659058
45056,176,713.0,47,951,200.0,5796.6357421875,0.0,0.3,1750,0.0007625951,8225.503784179688,-2.3261547565460203,-0.0026428571436554193,0.0003,0.0910501480102539
45312,177,721.8,47,951,200.0,10710.146484375,0.0,0.3,1760,0.0036549536,18255.352575683595,-2.079652750492096,-0.003366546193137765,0.0003,0.05049663782119751
45568,178,731.9,47,951,200.0,4787.0751953125,0.0,0.3,1770,0.0003763237,9093.860076904297,-2.2886816382408144,-0.00042970190406776965,0.0003,0.003286600112915039
45824,179,733.5,48,950,200.0,8692.8046875,0.009765625,0.3,1780,0.014713942,9446.889862060547,-2.222908008098602,-0.005095499381422996,0.0003,-0.0007346868515014648
46080,180,733.1,48,950,200.0,3963.404052734375,0.0,0.3,1790,0.0018884218,16379.3474609375,-2.2001055002212526,-0.0023922021966427563,0.0003,0.08637064695358276
46336,181,733.4,48,950,200.0,2292.749267578125,0.0,0.3,1800,0.0031266303,9191.361871337891,-2.109481430053711,-0.0019033849705010653,0.0003,-0.005219697952270508
46592,182,737.7,49,950,200.0,649.3112182617188,0.0,0.3,1810,0.00074403826,8864.710278320312,-2.2223284363746645,-0.00010670574847608805,0.0003,0.037959516048431396
46848,183,738.1,49,950,200.0,3733.396728515625,0.0,0.3,1820,0.0006142361,8286.226232910156,-2.243350958824158,-0.0018291914369910956,0.0003,0.10244685411453247
47104,184,734.9,49,950,200.0,6677.30126953125,0.0,0.3,1830,0.00031230785,16317.39873046875,-2.206369149684906,-0.0004063840373419225,0.0003,0.07832539081573486
47360,185,736.4,49,950,200.0,7911.2685546875,0.0,0.3,1840,0.000120399054,9326.093823242187,-2.1877850770950316,-0.0013112794607877732,0.0003,-0.024631500244140625
47616,186,746.8,50,950,200.0,2365.4375,0.0,0.3,1850,0.0007604256,9180.517999267578,-2.225655770301819,-0.0031068138545379043,0.0003,0.07229787111282349
47872,187,752.0,50,950,200.0,3873.55029296875,0.0,0.3,1860,0.0014572546,8490.632147216797,-2.2900163650512697,-0.00181318330578506,0.0003,0.11700266599655151
48128,188,758.6,50,950,200.0,11222.69140625,0.0,0.3,1870,0.0007545084,19761.70830078125,-2.2925509572029115,-0.0014176935190334916,0.0003,0.061963677406311035
48384,189,760.6,50,950,200.0,4624.13671875,0.0,0.3,1880,0.0006642039,9219.078564453124,-2.254131186008453,-0.0021796357817947865,0.0003,0.06952691078186035
48640,190,763.4,51,950,200.0,5750.44091796875,0.0,0.3,1890,0.0005794035,8827.190490722656,-2.205375945568085,-0.0025951029732823373,0.0003,0.10437017679214478
48896,191,764.6,51,949,200.0,9549.5126953125,0.0,0.3,1900,0.0012977594,17998.687841796876,-2.2906737089157105,-0.0006916872458532453,0.0003,0.020578742027282715
49152,192,758.9,51,949,200.0,5033.7431640625,0.0,0.3,1910,0.00040770555,9818.833874511718,-1.9697001576423645,-0.00250125618185848,0.0003,-0.04010725021362305
49408,193,761.8,52,949,200.0,5916.6455078125,0.0,0.3,1920,0.0009185851,9081.835913085937,-2.2407236337661742,-0.0010612113226670771,0.0003,0.03636592626571655
49664,194,765.6,52,949,200.0,6993.25,0.0,0.3,1930,0.0032744072,9757.09384765625,-2.2021300554275514,-0.005682904506102204,0.0003,-0.029654264450073242
49920,195,763.6,52,949,200.0,7839.19970703125,0.0,0.3,1940,0.0050769616,16664.19775390625,-2.2336099982261657,-0.002820605644956231,0.0003,0.06172436475753784
50176,196,767.3,52,949,200.0,7701.603515625,0.0,0.3,1950,0.00029609888,8637.181915283203,-2.3499329805374147,-0.0019874829798936845,0.0003,0.0625617504119873
50432,197,771.8,53,949,200.0,6046.63916015625,0.0,0.3,1960,0.0012169862,8383.227459716796,-2.3267482042312624,-0.0021576495142653584,0.0003,0.12486761808395386
50688,198,780.2,53,949,200.0,13494.5498046875,0.0,0.3,1970,0.00038921763,17725.09052734375,-2.164940428733826,-0.0013187229167670011,0.0003,-0.023175954818725586
50944,199,776.2,53,950,200.0,4280.94677734375,0.0,0.3,1980,0.00045186002,8917.569921875,-2.2259606957435607,1.7822044901549817e-05,0.0003,0.051590144634246826
51200,200,780.7,53,950,200.0,3532.6201171875,0.0,0.3,1990,0.002080099,8321.793762207031,-2.235788655281067,-0.004809408634901047,0.0003,0.135434091091156
51456,201,780.5,54,950,200.0,4133.70556640625,0.0,0.3,2000,0.0023808093,8650.739837646484,-2.2225991010665895,-0.002406382863409817,0.0003,0.06241387128829956
51712,202,779.9,54,950,200.0,11226.28515625,0.0,0.3,2010,0.0003036207,15953.315502929687,-1.9956566572189331,-0.0015667686937376856,0.0003,0.07872885465621948
51968,203,782.9,54,950,200.0,7304.0234375,0.0,0.3,2020,0.000463431,8528.067864990235,-2.1489185214042665,-0.0017111581051722168,0.0003,0.14688950777053833
52224,204,795.6,54,950,200.0,4540.392578125,0.0,0.3,2030,0.00017829286,8730.60419921875,-2.23801771402359,-0.0011098673567175865,0.0003,0.10706472396850586
52480,205,792.6,55,951,200.0,9542.802734375,0.0,0.3,2040,0.0005994963,15837.863891601562,-2.066993033885956,-0.002813540410716087,0.0003,0.12756508588790894
52736,206,797.1,55,950,200.0,493.69305419921875,0.001171875,0.3,2050,0.0019011647,8382.067434692382,-2.054452419281006,-0.00404151021502912,0.0003,0.04210323095321655
52992,207,793.0,55,950,200.0,1559.5245361328125,0.000390625,0.3,2060,0.007511158,8458.425598144531,-2.2495070338249206,-0.008497016783803702,0.0003,0.0923205018043518
53248,208,789.6,56,950,200.0,4619.24755859375,0.0265625,0.3,2070,0.015187667,7939.538665771484,-2.247772991657257,-0.006490427372045815,0.0003,0.08451342582702637
53504,209,789.2,56,950,200.0,11308.810546875,0.0296875,0.3,2080,0.019469216,15564.923681640625,-2.2576775550842285,-0.015080969827249647,0.0003,0.14576953649520874
53760,210,800.8,56,950,200.0,5546.12060546875,0.01328125,0.3,2090,0.013109187,8324.007269287109,-2.236629676818848,-0.009426368726417422,0.0003,0.11904948949813843
54016,211,809.7,56,949,200.0,3693.9931640625,0.0015625,0.3,2100,0.008704845,13126.933410644531,-1.9466124594211578,-0.005072420882061124,0.0003,0.06365734338760376
54272,212,814.6,57,950,200.0,2314.72900390625,0.0,0.3,2110,8.34628e-05,16556.958947753905,-1.992716807126999,-0.00045346450060606,0.0003,0.045557498931884766
54528,213,805.6,57,949,200.0,7522.3076171875,0.0,0.3,2120,0.0020276236,8843.225256347656,-2.0199470460414886,-0.004030362563207745,0.0003,0.1355891227722168
54784,214,812.5,57,949,200.0,4083.03857421875,0.0,0.3,2130,0.008250015,8566.012243652343,-2.1844454407691956,-0.006527177779935301,0.0003,0.14285993576049805
55040,215,810.6,57,949,200.0,4802.70849609375,0.0,0.3,2140,0.0013292367,7987.824111938477,-1.8993418514728546,-0.0013853291980922221,0.0003,0.15733683109283447
55296,216,815.6,58,949,200.0,13552.291015625,0.091015625,0.3,2150,0.04290495,16511.542846679688,-1.9242874264717102,-0.012190098501741886,0.0003,0.061821937561035156
55552,217,822.5,58,948,200.0,7707.39697265625,0.0,0.3,2160,0.0005283535,8262.506506347656,-1.9891173720359803,-0.0006807431927882135,0.0003,0.14064282178878784
55808,218,819.7,58,948,200.0,322.74005126953125,0.0,0.3,2170,0.0013497672,7993.644606018066,-1.7744655668735505,0.0006349000381305814,0.0003,0.13370972871780396
56064,219,819.8,59,948,200.0,5449.33154296875,0.0,0.3,2180,0.0031615985,15850.364013671875,-1.8512649178504943,-0.0016704482492059468,0.0003,0.15116453170776367
56320,220,823.9,59,948,200.0,1230.7725830078125,0.0,0.3,2190,0.0011931774,9214.358276367188,-1.6189900279045104,-0.002654671319760382,0.0003,0.02742171287536621
56576,221,820.1,59,948,200.0,4353.43115234375,0.003125,0.3,2200,0.011061729,8011.013671875,-1.8510902404785157,-0.006945682060904801,0.0003,0.1611810326576233
56832,222,825.2,59,948,200.0,1263.5830078125,0.004296875,0.3,2210,0.010166585,8132.822741699219,-1.9705040276050567,-0.005871757213026285,0.0003,0.1361631155014038
57088,223,818.3,60,948,200.0,10750.626953125,0.0,0.3,2220,0.0007251112,14998.893334960938,-1.8643673360347748,0.001867191307246685,0.0003,0.13918185234069824
57344,224,815.4,60,949,200.0,2772.55322265625,0.0,0.3,2230,0.0016643354,8310.76083984375,-1.683133590221405,-0.0013690299238078296,0.0003,0.10607582330703735
57600,225,823.7,60,949,200.0,2966.822021484375,0.0,0.3,2240,0.0006463432,8180.600509643555,-1.7055038630962371,-0.001348447403870523,0.0003,0.13681989908218384
57856,226,837.3,60,949,200.0,5907.427734375,0.004296875,0.3,2250,0.009729093,7733.356039428711,-2.030525749921799,-0.0025832338724285364,0.0003,0.1835452914237976
58112,227,833.4,61,949,200.0,11850.05859375,0.0,0.3,2260,0.0034748123,15748.35789794922,-1.7587388038635254,0.00018004593439400197,0.0003,0.12377285957336426
58368,228,830.2,61,949,200.0,6175.91943359375,0.000390625,0.3,2270,0.0051800106,7834.369415283203,-2.0085395753383635,-0.001917896862141788,0.0003,0.15357786417007446
58624,229,836.6,61,949,200.0,6811.640625,0.0,0.3,2280,0.00021354319,8392.491625976563,-2.082754349708557,-0.0005967950040940195,0.0003,0.16341686248779297
58880,230,838.4,62,949,200.0,9792.05078125,0.0,0.3,2290,0.0010512653,15229.340234375,-1.9897620797157287,-0.0038307646056637166,0.0003,0.13785654306411743
59136,231,838.2,62,949,200.0,1530.32421875,0.005859375,0.3,2300,0.008447564,8338.530517578125,-2.0537858605384827,-0.006568432250060141,0.0003,0.1837027668952942
59392,232,838.9,62,949,200.0,6263.8935546875,0.0,0.3,2310,0.001012234,7952.7491455078125,-2.0795888185501097,-0.00044048014096915723,0.0003,0.1688825488090515
59648,233,849.7,62,949,200.0,3605.263427734375,0.0,0.3,2320,0.0013643389,7910.893701171875,-2.1554385900497435,-0.002402582275681198,0.0003,0.16765815019607544
59904,234,847.0,63,949,200.0,5216.56787109375,0.0,0.3,2330,0.0011945097,8309.614059448242,-2.0613014578819273,-0.0005807280540466309,0.0003,0.17322784662246704
60160,235,853.5,63,949,200.0,8712.0927734375,0.0,0.3,2340,0.0007942,17092.072021484375,-2.21157763004303,-0.0016794569324702024,0.0003,0.05703318119049072
60416,236,860.9,63,949,200.0,5486.3076171875,0.0,0.3,2350,0.001173218,8692.828436279297,-2.0164314210414886,-0.0027278091525658964,0.0003,0.11557501554489136
60672,237,850.2,63,949,200.0,10785.796875,0.0,0.3,2360,0.0009229486,16334.714697265625,-1.900932204723358,-0.0008422240847721696,0.0003,0.09757918119430542
60928,238,847.3,64,950,200.0,7466.62353515625,0.0,0.3,2370,0.00010080123,7984.392721557617,-1.8835642218589783,-0.0003661223221570253,0.0003,0.10439306497573853
61184,239,851.1,64,950,200.0,1546.852294921875,0.0,0.3,2380,0.0018589844,7891.447053527832,-1.998445725440979,-0.001143786939792335,0.0003,0.15585309267044067
61440,240,860.5,64,950,200.0,3246.24755859375,0.00078125,0.3,2390,0.005550164,8516.346255493165,-2.139931654930115,-0.004590904340147972,0.0003,0.16155284643173218
61696,241,867.5,64,950,200.0,5658.41357421875,0.005859375,0.3,2400,0.0046648607,15658.714624023438,-1.8542497992515563,-0.004614803590811789,0.0003,0.1296612024307251
61952,242,872.4,65,950,200.0,5277.05419921875,0.0,0.3,2410,0.0029463863,8401.411407470703,-1.8539795517921447,0.0004624656634405255,0.0003,0.17694509029388428
62208,243,871.6,65,950,200.0,3669.370849609375,0.002734375,0.3,2420,0.010274194,7545.4048828125,-2.0085663199424744,-0.004998753359541297,0.0003,0.17753839492797852
62464,244,876.3,65,951,200.0,3073.556884765625,0.0,0.3,2430,0.0026697898,8419.258752441407,-1.8231086730957031,-0.002012975374236703,0.0003,0.14808106422424316
62720,245,879.5,65,951,200.0,7624.064453125,0.00078125,0.3,2440,0.0075460225,17078.570849609376,-1.961271971464157,-0.005055375443771481,0.0003,0.08683425188064575
62976,246,883.9,66,951,200.0,4719.03857421875,0.0,0.3,2450,0.0016211383,8167.1298828125,-2.0459779620170595,-0.0013197950553148984,0.0003,0.16221994161605835
63232,247,873.0,66,951,200.0,4212.08447265625,0.0,0.3,2460,0.0011666834,8045.463195800781,-1.8027797102928163,-0.003181939641945064,0.0003,0.15343284606933594
63488,248,875.2,66,951,200.0,4105.490234375,0.0,0.3,2470,0.0051103635,15835.70537109375,-2.090367043018341,-0.003049255721271038,0.0003,0.09751778841018677
63744,249,875.9,66,952,200.0,4732.6064453125,0.000390625,0.3,2480,0.0032875685,7856.326806640625,-2.0794623613357546,-0.001166278962045908,0.0003,0.17759591341018677
64000,250,878.4,67,952,200.0,4362.1494140625,0.003515625,0.3,2490,0.0074846824,7844.668026733399,-2.2148017406463625,-0.0029296122491359712,0.0003,0.12904506921768188
64256,251,885.6,67,952,200.0,3909.423828125,0.01328125,0.3,2500,0.011198605,7834.470849609375,-2.195174777507782,-0.008238301635719836,0.0003,0.193425714969635
64512,252,884.3,67,952,200.0,8193.9375,0.0,0.3,2510,0.0012252065,17505.56533203125,-2.0990299582481384,-0.0016813937574625016,0.0003,0.09175753593444824
64768,253,891.1,68,952,200.0,5890.52294921875,0.0,0.3,2520,0.0029537547,7855.27900390625,-2.035009133815765,-0.002283849916420877,0.0003,0.1577756404876709
65024,254,903.1,68,952,200.0,3089.341064453125,0.03515625,0.3,2530,0.022174941,8115.690057373047,-2.0017485320568085,-0.01123480759561062,0.0003,0.20846515893936157
65280,255,906.5,68,952,200.0,2651.193603515625,0.0,0.3,2540,0.002043166,15181.03662109375,-1.669108545780182,-0.0018245270010083913,0.0003,0.1755892038345337
65536,256,903.9,68,952,200.0,5184.56103515625,0.0078125,0.3,2550,0.004182959,7562.097640991211,-2.1046356558799744,-0.006299883755855262,0.0003,0.2008940577507019
65792,257,908.3,69,952,200.0,1420.041259765625,0.032421875,0.3,2560,0.02057831,7802.21884765625,-1.81857590675354,-0.004995393101125956,0.0003,0.19739598035812378
66048,258,918.7,69,952,200.0,3030.7548828125,0.0,0.3,2570,0.0011734841,7758.9766845703125,-1.434109628200531,-0.0012677013175562025,0.0003,0.1606178879737854
66304,259,924.3,69,953,200.0,8065.59619140625,0.001171875,0.3,2580,0.0029393167,15348.48896484375,-1.8234444439411164,-0.0026781017892062663,0.0003,0.1877416968345642
66560,260,925.1,69,953,200.0,4589.14990234375,0.0,0.3,2590,0.0024654283,7822.231384277344,-1.7854472935199737,-0.0028755589970387518,0.0003,0.1876853108406067
66816,261,941.0,70,952,200.0,4007.85595703125,0.001171875,0.3,2600,0.0017790354,8320.726049804687,-1.733539491891861,-0.0034112708643078806,0.0003,0.1803678274154663
67072,262,955.0,70,952,200.0,10307.1884765625,0.0,0.3,2610,0.002219359,15339.931591796874,-1.6537515699863434,-0.00029379373881965876,0.0003,0.19762086868286133
67328,263,961.0,70,953,200.0,2786.265625,0.00625,0.3,2620,0.009125228,8064.875085449219,-1.742175167798996,-0.0032491043210029604,0.0003,0.2050715684890747
67584,264,962.5,70,953,200.0,2559.1845703125,0.0,0.3,2630,0.002491894,8407.740881347656,-1.4916214644908905,-0.0032572887605056165,0.0003,0.15087485313415527
67840,265,961.0,71,953,200.0,4409.36181640625,0.025390625,0.3,2640,0.013474843,9709.592700195313,-1.664011335372925,-0.003947103815153241,0.0003,0.034173667430877686
68096,266,971.1,71,953,200.0,4265.8203125,0.0,0.3,2650,0.001744238,14996.1203125,-1.7732107043266296,-0.0004916764330118895,0.0003,0.18138694763183594
68352,267,969.7,71,953,200.0,6043.005859375,0.0,0.3,2660,0.0011574677,8464.653918457032,-1.67032271027565,-0.0013699437375180423,0.0003,0.2085939645767212
68608,268,972.7,71,953,200.0,4752.1640625,0.0,0.3,2670,0.0015691912,8945.176538085938,-1.5442682027816772,-0.0009593539405614137,0.0003,0.00012302398681640625
68864,269,977.0,72,953,200.0,8134.3447265625,0.0,0.3,2680,0.0002809649,15967.1201171875,-1.638093739748001,-0.0003059321781620383,0.0003,0.16663891077041626
69120,270,981.6,72,953,200.0,5048.85302734375,0.0,0.3,2690,5.594082e-05,9634.579333496094,-1.8492122411727905,-0.0008194905007258057,0.0003,0.038394033908843994
69376,271,971.2,72,953,200.0,476.224853515625,0.0,0.3,2700,0.002217803,1050.9765930175781,-1.1025959700345993,-0.004625070281326771,0.0003,-11.016039848327637
69632,272,957.1,73,953,200.0,7746.90576171875,0.0,0.3,2710,0.0023536882,8526.635906982421,-1.844165074825287,-0.0012243099976330996,0.0003,0.0385967493057251
69888,273,958.5,73,953,200.0,617.6867065429688,0.0,0.3,2720,0.00029465323,7813.274127197265,-1.0011659204959868,0.0003715075319632888,0.0003,0.14018172025680542
70144,274,960.4,73,953,200.0,7114.25146484375,0.0,0.3,2730,0.0024586357,7791.172412109375,-1.5961891829967498,-0.0024668027414008974,0.0003,0.17707538604736328
70400,275,969.4,73,953,200.0,1837.5380859375,0.0,0.3,2740,0.001080344,6951.640484619141,-1.8790903031826018,-0.0008568867458961904,0.0003,0.19169557094573975
70656,276,970.2,74,954,200.0,1243.8076171875,0.02734375,0.3,2750,0.012080222,8740.075030517579,-1.812095332145691,-0.004103372059762478,0.0003,0.1441739797592163
70912,277,980.9,74,954,200.0,6947.00146484375,0.0,0.3,2760,0.0014046419,15475.062634277343,-1.5126192688941955,-0.00114325734321028,0.0003,0.14641350507736206
71168,278,981.6,74,954,200.0,6815.6611328125,0.0,0.3,2770,0.0017038558,8372.389416503906,-1.726975107192993,-0.0011824925139080733,0.0003,0.22580021619796753
71424,279,990.0,74,954,200.0,5772.6748046875,0.0,0.3,2780,0.00040243007,8119.221643066407,-1.6620364964008332,-0.0007832442643120885,0.0003,0.1752004623413086
71680,280,986.5,75,954,200.0,4936.6845703125,0.0,0.3,2790,0.00080237864,16881.591015625,-1.7137889623641969,-0.001969432644546032,0.0003,0.06059473752975464
71936,281,986.1,75,954,200.0,2535.61572265625,0.00078125,0.3,2800,0.0025700217,7700.978747558594,-2.0181677103042603,-0.0025501357624307273,0.0003,0.18574321269989014
72192,282,988.3,75,955,200.0,4466.8544921875,0.004296875,0.3,2810,0.0046641584,10215.343310546876,-1.9643070638179778,-0.004321331554092467,0.0003,-0.08010339736938477
72448,283,988.9,75,955,200.0,6879.00341796875,0.0,0.3,2820,0.0010769577,7556.84137878418,-1.6143627882003784,-0.0022897401824593542,0.0003,0.2012614607810974
72704,284,993.3,76,955,200.0,5386.65625,0.0,0.3,2830,0.0031182377,14813.32587890625,-1.856459879875183,-0.0029690009076148273,0.0003,0.18116378784179688
72960,285,997.9,76,955,200.0,4833.57421875,0.0,0.3,2840,0.0020922595,8166.102801513672,-1.843670815229416,-0.0038783860858529807,0.0003,0.20687496662139893
73216,286,1012.1,76,955,200.0,3561.116455078125,0.009375,0.3,2850,0.008196087,9578.159045410157,-1.814094638824463,-0.003906789282336831,0.0003,0.04359698295593262
73472,287,1015.4,76,955,200.0,5750.4892578125,0.000390625,0.3,2860,0.0029583822,15697.523828125,-1.889110916852951,-0.001518369372934103,0.0003,0.15926748514175415
73728,288,1010.4,77,956,200.0,5315.5439453125,0.0,0.3,2870,0.00046028057,7772.226557922363,-1.8612295925617217,-0.001200138742569834,0.0003,0.17645525932312012
73984,289,1002.9,77,956,200.0,2877.398681640625,0.0,0.3,2880,0.00047095516,7297.818521118164,-1.8471943497657777,-0.0010959148872643708,0.0003,0.1392630934715271
74240,290,998.3,77,956,200.0,856.7846069335938,0.007421875,0.3,2890,0.012649447,7598.654278564453,-1.6894935727119447,-0.005714294803328812,0.0003,0.19740140438079834
74496,291,1007.1,77,956,200.0,5217.34765625,0.0640625,0.3,2900,0.030897608,7420.704138183593,-1.8748251497745514,-0.006345151830464602,0.0003,0.19584590196609497
74752,292,1007.7,78,956,200.0,7868.54248046875,0.0,0.3,2910,0.0022299867,13951.957000732422,-1.5831181764602662,-0.0012045521754771471,0.0003,0.14736586809158325
75008,293,1023.0,78,956,200.0,1867.317138671875,0.06328125,0.3,2920,0.03509718,8261.448034667968,-1.5773655235767365,-0.0068775149527937176,0.0003,0.22520822286605835
75264,294,1028.2,78,956,200.0,4425.18603515625,0.0,0.3,2930,0.0025462043,15140.97305908203,-1.4805953085422516,0.000857749255374074,0.0003,0.1549973487854004
75520,295,1026.2,78,957,200.0,4712.1142578125,0.0,0.3,2940,0.00081405113,7814.664587402343,-1.7815870702266694,-0.0013080163393169642,0.0003,0.18677419424057007
75776,296,1026.4,79,957,200.0,4076.018310546875,0.0109375,0.3,2950,0.010323441,7630.23998413086,-1.943033468723297,-0.006250791368074715,0.0003,0.1624584197998047
76032,297,1026.9,79,957,200.0,4524.43701171875,0.049609375,0.3,2960,0.0272732,9950.321740722657,-1.8333536326885223,-0.0077345316298305985,0.0003,-0.027804136276245117
76288,298,1025.2,79,957,200.0,6674.572265625,0.0,0.3,2970,0.0013320784,14413.234008789062,-1.646236503124237,-0.001111560082063079,0.0003,0.1965724229812622
76544,299,1036.4,79,957,200.0,4570.41650390625,0.001953125,0.3,2980,0.007536229,7619.27373046875,-1.8174332976341248,-0.0017289941431954503,0.0003,0.2230520248413086
76800,300,1047.5,80,958,200.0,7659.806640625,0.008984375,0.3,2990,0.009889957,9427.504541015625,-1.8319979429244995,-0.0030511866323649885,0.0003,0.0627976655960083
77056,301,1050.0,80,958,200.0,5598.60693359375,0.0046875,0.3,3000,0.0066009816,7878.074349975586,-1.9199586927890777,-0.0026596264797262847,0.0003,0.22489994764328003
77312,302,1054.3,80,958,200.0,6538.7578125,0.0,0.3,3010,0.00092212344,17268.87209472656,-1.9677937090396882,-0.0023308275500312447,0.0003,0.06746542453765869
77568,303,1059.1,80,958,200.0,3113.241943359375,0.016015625,0.3,3020,0.016719295,8139.134310913086,-1.7464150071144104,-0.004224700387567282,0.0003,0.21074575185775757
77824,304,1060.8,81,958,200.0,6738.79541015625,0.0,0.3,3030,0.0005282529,7756.185864257813,-1.485319620370865,-0.0001563509926199913,0.0003,0.18426096439361572
78080,305,1056.3,81,958,200.0,6507.0087890625,0.009765625,0.3,3040,0.0066638086,15280.731884765624,-1.5570494711399079,5.976087413728237e-05,0.0003,0.12756812572479248
78336,306,1070.7,81,958,200.0,931.87744140625,0.0,0.3,3050,0.00048293732,7547.026342773437,-1.343127030134201,-1.8527323845773935e-05,0.0003,0.2017539143562317
78592,307,1071.3,81,959,200.0,5671.43701171875,0.0,0.3,3060,0.0008854056,8085.464306640625,-1.286773443222046,-0.0014598979614675045,0.0003,0.15347820520401
78848,308,1081.3,82,959,200.0,4043.04150390625,0.0,0.3,3070,0.0007667863,7815.419073486328,-1.5061238408088684,-0.0003645490389317274,0.0003,0.18895870447158813
79104,309,1080.3,82,959,200.0,12790.654296875,0.00078125,0.3,3080,0.003019072,18080.75439453125,-1.5660439014434815,-0.002245323918759823,0.0003,0.11032480001449585
79360,310,1081.6,82,959,200.0,5240.17041015625,0.077734375,0.3,3090,0.03868893,7573.404138183594,-1.6912522912025452,-0.005056415870785713,0.0003,0.18763971328735352
79616,311,1079.6,82,959,200.0,2437.152099609375,0.0,0.3,3100,0.0026527473,8119.022686767578,-1.682775866985321,-0.0016758367419242859,0.0003,0.2338671088218689
79872,312,1085.4,83,959,200.0,8575.587890625,0.003515625,0.3,3110,0.004219751,14160.48984375,-1.9633855760097503,-0.0014431817224249243,0.0003,0.19764375686645508
80128,313,1074.1,83,959,200.0,6824.61328125,0.0,0.3,3120,0.0009650795,7862.575677490235,-1.9721967339515687,-0.0005664739524945617,0.0003,0.14652711153030396
80384,314,1067.8,83,959,200.0,3773.62890625,0.01328125,0.3,3130,0.009201762,7296.249655151367,-1.9873767852783204,-0.004289540520403534,0.0003,0.19022774696350098
80640,315,1064.0,84,959,200.0,2856.941162109375,0.005859375,0.3,3140,0.0048298617,8992.89932861328,-2.0898788809776305,-0.0038559629814699293,0.0003,0.04725158214569092
80896,316,1070.3,84,960,200.0,7974.03076171875,0.0,0.3,3150,0.0003096629,15585.131127929688,-2.067900776863098,-0.0019283133558928966,0.0003,0.13095271587371826
81152,317,1071.5,84,960,200.0,7261.5927734375,0.0,0.3,3160,8.65832e-05,8002.756817626953,-1.7168713748455047,-0.0004176068818196654,0.0003,0.1604061722755432
81408,318,1073.4,84,960,200.0,1531.719970703125,0.155859375,0.3,3170,0.05874575,7839.166198730469,-2.0018656671047212,-0.012146044243127107,0.0003,0.223585844039917
81664,319,1068.2,85,960,200.0,595.8003540039062,0.0,0.3,3180,0.0006817258,10396.661981201172,-2.1867240190505983,-0.0015384267549961804,0.0003,0.0894882082939148
81920,320,1069.4,85,960,200.0,9301.072265625,0.0,0.3,3190,0.00082643447,16783.829248046874,-2.023532921075821,0.00010835323482751846,0.0003,0.03497129678726196
82176,321,1069.9,85,960,200.0,4027.80859375,0.0,0.3,3200,0.0057333494,7850.059338378906,-2.019686371088028,-0.004361178283579648,0.0003,0.14585614204406738
82432,322,1057.5,85,960,200.0,2382.036376953125,0.027734375,0.3,3210,0.018306945,7253.090108489991,-2.247988224029541,-0.00873879981227219,0.0003,0.13396203517913818
82688,323,1054.1,86,960,200.0,9659.33203125,0.0,0.3,3220,0.0035751073,14142.851342773438,-2.054075467586517,-0.002165881684049964,0.0003,0.21837013959884644
82944,324,1046.8,86,960,200.0,1881.3787841796875,0.00078125,0.3,3230,0.0037803375,7796.178402709961,-2.255548691749573,-0.0031539858784526585,0.0003,0.12284272909164429
83200,325,1060.8,86,961,200.0,5779.88623046875,0.0,0.3,3240,0.00074616005,8962.875073242187,-2.1652717351913453,-0.0007312742527574301,0.0003,0.07416671514511108
83456,326,1056.7,86,961,200.0,7208.8291015625,0.0,0.3,3250,0.0020627244,7778.354251098633,-2.0032576739788057,-0.002266283507924527,0.0003,0.1986929178237915
83712,327,1058.2,87,961,200.0,4770.4794921875,0.0,0.3,3260,0.0011334389,15488.921752929688,-2.123337709903717,-0.001273033395409584,0.0003,0.12614935636520386
83968,328,1060.6,87,961,200.0,6219.93798828125,0.0,0.3,3270,0.0015360336,7716.357141113282,-2.1389724016189575,-0.002385262306779623,0.0003,0.20346373319625854
84224,329,1063.2,87,961,200.0,4467.74560546875,0.001171875,0.3,3280,0.00784936,7273.74849243164,-2.126561689376831,-0.004101552930660546,0.0003,0.22601407766342163
84480,330,1065.9,87,961,200.0,9663.4970703125,0.001953125,0.3,3290,0.009414943,14796.081176757812,-1.8449365735054015,-0.00784220127388835,0.0003,0.19155997037887573
84736,331,1064.7,88,961,200.0,260.84735107421875,0.0,0.3,3300,0.0032204285,7359.204000854492,-1.8013339936733246,-0.0029324620263651013,0.0003,0.24857217073440552
84992,332,1060.3,88,961,200.0,6449.794921875,0.0171875,0.3,3310,0.005424844,7268.818620300293,-2.0584990859031675,-0.0030389825813472273,0.0003,0.2276555299758911
85248,333,1067.3,88,961,200.0,2218.359130859375,0.00078125,0.3,3320,0.0041014906,7657.275939941406,-1.8386550843715668,-0.001576285029295832,0.0003,0.27235591411590576
85504,334,1072.3,88,962,200.0,10449.8740234375,0.0,0.3,3330,0.00048271683,14331.280053710938,-1.3215822398662567,3.1527341343462466e-05,0.0003,0.1864737868309021
85760,335,1075.8,89,962,200.0,633.00634765625,0.029296875,0.3,3340,0.018172346,7714.568377685547,-1.5615740716457367,-0.00523982746526599,0.0003,0.22588038444519043
86016,336,1080.9,89,962,200.0,6920.65673828125,0.01640625,0.3,3350,0.012111615,7608.372967529297,-1.6295321047306062,-0.005765120312571525,0.0003,0.23268651962280273
86272,337,1074.7,89,962,200.0,3382.49072265625,0.0,0.3,3360,0.00029179035,14617.630151367188,-1.7085032761096954,-0.0006529405247420073,0.0003,0.19310826063156128
86528,338,1071.5,89,962,200.0,5115.30126953125,0.035546875,0.3,3370,0.015891703,6982.094287109375,-2.042623591423035,-0.00370454431977123,0.0003,0.23548531532287598
86784,339,1071.0,90,962,200.0,5205.7880859375,0.00625,0.3,3380,0.008368766,7944.493701171875,-1.4609219551086425,-0.00020125897135585545,0.0003,0.17767393589019775
87040,340,1052.1,90,962,200.0,6224.34912109375,0.001171875,0.3,3390,0.0064376555,10719.999682617188,-1.794011837244034,-0.004370735841803253,0.0003,-0.16781413555145264
87296,341,1052.7,90,962,200.0,8676.5517578125,0.09609375,0.3,3400,0.03226142,16583.891967773438,-1.827150011062622,-0.005652874102815985,0.0003,0.11615163087844849
87552,342,1047.5,90,963,200.0,2600.539306640625,0.0,0.3,3410,0.0019880403,7500.029840087891,-1.8359978675842286,-0.0028834901284426452,0.0003,0.19707340002059937
87808,343,1053.8,91,963,200.0,2977.518310546875,0.005078125,0.3,3420,0.0061599645,7758.573101806641,-1.9539433360099792,-0.005697692185640335,0.0003,0.24494397640228271
88064,344,1039.7,91,963,200.0,5097.2041015625,0.0,0.3,3430,0.00038515218,10113.799133300781,-2.0342223942279816,-0.0009440359543077647,0.0003,-0.013708949089050293
88320,345,1039.6,91,963,200.0,4064.180419921875,0.0,0.3,3440,0.0013220732,13547.028295898437,-2.054061782360077,-0.002173283137381077,0.0003,0.15847259759902954
88576,346,1048.5,91,963,200.0,4526.8837890625,0.0,0.3,3450,0.00071273814,7742.248864746094,-1.8972087323665618,0.0012194997747428716,0.0003,0.2064371109008789
88832,347,1042.8,92,963,200.0,459.5273742675781,0.0,0.3,3460,0.0009585323,7347.440029907227,-2.0264996767044066,-0.0010321445879526436,0.0003,0.22131896018981934
89088,348,1045.9,92,963,200.0,7679.3232421875,0.006640625,0.3,3470,0.0059670247,14725.048217773438,-1.7838578283786775,-0.0038142963778227566,0.0003,0.2115979790687561
89344,349,1061.7,92,963,200.0,768.9326171875,0.0,0.3,3480,0.005867328,7643.027255249023,-1.9931059002876281,-0.002966687688603997,0.0003,0.24085205793380737
89600,350,1080.5,92,963,200.0,1229.7945556640625,0.002734375,0.3,3490,0.0076932814,7687.793994140625,-1.914909201860428,-0.002674085879698396,0.0003,0.22225654125213623
89856,351,1087.0,93,963,200.0,714.2313842773438,0.02578125,0.3,3500,0.0140943155,7603.080493164062,-1.6192160964012146,-0.0030358511256054046,0.0003,0.2429404854774475
90112,352,1088.2,93,964,200.0,2552.430419921875,0.0,0.3,3510,0.0001809732,16974.471899414064,-1.8195388555526733,-7.477994076907635e-05,0.0003,0.04560685157775879
90368,353,1091.2,93,964,200.0,1750.2548828125,0.0,0.3,3520,0.00038292632,8224.496826171875,-2.014510953426361,-0.0010831288062036037,0.0003,0.10615843534469604
90624,354,1085.0,93,964,200.0,5009.951171875,0.000390625,0.3,3530,0.0017714375,7897.820709228516,-1.839232051372528,-0.002682279096916318,0.0003,0.1560671329498291
90880,355,1073.5,94,964,200.0,8275.0751953125,0.000390625,0.3,3540,0.004343045,14119.447265625,-1.6744181752204894,-0.0026190254604443906,0.0003,0.18349558115005493
91136,356,1080.4,94,964,200.0,6055.27978515625,0.02734375,0.3,3550,0.01500753,7651.40894165039,-1.850282084941864,-0.004147049691528082,0.0003,0.20391011238098145
91392,357,1080.8,94,964,200.0,5495.7998046875,0.00234375,0.3,3560,0.0059411707,8865.527325439452,-2.11925950050354,-0.0032758217537775637,0.0003,0.11586815118789673
91648,358,1090.4,95,964,200.0,5816.76123046875,0.0,0.3,3570,0.0005019142,7817.1109375,-1.8040965616703033,0.0005578105337917805,0.0003,0.19982588291168213
91904,359,1085.3,95,964,200.0,1511.692626953125,0.0,0.3,3580,0.00013342546,14948.110046386719,-1.7807163953781129,-0.0008030327735468745,0.0003,0.1939048171043396
92160,360,1088.7,95,964,200.0,3122.37109375,0.00234375,0.3,3590,0.006919072,7047.380374145508,-1.9846763849258422,-0.003523046476766467,0.0003,0.1981174349784851
92416,361,1095.4,95,964,200.0,8961.0205078125,0.0,0.3,3600,0.0004688315,10176.84432373047,-1.706832653284073,0.0005936597706750035,0.0003,-0.06837868690490723
92672,362,1095.4,96,965,200.0,708.7796020507812,0.0,0.3,3610,0.0010242444,9605.51064453125,-1.8154712438583374,-0.0002341538667678833,0.0003,0.0012426972389221191
92928,363,1089.3,96,965,200.0,11058.4345703125,0.0,0.3,3620,0.00023232191,18777.57014160156,-1.9265464007854463,-0.0015302930609323085,0.0003,0.057191550731658936
93184,364,1094.5,96,965,200.0,5738.6669921875,0.0,0.3,3630,0.00018875231,8356.992883300782,-2.033989763259888,-0.0008636107319034636,0.0003,0.15004318952560425
93440,365,1102.0,96,965,200.0,4117.40185546875,0.0,0.3,3640,0.0009386814,8006.508660888672,-1.9077651500701904,-0.003804499498801306,0.0003,0.23302030563354492
93696,366,1104.5,97,965,200.0,3630.2919921875,0.0,0.3,3650,0.0015576957,14511.458544921876,-1.9400168180465698,-0.000995113211683929,0.0003,0.1927376389503479
93952,367,1109.7,97,965,200.0,5261.1953125,0.003125,0.3,3660,0.0037745563,7153.832019042969,-2.164476156234741,-0.0055709015112370254,0.0003,0.2257319688796997
94208,368,1110.6,97,965,200.0,3514.04052734375,0.01015625,0.3,3670,0.004851333,7712.141064453125,-1.8986900925636292,-0.0036534050479531286,0.0003,0.23299801349639893
94464,369,1107.6,97,965,200.0,7294.5703125,0.0,0.3,3680,0.0007898195,13684.8244140625,-2.129810965061188,0.0007668616250157356,0.0003,0.21640604734420776
94720,370,1104.9,98,966,200.0,2782.32421875,0.0375,0.3,3690,0.01935237,7335.247122192382,-1.9851492166519165,-0.009217678348068147,0.0003,0.2606911063194275
94976,371,1097.8,98,966,200.0,4570.71337890625,0.009765625,0.3,3700,0.005215411,7571.62756652832,-1.8847921788692474,-0.0038091082125902174,0.0003,0.17515116930007935
95232,372,1096.6,98,966,200.0,5784.35400390625,0.021875,0.3,3710,0.011129508,7349.756823730469,-2.073963874578476,-0.008948374027386307,0.0003,0.28037381172180176
95488,373,1096.1,98,966,200.0,4172.3544921875,0.000390625,0.3,3720,0.0017407029,15184.775708007812,-2.144464039802551,-0.004243076359853148,0.0003,0.1676083207130432
95744,374,1100.7,99,966,200.0,2420.390625,0.000390625,0.3,3730,0.005130617,6957.880694580078,-2.195258903503418,-0.003616885142400861,0.0003,0.2391645312309265
96000,375,1108.8,99,966,200.0,3049.27783203125,0.0,0.3,3740,0.0030323053,9348.396032714843,-2.0958685159683226,-0.00544411021983251,0.0003,0.06041073799133301
96256,376,1111.7,99,966,200.0,4674.12548828125,0.00625,0.3,3750,0.0073020635,8035.728909301758,-1.8394089698791505,0.003126547485589981,0.0003,0.12243694067001343
96512,377,1105.2,99,966,200.0,9545.814453125,0.006640625,0.3,3760,0.0094461255,13982.419165039062,-2.1576019644737245,-0.005724076554179192,0.0003,0.18151533603668213
96768,378,1110.3,100,966,200.0,1161.8177490234375,0.0,0.3,3770,0.002331033,10147.934826660156,-2.2596123099327086,-0.002564949996303767,0.0003,-0.10870862007141113
97024,379,1109.2,100,966,200.0,1198.745361328125,0.0,0.3,3780,0.001734291,10014.738842773437,-2.2210760593414305,-0.0019400717923417688,0.0003,0.07626169919967651
97280,380,1106.1,100,967,200.0,4015.604736328125,0.0,0.3,3790,0.0012387943,17090.66892089844,-2.23993124961853,-0.001057630917057395,0.0003,0.011949241161346436
97536,381,1101.8,100,967,200.0,2222.527587890625,0.001171875,0.3,3800,0.0030849515,7610.9802734375,-2.1422208189964294,-0.0036148202838376165,0.0003,0.17504113912582397
97792,382,1108.7,101,967,200.0,2668.679931640625,0.0,0.3,3810,0.0018440017,9593.84208984375,-2.13201904296875,-0.0028150988277047873,0.0003,0.043406665325164795
98048,383,1119.8,101,967,200.0,4618.5009765625,0.0,0.3,3820,0.0009094372,9133.404180908203,-2.1052767992019654,-0.0006229109829291701,0.0003,0.0911942720413208
98304,384,1112.7,101,967,200.0,6912.61083984375,0.0,0.3,3830,5.6819757e-05,14824.87882080078,-2.1235623121261598,-0.00025879975873976946,0.0003,0.051119208335876465
98560,385,1109.9,101,967,200.0,738.474609375,0.095703125,0.3,3840,0.043862,6957.759416198731,-2.134999430179596,-0.017403959413059056,0.0003,0.2727593183517456
98816,386,1113.3,102,967,200.0,1824.84130859375,0.000390625,0.3,3850,0.0016541784,7130.661291503906,-1.9129899740219116,-0.0018562290584668516,0.0003,0.26556479930877686
99072,387,1123.3,102,967,200.0,13057.73828125,0.000390625,0.3,3860,0.0043037077,15329.082946777344,-1.925439602136612,0.0020538490964099763,0.0003,0.13038623332977295
99328,388,1130.7,102,967,200.0,6318.712890625,0.0,0.3,3870,0.00080089085,7543.39086303711,-1.816055279970169,-0.001769994874484837,0.0003,0.28339719772338867
99584,389,1126.3,102,967,200.0,2896.019775390625,0.002734375,0.3,3880,0.004989012,7198.4545227050785,-1.9854999840259553,-0.003970990842208266,0.0003,0.237501859664917
99840,390,1135.6,103,967,200.0,7410.63720703125,0.011328125,0.3,3890,0.013222577,10573.48729248047,-1.9922983050346375,-0.011082008387893439,0.0003,-0.0056498050689697266
100096,391,1142.4,103,965,200.0,6488.97021484375,0.00859375,0.3,3900,0.00750876,15892.039611816406,-1.8973129391670227,0.003514325292780995,0.0003,0.06801110506057739
100352,392,1154.1,103,965,200.0,1850.5904541015625,0.0,0.3,3910,0.0025157083,8167.964727783203,-1.8938709318637847,-0.0031709342496469618,0.0003,0.15091288089752197
100608,393,1174.0,104,965,200.0,5111.978515625,0.03203125,0.3,3920,0.01921922,7535.234643554688,-1.884521770477295,-0.012471527606248856,0.0003,0.27822738885879517
100864,394,1175.9,104,965,200.0,10165.42578125,0.0125,0.3,3930,0.007450621,15238.1142578125,-2.030837815999985,-0.004854594590142369,0.0003,0.1761324405670166
101120,395,1173.0,104,965,200.0,7337.2001953125,0.0,0.3,3940,0.00044187438,9263.428527832031,-2.0420976877212524,0.0002934438176453114,0.0003,0.0444071888923645
101376,396,1175.8,105,964,200.0,4816.04736328125,0.0,0.3,3950,0.0017454177,9584.696728515624,-2.1416274547576903,-0.003978872485458851,0.0003,0.05390435457229614
101632,397,1179.6,105,964,200.0,939.876708984375,0.0,0.3,3960,0.0013693548,8318.375366210938,-1.9774203300476074,-0.0018626555742230267,0.0003,0.12528574466705322
101888,398,1181.9,105,964,200.0,12935.0693359375,0.0,0.3,3970,0.0004356359,16667.48974609375,-1.8419763803482057,-0.0011189504293724895,0.0003,0.12080401182174683
102144,399,1184.6,105,964,200.0,2470.02685546875,0.000390625,0.3,3980,0.0044312817,7478.269384765625,-1.9924401700496674,-0.003676518285647035,0.0003,0.24103927612304688
102400,400,1198.5,106,964,200.0,3692.04541015625,0.00390625,0.3,3990,0.0072389618,7111.202705383301,-1.688192105293274,-0.00024357332149520515,0.0003,0.2501162886619568
102656,401,1203.1,106,963,200.0,3372.951904296875,0.000390625,0.3,4000,0.0017381241,7231.830068969726,-1.4807066321372986,-0.002096027974039316,0.0003,0.24103236198425293
102912,402,1206.7,106,963,200.0,9965.7958984375,0.0,0.3,4010,0.00013696915,17421.23935546875,-2.0653024911880493,0.0001352379098534584,0.0003,-0.010889530181884766
103168,403,1201.5,107,963,200.0,4392.869140625,0.014453125,0.3,4020,0.010790732,9410.60419921875,-2.1088583946228026,-0.015364570543169975,0.0003,0.015547394752502441
103424,404,1210.2,107,963,200.0,1974.023193359375,0.0,0.3,4030,0.00053037936,7518.206765747071,-2.0049591064453125,0.0012779921875335277,0.0003,0.15950971841812134
103680,405,1210.7,107,963,200.0,6409.966796875,0.0,0.3,4040,0.00028424524,14391.801416015625,-1.917727643251419,-0.0008895111735910177,0.0003,0.20745068788528442
103936,406,1208.6,107,963,200.0,4114.7236328125,0.0484375,0.3,4050,0.02182832,6849.364504241943,-2.1429099082946776,-0.009008252155035734,0.0003,0.26412636041641235
104192,407,1206.9,108,963,200.0,585.8948364257812,0.0,0.3,4060,0.0032055534,7268.073571777344,-2.081053376197815,-0.0054071357939392325,0.0003,0.2082706093788147
104448,408,1216.3,108,963,200.0,6330.255859375,0.0,0.3,4070,0.0012134293,8639.005413818359,-1.7529303550720214,0.0008643755223602057,0.0003,0.11585390567779541
104704,409,1216.3,108,962,200.0,7576.1279296875,0.0,0.3,4080,0.0006643734,8371.885040283203,-1.5686832070350647,-0.001807610015384853,0.0003,0.12455517053604126
104960,410,1223.6,109,962,200.0,8331.5849609375,0.0,0.3,4090,0.00044939807,17141.57802734375,-1.8196900844573975,8.388816495425999e-05,0.0003,0.07964420318603516
105216,411,1220.9,109,962,200.0,6861.076171875,0.001171875,0.3,4100,0.0035966553,8002.893786621094,-1.9306498110294341,-0.0032981040887534617,0.0003,0.26596611738204956
105472,412,1216.6,109,962,200.0,3011.578369140625,0.0,0.3,4110,0.0011119177,15610.32797241211,-2.0440943121910093,-0.0012951483950018883,0.0003,0.12022000551223755
105728,413,1213.7,109,962,200.0,3252.005859375,0.0,0.3,4120,0.00022605853,7302.973120117187,-2.058631408214569,-9.81409742962569e-05,0.0003,0.186637282371521
105984,414,1207.2,110,962,200.0,1191.48974609375,0.0,0.3,4130,0.0008631854,9233.178302001954,-1.9661849856376648,-0.0026624521968187766,0.0003,0.04559433460235596
106240,415,1211.6,110,961,200.0,3365.288330078125,0.0,0.3,4140,0.0025992212,8596.307403564453,-1.9471654534339904,-0.0003868441330268979,0.0003,0.0803641676902771
106496,416,1217.4,110,961,200.0,7006.59814453125,0.000390625,0.3,4150,0.0055400366,17193.7064453125,-2.1293057680130003,-0.003894021478481591,0.0003,0.052194833755493164
106752,417,1212.8,111,961,200.0,8382.724609375,0.0,0.3,4160,0.0026103938,9135.575073242188,-1.9394629418849945,-0.0036307532573118806,0.0003,0.07937514781951904
107008,418,1229.0,111,960,200.0,935.3023071289062,0.0,0.3,4170,0.0029631585,7980.044641113282,-1.971834695339203,-0.003164823225233704,0.0003,0.15745258331298828
107264,419,1224.4,111,960,200.0,7197.99072265625,0.0,0.3,4180,0.003018068,13936.841821289063,-2.0399837911129,-0.0009894718881696463,0.0003,0.2002003788948059
107520,420,1234.4,111,960,200.0,6337.1240234375,0.01328125,0.3,4190,0.012605812,6931.122467041016,-1.8184974133968352,-0.007026780454907566,0.0003,0.23658853769302368
107776,421,1232.2,112,960,200.0,2064.459716796875,0.0,0.3,4200,0.00088364165,8208.16746826172,-1.7483175158500672,1.4417804777622222e-06,0.0003,0.1724681258201599
108032,422,1231.2,112,959,200.0,4188.3369140625,0.0,0.3,4210,0.0024148554,9519.044525146484,-1.854865151643753,-0.002694776654243469,0.0003,-0.0025260448455810547
108288,423,1236.4,112,959,200.0,4590.55859375,0.0,0.3,4220,0.0005317605,16340.168701171875,-2.0046297013759613,-0.0011683762539178133,0.0003,0.08494514226913452
108544,424,1237.3,113,959,200.0,1901.2117919921875,0.0,0.3,4230,0.000116887735,7878.156604003906,-1.9430396139621735,0.0003514641139190644,0.0003,0.22425532341003418
108800,425,1243.8,113,958,200.0,6715.41455078125,0.0,0.3,4240,0.0015032282,7711.573760986328,-1.8685890436172485,-0.002498256415128708,0.0003,0.24490177631378174
109056,426,1241.3,113,958,200.0,8691.5341796875,0.000390625,0.3,4250,0.0010727295,9778.245846557616,-1.7082427322864533,-0.001994688750710338,0.0003,-0.049710988998413086
109312,427,1239.2,114,958,200.0,11943.39453125,0.0,0.3,4260,4.504202e-05,17161.18837890625,-2.016241246461868,0.0002800095360726118,0.0003,0.03530782461166382
109568,428,1243.3,114,957,200.0,2654.142822265625,0.0,0.3,4270,0.00025820942,8173.926315307617,-1.7870827555656432,-0.00041887363186106087,0.0003,0.1276736855506897
109824,429,1237.9,114,957,200.0,7846.439453125,0.0,0.3,4280,0.00025457842,9614.192224121094,-1.8897944748401643,-0.0014774538576602936,0.0003,-0.0008127689361572266
110080,430,1241.1,115,956,200.0,10198.6513671875,0.0,0.3,4290,0.0019521452,14791.450903320312,-2.0070449888706205,-0.005282873474061489,0.0003,0.16333705186843872
110336,431,1244.8,115,956,200.0,2617.654541015625,0.0,0.3,4300,0.00026600552,7637.969421386719,-1.9206722736358643,0.0009483159752562642,0.0003,0.25477224588394165
110592,432,1245.2,115,956,200.0,4656.47900390625,0.011328125,0.3,4310,0.0047300532,8883.13017578125,-2.011955738067627,-0.008187256893143058,0.0003,0.09572035074234009
110848,433,1251.0,115,955,200.0,4532.9755859375,0.0,0.3,4320,0.00036081695,7408.054260253906,-1.958146470785141,-0.0011619006283581257,0.0003,0.23215311765670776
111104,434,1248.6,116,955,200.0,7640.2236328125,0.0,0.3,4330,6.222632e-05,14178.17646484375,-1.8884739875793457,-0.0002632020274177194,0.0003,0.18940842151641846
111360,435,1251.4,116,954,200.0,6561.28271484375,0.0109375,0.3,4340,0.0139618665,7857.850268554687,-1.9515106797218322,-0.008598250756040215,0.0003,0.2468377947807312
111616,436,1244.3,116,954,200.0,674.0424194335938,0.0,0.3,4350,0.0041960217,8842.400225830079,-1.8463375449180603,0.0007569708162918687,0.0003,0.12751662731170654
111872,437,1250.7,117,954,200.0,9371.1064453125,0.0,0.3,4360,0.0004566037,13794.04688720703,-2.1103606104850767,-0.002214718610048294,0.0003,0.2416124939918518
112128,438,1243.6,117,954,200.0,5204.79541015625,0.0,0.3,4370,0.0010961974,7535.500427246094,-1.981435340642929,-0.0012602658476680516,0.0003,0.20673656463623047
112384,439,1250.0,117,954,200.0,2461.61962890625,0.0,0.3,4380,0.000941128,9699.392907714844,-2.0430339872837067,-0.00022133024176582695,0.0003,-0.09179770946502686
112640,440,1243.1,118,954,200.0,5242.5830078125,0.0,0.3,4390,0.0037110243,7179.038592529297,-2.0651084303855898,-0.004819657257758081,0.0003,0.24351787567138672
112896,441,1251.7,118,954,200.0,12755.7783203125,0.0,0.3,4400,0.0010968675,15570.705792236327,-2.073230814933777,0.0002513726707547903,0.0003,0.16460943222045898
113152,442,1239.0,118,953,200.0,2056.817138671875,0.0,0.3,4410,0.0019050406,7571.123510742187,-1.9120471477508545,0.0005620985873974859,0.0003,0.21916085481643677
113408,443,1220.3,118,953,200.0,2161.759033203125,0.0,0.3,4420,0.000310258,7875.665203857422,-2.2348952531814574,-0.0005062914220616222,0.0003,0.11813843250274658
113664,444,1215.7,119,953,200.0,8272.62890625,0.008203125,0.3,4430,0.012693035,13179.89970703125,-2.1833343267440797,-0.005166900018230081,0.0003,0.2600754499435425
113920,445,1218.8,119,953,200.0,5441.7314453125,0.00390625,0.3,4440,0.00848574,6921.695932006836,-2.105341410636902,-0.002651042933575809,0.0003,0.30097341537475586
114176,446,1230.0,119,953,200.0,4727.61279296875,0.0,0.3,4450,0.0010874684,7603.889245605469,-1.941847801208496,-0.0006899484898895026,0.0003,0.2735050916671753
114432,447,1233.4,119,953,200.0,3577.307861328125,0.003125,0.3,4460,0.009423768,7414.2624237060545,-1.921694564819336,-0.008304470824077726,0.0003,0.29174166917800903
114688,448,1232.0,120,953,200.0,7247.54296875,0.0,0.3,4470,0.0006970193,18462.573803710937,-2.029253327846527,-0.0005283716134727001,0.0003,-0.0783228874206543
114944,449,1236.7,120,953,200.0,5387.642578125,0.0,0.3,4480,0.00051160436,7461.84204711914,-2.1312254786491396,-0.0028032162226736546,0.0003,0.19118595123291016
115200,450,1236.7,120,953,200.0,4053.592529296875,0.0,0.3,4490,0.0003993772,7947.410827636719,-2.085745704174042,2.28154007345438e-05,0.0003,0.1744268536567688
115456,451,1244.5,121,952,200.0,3174.63037109375,0.0,0.3,4500,0.0013044267,9101.019641113282,-2.028840923309326,-0.003502038912847638,0.0003,0.10001873970031738
115712,452,1245.0,121,952,200.0,11885.041015625,0.0,0.3,4510,0.0005165746,18999.318237304688,-1.9189346373081206,-0.0013350132387131453,0.0003,0.08440464735031128
115968,453,1252.2,121,952,200.0,3905.76806640625,0.000390625,0.3,4520,0.0071148193,7813.753686523438,-2.0975441455841066,-0.004671216942369938,0.0003,0.20533543825149536
116224,454,1249.1,122,951,200.0,6052.51806640625,0.00078125,0.3,4530,0.0025017129,7681.711907958985,-1.9678625643253327,-0.0045731180580332875,0.0003,0.22206217050552368
116480,455,1258.7,122,951,200.0,13811.9970703125,0.0,0.3,4540,0.0006465209,17820.844921875,-1.863086038827896,-0.0001870195847004652,0.0003,0.16107845306396484
116736,456,1256.0,122,951,200.0,488.3718566894531,0.0,0.3,4550,0.0024398556,7935.805416870117,-1.9496705055236816,-0.00464663376333192,0.0003,0.20687603950500488
116992,457,1253.8,123,950,200.0,5998.580078125,0.004296875,0.3,4560,0.011712525,7727.729602050781,-1.9753966152667999,-0.0025237204506993295,0.0003,0.21407651901245117
117248,458,1264.0,123,950,200.0,805.1866455078125,0.0,0.3,4570,0.004634396,8018.412268066406,-1.8624673008918762,-0.0007653074339032173,0.0003,0.18932127952575684
117504,459,1273.3,123,950,200.0,9556.1650390625,0.0,0.3,4580,0.00015968154,16805.119470214842,-1.975707471370697,-0.0008087920024991036,0.0003,0.09711921215057373
117760,460,1265.6,123,950,200.0,5921.05517578125,0.002734375,0.3,4590,0.0053424044,10081.579138183593,-1.9167687892913818,-0.006476740876678377,0.0003,0.016031622886657715
118016,461,1263.6,124,949,200.0,4524.76220703125,0.0015625,0.3,4600,0.002348128,7711.630731201172,-1.8141354501247406,-0.00012840433046221734,0.0003,0.1931963562965393
118272,462,1247.4,124,949,200.0,2030.533935546875,0.00078125,0.3,4610,0.0028456019,7726.021026611328,-1.9689585745334626,-0.004358422313816846,0.0003,0.19386059045791626
118528,463,1249.2,124,949,200.0,6240.7724609375,0.0,0.3,4620,0.001876083,7879.317407226563,-1.8553057610988617,-0.003246950008906424,0.0003,0.16146951913833618
118784,464,1247.3,125,949,200.0,6408.0439453125,0.0,0.3,4630,0.0013435937,7536.932849121094,-1.963620263338089,-0.0021376550896093248,0.0003,0.204789936542511
119040,465,1238.8,125,948,200.0,359.0240478515625,0.0,0.3,4640,0.0012920271,7742.208001708985,-2.01071383357048,-0.0031278711976483464,0.0003,0.2535647749900818
119296,466,1232.8,125,948,200.0,6343.7109375,0.0,0.3,4650,0.0008851732,8004.20244140625,-1.861053192615509,-0.0027053597266785802,0.0003,0.19871973991394043
119552,467,1238.4,126,948,200.0,6302.52294921875,0.0,0.3,4660,0.0019664015,16791.175903320312,-1.9111825346946716,-0.003989126486703754,0.0003,0.08823668956756592
119808,468,1239.0,126,948,200.0,410.447021484375,0.0,0.3,4670,0.006329654,6839.919223022461,-2.058975434303284,-0.0047032380476593975,0.0003,0.32200324535369873
120064,469,1237.1,126,948,200.0,11337.333984375,0.0015625,0.3,4680,0.0060761636,15006.0953125,-2.0046739995479586,-0.011419355170801282,0.0003,0.1649947166442871
120320,470,1234.9,126,947,200.0,4755.2666015625,0.0,0.3,4690,0.00054869987,6745.255523681641,-1.843218058347702,-0.00034780576825141905,0.0003,0.27395230531692505
120576,471,1235.1,127,947,200.0,3526.0810546875,0.00078125,0.3,4700,0.0033725603,8006.989874267578,-1.9396975457668304,-0.00380366719327867,0.0003,0.2161603569984436
120832,472,1233.6,127,947,200.0,5115.28125,0.0,0.3,4710,0.0013133057,8939.329650878906,-1.6992645025253297,-0.003123131359461695,0.0003,0.07357227802276611
121088,473,1240.7,127,947,200.0,2943.267822265625,0.0,0.3,4720,0.00011582882,14813.63876953125,-1.8212595760822297,0.0005536986980587244,0.0003,0.11845594644546509
121344,474,1246.1,128,947,200.0,1264.5916748046875,0.00078125,0.3,4730,0.0013504853,7340.506079101562,-1.8224138855934142,-0.002620251278858632,0.0003,0.28720521926879883
121600,475,1238.9,128,947,200.0,6411.53125,0.00234375,0.3,4740,0.008540852,7068.908764648438,-1.9681739270687104,-0.00558775276876986,0.0003,0.2815864682197571
121856,476,1237.1,128,947,200.0,7685.14404296875,0.0,0.3,4750,0.0026297157,9182.675512695312,-1.9196289718151092,8.650186937302351e-05,0.0003,0.057250261306762695
122112,477,1249.9,128,947,200.0,3007.196533203125,0.0,0.3,4760,5.1978044e-05,15996.561059570313,-1.8382976472377777,-0.0005834048730321229,0.0003,0.055711209774017334
122368,478,1259.5,129,946,200.0,6120.9208984375,0.0,0.3,4770,0.00049901404,7548.054418945312,-1.840382206439972,-0.0013506627874448895,0.0003,0.27695298194885254
122624,479,1264.9,129,946,200.0,8648.083984375,0.0203125,0.3,4780,0.0180499,8932.714526367188,-1.8808811962604524,-0.005783059494569897,0.0003,0.13163423538208008
122880,480,1263.9,129,946,200.0,3105.5712890625,0.002734375,0.3,4790,0.0073283855,8226.815756225586,-1.8351990461349488,0.0038324887398630382,0.0003,0.1362917423248291
123136,481,1273.2,130,946,200.0,6273.38427734375,0.0,0.3,4800,4.128553e-05,13835.663305664062,-1.9631760954856872,-0.00018112719990313054,0.0003,0.08686035871505737
123392,482,1270.8,130,946,200.0,829.6727905273438,0.03828125,0.3,4810,0.027758505,7923.411047363281,-1.8326691806316375,-0.010397676471620798,0.0003,0.17723959684371948
123648,483,1275.3,130,945,200.0,1287.4332275390625,0.008984375,0.3,4820,0.0037681411,7857.594873046875,-1.8481110632419586,-0.002131548314355314,0.0003,0.16690033674240112
123904,484,1277.4,131,945,200.0,12118.0595703125,0.0,0.3,4830,0.0002950132,15914.321948242188,-1.8935902297496796,-0.0007559843128547072,0.0003,0.14748293161392212
124160,485,1282.3,131,945,200.0,1432.706787109375,0.0,0.3,4840,0.0033931918,9563.119995117188,-1.9412717044353485,-0.0021315944381058217,0.0003,0.006713986396789551
124416,486,1278.6,131,945,200.0,3660.09619140625,0.00390625,0.3,4850,0.0040622503,7480.227545166015,-1.8757495164871216,-0.000898695841897279,0.0003,0.27400779724121094
124672,487,1283.0,131,944,200.0,6031.28662109375,0.0,0.3,4860,0.0010096026,8809.558471679688,-1.878701400756836,-0.0009492001729086042,0.0003,0.10464900732040405
124928,488,1285.7,132,944,200.0,6396.9775390625,0.0,0.3,4870,0.00059237354,15526.215930175782,-1.871464765071869,-0.0018877647584304214,0.0003,0.16115760803222656
125184,489,1281.5,132,944,200.0,4447.44921875,0.001953125,0.3,4880,0.0022809673,9160.876184082032,-1.9704952836036682,-0.006151958461850881,0.0003,0.13158392906188965
125440,490,1289.1,132,944,200.0,6217.7353515625,0.002734375,0.3,4890,0.0039874706,7282.451333618164,-2.1288697719573975,-0.004568832996301353,0.0003,0.24306273460388184
125696,491,1293.8,133,943,200.0,5560.6953125,0.0,0.3,4900,0.00019985484,14025.87557373047,-1.8812498033046723,-0.001355918776243925,0.0003,0.21246874332427979
125952,492,1296.0,133,944,200.0,3107.148681640625,0.0,0.3,4910,0.0012250606,7286.140240478516,-2.1150803208351134,-0.0014027306926436723,0.0003,0.20570600032806396
126208,493,1312.3,133,944,200.0,3840.3486328125,0.0,0.3,4920,0.0002812124,6956.918176269532,-2.121479403972626,-0.0010240358766168355,0.0003,0.29408764839172363
126464,494,1295.1,133,944,200.0,1252.5322265625,0.0015625,0.3,4930,0.0017870669,7909.644226074219,-1.9897745549678802,-0.0007602025871165097,0.0003,0.21059387922286987
126720,495,1296.8,134,944,200.0,2518.138916015625,0.0,0.3,4940,0.0020140419,10099.359057617188,-1.532247006893158,-0.0010747149353846908,0.0003,-0.035530805587768555
126976,496,1285.5,134,944,200.0,7869.10595703125,0.0,0.3,4950,0.0013327084,8899.430883789062,-1.9532329380512237,-0.0018772768788039684,0.0003,0.05290776491165161
127232,497,1285.9,134,944,200.0,6512.3251953125,0.0,0.3,4960,0.0023494507,10601.302770996093,-1.5798424243927003,-0.002743560471571982,0.0003,-0.16906893253326416
127488,498,1286.1,135,944,200.0,2859.219482421875,0.0,0.3,4970,0.0002527889,14383.69814453125,-1.906266176700592,-0.001113672973588109,0.0003,0.2088789939880371
127744,499,1288.6,135,944,200.0,4664.20458984375,0.0,0.3,4980,0.00013182103,9560.894622802734,-1.7463868081569671,-0.0009487007278949023,0.0003,-0.006724715232849121
128000,500,1303.4,135,944,200.0,4638.80126953125,0.0,0.3,4990,6.4895954e-05,7505.711569213867,-1.920649427175522,0.0005642894655466079,0.0003,0.22846877574920654
128256,501,1310.8,135,944,200.0,5639.05224609375,0.0,0.3,5000,0.0019131443,7678.007495117187,-1.7716427981853484,-0.004008241544943303,0.0003,0.2232930064201355
128512,502,1307.9,136,944,200.0,6721.40234375,0.0,0.3,5010,0.0005096623,15694.625256347656,-1.8475853145122527,-0.0011787592084147036,0.0003,0.16637331247329712
128768,503,1302.8,136,944,200.0,4592.37451171875,0.0,0.3,5020,6.3214684e-05,7225.895458984375,-1.7853621780872344,-0.000548691232688725,0.0003,0.2797110676765442
129024,504,1313.0,136,944,200.0,4057.952880859375,0.0,0.3,5030,0.0027353296,7258.560400390625,-1.8565075814723968,-0.0064287962042726575,0.0003,0.2628713846206665
129280,505,1315.9,136,944,200.0,6517.931640625,0.0,0.3,5040,0.00015316857,13681.09521484375,-2.0337769865989683,0.00028630818706005813,0.0003,0.21458452939987183
129536,506,1317.5,137,944,200.0,4914.19091796875,0.0,0.3,5050,0.0037079728,7347.303326416016,-1.7672234714031219,-0.002812799112871289,0.0003,0.2640417218208313
129792,507,1312.8,137,944,200.0,8850.6494140625,0.0,0.3,5060,0.001098227,10182.083807373047,-1.8677176237106323,-0.0015985695412382484,0.0003,-0.01389157772064209
130048,508,1318.5,137,944,200.0,4093.434326171875,0.0,0.3,5070,0.0009522957,8762.728948974609,-1.948803335428238,-0.001486842177109793,0.0003,0.06265580654144287
130304,509,1323.8,137,944,200.0,2278.830810546875,0.0,0.3,5080,0.0005009193,15729.52255859375,-1.72568279504776,-0.0011236740043386816,0.0003,0.06555700302124023
130560,510,1323.4,138,944,200.0,6351.5595703125,0.0,0.3,5090,0.00035157404,7861.130773925781,-1.7782407104969025,-0.0012277040397748352,0.0003,0.21129482984542847
130816,511,1326.1,138,944,200.0,2172.14892578125,0.0,0.3,5100,0.0009241472,8267.4810546875,-1.835476177930832,-0.0036170772276818753,0.0003,0.10432082414627075
131072,512,1326.1,138,944,200.0,8717.861328125,0.0,0.3,5110,0.0007005099,13405.612036132812,-1.8185262978076935,0.00016186549328267574,0.0003,0.26729637384414673
131328,513,1326.3,139,944,200.0,5738.8037109375,0.0,0.3,5120,0.000821684,7193.738818359375,-1.941803252696991,-0.0018543512909673155,0.0003,0.2270691990852356
131584,514,1326.3,139,944,200.0,302.143798828125,0.0125,0.3,5130,0.00844563,6716.856246948242,-1.846781176328659,-0.005332311475649476,0.0003,0.3426930904388428
131840,515,1335.7,139,944,200.0,3777.468994140625,0.0,0.3,5140,0.00027450104,7732.558166503906,-1.8256662309169769,0.00019494576845318078,0.0003,0.21879786252975464
132096,516,1343.2,139,944,200.0,7663.50537109375,0.0,0.3,5150,0.0008057356,15605.592517089844,-1.892559862136841,-0.00237142750993371,0.0003,0.11171877384185791
132352,517,1342.9,140,944,200.0,6177.748046875,0.0,0.3,5160,0.0023457606,10051.828649902343,-1.9423425436019897,-0.002764579141512513,0.0003,0.018709897994995117
132608,518,1350.2,140,944,200.0,3574.43505859375,0.0015625,0.3,5170,0.0044770623,7496.374975585937,-2.033132630586624,-0.004179234628099948,0.0003,0.2186899185180664
132864,519,1350.6,140,944,200.0,7071.42041015625,0.0,0.3,5180,0.0018783147,13970.086767578125,-1.9619056761264801,0.0022793176583945753,0.0003,0.245200514793396
133120,520,1355.4,140,944,200.0,3381.438232421875,0.0,0.3,5190,0.0005208156,7014.379675292968,-1.840184932947159,-0.0016593184787780046,0.0003,0.2817975878715515
133376,521,1369.7,141,944,200.0,2509.146484375,0.0,0.3,5200,0.0010721898,7609.723095703125,-2.020530843734741,-0.003488708660006523,0.0003,0.24120616912841797
133632,522,1381.8,141,944,200.0,3592.630859375,0.0,0.3,5210,0.0024191723,7238.0048156738285,-1.9419249415397644,-0.0022177735809236765,0.0003,0.31294018030166626
133888,523,1379.1,141,944,200.0,2181.06982421875,0.0,0.3,5220,0.00028357422,9098.76919555664,-1.8354088902473449,0.0013003044994547963,0.0003,0.07126784324645996
134144,524,1381.5,141,944,200.0,9613.13671875,0.0,0.3,5230,0.0012294136,18017.304443359375,-1.9343121647834778,-0.004573661158792675,0.0003,0.024692833423614502
134400,525,1392.6,142,944,200.0,3741.9052734375,0.0,0.3,5240,0.000638667,7240.798120117188,-1.8505846858024597,-0.002029140025842935,0.0003,0.3294600248336792
134656,526,1394.8,142,944,200.0,3923.5927734375,0.0,0.3,5250,0.0007291022,7757.20537109375,-1.876928174495697,0.0015264220768585802,0.0003,0.24421906471252441
134912,527,1394.5,142,944,200.0,9251.142578125,0.0,0.3,5260,0.00012369337,14207.40859375,-1.7924686670303345,-0.0016622344497591256,0.0003,0.2172589898109436
135168,528,1397.1,143,944,200.0,604.34814453125,0.006640625,0.3,5270,0.011506652,8952.118017578125,-1.9960981070995332,-0.010008967341855168,0.0003,0.11512857675552368
135424,529,1391.7,143,944,200.0,1990.578125,0.01328125,0.3,5280,0.010765061,8645.990051269531,-1.9985367953777313,-0.011414561700075865,0.0003,0.09782111644744873
135680,530,1391.1,143,945,200.0,7629.7490234375,0.0,0.3,5290,0.00018964754,14562.593774414063,-2.126265275478363,0.000232874252833426,0.0003,0.21407240629196167
135936,531,1390.7,143,945,200.0,3019.7080078125,0.0,0.3,5300,0.0009425457,7668.204583740235,-2.05166609287262,-0.0023069564253091813,0.0003,0.2368949055671692
136192,532,1388.6,144,945,200.0,3644.451416015625,0.0,0.3,5310,0.0004484104,7909.079241943359,-2.1122725367546082,-0.0007046256447210908,0.0003,0.23140764236450195
136448,533,1383.6,144,945,200.0,1761.419189453125,0.0,0.3,5320,0.0019665845,7919.340606689453,-2.1417363047599793,-0.004850682569667697,0.0003,0.2017366886138916
136704,534,1388.3,144,945,200.0,6500.36474609375,0.0,0.3,5330,0.0011422955,14094.68564453125,-2.141469180583954,0.0003255342715419829,0.0003,0.202001690864563
136960,535,1383.2,144,945,200.0,3889.72265625,0.0,0.3,5340,0.000386904,7267.102770996094,-2.0611114144325255,-0.00043695678468793633,0.0003,0.32042139768600464
137216,536,1379.3,145,945,200.0,6514.53466796875,0.0,0.3,5350,0.00073376065,8754.53606262207,-2.1530704617500307,-0.0023835267638787627,0.0003,0.01374441385269165
137472,537,1374.6,145,944,200.0,4677.7451171875,0.0,0.3,5360,0.0017621522,13182.402172851562,-2.0945515513420103,-0.004449936584569514,0.0003,0.28425997495651245
137728,538,1375.3,145,945,200.0,6017.13525390625,0.0,0.3,5370,0.0013653585,7753.823693847657,-2.0205139219760895,-0.003405686654150486,0.0003,0.23890507221221924
137984,539,1370.7,146,945,200.0,1649.7269287109375,0.0,0.3,5380,0.0012524766,6708.630200195313,-2.1328380823135378,-0.004823820712044835,0.0003,0.28773653507232666
138240,540,1396.0,146,945,200.0,4938.09326171875,0.0,0.3,5390,0.00044754148,7993.360491943359,-1.8534789681434631,-0.0038079114397987722,0.0003,0.2017430067062378
138496,541,1401.8,146,944,200.0,5626.76123046875,0.0,0.3,5400,0.00013593026,7679.394519042969,-2.159004008769989,-0.0005428201518952846,0.0003,0.19317352771759033
138752,542,1400.5,146,944,200.0,12874.6982421875,0.0,0.3,5410,0.0011365341,18162.99494628906,-2.1403416752815247,-0.0019192661624401809,0.0003,0.07649797201156616
139008,543,1396.9,147,944,200.0,2563.833251953125,0.0,0.3,5420,0.0014992135,9752.724157714843,-2.114620578289032,-0.0042153036454692485,0.0003,0.006012618541717529
139264,544,1398.3,147,944,200.0,11989.5126953125,0.0,0.3,5430,0.0005185669,17655.209252929686,-1.9243117332458497,-0.0018847985425963997,0.0003,0.039137065410614014
139520,545,1398.3,147,944,200.0,3230.825439453125,0.0,0.3,5440,0.0008351079,7090.99633178711,-2.077337121963501,-0.0030590139329433443,0.0003,0.2300087809562683
139776,546,1405.4,147,944,200.0,3981.882568359375,0.0,0.3,5450,0.0010383737,8295.390368652344,-1.781752771139145,-0.0014357845415361226,0.0003,0.14563614130020142
140032,547,1410.1,148,944,200.0,5753.087890625,0.0,0.3,5460,0.00017693592,8308.254949951172,-1.9973944306373597,-0.001165192504413426,0.0003,0.11039996147155762
140288,548,1414.7,148,945,200.0,2789.09619140625,0.0,0.3,5470,0.0049811117,13413.453735351562,-1.8996514081954956,-0.00593685545027256,0.0003,0.2813212275505066
140544,549,1407.5,148,944,200.0,3010.867919921875,0.0,0.3,5480,0.00048649544,6840.268289184571,-2.0224079728126525,-0.002039326191879809,0.0003,0.3046343922615051
140800,550,1417.0,149,944,200.0,1381.9454345703125,0.0,0.3,5490,0.00016807741,6903.882922363281,-1.8886056005954743,-0.0007374010281637311,0.0003,0.2912960648536682
141056,551,1419.4,149,944,200.0,3229.138916015625,0.0,0.3,5500,0.00011426397,7149.243792724609,-1.8863144218921661,-0.0007849067798815668,0.0003,0.32758212089538574
141312,552,1417.2,149,945,200.0,5616.16162109375,0.0,0.3,5510,0.0016207818,13462.569213867188,-1.6712340712547302,-0.003214442124590278,0.0003,0.24832367897033691
141568,553,1424.6,149,945,200.0,3057.45947265625,0.0,0.3,5520,0.0018489237,7132.193774414062,-1.906819188594818,-0.0022993512684479356,0.0003,0.32526326179504395
141824,554,1429.0,150,945,200.0,7062.29150390625,0.0,0.3,5530,0.0032336023,8997.975073242187,-1.8514029502868652,-0.007016311120241881,0.0003,0.11593753099441528
142080,555,1422.2,150,945,200.0,9815.5693359375,0.003515625,0.3,5540,0.0068503674,13309.605200195312,-2.0613360524177553,-0.0024641321506351233,0.0003,0.26742953062057495
142336,556,1409.9,150,945,200.0,1946.2392578125,0.0,0.3,5550,0.0006032144,7301.939489746093,-2.002803534269333,-0.0016049867146648467,0.0003,0.2675246596336365
142592,557,1414.8,150,945,200.0,4585.23779296875,0.0,0.3,5560,0.0022778285,7068.338623046875,-2.036440706253052,-0.006429425976239145,0.0003,0.30134063959121704
142848,558,1410.8,151,945,200.0,6306.69482421875,0.0125,0.3,5570,0.01075661,7294.2928466796875,-1.9707047462463378,-0.004617343563586474,0.0003,0.2488776445388794
143104,559,1403.9,151,945,200.0,4891.68310546875,0.0,0.3,5580,0.0019335705,13249.528869628906,-1.8965644359588623,-0.00043679215013980865,0.0003,0.2588229179382324
143360,560,1403.0,151,945,200.0,4878.732421875,0.0,0.3,5590,0.0006229733,8019.680828857422,-1.8939329504966735,-0.0017588032176718115,0.0003,0.1250278353691101
143616,561,1403.1,151,945,200.0,3909.69970703125,0.0,0.3,5600,0.00038450933,7107.178955078125,-1.9795138239860535,-0.0017347741522826254,0.0003,0.2968658208847046
143872,562,1411.3,152,945,200.0,8077.82177734375,0.0,0.3,5610,0.00094849407,13658.064208984375,-1.9966938853263856,-0.0018326028250157834,0.0003,0.21334493160247803
144128,563,1421.3,152,945,200.0,2177.810302734375,0.0,0.3,5620,0.0006897631,7968.323193359375,-1.826010286808014,-0.0004271383862942457,0.0003,0.23584449291229248
144384,564,1414.0,152,945,200.0,2442.371826171875,0.0,0.3,5630,0.0016190337,7700.836450195313,-1.8672148168087006,-0.0028413747437298297,0.0003,0.3400203585624695
144640,565,1410.4,152,945,200.0,3546.578125,0.0078125,0.3,5640,0.010193312,8005.202996826172,-2.05827534198761,-0.0012476602336391807,0.0003,0.19869637489318848
144896,566,1397.5,153,945,200.0,3135.5751953125,0.002734375,0.3,5650,0.0074893422,7201.589419555664,-2.1294591188430787,-0.004913062416017055,0.0003,0.2641116976737976
145152,567,1396.8,153,945,200.0,5088.45654296875,0.0,0.3,5660,0.00045824563,16852.275720214842,-2.087846052646637,0.0016321375733241439,0.0003,-0.19407379627227783
145408,568,1386.4,153,945,200.0,2208.519775390625,0.0,0.3,5670,0.00043813814,6953.6051025390625,-2.055462729930878,-0.0014110989402979612,0.0003,0.3018888831138611
145664,569,1382.1,154,945,200.0,8807.435546875,0.0,0.3,5680,0.002560836,15600.070556640625,-2.133609402179718,-0.003999892459250987,0.0003,0.14610105752944946
145920,570,1376.7,154,945,200.0,5296.12744140625,0.0,0.3,5690,0.00016215304,7442.00927734375,-2.099156987667084,0.0013342502759769558,0.0003,0.23684102296829224
146176,571,1367.3,154,945,200.0,6738.00146484375,0.0,0.3,5700,0.0014141183,10151.513647460937,-1.9895721197128295,-0.002436456154100597,0.0003,0.03329187631607056
146432,572,1377.8,154,945,200.0,4244.240234375,0.0,0.3,5710,0.00050957035,7611.6515625,-1.946550625562668,-0.0007837438955903053,0.0003,0.24082255363464355
146688,573,1372.7,155,945,200.0,8838.2109375,0.0,0.3,5720,0.0020561141,13143.365075683594,-2.099478805065155,-0.005036390386521816,0.0003,0.26645082235336304
146944,574,1373.4,155,945,200.0,2852.129150390625,0.0,0.3,5730,0.00072322576,8215.467819213867,-2.115412712097168,-0.0014764644671231507,0.0003,0.12291628122329712
147200,575,1372.9,155,945,200.0,4079.18115234375,0.0,0.3,5740,0.000405557,9742.7869140625,-2.036511492729187,-0.001067905267700553,0.0003,0.15227264165878296
147456,576,1360.3,155,946,200.0,6749.13330078125,0.0,0.3,5750,0.005896229,8386.260083007812,-2.1590914964675902,-0.003476537682581693,0.0003,0.1140211820602417
147712,577,1355.4,156,946,200.0,7414.93505859375,0.01640625,0.3,5760,0.013785452,12638.301928710938,-2.2221750140190126,-0.01119929114356637,0.0003,0.3028106689453125
147968,578,1347.4,156,946,200.0,3800.88916015625,0.003125,0.3,5770,0.007649211,6889.089837646485,-1.9986461997032166,-0.006405471544712782,0.0003,0.2534602880477905
148224,579,1340.0,156,946,200.0,5113.6435546875,0.002734375,0.3,5780,0.004364314,9341.179974365234,-2.1048925518989563,-0.00636658122530207,0.0003,0.02358245849609375
148480,580,1340.5,156,946,200.0,10230.251953125,0.0,0.3,5790,0.001531661,16488.480029296876,-1.8700057864189148,-0.0034419583156704904,0.0003,0.09406757354736328
148736,581,1339.8,157,946,200.0,5593.0849609375,0.0,0.3,5800,0.00035521528,6841.509912109375,-2.0426779985427856,-0.0013656176393851637,0.0003,0.24625003337860107
148992,582,1337.7,157,946,200.0,2809.157470703125,0.0,0.3,5810,0.0017956034,9869.023376464844,-1.9189309895038604,-0.005971563002094627,0.0003,0.01671355962753296
149248,583,1344.8,157,945,200.0,1973.697265625,0.0,0.3,5820,0.0007850656,7059.139672851563,-1.8238770842552186,-0.003366355854086578,0.0003,0.27339911460876465
149504,584,1340.2,158,945,200.0,11135.45703125,0.0,0.3,5830,0.00017379713,13869.403942871093,-1.8287360668182373,-0.0011140899267047643,0.0003,0.21974915266036987
149760,585,1349.6,158,945,200.0,5018.39453125,0.005078125,0.3,5840,0.007793797,6879.6677734375,-1.9747288942337036,-0.009101430699229241,0.0003,0.304850697517395
150016,586,1338.7,158,945,200.0,6378.6298828125,0.0,0.3,5850,0.0015399039,6631.089274597168,-1.8839456200599671,-0.002663369756191969,0.0003,0.3168689012527466
150272,587,1331.4,158,946,200.0,8109.43115234375,0.0,0.3,5860,0.0016824156,16472.57861328125,-2.0489919066429136,-0.0016519273282028734,0.0003,0.041094303131103516
150528,588,1343.8,159,946,200.0,5827.35986328125,0.0,0.3,5870,0.00045893015,6974.454162597656,-2.022818237543106,-0.0018847548635676503,0.0003,0.2986176609992981
150784,589,1350.4,159,946,200.0,3005.989013671875,0.00078125,0.3,5880,0.0025640603,9898.250463867187,-1.8393365085124969,-0.006148263381328433,0.0003,0.07929635047912598
151040,590,1341.0,159,946,200.0,6191.1435546875,0.0,0.3,5890,0.00088241464,7587.854412841797,-1.8859959363937377,9.408923797309399e-05,0.0003,0.22715789079666138
151296,591,1338.7,159,946,200.0,3737.533447265625,0.0,0.3,5900,4.8056245e-05,13215.69052734375,-1.8736078023910523,0.00029780128388665614,0.0003,0.23553365468978882
151552,592,1334.4,160,946,200.0,6630.64599609375,0.0,0.3,5910,0.001353293,8660.021154785156,-2.0684627652168275,-0.0027050252072513105,0.0003,0.10444170236587524
151808,593,1342.1,160,946,200.0,3284.291259765625,0.0,0.3,5920,0.0023720905,9394.57901611328,-1.991947215795517,-0.0033585815224796535,0.0003,0.01280677318572998
152064,594,1346.7,160,946,200.0,5645.9921875,0.0,0.3,5930,0.0007956787,15880.245825195312,-1.7959429144859314,-0.0004633256234228611,0.0003,0.11629700660705566
152320,595,1354.2,160,946,200.0,6126.36767578125,0.0,0.3,5940,0.00025064521,6805.248400878906,-1.8940190196037292,-0.001189321419224143,0.0003,0.33488911390304565
152576,596,1349.6,161,946,200.0,3391.74755859375,0.0,0.3,5950,0.0019539148,8533.437561035156,-1.9521136283874512,-0.0012849850114434957,0.0003,0.15799540281295776
152832,597,1342.8,161,946,200.0,6903.77880859375,0.0,0.3,5960,0.0017646488,7493.69291381836,-1.8758003771305085,-0.003280000307131559,0.0003,0.29303085803985596
153088,598,1347.9,161,946,200.0,8281.771484375,0.0,0.3,5970,0.00146725,17573.414990234374,-1.8011179089546203,-0.0008061570348218084,0.0003,0.15533524751663208
153344,599,1348.1,162,946,200.0,2191.519775390625,0.0,0.3,5980,0.0014190923,7336.859710693359,-1.8772449493408203,-0.004122978332452476,0.0003,0.2995719909667969
153600,600,1352.3,162,946,200.0,8292.5771484375,0.0015625,0.3,5990,0.0019238542,10380.835223388673,-1.9595878064632415,-0.004587588738650084,0.0003,0.1862228512763977
153856,601,1359.8,162,946,200.0,3793.40234375,0.03984375,0.3,6000,0.019503066,7654.156115722656,-1.9450528502464295,-0.011526960274204611,0.0003,0.2671779990196228
154112,602,1342.3,162,946,200.0,10873.6376953125,0.0,0.3,6010,0.000919224,15832.511010742188,-2.0712891101837156,-0.002145562693476677,0.0003,0.1687561273574829
154368,603,1333.1,163,946,200.0,4033.49755859375,0.0,0.3,6020,0.0005195902,7681.173822021485,-2.1485129714012148,-0.002975079242605716,0.0003,0.1931978464126587
154624,604,1323.0,163,946,200.0,4042.573486328125,0.001171875,0.3,6030,0.005096319,9107.03175048828,-2.205329215526581,-0.004449936188757419,0.0003,-0.02241349220275879
154880,605,1328.5,163,946,200.0,4216.09033203125,0.0,0.3,6040,0.00070671085,13662.818798828124,-2.086257004737854,0.0001992738340049982,0.0003,0.2724383473396301
155136,606,1326.1,163,946,200.0,4532.541015625,0.0,0.3,6050,9.413413e-05,7486.035668945313,-1.9932180285453795,0.0002922253217548132,0.0003,0.22998541593551636
155392,607,1331.3,164,946,200.0,2452.6923828125,0.0,0.3,6060,0.001897712,6965.9253204345705,-2.067546993494034,-0.003956918301992118,0.0003,0.29193663597106934
155648,608,1333.2,164,946,200.0,5818.1875,0.0,0.3,6070,0.0020647014,7276.875140380859,-1.982770073413849,-0.0028636208618991075,0.0003,0.27358466386795044
155904,609,1321.2,164,946,200.0,3313.74853515625,0.012109375,0.3,6080,0.0056455596,15481.324462890625,-2.034204697608948,-0.011272879177704453,0.0003,0.15240395069122314
156160,610,1326.0,165,946,200.0,6474.00244140625,0.00625,0.3,6090,0.008546432,7646.78344116211,-2.0618839025497437,0.0014001617557369173,0.0003,0.22838163375854492
156416,611,1322.5,165,946,200.0,4665.9501953125,0.0,0.3,6100,0.00049648294,7434.849291992187,-1.9076169908046723,-0.0009719496476463974,0.0003,0.2430744171142578
156672,612,1319.3,165,946,200.0,4560.49853515625,0.0,0.3,6110,0.0018003469,12543.926733398437,-2.103208065032959,-0.00503679858520627,0.0003,0.2705397605895996
156928,613,1314.5,165,946,200.0,5374.423828125,0.009375,0.3,6120,0.005457191,6837.743701171875,-2.119609069824219,-0.0033653116319328547,0.0003,0.30439984798431396
157184,614,1317.4,166,946,200.0,6365.2109375,0.0,0.3,6130,0.00066636107,7088.35798034668,-2.047041040658951,-0.0019849946722388266,0.0003,0.24317514896392822
157440,615,1292.6,166,946,200.0,125.54328918457031,0.0,0.3,6140,0.0004991507,474.80673599243164,-1.7239484548568726,-0.0007101144641637802,0.0003,0.3365519046783447
157696,616,1295.1,166,946,200.0,6693.400390625,0.001953125,0.3,6150,0.0032754329,17331.488159179688,-2.1677902579307555,0.0016620228765532375,0.0003,0.02797567844390869
157952,617,1297.2,166,946,200.0,1214.9281005859375,0.00078125,0.3,6160,0.0026848041,6957.114804077149,-2.133300232887268,-0.002744384738616645,0.0003,0.12371641397476196
158208,618,1292.2,167,946,200.0,5013.30810546875,0.0,0.3,6170,0.0047633527,7600.954797363282,-2.009351485967636,0.0011468422133475542,0.0003,0.25455427169799805
158464,619,1286.8,167,946,200.0,7296.59521484375,0.0,0.3,6180,0.0023628937,9502.82984008789,-2.1428565263748167,-0.00479917413322255,0.0003,0.0070040225982666016
158720,620,1281.2,167,946,200.0,8634.8427734375,0.0,0.3,6190,0.002248204,18193.08171386719,-2.0141562283039094,-0.004697857005521655,0.0003,-0.05984139442443848
158976,621,1291.1,168,946,200.0,1621.7686767578125,0.0,0.3,6200,0.0008443326,7581.099365234375,-2.1376553773880005,-0.003937088185921311,0.0003,0.2444579005241394
159232,622,1286.5,168,946,200.0,6054.57666015625,0.0,0.3,6210,0.00030606426,9188.173474121093,-1.6801834464073182,-0.0003013009903952479,0.0003,0.04649573564529419
159488,623,1284.3,168,946,200.0,6917.7392578125,0.0,0.3,6220,0.00045915786,15730.62696533203,-1.9400878071784973,-0.002371773589402437,0.0003,0.0864253044128418
159744,624,1279.6,168,946,200.0,2708.5263671875,0.0,0.3,6230,0.0035074553,9216.443200683594,-2.0695472359657288,-0.005495680053718388,0.0003,0.058154404163360596
160000,625,1286.2,169,945,200.0,2509.10986328125,0.01875,0.3,6240,0.012645978,11001.42098388672,-1.8942683935165405,-0.008017213130369783,0.0003,-0.07342803478240967
160256,626,1286.6,169,945,200.0,3454.896728515625,0.0,0.3,6250,0.00038737198,8876.74512939453,-2.0150488197803496,7.981490343809128e-05,0.0003,0.10011029243469238
160512,627,1294.0,169,945,200.0,7734.5830078125,0.0,0.3,6260,6.7968154e-05,14246.074951171875,-1.971919721364975,-0.0006356513826176524,0.0003,0.18650734424591064
160768,628,1290.8,170,945,200.0,2538.908935546875,0.0,0.3,6270,0.0009956243,9107.2341796875,-2.037505900859833,-0.0024787306436337532,0.0003,0.08414483070373535
161024,629,1276.2,170,945,200.0,3107.69921875,0.0,0.3,6280,0.0009979855,8174.559716796875,-2.072091352939606,-0.0046584042138420045,0.0003,0.16897815465927124
161280,630,1278.3,170,945,200.0,10214.8388671875,0.0,0.3,6290,0.00025685434,13370.515649414063,-2.0464091897010803,-0.0008665769128128886,0.0003,0.2745077610015869
161536,631,1275.7,170,945,200.0,639.6160888671875,0.0,0.3,6300,0.0007626021,1895.9646057128907,-2.0277948915958404,-0.002736053871922195,0.0003,-0.12057483196258545
161792,632,1275.4,171,945,200.0,8794.2958984375,0.0,0.3,6310,0.00060898485,17568.736083984375,-1.968998098373413,-0.0029580579604953526,0.0003,0.031707048416137695
162048,633,1272.8,171,945,200.0,3568.8271484375,0.0,0.3,6320,0.00037334533,7411.422290039062,-2.0532594203948973,-0.0029317782958969475,0.0003,0.16006898880004883
162304,634,1282.8,171,945,200.0,6415.333984375,0.0,0.3,6330,0.0010095055,13134.5796875,-1.9973569691181183,-0.0015291914809495212,0.0003,0.29761821031570435
162560,635,1268.2,171,945,200.0,7406.0869140625,0.001953125,0.3,6340,0.0024369638,8865.593640136718,-2.0650732636451723,-0.004503478156402707,0.0003,0.12473690509796143
162816,636,1272.4,172,945,200.0,3282.439453125,0.001171875,0.3,6350,0.0010169987,8574.386141967774,-2.0365955114364622,0.0003070093458518386,0.0003,0.0814242959022522
163072,637,1277.7,172,945,200.0,9566.5751953125,0.0,0.3,6360,0.00090962043,16841.222119140624,-1.9024685502052308,-0.0022228030022233723,0.0003,0.07369554042816162
163328,638,1276.2,172,945,200.0,5174.2333984375,0.0,0.3,6370,0.0004814237,7602.784753417969,-1.9822126030921936,-0.0014521943405270577,0.0003,0.18585187196731567
163584,639,1278.6,173,945,200.0,417.8358154296875,0.0,0.3,6380,0.00034987275,8206.544760131836,-2.060499441623688,-0.0013539521954953671,0.0003,0.15614664554595947
163840,640,1275.9,173,945,200.0,7136.79736328125,0.0,0.3,6390,0.003459311,8975.941998291015,-1.8348873138427735,-0.007550080609507859,0.0003,0.1255396604537964
164096,641,1266.1,173,945,200.0,5860.37744140625,0.0,0.3,6400,0.0001766195,15879.183325195312,-1.9457750856876372,-3.1163450330495835e-06,0.0003,0.13712036609649658
164352,642,1269.3,173,945,200.0,6488.91650390625,0.0,0.3,6410,0.0001036264,7241.764175415039,-1.952166885137558,-0.0012874724576249718,0.0003,0.23309683799743652
164608,643,1279.1,174,945,200.0,4044.142333984375,0.0,0.3,6420,0.00022770488,7314.219323730469,-1.7586881697177887,1.6920408234000207e-05,0.0003,0.2611219882965088
164864,644,1289.6,174,945,200.0,3426.063232421875,0.0,0.3,6430,0.0029352386,12812.8927734375,-1.918063074350357,-0.005385589314391837,0.0003,0.2832501530647278
165120,645,1302.1,174,944,200.0,1138.3135986328125,0.0,0.3,6440,0.0033538537,6746.3826171875,-1.9064749717712401,-0.008963613654486835,0.0003,0.37863367795944214
165376,646,1301.6,174,945,200.0,5491.1611328125,0.0,0.3,6450,0.0009984816,6899.322248840332,-1.921285903453827,-0.0020928727462887764,0.0003,0.3008267283439636
165632,647,1309.3,175,944,200.0,712.49169921875,0.0,0.3,6460,0.00038443226,6546.947091674805,-1.9318077623844148,-0.0015396754024550319,0.0003,0.3557470440864563
165888,648,1317.0,175,944,200.0,5557.9326171875,0.0,0.3,6470,0.003516828,12528.03046875,-2.07871390581131,-0.004210692015476525,0.0003,0.28311872482299805
166144,649,1319.3,175,944,200.0,3732.29736328125,0.00078125,0.3,6480,0.0062653767,9262.027160644531,-1.8561831414699554,-0.005288104829378426,0.0003,0.08908587694168091
166400,650,1311.5,176,944,200.0,5623.8369140625,0.0,0.3,6490,0.0017362363,6925.61633605957,-2.043397641181946,-0.0018927447497844696,0.0003,0.21827006340026855
166656,651,1315.9,176,944,200.0,3923.93359375,0.006640625,0.3,6500,0.008184991,6307.904804992676,-1.8803208768367767,-0.003846853564027697,0.0003,0.2813320755958557
166912,652,1317.1,176,944,200.0,8646.7099609375,0.0,0.3,6510,0.0028322681,17064.85330810547,-1.7366968452930451,0.002445900207385421,0.0003,0.0019573569297790527
167168,653,1324.8,176,944,200.0,2710.994873046875,0.0,0.3,6520,0.00050947093,7209.768002319336,-1.8481814384460449,-0.0012015488697215914,0.0003,0.2505536675453186
167424,654,1337.2,177,944,200.0,3312.165771484375,0.0,0.3,6530,0.0030435005,6955.946636962891,-1.7885048806667327,-0.002629990375135094,0.0003,0.33869171142578125
167680,655,1334.9,177,944,200.0,11635.474609375,0.0,0.3,6540,0.0018762238,15630.562866210938,-1.9290143132209778,-0.0006633646320551634,0.0003,0.07945704460144043
167936,656,1338.0,177,944,200.0,3483.474853515625,0.0,0.3,6550,0.00013664435,7631.87134399414,-1.9081265866756438,-0.0006679505109786988,0.0003,0.16371655464172363
168192,657,1339.3,178,944,200.0,6679.6884765625,0.0,0.3,6560,8.529774e-05,10908.217260742187,-1.7286785960197448,-0.0007048666127957403,0.0003,-0.18392527103424072
168448,658,1324.9,178,944,200.0,1398.4638671875,0.0,0.3,6570,0.000109197805,6801.659094238281,-1.7087913632392884,-0.00036668096436187625,0.0003,0.2559727430343628
168704,659,1318.5,178,944,200.0,1111.157470703125,0.0,0.3,6580,0.000360023,13971.36015625,-1.9588848531246186,-0.0009070692351087928,0.0003,0.22353202104568481
168960,660,1316.8,178,944,200.0,2232.054443359375,0.0,0.3,6590,0.0015543685,10131.819482421875,-1.979725980758667,-0.0035963966511189938,0.0003,-0.09793698787689209
169216,661,1312.1,179,944,200.0,2208.935546875,0.0,0.3,6600,0.00024694437,7188.571508789062,-1.6888435363769532,-0.00079723164672032,0.0003,0.2919216752052307
169472,662,1316.4,179,944,200.0,6823.6162109375,0.0,0.3,6610,0.0028238478,12495.45498046875,-1.8440005719661712,-0.0016699945670552551,0.0003,0.31562554836273193
169728,663,1309.4,179,944,200.0,3273.004638671875,0.018359375,0.3,6620,0.010988822,6177.497955322266,-1.7737870812416077,-0.0037640350870788097,0.0003,0.37615805864334106
169984,664,1319.3,180,944,200.0,1971.270751953125,0.0,0.3,6630,0.000442388,6577.47861328125,-1.7140609800815583,-0.0008881705347448587,0.0003,0.35185712575912476
170240,665,1324.8,180,944,200.0,2390.834228515625,0.084765625,0.3,6640,0.036481827,7037.612493896484,-1.8272922575473785,-0.017173039354383947,0.0003,0.3488149046897888
170496,666,1314.3,180,944,200.0,12863.4599609375,0.0,0.3,6650,0.0037465245,15313.367016601562,-2.0127656042575834,-0.0019814259372651576,0.0003,0.1823970079421997
170752,667,1308.8,180,944,200.0,7891.296875,0.030859375,0.3,6660,0.01759303,8477.168914794922,-1.884993314743042,-0.009266989771276712,0.0003,0.11047649383544922
171008,668,1310.4,181,944,200.0,3401.825927734375,0.0,0.3,6670,0.0036917108,6449.676177978516,-2.0201015770435333,-0.003004927933216095,0.0003,0.32596462965011597
171264,669,1307.9,181,944,200.0,6333.49560546875,0.0,0.3,6680,0.002874153,14252.650439453126,-1.5060304284095765,-0.0026676499168388546,0.0003,0.2331298589706421
171520,670,1317.5,181,944,200.0,4346.44189453125,0.0,0.3,6690,0.00079822727,6920.382537841797,-1.579173707962036,-0.0002444874495267868,0.0003,0.21732550859451294
171776,671,1317.4,181,944,200.0,3105.99072265625,0.0,0.3,6700,6.0056336e-05,7331.769610595703,-1.6192052006721496,0.00018196599557995796,0.0003,0.27273619174957275
172032,672,1298.0,182,944,200.0,1945.8875732421875,0.001171875,0.3,6710,0.0032160105,7314.760624694824,-1.8855521738529206,-0.0008329909527674317,0.0003,0.2184377908706665
172288,673,1284.3,182,944,200.0,6703.396484375,0.006640625,0.3,6720,0.008859316,14943.974462890625,-1.4722575783729552,-0.003555354312993586,0.0003,0.1475326418876648
172544,674,1293.4,182,944,200.0,2170.771240234375,0.0,0.3,6730,0.0014531582,7183.884094238281,-2.021622759103775,-0.0005920325638726354,0.0003,0.20125383138656616
172800,675,1292.6,183,944,200.0,4740.59814453125,0.0,0.3,6740,0.0006205174,6615.486801147461,-1.9514030635356903,-0.0010785846505314111,0.0003,0.32954150438308716
173056,676,1288.0,183,943,200.0,7356.91552734375,0.00390625,0.3,6750,0.003855924,9507.332556152343,-1.8045843422412873,-0.002953922457527369,0.0003,0.10151851177215576
173312,677,1288.2,183,943,200.0,5311.51318359375,0.0,0.3,6760,0.00040662382,12882.911083984374,-1.592582893371582,0.0009868384804576635,0.0003,0.2623032331466675
173568,678,1285.6,183,943,200.0,3446.15966796875,0.013671875,0.3,6770,0.01102269,6977.208471679687,-1.8116662979125977,-0.005280616017989815,0.0003,0.27219080924987793
173824,679,1274.3,184,943,200.0,1182.1246337890625,0.033984375,0.3,6780,0.019125957,6891.768035888672,-1.7706672370433807,-0.012968621356412769,0.0003,0.3439651131629944
174080,680,1287.0,184,943,200.0,5633.509765625,0.048046875,0.3,6790,0.020844229,14401.707666015625,-2.0482218742370604,-0.014400176890194415,0.0003,0.21879100799560547
174336,681,1281.9,184,943,200.0,3432.1162109375,0.0,0.3,6800,0.0060576587,6351.872314453125,-1.6387646973133088,-0.003992484509944915,0.0003,0.3514159321784973
174592,682,1304.0,185,942,200.0,4176.11376953125,0.0203125,0.3,6810,0.01843848,6649.473611450196,-1.8614721298217773,-0.005608933768235147,0.0003,0.39314794540405273
174848,683,1291.3,185,942,200.0,2395.868896484375,0.00078125,0.3,6820,0.0022790846,6643.535461425781,-1.592965418100357,-0.002983591891825199,0.0003,0.3622732162475586
175104,684,1298.6,185,942,200.0,4236.82421875,0.0,0.3,6830,0.00042499974,12113.13134765625,-1.7623977303504943,-0.0004824614152312279,0.0003,0.3074949383735657
175360,685,1293.1,186,942,200.0,7097.216796875,0.0,0.3,6840,0.0014234355,9644.173510742188,-1.5103085339069366,-0.0032382751000113786,0.0003,-0.0029566287994384766
175616,686,1281.9,186,942,200.0,8268.8056640625,0.003125,0.3,6850,0.002344211,10281.784924316406,-1.6545237600803375,-0.004120169114321471,0.0003,-0.013002395629882812
175872,687,1294.5,186,942,200.0,2949.0927734375,0.0,0.3,6860,0.0010872649,9944.703759765625,-1.967784184217453,0.0009049729909747839,0.0003,-0.09031903743743896
176128,688,1292.1,186,942,200.0,14899.4169921875,0.0,0.3,6870,0.0019215362,18755.20489501953,-1.4547716856002808,0.0016859038267284631,0.0003,0.05180716514587402
176384,689,1296.6,187,942,200.0,5742.65966796875,0.001171875,0.3,6880,0.002904133,7646.378807830811,-1.6836625576019286,-0.005144829023629427,0.0003,0.17636317014694214
176640,690,1301.7,187,942,200.0,3290.596435546875,0.0,0.3,6890,0.0014677865,10206.618975830079,-1.7136061906814575,-0.0006203208467923105,0.0003,-0.09007298946380615
176896,691,1307.5,187,942,200.0,3720.51416015625,0.0,0.3,6900,0.00061556464,15669.883374023437,-1.5519710719585418,-0.0011629505781456829,0.0003,0.06389617919921875
177152,692,1287.8,187,942,200.0,441.62664794921875,0.000390625,0.3,6910,0.0018419055,1369.14365234375,-1.364244383573532,-0.0008419462712481618,0.0003,0.14564907550811768
177408,693,1308.1,188,942,200.0,2627.38623046875,0.0,0.3,6920,0.0029077972,8845.782165527344,-1.4805865347385407,-0.004854488791897893,0.0003,-0.007079720497131348
177664,694,1310.5,188,942,200.0,6671.16064453125,0.02265625,0.3,6930,0.0073714126,16025.991137695313,-1.6681532740592957,0.0007385835982859134,0.0003,0.08297282457351685
177920,695,1308.3,188,942,200.0,2929.672607421875,0.0,0.3,6940,0.0006366556,6714.3923614501955,-1.4607263684272767,-0.0010986078530550003,0.0003,0.32613563537597656
178176,696,1306.0,188,942,200.0,2320.017822265625,0.0,0.3,6950,0.0020655226,8504.063958740235,-1.8575454533100129,-0.0031098220264539123,0.0003,0.07709074020385742
178432,697,1323.8,189,942,200.0,3853.9052734375,0.0,0.3,6960,0.0037386052,7433.153912353516,-1.7075074136257171,-0.0005999851040542125,0.0003,0.22285068035125732
178688,698,1329.5,189,942,200.0,5324.36865234375,0.0,0.3,6970,0.0006287487,7310.219458007812,-1.430853396654129,-0.0011834629927761852,0.0003,0.29783356189727783
178944,699,1326.9,189,942,200.0,9913.51953125,0.0,0.3,6980,0.0015813722,15203.97822265625,-1.7428098559379577,-0.0009753141552209854,0.0003,0.1273518204689026
179200,700,1337.3,190,942,200.0,7977.34912109375,0.0,0.3,6990,0.00033276458,9291.105932617187,-1.652704083919525,-0.0007073829066939652,0.0003,0.11784136295318604
179456,701,1344.3,190,942,200.0,2910.92041015625,0.000390625,0.3,7000,0.0022015418,6998.817837524414,-1.7528683543205261,-0.0036445943871513007,0.0003,0.2952531576156616
179712,702,1346.7,190,942,200.0,6308.24853515625,0.0,0.3,7010,0.0016966222,12614.368920898438,-1.591109961271286,-0.0030844949651509523,0.0003,0.3256903886795044
179968,703,1347.4,190,942,200.0,3053.64697265625,0.0,0.3,7020,0.0024428554,7097.707824707031,-1.4506296217441559,-0.0013622352853417397,0.0003,0.30575084686279297
180224,704,1338.0,191,942,200.0,952.939453125,0.0,0.3,7030,0.0009427916,6390.1391876220705,-1.3462476670742034,-0.0018789385387208313,0.0003,0.3557281494140625
180480,705,1330.2,191,942,200.0,6166.5361328125,0.0,0.3,7040,0.00032966118,16435.405419921874,-1.3898394882678986,-0.0012270438252016901,0.0003,0.0801514983177185
180736,706,1338.2,191,942,200.0,1149.0106201171875,0.0,0.3,7050,0.002024732,6317.08037109375,-1.8373392641544342,-0.002333673264365643,0.0003,0.31473398208618164
180992,707,1343.7,192,942,200.0,230.46995544433594,0.0,0.3,7060,0.0006592686,6820.830792236328,-1.4618530452251435,-0.001339777116663754,0.0003,0.3124830722808838
181248,708,1328.9,192,942,200.0,145.4644775390625,0.0,0.3,7070,0.00048073125,4070.138671875,-1.0055871665477754,0.0004982643760740757,0.0003,-6.551042556762695
181504,709,1328.9,192,942,200.0,8509.8486328125,0.0,0.3,7080,0.00059569534,18022.172998046874,-1.5442593932151794,-0.004681595857255161,0.0003,0.053832292556762695
181760,710,1330.2,192,942,200.0,2478.08349609375,0.0,0.3,7090,0.00063095125,10387.85390625,-1.6100566685199738,-0.0014378317282535136,0.0003,-0.13009536266326904
182016,711,1330.0,193,942,200.0,5814.34619140625,0.001953125,0.3,7100,0.003123892,6594.736834716797,-1.7658901751041411,-0.0066523999907076355,0.0003,0.31086868047714233
182272,712,1329.9,193,942,200.0,6302.34228515625,0.0,0.3,7110,0.0022115032,12412.147619628906,-1.7668767154216767,-0.0028402426978573203,0.0003,0.27983301877975464
182528,713,1339.6,193,942,200.0,1227.8978271484375,0.0,0.3,7120,0.0013910597,7362.288275146484,-1.5954380929470062,-0.0007496036181692034,0.0003,0.27641570568084717
182784,714,1344.1,193,942,200.0,5548.35498046875,0.0,0.3,7130,0.0021123418,6428.291833496094,-1.7398602604866027,-0.0021212582476437094,0.0003,0.38027286529541016
183040,715,1344.5,194,942,200.0,4627.201171875,0.001953125,0.3,7140,0.0017756014,9266.382385253906,-1.8627589881420135,-0.0007746860617771744,0.0003,-0.02955150604248047
183296,716,1358.9,194,942,200.0,3282.51904296875,0.0,0.3,7150,0.00043023005,12329.656640625,-1.5875299274921417,-0.0009732888080179692,0.0003,0.3442208170890808
183552,717,1363.6,194,942,200.0,5157.990234375,0.0,0.3,7160,0.0012883714,6653.728186035156,-1.6000160813331603,-0.0024106779135763647,0.0003,0.3780544400215149
183808,718,1363.6,194,942,200.0,2600.025390625,0.0,0.3,7170,0.0003470024,9128.177111816407,-1.5054754376411439,-0.000646840373519808,0.0003,0.11961877346038818
184064,719,1366.0,195,942,200.0,7091.955078125,0.0,0.3,7180,7.348065e-05,12842.47705078125,-1.7076753437519074,-6.799004622735084e-05,0.0003,0.22493207454681396
184320,720,1364.8,195,942,200.0,647.353271484375,0.0,0.3,7190,0.0013015477,6552.796310424805,-1.5827724397182465,-0.0018264180165715516,0.0003,0.3436053395271301
184576,721,1355.3,195,942,200.0,7180.4033203125,0.0,0.3,7200,0.00017052772,10227.852001953124,-1.7257109463214875,-0.0006123717292211949,0.0003,-0.03338801860809326
184832,722,1347.6,195,943,200.0,1740.9061279296875,0.0,0.3,7210,0.00069946283,8847.13787536621,-1.6437196910381318,-0.0018779425183311105,0.0003,0.1174544095993042
185088,723,1344.2,196,943,200.0,10853.6064453125,0.0,0.3,7220,0.000101695536,11755.547314453124,-1.908119797706604,-0.0002837148727849126,0.0003,0.2712942957878113
185344,724,1354.3,196,943,200.0,2737.140380859375,0.001171875,0.3,7230,0.0029494301,6643.960186767578,-1.549175363779068,-0.004536983382422477,0.0003,0.3612555265426636
185600,725,1366.3,196,943,200.0,3836.7587890625,0.02421875,0.3,7240,0.017786896,6579.818994140625,-1.7493407070636748,-0.004090391448698938,0.0003,0.37583833932876587
185856,726,1363.3,197,943,200.0,1071.1888427734375,0.00078125,0.3,7250,0.0016442155,6437.132510375976,-1.8211907982826232,-0.002365870540961623,0.0003,0.40046411752700806
186112,727,1373.0,197,943,200.0,8640.16015625,0.02109375,0.3,7260,0.013109699,15842.261157226563,-1.7445909440517426,-0.009811496338807046,0.0003,0.1667470932006836
186368,728,1384.9,197,943,200.0,947.9415893554688,0.003515625,0.3,7270,0.0073617096,6406.225268554687,-1.619711709022522,-0.0036117447656579317,0.0003,0.3665507435798645
186624,729,1395.9,197,943,200.0,7829.79638671875,0.0,0.3,7280,0.002486295,9702.596984863281,-1.6552943468093873,-0.004713563330005855,0.0003,0.04081118106842041
186880,730,1410.4,198,943,200.0,5275.2578125,0.0,0.3,7290,0.00088266167,15247.831201171875,-1.6107100784778594,-0.00045137926936149596,0.0003,0.1094856858253479
187136,731,1397.8,198,943,200.0,1950.0252685546875,0.0,0.3,7300,0.0002813763,9158.450677490235,-1.5994683265686036,-0.0010839957278221846,0.0003,0.14374244213104248
187392,732,1386.3,198,943,200.0,236.8488006591797,0.0,0.3,7310,0.0006015613,6049.366104125977,-1.5342123329639434,-0.0011402504169382155,0.0003,0.33621007204055786
187648,733,1397.5,198,943,200.0,5532.66162109375,0.0140625,0.3,7320,0.019935852,6189.842413330078,-1.6623041152954101,-0.007046834891662001,0.0003,0.3684886693954468
187904,734,1393.7,199,943,200.0,8722.5302734375,0.01640625,0.3,7330,0.01043017,16873.744677734376,-1.7973226726055145,-0.0001818486489355564,0.0003,0.07421749830245972
188160,735,1399.6,199,943,200.0,4536.373046875,0.000390625,0.3,7340,0.0022718387,10627.822985839844,-1.7222189486026764,-0.002609763911459595,0.0003,-0.06930863857269287
188416,736,1421.2,199,943,200.0,581.6388549804688,0.0,0.3,7350,0.00081657874,7220.376263427735,-1.7598383903503418,-0.00014056088402867318,0.0003,0.2776089310646057
188672,737,1433.4,199,943,200.0,7861.0048828125,0.0,0.3,7360,0.00019211741,13844.230688476562,-1.727019912004471,-0.0006235440727323293,0.0003,0.2348126769065857
188928,738,1438.7,200,943,200.0,1978.003173828125,0.0,0.3,7370,0.0010161176,7756.431066894531,-1.6382658183574677,-0.001354051474481821,0.0003,0.27180010080337524
189184,739,1441.2,200,943,200.0,1125.318115234375,0.00078125,0.3,7380,0.004697454,6618.048138427735,-1.681728905439377,-0.0010251310653984548,0.0003,0.37646621465682983
189440,740,1460.8,200,943,200.0,2926.292724609375,0.0,0.3,7390,0.00028069643,9127.908697509765,-1.7069836258888245,-0.00013332313392311335,0.0003,0.1552143096923828
189696,741,1467.8,200,943,200.0,3124.1220703125,0.0,0.3,7400,0.0001404665,12902.252709960938,-1.7553542971611023,-0.00020369613775983453,0.0003,0.28695106506347656
189952,742,1467.8,201,944,200.0,6766.92578125,0.0,0.3,7410,0.00019578123,8703.826147460937,-1.4522355914115905,-0.0019388500368222594,0.0003,0.13417720794677734
190208,743,1468.7,201,944,200.0,5678.6513671875,0.0,0.3,7420,0.00046381657,7050.305310058594,-1.641720950603485,-0.0005339412949979305,0.0003,0.23732924461364746
190464,744,1474.4,201,944,200.0,6787.259765625,0.0,0.3,7430,0.000407974,14955.927893066406,-1.6827859103679657,-0.0019426578423008324,0.0003,0.200566828250885
190720,745,1489.0,201,944,200.0,4005.731201171875,0.0,0.3,7440,0.0015618936,6782.931335449219,-1.5515077352523803,-0.0015664672711864114,0.0003,0.3367103934288025
190976,746,1488.6,202,944,200.0,1094.850830078125,0.0,0.3,7450,0.00062811514,8006.570666503906,-1.8106619536876678,-0.0013129242695868015,0.0003,0.1752193570137024
191232,747,1487.9,202,944,200.0,3002.42822265625,0.00078125,0.3,7460,0.0014278577,6848.824780273438,-1.846275806427002,-0.0030674026580527424,0.0003,0.29162341356277466
191488,748,1480.7,202,944,200.0,8395.5634765625,0.0,0.3,7470,0.00026743906,13504.74462890625,-1.5922145307064057,-9.100588504225015e-05,0.0003,0.21776968240737915
191744,749,1492.7,203,944,200.0,3593.766845703125,0.0,0.3,7480,0.00019014627,7446.1939453125,-1.6944097936153413,-0.000543192436452955,0.0003,0.23505014181137085
192000,750,1494.9,203,944,200.0,6283.9580078125,0.003125,0.3,7490,0.009161029,6901.901419067382,-1.7618216812610625,-0.0076825653435662385,0.0003,0.3599758744239807
192256,751,1508.8,203,944,200.0,6445.20947265625,0.0,0.3,7500,0.0012074488,6496.555351257324,-1.75390704870224,-0.0011494463309645654,0.0003,0.3345921039581299
192512,752,1499.7,203,944,200.0,4061.27587890625,0.0,0.3,7510,0.000112129375,8824.238375854493,-1.5261779367923736,-0.0006671905750408769,0.0003,0.17279547452926636
192768,753,1504.7,204,944,200.0,10273.0634765625,0.00078125,0.3,7520,0.0048949765,18086.90217285156,-1.6178318321704865,-0.005779153085313737,0.0003,0.008615553379058838
193024,754,1509.7,204,944,200.0,3548.313232421875,0.0,0.3,7530,0.0026411903,8346.666604614258,-1.562826681137085,-0.0010815661982633174,0.0003,0.14054882526397705
193280,755,1497.4,204,944,200.0,4942.62841796875,0.005078125,0.3,7540,0.0062002665,7028.398516845703,-1.608845692873001,-0.012472643051296473,0.0003,0.33270883560180664
193536,756,1500.6,204,944,200.0,11136.23046875,0.0,0.3,7550,0.0005301619,17209.2484375,-1.9635640323162078,0.0010231477674096823,0.0003,0.02548062801361084
193792,757,1501.6,205,944,200.0,6124.4794921875,0.0,0.3,7560,9.3755545e-05,7854.931909179688,-1.7051223278045655,-0.0007737666834145785,0.0003,0.22707831859588623
194048,758,1519.1,205,944,200.0,4639.41064453125,0.0,0.3,7570,0.00044400198,7107.150805664062,-1.744321495294571,-0.002380057261325419,0.0003,0.3414761424064636
194304,759,1536.1,205,945,200.0,5820.19287109375,0.0,0.3,7580,7.620896e-05,12662.905322265626,-1.8124051690101624,5.581001751124859e-05,0.0003,0.24772411584854126
194560,760,1521.2,205,945,200.0,2235.05517578125,0.0,0.3,7590,0.0019742998,6189.30399017334,-1.545415711402893,-0.0012404719833284616,0.0003,0.3943241238594055
194816,761,1524.7,206,945,200.0,4609.44775390625,0.0,0.3,7600,0.0028555393,9050.45458984375,-1.784944438934326,-0.0014834352303296327,0.0003,0.05396181344985962
195072,762,1523.5,206,945,200.0,2710.692138671875,0.0,0.3,7610,0.001849185,7243.748352050781,-1.8171032965183258,-0.0031451658229343592,0.0003,0.21550971269607544
195328,763,1528.9,206,945,200.0,6749.4970703125,0.0,0.3,7620,0.0007998543,13302.983728027344,-1.7813705205917358,-0.0013206029077991843,0.0003,0.2147665023803711
195584,764,1525.5,206,945,200.0,5141.92578125,0.0,0.3,7630,0.001919671,6359.301046752929,-1.7692506551742553,-0.0011430801590904594,0.0003,0.3396782875061035
195840,765,1536.9,207,945,200.0,5674.67919921875,0.027734375,0.3,7640,0.008668765,6149.967095947266,-1.8302753388881683,-0.0018527910811826586,0.0003,0.2912341356277466
196096,766,1532.2,207,945,200.0,4413.57080078125,0.0,0.3,7650,0.0031231486,13759.92578125,-1.6609009146690368,0.0004310165997594595,0.0003,0.29045432806015015
196352,767,1535.9,207,945,200.0,346.3976135253906,0.0,0.3,7660,0.0037905772,5994.438020324707,-1.8661633431911469,-0.002941138460300863,0.0003,0.3988630771636963
196608,768,1542.2,207,945,200.0,553.270751953125,0.0,0.3,7670,0.0014388484,6355.09838256836,-1.713491141796112,0.0001846776925958693,0.0003,0.3687050938606262
196864,769,1526.4,208,945,200.0,4898.84716796875,0.00859375,0.3,7680,0.0043467497,7722.470556640625,-1.4295909702777863,0.0030950827058404684,0.0003,0.22387951612472534
197120,770,1553.5,208,945,200.0,6599.0283203125,0.0,0.3,7690,0.00095108803,13419.257543945312,-1.1450597405433656,-0.0015983133693225683,0.0003,-0.34670090675354004
197376,771,1569.9,208,945,200.0,2333.333251953125,0.0,0.3,7700,0.0017053157,6888.777801513672,-1.5767656922340394,-0.0013767343014478683,0.0003,0.37271028757095337
197632,772,1572.8,208,945,200.0,1429.335205078125,0.0,0.3,7710,0.002794724,7074.341455078125,-1.5213705003261566,-0.002253232430666685,0.0003,0.3221450448036194
197888,773,1575.1,209,945,200.0,8662.8359375,0.0,0.3,7720,0.000798339,13314.318774414063,-1.6026747226715088,0.001207631011493504,0.0003,0.28262895345687866
198144,774,1575.0,209,945,200.0,1166.1219482421875,0.0,0.3,7730,0.0014213559,9547.623840332031,-1.4668090641498566,-0.00312899851705879,0.0003,0.041905343532562256
198400,775,1562.4,209,945,200.0,5699.84228515625,0.0,0.3,7740,0.00045172777,7360.099591064453,-1.8025430560112,-0.00034648545552045106,0.0003,0.26064223051071167
198656,776,1566.0,210,945,200.0,5332.41943359375,0.0,0.3,7750,0.0021285622,6184.796838378907,-1.7620800375938415,-0.0026360746240243317,0.0003,0.34426891803741455
198912,777,1570.8,210,945,200.0,5688.298828125,0.00078125,0.3,7760,0.0026407135,18216.58723144531,-1.5168524920940398,-0.0023807346355170012,0.0003,0.013850212097167969
199168,778,1565.0,210,946,200.0,5329.89892578125,0.0015625,0.3,7770,0.0047424175,6772.132214355469,-1.6627106010913848,-0.0007413490675389767,0.0003,0.32418185472488403
199424,779,1564.7,210,946,200.0,2617.346923828125,0.0,0.3,7780,0.0024110475,7673.1644836425785,-1.6609560906887055,-0.0005061335861682892,0.0003,0.2063833475112915
199680,780,1569.5,211,946,200.0,2190.8505859375,0.0,0.3,7790,0.0039998945,12380.145190429688,-1.4643788576126098,-0.003958296542987227,0.0003,0.34429746866226196
199936,781,1572.2,211,946,200.0,5395.8388671875,0.0,0.3,7800,0.0023164295,6672.755639648438,-1.5421291589736938,-0.003662292123772204,0.0003,0.3571520447731018
200192,782,1581.6,211,945,200.0,4430.18896484375,0.0,0.3,7810,8.465722e-06,8890.20191040039,-1.5185251355171203,0.00022964362578932197,0.0003,0.17955178022384644
200448,783,1593.2,211,945,200.0,2596.847900390625,0.0,0.3,7820,0.0002046153,7772.029235839844,-1.6702959299087525,-0.0007527859648689628,0.0003,0.24989742040634155
200704,784,1590.8,212,945,200.0,4699.13134765625,0.011328125,0.3,7830,0.007280982,14946.784497070312,-1.5785949110984803,-0.007555311638861894,0.0003,0.19622892141342163
200960,785,1585.8,212,945,200.0,4972.02734375,0.0,0.3,7840,0.0023162595,10135.979333496094,-1.6066612362861634,-0.0012420553131960333,0.0003,-0.04965472221374512
201216,786,1600.6,212,945,200.0,1695.72998046875,0.0,0.3,7850,0.00028712768,7090.32939453125,-1.775206607580185,-0.00023692084942013026,0.0003,0.344143807888031
201472,787,1594.6,212,945,200.0,3935.488525390625,0.0,0.3,7860,0.0005763059,6735.430572509766,-1.8606350719928741,-0.0011608700093347578,0.0003,0.310097873210907
201728,788,1598.0,213,945,200.0,12581.662109375,0.0,0.3,7870,0.00038196426,17129.78037109375,-1.6382316052913666,0.0002034723525866866,0.0003,0.04170495271682739
201984,789,1596.1,213,945,200.0,5845.82275390625,0.0,0.3,7880,0.0001017137,7479.644714355469,-1.7178536891937255,-0.0013890278933104128,0.0003,0.28766000270843506
202240,790,1598.3,213,945,200.0,1211.9168701171875,0.0,0.3,7890,0.00020191167,7349.975634765625,-1.912354576587677,-0.0006010274169966579,0.0003,0.22705680131912231
202496,791,1605.5,214,945,200.0,10914.3203125,0.0,0.3,7900,0.00018849806,13321.132214355468,-1.701699721813202,-0.0007542598876170814,0.0003,0.28712350130081177
202752,792,1603.4,214,945,200.0,6619.23388671875,0.0,0.3,7910,0.00014620926,9663.686877441407,-1.61801877617836,-0.00043519681785255673,0.0003,0.047262728214263916
203008,793,1604.0,214,946,200.0,1315.0330810546875,0.0,0.3,7920,1.1440599e-05,7334.964245605469,-1.540872758626938,-5.400530062615871e-06,0.0003,0.20847010612487793
203264,794,1604.1,214,946,200.0,11133.89453125,0.0,0.3,7930,0.000162384,14743.198803710937,-1.712277787923813,-0.0005354531109333039,0.0003,0.15822750329971313
203520,795,1602.1,215,946,200.0,2731.09130859375,0.0,0.3,7940,0.0016087051,7046.043109130859,-1.669815182685852,-0.0023115815653000026,0.0003,0.3395226001739502
203776,796,1604.7,215,946,200.0,900.125732421875,0.001171875,0.3,7950,0.0045692064,9310.696771240235,-1.7875327587127685,-0.004770784475840628,0.0003,0.07727515697479248
204032,797,1596.7,215,946,200.0,5696.818359375,0.0,0.3,7960,0.00080906344,7087.531982421875,-1.830035525560379,0.003061038872692734,0.0003,0.24306046962738037
204288,798,1592.4,215,946,200.0,9049.3798828125,0.0,0.3,7970,0.00048753107,16374.321459960938,-1.6285201728343963,-0.0006528744241222739,0.0003,0.11107277870178223
204544,799,1601.8,216,946,200.0,4453.5859375,0.00234375,0.3,7980,0.009824255,7325.368771362305,-1.7681773602962494,-0.006679891352541744,0.0003,0.27386748790740967
204800,800,1603.3,216,946,200.0,4119.51513671875,0.001953125,0.3,7990,0.005618954,7067.398364257812,-1.8346745312213897,-0.002153739891946316,0.0003,0.30079925060272217
205056,801,1602.3,216,946,200.0,2872.394775390625,0.0,0.3,8000,0.0039335107,8645.996392822266,-1.4881104528903961,-0.007162859523668885,0.0003,0.10933411121368408
205312,802,1600.0,216,946,200.0,7997.494140625,0.0,0.3,8010,0.000704573,14711.943969726562,-1.6319587528705597,-0.003110291180200875,0.0003,0.21273982524871826
205568,803,1599.6,217,946,200.0,2697.974365234375,0.0,0.3,8020,0.00021120487,7502.014572143555,-1.6266218841075897,-0.0003541764104738832,0.0003,0.2694387435913086
205824,804,1590.8,217,946,200.0,5805.21337890625,0.0,0.3,8030,0.00027349335,6307.409143066407,-1.8139454185962678,-0.0006902868044562638,0.0003,0.32705259323120117
206080,805,1590.8,217,946,200.0,5528.88037109375,0.0,0.3,8040,0.0018298901,14533.766735839843,-1.6702463328838348,-0.004765934788156301,0.0003,0.2462140917778015
206336,806,1581.4,218,946,200.0,482.44000244140625,0.0,0.3,8050,3.5960926e-05,7696.070877075195,-1.6031584203243257,2.8136244509369135e-05,0.0003,0.23068928718566895
206592,807,1586.5,218,946,200.0,3919.234130859375,0.0,0.3,8060,0.0016063927,9731.810180664062,-1.7100227534770966,-0.003109855274669826,0.0003,0.044927895069122314
206848,808,1586.8,218,946,200.0,4649.50341796875,0.0,0.3,8070,0.0010265529,7684.080981445312,-1.5373330473899842,-0.0024802236701361837,0.0003,0.2502667307853699
207104,809,1587.6,218,946,200.0,4453.16015625,0.0,0.3,8080,0.0001793697,13869.69384765625,-1.6787651419639587,0.000685268547385931,0.0003,0.18599259853363037
207360,810,1601.5,219,946,200.0,7832.89404296875,0.0,0.3,8090,0.0005225048,8508.92804260254,-1.1187248051166534,-0.0015864391345530749,0.0003,0.14337748289108276
207616,811,1592.8,219,946,200.0,4148.35888671875,0.0,0.3,8100,0.0020797877,6810.424603271485,-1.761236125230789,-0.0015950817614793777,0.0003,0.299868643283844
207872,812,1598.9,219,946,200.0,10761.5673828125,0.0,0.3,8110,0.0011449456,15057.444458007812,-1.310150498151779,0.0005346706137061119,0.0003,0.16245317459106445
208128,813,1601.3,219,946,200.0,5289.06982421875,0.0,0.3,8120,0.00019440078,6770.58147277832,-1.5335324823856353,-0.0005133696366101503,0.0003,0.32177841663360596
208384,814,1598.6,220,946,200.0,3399.81787109375,0.0,0.3,8130,0.00057410146,6759.065447998047,-1.6470129191875458,-0.0006445185746997595,0.0003,0.28997719287872314
208640,815,1583.6,220,946,200.0,987.7566528320312,0.0,0.3,8140,0.0020247258,9143.757116699218,-1.2916925430297852,-0.0035176447476260365,0.0003,0.017548799514770508
208896,816,1589.2,220,946,200.0,2001.1904296875,0.0,0.3,8150,0.0049926536,14342.80205078125,-1.4172541856765748,-0.0023883164627477526,0.0003,0.1960729956626892
209152,817,1574.8,220,946,200.0,1819.372802734375,0.0,0.3,8160,0.0067657293,7334.927490234375,-1.7000758290290832,-0.009322070400230587,0.0003,0.3377774953842163
209408,818,1567.8,221,946,200.0,1921.6712646484375,0.000390625,0.3,8170,0.0052436097,6152.709202575684,-1.8080614924430847,-0.005134066333994269,0.0003,0.34602510929107666
209664,819,1562.9,221,946,200.0,5242.9111328125,0.0,0.3,8180,0.00096374704,7608.95087890625,-1.541909408569336,-0.00044523985125124457,0.0003,0.2826930284500122
209920,820,1556.1,221,946,200.0,7783.4326171875,0.0,0.3,8190,0.0005932031,17658.122265625,-1.597662979364395,-0.0014774022391065955,0.0003,0.048093557357788086
210176,821,1558.9,221,946,200.0,3247.1630859375,0.0,0.3,8200,0.0031136351,8760.612036132812,-1.5048453748226165,-0.002757915365509689,0.0003,0.09318262338638306
210432,822,1552.9,222,946,200.0,2998.717529296875,0.0,0.3,8210,0.0022131396,8579.255804443359,-1.621580308675766,-0.0031572407810017467,0.0003,0.15189296007156372
210688,823,1552.7,222,947,200.0,10564.6044921875,0.001953125,0.3,8220,0.0024953482,15078.67626953125,-1.643165123462677,-0.00023922565160319209,0.0003,0.09286278486251831
210944,824,1565.8,222,947,200.0,424.6466369628906,0.0,0.3,8230,0.00015640049,6755.098846435547,-1.4629854202270507,-0.000432652304880321,0.0003,0.3502426743507385
211200,825,1568.1,222,947,200.0,3237.368408203125,0.0109375,0.3,8240,0.009892105,6369.210784912109,-1.4693233788013458,-0.004078974900767207,0.0003,0.37712806463241577
211456,826,1575.5,223,947,200.0,3845.189208984375,0.00234375,0.3,8250,0.0039079906,6087.466622924805,-1.448727113008499,-0.004684433015063405,0.0003,0.37675273418426514
211712,827,1566.0,223,947,200.0,8393.6826171875,0.01484375,0.3,8260,0.011177186,12414.129614257812,-1.3727088212966918,-0.0033213177695870398,0.0003,0.343990683555603
211968,828,1568.0,223,947,200.0,5504.052734375,0.002734375,0.3,8270,0.0029622954,6560.238494873047,-1.279601800441742,-0.002786663919687271,0.0003,0.32789671421051025
212224,829,1565.1,224,947,200.0,1815.903076171875,0.00625,0.3,8280,0.0046428395,6088.18053894043,-1.3702466666698456,-0.0017977124836761505,0.0003,0.3888102173805237
212480,830,1570.3,224,947,200.0,5008.2353515625,0.0,0.3,8290,0.00033294666,13189.929638671874,-1.5147210776805877,-0.00015270770527422428,0.0003,0.3204386830329895
212736,831,1572.5,224,947,200.0,5610.28173828125,0.012109375,0.3,8300,0.014311795,6019.422183227539,-1.6180445075035095,-0.0037570626474916933,0.0003,0.3800366520881653
212992,832,1579.8,224,947,200.0,2326.46044921875,0.0046875,0.3,8310,0.0040626037,6896.621942138672,-1.3927579641342163,-0.0009840337443165481,0.0003,0.3684960603713989
213248,833,1579.7,225,947,200.0,6011.85107421875,0.001953125,0.3,8320,0.0021125833,6287.618107604981,-1.3417338967323302,-0.0021406887331977486,0.0003,0.40958189964294434
213504,834,1577.0,225,947,200.0,217.82907104492188,0.000390625,0.3,8330,0.0026350473,11304.894242858887,-1.6249963760375976,-0.0009681855794042349,0.0003,0.3634722828865051
213760,835,1570.2,225,947,200.0,579.5390014648438,0.0,0.3,8340,0.0007175114,6145.805474853516,-1.5145104110240937,-0.0006251040962524712,0.0003,0.34536212682724
214016,836,1570.2,225,947,200.0,6436.34375,0.0,0.3,8350,0.0004965877,7608.511010742188,-1.100962471961975,-0.000548038724809885,0.0003,0.26139312982559204
214272,837,1560.6,226,947,200.0,9242.734375,0.0,0.3,8360,0.00057625305,12024.775756835938,-1.2989995777606964,-0.00016428756061941384,0.0003,0.376356303691864
214528,838,1561.3,226,947,200.0,5504.7724609375,0.0,0.3,8370,0.0021101392,9660.760198974609,-1.5834791123867036,-0.004036693740636111,0.0003,-0.014087796211242676
214784,839,1564.4,226,946,200.0,2745.26513671875,0.00078125,0.3,8380,0.001990062,8938.912084960937,-1.4700549125671387,-0.0021360930055379867,0.0003,0.08228033781051636
215040,840,1563.0,227,946,200.0,5012.75,0.0,0.3,8390,0.0005262946,7709.383087158203,-1.434949392080307,-0.0007465992122888565,0.0003,0.11430859565734863
215296,841,1568.0,227,946,200.0,9788.4599609375,0.0,0.3,8400,3.885245e-05,12123.763452148438,-1.0469474345445633,-0.0004481719573959708,0.0003,0.3039119243621826
215552,842,1570.6,227,946,200.0,1797.712646484375,0.0,0.3,8410,0.00060042785,6682.624438476562,-1.38127703666687,-0.0005267486441880465,0.0003,0.34001773595809937
215808,843,1562.1,227,946,200.0,660.0501098632812,0.00078125,0.3,8420,0.0012351053,6726.937109375,-1.4547542750835418,-0.0018120457301847638,0.0003,0.22659707069396973
216064,844,1557.2,228,946,200.0,2568.28271484375,0.0,0.3,8430,4.8731454e-05,6181.193362426758,-1.4206575870513916,-0.00037323457654565574,0.0003,0.41527074575424194
216320,845,1564.4,228,946,200.0,5849.22607421875,0.0,0.3,8440,0.0043898583,14683.476025390624,-1.8734802186489106,-0.003069883631542325,0.0003,0.21371787786483765
216576,846,1549.9,228,946,200.0,360.62255859375,0.005078125,0.3,8450,0.0053981775,6318.975436401367,-1.4321980953216553,-0.0024176348699256776,0.0003,0.3513731360435486
216832,847,1576.1,229,946,200.0,1104.218994140625,0.001953125,0.3,8460,0.005927139,5902.61926574707,-1.5487636148929596,-0.0020530990790575744,0.0003,0.39935487508773804
217088,848,1578.3,229,946,200.0,6051.91015625,0.009765625,0.3,8470,0.0066409847,12271.423217773438,-1.261149102449417,-0.003954879089724273,0.0003,0.3299459218978882
217344,849,1575.4,229,946,200.0,2078.865478515625,0.0,0.3,8480,0.0030246936,7240.419128417969,-1.3746340930461884,0.00032897223718464375,0.0003,0.36149168014526367
217600,850,1582.8,229,946,200.0,6154.06689453125,0.0,0.3,8490,0.00021528662,7111.608020019531,-1.3734600603580476,-0.0004775714594870806,0.0003,0.2991757392883301
217856,851,1592.8,230,946,200.0,2438.86474609375,0.0,0.3,8500,0.00015370524,7021.367816162109,-1.3922793388366699,-0.0004024475696496665,0.0003,0.3474698066711426
218112,852,1602.0,230,946,200.0,4971.92529296875,0.0,0.3,8510,0.0013009221,15003.36884765625,-1.4120209276676179,-0.0006348121212795376,0.0003,0.2049744725227356
218368,853,1599.8,230,946,200.0,177.2143096923828,0.0,0.3,8520,0.0011117219,739.5657981872558,-1.3143830835819243,-0.0031450244598090647,0.0003,0.5037842988967896
218624,854,1614.7,230,946,200.0,7446.1748046875,0.0,0.3,8530,0.00032383716,17541.207421875,-1.3848694145679474,-0.0016318020410835744,0.0003,0.07328325510025024
218880,855,1601.8,231,946,200.0,2799.3134765625,0.0,0.3,8540,7.491349e-05,13014.926928710938,-1.2601455986499785,0.0004925173241645097,0.0003,0.11577141284942627
219136,856,1609.2,231,947,200.0,3291.5078125,0.0,0.3,8550,0.0014970235,6404.463696289063,-1.497289115190506,-0.0017041710438206793,0.0003,0.3577069640159607
219392,857,1609.6,231,947,200.0,1941.60986328125,0.0,0.3,8560,0.0010363865,7359.134893798828,-1.1603404045104981,-0.0035238016163930295,0.0003,0.2629699110984802
219648,858,1593.7,231,947,200.0,4382.5517578125,0.0,0.3,8570,0.0015688203,6197.812124633789,-1.5903067469596863,-0.0010296066058799625,0.0003,0.3185405135154724
219904,859,1573.7,232,947,200.0,875.988037109375,0.008984375,0.3,8580,0.0064595444,1788.8185607910157,-1.3357349812984467,-0.00753285838291049,0.0003,0.017910301685333252
220160,860,1571.5,232,947,200.0,2178.0146484375,0.0,0.3,8590,0.00075155124,5946.131379699707,-0.97875175178051,-0.00045820653904229405,0.0003,0.3826470375061035
220416,861,1559.8,232,947,200.0,5614.80712890625,0.011328125,0.3,8600,0.005474495,6317.649353027344,-1.531608945131302,-0.002238425938412547,0.0003,0.3682069182395935
