time/iterations,time/fps,time/time_elapsed,rollout/ep_len_mean,rollout/ep_rew_mean,time/total_timesteps,train/entropy_loss,train/approx_kl,train/clip_fraction,train/learning_rate,train/n_updates,train/policy_gradient_loss,train/loss,train/clip_range,train/explained_variance,train/value_loss
1,996,0,200.0,-220.0,256,,,,,,,,,,
2,984,0,200.0,-410.0,512,-2.564671981334686,0.0008818391,0.0,0.0003,10,-0.005724272970110178,441.3713073730469,0.3,-0.0017267465591430664,1029.064111328125
3,1009,0,200.0,-403.3333333333333,768,-2.5634167551994325,0.0006590602,0.0,0.0003,20,-0.003544612671248615,247.28077697753906,0.3,0.0026224851608276367,689.9900741577148
4,1018,1,200.0,-358.0,1024,-2.5615682721138002,0.0008835944,0.0,0.0003,30,-0.004431276675313711,241.04483032226562,0.3,-0.0013278722763061523,554.2272171020508
5,1028,1,200.0,-353.3333333333333,1280,-2.557719612121582,0.0053019915,0.0,0.0003,40,-0.012039208807982505,395.5605773925781,0.3,-0.0005686283111572266,759.1131134033203
6,1016,1,200.0,-377.14285714285717,1536,-2.5393335700035093,0.0039963173,0.0,0.0003,50,-0.0031446976470761003,590.1596069335938,0.3,-0.0007016658782958984,1342.9049407958985
7,1012,1,200.0,-385.0,1792,-2.5285478711128233,0.00039881584,0.0,0.0003,60,-0.0015746557153761386,251.52615356445312,0.3,0.00018274784088134766,476.8147277832031
8,1015,2,200.0,-371.0,2048,-2.525800085067749,0.00053754495,0.0,0.0003,70,-0.0031264710240066053,283.8855285644531,0.3,0.0011079907417297363,494.5453628540039
9,1010,2,200.0,-382.72727272727275,2304,-2.5266682505607605,0.0025956584,0.0,0.0003,80,-0.006390098575502634,591.8707275390625,0.3,0.0011216998100280762,1373.3439666748047
10,996,2,200.0,-334.1666666666667,2560,-2.5268741726875303,0.004603397,0.0,0.0003,90,-0.01278907391242683,425.6717529296875,0.3,0.0028061866760253906,1072.127426147461
11,997,2,200.0,-359.2857142857143,2816,-2.512477362155914,0.002064493,0.0,0.0003,100,-0.0037006926722824574,444.4065856933594,0.3,0.019557178020477295,882.9789627075195
12,998,3,200.0,-358.0,3072,-2.502576696872711,0.00085465703,0.0,0.0003,110,-0.0023471434600651265,168.1189727783203,0.3,-0.039375901222229004,402.09462280273436
13,1001,3,200.0,-360.625,3328,-2.4587913751602173,0.033667766,0.09453125,0.0003,120,-0.023182701878249647,756.9623413085938,0.3,-0.00016188621520996094,1211.537759399414
14,997,3,200.0,-365.29411764705884,3584,-2.3992701530456544,0.0033460583,0.0,0.0003,130,0.0010974189732223748,160.86199951171875,0.3,-0.0008083581924438477,308.4399894714355
15,995,3,200.0,-370.5263157894737,3840,-2.4149454474449157,0.0019514523,0.0,0.0003,140,-0.005692439805716276,443.50634765625,0.3,0.005939304828643799,1000.9091156005859
16,995,4,200.0,-370.0,4096,-2.4395469784736634,0.0012617717,0.0,0.0003,150,-0.001930144033394754,130.50469970703125,0.3,-0.06641530990600586,364.75067977905275
17,994,4,200.0,-371.42857142857144,4352,-2.454789435863495,0.0044572726,0.0,0.0003,160,-0.007344569626729936,146.83653259277344,0.3,0.0007638335227966309,276.8475570678711
18,993,4,200.0,-374.3478260869565,4608,-2.4386513948440554,0.0014441155,0.0,0.0003,170,-0.0012530230917036534,175.3939971923828,0.3,8.404254913330078e-06,385.1108123779297
19,993,4,200.0,-383.3333333333333,4864,-2.420617401599884,0.013758184,0.029296875,0.0003,180,-0.014438903937116266,574.5341796875,0.3,0.0003587007522583008,1141.2907836914062
20,994,5,200.0,-385.2,5120,-2.3813716530799867,0.0033706136,0.0,0.0003,190,-0.004027277207933366,261.3489990234375,0.3,-1.7523765563964844e-05,613.568327331543
21,996,5,200.0,-381.15384615384613,5376,-2.3695966482162474,0.013323965,0.003515625,0.0003,200,-0.014968312706332653,83.8528060913086,0.3,-0.0011668205261230469,248.0238998413086
22,999,5,200.0,-371.42857142857144,5632,-2.2953797578811646,0.028816456,0.057421875,0.0003,210,-0.013912989175878465,93.06989288330078,0.3,-0.001621246337890625,221.98844261169432
23,1001,5,200.0,-363.44827586206895,5888,-2.2414631485939025,0.014027263,0.01875,0.0003,220,-0.007455620099790394,317.94683837890625,0.3,0.001761794090270996,886.558708190918
24,994,6,200.0,-359.0,6144,-2.237639904022217,0.0063081505,0.0,0.0003,230,-0.010271534463390708,440.18292236328125,0.3,0.0004354119300842285,936.7495544433593
25,996,6,200.0,-347.5,6400,-2.250557041168213,0.0014014351,0.0,0.0003,240,-0.0012198057724162937,157.2660675048828,0.3,-0.0001024007797241211,352.63412322998045
26,997,6,200.0,-341.2121212121212,6656,-2.2242085695266725,0.0007203501,0.0,0.0003,250,-0.002063861582428217,716.765625,0.3,0.0011148452758789062,1573.6101165771483
27,997,6,200.0,-336.7647058823529,6912,-2.2126755118370056,0.00043910975,0.0,0.0003,260,-0.0018223135848529637,394.0120849609375,0.3,0.04294383525848389,690.5171569824219
28,996,7,200.0,-332.2857142857143,7168,-2.1966286301612854,0.00045144442,0.0,0.0003,270,-0.0019862127024680375,308.7726745605469,0.3,0.025802552700042725,716.9055816650391
29,996,7,200.0,-335.13513513513516,7424,-2.213988196849823,0.00083808997,0.0,0.0003,280,-0.0039503472275100645,169.4498291015625,0.3,0.03267759084701538,693.4761047363281
30,996,7,200.0,-335.2631578947368,7680,-2.1859493017196656,0.00021922146,0.0,0.0003,290,-0.000510885682888329,122.53761291503906,0.3,-0.09025943279266357,264.7309410095215
31,996,7,200.0,-333.0769230769231,7936,-2.195393240451813,0.0015707368,0.0,0.0003,300,-0.0031220327829942105,115.7697525024414,0.3,-0.014300823211669922,251.772371673584
32,995,8,200.0,-333.5,8192,-2.190793764591217,0.013321912,0.02265625,0.0003,310,-0.0098415554035455,465.7100830078125,0.3,0.0006795525550842285,915.5698547363281
33,995,8,200.0,-323.3333333333333,8448,-2.1103150606155396,0.0027536051,0.0,0.0003,320,-0.003518647328019142,539.6749267578125,0.3,0.043190181255340576,987.074658203125
34,996,8,200.0,-330.2325581395349,8704,-2.108865523338318,0.00054184766,0.0,0.0003,330,-0.0002754910383373499,639.0409545898438,0.3,0.03829902410507202,1197.8276092529297
35,996,8,200.0,-327.5,8960,-2.104119825363159,0.00024076528,0.0,0.0003,340,-0.0015969499479979276,201.30087280273438,0.3,-0.03374838829040527,376.9889862060547
36,995,9,200.0,-330.6521739130435,9216,-2.112353837490082,0.00051499205,0.0,0.0003,350,-0.0024825530359521507,482.8128967285156,0.3,0.02702927589416504,851.8655578613282
37,996,9,200.0,-334.8936170212766,9472,-2.1494327187538147,0.00012873625,0.0,0.0003,360,-0.0007823217776603997,120.52295684814453,0.3,-0.24773073196411133,341.31650466918944
38,996,9,200.0,-332.7083333333333,9728,-2.1273998260498046,9.004376e-05,0.0,0.0003,370,-6.657617632299662e-05,327.6087646484375,0.3,-0.1333301067352295,626.4758590698242
39,996,10,200.0,-334.8979591836735,9984,-2.141853356361389,0.005165407,0.000390625,0.0003,380,-0.008783525577746332,277.0787353515625,0.3,0.002515733242034912,913.7578674316406
40,997,10,200.0,-334.11764705882354,10240,-2.1660412311553956,0.0023384166,0.0,0.0003,390,-0.0021036005462519826,415.5112609863281,0.3,0.03133738040924072,834.8468688964844
1,1287,0,200.0,-420.0,256,-2.1545681238174437,0.003953932,0.0,0.0003,400,-0.007924008648842573,129.56141662597656,0.3,-0.0036182403564453125,292.1415771484375
2,1118,0,200.0,-425.0,512,-2.5647151470184326,0.0007418555,0.0,0.0003,10,-0.005820057610981167,266.38372802734375,0.3,-0.004315972328186035,515.2576797485351
3,1063,0,200.0,-353.3333333333333,768,-2.5629612684249876,0.0013085443,0.0,0.0003,20,-0.004862595372833312,309.3700866699219,0.3,-0.0007590055465698242,870.9113021850586
4,1044,0,200.0,-350.0,1024,-2.5606420278549193,0.00033491175,0.0,0.0003,30,-0.0016314800828695296,198.77171325683594,0.3,-0.0010292530059814453,335.49351654052737
5,1016,1,200.0,-355.0,1280,-2.5585559487342833,0.0016981727,0.0,0.0003,40,-0.00751536509487778,141.9623260498047,0.3,-0.014363527297973633,315.7316307067871
6,1006,1,200.0,-344.2857142857143,1536,-2.549099600315094,0.005835202,0.0,0.0003,50,-0.01103477505967021,211.52610778808594,0.3,-0.0008208751678466797,502.9498229980469
7,997,1,200.0,-333.75,1792,-2.5302181482315063,0.008026259,0.0,0.0003,60,-0.010364919062703848,87.39778137207031,0.3,0.0005286335945129395,193.46954269409179
8,987,2,200.0,-328.0,2048,-2.4884527564048766,0.033450495,0.04921875,0.0003,70,-0.022001585643738508,118.05003356933594,0.3,-0.0005424022674560547,192.3140785217285
9,988,2,200.0,-297.27272727272725,2304,-2.395551788806915,0.013545397,0.0,0.0003,80,-0.015644741570577027,177.9652557373047,0.3,-0.00013899803161621094,350.3425666809082
10,989,2,200.0,-294.1666666666667,2560,-2.3381883978843687,0.0028305177,0.0,0.0003,90,-0.004347738949581981,529.471435546875,0.3,-2.562999725341797e-05,797.2957000732422
11,995,2,200.0,-280.7142857142857,2816,-2.3572368025779724,0.0022455698,0.0,0.0003,100,-0.005020692152902484,83.35592651367188,0.3,-8.749961853027344e-05,188.37349624633788
12,998,3,200.0,-282.0,3072,-2.3516154646873475,0.002878125,0.0,0.0003,110,-0.005115502618718892,530.4324951171875,0.3,-0.00012695789337158203,829.1482589721679
13,999,3,200.0,-271.25,3328,-2.380569803714752,0.0019525073,0.0,0.0003,120,-0.0026329935993999244,81.01187133789062,0.3,6.794929504394531e-05,200.5637405395508
14,1001,3,200.0,-270.5882352941176,3584,-2.3491564750671388,0.026441593,0.046875,0.0003,130,-0.015533972065895796,437.15277099609375,0.3,0.00010544061660766602,810.4183532714844
15,1003,3,200.0,-270.5263157894737,3840,-2.282509648799896,0.008501193,0.0,0.0003,140,-0.008013477036729454,19.01299285888672,0.3,0.0007511377334594727,94.0235403060913
16,997,4,200.0,-272.5,4096,-2.218862748146057,0.011347443,0.003515625,0.0003,150,-0.007943393662571907,64.60417938232422,0.3,0.00020390748977661133,271.1238426208496
17,993,4,200.0,-270.95238095238096,4352,-2.1495506882667543,0.0063569588,0.0,0.0003,160,-0.001492741541005671,73.37200164794922,0.3,0.0010045170783996582,247.33429641723632
18,984,4,200.0,-260.8695652173913,4608,-2.177880561351776,0.01002058,0.000390625,0.0003,170,-0.012766163772903382,404.6707458496094,0.3,0.0009674429893493652,605.8550918579101
19,981,4,200.0,-257.5,4864,-2.2577179431915284,0.004347467,0.002734375,0.0003,180,-0.0024469948373734953,71.27490997314453,0.3,0.00607144832611084,213.69324989318847
20,984,5,200.0,-257.6,5120,-2.2357303857803346,0.002899114,0.0,0.0003,190,-0.006392548605799675,541.5948486328125,0.3,0.002324819564819336,834.2567474365235
21,987,5,200.0,-249.23076923076923,5376,-2.2360396862030028,0.0023672783,0.0,0.0003,200,-0.0037694218335673213,104.40474700927734,0.3,-0.018732666969299316,159.69070358276366
22,989,5,200.0,-248.92857142857142,5632,-2.248189401626587,0.0032669834,0.0,0.0003,210,-0.0038069051690399645,500.1695556640625,0.3,0.0004429817199707031,703.183627319336
23,991,5,200.0,-252.41379310344828,5888,-2.276065409183502,0.0008203513,0.0,0.0003,220,-0.001032032072544098,104.73802185058594,0.3,0.010840773582458496,176.87245483398436
24,993,6,200.0,-244.33333333333334,6144,-2.2267607688903808,0.0028600008,0.0,0.0003,230,-0.004941428883466869,153.173828125,0.3,0.017276763916015625,317.6245864868164
25,992,6,200.0,-248.4375,6400,-2.2068413853645326,0.0037207447,0.0,0.0003,240,-0.005557522503659129,500.4218444824219,0.3,-0.00448155403137207,716.3177963256836
26,992,6,200.0,-247.27272727272728,6656,-2.175102150440216,0.0024009282,0.0,0.0003,250,-0.004164367145858705,81.42192077636719,0.3,0.05932354927062988,160.48673362731932
27,990,6,200.0,-251.76470588235293,6912,-2.144740116596222,0.0015596692,0.0,0.0003,260,-0.0025908803334459664,69.09557342529297,0.3,-0.009593963623046875,208.50988311767577
28,989,7,200.0,-252.0,7168,-2.1217822432518005,0.00059564714,0.0,0.0003,270,-0.002903182548470795,161.82876586914062,0.3,0.03070300817489624,337.0667915344238
29,989,7,200.0,-241.0810810810811,7424,-2.147163438796997,0.00418189,0.0,0.0003,280,-0.00972531249281019,64.07886505126953,0.3,0.0638962984085083,166.56515922546387
30,986,7,200.0,-241.31578947368422,7680,-2.1580934166908263,0.0018902179,0.0,0.0003,290,-0.002411823300644755,244.21267700195312,0.3,-0.02165699005126953,971.4605163574219
31,986,8,200.0,-242.30769230769232,7936,-2.163700485229492,0.0010856832,0.0,0.0003,300,-0.0030163930030539634,58.160118103027344,0.3,-0.13068807125091553,162.932852935791
32,986,8,200.0,-247.5,8192,-2.120888817310333,0.0010214723,0.0,0.0003,310,-0.002714325697161257,84.8808822631836,0.3,0.011142730712890625,171.87117958068848
33,989,8,200.0,-249.76190476190476,8448,-2.141096293926239,0.0260673,0.066015625,0.0003,320,-0.006204406498000026,69.53543090820312,0.3,-0.0009593963623046875,145.03290519714355
34,991,8,200.0,-250.69767441860466,8704,-2.1034080266952513,0.010658017,0.001953125,0.0003,330,-0.009798215283080936,47.77831268310547,0.3,0.001902461051940918,236.41431045532227
35,993,9,200.0,-251.36363636363637,8960,-2.079271709918976,0.010296674,0.008203125,0.0003,340,-0.008030110620893538,171.35745239257812,0.3,0.0018327832221984863,308.9390167236328
36,994,9,200.0,-246.52173913043478,9216,-2.065692400932312,0.00088968384,0.0,0.0003,350,-0.0016294901492074133,249.29336547851562,0.3,-0.007320880889892578,737.366567993164
37,995,9,200.0,-246.59574468085106,9472,-2.0525609731674193,0.0011711442,0.0,0.0003,360,-0.0020335775334388018,41.52626037597656,0.3,0.1406046748161316,83.9044316291809
38,996,9,200.0,-247.29166666666666,9728,-2.024324417114258,0.0012891858,0.0,0.0003,370,-0.0033682774053886535,112.9468002319336,0.3,0.11964571475982666,281.51127700805665
39,997,10,200.0,-243.46938775510205,9984,-2.0121745586395265,0.0004925309,0.0,0.0003,380,-0.0015018322970718145,267.20660400390625,0.3,0.041845858097076416,653.1833312988281
40,998,10,200.0,-242.15686274509804,10240,-1.971222198009491,0.00015266542,0.0,0.0003,390,-0.0003727917559444904,314.52777099609375,0.3,-0.14742982387542725,907.0655731201172
1,1345,0,200.0,-230.0,256,-1.992331612110138,0.00056144106,0.0,0.0003,400,-0.003198013559449464,99.45423889160156,0.3,0.18786656856536865,291.00009536743164
2,1176,0,200.0,-290.0,512,-2.1752431631088256,0.010295728,0.0,0.0003,410,-0.010398350609466433,139.95372009277344,0.3,-0.07407701015472412,303.38355255126953
3,1079,0,200.0,-263.3333333333333,768,-2.1378836631774902,0.039255038,0.0796875,0.0003,420,-0.01923700128681958,148.71035766601562,0.3,0.005372166633605957,290.6316253662109
4,1007,1,200.0,-272.0,1024,-2.0633493065834045,0.021443978,0.046875,0.0003,430,-0.013816919224336744,106.95032501220703,0.3,-0.0670480728149414,152.11467895507812
5,1003,1,200.0,-263.3333333333333,1280,-2.084741485118866,0.019023873,0.0421875,0.0003,440,-0.014060126733966172,130.77146911621094,0.3,-0.00858449935913086,302.90727310180665
6,1009,1,200.0,-270.0,1536,-2.094288635253906,0.04078253,0.125,0.0003,450,-0.018238786840811372,122.66476440429688,0.3,-0.0005242824554443359,195.76658515930177
7,1009,1,200.0,-282.5,1792,-1.9847092032432556,0.008573264,0.005078125,0.0003,460,-0.007052148948423565,138.8894500732422,0.3,2.753734588623047e-05,242.31687622070314
8,1004,2,200.0,-237.0,2048,-1.9257912516593934,0.015939958,0.044140625,0.0003,470,-0.013370945653878152,166.9549560546875,0.3,-6.389617919921875e-05,209.5533432006836
9,1008,2,200.0,-247.27272727272728,2304,-1.9076673328876494,0.00202128,0.0,0.0003,480,-0.0026562192477285864,626.43701171875,0.3,-0.0007508993148803711,1450.0636596679688
10,1005,2,200.0,-232.5,2560,-1.9123684465885162,0.030641844,0.021484375,0.0003,490,-0.021127788024023174,56.54475402832031,0.3,-3.3736228942871094e-05,148.6269058227539
11,1004,2,200.0,-242.14285714285714,2816,-1.9097586512565612,0.0059055933,0.0,0.0003,500,-0.007659907633205875,254.98300170898438,0.3,-0.0005887746810913086,745.4652877807617
12,999,3,200.0,-245.33333333333334,3072,-1.949769914150238,0.012768833,0.00546875,0.0003,510,-0.007021100516431034,74.76658630371094,0.3,0.00010830163955688477,183.22345314025878
13,994,3,200.0,-249.375,3328,-1.9440364956855773,0.010324016,0.011328125,0.0003,520,-0.003973718802444637,127.89613342285156,0.3,-2.586841583251953e-05,257.24816818237304
14,993,3,200.0,-252.35294117647058,3584,-2.0376826763153075,0.0052624233,0.0,0.0003,530,-0.0005644899560138583,45.67533493041992,0.3,7.510185241699219e-06,164.80334434509277
15,994,3,200.0,-252.10526315789474,3840,-1.8526121258735657,0.034307465,0.159375,0.0003,540,-0.01158233885653317,74.40669250488281,0.3,-1.811981201171875e-05,149.5069543838501
16,997,4,200.0,-256.5,4096,-1.8798153519630432,0.023856506,0.037890625,0.0003,550,-0.004398680478334427,109.3631820678711,0.3,-0.0007883310317993164,186.4520179748535
17,1000,4,200.0,-260.0,4352,-1.9009686350822448,0.0053166123,0.001953125,0.0003,560,-0.005012534622801467,91.67686462402344,0.3,-0.00018680095672607422,192.95623435974122
18,1003,4,200.0,-240.0,4608,-2.0622874796390533,0.106143534,0.183984375,0.0003,570,-0.02007129052653909,58.77231979370117,0.3,-0.00013589859008789062,161.45609817504882
19,1002,4,200.0,-242.08333333333334,4864,-2.0374390125274657,0.0026277264,0.0,0.0003,580,-0.0008133693365380168,442.2002868652344,0.3,1.704692840576172e-05,908.5255401611328
20,996,5,200.0,-234.8,5120,-2.002026778459549,0.011168191,0.012890625,0.0003,590,-0.0071833360008895395,168.9774932861328,0.3,-2.014636993408203e-05,324.4710357666016
21,994,5,200.0,-236.92307692307693,5376,-1.9031151115894318,0.010247353,0.0,0.0003,600,-0.00038052215240895747,246.337158203125,0.3,-2.0623207092285156e-05,671.0835723876953
22,994,5,200.0,-241.42857142857142,5632,-1.793004035949707,0.00031172857,0.0,0.0003,610,-0.0015039848629385232,139.603515625,0.3,-7.510185241699219e-06,229.17394561767577
23,992,5,200.0,-239.31034482758622,5888,-1.9481330573558808,0.0050849197,0.00234375,0.0003,620,-0.0046271993545815345,116.97266387939453,0.3,-4.172325134277344e-06,288.07666778564453
24,990,6,200.0,-241.0,6144,-1.9116427838802337,0.0021789668,0.00546875,0.0003,630,-0.0031451482092961667,491.7491455078125,0.3,-1.3113021850585938e-06,823.7201614379883
25,992,6,200.0,-236.875,6400,-1.8239480316638947,0.039398227,0.042578125,0.0003,640,-0.015850670589134096,78.0346450805664,0.3,-1.71661376953125e-05,144.61708908081056
26,991,6,200.0,-238.4848484848485,6656,-1.5325669646263123,0.017929884,0.029296875,0.0003,650,-0.011562046688050031,401.3612976074219,0.3,-1.430511474609375e-05,836.001187133789
27,991,6,200.0,-241.1764705882353,6912,-1.4499071717262269,0.00064051733,0.0,0.0003,660,-0.00048166094347834587,75.12712097167969,0.3,-3.921985626220703e-05,142.1407012939453
28,992,7,200.0,-244.0,7168,-1.5037596821784973,0.0037015732,0.0,0.0003,670,-0.00472036967985332,129.7956085205078,0.3,3.5762786865234375e-06,288.9571617126465
29,994,7,200.0,-245.67567567567568,7424,-1.65431769490242,0.027655616,0.0515625,0.0003,680,-0.027491307631134988,83.14270782470703,0.3,1.2695789337158203e-05,140.21281623840332
30,994,7,200.0,-248.1578947368421,7680,-1.8967612385749817,0.037739374,0.2734375,0.0003,690,-0.028288664994761348,66.02801513671875,0.3,1.1324882507324219e-05,153.68078155517577
31,994,7,200.0,-249.23076923076923,7936,-1.8986772835254668,0.01036392,0.01015625,0.0003,700,-0.005910798325203359,111.83592987060547,0.3,4.827976226806641e-06,281.17458724975586
32,993,8,200.0,-251.25,8192,-1.9229950487613678,0.0015013539,0.0,0.0003,710,-0.0017431846586987375,49.042274475097656,0.3,7.68899917602539e-06,190.59442825317382
33,990,8,200.0,-252.61904761904762,8448,-1.9888417184352876,0.019112287,0.02109375,0.0003,720,-0.018676043674349784,89.67167663574219,0.3,-7.62939453125e-06,132.05846633911133
34,990,8,200.0,-253.48837209302326,8704,-1.789121800661087,0.006991964,0.0,0.0003,730,0.007743784924969077,175.24349975585938,0.3,-2.5987625122070312e-05,286.26852264404295
35,986,9,200.0,-247.95454545454547,8960,-1.7613789200782777,0.0002732037,0.0,0.0003,740,-0.0015563273103907705,525.2899780273438,0.3,4.494190216064453e-05,763.6377395629883
36,988,9,200.0,-243.91304347826087,9216,-1.8628983736038207,0.024024593,0.04765625,0.0003,750,-0.008882998628541828,93.80913543701172,0.3,2.3245811462402344e-06,136.62030639648438
37,990,9,200.0,-247.0212765957447,9472,-1.9847755491733552,0.004756558,0.0,0.0003,760,-0.001023295894265175,577.2245483398438,0.3,6.818771362304688e-05,719.3081848144532
38,988,9,200.0,-248.125,9728,-2.0355860352516175,0.035072144,0.063671875,0.0003,770,-0.024471244984306396,126.83882141113281,0.3,-1.4662742614746094e-05,285.99378128051757
39,989,10,200.0,-245.91836734693877,9984,-2.098193383216858,0.008293289,0.0015625,0.0003,780,-0.011270782025530935,159.66159057617188,0.3,0.00034695863723754883,269.2176795959473
40,991,10,200.0,-249.2156862745098,10240,-2.056502044200897,0.010823277,0.01171875,0.0003,790,-0.015250943088904022,424.4326477050781,0.3,-0.0004392862319946289,806.4655975341797
1,1342,0,200.0,-300.0,256,-2.1314122915267943,0.008008935,0.008203125,0.0003,800,0.0025761557510122655,171.2703399658203,0.3,0.00020831823348999023,335.95633163452146
2,1191,0,200.0,-305.0,512,-1.9772436678409577,0.0008183825,0.0,0.0003,410,-0.001878287340514362,116.46516418457031,0.3,0.17276960611343384,227.24014739990236
3,1152,0,200.0,-280.0,768,-1.9912367165088654,0.015030992,0.02421875,0.0003,420,-0.013684202311560511,144.3037109375,0.3,-0.024477720260620117,196.7403537750244
4,1128,0,200.0,-264.0,1024,-1.9275430023670197,0.0038616264,0.0,0.0003,430,-0.0028221519431099297,24.54292106628418,0.3,0.056360721588134766,126.17952842712403
5,1120,1,200.0,-276.6666666666667,1280,-1.8648986041545867,0.0006622728,0.0,0.0003,440,-0.002387003437615931,66.2265625,0.3,0.21612191200256348,153.08707695007325
6,1091,1,200.0,-277.14285714285717,1536,-1.8710091888904572,0.0011396746,0.0,0.0003,450,-0.002741185110062361,114.73175811767578,0.3,0.16474246978759766,191.03911323547362
7,1062,1,200.0,-280.0,1792,-1.857300305366516,0.000508134,0.0,0.0003,460,-0.0013764712901320308,37.46975326538086,0.3,0.23094582557678223,119.37896575927735
8,1058,1,200.0,-297.0,2048,-1.873839807510376,0.0010564502,0.0,0.0003,470,-0.0020597590890247377,72.28558349609375,0.3,0.2858065366744995,134.3002456665039
9,1048,2,200.0,-290.90909090909093,2304,-1.8855981588363648,0.0041733356,0.0,0.0003,480,-0.0042575587751343845,211.98135375976562,0.3,-0.057517170906066895,395.4996643066406
10,1051,2,200.0,-290.8333333333333,2560,-1.9691075384616852,0.005262592,0.0,0.0003,490,-0.0015457389876246453,11.091821670532227,0.3,0.10212033987045288,74.4810194015503
11,1056,2,200.0,-297.85714285714283,2816,-1.9988419473171235,0.006026187,0.0,0.0003,500,-0.003905038605444133,116.60060119628906,0.3,0.005511581897735596,268.3671173095703
12,1060,2,200.0,-265.3333333333333,3072,-1.9578277885913848,0.0033904812,0.0,0.0003,510,-0.00407649208791554,90.4970932006836,0.3,0.10455626249313354,244.66959762573242
13,1062,3,200.0,-249.375,3328,-1.9339780986309052,9.085052e-05,0.0,0.0003,520,-6.929384544491768e-05,901.587890625,0.3,-0.017175793647766113,1897.386669921875
14,1066,3,200.0,-238.23529411764707,3584,-1.90151703953743,0.0037986154,0.0,0.0003,530,-0.005723481019958854,40.09768295288086,0.3,0.33487939834594727,103.99819908142089
15,1070,3,200.0,-237.89473684210526,3840,-1.9033104479312897,0.0021588604,0.0,0.0003,540,-0.0025101279374212027,200.0416717529297,0.3,0.05751323699951172,633.7765411376953
16,1066,3,200.0,-238.0,4096,-1.8783116042613983,0.00037429924,0.0,0.0003,550,-0.0009579957812093198,77.53425598144531,0.3,0.32855939865112305,189.95858612060547
17,1068,4,200.0,-237.61904761904762,4352,-1.895379227399826,0.010193076,0.00703125,0.0003,560,-0.00913371928036213,60.431217193603516,0.3,0.3828151226043701,101.20491619110108
18,1070,4,200.0,-242.6086956521739,4608,-2.0082567930221558,0.0044429405,0.0,0.0003,570,0.0010043895104900002,113.61331176757812,0.3,0.1440158486366272,196.57406997680664
19,1069,4,200.0,-247.08333333333334,4864,-1.9939282476902007,0.00042899442,0.0,0.0003,580,-0.0010811802465468645,76.4407958984375,0.3,0.47097283601760864,128.9581470489502
20,1071,4,200.0,-246.4,5120,-1.9371401786804199,0.0016020786,0.0,0.0003,590,-0.004190303047653288,67.14993286132812,0.3,0.3954121470451355,105.44999694824219
21,1071,5,200.0,-248.84615384615384,5376,-1.9780886471271515,0.00079553085,0.0,0.0003,600,-0.0019903101841919125,29.381277084350586,0.3,-0.10410833358764648,180.47549705505372
22,1068,5,200.0,-243.92857142857142,5632,-1.9857815563678742,0.0012999878,0.0,0.0003,610,-0.0034945564344525336,484.2924499511719,0.3,0.047207772731781006,682.3853759765625
23,1066,5,200.0,-237.24137931034483,5888,-1.9435459911823272,0.0020414805,0.0,0.0003,620,-0.0037267628824338315,125.59928131103516,0.3,-0.10698866844177246,210.4524040222168
24,1064,5,200.0,-236.33333333333334,6144,-1.9016805231571197,0.0026862738,0.0,0.0003,630,0.001092700380831957,363.50018310546875,0.3,0.0023920536041259766,877.6410903930664
25,1060,6,200.0,-240.0,6400,-1.9250339150428772,0.018632926,0.01953125,0.0003,640,-0.019623251061420887,66.92247009277344,0.3,0.002196967601776123,191.998441696167
26,1058,6,200.0,-240.3030303030303,6656,-1.8978241682052612,0.0059650606,0.0,0.0003,650,-0.006902137910947204,46.707271575927734,0.3,0.229101300239563,115.07035255432129
27,1058,6,200.0,-239.41176470588235,6912,-1.874519169330597,0.0016235504,0.0,0.0003,660,-0.0027615473605692386,145.96067810058594,0.3,0.10450392961502075,263.6329200744629
28,1044,6,200.0,-240.57142857142858,7168,-1.8950460493564605,0.003673943,0.005078125,0.0003,670,-0.005854741344228387,23.83160400390625,0.3,0.48045623302459717,60.656828022003175
29,1041,7,200.0,-244.59459459459458,7424,-1.9003541946411133,0.0010463914,0.0,0.0003,680,-0.00038467790000140667,49.094181060791016,0.3,0.30064886808395386,116.0999599456787
30,1037,7,200.0,-244.21052631578948,7680,-1.9167032778263091,0.00023137988,0.0,0.0003,690,-0.0005752364872023463,146.95574951171875,0.3,0.36624616384506226,249.31958618164063
31,1035,7,200.0,-244.10256410256412,7936,-1.9297946870326996,0.005417305,0.0,0.0003,700,-0.009187459107488393,27.944013595581055,0.3,-0.012301206588745117,204.51981105804444
32,1036,7,200.0,-243.25,8192,-1.9229608058929444,0.0060888063,0.0,0.0003,710,-0.0035332127707079055,9.257238388061523,0.3,0.40020519495010376,61.41664590835571
33,1032,8,200.0,-242.85714285714286,8448,-1.960564947128296,0.0021391108,0.001953125,0.0003,720,-0.0029231562744826078,53.19416809082031,0.3,0.40642911195755005,106.92666931152344
34,1028,8,200.0,-242.09302325581396,8704,-1.904759508371353,0.014102982,0.003125,0.0003,730,-0.011999590182676911,79.99295043945312,0.3,0.40931081771850586,134.9288585662842
35,1027,8,200.0,-241.36363636363637,8960,-1.8512960076332092,0.002222296,0.0,0.0003,740,0.003425305872224271,33.08205795288086,0.3,0.237013041973114,100.83159465789795
36,1020,9,200.0,-243.04347826086956,9216,-1.8222015917301178,0.0046509607,0.0,0.0003,750,-0.0045813987730070945,98.81710052490234,0.3,-0.041677236557006836,211.2642852783203
37,1015,9,200.0,-244.04255319148936,9472,-1.7961460590362548,0.001114504,0.0,0.0003,760,0.0010000822134315968,87.74848175048828,0.3,0.5076308250427246,119.27697257995605
38,1007,9,200.0,-238.33333333333334,9728,-1.8735778212547303,0.0021217098,0.001171875,0.0003,770,-0.005917574465274811,121.13385772705078,0.3,0.06288456916809082,688.092699432373
39,1000,9,200.0,-239.18367346938774,9984,-1.9710840582847595,0.022764705,0.0390625,0.0003,780,-0.014628966897726059,45.79207229614258,0.3,0.3746644854545593,85.87525234222412
40,996,10,200.0,-243.13725490196077,10240,-2.023663866519928,0.002952237,0.0,0.0003,790,-0.0011498264269903303,117.97700500488281,0.3,0.25203317403793335,219.04982528686523
1,1170,0,200.0,-260.0,256,-1.9599136054515838,0.0010128634,0.0,0.0003,800,-0.0025128912879154087,43.56772232055664,0.3,0.43587368726730347,132.2450714111328
2,993,0,200.0,-270.0,512,-2.0834640145301817,0.0010700934,0.0,0.0003,810,-0.0030490650795400144,245.03919982910156,0.3,0.002511262893676758,359.3409599304199
3,1022,0,200.0,-183.33333333333334,768,-2.1405835151672363,0.0060943067,0.000390625,0.0003,820,-0.007781031099148095,119.67764282226562,0.3,0.0027208328247070312,189.61943321228028
4,973,1,200.0,-168.0,1024,-2.1305756092071535,0.0014482217,0.0,0.0003,830,-0.002347830100916326,202.6305694580078,0.3,0.00010001659393310547,712.056916809082
5,962,1,200.0,-191.66666666666666,1280,-2.136961591243744,0.00027908827,0.0,0.0003,840,-0.00029885112307965757,373.42169189453125,0.3,0.0015201568603515625,788.689077758789
6,980,1,200.0,-205.71428571428572,1536,-2.103915786743164,0.00034161145,0.0,0.0003,850,-0.0019677781034260987,100.22187042236328,0.3,0.013505697250366211,184.45977706909179
7,985,1,200.0,-208.75,1792,-2.1567565560340882,0.022049922,0.04453125,0.0003,860,-0.010765650169923901,63.27098846435547,0.3,0.006558358669281006,145.22565441131593
8,992,2,200.0,-173.0,2048,-2.2282617568969725,0.003972958,0.00078125,0.0003,870,-0.002738279011100531,79.29792022705078,0.3,0.017858803272247314,126.06750612258911
9,958,2,200.0,-160.9090909090909,2304,-2.1699429750442505,0.0014170553,0.0,0.0003,880,-0.006898738024756312,955.7044067382812,0.3,-0.003032088279724121,1392.6840606689452
10,779,3,200.0,-166.66666666666666,2560,-2.202069854736328,0.003647647,0.00234375,0.0003,890,-0.005691707134246826,286.0616760253906,0.3,0.0019808411598205566,675.164761352539
11,665,4,200.0,-159.28571428571428,2816,-2.345377540588379,0.0027044336,0.0,0.0003,900,-0.001067375298589468,87.75717163085938,0.3,0.02218419313430786,256.62995529174805
12,588,5,200.0,-170.66666666666666,3072,-2.2424468278884886,0.000107719796,0.0,0.0003,910,-0.000893523683771491,630.4263916015625,0.3,-0.013709783554077148,1243.652395629883
13,535,6,200.0,-163.75,3328,-2.22223414182663,0.04385835,0.109375,0.0003,920,-0.0336562960408628,201.50411987304688,0.3,0.010602116584777832,361.42387161254885
14,501,7,200.0,-168.23529411764707,3584,-2.133925676345825,0.0027007763,0.0,0.0003,930,-0.004679468786343932,352.9960021972656,0.3,-0.0046776533126831055,667.9350761413574
15,471,8,200.0,-178.94736842105263,3840,-2.1316916584968566,0.004515862,0.0,0.0003,940,-0.005170246027410031,106.68414306640625,0.3,0.05182558298110962,181.39336814880372
16,447,9,200.0,-184.5,4096,-2.123210096359253,0.006491123,0.001171875,0.0003,950,-0.007099043834023178,101.29601287841797,0.3,0.0005264878273010254,189.93428955078124
17,427,10,200.0,-188.57142857142858,4352,-1.9635673880577087,0.0036359506,0.0,0.0003,960,-0.0019109481014311313,96.99418640136719,0.3,0.017509758472442627,253.45511207580566
18,414,11,200.0,-195.2173913043478,4608,-2.037951421737671,0.0014360968,0.0,0.0003,970,0.00036767764249816536,112.95410919189453,0.3,0.060475945472717285,138.3903102874756
19,403,12,200.0,-200.41666666666666,4864,-2.015317064523697,0.0018201408,0.0,0.0003,980,-0.0035584892379119993,80.59114074707031,0.3,0.03680741786956787,136.21626892089844
20,394,12,200.0,-200.8,5120,-1.9847992181777954,0.0021100903,0.0,0.0003,990,-0.0035830921027809382,142.4246826171875,0.3,0.05308723449707031,283.6859725952148
21,386,13,200.0,-203.07692307692307,5376,-2.10818954706192,0.0047195065,0.0,0.0003,1000,-0.003940099966712296,71.44561004638672,0.3,0.06836944818496704,141.76328735351564
22,377,14,200.0,-190.35714285714286,5632,-2.0379868745803833,0.0034791597,0.006640625,0.0003,1010,-0.008834872534498573,292.9540710449219,0.3,0.02342092990875244,696.9789459228516
23,368,15,200.0,-191.0344827586207,5888,-1.953153258562088,0.00022021472,0.0,0.0003,1020,-0.0013001875602640211,435.2969970703125,0.3,0.002917170524597168,771.5766723632812
24,361,16,200.0,-193.0,6144,-2.0607563138008116,0.024965296,0.044140625,0.0003,1030,-0.015102981496602297,63.45981979370117,0.3,0.0843203067779541,135.64007911682128
25,355,18,200.0,-197.5,6400,-1.9200233399868012,0.0013266988,0.0,0.0003,1040,-0.001032717525959015,93.1109619140625,0.3,0.08762913942337036,125.99205856323242
26,351,18,200.0,-203.33333333333334,6656,-1.9337773680686952,0.0041722273,0.002734375,0.0003,1050,-0.004826198006048799,40.28059768676758,0.3,0.04615283012390137,160.74689216613768
27,345,20,200.0,-206.1764705882353,6912,-1.945456963777542,0.0008191045,0.0,0.0003,1060,0.001711333484854549,163.39385986328125,0.3,0.18640446662902832,297.93638610839844
28,340,21,200.0,-208.85714285714286,7168,-1.952424943447113,0.0007733286,0.0,0.0003,1070,-0.002887136675417423,82.70945739746094,0.3,0.13044226169586182,166.2621234893799
29,336,22,200.0,-211.8918918918919,7424,-2.0172872304916383,0.0012110218,0.0,0.0003,1080,-0.002849998138844967,78.5153579711914,0.3,0.19203966856002808,166.34916343688965
30,332,23,200.0,-211.8421052631579,7680,-2.013678014278412,0.0024207109,0.0015625,0.0003,1090,-0.0025460547767579556,167.9860382080078,0.3,0.12406224012374878,302.2591194152832
31,329,24,200.0,-212.82051282051282,7936,-2.0956063270568848,0.002867743,0.00078125,0.0003,1100,-0.0035540196346119045,74.09318542480469,0.3,0.1742180585861206,94.67781867980958
32,326,25,200.0,-214.75,8192,-2.072913312911987,0.0006052498,0.0,0.0003,1110,-0.0015268628485500813,72.70055389404297,0.3,0.1430850625038147,112.9288236618042
33,323,26,200.0,-217.14285714285714,8448,-2.221001124382019,0.0019795306,0.0,0.0003,1120,-0.0016853963723406195,89.45401763916016,0.3,0.24695754051208496,121.27183113098144
34,320,27,200.0,-216.97674418604652,8704,-2.033883237838745,0.00046443567,0.0,0.0003,1130,-0.0015529264463111758,109.13313293457031,0.3,0.2927730083465576,184.20307731628418
35,318,28,200.0,-216.8181818181818,8960,-2.3010798692703247,0.002417922,0.0,0.0003,1140,-0.00620275738183409,41.13556671142578,0.3,0.2792450189590454,123.95356273651123
36,315,29,200.0,-218.91304347826087,9216,-2.1874910593032837,0.0019423654,0.0,0.0003,1150,-0.0007693517953157424,78.06316375732422,0.3,0.23267102241516113,114.92179050445557
37,320,29,200.0,-218.72340425531914,9472,-2.2645564794540407,0.0026719717,0.0,0.0003,1160,-0.007612611074000597,151.99742126464844,0.3,0.1451026201248169,293.46592864990237
38,326,29,200.0,-218.95833333333334,9728,-2.2237533569335937,0.0012366923,0.0,0.0003,1170,-0.0017571619828231633,27.536104202270508,0.3,0.09974753856658936,110.39488334655762
39,332,30,200.0,-215.71428571428572,9984,-2.300627601146698,0.0010998051,0.0,0.0003,1180,-0.0034822215093299747,86.49229431152344,0.3,-0.06466221809387207,210.4902000427246
40,337,30,200.0,-217.05882352941177,10240,-2.253192698955536,0.0019853204,0.000390625,0.0003,1190,-0.004751463257707656,322.611572265625,0.3,0.08126062154769897,492.77052917480466
1,1223,0,200.0,-240.0,256,-2.121702253818512,0.0014459386,0.0,0.0003,1200,-0.002945681056007743,123.50804901123047,0.3,0.29571807384490967,175.3222276687622
2,1036,0,200.0,-325.0,512,-2.067180097103119,0.0049581956,0.0,0.0003,810,-0.006462906545493752,45.14701461791992,0.3,0.18144237995147705,95.85880489349366
3,1034,0,200.0,-293.3333333333333,768,-2.175228273868561,0.0058747404,0.01015625,0.0003,820,-0.002400505216792226,54.578948974609375,0.3,0.4369363784790039,105.71701374053956
4,1020,1,200.0,-260.0,1024,-2.047791963815689,0.032523204,0.294140625,0.0003,830,-0.028104768367484212,18.985034942626953,0.3,0.5473506450653076,62.95962009429932
5,1022,1,200.0,-271.6666666666667,1280,-2.186862659454346,0.011313697,0.05703125,0.0003,840,-0.0058261280762963,48.75551986694336,0.3,0.5723344087600708,101.93269023895263
6,1024,1,200.0,-282.85714285714283,1536,-1.947600895166397,0.0074392594,0.011328125,0.0003,850,-0.007655642367899418,156.17784118652344,0.3,-0.06630778312683105,293.35380401611326
7,1022,1,200.0,-248.75,1792,-2.016029363870621,0.0057899435,0.004296875,0.0003,860,-0.003753774962387979,258.7702331542969,0.3,0.09490209817886353,645.5412643432617
8,1024,1,200.0,-241.0,2048,-1.9731276988983155,0.0080344165,0.01796875,0.0003,870,-0.008283447497524321,106.96221160888672,0.3,-0.06694698333740234,250.1939781188965
9,1027,2,200.0,-245.45454545454547,2304,-1.8737464010715486,0.00084668165,0.0,0.0003,880,-0.0012818850227631629,375.3436584472656,0.3,0.08976233005523682,703.2342529296875
10,1023,2,200.0,-252.5,2560,-2.096260130405426,0.024086487,0.096484375,0.0003,890,-0.006950357416644693,62.075443267822266,0.3,0.40533459186553955,107.83390235900879
11,1022,2,200.0,-258.57142857142856,2816,-2.3378507494926453,0.0064574797,0.000390625,0.0003,900,-0.0040497708600014445,83.32005310058594,0.3,0.34588754177093506,183.7509334564209
12,1027,2,200.0,-264.6666666666667,3072,-2.097862887382507,0.008701083,0.011328125,0.0003,910,-0.008695051842369139,32.52111053466797,0.3,0.4999960660934448,141.80430641174317
13,1022,3,200.0,-248.75,3328,-1.9967525064945222,0.015743678,0.029296875,0.0003,920,-0.011533577321097254,39.68282699584961,0.3,0.339510440826416,115.0719331741333
14,1021,3,200.0,-237.64705882352942,3584,-1.8005560100078584,0.0048485766,0.0,0.0003,930,-0.006660565151832998,743.8626708984375,0.3,-0.058688998222351074,1421.6391815185548
15,1023,3,200.0,-234.73684210526315,3840,-1.8859412252902985,0.0007230735,0.0,0.0003,940,-0.00134336210321635,133.5327606201172,0.3,-0.07058632373809814,767.401577758789
16,1024,3,200.0,-238.0,4096,-1.9121290504932404,0.0010863498,0.0,0.0003,950,-0.0013749353762250393,124.1317138671875,0.3,0.058878958225250244,323.01682739257814
17,1014,4,200.0,-241.9047619047619,4352,-2.0706767141819,0.052721456,0.1015625,0.0003,960,-0.01163244799245149,39.48692321777344,0.3,0.37487828731536865,87.24091968536376
18,1012,4,200.0,-225.2173913043478,4608,-2.2302878737449645,0.026769878,0.087109375,0.0003,970,-0.005635673541110009,25.96823501586914,0.3,0.4342600703239441,97.73980770111083
19,1008,4,200.0,-229.16666666666666,4864,-2.133145606517792,0.00213104,0.0,0.0003,980,0.0006461857818067073,888.6721801757812,0.3,0.009889721870422363,1355.3012634277343
20,1004,5,200.0,-232.8,5120,-2.0159122586250304,0.00029758085,0.0,0.0003,990,-0.0015598917612805962,148.35411071777344,0.3,-0.23963713645935059,242.44414596557618
21,1003,5,200.0,-231.92307692307693,5376,-2.1320438027381896,0.0009631207,0.0,0.0003,1000,-0.0013792655896395444,40.79274368286133,0.3,0.19476234912872314,144.16731300354004
22,1002,5,200.0,-231.07142857142858,5632,-2.2913124203681945,0.004375935,0.0,0.0003,1010,-0.00793141033500433,37.30341339111328,0.3,0.40317076444625854,115.10477561950684
23,1000,5,200.0,-225.17241379310346,5888,-2.14322053194046,0.021689806,0.060546875,0.0003,1020,-0.010898211086168886,474.6629333496094,0.3,0.13238215446472168,849.0199844360352
24,998,6,200.0,-220.33333333333334,6144,-1.948464047908783,0.0012491597,0.00234375,0.0003,1030,0.0032347508706152437,422.4850158691406,0.3,0.013046026229858398,756.1350616455078
25,1000,6,200.0,-215.9375,6400,-2.10055468082428,0.019871566,0.069140625,0.0003,1040,-0.00566682037897408,198.5470733642578,0.3,0.08556747436523438,705.7853500366211
26,1001,6,200.0,-216.96969696969697,6656,-1.8979318916797638,0.003835479,0.002734375,0.0003,1050,-0.005620485194958747,490.6744384765625,0.3,0.06912559270858765,703.2034774780274
27,1002,6,200.0,-217.35294117647058,6912,-1.9138234794139861,0.002204285,0.0,0.0003,1060,-0.007638868503272533,143.88587951660156,0.3,0.18041622638702393,252.2343894958496
28,1003,7,200.0,-211.42857142857142,7168,-2.065659487247467,0.0025717947,0.0,0.0003,1070,-0.0017600326100364327,602.84619140625,0.3,0.04107385873794556,723.7589149475098
29,1005,7,200.0,-200.0,7424,-2.1036313652992247,0.0017154701,0.0,0.0003,1080,-0.006243683595675975,441.9674072265625,0.3,0.07175910472869873,659.0470275878906
30,1004,7,200.0,-194.47368421052633,7680,-1.978750431537628,0.0029100967,0.00234375,0.0003,1090,-0.006385669438168406,561.3012084960938,0.3,0.15692567825317383,661.0629783630371
31,1003,7,200.0,-196.66666666666666,7936,-1.9446121335029602,0.0046436414,0.00234375,0.0003,1100,-0.0038506768643856047,389.9420471191406,0.3,0.05732548236846924,620.2420501708984
32,1005,8,200.0,-199.25,8192,-1.8818806052207946,0.0014842968,0.0,0.0003,1110,-0.003533848642837256,40.434505462646484,0.3,0.4178091287612915,103.81486377716064
33,1006,8,200.0,-203.8095238095238,8448,-2.028062868118286,0.00061767176,0.0,0.0003,1120,-0.0017615779768675565,33.27723693847656,0.3,0.3149051070213318,108.0523609161377
34,1008,8,200.0,-200.46511627906978,8704,-2.0064701974391936,0.0014178732,0.0,0.0003,1130,-2.733282744884491e-05,103.00430297851562,0.3,0.38656842708587646,243.48419189453125
35,1003,8,200.0,-196.5909090909091,8960,-2.0726843237876893,0.001606151,0.000390625,0.0003,1140,-0.004907622444443404,410.600830078125,0.3,0.06206536293029785,791.7180450439453
36,1004,9,200.0,-200.65217391304347,9216,-2.0348067700862886,0.026600452,0.055859375,0.0003,1150,0.011477578105404973,273.84735107421875,0.3,0.07182419300079346,615.8305076599121
37,1005,9,200.0,-196.17021276595744,9472,-2.152025604248047,0.024494756,0.028125,0.0003,1160,-0.00993698458187282,32.563011169433594,0.3,0.5707155466079712,106.78550586700439
38,1008,9,200.0,-203.75,9728,-2.374055790901184,0.014483618,0.00625,0.0003,1170,-0.009314237465150654,418.3482666015625,0.3,0.06723833084106445,716.1285430908204
39,1010,9,200.0,-201.83673469387756,9984,-2.433480107784271,0.009213315,0.003125,0.0003,1180,-0.012213573418557644,191.8994903564453,0.3,0.19372904300689697,377.28228149414065
40,965,10,200.0,-196.86274509803923,10240,-2.413245141506195,0.0016222768,0.0,0.0003,1190,-0.002091385889798403,660.064697265625,0.3,0.05364274978637695,1332.768865966797
1,1381,0,200.0,-260.0,256,-2.290716302394867,0.00095105916,0.0,0.0003,1200,-0.0022895960602909325,281.4215393066406,0.3,-0.03616142272949219,777.8502792358398
2,1235,0,200.0,90.0,512,-2.2593767285346984,0.0053168214,0.0125,0.0003,1210,-0.0075768833747133614,570.0964965820312,0.3,0.03762078285217285,1119.671713256836
3,1185,0,200.0,0.0,768,-2.2394153118133544,0.0013857821,0.0,0.0003,1220,-0.001169155875686556,940.2452392578125,0.3,-0.0009375810623168945,1985.6586608886719
4,995,1,200.0,-64.0,1024,-2.277938735485077,0.008966604,0.006640625,0.0003,1230,-0.008203410869464278,699.0862426757812,0.3,-0.0014117956161499023,1250.766796875
5,1011,1,200.0,-78.33333333333333,1280,-2.3118603944778444,0.00026161014,0.0,0.0003,1240,-0.002567737642675638,345.9273986816406,0.3,0.05452042818069458,784.8850875854492
6,1023,1,200.0,-88.57142857142857,1536,-2.1769317150115968,0.0066936826,0.0,0.0003,1250,-0.006631005741655827,731.3624267578125,0.3,0.011648237705230713,923.2673248291015
7,1036,1,200.0,-107.5,1792,-2.1606937527656553,0.00022662245,0.0,0.0003,1260,-0.0010824683122336864,600.9166259765625,0.3,0.02413952350616455,1359.3145721435546
8,1043,1,200.0,-163.0,2048,-2.2868262410163878,0.0061960286,0.00234375,0.0003,1270,-0.004634080547839403,79.82588958740234,0.3,0.09315019845962524,238.66254348754882
9,988,2,200.0,-172.72727272727272,2304,-2.1591647028923036,0.0020860955,0.0,0.0003,1280,-0.0024359050905331968,239.8900146484375,0.3,0.1716814637184143,478.4670806884766
10,998,2,200.0,-185.83333333333334,2560,-2.371716833114624,0.008250538,0.004296875,0.0003,1290,-0.005973217252176255,93.98375701904297,0.3,0.26634079217910767,166.0796241760254
11,1001,2,200.0,-212.14285714285714,2816,-2.3117528676986696,0.0006178336,0.0,0.0003,1300,-0.0013571370160207151,102.48292541503906,0.3,0.10240596532821655,247.64879837036133
12,1005,3,200.0,-225.33333333333334,3072,-2.2264874458312987,0.092121795,0.272265625,0.0003,1310,-0.03172126645222306,157.3485107421875,0.3,0.16628921031951904,263.4247108459473
13,1005,3,200.0,-228.125,3328,-2.083431613445282,0.0045444705,0.00390625,0.0003,1320,-0.0068600928410887715,139.56463623046875,0.3,0.20953136682510376,210.66018371582032
14,1003,3,200.0,-218.23529411764707,3584,-2.1047078371047974,0.00041697407,0.0,0.0003,1330,-0.00161122961435467,36.06651306152344,0.3,0.3534138798713684,83.50976047515869
15,1005,3,200.0,-213.68421052631578,3840,-2.0469584465026855,0.00050238194,0.0,0.0003,1340,-0.00236464268527925,243.02581787109375,0.3,0.05592876672744751,783.6681640625
16,1007,4,200.0,-222.0,4096,-2.177300548553467,0.0007160113,0.0,0.0003,1350,-0.002952721528708935,293.8704833984375,0.3,0.14054781198501587,676.3235504150391
17,1010,4,200.0,-225.71428571428572,4352,-1.982286912202835,0.00071175164,0.0,0.0003,1360,-0.0028507553273811937,110.54000854492188,0.3,-0.020255088806152344,258.70950469970705
18,1013,4,200.0,-239.56521739130434,4608,-2.0654820084571837,0.0055093565,0.000390625,0.0003,1370,-0.008891724201384931,50.808937072753906,0.3,-0.017553210258483887,183.27260208129883
19,1015,4,200.0,-245.41666666666666,4864,-2.026652431488037,0.0021847878,0.0,0.0003,1380,-0.003491805773228407,121.42214965820312,0.3,0.2456672191619873,264.26441802978513
20,926,5,200.0,-238.0,5120,-2.131719136238098,0.0006600595,0.0,0.0003,1390,-0.0033585208235308527,137.82476806640625,0.3,0.15521913766860962,317.4203826904297
21,930,5,200.0,-232.30769230769232,5376,-2.3477081179618837,0.0017338446,0.0,0.0003,1400,-0.0021426641615107656,184.4405059814453,0.3,0.08454734086990356,647.6791564941407
22,932,6,200.0,-225.71428571428572,5632,-2.2521946907043455,0.00450442,0.012109375,0.0003,1410,-0.008508303528651595,547.1473999023438,0.3,0.016102075576782227,1264.4708465576173
23,930,6,200.0,-227.93103448275863,5888,-2.2298890471458437,0.001419343,0.0,0.0003,1420,-0.0036081536673009396,489.7588806152344,0.3,0.027830183506011963,980.1769317626953
24,937,6,200.0,-232.33333333333334,6144,-2.1202796459198,0.0007710322,0.0,0.0003,1430,-0.0017357959179207683,191.4080352783203,0.3,0.014516592025756836,751.5631782531739
25,941,6,200.0,-230.625,6400,-2.360573387145996,0.0011118248,0.0,0.0003,1440,-0.0009942923905327916,155.92221069335938,0.3,-0.1606152057647705,369.1621543884277
26,945,7,200.0,-225.45454545454547,6656,-2.178555262088776,0.0018104515,0.0,0.0003,1450,-0.005123323248699308,134.547119140625,0.3,0.03827524185180664,766.2534957885742
27,949,7,200.0,-230.0,6912,-2.229171395301819,0.0060562426,0.00390625,0.0003,1460,-0.0050610968377441164,293.71148681640625,0.3,0.13969433307647705,787.1188507080078
28,953,7,200.0,-228.85714285714286,7168,-2.251671040058136,0.0017366707,0.0,0.0003,1470,-0.000193849578499794,99.56754302978516,0.3,0.06203335523605347,231.1369270324707
29,937,7,200.0,-228.3783783783784,7424,-2.294845497608185,0.00213381,0.00078125,0.0003,1480,-0.0037676200270652773,316.7575988769531,0.3,0.1511783003807068,677.3396476745605
30,941,8,200.0,-222.6315789473684,7680,-2.323986542224884,0.00028883084,0.0,0.0003,1490,-0.001282995130168274,325.554443359375,0.3,0.10038930177688599,859.9381759643554
31,946,8,200.0,-218.46153846153845,7936,-2.292652976512909,0.00023806444,0.0,0.0003,1500,-0.0016407601535320282,260.40887451171875,0.3,-0.21836626529693604,798.3179626464844
32,943,8,200.0,-217.0,8192,-2.2745952725410463,0.00081049884,0.0,0.0003,1510,-0.00429998068138957,537.9291381835938,0.3,-0.004973292350769043,772.2280746459961
33,944,8,200.0,-215.23809523809524,8448,-2.183863377571106,0.00036767358,0.0,0.0003,1520,-0.002296210848726332,585.3028564453125,0.3,-0.08026683330535889,1174.163052368164
34,944,9,200.0,-206.51162790697674,8704,-2.1783844470977782,0.0008913891,0.0,0.0003,1530,-0.0016606575809419155,54.9831657409668,0.3,0.2963361144065857,237.32255973815919
35,942,9,200.0,-205.45454545454547,8960,-2.213020622730255,0.004621285,0.00234375,0.0003,1540,-0.006350127863697708,892.2307739257812,0.3,-0.05275106430053711,1445.3882873535156
36,941,9,200.0,-208.04347826086956,9216,-2.29906405210495,0.0038330078,0.0,0.0003,1550,-0.0024232013383880258,338.1388854980469,0.3,0.04563474655151367,684.5342376708984
37,941,10,200.0,-206.59574468085106,9472,-2.110043466091156,0.00023754337,0.0,0.0003,1560,-0.0017468693666160106,62.11501693725586,0.3,0.3354797959327698,186.55918350219727
38,941,10,200.0,-208.125,9728,-2.20378954410553,0.002772888,0.0,0.0003,1570,-0.004526733397506177,444.0013427734375,0.3,0.06580400466918945,762.8356521606445
39,931,10,200.0,-206.12244897959184,9984,-2.3031705021858215,0.003768446,0.000390625,0.0003,1580,-0.004146860330365598,50.91764450073242,0.3,0.18707257509231567,199.42646751403808
40,932,10,200.0,-203.92156862745097,10240,-2.286841094493866,0.0008019686,0.0,0.0003,1590,-0.0024017996154725553,447.85113525390625,0.3,0.03281140327453613,764.8194458007813
1,1235,0,200.0,-160.0,256,-2.2588691234588625,0.010763182,0.031640625,0.0003,1600,-0.01124889780767262,524.9764404296875,0.3,0.14206349849700928,710.289665222168
2,1072,0,200.0,-230.0,512,-2.272668421268463,6.367732e-05,0.0,0.0003,1210,-0.0007251159753650427,406.9090576171875,0.3,-0.0852653980255127,957.5372802734375
3,952,0,200.0,-210.0,768,-2.2463728189468384,0.0008179359,0.0,0.0003,1220,-0.004272536723874509,284.4841613769531,0.3,0.0472334623336792,746.8311904907226
4,958,1,200.0,-88.0,1024,-2.27210510969162,0.0044509564,0.0,0.0003,1230,-0.006390993949025869,319.7301330566406,0.3,0.06460380554199219,743.3021286010742
5,969,1,200.0,-76.66666666666667,1280,-2.2329153299331663,0.0020960544,0.0,0.0003,1240,-0.0012337225256487728,815.674560546875,0.3,0.05129128694534302,1308.624331665039
6,974,1,200.0,-98.57142857142857,1536,-2.1662362217903137,0.0116360895,0.01015625,0.0003,1250,-0.014404203137382865,212.15298461914062,0.3,0.07208842039108276,675.9048736572265
7,970,1,200.0,-88.75,1792,-2.1128344416618345,0.0039553777,0.0,0.0003,1260,-0.007169187301769853,369.4504089355469,0.3,0.09820467233657837,643.4968322753906
8,972,2,200.0,-99.0,2048,-2.008488643169403,0.016176566,0.014453125,0.0003,1270,-0.01407947507686913,29.389484405517578,0.3,0.43585205078125,61.5860297203064
9,968,2,200.0,-121.81818181818181,2304,-1.9555912733078002,0.0028545628,0.0,0.0003,1280,-0.007378320395946503,502.267333984375,0.3,0.14677155017852783,699.6246658325196
10,962,2,200.0,-138.33333333333334,2560,-2.0467220306396485,0.0010091127,0.0,0.0003,1290,0.0036126911640167237,125.94203186035156,0.3,0.2892487645149231,211.00812377929688
11,963,2,200.0,-125.71428571428571,2816,-2.1070632457733156,0.0110367695,0.0125,0.0003,1300,-0.011808552592992783,410.4048767089844,0.3,0.0419011116027832,732.4332717895508
12,962,3,200.0,-134.0,3072,-2.0952638387680054,0.041830666,0.18203125,0.0003,1310,-0.03219243530184031,461.4023132324219,0.3,0.08339250087738037,773.3340408325196
13,806,4,200.0,-134.375,3328,-1.993602979183197,0.022809932,0.0421875,0.0003,1320,-0.02014793478883803,497.2535400390625,0.3,0.017545580863952637,953.5647613525391
14,819,4,200.0,-132.35294117647058,3584,-1.8266657054424287,0.021093123,0.067578125,0.0003,1330,-0.006968377251178026,478.60528564453125,0.3,0.09763091802597046,793.3529861450195
15,829,4,200.0,-155.78947368421052,3840,-1.7030004918575288,0.0099404,0.000390625,0.0003,1340,-0.0053934743627905846,588.6224365234375,0.3,0.08107203245162964,725.0210418701172
16,798,5,200.0,-162.5,4096,-1.5624450862407684,0.011400141,0.018359375,0.0003,1350,-0.005293127545155585,171.6498565673828,0.3,0.06372112035751343,282.24204711914064
17,809,5,200.0,-165.71428571428572,4352,-1.4187270820140838,0.00024190685,0.0,0.0003,1360,-0.0006428147200495005,24.33768081665039,0.3,0.07605904340744019,88.4518967628479
18,820,5,200.0,-180.8695652173913,4608,-1.48623006939888,0.012169076,0.06171875,0.0003,1370,-0.018695743812713772,22.058677673339844,0.3,-1.1331346035003662,49.94121656417847
19,830,5,200.0,-172.08333333333334,4864,-1.5700214147567748,0.008618325,0.0,0.0003,1380,-0.00022587307612411677,69.26367950439453,0.3,0.45640069246292114,151.36984901428224
20,837,6,200.0,-174.4,5120,-1.6926680207252502,0.002790257,0.0,0.0003,1390,-0.008396116807125509,286.4256286621094,0.3,0.100949227809906,630.3415008544922
21,846,6,200.0,-180.76923076923077,5376,-1.87550448179245,0.025800213,0.021484375,0.0003,1400,-0.011445610458031297,91.88359069824219,0.3,-0.070107102394104,151.4972412109375
22,854,6,200.0,-167.85714285714286,5632,-1.8028544545173646,0.0046528378,0.0,0.0003,1410,-0.00366680771112442,458.47821044921875,0.3,0.0029327869415283203,802.5684310913086
23,858,6,200.0,-155.51724137931035,5888,-1.8980232357978821,0.001455405,0.000390625,0.0003,1420,-0.0071337682660669085,391.68316650390625,0.3,0.1291053295135498,698.8851310729981
24,863,7,200.0,-158.66666666666666,6144,-1.7878525853157043,0.0012438498,0.0,0.0003,1430,-0.003932461235672235,504.25927734375,0.3,0.010210752487182617,1187.4065704345703
25,869,7,200.0,-149.6875,6400,-1.9427793145179748,0.014186711,0.0140625,0.0003,1440,-0.00842131469398737,34.81000900268555,0.3,0.40218907594680786,83.00721740722656
26,875,7,200.0,-146.36363636363637,6656,-1.7462113440036773,0.0008105696,0.0,0.0003,1450,-0.0030182576272636654,489.0111083984375,0.3,-0.025722742080688477,1330.8605407714845
27,879,7,200.0,-136.47058823529412,6912,-1.8092092216014861,0.0002744326,0.0,0.0003,1460,0.0015586007852107287,435.46044921875,0.3,0.02893310785293579,803.670703125
28,883,8,200.0,-138.57142857142858,7168,-1.8081075727939606,0.0020637591,0.0,0.0003,1470,-0.0023962650913745163,492.8121337890625,0.3,0.015682697296142578,1171.132553100586
29,886,8,200.0,-133.24324324324326,7424,-1.8669068217277527,0.002040474,0.0,0.0003,1480,-0.002279996871948242,115.50017547607422,0.3,0.0644652247428894,654.3575149536133
30,890,8,200.0,-131.31578947368422,7680,-1.8245488286018372,0.00306067,0.0,0.0003,1490,-0.001975855533964932,526.1043701171875,0.3,0.041328370571136475,911.3444091796875
31,894,8,200.0,-134.6153846153846,7936,-1.7605814814567566,0.0011071616,0.0,0.0003,1500,-0.005306955566629768,422.6585998535156,0.3,0.046255409717559814,676.1560928344727
32,898,9,200.0,-132.0,8192,-1.8163794100284576,0.0031844126,0.015625,0.0003,1510,-0.010145286424085498,245.83615112304688,0.3,-0.03477656841278076,760.0293746948242
33,902,9,200.0,-137.38095238095238,8448,-1.8057486951351165,0.0011969742,0.0,0.0003,1520,-0.002213644306175411,95.18022918701172,0.3,0.0793573260307312,235.87737731933595
34,905,9,200.0,-137.90697674418604,8704,-1.6853017628192901,0.00056278147,0.0,0.0003,1530,-0.002005626342725009,351.9974060058594,0.3,0.02952796220779419,786.8560592651368
35,908,9,200.0,-141.13636363636363,8960,-1.7949083387851714,0.018799193,0.07734375,0.0003,1540,-0.004392589535564184,374.6316833496094,0.3,0.025670349597930908,888.2871398925781
36,912,10,200.0,-138.69565217391303,9216,-1.7805191695690155,0.028746823,0.02890625,0.0003,1550,-0.02040170133113861,363.24847412109375,0.3,0.07418590784072876,684.9708061218262
37,915,10,200.0,-137.2340425531915,9472,-1.293864107131958,0.014500087,0.048046875,0.0003,1560,-0.012184311472810804,445.06170654296875,0.3,0.0604931116104126,822.1424987792968
38,919,10,200.0,-136.45833333333334,9728,-1.3008206188678741,9.001442e-05,0.0,0.0003,1570,0.0009668175247497856,301.9478759765625,0.3,-0.01983010768890381,751.3533630371094
39,922,10,200.0,-137.3469387755102,9984,-1.3765675187110902,0.00093328115,0.0,0.0003,1580,-0.0016603082185611129,517.4013671875,0.3,0.013949990272521973,1174.8919647216796
40,926,11,200.0,-136.47058823529412,10240,-1.3626727879047393,9.002234e-05,0.0,0.0003,1590,0.00022618984803557396,106.01521301269531,0.3,0.15528345108032227,267.83891983032225
1,1386,0,200.0,-350.0,256,-1.353571605682373,0.000429807,0.0,0.0003,1600,-0.001801552390679717,323.8330993652344,0.3,0.03461509943008423,750.5114898681641
2,1202,0,200.0,-205.0,512,-2.1924058198928833,0.003040541,0.0,0.0003,1610,-0.005011566169559956,68.31246948242188,0.3,0.2579442858695984,266.10949630737304
3,1166,0,200.0,-226.66666666666666,768,-2.2388952016830443,0.0003925853,0.0,0.0003,1620,-0.002018152957316488,288.83697509765625,0.3,0.1303076148033142,673.0078903198242
4,1132,0,200.0,-168.0,1024,-2.239566457271576,0.0064545986,0.004296875,0.0003,1630,-0.005761294520925731,102.10255432128906,0.3,0.32040882110595703,213.20733413696288
5,1122,1,200.0,-101.66666666666667,1280,-2.0751724004745484,0.00017295941,0.0,0.0003,1640,-0.0002671621972694993,671.0007934570312,0.3,0.04111689329147339,1313.1976196289063
6,1116,1,200.0,-94.28571428571429,1536,-2.1916234135627746,4.3123262e-05,0.0,0.0003,1650,-0.0007146659307181835,940.2836303710938,0.3,0.10373157262802124,1761.3579956054687
7,1086,1,200.0,-83.75,1792,-2.0616042256355285,0.0037622761,0.008203125,0.0003,1660,-0.007047830964438617,328.6385803222656,0.3,0.10328924655914307,646.3560653686524
8,1075,1,200.0,-89.0,2048,-2.2206249833106995,0.00036118622,0.0,0.0003,1670,-0.00044522146927192805,304.6395263671875,0.3,0.11749774217605591,599.5601837158204
9,1061,2,200.0,-90.0,2304,-2.130925416946411,0.00039630616,0.0,0.0003,1680,-0.0015575018944218755,134.4261016845703,0.3,0.1438368558883667,235.01790657043458
10,1047,2,200.0,-81.66666666666667,2560,-2.113517236709595,0.0025007676,0.002734375,0.0003,1690,-0.007194440509192645,240.27320861816406,0.3,0.00380784273147583,678.7075622558593
11,1041,2,200.0,-119.28571428571429,2816,-2.2319169998168946,0.0031662467,0.00234375,0.0003,1700,-0.008776816655881703,378.96673583984375,0.3,-0.04712569713592529,764.6398315429688
12,1034,2,200.0,-112.0,3072,-2.232501173019409,0.0009608369,0.0,0.0003,1710,-0.0012703838758170605,197.14114379882812,0.3,-0.051911234855651855,415.96850738525393
13,1027,3,200.0,-96.25,3328,-2.1697084426879885,0.011164995,0.01640625,0.0003,1720,-0.015464112255722284,126.31138610839844,0.3,0.018632709980010986,711.3579711914062
14,1020,3,200.0,-84.11764705882354,3584,-2.2246564626693726,0.0051106466,0.0,0.0003,1730,-0.007318808161653578,912.042724609375,0.3,-0.017443060874938965,1869.3445068359374
15,1013,3,200.0,-92.10526315789474,3840,-2.2551459074020386,0.004689169,0.036328125,0.0003,1740,-0.01887967218644917,389.06683349609375,0.3,0.0810651183128357,711.8608787536621
16,1004,4,200.0,-77.0,4096,-2.202445411682129,0.012437887,0.017578125,0.0003,1750,-0.002060775877907872,534.979248046875,0.3,-0.058691978454589844,1407.5284790039063
17,1001,4,200.0,-79.04761904761905,4352,-2.1684242844581605,0.003775866,0.0046875,0.0003,1760,-0.00986348963342607,555.949462890625,0.3,0.08784443140029907,1081.4353302001953
18,997,4,200.0,-70.0,4608,-2.2519935607910155,0.004052609,0.005078125,0.0003,1770,-0.003419643361121416,363.984375,0.3,0.055344343185424805,1214.9716674804688
19,997,4,200.0,-73.33333333333333,4864,-2.2072783589363096,0.005554829,0.00234375,0.0003,1780,-0.010577207920141518,605.3193969726562,0.3,0.09165889024734497,1234.5630615234375
20,997,5,200.0,-77.2,5120,-2.2417839050292967,0.0028324057,0.0,0.0003,1790,-0.003662296198308468,308.4095458984375,0.3,0.0302467942237854,860.3949676513672
21,995,5,200.0,-74.61538461538461,5376,-2.2491077184677124,0.0023739366,0.0,0.0003,1800,-0.0022449915762990714,518.9847412109375,0.3,-0.07580280303955078,823.4035888671875
22,993,5,200.0,-65.35714285714286,5632,-2.1831568837165833,0.00035785348,0.0,0.0003,1810,-0.0006778329610824585,592.402099609375,0.3,0.05768013000488281,1595.1458374023437
23,994,5,200.0,-68.62068965517241,5888,-2.295500612258911,0.022641724,0.06875,0.0003,1820,-0.014175498206168414,487.59942626953125,0.3,0.059134602546691895,788.1943756103516
24,995,6,200.0,-67.33333333333333,6144,-2.2827902317047117,0.0028981257,0.0,0.0003,1830,-0.00024770814925432203,513.7687377929688,0.3,-0.04317319393157959,1036.7171142578125
25,996,6,200.0,-59.0625,6400,-2.2767525196075438,0.0064120106,0.008203125,0.0003,1840,-0.012411870574578644,388.9203796386719,0.3,0.08617883920669556,631.579493713379
26,997,6,200.0,-62.72727272727273,6656,-2.335940146446228,0.0041023362,0.0,0.0003,1850,-0.0062083455733954905,880.5843505859375,0.3,0.10081887245178223,1629.237567138672
27,996,6,200.0,-48.23529411764706,6912,-2.285408842563629,0.005087722,0.00078125,0.0003,1860,-0.0044723051134496926,821.9495849609375,0.3,0.06757211685180664,1365.9865142822266
28,997,7,200.0,-42.57142857142857,7168,-2.2546504378318786,0.00034366758,0.0,0.0003,1870,-0.002207065001130104,848.6070556640625,0.3,0.0768665075302124,1612.2591186523437
29,998,7,200.0,-42.7027027027027,7424,-2.2087972283363344,0.00022799196,0.0,0.0003,1880,-0.0010919801658019423,479.4918212890625,0.3,0.07086628675460815,1263.6671356201173
30,1000,7,200.0,-49.473684210526315,7680,-2.2053526639938354,0.003432603,0.0,0.0003,1890,-0.008454165142029523,684.0700073242188,0.3,0.05192011594772339,1400.3818420410157
31,1002,7,200.0,-59.48717948717949,7936,-2.226022255420685,0.0030815327,0.0,0.0003,1900,-0.00342438705265522,406.93402099609375,0.3,0.0013058185577392578,1059.60107421875
32,1003,8,200.0,-59.5,8192,-2.145707058906555,0.0009944604,0.0,0.0003,1910,-0.003663429897278547,403.01824951171875,0.3,0.14733105897903442,737.3476669311524
33,1004,8,200.0,-56.666666666666664,8448,-2.1619668126106264,0.0055709127,0.007421875,0.0003,1920,-0.006987397419288754,237.41302490234375,0.3,0.01369166374206543,720.6412979125977
34,1004,8,200.0,-53.25581395348837,8704,-2.1559516906738283,0.0048401905,0.00546875,0.0003,1930,-0.006632303493097425,603.0986938476562,0.3,0.12596148252487183,1220.0615020751952
35,1005,8,200.0,-55.0,8960,-2.2900917172431945,0.007173402,0.003125,0.0003,1940,-0.006294539361260831,681.450439453125,0.3,0.09655934572219849,1177.8911102294921
36,1006,9,200.0,-62.391304347826086,9216,-2.2499923586845396,0.013567124,0.022265625,0.0003,1950,-0.013224915787577628,894.1466064453125,0.3,0.011106431484222412,1428.3650360107422
37,1007,9,200.0,-70.63829787234043,9472,-2.2124722003936768,0.01404905,0.015234375,0.0003,1960,-0.010660946764983237,747.8862915039062,0.3,0.012871921062469482,1433.2248291015626
38,1008,9,200.0,-68.125,9728,-2.1218868851661683,0.004717689,0.00234375,0.0003,1970,-0.005464948806911707,220.5018310546875,0.3,-0.12614500522613525,556.0034103393555
39,1009,9,200.0,-71.0204081632653,9984,-2.254252779483795,0.006666353,0.00234375,0.0003,1980,-0.0065570453647524115,844.2606811523438,0.3,0.03477996587753296,1848.5470642089845
40,1009,10,200.0,-65.88235294117646,10240,-2.152767550945282,0.00039460184,0.0,0.0003,1990,-0.001876644662115723,410.57135009765625,0.3,0.07751423120498657,646.3700973510743
1,1297,0,200.0,190.0,256,-2.1136215686798097,0.0025646419,0.00078125,0.0003,2000,-0.003955310815945268,424.0811767578125,0.3,0.07309430837631226,1311.1088012695313
2,1133,0,200.0,-55.0,512,-1.3372001945972443,0.00045126583,0.0,0.0003,1610,-0.0011789855896495282,559.901611328125,0.3,0.022107720375061035,1236.261685180664
3,1091,0,200.0,-23.333333333333332,768,-1.3959357023239136,0.005181795,0.00625,0.0003,1620,-0.008120694407261908,705.7841186523438,0.3,0.020559847354888916,1433.2917785644531
4,1074,0,200.0,104.0,1024,-1.453723406791687,0.0008589518,0.0,0.0003,1630,-0.0006727290339767933,1256.713623046875,0.3,0.010911643505096436,2392.559490966797
5,1058,1,200.0,43.333333333333336,1280,-1.4511394143104552,0.00053117285,0.0,0.0003,1640,-0.0009460574248805643,525.3136596679688,0.3,0.07339680194854736,1170.8460540771484
6,1038,1,200.0,11.428571428571429,1536,-1.468188899755478,0.00060084066,0.0,0.0003,1650,-0.0022416690131649374,68.1354751586914,0.3,0.3321126103401184,139.29059906005858
7,1022,1,200.0,30.0,1792,-1.5387329280376434,0.0019031593,0.00078125,0.0003,1660,-0.0036621612496674063,791.6687622070312,0.3,0.017967522144317627,1719.1559844970702
8,1014,2,200.0,52.0,2048,-1.4990244865417481,0.0038815665,0.0046875,0.0003,1670,-0.007706828881055117,264.97589111328125,0.3,0.07294023036956787,724.9859100341797
9,1015,2,200.0,26.363636363636363,2304,-1.5185377240180968,0.0017369029,0.0,0.0003,1680,-0.0011024373350664973,1341.9722900390625,0.3,-0.005820751190185547,1859.4066589355468
10,1017,2,200.0,-5.0,2560,-1.6424503922462463,0.0003618528,0.0,0.0003,1690,-0.001112142694182694,389.0199279785156,0.3,0.06120246648788452,925.0489395141601
11,1017,2,200.0,33.57142857142857,2816,-1.6044539153575896,0.0032078694,0.0,0.0003,1700,-0.006416387762874365,1228.4010009765625,0.3,0.006740450859069824,2699.4924743652346
12,1018,3,200.0,24.0,3072,-1.584193080663681,0.0013544385,0.0,0.0003,1710,-0.0019681182340718804,802.0302734375,0.3,0.032775819301605225,1250.984765625
13,1020,3,200.0,24.375,3328,-1.6640376269817352,0.0007520565,0.0,0.0003,1720,-0.003396519459784031,420.4567565917969,0.3,0.02463674545288086,1246.3747863769531
14,1021,3,200.0,22.352941176470587,3584,-1.7780802190303802,0.0012493667,0.0,0.0003,1730,-0.0038865415728650985,275.3795471191406,0.3,0.04826480150222778,993.7501159667969
15,1016,3,200.0,13.157894736842104,3840,-1.674854689836502,0.0016032141,0.0,0.0003,1740,-0.0013672895962372421,1061.5369873046875,0.3,-0.017441630363464355,2034.7789367675782
16,1012,4,200.0,8.5,4096,-1.6668303906917572,0.0034337856,0.0,0.0003,1750,-0.004322064016014338,1307.1116943359375,0.3,0.021017789840698242,2126.460760498047
17,1011,4,200.0,2.857142857142857,4352,-1.6227814614772798,0.0019232885,0.001953125,0.0003,1760,-0.006641252804547549,373.42877197265625,0.3,0.01912534236907959,731.8848541259765
18,1008,4,200.0,10.869565217391305,4608,-1.729589080810547,0.01837468,0.0390625,0.0003,1770,-0.01410657106898725,565.676513671875,0.3,-0.004947304725646973,857.4545532226563
19,1005,4,200.0,-2.5,4864,-1.750400584936142,0.0009203318,0.0,0.0003,1780,-0.0002898725913837552,930.5430297851562,0.3,0.0016592144966125488,1997.9755004882813
20,1003,5,200.0,10.8,5120,-1.6365833163261414,0.00057042064,0.0,0.0003,1790,-0.002481387183070183,591.1055908203125,0.3,0.01711094379425049,1045.6412689208985
21,1003,5,200.0,23.846153846153847,5376,-1.765820062160492,0.0011590868,0.0,0.0003,1800,-0.006475330889225006,1439.3897705078125,0.3,0.01162642240524292,2475.1979797363283
22,1001,5,200.0,30.714285714285715,5632,-1.669517880678177,0.00097157666,0.0,0.0003,1810,-0.002335314406082034,1327.2269287109375,0.3,0.00970524549484253,2564.7000427246094
23,1001,5,200.0,24.482758620689655,5888,-1.6518005728721619,0.0023458505,0.001171875,0.0003,1820,-0.007665127795189619,708.5411376953125,0.3,0.029047787189483643,1378.0081146240234
24,1000,6,200.0,7.0,6144,-1.781562614440918,0.016104117,0.032421875,0.0003,1830,-0.016572012775577606,276.7764892578125,0.3,0.03934800624847412,717.0495895385742
25,999,6,200.0,2.5,6400,-1.8284565210342407,0.0027106993,0.0,0.0003,1840,-0.003607412287965417,629.0227661132812,0.3,0.03830331563949585,1023.6560455322266
26,987,6,200.0,-8.181818181818182,6656,-1.765313297510147,0.0023924527,0.0,0.0003,1850,-0.006567997694946826,622.3392944335938,0.3,0.024608254432678223,1360.4095825195313
27,987,7,200.0,-12.058823529411764,6912,-1.733735191822052,0.002869675,0.001953125,0.0003,1860,-0.0041796739562414585,123.84552764892578,0.3,0.11212247610092163,313.3940940856934
28,986,7,200.0,-8.571428571428571,7168,-1.9221951901912688,0.018062146,0.029296875,0.0003,1870,-0.01760618353728205,774.836669921875,0.3,0.02956247329711914,1156.5927612304688
29,985,7,200.0,-3.7837837837837838,7424,-1.9253710448741912,0.007537839,0.007421875,0.0003,1880,-0.004433443187735975,549.9005737304688,0.3,0.006643831729888916,1166.9928344726563
30,984,7,200.0,6.842105263157895,7680,-1.7915223956108093,0.0056543127,0.0,0.0003,1890,-0.010443919524550437,649.4888916015625,0.3,0.04198455810546875,1263.8977264404298
31,983,8,200.0,8.974358974358974,7936,-1.9036456644535065,0.0015839026,0.0,0.0003,1900,-0.0035731496987864374,1173.6036376953125,0.3,-0.009192466735839844,2199.1133422851562
32,982,8,200.0,-2.75,8192,-1.8295431792736054,0.040044874,0.105078125,0.0003,1910,-0.02688992312178016,313.11004638671875,0.3,-0.010594606399536133,828.742041015625
33,982,8,200.0,-1.4285714285714286,8448,-1.9239894688129424,0.03211949,0.14140625,0.0003,1920,-0.020689957914873956,1082.203125,0.3,5.65648078918457e-05,1472.7411376953125
34,982,8,200.0,-2.558139534883721,8704,-1.71588676571846,0.001156993,0.0,0.0003,1930,0.002619825163856149,808.9337768554688,0.3,5.364418029785156e-07,1521.5738861083985
35,984,9,200.0,6.590909090909091,8960,-1.7511671960353852,0.04889293,0.198046875,0.0003,1940,-0.015333777200430632,532.0584716796875,0.3,-1.1920928955078125e-06,754.1415588378907
36,970,9,200.0,-6.521739130434782,9216,-2.0222798466682432,0.013734195,0.014453125,0.0003,1950,-0.01481223376467824,978.2635498046875,0.3,-1.9073486328125e-06,1340.4465087890626
37,973,9,200.0,-10.212765957446809,9472,-1.9088708102703094,0.0044757556,0.0046875,0.0003,1960,-0.0022922276984900236,412.89801025390625,0.3,3.0994415283203125e-05,998.1938323974609
38,974,9,200.0,-7.291666666666667,9728,-1.9937085270881654,0.014946593,0.02578125,0.0003,1970,-0.01718941475264728,669.6982421875,0.3,6.496906280517578e-06,1378.5120208740234
39,977,10,200.0,-12.653061224489797,9984,-1.9571621119976044,0.023306245,0.021875,0.0003,1980,-0.01137624797411263,512.1845703125,0.3,1.1026859283447266e-05,1002.3644790649414
40,979,10,200.0,-26.274509803921568,10240,-1.96307230591774,0.006359986,0.0015625,0.0003,1990,-0.0033845797646790744,361.0923156738281,0.3,6.0439109802246094e-05,773.7773803710937
1,1338,0,200.0,-360.0,256,-1.930877286195755,0.001962342,0.0,0.0003,2000,-0.005388284870423377,223.01023864746094,0.3,0.00017333030700683594,806.8952499389649
2,1174,0,200.0,-5.0,512,-2.1582604885101317,0.000726053,0.0,0.0003,2010,-0.00030229267431423066,152.36355590820312,0.3,0.14574646949768066,293.1131980895996
3,1137,0,200.0,-93.33333333333333,768,-2.1041520118713377,0.0005503637,0.0,0.0003,2020,-0.00138333176728338,1047.884765625,0.3,0.06730318069458008,1773.8086242675781
4,1118,0,200.0,36.0,1024,-2.1721060037612916,0.009486955,0.016015625,0.0003,2030,-0.012362180906347931,144.0979766845703,0.3,0.2397829294204712,223.52154083251952
5,1101,1,200.0,8.333333333333334,1280,-2.2290122389793394,0.001399837,0.0,0.0003,2040,0.0012455003336071969,1527.4822998046875,0.3,0.0715022087097168,2925.009729003906
6,1095,1,200.0,-1.4285714285714286,1536,-2.185488760471344,0.0020157385,0.00078125,0.0003,2050,-0.007777453528251499,449.4150695800781,0.3,0.0602564811706543,784.524789428711
7,960,1,200.0,-33.75,1792,-2.2501004457473757,0.0022351742,0.0,0.0003,2060,-0.004748859256505966,664.8074340820312,0.3,0.10076814889907837,1101.830307006836
8,960,2,200.0,-41.0,2048,-2.2577114701271057,0.003974865,0.0,0.0003,2070,-0.003716972772963345,493.7318115234375,0.3,-0.15336322784423828,1265.7150909423829
9,968,2,200.0,-19.09090909090909,2304,-2.177741825580597,0.0009943484,0.0,0.0003,2080,-0.0026119708782061934,748.4367065429688,0.3,-0.10390162467956543,1487.7682556152345
10,973,2,200.0,-12.5,2560,-2.207799756526947,0.0022839599,0.00078125,0.0003,2090,-0.0037213164614513516,826.5452270507812,0.3,0.011616289615631104,1828.8555053710938
11,976,2,200.0,-9.285714285714286,2816,-2.227867674827576,0.015369842,0.026953125,0.0003,2100,-0.009065278037451208,716.7979125976562,0.3,0.01434791088104248,1897.4713256835937
12,979,3,200.0,-14.0,3072,-2.1864283800125124,0.0035344553,0.00390625,0.0003,2110,-0.008272918476723134,419.3729248046875,0.3,-0.03188610076904297,743.8496475219727
13,978,3,200.0,-28.125,3328,-2.170103406906128,0.0033782863,0.000390625,0.0003,2120,-0.007894348027184606,367.7564697265625,0.3,0.0012536048889160156,849.6626281738281
14,982,3,200.0,-17.647058823529413,3584,-2.249618411064148,0.001457463,0.0,0.0003,2130,-0.0014150342904031277,756.7084350585938,0.3,0.1052851676940918,1264.7670288085938
15,986,3,200.0,-37.89473684210526,3840,-2.1786617636680603,0.008006928,0.0359375,0.0003,2140,-0.012360388692468405,588.1423950195312,0.3,0.01110309362411499,1333.554214477539
16,990,4,200.0,-36.5,4096,-2.0592926144599915,0.014183631,0.016015625,0.0003,2150,-0.011652081506326795,139.91119384765625,0.3,0.09025800228118896,239.74447174072264
17,993,4,200.0,-41.42857142857143,4352,-2.0852280855178833,0.010707809,0.0046875,0.0003,2160,-0.011042332276701927,485.82537841796875,0.3,0.09539937973022461,727.9739837646484
18,992,4,200.0,-46.95652173913044,4608,-2.0962380528450013,0.004995712,0.0078125,0.0003,2170,-0.00701357233338058,843.0318603515625,0.3,0.053233981132507324,1898.843975830078
19,992,4,200.0,-60.416666666666664,4864,-2.2088672399520872,0.037171453,0.07265625,0.0003,2180,-0.011476853711064905,124.63545989990234,0.3,0.07546687126159668,288.72978897094725
20,995,5,200.0,-54.0,5120,-2.174166178703308,0.0022648508,0.0,0.0003,2190,-0.005225162114948034,239.88018798828125,0.3,0.08024859428405762,422.6990112304687
21,991,5,200.0,-46.92307692307692,5376,-2.1191226482391357,0.0016444738,0.000390625,0.0003,2200,-0.005365775944665074,950.6226806640625,0.3,0.08010375499725342,1806.8042297363281
22,986,5,200.0,-33.92857142857143,5632,-2.137354648113251,0.004946417,0.008203125,0.0003,2210,-0.006682064803317189,673.715087890625,0.3,-0.037087321281433105,1482.0477416992187
23,983,5,200.0,-31.379310344827587,5888,-2.169468176364899,0.0039441357,0.00546875,0.0003,2220,-0.006023949570953846,1183.2001953125,0.3,0.02201181650161743,1961.620703125
24,983,6,200.0,-34.333333333333336,6144,-2.1904159069061278,0.003541639,0.07890625,0.0003,2230,-0.01909506837837398,424.09173583984375,0.3,0.012316763401031494,1121.420846557617
25,982,6,200.0,-18.125,6400,-2.119171380996704,0.002009202,0.000390625,0.0003,2240,-0.004419002635404468,667.3955078125,0.3,0.032053232192993164,1639.0948364257813
26,982,6,200.0,-16.363636363636363,6656,-2.131876492500305,0.002614214,0.001171875,0.0003,2250,-0.006062887841835618,912.3472900390625,0.3,0.052986741065979004,1801.4374938964843
27,982,7,200.0,-4.705882352941177,6912,-2.1300718545913697,0.0014878868,0.0078125,0.0003,2260,-0.005094910180196166,922.188232421875,0.3,0.07475453615188599,1485.934991455078
28,981,7,200.0,0.8571428571428571,7168,-2.210455536842346,0.0042736046,0.002734375,0.0003,2270,-0.004716872749850154,1038.4617919921875,0.3,0.10104668140411377,2165.5113159179687
29,979,7,200.0,12.162162162162161,7424,-2.185085380077362,0.004811339,0.012109375,0.0003,2280,-0.004349297168664635,288.3965148925781,0.3,0.05498802661895752,1103.7100189208984
30,979,7,200.0,14.736842105263158,7680,-2.1003554105758666,0.009793109,0.034765625,0.0003,2290,-0.013810198567807675,731.4920043945312,0.3,0.11825942993164062,1845.5490661621093
31,979,8,200.0,11.538461538461538,7936,-2.2269615530967712,0.001944752,0.00078125,0.0003,2300,-0.006382741429843008,694.8101806640625,0.3,0.056085944175720215,1436.5562133789062
32,963,8,200.0,4.25,8192,-2.1838183760643006,0.010790141,0.0125,0.0003,2310,-0.009587932145223022,728.637451171875,0.3,0.031132280826568604,1279.151156616211
33,964,8,200.0,5.0,8448,-2.1698105096817017,0.0013977692,0.0,0.0003,2320,-0.002888388268183917,616.4828491210938,0.3,0.16817492246627808,1140.5828979492187
34,960,9,200.0,8.604651162790697,8704,-2.2357846975326536,0.0006682426,0.0,0.0003,2330,-0.0015700107091106475,419.15936279296875,0.3,0.035618603229522705,894.7871948242188
35,961,9,200.0,9.545454545454545,8960,-2.1997092723846436,0.0014219848,0.00078125,0.0003,2340,-0.0053305071080103515,896.4420776367188,0.3,0.08169645071029663,1859.2026000976562
36,962,9,200.0,10.217391304347826,9216,-2.1787366390228273,0.0060112122,0.067578125,0.0003,2350,-0.012464126432314515,552.195068359375,0.3,0.014831900596618652,1590.321112060547
37,961,9,200.0,8.297872340425531,9472,-2.248127889633179,0.0051132385,0.048046875,0.0003,2360,-0.00343259375076741,498.63897705078125,0.3,0.06844764947891235,1184.4987365722657
38,961,10,200.0,5.416666666666667,9728,-2.1662988543510435,0.0041776914,0.01171875,0.0003,2370,-0.013759564468637108,454.48492431640625,0.3,0.017049849033355713,691.7668350219726
39,960,10,200.0,1.2244897959183674,9984,-2.2645959496498107,0.007211983,0.013671875,0.0003,2380,-0.006643280456773937,665.1693115234375,0.3,0.09068495035171509,1246.1684967041015
40,961,10,200.0,3.3333333333333335,10240,-2.180165147781372,0.009685365,0.032421875,0.0003,2390,-0.027008822234347463,320.0115966796875,0.3,0.11312556266784668,685.7313674926758
1,1262,0,200.0,180.0,256,-2.1096761584281922,0.0012329782,0.0,0.0003,2400,0.004281604127027094,503.599365234375,0.3,0.07870543003082275,1083.9731170654297
2,1134,0,200.0,160.0,512,-2.03320951461792,0.00061190897,0.0,0.0003,2010,-0.002671405510045588,701.0302734375,0.3,0.004758954048156738,1439.1215881347657
3,1091,0,200.0,73.33333333333333,768,-2.0624221205711364,0.000660961,0.0,0.0003,2020,-0.003077953471802175,816.4274291992188,0.3,0.012859165668487549,1715.5238830566407
4,1078,0,200.0,156.0,1024,-1.8995985090732574,0.001363134,0.0,0.0003,2030,-0.006032847007736564,746.4696044921875,0.3,0.017104148864746094,1195.8906707763672
5,1068,1,200.0,185.0,1280,-2.0418460249900816,0.0009781828,0.00078125,0.0003,2040,-0.005524547782260925,1428.1971435546875,0.3,0.00025159120559692383,2156.79921875
6,1064,1,200.0,178.57142857142858,1536,-2.0763361930847166,0.00027533062,0.0,0.0003,2050,-0.00025341440923511984,1139.9588623046875,0.3,0.0076220035552978516,2647.3625061035154
7,1068,1,200.0,142.5,1792,-2.124239206314087,0.0053160973,0.00234375,0.0003,2060,-0.007795080600772053,346.450927734375,0.3,0.024637579917907715,803.916600036621
8,1062,1,200.0,168.0,2048,-2.0764336943626405,0.0009245558,0.0,0.0003,2070,-0.0005280551966279745,1266.556640625,0.3,0.0029296875,2422.8318298339846
9,1057,2,200.0,145.45454545454547,2304,-2.108365225791931,0.0021086277,0.0,0.0003,2080,-0.005785893043503165,885.2862548828125,0.3,0.009055495262145996,1472.8859924316407
10,1055,2,200.0,146.66666666666666,2560,-2.1207244277000425,0.0005421061,0.0,0.0003,2090,-0.00159191214479506,422.8334655761719,0.3,0.011932969093322754,733.5528900146485
11,1052,2,200.0,120.0,2816,-2.1508140921592713,0.0017538983,0.0,0.0003,2100,-0.0045148720499128105,1094.4305419921875,0.3,0.005739331245422363,1900.1698425292968
12,1052,2,200.0,102.66666666666667,3072,-2.202525818347931,0.020705413,0.041796875,0.0003,2110,-0.01842511605937034,704.241943359375,0.3,0.02456343173980713,1528.2195983886718
13,1053,3,200.0,92.5,3328,-2.0518266677856447,0.008307876,0.016796875,0.0003,2120,-0.011633149441331625,352.1434631347656,0.3,0.02129840850830078,790.7701812744141
14,1051,3,200.0,77.05882352941177,3584,-2.157822382450104,0.0016020935,0.0,0.0003,2130,-0.004440306755714119,551.4833984375,0.3,0.03052467107772827,1128.762728881836
15,1051,3,200.0,56.31578947368421,3840,-2.136212170124054,0.004390556,0.00390625,0.0003,2140,-0.013399693183600903,1059.072998046875,0.3,-0.0050776004791259766,1656.0812438964845
16,1051,3,200.0,85.5,4096,-2.2218108892440798,0.0067712576,0.009765625,0.0003,2150,-0.011920532991643995,642.228515625,0.3,0.03283041715621948,1594.3517639160157
17,1050,4,200.0,102.38095238095238,4352,-2.042141819000244,0.0006760694,0.0,0.0003,2160,0.00019685695879161357,1150.441650390625,0.3,0.0024779438972473145,2339.3500915527343
18,1045,4,200.0,116.95652173913044,4608,-2.1927329540252685,0.008288154,0.009765625,0.0003,2170,-0.012629989674314857,540.726806640625,0.3,0.01703929901123047,1179.0388626098634
19,1045,4,200.0,140.41666666666666,4864,-2.0732178926467895,0.00093398336,0.0,0.0003,2180,-0.0021663094870746137,1183.6995849609375,0.3,-0.001524209976196289,2722.4675231933593
20,1045,4,200.0,131.6,5120,-2.1949933886528017,0.00017804699,0.0,0.0003,2190,-0.0012650025077164174,1075.586669921875,0.3,-0.006462574005126953,2512.2368713378905
21,1047,5,200.0,116.15384615384616,5376,-2.1534181475639342,0.0021790634,0.006640625,0.0003,2200,-0.006019308720715344,289.9029846191406,0.3,0.02771437168121338,638.6771682739258
22,1046,5,200.0,111.07142857142857,5632,-2.1834131360054014,0.0034030497,0.001171875,0.0003,2210,-0.008477337704971433,428.13629150390625,0.3,0.016836166381835938,718.2573333740235
23,1046,5,200.0,112.06896551724138,5888,-2.2261897206306456,0.0111446325,0.008203125,0.0003,2220,-0.007851844048127532,977.817626953125,0.3,0.014548718929290771,1354.5266540527343
24,1044,5,200.0,113.33333333333333,6144,-2.218675601482391,0.00032806327,0.0,0.0003,2230,-0.0003212762763723731,863.0390014648438,0.3,0.0022505521774291992,1716.925732421875
25,1042,6,200.0,109.375,6400,-2.2308540463447573,0.0021057164,0.0,0.0003,2240,-0.006962207145988941,502.4500732421875,0.3,0.034874916076660156,799.3487487792969
26,1041,6,200.0,119.6969696969697,6656,-2.2442479610443113,0.0012987216,0.0,0.0003,2250,-0.0026125702541321518,1013.6303100585938,0.3,0.01025313138961792,1722.9042114257813
27,1042,6,200.0,119.41176470588235,6912,-2.250365936756134,0.00048155105,0.0,0.0003,2260,-0.0015170038444921375,771.8921508789062,0.3,0.010595858097076416,1875.2051391601562
28,1043,6,200.0,112.28571428571429,7168,-2.286340618133545,0.015369176,0.01484375,0.0003,2270,-0.014311349461786449,958.0491943359375,0.3,0.007434487342834473,1827.3194396972656
29,1044,7,200.0,110.27027027027027,7424,-2.3294339179992676,0.0045442423,0.0,0.0003,2280,-0.0032239199499599636,495.8033447265625,0.3,0.020327091217041016,806.5318542480469
30,1044,7,200.0,119.47368421052632,7680,-2.2794525384902955,0.0058589075,0.00234375,0.0003,2290,-0.007938767923042179,767.7508544921875,0.3,0.021143615245819092,1456.4209228515624
31,1044,7,200.0,110.76923076923077,7936,-2.150628113746643,0.0015856109,0.0,0.0003,2300,-0.00363303788471967,810.2467651367188,0.3,0.006548702716827393,1905.2935729980468
32,1045,7,200.0,95.75,8192,-2.2246488690376283,0.00039963517,0.0,0.0003,2310,-0.0023111744783818724,400.419921875,0.3,0.018918216228485107,907.937939453125
33,1044,8,200.0,89.52380952380952,8448,-2.297656512260437,0.0034192775,0.0,0.0003,2320,-0.004714824701659381,579.9041748046875,0.3,0.008965790271759033,1047.2652709960937
34,1045,8,200.0,89.30232558139535,8704,-2.2623446702957155,0.022916239,0.042578125,0.0003,2330,-0.012074588891118765,697.8739013671875,0.3,0.024358749389648438,1354.3701721191405
35,1044,8,200.0,85.45454545454545,8960,-2.308993101119995,0.01396023,0.027734375,0.0003,2340,-0.012451364519074559,599.7960205078125,0.3,-0.0011729001998901367,1701.0649963378905
36,1045,8,200.0,73.47826086956522,9216,-2.1975266337394714,0.005814571,0.001171875,0.0003,2350,-0.009089733241125941,345.0360412597656,0.3,0.025036334991455078,851.0065307617188
37,1046,9,200.0,62.340425531914896,9472,-2.315083014965057,0.016061606,0.089453125,0.0003,2360,-0.019999592984095215,500.53863525390625,0.3,0.013276517391204834,900.739404296875
38,1042,9,200.0,52.916666666666664,9728,-2.279881989955902,0.013729031,0.02109375,0.0003,2370,-0.006520026782527566,227.7786102294922,0.3,0.12514269351959229,410.3510147094727
39,1042,9,200.0,52.04081632653061,9984,-2.300970721244812,0.00044892658,0.0,0.0003,2380,-0.001945167884696275,152.3731231689453,0.3,0.12544208765029907,303.5505889892578
40,1038,9,200.0,52.15686274509804,10240,-2.313981997966766,0.009679735,0.015625,0.0003,2390,-0.018212632765062152,679.414306640625,0.3,0.01653444766998291,1223.6009460449218
1,1216,0,200.0,190.0,256,-2.2177305579185487,0.03271211,0.058984375,0.0003,2400,-0.02198894014582038,808.1209106445312,0.3,0.022808611392974854,1335.2113342285156
2,1069,0,200.0,255.0,512,-2.086860144138336,0.0004946429,0.0,0.0003,2410,-0.0013695041881874204,701.5639038085938,0.3,0.16344046592712402,1508.8179779052734
3,1043,0,200.0,200.0,768,-2.1109861016273497,0.003704598,0.003125,0.0003,2420,-0.006810695026069879,489.52166748046875,0.3,-0.03038930892944336,1257.6260192871093
4,1020,1,200.0,80.0,1024,-1.9256525576114654,0.0014625771,0.0,0.0003,2430,-0.0026804602704942225,948.842529296875,0.3,0.15322548151016235,1499.961978149414
5,1007,1,200.0,60.0,1280,-2.117220962047577,0.0005739513,0.0,0.0003,2440,-0.0026337845250964166,478.3137512207031,0.3,-0.0006780624389648438,974.925570678711
6,997,1,200.0,70.0,1536,-2.14727897644043,0.0014265878,0.000390625,0.0003,2450,-0.005193214165046811,586.413818359375,0.3,0.17173254489898682,1330.616018676758
7,989,1,200.0,81.25,1792,-2.1222311735153196,0.011865855,0.023046875,0.0003,2460,-0.01733339773491025,775.7506103515625,0.3,0.18378573656082153,1443.4940643310547
8,978,2,200.0,78.0,2048,-2.204989659786224,0.00541785,0.011328125,0.0003,2470,-0.005346129089593888,609.6315307617188,0.3,0.2120773196220398,1268.3157287597655
9,978,2,200.0,54.54545454545455,2304,-2.1804130911827087,0.0059132418,0.003515625,0.0003,2480,-0.004119332856498658,313.1023864746094,0.3,-0.013093709945678711,778.5619216918946
10,974,2,200.0,17.5,2560,-2.1612365365028383,0.0042384025,0.000390625,0.0003,2490,-0.0014880343340337276,441.25360107421875,0.3,-0.08060503005981445,976.2695831298828
11,973,2,200.0,-17.142857142857142,2816,-1.799845278263092,0.004682595,0.003515625,0.0003,2500,-0.014090100768953562,553.0527954101562,0.3,-0.10633993148803711,1458.7691467285156
12,973,3,200.0,-6.666666666666667,3072,-1.7534684419631958,0.0025617492,0.0,0.0003,2510,-0.000739522255025804,388.0326843261719,0.3,0.14451533555984497,920.796597290039
13,971,3,200.0,6.25,3328,-2.2024209022521974,0.00020510424,0.0,0.0003,2520,-0.0011221014894545079,613.771484375,0.3,0.10858583450317383,1136.638653564453
14,973,3,200.0,3.5294117647058822,3584,-2.1747520685195925,0.0011517894,0.0,0.0003,2530,-0.0029751983005553485,850.3646850585938,0.3,0.1496514081954956,1669.4412414550782
15,976,3,200.0,-7.894736842105263,3840,-2.0437602579593657,0.018239265,0.04921875,0.0003,2540,-0.017639617342501877,770.6482543945312,0.3,0.044557392597198486,1413.3441040039063
16,981,4,200.0,-26.5,4096,-2.1547728419303893,0.004925388,0.00234375,0.0003,2550,-0.00906167239882052,68.68186950683594,0.3,0.2079998254776001,229.32296447753907
17,981,4,200.0,-16.19047619047619,4352,-2.1634331822395323,0.006390759,0.004296875,0.0003,2560,-0.002755717188119888,284.4566345214844,0.3,-0.0878908634185791,900.512890625
18,983,4,200.0,11.304347826086957,4608,-2.09560250043869,0.005426162,0.008984375,0.0003,2570,-0.013511127349920571,575.1932983398438,0.3,0.2430419921875,920.38212890625
19,984,4,200.0,-0.8333333333333334,4864,-2.1557778477668763,0.0008706853,0.0,0.0003,2580,-0.002072881767526269,815.9566040039062,0.3,0.27522581815719604,1712.6820129394532
20,984,5,200.0,3.2,5120,-2.2708685994148254,0.00025887648,0.0,0.0003,2590,-0.0018109700176864862,90.662109375,0.3,-0.17165589332580566,293.7517768859863
21,987,5,200.0,0.0,5376,-2.0530120134353638,0.0014907389,0.0,0.0003,2600,-0.004573264019563794,798.9862670898438,0.3,0.04361283779144287,1818.1615142822266
22,988,5,200.0,23.571428571428573,5632,-2.197647821903229,0.0011559322,0.0,0.0003,2610,-0.0007616760674864053,516.4393920898438,0.3,0.07191264629364014,1143.4774230957032
23,990,5,200.0,15.862068965517242,5888,-2.108669865131378,0.00078354054,0.0,0.0003,2620,-0.004504712368361652,602.1205444335938,0.3,0.21171832084655762,1336.7538604736328
24,991,6,200.0,44.666666666666664,6144,-2.197264575958252,0.007176391,0.011328125,0.0003,2630,-0.005072076828218997,1281.880126953125,0.3,0.06926071643829346,2411.5938720703125
25,993,6,200.0,44.0625,6400,-2.118038284778595,0.0007362941,0.0,0.0003,2640,-0.0036059620091691614,939.7167358398438,0.3,0.22107529640197754,1839.5071899414063
26,994,6,200.0,36.96969696969697,6656,-2.1606579184532166,0.0003552956,0.0,0.0003,2650,-0.0022418067790567877,240.69143676757812,0.3,0.0919424295425415,784.6422119140625
27,996,6,200.0,47.64705882352941,6912,-1.9334313929080964,0.0005402565,0.0,0.0003,2660,-0.0015732348430901766,956.3491821289062,0.3,-0.1349339485168457,1701.9286529541016
28,999,7,200.0,47.142857142857146,7168,-2.2123597979545595,0.0022126539,0.001171875,0.0003,2670,-0.005661128368228674,925.4335327148438,0.3,0.17846441268920898,1901.2929565429688
29,1001,7,200.0,53.78378378378378,7424,-1.8209019660949708,0.00036817347,0.0,0.0003,2680,-0.000927462859544903,353.99066162109375,0.3,-0.07189083099365234,1048.442922973633
30,1004,7,200.0,67.36842105263158,7680,-2.1842304706573485,0.0011220016,0.0,0.0003,2690,-0.0038910428062081336,1092.3831787109375,0.3,0.11814171075820923,2111.379010009766
31,1005,7,200.0,65.64102564102564,7936,-2.145652377605438,0.0007544344,0.00078125,0.0003,2700,-0.0009665117599070072,1133.8995361328125,0.3,0.22860181331634521,2497.2662963867188
32,1006,8,200.0,74.5,8192,-2.1580779552459717,0.010155623,0.015234375,0.0003,2710,-0.018866045540198682,448.8356018066406,0.3,0.16374844312667847,1457.2416412353516
33,1006,8,200.0,84.76190476190476,8448,-2.055068039894104,0.011815243,0.015625,0.0003,2720,-0.008818789233919233,760.2634887695312,0.3,0.06710785627365112,1609.802294921875
34,1006,8,200.0,86.97674418604652,8704,-2.1767476081848143,0.0089395195,0.041015625,0.0003,2730,-0.007950807735323907,892.4400024414062,0.3,0.14742952585220337,1627.5161987304687
35,1006,8,200.0,84.31818181818181,8960,-2.090285062789917,0.00093052327,0.0,0.0003,2740,-0.003486706456169486,645.2586669921875,0.3,0.19421231746673584,1354.6109313964844
36,1006,9,200.0,82.6086956521739,9216,-2.1617618560791017,0.002285656,0.0,0.0003,2750,-0.006913361395709217,700.0584716796875,0.3,0.09414869546890259,1270.820492553711
37,1006,9,200.0,79.57446808510639,9472,-2.1363049149513245,0.017573832,0.04921875,0.0003,2760,-0.016667423909530042,363.5633850097656,0.3,0.11445504426956177,751.9333587646485
38,1003,9,200.0,87.29166666666667,9728,-2.117684471607208,0.004447045,0.01328125,0.0003,2770,-0.015156688471324741,338.65838623046875,0.3,0.13353478908538818,1168.0702117919923
39,1003,9,200.0,89.59183673469387,9984,-2.058608090877533,0.0009297377,0.0,0.0003,2780,-0.00278929490596056,807.3307495117188,0.3,0.21732544898986816,1768.6147338867188
40,1004,10,200.0,82.54901960784314,10240,-2.198669767379761,0.0026283755,0.0,0.0003,2790,-0.004965986940078437,533.9445190429688,0.3,-0.004774570465087891,935.4829132080079
1,1300,0,200.0,-280.0,256,-2.0850751280784605,0.0019761967,0.00390625,0.0003,2800,-0.009785606944933533,429.9721984863281,0.3,0.19318759441375732,635.1071762084961
2,1167,0,200.0,-305.0,512,-2.239904856681824,0.000657646,0.0,0.0003,2410,-0.0014447162160649897,118.32603454589844,0.3,0.2430812120437622,224.68625717163087
3,1104,0,200.0,-140.0,768,-2.162977361679077,0.016204523,0.02265625,0.0003,2420,-0.014864167617633938,355.2059631347656,0.3,0.03444415330886841,819.3884841918946
4,1071,0,200.0,-66.0,1024,-2.0830591201782225,0.011041766,0.006640625,0.0003,2430,-0.01387437826488167,446.93798828125,0.3,0.01134347915649414,1177.4833618164062
5,1044,1,200.0,-16.666666666666668,1280,-2.113923931121826,0.0056191105,0.00234375,0.0003,2440,-0.0053490106482058765,534.2919921875,0.3,0.032754480838775635,1168.0640747070313
6,1038,1,200.0,-25.714285714285715,1536,-2.1228381037712096,0.0034294794,0.0,0.0003,2450,-0.005002463888376951,1000.4080200195312,0.3,0.01386946439743042,1720.0079193115234
7,1013,1,200.0,55.0,1792,-2.1664618134498594,0.0053067915,0.00390625,0.0003,2460,-0.006662414083257318,598.9635620117188,0.3,0.002794027328491211,1423.6590270996094
8,1011,2,200.0,63.0,2048,-2.161477303504944,0.0010482091,0.0,0.0003,2470,-0.0025225243996828796,1372.5618896484375,0.3,0.007199585437774658,2358.9161865234373
9,1010,2,200.0,70.9090909090909,2304,-2.1147604107856752,0.020818416,0.04453125,0.0003,2480,-0.020899800537154078,629.2227783203125,0.3,0.029879510402679443,1230.7286102294922
10,1004,2,200.0,85.0,2560,-2.0802663445472716,0.0046316897,0.0,0.0003,2490,-0.0037823256105184557,895.9660034179688,0.3,0.010256946086883545,1740.3126831054688
11,1002,2,200.0,112.85714285714286,2816,-2.1326071500778196,0.014557865,0.0140625,0.0003,2500,-0.015236874483525753,419.9209899902344,0.3,0.011848807334899902,1263.3305572509767
12,1001,3,200.0,86.66666666666667,3072,-1.993707925081253,0.0020125182,0.0,0.0003,2510,0.0011578855104744435,1209.27294921875,0.3,0.012446761131286621,2680.081890869141
13,1002,3,200.0,105.625,3328,-2.049970507621765,0.0012883372,0.0,0.0003,2520,-0.004274229658767581,286.82763671875,0.3,0.01616746187210083,765.7285766601562
14,1000,3,200.0,111.17647058823529,3584,-2.018260085582733,0.015324302,0.019921875,0.0003,2530,-0.011837120424024761,568.521240234375,0.3,0.012631654739379883,1221.9418365478516
15,995,3,200.0,105.78947368421052,3840,-1.9127077162265778,0.0010789603,0.0,0.0003,2540,-0.00196834031958133,824.75537109375,0.3,0.007397711277008057,1639.6125793457031
16,992,4,200.0,111.0,4096,-1.876226192712784,0.0091031,0.0171875,0.0003,2550,-0.008085157233290374,658.9181518554688,0.3,0.018361985683441162,1272.4724029541017
17,990,4,200.0,138.0952380952381,4352,-1.9749996304512023,0.0005115138,0.0,0.0003,2560,-0.000126662477850914,570.3603515625,0.3,0.0034582018852233887,1680.7972473144532
18,987,4,200.0,112.17391304347827,4608,-1.912846529483795,0.00038250093,0.0,0.0003,2570,-0.0024932879488915203,1173.704833984375,0.3,0.00506591796875,1878.2400634765625
19,984,4,200.0,125.41666666666667,4864,-2.0052807569503783,0.00037643407,0.0,0.0003,2580,-0.0019245588686317206,103.60554504394531,0.3,0.10081464052200317,273.44145278930665
20,982,5,200.0,117.6,5120,-2.0015356481075286,0.0005377745,0.0,0.0003,2590,-0.0016241731820628047,1078.650146484375,0.3,0.002713024616241455,2033.8554260253907
21,982,5,200.0,139.23076923076923,5376,-2.0327287793159483,0.0019018361,0.0,0.0003,2600,-0.0042675998993217945,1104.1817626953125,0.3,0.0025502443313598633,1943.8525512695312
22,980,5,200.0,131.78571428571428,5632,-2.029604160785675,0.0012171008,0.0,0.0003,2610,-0.003306590998545289,777.2421875,0.3,-0.001715540885925293,1907.4555603027343
23,980,6,200.0,135.17241379310346,5888,-1.8522658884525298,0.017079517,0.01171875,0.0003,2620,-0.011396720912307501,647.826171875,0.3,0.005397975444793701,1407.1494537353515
24,979,6,200.0,128.0,6144,-1.9588693797588348,0.011115313,0.00703125,0.0003,2630,-0.008521939627826214,713.5914916992188,0.3,0.0034555792808532715,1756.7470153808595
25,980,6,200.0,127.5,6400,-1.9302303552627564,0.007400782,0.001953125,0.0003,2640,-0.008777742693200707,250.13204956054688,0.3,0.008384346961975098,870.8600006103516
26,983,6,200.0,100.0,6656,-1.7528737425804137,0.011588914,0.01015625,0.0003,2650,-0.015410658996552229,1094.37451171875,0.3,0.0015413165092468262,2297.420031738281
27,986,7,200.0,88.82352941176471,6912,-1.87027547955513,0.0028580062,0.0,0.0003,2660,0.0038258311338722705,606.1580810546875,0.3,0.018353402614593506,1160.6428833007812
28,989,7,200.0,94.57142857142857,7168,-1.825547069311142,0.00862571,0.023046875,0.0003,2670,-0.013461424596607685,422.2761535644531,0.3,0.012172460556030273,841.1013458251953
29,971,7,200.0,80.54054054054055,7424,-1.8000920295715332,0.00063768215,0.0,0.0003,2680,-0.002165117533877492,1335.1806640625,0.3,0.004580974578857422,1774.6762145996095
30,974,7,200.0,82.89473684210526,7680,-1.86032937169075,0.0007347916,0.0,0.0003,2690,-0.004609257681295276,537.9057006835938,0.3,0.01910609006881714,1173.3681335449219
31,976,8,200.0,64.35897435897436,7936,-1.751612776517868,0.0021898511,0.0,0.0003,2700,-0.004731502709910273,711.5120239257812,0.3,0.004692137241363525,1300.551690673828
32,979,8,200.0,61.5,8192,-1.8327790021896362,0.0014316209,0.0,0.0003,2710,-0.00277747237123549,756.52783203125,0.3,-0.0011581182479858398,1270.1811584472657
33,981,8,200.0,50.476190476190474,8448,-1.801455593109131,0.00093728886,0.0,0.0003,2720,-0.003009979845955968,425.5215148925781,0.3,0.002763807773590088,648.8303535461425
34,983,8,200.0,59.76744186046512,8704,-1.7905643284320831,0.0004270575,0.0,0.0003,2730,-0.0021431789733469485,189.7946319580078,0.3,0.11493116617202759,343.51813583374025
35,985,9,200.0,60.68181818181818,8960,-1.8931634187698365,0.0069929175,0.002734375,0.0003,2740,-0.006718898029066622,781.5518188476562,0.3,0.005366206169128418,1903.909228515625
36,985,9,200.0,60.21739130434783,9216,-1.8889403641223907,0.003228252,0.0,0.0003,2750,-0.006891022622585297,830.5834350585938,0.3,0.00565791130065918,1765.0096374511718
37,987,9,200.0,68.08510638297872,9472,-1.8443740069866181,0.02062291,0.03203125,0.0003,2760,-0.01433415557257831,963.6100463867188,0.3,0.007250487804412842,2084.575555419922
38,990,9,200.0,70.0,9728,-1.9049441874027253,0.0033225745,0.001953125,0.0003,2770,-0.004924191534519196,1388.6895751953125,0.3,0.005742192268371582,2403.178887939453
39,990,10,200.0,67.34693877551021,9984,-1.9674651682376862,0.0002663324,0.0,0.0003,2780,-0.002349981083534658,427.57598876953125,0.3,0.026096224784851074,685.2009155273438
40,991,10,200.0,56.470588235294116,10240,-2.013315385580063,0.010635966,0.016796875,0.0003,2790,-0.012481835437938571,756.5790405273438,0.3,0.005928099155426025,1458.4721984863281
1,1306,0,200.0,-340.0,256,-1.765242874622345,0.0024867207,0.0,0.0003,2800,-0.00732318228110671,302.7016906738281,0.3,0.0477604866027832,767.2174682617188
2,1154,0,200.0,-200.0,512,-2.179512858390808,0.0013737446,0.0,0.0003,2810,-0.0011660253861919046,306.7900390625,0.3,0.01635676622390747,909.916552734375
3,1096,0,200.0,-96.66666666666667,768,-2.0823869109153748,0.0015947097,0.000390625,0.0003,2820,-0.0032576747005805375,614.2158203125,0.3,-0.20644521713256836,1038.313150024414
4,1080,0,200.0,-134.0,1024,-2.2259146213531493,0.0033430865,0.00078125,0.0003,2830,-0.00354454624466598,280.9519958496094,0.3,0.0925213098526001,1007.2543304443359
5,1059,1,200.0,-80.0,1280,-2.2392810583114624,0.008706085,0.0078125,0.0003,2840,-0.006736710807308555,608.157470703125,0.3,-0.043767690658569336,1313.8511138916015
6,1050,1,200.0,-45.714285714285715,1536,-2.083148920536041,0.0007761561,0.0,0.0003,2850,-0.003950655832886696,935.34716796875,0.3,0.1780010461807251,1543.6586822509767
7,1051,1,200.0,13.75,1792,-2.1391343593597414,0.0008292289,0.001171875,0.0003,2860,-0.0033244661055505274,683.1183471679688,0.3,0.19104355573654175,1415.4588989257813
8,1050,1,200.0,112.0,2048,-2.0955435156822206,0.0011196802,0.0,0.0003,2870,-0.006920797796919942,1021.4103393554688,0.3,0.25678741931915283,2011.8549255371095
9,1048,2,200.0,132.72727272727272,2304,-2.1066859364509583,0.0037641597,0.00703125,0.0003,2880,-0.012362676975317299,1247.885986328125,0.3,0.20787250995635986,2555.668701171875
10,1047,2,200.0,114.16666666666667,2560,-2.1203386902809145,0.0024328572,0.003515625,0.0003,2890,-0.005631581437774003,427.15301513671875,0.3,0.2637951970100403,949.4211273193359
11,868,3,200.0,67.14285714285714,2816,-2.1164743900299072,0.0009709706,0.0,0.0003,2900,-0.0031368622090667485,393.89508056640625,0.3,0.3143637776374817,644.2529861450196
12,876,3,200.0,84.66666666666667,3072,-2.063615453243256,0.009126671,0.0,0.0003,2910,-0.008394981478340923,281.494384765625,0.3,0.32391613721847534,556.2520080566406
13,877,3,200.0,93.75,3328,-2.0272334814071655,0.0023360914,0.0,0.0003,2920,-0.00010165497660636902,780.5086669921875,0.3,0.14833837747573853,1576.6692810058594
14,874,4,200.0,110.58823529411765,3584,-2.063338041305542,0.006804933,0.0171875,0.0003,2930,-0.009131625341251493,816.6099853515625,0.3,0.18579328060150146,1723.4137451171875
15,879,4,200.0,150.52631578947367,3840,-2.026145029067993,0.0013611596,0.0,0.0003,2940,-0.004889806511346251,858.3963012695312,0.3,0.28130972385406494,1746.3548400878906
16,882,4,200.0,138.0,4096,-2.014461785554886,0.00048389682,0.0,0.0003,2950,-0.004407650209031999,870.2135620117188,0.3,0.3158906102180481,1927.091796875
17,886,4,200.0,124.28571428571429,4352,-2.049277925491333,0.0037311285,0.002734375,0.0003,2960,-0.004555729823186994,443.81671142578125,0.3,-0.0003235340118408203,1082.9409271240233
18,891,5,200.0,138.2608695652174,4608,-2.031057298183441,0.0008965018,0.0,0.0003,2970,-0.002255511516705155,970.1435546875,0.3,0.29997825622558594,1455.5596710205077
19,897,5,200.0,137.08333333333334,4864,-2.120522713661194,0.003508108,0.0015625,0.0003,2980,-0.009200674667954444,789.356201171875,0.3,0.23490673303604126,1481.660693359375
20,899,5,200.0,148.8,5120,-2.0737054109573365,0.00191687,0.000390625,0.0003,2990,-0.0034812627243809404,620.092041015625,0.3,0.21361833810806274,950.8488708496094
21,901,5,200.0,150.3846153846154,5376,-2.0859054565429687,0.0031217358,0.001171875,0.0003,3000,-0.002645250456407666,1158.903564453125,0.3,0.12621700763702393,2391.0420043945314
22,902,6,200.0,158.92857142857142,5632,-2.038272440433502,0.0011258523,0.00078125,0.0003,3010,-0.003274762141518295,548.4524536132812,0.3,0.31103289127349854,1322.5695220947266
23,907,6,200.0,168.6206896551724,5888,-2.018450605869293,0.0014403835,0.0,0.0003,3020,-0.0035482025588862596,607.6284790039062,0.3,0.22543317079544067,1520.8177734375
24,843,7,200.0,161.33333333333334,6144,-2.108346962928772,0.0033049313,0.002734375,0.0003,3030,-0.006170699396170676,950.4837646484375,0.3,0.16345113515853882,2203.708465576172
25,849,7,200.0,175.9375,6400,-2.092751455307007,0.004967003,0.0125,0.0003,3040,-0.015683393040671945,742.6813354492188,0.3,0.3031352162361145,1450.3364471435548
26,854,7,200.0,167.27272727272728,6656,-2.1037208437919617,0.0059114276,0.003515625,0.0003,3050,-0.009890718897804619,945.6682739257812,0.3,0.1672089695930481,1425.5733459472656
27,847,8,200.0,167.35294117647058,6912,-2.1151204109191895,0.016782507,0.030078125,0.0003,3060,-0.00905240336433053,465.09722900390625,0.3,-0.07670962810516357,1008.1407928466797
28,850,8,200.0,181.71428571428572,7168,-2.0826876401901244,0.0028104438,0.003125,0.0003,3070,-0.005945543060079217,819.8551635742188,0.3,0.2674940824508667,1470.6731994628906
29,853,8,200.0,198.64864864864865,7424,-2.10374276638031,0.0008712383,0.0,0.0003,3080,-0.0022929074708372354,1280.901123046875,0.3,0.1042526364326477,2491.2729553222657
30,856,8,200.0,197.3684210526316,7680,-2.129565155506134,0.0020654486,0.003515625,0.0003,3090,-0.009722314728423952,956.6900634765625,0.3,0.0912102460861206,2195.9506591796876
31,861,9,200.0,196.4102564102564,7936,-2.1024418234825135,0.0032569077,0.005078125,0.0003,3100,-0.011992602003738284,598.76904296875,0.3,0.3096500039100647,1364.5411743164063
32,817,10,200.0,190.0,8192,-2.1290772318840028,0.0002912099,0.0,0.0003,3110,-0.0005206436151638627,403.49822998046875,0.3,-0.07588386535644531,774.6523391723633
33,822,10,200.0,183.33333333333334,8448,-2.1178717970848084,0.0006026726,0.0,0.0003,3120,-0.00273395124822855,976.5516357421875,0.3,0.22499513626098633,1493.070327758789
34,828,10,200.0,182.32558139534885,8704,-2.111727786064148,0.010530161,0.03203125,0.0003,3130,-0.014723335485905409,289.23980712890625,0.3,0.22925245761871338,597.2750640869141
35,812,11,200.0,176.8181818181818,8960,-2.1050865411758424,0.002038798,0.0,0.0003,3140,-0.0027837540954351427,644.2093505859375,0.3,0.28909748792648315,1365.5733764648437
36,818,11,200.0,160.43478260869566,9216,-2.05847225189209,0.0011085351,0.0,0.0003,3150,-0.00243986533023417,80.80282592773438,0.3,0.1705085039138794,223.19533767700196
37,823,11,200.0,161.48936170212767,9472,-1.9977541327476502,0.013391963,0.017578125,0.0003,3160,-0.0155632215552032,284.6614685058594,0.3,0.22881722450256348,658.1442626953125
38,829,11,200.0,161.45833333333334,9728,-2.0767664194107054,0.0030992625,0.001953125,0.0003,3170,-0.0038046993780881167,828.9523315429688,0.3,0.22850346565246582,1388.5836700439454
39,834,11,200.0,161.22448979591837,9984,-2.016292744874954,0.0010988507,0.0,0.0003,3180,-0.0031668410170823335,620.0466918945312,0.3,0.3084912896156311,1011.9612670898438
40,838,12,200.0,159.6078431372549,10240,-2.1017416596412657,0.008909703,0.01953125,0.0003,3190,-0.007497505168430507,743.8837280273438,0.3,0.10753315687179565,1642.4318054199218
1,1295,0,200.0,430.0,256,-1.9898085355758668,0.0066473978,0.005859375,0.0003,3200,-0.013197957212105394,467.54156494140625,0.3,0.2869682312011719,903.1640655517579
2,1142,0,200.0,30.0,512,-1.9101954877376557,0.0013070283,0.00078125,0.0003,2810,-0.004356045601889491,764.2371215820312,0.3,0.011903047561645508,1799.4952087402344
3,1080,0,200.0,-70.0,768,-2.122234058380127,0.0014572833,0.0,0.0003,2820,-0.0018997025850694626,141.984130859375,0.3,0.08154845237731934,315.2810203552246
4,1054,0,200.0,40.0,1024,-2.1581642985343934,0.01995977,0.104296875,0.0003,2830,-0.018265980551950632,762.9635009765625,0.3,-0.0021818876266479492,1675.5653259277344
5,1045,1,200.0,48.333333333333336,1280,-2.0131756365299225,0.004072001,0.001171875,0.0003,2840,-0.008499196590855717,1008.6571044921875,0.3,0.015816867351531982,1950.1639831542968
6,1040,1,200.0,102.85714285714286,1536,-1.8457006633281707,0.0050188648,0.005859375,0.0003,2850,-0.011529480991885065,564.7675170898438,0.3,0.011142432689666748,1157.4659698486328
7,1038,1,200.0,117.5,1792,-1.9942976713180542,0.00093423715,0.0,0.0003,2860,-0.0013967107515782118,966.4974365234375,0.3,-0.004641890525817871,2362.0612731933593
8,1039,1,200.0,101.0,2048,-1.9926317274570464,0.0051330184,0.005859375,0.0003,2870,-0.010890936059877277,880.6241455078125,0.3,0.0035414695739746094,1709.9367767333983
9,1039,2,200.0,106.36363636363636,2304,-2.129380238056183,0.007900671,0.012890625,0.0003,2880,-0.014688115194439888,317.94219970703125,0.3,0.028832614421844482,864.9070709228515
10,1040,2,200.0,102.5,2560,-2.1438632130622866,0.003933223,0.000390625,0.0003,2890,-0.007375001756008715,1252.863525390625,0.3,0.00583416223526001,1682.5694763183594
11,1041,2,200.0,103.57142857142857,2816,-2.197875940799713,0.0025982102,0.001171875,0.0003,2900,-0.005598084628582,699.1093139648438,0.3,0.008224308490753174,1358.0225463867187
12,1043,2,200.0,86.0,3072,-2.130067563056946,0.0041959826,0.0,0.0003,2910,-0.010111427726224064,732.4876098632812,0.3,0.01894855499267578,1459.2801879882813
13,1045,3,200.0,105.625,3328,-2.0703404545783997,0.039840937,0.093359375,0.0003,2920,-0.02450116756372154,914.0630493164062,0.3,-0.0007041692733764648,1712.4457641601562
14,1045,3,200.0,111.76470588235294,3584,-1.9488375008106231,0.010846049,0.016015625,0.0003,2930,-0.005476024374365807,1207.1103515625,0.3,0.0045931339263916016,2244.546209716797
15,1048,3,200.0,146.8421052631579,3840,-2.071061432361603,0.0020384812,0.0,0.0003,2940,-0.005518552707508206,760.4296875,0.3,0.006416678428649902,1777.0845153808593
16,1030,3,200.0,173.0,4096,-2.0886408925056457,0.0004239108,0.0,0.0003,2950,-0.0016220822464674712,942.7809448242188,0.3,0.0012520551681518555,2328.0273864746096
17,1027,4,200.0,174.76190476190476,4352,-2.022470462322235,0.00059167505,0.0,0.0003,2960,-0.002577446796931326,1200.2005615234375,0.3,-0.0021390914916992188,2133.092810058594
18,1022,4,200.0,187.3913043478261,4608,-2.088732326030731,0.019841498,0.03125,0.0003,2970,-0.01798678087070584,836.2071533203125,0.3,0.005883574485778809,1309.3438842773437
19,1017,4,200.0,188.33333333333334,4864,-2.0900171399116516,0.012177644,0.04140625,0.0003,2980,0.0077503560809418556,923.4287719726562,0.3,-0.005266904830932617,2196.8399047851562
20,1013,5,200.0,181.2,5120,-1.9729037821292876,0.0033515387,0.00625,0.0003,2990,-0.0067418206483125685,765.8892211914062,0.3,0.0070525407791137695,1202.6110748291017
21,1012,5,200.0,176.15384615384616,5376,-2.1326374650001525,0.007640687,0.006640625,0.0003,3000,-0.007444357918575406,951.95458984375,0.3,-0.001021265983581543,1693.7026336669921
22,1011,5,200.0,184.28571428571428,5632,-2.0328593134880064,0.05889848,0.116015625,0.0003,3010,-0.014212802937254309,1202.9130859375,0.3,0.002570509910583496,2399.119091796875
23,1009,5,200.0,190.68965517241378,5888,-2.0400893330574035,0.003802468,0.00078125,0.0003,3020,-0.004545451933518052,834.9917602539062,0.3,0.011436939239501953,1230.4848327636719
24,1007,6,200.0,188.0,6144,-2.1699201464653015,0.0022062494,0.0,0.0003,3030,-0.0032145473640412094,1514.2257080078125,0.3,-0.003101348876953125,2577.939825439453
25,1008,6,200.0,192.5,6400,-2.15840106010437,0.0015463587,0.0,0.0003,3040,-0.003001566044986248,981.2853393554688,0.3,0.0031280517578125,1886.3746215820313
26,1007,6,200.0,200.3030303030303,6656,-2.10696040391922,0.013735659,0.024609375,0.0003,3050,-0.017994009843096136,1117.6416015625,0.3,0.003123164176940918,1781.5947692871093
27,1007,6,200.0,214.11764705882354,6912,-2.0962478518486023,0.0038117724,0.0,0.0003,3060,-0.005805309163406491,820.7026977539062,0.3,-0.004799604415893555,1790.3608825683593
28,1006,7,200.0,213.42857142857142,7168,-2.0341403007507326,0.0011121454,0.0,0.0003,3070,-0.003669273410923779,1532.2508544921875,0.3,0.001331627368927002,2608.418572998047
29,1006,7,200.0,188.9189189189189,7424,-2.227450358867645,0.007921139,0.003125,0.0003,3080,-0.011486713006161154,442.0704650878906,0.3,0.004835247993469238,759.1700744628906
30,1006,7,200.0,201.57894736842104,7680,-2.1497267484664917,0.001780075,0.0,0.0003,3090,-0.0050944900489412245,524.7715454101562,0.3,0.0017655491828918457,1230.694024658203
31,1006,7,200.0,201.02564102564102,7936,-2.163828897476196,0.005179039,0.001171875,0.0003,3100,-0.007930735172703863,979.8807983398438,0.3,0.001028895378112793,2369.252166748047
32,1004,8,200.0,201.25,8192,-2.0185223817825317,0.0034684192,0.00390625,0.0003,3110,-0.005815690406598151,1789.3013916015625,0.3,0.0007522702217102051,3612.7772216796875
33,1003,8,200.0,204.76190476190476,8448,-2.0755173325538636,0.005589742,0.00703125,0.0003,3120,-0.009155044518411159,515.9869995117188,0.3,-0.0005044937133789062,1760.2208190917968
34,1004,8,200.0,204.41860465116278,8704,-2.023959493637085,0.010569513,0.01171875,0.0003,3130,-0.019148138631135226,1052.956787109375,0.3,0.007501661777496338,1427.835955810547
35,1006,8,200.0,214.77272727272728,8960,-2.1643011450767515,0.008877477,0.005859375,0.0003,3140,-0.013772236136719584,481.4039611816406,0.3,0.0028952360153198242,1784.9927642822265
36,1006,9,200.0,222.17391304347825,9216,-2.1381640672683715,0.009406583,0.0078125,0.0003,3150,-0.016948958719149233,1381.64501953125,0.3,-0.001052260398864746,2524.6397094726562
37,1006,9,200.0,216.59574468085106,9472,-2.1140050530433654,0.00045759836,0.0,0.0003,3160,-0.0016242340672761202,1075.146484375,0.3,0.0009631514549255371,2886.7652221679687
38,1005,9,200.0,226.04166666666666,9728,-2.109300601482391,0.0022008445,0.0,0.0003,3170,-0.006724711274728179,1041.3111572265625,0.3,-0.0018360614776611328,2041.71064453125
39,1005,9,200.0,240.20408163265307,9984,-2.167225515842438,0.0040349253,0.003125,0.0003,3180,-0.007557524461299181,1387.6419677734375,0.3,0.00046581029891967773,2665.5100646972655
40,1006,10,200.0,238.4313725490196,10240,-2.12255722284317,0.0024764591,0.0,0.0003,3190,-0.005371846095658839,1255.32470703125,0.3,-0.00022923946380615234,2223.9099670410155
1,1356,0,200.0,920.0,256,-2.018355244398117,0.02188214,0.0421875,0.0003,3200,-0.015499259484931827,483.317138671875,0.3,0.0017148256301879883,1248.4954040527343
2,1151,0,200.0,695.0,512,-2.0710883378982543,0.003707183,0.0,0.0003,3210,-0.0012533709639683365,1603.1978759765625,0.3,0.2916703224182129,3208.3800537109373
3,1053,0,200.0,546.6666666666666,768,-2.0895378828048705,0.0050824992,0.008984375,0.0003,3220,-0.008098682179115713,382.7255554199219,0.3,0.2496333122253418,1293.1054290771485
4,1034,0,200.0,368.0,1024,-2.1073566555976866,0.0008432602,0.0,0.0003,3230,0.0016473367577418685,198.6033172607422,0.3,-0.3169238567352295,905.6184387207031
5,1036,1,200.0,340.0,1280,-2.007041001319885,0.014572643,0.01015625,0.0003,3240,-0.014132004394195975,719.4339599609375,0.3,0.010051369667053223,1647.5613647460937
6,1035,1,200.0,335.7142857142857,1536,-2.0705639839172365,0.011084069,0.089453125,0.0003,3250,-0.013887917064130307,772.060302734375,0.3,0.14971506595611572,1532.9815307617187
7,1029,1,200.0,317.5,1792,-2.0328461170196532,0.0017840876,0.001953125,0.0003,3260,-0.003263067826628685,1123.72119140625,0.3,0.2137002944946289,1931.1071228027345
8,1030,1,200.0,309.0,2048,-2.0063038051128386,0.002773363,0.003515625,0.0003,3270,-0.0061547590885311365,529.208740234375,0.3,0.37414348125457764,1171.5685577392578
9,1032,2,200.0,321.8181818181818,2304,-2.0326602458953857,0.0005961342,0.0,0.0003,3280,-0.0015764382667839527,780.601318359375,0.3,0.1818210482597351,1684.2312744140625
10,1030,2,200.0,351.6666666666667,2560,-2.006694179773331,0.0030472067,0.001953125,0.0003,3290,-0.006518550543114543,941.7376098632812,0.3,0.34709233045578003,1677.5492248535156
11,1028,2,200.0,310.0,2816,-2.006463861465454,0.0013895789,0.0,0.0003,3300,-0.0066455183201469484,677.0398559570312,0.3,0.3265383839607239,1267.0655303955077
12,1031,2,200.0,320.6666666666667,3072,-2.04624947309494,0.005950263,0.00546875,0.0003,3310,-0.006263119482900948,456.1545715332031,0.3,0.16730833053588867,1096.7671936035156
13,1031,3,200.0,360.0,3328,-2.014982360601425,0.003579729,0.00390625,0.0003,3320,-0.008486970560625196,951.9266967773438,0.3,0.3684428930282593,1647.0884643554687
14,1031,3,200.0,335.88235294117646,3584,-1.998399519920349,0.00408019,0.001171875,0.0003,3330,-0.005626052478328347,862.95361328125,0.3,0.34749096632003784,1909.57294921875
15,1033,3,200.0,323.6842105263158,3840,-1.9965965628623963,0.0027999084,0.004296875,0.0003,3340,-0.007173111103475094,443.2924499511719,0.3,0.2724953889846802,815.0609527587891
16,1033,3,200.0,342.0,4096,-2.066800665855408,0.014620781,0.020703125,0.0003,3350,-0.015242436458356679,798.1087036132812,0.3,0.22526264190673828,1497.229266357422
17,1031,4,200.0,348.0952380952381,4352,-1.965818041563034,0.002689667,0.000390625,0.0003,3360,-0.0033944154856726527,1593.153564453125,0.3,0.32101017236709595,2456.779132080078
18,1030,4,200.0,345.2173913043478,4608,-2.0326982021331785,0.00081068184,0.0,0.0003,3370,-0.002246562286745757,615.49267578125,0.3,-0.07277679443359375,1230.17744140625
19,1027,4,200.0,337.0833333333333,4864,-2.0238220155239106,0.0021113518,0.0015625,0.0003,3380,-0.0011395122855901718,1045.8553466796875,0.3,0.018173515796661377,2204.969171142578
20,1026,4,200.0,330.8,5120,-2.0031654238700867,0.00048318505,0.0,0.0003,3390,-0.0027938579209148885,553.2857055664062,0.3,0.03535425662994385,1400.7911437988282
21,1025,5,200.0,326.9230769230769,5376,-1.9798365712165833,0.0026708792,0.0,0.0003,3400,-0.005011273128911853,604.3349609375,0.3,0.2320774793624878,1244.8206420898437
22,1022,5,200.0,304.2857142857143,5632,-2.0711604714393617,0.01301812,0.007421875,0.0003,3410,-0.011861210223287344,472.2557067871094,0.3,0.2735210061073303,982.7656707763672
23,1023,5,200.0,304.82758620689657,5888,-2.038108742237091,0.006589348,0.00390625,0.0003,3420,-0.0099639727268368,420.8558654785156,0.3,0.15284568071365356,1240.477227783203
24,1022,6,200.0,309.0,6144,-2.071741211414337,0.00643921,0.017578125,0.0003,3430,-0.0049994723871350285,1094.9112548828125,0.3,0.13917768001556396,2084.158135986328
25,1023,6,200.0,332.8125,6400,-2.0292874395847322,0.0005374253,0.0,0.0003,3440,-0.003566772467456758,971.6069946289062,0.3,0.3855646848678589,2051.4683532714844
26,1024,6,200.0,343.6363636363636,6656,-2.0273285150527953,0.0003185398,0.0,0.0003,3450,-0.000630259420722723,1135.7713623046875,0.3,0.3576289415359497,1985.0741149902344
27,1024,6,200.0,338.8235294117647,6912,-2.0982752680778503,0.0011489275,0.0,0.0003,3460,-0.003906583762727678,1188.9722900390625,0.3,0.11179846525192261,2512.2835693359375
28,1024,6,200.0,333.7142857142857,7168,-2.086299788951874,0.00045306399,0.0,0.0003,3470,-0.0025481880409643056,367.3490905761719,0.3,0.36868834495544434,885.1744903564453
29,1025,7,200.0,344.3243243243243,7424,-2.1458072304725646,0.0058032814,0.016796875,0.0003,3480,-0.010152949672192334,1068.647216796875,0.3,0.1842043399810791,2297.816650390625
30,1025,7,200.0,346.8421052631579,7680,-2.0786015033721923,0.0078039747,0.01171875,0.0003,3490,-0.013036836637184024,443.8336181640625,0.3,0.2508623003959656,955.9639556884765
31,1024,7,200.0,355.38461538461536,7936,-2.0289135932922364,0.0010116559,0.000390625,0.0003,3500,-0.002237054519355297,924.45556640625,0.3,0.3651009798049927,2135.613244628906
32,1025,7,200.0,355.0,8192,-2.052905809879303,0.0033003057,0.003515625,0.0003,3510,-0.004951169388368726,1206.3968505859375,0.3,0.3132542371749878,2170.5097045898438
33,1023,8,200.0,348.3333333333333,8448,-2.1301840424537657,0.0110137835,0.03515625,0.0003,3520,-0.0067654912360012535,772.9555053710938,0.3,-0.043614745140075684,1378.1970581054688
34,1023,8,200.0,342.09302325581393,8704,-1.989917814731598,0.005488082,0.003515625,0.0003,3530,-0.008988150162622333,751.1921997070312,0.3,0.2589031457901001,1632.6957641601562
35,1024,8,200.0,349.54545454545456,8960,-2.1687840938568117,0.025234098,0.082421875,0.0003,3540,-0.011206720722839236,917.7172241210938,0.3,-0.1271076202392578,1912.6110229492188
36,1024,8,200.0,348.04347826086956,9216,-2.06718852519989,0.0024555728,0.0046875,0.0003,3550,-0.006756981927901506,1446.171630859375,0.3,0.2264636754989624,2972.428759765625
37,1024,9,200.0,349.1489361702128,9472,-2.04386590719223,0.009218555,0.000390625,0.0003,3560,-0.01106314038624987,267.2734069824219,0.3,0.34123456478118896,561.025180053711
38,1024,9,200.0,355.2083333333333,9728,-2.0300066471099854,0.0036162317,0.0,0.0003,3570,-0.0016547535778954625,1019.3720092773438,0.3,0.1295701265335083,2168.4042358398438
39,1025,9,200.0,356.734693877551,9984,-2.0119226574897766,0.0014366675,0.0,0.0003,3580,-0.0033100472297519445,728.187744140625,0.3,0.3091009259223938,1782.5798950195312
40,1024,9,200.0,348.03921568627453,10240,-1.9843608140945435,0.0024171101,0.00078125,0.0003,3590,-0.002149236062541604,554.0482788085938,0.3,0.15146982669830322,1230.683740234375
1,1273,0,200.0,180.0,256,-1.9520604193210602,0.0010626586,0.0,0.0003,3600,-0.0034441228024661543,524.7317504882812,0.3,0.32406920194625854,1140.1618957519531
2,1119,0,200.0,160.0,512,-1.9354553461074828,0.017278116,0.0546875,0.0003,3210,-0.015919674141332506,832.3452758789062,0.3,0.00437694787979126,1386.116995239258
3,1090,0,200.0,243.33333333333334,768,-2.0047079205513,0.004989782,0.003125,0.0003,3220,-0.010536354593932628,1405.359375,0.3,0.0012926459312438965,2331.920831298828
4,1071,0,200.0,340.0,1024,-1.8679543316364289,0.03348308,0.08515625,0.0003,3230,-0.016391219245269893,1163.0565185546875,0.3,0.0010886788368225098,2047.0523315429687
5,1064,1,200.0,298.3333333333333,1280,-2.034602236747742,0.013984912,0.040234375,0.0003,3240,0.0003215714357793331,1348.199462890625,0.3,-0.0005517005920410156,2470.311737060547
6,1056,1,200.0,305.7142857142857,1536,-1.8913226842880249,0.0053001624,0.00703125,0.0003,3250,-0.010979736410081386,920.7265625,0.3,0.002707540988922119,1359.274850463867
7,1057,1,200.0,326.25,1792,-1.965593057870865,0.00094820815,0.0,0.0003,3260,-0.0020403615199029446,1439.762451171875,0.3,0.000616908073425293,2391.517510986328
8,1056,1,200.0,366.0,2048,-1.98665811419487,0.0048371265,0.00546875,0.0003,3270,-0.01785699976608157,1033.5130615234375,0.3,-0.0014106035232543945,2019.4455078125
9,1060,2,200.0,373.6363636363636,2304,-1.9328786551952362,0.0027161553,0.0,0.0003,3280,-0.008040791237726807,1779.4962158203125,0.3,0.0003846287727355957,2628.0756713867186
10,1058,2,200.0,380.0,2560,-2.0054721593856812,0.004568111,0.00234375,0.0003,3290,-0.012325407564640045,922.6098022460938,0.3,0.0010061264038085938,2078.328485107422
11,1052,2,200.0,312.14285714285717,2816,-1.9646465063095093,0.005535605,0.000390625,0.0003,3300,-0.010498543432913721,398.58013916015625,0.3,0.004128396511077881,880.7134552001953
12,1051,2,200.0,336.0,3072,-2.0596685886383055,0.0045785857,0.0015625,0.0003,3310,-0.010424560774117709,813.118896484375,0.3,0.0026721954345703125,1462.8970275878905
13,1050,3,200.0,328.125,3328,-2.0010750114917757,0.0009429704,0.0,0.0003,3320,-0.0028058822965249417,1495.0693359375,0.3,0.0006642341613769531,2417.6882385253907
14,1050,3,200.0,313.52941176470586,3584,-1.9412303924560548,0.0068932916,0.015234375,0.0003,3330,-0.017592072440311312,763.3893432617188,0.3,0.0018696784973144531,1605.6546203613282
15,1046,3,200.0,287.36842105263156,3840,-2.0094199597835543,0.018151108,0.023828125,0.0003,3340,-0.01906454828567803,1074.660400390625,0.3,-0.0003808736801147461,2070.712438964844
16,1046,3,200.0,304.0,4096,-2.015093004703522,0.0045297598,0.0,0.0003,3350,-0.003137849597260356,440.9625244140625,0.3,0.007179915904998779,882.0168090820313
17,1046,4,200.0,322.3809523809524,4352,-1.8482719540596009,0.0008069454,0.0,0.0003,3360,-0.0012387661496177315,1478.5343017578125,0.3,7.18832015991211e-05,3052.3523681640627
18,1045,4,200.0,314.3478260869565,4608,-1.897477573156357,0.023445858,0.1484375,0.0003,3370,-0.016757691325619817,831.3988037109375,0.3,-5.2094459533691406e-05,1888.1161010742187
19,1047,4,200.0,316.6666666666667,4864,-1.6573712706565857,0.015904019,0.03203125,0.0003,3380,0.0018063174095004797,1032.6229248046875,0.3,-0.0001773834228515625,2138.8164245605467
20,1047,4,200.0,293.6,5120,-1.8388012170791626,0.03242102,0.07265625,0.0003,3390,-0.01853345213457942,1152.221923828125,0.3,-0.001134037971496582,1975.3330444335938
21,1044,5,200.0,306.9230769230769,5376,-1.9158943176269532,0.0050997185,0.000390625,0.0003,3400,-0.0025253056082874537,1654.543212890625,0.3,-1.1920928955078125e-07,3377.7416259765623
22,1042,5,200.0,341.7857142857143,5632,-1.7733998596668243,0.00019071018,0.0,0.0003,3410,-0.002718128124251962,1482.560791015625,0.3,4.76837158203125e-07,3093.8729858398438
23,1040,5,200.0,353.1034482758621,5888,-1.7954812526702881,0.000912318,0.0,0.0003,3420,-0.0043672383297234775,953.4324340820312,0.3,-2.384185791015625e-07,2881.622393798828
24,1038,5,200.0,363.6666666666667,6144,-1.8196910679340363,0.00538388,0.012109375,0.0003,3430,-0.01046674749813974,1698.05322265625,0.3,-1.5497207641601562e-06,3469.5243408203123
25,1037,6,200.0,382.5,6400,-1.7928441047668457,0.004221661,0.00078125,0.0003,3440,-0.008564466796815395,1044.517822265625,0.3,-5.960464477539062e-07,2218.72333984375
26,1036,6,200.0,377.8787878787879,6656,-1.7023702025413514,0.0008193054,0.0,0.0003,3450,-0.00011249086819589137,1581.5113525390625,0.3,-1.3113021850585938e-06,3216.325720214844
27,1036,6,200.0,379.4117647058824,6912,-1.7900835394859314,0.01543038,0.0140625,0.0003,3460,-0.015594499092549086,786.94189453125,0.3,0.0,1278.694921875
28,1035,6,200.0,379.42857142857144,7168,-1.851531833410263,0.006728491,0.005859375,0.0003,3470,-0.012300742836669088,1307.28173828125,0.3,2.384185791015625e-07,2127.5751220703123
29,1036,7,200.0,381.35135135135135,7424,-1.7314754545688629,0.0008612429,0.0,0.0003,3480,-0.001597882667556405,1151.8187255859375,0.3,-3.5762786865234375e-07,2839.907928466797
30,1036,7,200.0,383.6842105263158,7680,-1.955391764640808,0.045603003,0.117578125,0.0003,3490,-0.02078315196558833,1059.259521484375,0.3,1.7881393432617188e-07,1907.1232360839845
31,1037,7,200.0,385.8974358974359,7936,-2.04469872713089,0.0031953107,0.00078125,0.0003,3500,-0.007334545603953302,1228.9715576171875,0.3,-5.960464477539062e-07,2098.6480102539062
32,1037,7,200.0,386.0,8192,-2.040609359741211,0.024089523,0.056640625,0.0003,3510,-0.016350770695135,1008.1907958984375,0.3,-1.1920928955078125e-07,2039.2178833007813
33,1037,8,200.0,394.2857142857143,8448,-2.0616472005844115,0.0030871106,0.0,0.0003,3520,-0.004347876296378672,802.9183959960938,0.3,0.0,2120.4858581542967
34,1035,8,200.0,383.95348837209303,8704,-2.067151439189911,0.0035129832,0.0,0.0003,3530,-0.0038200664799660443,1487.2640380859375,0.3,0.0,2778.436145019531
35,1036,8,200.0,390.45454545454544,8960,-2.0988664627075195,0.0014773479,0.0,0.0003,3540,-0.007314619608223438,742.6614379882812,0.3,7.152557373046875e-07,1395.124838256836
36,1033,8,200.0,387.39130434782606,9216,-1.99623903632164,0.008173935,0.011328125,0.0003,3550,-0.013124546268954873,1099.616943359375,0.3,-2.384185791015625e-07,2209.6536071777346
37,1034,9,200.0,387.2340425531915,9472,-1.9949024736881256,0.060725305,0.16796875,0.0003,3560,-0.0067749107256531715,860.6234741210938,0.3,5.960464477539063e-08,1919.9202453613282
38,1035,9,200.0,375.625,9728,-1.9784840404987336,0.045443013,0.078515625,0.0003,3570,-0.011438149772584439,1216.8212890625,0.3,-1.1920928955078125e-07,2103.3987243652346
39,1035,9,200.0,372.6530612244898,9984,-1.972502887248993,0.0024203407,0.0,0.0003,3580,-0.003641552763292566,961.266845703125,0.3,-4.76837158203125e-07,1925.660382080078
40,1035,9,200.0,369.01960784313724,10240,-2.0168569326400756,0.03643302,0.077734375,0.0003,3590,-0.017172234086319803,820.3561401367188,0.3,7.748603820800781e-07,1687.319400024414
1,1341,0,200.0,230.0,256,-1.9443486690521241,0.032320168,0.099609375,0.0003,3600,-0.019306375505402686,1168.8516845703125,0.3,5.960464477539063e-08,1935.1808654785157
2,1134,0,200.0,450.0,512,-2.0441633224487306,0.0023296664,0.0,0.0003,3610,-0.002373174368403852,552.928955078125,0.3,0.11127763986587524,1159.3232635498048
3,1075,0,200.0,430.0,768,-1.9418028950691224,0.0012305952,0.001171875,0.0003,3620,-0.0023740360978990794,1523.7218017578125,0.3,0.37429577112197876,2428.7318603515623
4,1056,0,200.0,482.0,1024,-1.94500732421875,0.0018193065,0.0,0.0003,3630,-0.005137760797515512,1059.29248046875,0.3,0.35278505086898804,1869.592529296875
5,1045,1,200.0,330.0,1280,-2.0217158675193785,0.0022954873,0.0015625,0.0003,3640,-0.0068371829111129045,624.6680297851562,0.3,0.28789108991622925,1763.3532470703126
6,1041,1,200.0,371.42857142857144,1536,-2.146035575866699,0.027385365,0.058984375,0.0003,3650,-0.01386820818297565,667.5822143554688,0.3,-0.38787031173706055,1562.0959106445312
7,1036,1,200.0,320.0,1792,-1.9632719457149506,0.00043853326,0.0,0.0003,3660,-0.0034242333844304086,813.1563110351562,0.3,0.24917888641357422,1571.1518188476562
8,1038,1,200.0,300.0,2048,-2.051949715614319,0.00085390825,0.0,0.0003,3670,-0.003843344352208078,495.7209167480469,0.3,0.21112245321273804,938.678988647461
9,1039,2,200.0,278.1818181818182,2304,-2.0413941740989685,0.013652643,0.026953125,0.0003,3680,-0.0145288925152272,514.7009887695312,0.3,0.316190242767334,933.601318359375
10,1042,2,200.0,330.8333333333333,2560,-2.056411528587341,0.032309707,0.07109375,0.0003,3690,-0.017772084148600698,1452.957275390625,0.3,0.1802801489830017,2597.851251220703
11,1042,2,200.0,340.0,2816,-2.0342220962047577,0.012453025,0.038671875,0.0003,3700,-0.007806922215968371,991.5391845703125,0.3,0.15116280317306519,2306.4170043945314
12,1042,2,200.0,316.6666666666667,3072,-1.9446976244449616,0.0009368232,0.0,0.0003,3710,-0.0038862119195982813,456.1174011230469,0.3,0.3356601595878601,1099.5379852294923
13,1045,3,200.0,335.625,3328,-1.986461442708969,0.0050709425,0.012890625,0.0003,3720,-0.011687843455001711,452.29547119140625,0.3,0.1652202010154724,998.3018524169922
14,1043,3,200.0,300.0,3584,-1.9533927202224732,0.00080177165,0.0,0.0003,3730,-0.002482986869290471,482.63079833984375,0.3,0.0766446590423584,1467.7784271240234
15,1042,3,200.0,299.4736842105263,3840,-1.9265301406383515,0.00092357607,0.0,0.0003,3740,-0.0023819842375814916,108.49418640136719,0.3,-0.8749198913574219,370.8018226623535
16,1041,3,200.0,283.0,4096,-1.9248944103717804,0.0005529311,0.0,0.0003,3750,-0.0023903113091364504,1196.7164306640625,0.3,0.3182368874549866,2199.2899963378904
17,1042,4,200.0,273.8095238095238,4352,-2.1407535314559936,0.008139467,0.00625,0.0003,3760,-0.004019488743506372,427.739990234375,0.3,-0.012816071510314941,931.2055908203125
18,1042,4,200.0,289.1304347826087,4608,-1.9206590354442596,0.00490158,0.020703125,0.0003,3770,-0.01674152831546962,639.44287109375,0.3,0.44163787364959717,1097.4783264160155
19,1043,4,200.0,293.75,4864,-1.9475645065307616,0.010090033,0.0234375,0.0003,3780,-0.014341919217258692,1116.2972412109375,0.3,0.3732980489730835,2137.4736328125
20,1043,4,200.0,298.0,5120,-1.9542963624000549,0.0044118953,0.003515625,0.0003,3790,-0.009149799274746328,829.105712890625,0.3,0.37128961086273193,1977.1776245117187
21,1044,5,200.0,301.9230769230769,5376,-1.9220616817474365,0.007302749,0.012109375,0.0003,3800,-0.006804975355044008,405.81854248046875,0.3,0.3500514030456543,1184.844253540039
22,1043,5,200.0,319.2857142857143,5632,-1.8971332967281342,0.0007393835,0.0,0.0003,3810,-0.001096612843684852,1324.35888671875,0.3,0.36342865228652954,2559.32294921875
23,1038,5,200.0,316.2068965517241,5888,-1.9406373500823975,0.0054700756,0.00859375,0.0003,3820,-0.008763052616268396,757.9635009765625,0.3,0.28867000341415405,1528.4962432861328
24,1038,5,200.0,318.6666666666667,6144,-1.9093091905117034,0.007048675,0.008984375,0.0003,3830,-0.004138339846394956,890.9039916992188,0.3,-0.07121729850769043,1837.6858032226562
25,1039,6,200.0,317.8125,6400,-1.9461799323558808,0.0025643378,0.0,0.0003,3840,-0.005412217974662781,894.5131225585938,0.3,0.358109712600708,1651.3472900390625
26,1038,6,200.0,319.6969696969697,6656,-1.988264137506485,0.0048550535,0.001171875,0.0003,3850,-0.005842180410400033,621.0289916992188,0.3,0.29922008514404297,1007.2538146972656
27,1040,6,200.0,323.52941176470586,6912,-1.9809553503990174,0.005414875,0.0109375,0.0003,3860,-0.010574886482208968,545.7897338867188,0.3,0.35496360063552856,1266.384326171875
28,1039,6,200.0,333.42857142857144,7168,-1.9252837777137757,0.0030940087,0.00546875,0.0003,3870,-0.006308594183064997,1101.1328125,0.3,0.4556312561035156,1929.5477355957032
29,1038,7,200.0,320.81081081081084,7424,-1.9753275871276856,0.007410711,0.012890625,0.0003,3880,-0.007202420267276466,430.3846740722656,0.3,0.3414413332939148,1103.7928436279296
30,1036,7,200.0,336.3157894736842,7680,-1.9772402107715608,0.0016626702,0.0,0.0003,3890,-0.00250937775708735,310.3227233886719,0.3,0.03923434019088745,807.3812561035156
31,940,8,200.0,338.71794871794873,7936,-1.9498227179050445,0.0034453657,0.002734375,0.0003,3900,-0.00602198182605207,1136.8726806640625,0.3,0.42717182636260986,2164.7998657226562
32,942,8,200.0,333.0,8192,-2.007758694887161,0.0016580867,0.0,0.0003,3910,-0.005236449418589473,857.5469970703125,0.3,0.33320266008377075,1810.3487915039063
33,944,8,200.0,331.1904761904762,8448,-1.9838876903057099,0.014732177,0.006640625,0.0003,3920,-0.010971569828689099,440.104248046875,0.3,0.4344663619995117,731.9152130126953
34,947,9,200.0,332.5581395348837,8704,-1.9950351953506469,0.016080804,0.02265625,0.0003,3930,-0.012731079710647464,935.1840209960938,0.3,0.26570212841033936,1505.847235107422
35,949,9,200.0,328.8636363636364,8960,-2.018944275379181,0.017467879,0.021875,0.0003,3940,-0.01709381057880819,907.4592895507812,0.3,0.38813573122024536,1856.1293823242188
36,951,9,200.0,332.17391304347825,9216,-1.9838474810123443,0.0042485027,0.005078125,0.0003,3950,-0.005920304427854716,692.7535400390625,0.3,0.39569157361984253,1162.5628662109375
37,953,9,200.0,329.1489361702128,9472,-1.9865684628486633,0.0025409048,0.0,0.0003,3960,-0.0073104527778923515,554.76220703125,0.3,0.3692960739135742,1192.4972381591797
38,955,10,200.0,326.4583333333333,9728,-2.010985630750656,0.004977232,0.00234375,0.0003,3970,-0.010712562594562769,332.67333984375,0.3,0.3060779571533203,904.1851806640625
39,957,10,200.0,334.0816326530612,9984,-1.9945446848869324,0.0018934344,0.0,0.0003,3980,-0.007216496043838561,598.5639038085938,0.3,0.38381147384643555,1603.4523864746093
40,959,10,200.0,316.078431372549,10240,-1.9718831181526184,0.0012957226,0.00078125,0.0003,3990,-0.005517811048775911,670.052490234375,0.3,0.3745611906051636,1261.6188751220702
1,1270,0,200.0,470.0,256,-2.0177942514419556,0.0015912051,0.0015625,0.0003,4000,0.002147341752424836,756.046142578125,0.3,-1.3640305995941162,1834.2489929199219
2,1150,0,200.0,215.0,512,-1.9597074806690216,0.0025655995,0.001171875,0.0003,3610,-0.006992264604195953,679.911376953125,0.3,1.6093254089355469e-06,1832.2422119140624
3,1096,0,200.0,133.33333333333334,768,-1.9601231455802917,0.001955208,0.0,0.0003,3620,-0.0021733772940933705,761.1019897460938,0.3,-3.5762786865234375e-07,1256.2183929443358
4,1076,0,200.0,252.0,1024,-1.8481645464897156,0.020206373,0.027734375,0.0003,3630,-0.020486549567431213,728.1343383789062,0.3,0.0,2253.1906860351564
5,1059,1,200.0,265.0,1280,-1.9771127641201018,0.017230265,0.01796875,0.0003,3640,-0.012860981095582247,660.5864868164062,0.3,0.0,1695.029315185547
6,1049,1,200.0,288.57142857142856,1536,-1.9277339160442353,0.018535,0.02734375,0.0003,3650,-0.007182382978498936,1280.567138671875,0.3,2.980232238769531e-07,2510.23095703125
7,1045,1,200.0,301.25,1792,-1.931947922706604,0.0051573985,0.005078125,0.0003,3660,-0.004285027459263802,1136.31298828125,0.3,2.384185791015625e-07,2171.041290283203
8,1046,1,200.0,271.0,2048,-1.928650540113449,0.010621358,0.009765625,0.0003,3670,-0.013347946340218186,953.0311889648438,0.3,-2.384185791015625e-07,1615.6306396484374
9,1046,2,200.0,220.0,2304,-1.9490689575672149,0.0050664227,0.0,0.0003,3680,-0.005845578107982874,585.2236328125,0.3,4.172325134277344e-07,1317.600863647461
10,1048,2,200.0,208.33333333333334,2560,-1.9575722455978393,0.002780755,0.00390625,0.0003,3690,-0.007060488173738122,808.4575805664062,0.3,1.0132789611816406e-06,1445.6803466796875
11,1037,2,200.0,241.42857142857142,2816,-1.945361602306366,0.00022857427,0.0,0.0003,3700,-0.0015575702534988522,551.0274658203125,0.3,-2.384185791015625e-07,1145.3522216796875
12,1035,2,200.0,236.66666666666666,3072,-1.9028591990470887,0.00023031235,0.0,0.0003,3710,-0.0017333198338747025,1350.3541259765625,0.3,4.76837158203125e-07,2701.3102905273436
13,1030,3,200.0,231.875,3328,-1.9620529472827912,0.0037748916,0.00546875,0.0003,3720,-0.008670782996341586,675.0202026367188,0.3,1.2516975402832031e-06,1415.197299194336
14,1028,3,200.0,257.6470588235294,3584,-1.909448230266571,0.004664544,0.016796875,0.0003,3730,-0.0053360571153461935,972.3193359375,0.3,-4.76837158203125e-07,2041.5105346679688
15,1025,3,200.0,274.7368421052632,3840,-1.9250905215740204,0.0013024104,0.0,0.0003,3740,-0.0030911696143448354,1102.5970458984375,0.3,5.960464477539062e-07,2106.069403076172
16,1024,3,200.0,281.0,4096,-1.9183062732219696,0.0015202707,0.0,0.0003,3750,-0.0026185460621491073,1210.7679443359375,0.3,1.0132789611816406e-06,2230.845843505859
17,1024,4,200.0,263.3333333333333,4352,-1.9027910649776458,0.030100286,0.077734375,0.0003,3760,-0.016485238866880535,804.0574951171875,0.3,3.5762786865234375e-07,1743.5324768066407
18,1021,4,200.0,310.0,4608,-1.906067156791687,0.043003514,0.154296875,0.0003,3770,-0.014691274147480726,962.396240234375,0.3,1.9073486328125e-06,1937.6114501953125
19,1021,4,200.0,315.0,4864,-1.8773649036884308,0.006143745,0.01015625,0.0003,3780,0.0029562363866716622,1748.18896484375,0.3,2.682209014892578e-06,3662.2319091796876
20,1022,5,200.0,339.2,5120,-1.86823667883873,0.000681099,0.0,0.0003,3790,-0.0036924437852576377,1119.614013671875,0.3,3.039836883544922e-06,2287.628729248047
21,1022,5,200.0,352.3076923076923,5376,-1.8653662860393525,0.00060179294,0.0,0.0003,3800,-0.0020467735128477218,1855.990234375,0.3,9.5367431640625e-07,3542.1155517578127
22,1022,5,200.0,364.64285714285717,5632,-1.8626324832439423,0.014347937,0.019140625,0.0003,3810,-0.012304862379096448,825.0052490234375,0.3,6.794929504394531e-06,1855.9384826660157
23,1023,5,200.0,366.8965517241379,5888,-1.8281642138957976,0.009706655,0.00625,0.0003,3820,-0.003950054454617202,1242.954833984375,0.3,3.457069396972656e-05,3021.578961181641
24,1023,6,200.0,375.0,6144,-1.845663809776306,0.0042415466,0.0015625,0.0003,3830,-0.006588388094678521,1238.20556640625,0.3,4.088878631591797e-05,2107.898614501953
25,1024,6,200.0,409.6875,6400,-1.9054627954959868,0.0012603779,0.0,0.0003,3840,-0.0006080440711230039,1659.2392578125,0.3,0.0001004934310913086,3646.382189941406
26,1023,6,200.0,410.3030303030303,6656,-1.8576282620429994,0.0001518135,0.0,0.0003,3850,-0.0013157343957573176,1939.213134765625,0.3,0.00012928247451782227,3347.505090332031
27,1023,6,200.0,417.94117647058823,6912,-1.855676132440567,0.0035516904,0.00078125,0.0003,3860,-0.007376223593018949,844.6314697265625,0.3,-1.1920928955078125e-06,2074.379528808594
28,1023,7,200.0,410.57142857142856,7168,-1.9507842242717743,0.002790352,0.0,0.0003,3870,-0.0034516591345891356,1223.8798828125,0.3,0.00013881921768188477,2143.523370361328
29,1024,7,200.0,405.94594594594594,7424,-2.058117091655731,0.001890419,0.000390625,0.0003,3880,-0.003842115309089422,751.1301879882812,0.3,0.0008438229560852051,1288.5537719726562
30,1022,7,200.0,394.4736842105263,7680,-1.9745646953582763,0.0063668233,0.0125,0.0003,3890,-0.008461722172796726,1192.6824951171875,0.3,0.0007620453834533691,2360.3867370605467
31,1005,7,200.0,388.97435897435895,7936,-1.9492802143096923,0.00093697454,0.0,0.0003,3900,-0.0030468138633295895,538.8880004882812,0.3,0.0003008246421813965,971.263314819336
32,1004,8,200.0,395.0,8192,-2.007796061038971,0.007424641,0.0125,0.0003,3910,-0.012118280818685889,1101.9168701171875,0.3,0.0004949569702148438,1905.9140563964843
33,1003,8,200.0,396.9047619047619,8448,-1.9690960109233857,0.0012335696,0.0015625,0.0003,3920,-0.0053093175170943144,968.2183227539062,0.3,0.0028285980224609375,1811.798760986328
34,1003,8,200.0,393.0232558139535,8704,-2.0001170098781587,0.0005397252,0.0,0.0003,3930,-0.0010079723550006747,1508.086669921875,0.3,0.004295051097869873,2653.3896667480467
35,1002,8,200.0,377.27272727272725,8960,-2.104644775390625,0.0004470318,0.000390625,0.0003,3940,-0.0036478386726230385,670.3888549804688,0.3,0.003487706184387207,1218.769955444336
36,1002,9,200.0,375.6521739130435,9216,-2.0942275524139404,0.00022998801,0.0,0.0003,3950,-0.0012815817957744003,475.32763671875,0.3,0.004690825939178467,921.2595581054687
37,1003,9,200.0,371.70212765957444,9472,-2.0496494293212892,0.0024287526,0.0,0.0003,3960,-0.008966579427942633,1204.154052734375,0.3,0.003332972526550293,2210.3299194335937
38,1004,9,200.0,368.75,9728,-2.076723003387451,0.009184367,0.00390625,0.0003,3970,-0.014816844509914518,1178.5423583984375,0.3,0.003559410572052002,2107.9915100097655
39,1005,9,200.0,374.8979591836735,9984,-2.0889627933502197,0.011251728,0.007421875,0.0003,3980,-0.011650793603621423,408.30047607421875,0.3,0.007173895835876465,1603.3465148925782
40,1006,10,200.0,371.5686274509804,10240,-2.06176301240921,0.006698637,0.010546875,0.0003,3990,-0.008772706892341376,788.7070922851562,0.3,0.0008909106254577637,2172.9823364257813
1,1336,0,200.0,450.0,256,-2.02114098072052,0.015355326,0.0296875,0.0003,4000,-0.014963678549975157,747.7030029296875,0.3,0.005377292633056641,1669.7547790527344
2,1183,0,200.0,450.0,512,-2.024976408481598,0.016560279,0.02421875,0.0003,4010,-0.020859667425975205,1052.8056640625,0.3,0.2763519883155823,1689.3736755371094
3,1120,0,200.0,536.6666666666666,768,-1.966564530134201,0.0050888387,0.003125,0.0003,4020,-0.007301716436631978,1158.4556884765625,0.3,0.4194783568382263,1773.0151794433593
4,1099,0,200.0,340.0,1024,-2.003193014860153,0.0073474944,0.005859375,0.0003,4030,-0.007721647201105952,681.7592163085938,0.3,0.29116034507751465,1272.4860870361329
5,1080,1,200.0,276.6666666666667,1280,-1.9989140510559082,0.0043026283,0.001171875,0.0003,4040,-0.0018263039994053543,495.7900390625,0.3,0.23340702056884766,1134.7777954101562
6,1062,1,200.0,367.14285714285717,1536,-1.9735757887363434,0.011224337,0.001953125,0.0003,4050,-0.01108736542519182,690.2398681640625,0.3,0.3652176856994629,1207.4416198730469
7,1053,1,200.0,376.25,1792,-1.9523948073387145,0.0058295177,0.000390625,0.0003,4060,-0.007584859966300428,989.3511352539062,0.3,0.3830907940864563,1815.9604187011719
8,1053,1,200.0,342.0,2048,-1.9509749293327332,0.009271551,0.005078125,0.0003,4070,-0.01051470332313329,694.6216430664062,0.3,0.40221166610717773,1137.0453155517578
9,1049,2,200.0,307.27272727272725,2304,-1.977590376138687,0.0036846073,0.005859375,0.0003,4080,-0.009373732749372721,488.0150146484375,0.3,0.26476985216140747,1197.029067993164
10,1049,2,200.0,237.5,2560,-1.969979453086853,0.0060571693,0.002734375,0.0003,4090,-0.007995409588329495,366.8258361816406,0.3,0.26510167121887207,646.3551391601562
11,1038,2,200.0,194.28571428571428,2816,-1.9377267777919769,0.0062062405,0.003125,0.0003,4100,-0.005618014303036034,765.1701049804688,0.3,-0.016422271728515625,1635.889404296875
12,1035,2,200.0,242.0,3072,-1.9715989053249359,0.039392248,0.08203125,0.0003,4110,-0.025456483964808284,81.04742431640625,0.3,-0.1482447385787964,239.32510147094726
13,1030,3,200.0,238.75,3328,-1.8765020966529846,0.0021163784,0.0046875,0.0003,4120,-0.002213808917440474,1289.156005859375,0.3,0.4357588291168213,2011.202066040039
14,1027,3,200.0,237.05882352941177,3584,-1.9313631176948547,0.002003774,0.00078125,0.0003,4130,-0.004663298244122416,551.93115234375,0.3,0.42451560497283936,1107.507485961914
15,1025,3,200.0,257.36842105263156,3840,-1.897574818134308,0.0035591088,0.0,0.0003,4140,-0.005690180975943804,521.4544067382812,0.3,0.30164003372192383,924.8709777832031
16,1023,4,200.0,276.5,4096,-1.9465217649936677,0.0025508949,0.0,0.0003,4150,-0.003955422434955835,1336.2279052734375,0.3,0.31991463899612427,3240.818884277344
17,1021,4,200.0,261.42857142857144,4352,-1.9015822410583496,0.0014549235,0.0,0.0003,4160,-0.004150258004665374,707.1588745117188,0.3,0.23600757122039795,1517.103549194336
18,1019,4,200.0,296.95652173913044,4608,-1.8734531581401825,0.010248373,0.001953125,0.0003,4170,-0.011301606497727334,495.4794616699219,0.3,0.39313024282455444,1066.5607025146485
19,1019,4,200.0,322.5,4864,-1.8412367343902587,0.0043009534,0.00078125,0.0003,4180,-0.002087177662178874,1249.3748779296875,0.3,0.4360177516937256,1941.8023010253905
20,1020,5,200.0,314.8,5120,-1.8829309046268463,0.00750493,0.027734375,0.0003,4190,-0.004450575052760542,1128.27197265625,0.3,0.4038918614387512,2062.940057373047
21,1021,5,200.0,317.6923076923077,5376,-1.9053025782108306,0.0021449828,0.000390625,0.0003,4200,-0.005860695708543062,925.6881103515625,0.3,-0.014635801315307617,2032.4979675292968
22,1021,5,200.0,300.7142857142857,5632,-1.8879188001155853,0.0027446433,0.000390625,0.0003,4210,-0.005254483502358198,606.3650512695312,0.3,-0.24270856380462646,1279.1587341308593
23,1021,5,200.0,313.7931034482759,5888,-1.8944492936134338,0.003521854,0.0015625,0.0003,4220,-0.007737425551749766,702.8849487304688,0.3,0.3084307909011841,1422.5514038085937
24,1018,6,200.0,317.6666666666667,6144,-1.8312772870063783,0.0036080847,0.0,0.0003,4230,-0.004884221369866282,709.5247802734375,0.3,0.41533970832824707,1550.7659606933594
25,1019,6,200.0,347.8125,6400,-1.8609810769557953,0.007802326,0.011328125,0.0003,4240,-0.012699528085067868,520.32763671875,0.3,0.5179139375686646,1215.899917602539
26,1019,6,200.0,356.06060606060606,6656,-1.7989417672157288,0.0052831075,0.0,0.0003,4250,-0.00881726146908477,1052.7735595703125,0.3,0.4328996539115906,2203.474005126953
27,1020,6,200.0,358.2352941176471,6912,-1.7383097410202026,0.0017611866,0.0,0.0003,4260,-0.0026346273021772503,821.4978637695312,0.3,0.2422078251838684,1784.0987731933594
28,1021,7,200.0,354.0,7168,-1.7589510440826417,0.0148743745,0.01640625,0.0003,4270,-0.011516288155689836,640.0950317382812,0.3,0.26703399419784546,1198.588558959961
29,1023,7,200.0,364.86486486486484,7424,-1.6925891876220702,0.005791252,0.0,0.0003,4280,-0.006560938199982047,1097.388916015625,0.3,0.1855165958404541,2013.0241333007812
30,1024,7,200.0,353.1578947368421,7680,-1.8136767745018005,0.002064402,0.0,0.0003,4290,-0.002669163141399622,804.920166015625,0.3,0.38452965021133423,1417.4300231933594
31,1025,7,200.0,355.12820512820514,7936,-1.8527220249176026,0.015157531,0.019140625,0.0003,4300,-0.01668097407091409,225.4189910888672,0.3,0.2881391644477844,638.1758117675781
32,1026,7,200.0,349.75,8192,-1.9135425865650177,0.018536123,0.017578125,0.0003,4310,-0.00929682063870132,815.7540283203125,0.3,0.24821174144744873,1699.868231201172
33,1026,8,200.0,370.95238095238096,8448,-1.6700935363769531,0.0040409276,0.0046875,0.0003,4320,-0.008061044965870678,1129.1298828125,0.3,0.43577659130096436,2194.5836791992188
34,1027,8,200.0,383.48837209302326,8704,-1.8243066132068635,0.0034098518,0.0,0.0003,4330,-0.003968842863105238,672.8732299804688,0.3,0.48219186067581177,1301.9967712402345
35,1028,8,200.0,395.45454545454544,8960,-1.8115472137928008,0.00474397,0.000390625,0.0003,4340,-0.005308650992810726,1614.082763671875,0.3,0.4589335322380066,2867.677697753906
36,1027,8,200.0,402.60869565217394,9216,-1.892916488647461,0.0031162256,0.001171875,0.0003,4350,-0.007069243770092726,974.5997314453125,0.3,0.4352385997772217,1854.7369995117188
37,1025,9,200.0,402.5531914893617,9472,-1.9678621113300323,0.012219235,0.024609375,0.0003,4360,-0.011130688665434717,769.2122802734375,0.3,0.13431960344314575,1514.2234619140625
38,1022,9,200.0,403.3333333333333,9728,-1.8948288321495057,0.008053662,0.002734375,0.0003,4370,-0.00779207656159997,635.8645629882812,0.3,0.45136338472366333,1184.786459350586
39,1022,9,200.0,413.8775510204082,9984,-1.892125940322876,0.02272437,0.045703125,0.0003,4380,-0.020239042211323978,982.1732788085938,0.3,0.3271028995513916,2270.4511535644533
40,1021,10,200.0,413.72549019607845,10240,-1.890816068649292,0.0034813501,0.0,0.0003,4390,-0.006609522481448948,680.5029296875,0.3,0.4241751432418823,1633.8863220214844
1,1313,0,200.0,430.0,256,-1.9473288476467132,0.0031929016,0.002734375,0.0003,4400,-0.005094403377734124,553.4088745117188,0.3,0.4530232548713684,1106.065481567383
2,1145,0,200.0,310.0,512,-2.035456597805023,0.0014128082,0.0,0.0003,4010,-0.0024084246484562754,902.7420043945312,0.3,0.007177412509918213,1656.657293701172
3,1102,0,200.0,340.0,768,-1.9548239767551423,0.00078379805,0.0,0.0003,4020,-0.0018225531093776226,545.9617309570312,0.3,0.006884276866912842,1372.012353515625
4,1080,0,200.0,322.0,1024,-1.9777258276939391,0.0005979724,0.0,0.0003,4030,-0.003106169565580785,926.800048828125,0.3,0.0071190595626831055,2154.678674316406
5,1066,1,200.0,340.0,1280,-2.014019250869751,0.0013443911,0.0,0.0003,4040,-0.00290243208874017,1055.503173828125,0.3,0.00983816385269165,1784.6897033691407
6,1060,1,200.0,347.14285714285717,1536,-1.9924168050289155,0.00081633474,0.00078125,0.0003,4050,-0.004714357806369663,971.3622436523438,0.3,0.011381924152374268,2079.002056884766
7,1052,1,200.0,356.25,1792,-1.9481767773628236,0.0014105276,0.00078125,0.0003,4060,-0.0035398240201175214,1319.256591796875,0.3,0.004541218280792236,2478.913458251953
8,1047,1,200.0,395.0,2048,-2.000795233249664,0.0029235783,0.000390625,0.0003,4070,-0.004504232294857502,834.0772705078125,0.3,-0.004529356956481934,1767.0191955566406
9,1050,2,200.0,371.8181818181818,2304,-2.039593315124512,0.00029067765,0.0,0.0003,4080,0.0004585659597069025,1149.7078857421875,0.3,0.025811612606048584,2480.9879638671873
10,1043,2,200.0,374.1666666666667,2560,-2.0112393856048585,0.00377279,0.001171875,0.0003,4090,-0.008165478007867932,1028.6954345703125,0.3,0.013680040836334229,2216.377294921875
11,1036,2,200.0,297.14285714285717,2816,-2.085680365562439,0.0015089554,0.0,0.0003,4100,-0.0059533259132877,583.4347534179688,0.3,0.01564788818359375,1208.3240814208984
12,1033,2,200.0,289.3333333333333,3072,-2.0998608827590943,0.0003693106,0.0,0.0003,4110,-0.001598825678229332,118.71401977539062,0.3,-0.4515129327774048,378.53984451293945
13,1034,3,200.0,310.0,3328,-1.9807133495807647,0.00075589214,0.0,0.0003,4120,-0.002961016772314906,657.9183959960938,0.3,0.08020365238189697,1749.1537780761719
14,1030,3,200.0,332.3529411764706,3584,-1.9803072035312652,0.00011506886,0.0,0.0003,4130,-0.0008874642429873347,1212.5081787109375,0.3,0.12601721286773682,2937.986193847656
15,1028,3,200.0,338.42105263157896,3840,-2.0121555984020234,0.0010451076,0.0,0.0003,4140,-0.004195655602961779,1129.8416748046875,0.3,0.08455425500869751,2124.075018310547
16,1026,3,200.0,340.0,4096,-1.9647741854190826,0.0011811543,0.0,0.0003,4150,-0.0029937878949567675,1532.3543701171875,0.3,0.1290971040725708,2208.831756591797
17,1025,4,200.0,325.23809523809524,4352,-1.9300350785255431,0.0031386225,0.005078125,0.0003,4160,-0.0065389298368245365,569.4971313476562,0.3,-0.1326756477355957,1204.2268615722655
18,1022,4,200.0,297.82608695652175,4608,-2.012385308742523,0.00049035414,0.0,0.0003,4170,-0.001363285956904292,459.2013854980469,0.3,0.10804492235183716,1459.286782836914
19,1018,4,200.0,302.0833333333333,4864,-2.0151529133319857,0.005177354,0.008984375,0.0003,4180,-0.010228723217733205,246.5479278564453,0.3,0.03692424297332764,1163.1283737182616
20,1016,5,200.0,307.6,5120,-2.0046989262104034,0.002803396,0.001171875,0.0003,4190,-0.005375687638297677,819.872314453125,0.3,0.19524681568145752,1713.2630737304687
21,1015,5,200.0,295.0,5376,-2.041156542301178,0.00035878643,0.0,0.0003,4200,-0.0013421106268651783,1024.5623779296875,0.3,0.2474784255027771,1869.5547302246093
22,1016,5,200.0,320.35714285714283,5632,-1.9837131798267365,0.0004041528,0.0,0.0003,4210,-0.001664966274984181,1155.1876220703125,0.3,0.07410740852355957,2178.298059082031
23,1017,5,200.0,321.37931034482756,5888,-1.9848987936973572,8.632778e-05,0.0,0.0003,4220,-0.0009673258755356073,1458.2939453125,0.3,0.09622353315353394,2679.2910034179686
24,1014,6,200.0,331.6666666666667,6144,-2.0149067759513857,0.00020990823,0.0,0.0003,4230,-0.001364392228424549,911.1953125,0.3,0.13771402835845947,1928.34375
25,1012,6,200.0,366.25,6400,-1.9809874713420867,0.0009602057,0.0,0.0003,4240,-0.0028822284657508135,1432.7100830078125,0.3,0.1674649715423584,2728.4322998046873
26,1010,6,200.0,375.45454545454544,6656,-1.9985951066017151,0.00087565253,0.000390625,0.0003,4250,-0.004184427065774798,1588.02099609375,0.3,0.1848786473274231,3258.2681518554687
27,1011,6,200.0,383.2352941176471,6912,-1.96673504114151,0.00014159596,0.0,0.0003,4260,-0.001140412874519825,1100.29638671875,0.3,0.06483221054077148,2072.5135131835937
28,1011,7,200.0,398.2857142857143,7168,-1.9555154323577881,0.00023514358,0.0,0.0003,4270,-0.0011761234141886233,1249.1363525390625,0.3,0.15510928630828857,2770.7881469726562
29,1009,7,200.0,383.5135135135135,7424,-1.926816600561142,0.004274197,0.002734375,0.0003,4280,-0.008408263814635575,1390.777587890625,0.3,0.05440026521682739,2750.9036376953127
30,1008,7,200.0,396.05263157894734,7680,-2.0532288551330566,0.009657981,0.00703125,0.0003,4290,-0.0170084526296705,562.7745971679688,0.3,0.21425628662109375,977.9522766113281
31,1009,7,200.0,384.87179487179486,7936,-1.9511728703975677,0.0007507666,0.0,0.0003,4300,-0.0007454882841557264,1103.17236328125,0.3,0.21007400751113892,2216.009173583984
32,1009,8,200.0,385.0,8192,-1.9928512454032898,0.0014889734,0.0,0.0003,4310,-0.0037001346703618766,1079.2794189453125,0.3,0.19581282138824463,1951.2668884277343
33,1009,8,200.0,380.0,8448,-2.117777168750763,0.001086934,0.0,0.0003,4320,-0.0008613849757239222,83.4042739868164,0.3,-0.07064163684844971,188.25504379272462
34,1010,8,200.0,386.74418604651163,8704,-1.9738230407238007,0.000113465125,0.0,0.0003,4330,-0.0013902177335694433,1336.5701904296875,0.3,0.28820282220840454,2265.4707763671877
35,1011,8,200.0,371.1363636363636,8960,-1.9728578269481658,0.00060283183,0.0,0.0003,4340,-0.002073448267765343,1228.832763671875,0.3,0.1946934461593628,2328.070703125
36,1012,9,200.0,395.4347826086956,9216,-2.0047373116016387,0.0013680658,0.0,0.0003,4350,-0.004933677602093667,1515.349609375,0.3,0.0820125937461853,2111.9308532714845
37,1012,9,200.0,381.27659574468083,9472,-2.0056585133075715,0.00052634627,0.0,0.0003,4360,-0.00040857915300875904,1517.2955322265625,0.3,0.22004491090774536,2775.0962768554687
38,1013,9,200.0,367.0833333333333,9728,-2.066298246383667,0.00031963456,0.0,0.0003,4370,-0.0015275305369868875,76.1873550415039,0.3,-0.08201920986175537,245.9703769683838
39,1013,9,200.0,367.7551020408163,9984,-2.0878721952438353,0.005651986,0.002734375,0.0003,4380,-0.009207486442755907,233.47760009765625,0.3,0.36129230260849,407.02507095336915
40,1014,10,200.0,374.70588235294116,10240,-2.031685250997543,0.005544317,0.0,0.0003,4390,-0.005426818155683577,1104.2889404296875,0.3,0.215964674949646,2054.748211669922
1,1312,0,200.0,890.0,256,-1.9578838706016541,0.0006762494,0.0,0.0003,4400,-0.0026796655263751747,1603.04345703125,0.3,0.25535452365875244,3013.584619140625
2,1145,0,200.0,230.0,512,-1.9517833411693573,0.0116194505,0.026171875,0.0003,4410,-0.013910686504095793,1051.855224609375,0.3,0.21777987480163574,2138.8050170898437
3,1089,0,200.0,253.33333333333334,768,-1.9191651523113251,0.0019079926,0.0,0.0003,4420,-0.0040022307774052026,695.77783203125,0.3,-0.07462728023529053,1887.0806030273438
4,1054,0,200.0,228.0,1024,-1.8970929622650146,0.011144822,0.0109375,0.0003,4430,-0.01302040545269847,1099.960693359375,0.3,0.3971624970436096,1608.6960540771483
5,1055,1,200.0,301.6666666666667,1280,-1.9543591678142547,0.0038772644,0.0,0.0003,4440,-0.0018296862952411174,91.63035583496094,0.3,0.13337749242782593,290.1224418640137
6,1060,1,200.0,418.57142857142856,1536,-1.9279413402080536,0.002175902,0.0,0.0003,4450,-0.003949654661118985,661.6547241210938,0.3,0.4926183819770813,1876.1231201171875
7,1059,1,200.0,350.0,1792,-1.8219318866729737,0.004650835,0.007421875,0.0003,4460,-0.007712655141949654,1103.7283935546875,0.3,0.3344171643257141,2054.7643188476563
8,1062,1,200.0,341.0,2048,-1.8188100755214691,0.026991718,0.04453125,0.0003,4470,-0.020336810033768415,368.83135986328125,0.3,0.3765086531639099,817.759814453125
9,1066,2,200.0,370.90909090909093,2304,-1.9127231061458587,0.011357932,0.01328125,0.0003,4480,-0.01637185059953481,567.8179931640625,0.3,0.27757591009140015,1195.9600341796875
10,1065,2,200.0,393.3333333333333,2560,-1.835142469406128,0.0012744425,0.0,0.0003,4490,-0.002174860704690218,1057.224365234375,0.3,0.3051043748855591,2119.577227783203
11,1067,2,200.0,435.0,2816,-1.9149762988090515,0.008044151,0.01171875,0.0003,4500,-0.008263717405498028,744.784423828125,0.3,0.40061503648757935,1563.3757751464843
12,1066,2,200.0,412.6666666666667,3072,-1.934337854385376,0.0026508707,0.00234375,0.0003,4510,-0.004380783531814814,773.8388671875,0.3,0.4291726350784302,1810.905010986328
13,1069,3,200.0,370.0,3328,-1.952660208940506,0.0018640468,0.00078125,0.0003,4520,-0.004355690348893404,1208.994384765625,0.3,0.07531195878982544,2360.6337890625
14,1067,3,200.0,402.3529411764706,3584,-1.895081740617752,0.005427668,0.00390625,0.0003,4530,-0.006672225194051862,1214.121337890625,0.3,-0.07361626625061035,2879.6646484375
15,1066,3,200.0,417.36842105263156,3840,-1.8932485044002534,0.011442088,0.0078125,0.0003,4540,-0.01826128731481731,661.0232543945312,0.3,0.46451908349990845,1101.353549194336
16,1065,3,200.0,442.0,4096,-1.9022087097167968,0.0029779782,0.000390625,0.0003,4550,-0.0010451910085976124,976.8079223632812,0.3,0.31869077682495117,2077.4892333984376
17,1066,4,200.0,430.0,4352,-1.9270759284496308,0.0058832634,0.0015625,0.0003,4560,-0.012678465992212295,851.7841186523438,0.3,0.5006650686264038,1425.6552825927733
18,1066,4,200.0,459.5652173913044,4608,-1.9077629327774048,0.0023220289,0.0,0.0003,4570,-0.003857466741465032,958.3908081054688,0.3,0.3458788990974426,2072.6308715820314
19,1067,4,200.0,469.1666666666667,4864,-1.9381417512893677,0.0030347689,0.003125,0.0003,4580,-0.009711261850316077,882.7657470703125,0.3,0.26584213972091675,1826.8270935058595
20,1068,4,200.0,442.4,5120,-1.8912985920906067,0.002827371,0.00078125,0.0003,4590,-0.0041365579701960085,436.4049377441406,0.3,0.4916713833808899,1264.7161956787108
21,1069,5,200.0,451.53846153846155,5376,-1.816741055250168,0.017842418,0.025,0.0003,4600,-0.01109628016129136,1041.40234375,0.3,0.10246366262435913,2315.6377197265624
22,1066,5,200.0,389.2857142857143,5632,-1.750363475084305,0.00666935,0.006640625,0.0003,4610,-0.006251575984060764,344.16058349609375,0.3,0.2903009057044983,889.3710052490235
23,1064,5,200.0,399.3103448275862,5888,-1.4970654547214508,0.0143798245,0.019140625,0.0003,4620,-0.00557522380258888,2446.22265625,0.3,-1.0131609439849854,5190.037182617188
24,1066,5,200.0,416.3333333333333,6144,-1.8606979191303252,0.0007180993,0.0,0.0003,4630,-0.002113958913832903,806.7512817382812,0.3,0.2975403666496277,1698.2051635742187
25,1061,6,200.0,447.8125,6400,-1.8538642346858978,0.0013257663,0.0,0.0003,4640,-0.003646231722086668,1089.51611328125,0.3,0.5048133134841919,2014.9379028320313
26,1062,6,200.0,447.8787878787879,6656,-1.8967583298683166,0.0032220024,0.00078125,0.0003,4650,-0.004854655847884715,821.8452758789062,0.3,0.43656474351882935,2169.534002685547
27,1061,6,200.0,468.52941176470586,6912,-1.9244889259338378,0.0042887153,0.00078125,0.0003,4660,-0.00808082246221602,939.1599731445312,0.3,0.3473430871963501,1736.9049438476563
28,1061,6,200.0,488.2857142857143,7168,-1.7841645181179047,0.006825761,0.0015625,0.0003,4670,-0.008486825483851134,1232.9256591796875,0.3,0.5060602426528931,2106.032080078125
29,1062,6,200.0,484.86486486486484,7424,-1.8731790840625764,0.010299552,0.015234375,0.0003,4680,-0.012139502726495267,631.2498779296875,0.3,0.4792919158935547,1511.8724060058594
30,1062,7,200.0,490.7894736842105,7680,-1.7967893958091736,0.006829789,0.00546875,0.0003,4690,-0.012148261140100657,629.1696166992188,0.3,0.448375403881073,1392.5743408203125
31,1060,7,200.0,514.1025641025641,7936,-1.9260684490203857,0.0065590004,0.012109375,0.0003,4700,-0.010825575911439955,911.1337280273438,0.3,0.5329301953315735,1647.3570739746094
32,1058,7,200.0,518.5,8192,-1.8654033541679382,0.0026845462,0.0,0.0003,4710,-0.004452892416156829,1133.59716796875,0.3,0.3711956739425659,2758.4348999023437
33,1056,7,200.0,531.6666666666666,8448,-2.007595646381378,0.00055112503,0.0,0.0003,4720,0.00016545301768928767,842.772705078125,0.3,0.18830031156539917,1566.2138366699219
34,1054,8,200.0,528.8372093023256,8704,-1.9927263975143432,0.0070274286,0.0109375,0.0003,4730,-0.012621133332140743,1039.8187255859375,0.3,0.4486842155456543,1670.6140075683593
35,1054,8,200.0,532.0454545454545,8960,-1.7965935707092284,0.0026274642,0.001171875,0.0003,4740,-0.003914204123429954,661.0820922851562,0.3,0.28388160467147827,1670.1664672851562
36,1053,8,200.0,531.7391304347826,9216,-1.9518747806549073,0.00032644183,0.0,0.0003,4750,-0.0010644710622727872,693.7798461914062,0.3,0.5345367789268494,1591.2005737304687
37,1052,9,200.0,545.1063829787234,9472,-1.9096943318843842,0.014169533,0.032421875,0.0003,4760,-0.011494139046408235,1309.856689453125,0.3,0.2012975811958313,2484.169024658203
38,1052,9,200.0,542.7083333333334,9728,-1.9576465427875518,0.0055647693,0.007421875,0.0003,4770,-0.004393518483266234,1032.619140625,0.3,0.43718481063842773,1747.537255859375
39,1052,9,200.0,545.3061224489796,9984,-1.9313703536987306,0.0012376909,0.0,0.0003,4780,-0.0009200726170092821,600.3187255859375,0.3,0.5143990516662598,1458.3050720214844
40,1051,9,200.0,544.9019607843137,10240,-2.008712947368622,0.0019729573,0.0,0.0003,4790,0.0008761944016441702,921.5282592773438,0.3,0.16701281070709229,2414.013781738281
1,1261,0,200.0,110.0,256,-2.0351136922836304,0.002750293,0.009375,0.0003,4800,-0.0090473513584584,565.7449340820312,0.3,0.3444138765335083,1322.8301361083984
2,1119,0,200.0,275.0,512,-2.0126481652259827,0.0001620648,0.0,0.0003,4410,-0.0012935664039105178,330.188720703125,0.3,0.043983399868011475,1276.1889373779297
3,1085,0,200.0,36.666666666666664,768,-2.031755518913269,0.00033572176,0.0,0.0003,4420,-0.0019848709460347893,728.5686645507812,0.3,0.17561542987823486,1621.5862915039063
4,1061,0,200.0,290.0,1024,-2.0591856837272644,0.0018914053,0.0,0.0003,4430,-0.005690982867963612,935.1312866210938,0.3,0.11259835958480835,2356.7068298339846
5,1050,1,200.0,233.33333333333334,1280,-2.0057903289794923,0.0017239172,0.0,0.0003,4440,-0.00458493335172534,956.0362548828125,0.3,0.29913538694381714,1776.8883850097657
6,1048,1,200.0,255.71428571428572,1536,-1.9292848229408264,0.0017369168,0.00078125,0.0003,4450,-0.0037379203364253043,606.62158203125,0.3,0.29961836338043213,971.0786346435547
7,1047,1,200.0,237.5,1792,-2.060174214839935,0.000989364,0.0,0.0003,4460,-0.001912160823121667,723.69873046875,0.3,0.19852691888809204,1131.282568359375
8,1047,1,200.0,219.0,2048,-1.995039600133896,0.008130294,0.01015625,0.0003,4470,-0.010095618572086096,1139.7939453125,0.3,0.0229911208152771,2176.7669982910156
9,1045,2,200.0,280.90909090909093,2304,-2.1269371271133424,0.0012553998,0.0,0.0003,4480,-0.00782541250810027,418.0245361328125,0.3,0.25953441858291626,737.7041244506836
10,1043,2,200.0,309.1666666666667,2560,-2.017613261938095,0.0010287375,0.0,0.0003,4490,-0.0020250588306225835,1834.675537109375,0.3,0.22910159826278687,3569.377893066406
11,1042,2,200.0,343.57142857142856,2816,-2.0311504721641542,0.00025259517,0.0,0.0003,4500,-0.0026520458050072193,777.708740234375,0.3,0.3431830406188965,1515.3893676757812
12,1041,2,200.0,381.3333333333333,3072,-2.0422144174575805,0.00033170357,0.0,0.0003,4510,-0.0013926537241786719,1138.64501953125,0.3,0.3101789951324463,2248.4181213378906
13,1040,3,200.0,411.25,3328,-2.0052386224269867,0.00038741576,0.0,0.0003,4520,-0.0027774457121267915,996.0468139648438,0.3,0.17834985256195068,2662.324334716797
14,1042,3,200.0,425.29411764705884,3584,-2.0442522883415224,0.0017657732,0.0,0.0003,4530,-0.005395101197063923,1178.6510009765625,0.3,0.21420103311538696,2545.234411621094
15,1040,3,200.0,373.6842105263158,3840,-2.008513814210892,0.003114237,0.006640625,0.0003,4540,-0.005599074764177203,624.82470703125,0.3,0.12464064359664917,1453.7796020507812
16,1042,3,200.0,376.0,4096,-2.1077329754829406,0.00048308796,0.0,0.0003,4550,-0.005237514479085803,476.9117126464844,0.3,-0.15522515773773193,1079.7392303466797
17,1041,4,200.0,364.2857142857143,4352,-2.0296091556549074,0.00020828843,0.0,0.0003,4560,-0.0006834996398538351,666.215087890625,0.3,0.2897864580154419,1816.9950378417968
18,1043,4,200.0,344.7826086956522,4608,-2.0065026342868806,0.0018429805,0.0,0.0003,4570,-0.004403460491448641,547.4505615234375,0.3,0.357269823551178,1162.714208984375
19,1044,4,200.0,336.6666666666667,4864,-2.1124436259269714,0.0018635285,0.0,0.0003,4580,-0.0030328201595693828,857.1743774414062,0.3,0.1286860704421997,1731.5923889160156
20,1046,4,200.0,341.2,5120,-2.0149279117584227,0.00022661733,0.0,0.0003,4590,-0.0012779669836163522,840.3300170898438,0.3,0.27524620294570923,1666.9077575683593
21,1048,5,200.0,352.6923076923077,5376,-1.9775679647922515,0.000103771454,0.0,0.0003,4600,-0.0012335762614384294,855.396240234375,0.3,0.26974403858184814,2046.3538757324218
22,1048,5,200.0,330.35714285714283,5632,-2.0560656547546388,0.0062326705,0.0109375,0.0003,4610,-0.011285269499057903,505.86151123046875,0.3,0.15287774801254272,1104.836376953125
23,1042,5,200.0,333.44827586206895,5888,-1.9883383870124818,0.0007827529,0.0,0.0003,4620,-0.0018649382516741752,722.2207641601562,0.3,0.08576834201812744,1343.9186767578126
24,1039,5,200.0,327.6666666666667,6144,-1.9964539468288423,0.00030455412,0.0,0.0003,4630,-0.0030111671541817485,773.5889892578125,0.3,0.24928146600723267,1618.3614868164063
25,1033,6,200.0,352.1875,6400,-2.0634833335876466,0.00043717911,0.0,0.0003,4640,-0.003472815500572324,682.095703125,0.3,0.3511747121810913,1853.912109375
26,1029,6,200.0,339.3939393939394,6656,-1.97237286567688,0.0011276999,0.000390625,0.0003,4650,-0.002983871498145163,1481.67919921875,0.3,0.23944365978240967,2592.65
27,1027,6,200.0,363.2352941176471,6912,-1.998368215560913,0.00075546606,0.0,0.0003,4660,-0.0031550456304103138,1074.7608642578125,0.3,-0.05005943775177002,1767.25205078125
28,1024,6,200.0,358.0,7168,-2.0156406104564666,0.0012797958,0.0,0.0003,4670,-0.004341506958007812,1064.436279296875,0.3,0.29591256380081177,2485.5979919433594
29,1023,7,200.0,330.5405405405405,7424,-2.138420617580414,0.007237713,0.0078125,0.0003,4680,-0.004900687001645565,588.9427490234375,0.3,-0.14378750324249268,1121.915576171875
30,1021,7,200.0,330.5263157894737,7680,-2.089930808544159,0.0008806081,0.0,0.0003,4690,-0.005060666939243674,405.6467590332031,0.3,0.02292567491531372,1445.125326538086
31,1021,7,200.0,344.1025641025641,7936,-1.9708538115024568,0.00063713617,0.0,0.0003,4700,-0.002453471603803337,1032.77685546875,0.3,0.2115829586982727,2180.8947326660154
32,1021,8,200.0,346.25,8192,-2.0156588673591616,8.8261906e-05,0.0,0.0003,4710,-0.0008552981074899435,1373.06396484375,0.3,0.25362861156463623,2675.5791625976562
33,1022,8,200.0,348.8095238095238,8448,-1.969682329893112,0.0004974408,0.0,0.0003,4720,-0.0031602097675204276,847.59228515625,0.3,0.2727166414260864,1636.866796875
34,1022,8,200.0,349.30232558139534,8704,-2.0486665964126587,0.002923966,0.0015625,0.0003,4730,-0.00676997157279402,964.3424682617188,0.3,0.20239651203155518,1744.791748046875
35,1023,8,200.0,357.04545454545456,8960,-2.0266035199165344,0.0014627732,0.001953125,0.0003,4740,-0.004670852283015847,1145.4285888671875,0.3,0.27750164270401,2139.3280334472656
36,1024,8,200.0,358.4782608695652,9216,-2.0546239852905273,0.0016295186,0.0,0.0003,4750,-0.004327963571995497,520.7860717773438,0.3,0.24647223949432373,1290.3264862060546
37,1023,9,200.0,349.1489361702128,9472,-2.0416465044021606,0.0012061743,0.0,0.0003,4760,-0.005696738953702152,1022.5364990234375,0.3,0.2651769518852234,1888.863214111328
38,1023,9,200.0,343.5416666666667,9728,-2.0316012382507322,0.0015872205,0.0,0.0003,4770,-0.0034727373393252494,173.50946044921875,0.3,0.31248271465301514,775.170263671875
39,1024,9,200.0,355.1020408163265,9984,-2.059820365905762,0.0054710484,0.00703125,0.0003,4780,-0.009904772602021694,1145.6634521484375,0.3,0.22391456365585327,2326.3748168945312
40,1024,9,200.0,343.52941176470586,10240,-2.075202965736389,0.0039174072,0.001171875,0.0003,4790,-0.006766185024753213,709.3010864257812,0.3,0.41011494398117065,1428.659146118164
1,1360,0,200.0,430.0,256,-2.0634150981903074,0.0025571173,0.003515625,0.0003,4800,-0.0053689926862716675,356.66119384765625,0.3,0.236200749874115,636.1012130737305
2,1177,0,200.0,310.0,512,-1.994019442796707,0.005632787,0.003515625,0.0003,4810,-0.006602454720996321,497.27008056640625,0.3,0.4736528992652893,1401.6515747070312
3,1108,0,200.0,353.3333333333333,768,-2.0245291531085967,0.009059962,0.007421875,0.0003,4820,-0.012961484317202121,398.56683349609375,0.3,0.581582248210907,756.6890411376953
4,1066,0,200.0,322.0,1024,-2.0095311522483827,0.0059149507,0.0,0.0003,4830,-0.005317430943250656,760.9035034179688,0.3,0.3698301315307617,1625.1451599121094
5,1064,1,200.0,375.0,1280,-2.0461270928382875,0.018589187,0.03203125,0.0003,4840,-0.013071553013287485,273.1396484375,0.3,0.4233347177505493,542.5605651855469
6,1059,1,200.0,311.42857142857144,1536,-1.945052045583725,0.008621757,0.0,0.0003,4850,-0.00963296788977459,761.6414184570312,0.3,0.34292101860046387,1722.8969604492188
7,1058,1,200.0,350.0,1792,-2.0194432020187376,0.015323808,0.009765625,0.0003,4860,-0.01091446946375072,203.48585510253906,0.3,0.5766234397888184,619.2420196533203
8,1051,1,200.0,367.0,2048,-1.9819137334823609,0.0051658526,0.003125,0.0003,4870,-0.004291747929528356,825.2078857421875,0.3,0.39089763164520264,1425.0910217285157
9,1050,2,200.0,369.09090909090907,2304,-1.9809733629226685,0.008486522,0.003125,0.0003,4880,-0.009715010412037373,458.3722839355469,0.3,0.4979267120361328,924.568228149414
10,1052,2,200.0,314.1666666666667,2560,-1.954093486070633,0.009816664,0.00390625,0.0003,4890,-0.013704330846667289,508.67083740234375,0.3,0.40858036279678345,1022.5111114501954
11,1052,2,200.0,329.2857142857143,2816,-1.873806232213974,0.0054231016,0.0,0.0003,4900,-0.004541290597990156,478.6236572265625,0.3,0.5419315099716187,932.1722717285156
12,1050,2,200.0,306.6666666666667,3072,-1.8646204590797424,0.002065911,0.00234375,0.0003,4910,-0.005738595977891237,384.8568420410156,0.3,0.4159936308860779,1229.429913330078
13,1048,3,200.0,316.875,3328,-1.9413386702537536,0.010225428,0.001953125,0.0003,4920,-0.006918164342641831,343.65924072265625,0.3,0.18391293287277222,728.0583953857422
14,1048,3,200.0,338.8235294117647,3584,-1.7819061756134034,0.007642151,0.005078125,0.0003,4930,-0.009130489639937877,688.1163330078125,0.3,0.4754948019981384,1827.952410888672
15,1050,3,200.0,371.57894736842104,3840,-1.990225476026535,0.009646554,0.00546875,0.0003,4940,-0.013430916890501975,327.0531311035156,0.3,0.5246353149414062,761.081201171875
16,1049,3,200.0,386.5,4096,-1.9475735962390899,0.005187313,0.00078125,0.0003,4950,-0.003225481603294611,1558.0927734375,0.3,0.25628334283828735,3099.95693359375
17,1049,4,200.0,395.23809523809524,4352,-2.012026160955429,0.016165147,0.017578125,0.0003,4960,-0.013830513786524534,799.9732666015625,0.3,0.49259454011917114,1541.9180847167968
18,1049,4,200.0,417.82608695652175,4608,-1.8322412550449372,0.0049341475,0.00703125,0.0003,4970,-0.008296940801665187,1345.7286376953125,0.3,0.4346020221710205,2605.3998046875
19,1048,4,200.0,410.0,4864,-1.8921595871448518,0.0045524705,0.005078125,0.0003,4980,-0.010156849515624344,629.6513671875,0.3,0.41298484802246094,1333.5942321777343
20,1048,4,200.0,408.8,5120,-1.949403214454651,0.0052489564,0.0,0.0003,4990,-0.007156800827942789,850.6006469726562,0.3,0.27187275886535645,1336.8646484375
21,1047,5,200.0,401.15384615384613,5376,-1.9517513632774353,0.0051820045,0.002734375,0.0003,5000,-0.005923381634056568,439.5574951171875,0.3,0.5796085000038147,834.7083023071289
22,1047,5,200.0,381.42857142857144,5632,-1.9267522931098937,0.005960839,0.002734375,0.0003,5010,-0.007234441116452217,515.8687133789062,0.3,0.22826719284057617,1274.6902618408203
23,1046,5,200.0,383.1034482758621,5888,-2.0157042384147643,0.02726735,0.047265625,0.0003,5020,-0.02097631336655468,265.6777038574219,0.3,0.5109949111938477,840.6719512939453
24,1046,5,200.0,390.0,6144,-1.798151433467865,0.0047782855,0.001953125,0.0003,5030,-0.0033639848697930574,654.7564086914062,0.3,0.500867486000061,1317.1854187011718
25,1047,6,200.0,402.1875,6400,-1.933008998632431,0.005233855,0.0015625,0.0003,5040,-0.007077385694719851,746.1092529296875,0.3,0.5836272835731506,1485.5776397705079
26,1048,6,200.0,399.6969696969697,6656,-1.881418526172638,0.0015159817,0.0,0.0003,5050,-0.004190365271642804,799.4259643554688,0.3,-0.012798428535461426,2311.494903564453
27,1047,6,200.0,407.6470588235294,6912,-1.8871247708797454,0.0032510066,0.004296875,0.0003,5060,-0.006930462853051722,1091.4580078125,0.3,0.24676001071929932,1976.6131896972656
28,1043,6,200.0,415.14285714285717,7168,-1.832979243993759,0.010166117,0.01015625,0.0003,5070,-0.012278423574753106,1195.3341064453125,0.3,0.33984512090682983,1961.4434448242187
29,1043,7,200.0,430.0,7424,-1.8776658296585083,0.004024908,0.0,0.0003,5080,-0.007086761598475278,459.0848693847656,0.3,0.5019384622573853,1111.7945220947265
30,1042,7,200.0,436.3157894736842,7680,-1.8213516652584076,0.010003321,0.01015625,0.0003,5090,-0.01629225122742355,778.2723388671875,0.3,0.5363835096359253,1242.4989074707032
31,1041,7,200.0,442.3076923076923,7936,-1.8476019382476807,0.0099324845,0.002734375,0.0003,5100,-0.010209295595996083,600.400390625,0.3,0.5249024629592896,1165.211489868164
32,1042,7,200.0,442.5,8192,-1.7712836682796478,0.013397256,0.009765625,0.0003,5110,-0.014166510105133057,636.4398193359375,0.3,0.49524903297424316,1357.386264038086
33,1043,8,200.0,442.3809523809524,8448,-1.760699325799942,0.0037748397,0.002734375,0.0003,5120,-0.006693981937132776,834.05615234375,0.3,-0.1457056999206543,2126.2129455566405
34,1042,8,200.0,453.25581395348837,8704,-1.6217429697513581,0.0059622247,0.0,0.0003,5130,-0.004911816655658185,1118.8037109375,0.3,0.1670662760734558,1996.7105041503905
35,1041,8,200.0,463.8636363636364,8960,-1.6154628336429595,0.0029889501,0.0015625,0.0003,5140,0.0010861816816031932,956.1398315429688,0.3,0.43435609340667725,2175.6373962402345
36,1040,8,200.0,468.4782608695652,9216,-1.8192864894866942,0.0067976722,0.00078125,0.0003,5150,-0.008647315949201585,495.2026672363281,0.3,0.5332416296005249,1104.6604919433594
37,1041,9,200.0,488.51063829787233,9472,-1.6652275681495667,0.0051602405,0.0,0.0003,5160,-0.007135822181589901,896.705810546875,0.3,0.31558090448379517,1954.1585388183594
38,1039,9,200.0,497.2916666666667,9728,-1.5888189256191254,0.02092683,0.040234375,0.0003,5170,-0.017500507133081555,1227.7991943359375,0.3,0.5415828227996826,2234.9392578125
39,1039,9,200.0,491.0204081632653,9984,-1.6664266347885133,0.01873712,0.02890625,0.0003,5180,-0.009661409445106984,533.5167236328125,0.3,0.5307322144508362,1026.814193725586
40,1038,9,200.0,507.6470588235294,10240,-1.5850306034088135,0.012457678,0.000390625,0.0003,5190,-0.00870083817280829,679.448486328125,0.3,0.5469900369644165,1355.6489807128905
1,1252,0,200.0,950.0,256,-1.5882999539375304,0.0072013396,0.0046875,0.0003,5200,-0.006679673725739121,571.1328735351562,0.3,0.5816585421562195,1374.3760131835938
2,1126,0,200.0,830.0,512,-2.0150227725505827,0.00028528343,0.0,0.0003,4810,-0.0016970052383840084,1553.8116455078125,0.3,0.3307834267616272,2787.868933105469
3,1089,0,200.0,936.6666666666666,768,-2.0648358345031737,0.0007702317,0.0,0.0003,4820,-0.0030975650995969774,1017.242431640625,0.3,0.3547995686531067,2349.4826477050783
4,1068,0,200.0,886.0,1024,-2.0666985154151916,0.004313979,0.009375,0.0003,4830,-0.010357454069890082,1846.4368896484375,0.3,0.22570276260375977,2890.72841796875
5,1056,1,200.0,930.0,1280,-2.0570954084396362,0.000652584,0.0,0.0003,4840,-0.0018243785947561265,1537.90185546875,0.3,0.23509567975997925,2622.4006225585936
6,1049,1,200.0,912.8571428571429,1536,-2.075891649723053,0.0003011704,0.0,0.0003,4850,-0.0025002257199957965,1690.8575439453125,0.3,0.2998586893081665,2975.4582641601564
7,1050,1,200.0,938.75,1792,-2.0086192190647125,0.0006734154,0.0,0.0003,4860,-0.003991176420822739,1429.9359130859375,0.3,0.23996275663375854,2751.8815063476563
8,1051,1,200.0,815.0,2048,-2.00532289147377,0.00060503534,0.0,0.0003,4870,-0.0027971346862614155,949.0540771484375,0.3,0.2411368489265442,2288.4172302246093
9,1050,2,200.0,825.4545454545455,2304,-2.134889543056488,0.00032595661,0.0,0.0003,4880,-0.001381286163814366,634.5718383789062,0.3,-0.14153635501861572,1553.6696350097657
10,1048,2,200.0,852.5,2560,-2.048599624633789,0.00058634416,0.0,0.0003,4890,-0.003004156798124313,1338.443603515625,0.3,0.2592580318450928,2549.185382080078
11,1047,2,200.0,840.0,2816,-2.028060019016266,0.00017924211,0.0,0.0003,4900,0.0001070996280759573,2185.263427734375,0.3,0.328244149684906,3503.3786499023436
12,1047,2,200.0,805.3333333333334,3072,-2.0387126564979554,0.0036284747,0.003515625,0.0003,4910,-0.009206410148181021,944.5216674804688,0.3,0.2347412109375,1599.532177734375
13,1043,3,200.0,810.0,3328,-2.0800598740577696,0.00088269496,0.0,0.0003,4920,-0.0027897801366634665,1055.609130859375,0.3,0.23986244201660156,2193.5138977050783
14,1044,3,200.0,777.0588235294117,3584,-2.0446154713630675,0.0033648948,0.000390625,0.0003,4930,-0.005829088622704148,728.0870971679688,0.3,0.21049952507019043,1716.786602783203
15,1041,3,200.0,791.578947368421,3840,-1.9287136614322662,0.0012517397,0.0,0.0003,4940,-0.003889591456390917,1155.87451171875,0.3,0.3296858072280884,2650.5613403320312
16,1043,3,200.0,809.5,4096,-2.094237518310547,0.00018891483,0.0,0.0003,4950,-0.001425725966691971,956.6016845703125,0.3,0.33472204208374023,2241.344519042969
17,1046,4,200.0,803.8095238095239,4352,-2.0526058673858643,0.00031899568,0.000390625,0.0003,4960,-0.0022780143190175295,1594.48583984375,0.3,0.3628125786781311,2997.4665649414064
18,1041,4,200.0,771.7391304347826,4608,-1.9678426384925842,0.000356175,0.0,0.0003,4970,-0.0022465829504653813,458.140869140625,0.3,0.0564122200012207,1210.299234008789
19,1040,4,200.0,779.1666666666666,4864,-2.0004089534282685,0.0002489544,0.0,0.0003,4980,-0.001313503598794341,1448.1025390625,0.3,0.26679331064224243,2709.8298950195312
20,1040,4,200.0,784.8,5120,-2.1108614206314087,0.0014266006,0.003125,0.0003,4990,-0.005843761609867215,1528.0780029296875,0.3,0.28402960300445557,2490.9517822265625
21,1040,5,200.0,781.1538461538462,5376,-2.0450950622558595,0.0003223829,0.0,0.0003,5000,-0.0017669481225311757,1152.0916748046875,0.3,0.2826441526412964,2502.2067260742188
22,1039,5,200.0,798.5714285714286,5632,-2.0634023785591125,0.001292425,0.0,0.0003,5010,-0.0048493807902559635,992.2223510742188,0.3,0.23691719770431519,2331.7263305664064
23,1039,5,200.0,793.7931034482758,5888,-2.03180593252182,0.0011677383,0.00078125,0.0003,5020,-0.003925169771537185,1463.8641357421875,0.3,0.2573830485343933,2455.965185546875
24,1039,5,200.0,803.0,6144,-1.8335030794143676,0.003234743,0.00078125,0.0003,5030,-0.007156544271856547,1590.0797119140625,0.3,0.1279088258743286,2855.951208496094
25,1038,6,200.0,810.3125,6400,-1.9565840065479279,0.0012938518,0.001171875,0.0003,5040,-0.0016772469040006398,1671.8865966796875,0.3,0.2251414656639099,3512.9573486328127
26,1038,6,200.0,814.5454545454545,6656,-1.9939187288284301,0.0016974632,0.0,0.0003,5050,-0.005173843819648027,937.0364379882812,0.3,0.24521899223327637,2124.3180541992188
27,1038,6,200.0,803.5294117647059,6912,-1.9936013519763947,0.0012541043,0.0,0.0003,5060,-0.001682845433242619,1022.4937133789062,0.3,0.350704550743103,1786.0238037109375
28,1038,6,200.0,800.2857142857143,7168,-1.9718180119991302,0.0021513016,0.0,0.0003,5070,-0.006676434259861708,915.430908203125,0.3,0.27012354135513306,1973.7219970703125
29,1036,7,200.0,825.9459459459459,7424,-1.8958209335803986,0.0014072936,0.001953125,0.0003,5080,-0.0031799978110939263,1446.7115478515625,0.3,0.2965540885925293,2853.2963623046876
30,1031,7,200.0,832.3684210526316,7680,-1.8874634444713592,0.00015397975,0.0,0.0003,5090,-0.0011462544556707145,1445.394287109375,0.3,0.30727487802505493,2852.95947265625
31,1029,7,200.0,813.8461538461538,7936,-1.8994695246219635,0.0025783228,0.004296875,0.0003,5100,-0.00523077689576894,1268.859130859375,0.3,0.14501303434371948,2864.299108886719
32,1027,7,200.0,816.5,8192,-2.1100786566734313,0.0036653806,0.015234375,0.0003,5110,-0.009678114624693989,971.1178588867188,0.3,-0.0027811527252197266,2332.083392333984
33,1026,8,200.0,815.0,8448,-2.0130517780780792,0.0016134751,0.0,0.0003,5120,-0.00460850524250418,902.2723388671875,0.3,0.23975259065628052,1569.4140686035157
34,1025,8,200.0,823.2558139534884,8704,-1.9087749361991881,0.0009775523,0.0,0.0003,5130,-0.0032821174710988997,1414.5616455078125,0.3,0.35381466150283813,2970.0573486328126
35,1025,8,200.0,820.2272727272727,8960,-1.987384557723999,0.00018069474,0.0,0.0003,5140,-0.0015164435375481845,1937.7662353515625,0.3,0.3497544527053833,3066.99140625
36,1024,8,200.0,819.3478260869565,9216,-1.9086064100265503,0.00058729085,0.0,0.0003,5150,-0.002793422667309642,1155.77490234375,0.3,0.24027222394943237,2365.1547790527343
37,1023,9,200.0,814.468085106383,9472,-2.0446406602859497,0.0009595079,0.0,0.0003,5160,-0.003195834206417203,817.3546752929688,0.3,0.35428792238235474,2031.804931640625
38,1021,9,200.0,806.875,9728,-2.0158513605594637,0.002683434,0.0046875,0.0003,5170,-0.003818671009503305,1240.237060546875,0.3,0.21539521217346191,2611.5537963867187
39,1021,9,200.0,813.8775510204082,9984,-1.9067655742168426,8.187746e-05,0.0,0.0003,5180,3.9867870509624484e-05,698.5787963867188,0.3,0.1556108593940735,1939.425048828125
40,1021,10,200.0,827.6470588235294,10240,-2.0119247317314146,0.0014046275,0.001953125,0.0003,5190,-0.00502431015484035,769.3712768554688,0.3,0.4101254940032959,1724.9103515625
1,1302,0,200.0,870.0,256,-1.9412884056568145,0.0010305389,0.0,0.0003,5200,-0.0028076804475858806,1824.0296630859375,0.3,0.27789992094039917,3238.661999511719
2,1147,0,200.0,1010.0,512,-1.578387725353241,0.030118035,0.06875,0.0003,5210,-0.016951090656220913,865.52685546875,0.3,0.49973851442337036,1662.50986328125
3,1104,0,200.0,976.6666666666666,768,-1.522058802843094,0.009410505,0.023828125,0.0003,5220,-0.010146707319654525,725.2981567382812,0.3,0.5916774272918701,1435.9614135742188
4,1082,0,200.0,864.0,1024,-1.4997806549072266,0.018990375,0.030859375,0.0003,5230,-0.008945676777511836,1034.5201416015625,0.3,0.5237840414047241,2018.9308349609375
5,1068,1,200.0,993.3333333333334,1280,-1.5164142429828644,0.009244703,0.009375,0.0003,5240,-0.010010576131753624,1430.04443359375,0.3,0.07635927200317383,3187.306530761719
6,1059,1,200.0,962.8571428571429,1536,-1.5278251767158508,0.008145227,0.009765625,0.0003,5250,-0.009612120687961578,1063.6370849609375,0.3,0.4746793508529663,2050.487194824219
7,1058,1,200.0,961.25,1792,-1.5017261505126953,0.0058419835,0.004296875,0.0003,5260,-0.007278980268165469,853.6240844726562,0.3,0.3969925045967102,2143.643621826172
8,1054,1,200.0,837.0,2048,-1.5260384202003479,0.004029857,0.002734375,0.0003,5270,-0.003306934586726129,1605.75,0.3,0.0020548105239868164,2927.3020874023437
9,1051,2,200.0,862.7272727272727,2304,-1.5532172739505767,0.01775053,0.028515625,0.0003,5280,-0.012975083384662866,683.5364379882812,0.3,0.3284664750099182,1521.8197387695313
10,1051,2,200.0,868.3333333333334,2560,-1.535370522737503,0.00549913,0.00390625,0.0003,5290,-0.0047248794697225096,1195.17431640625,0.3,0.4516223073005676,2119.519873046875
11,1048,2,200.0,843.5714285714286,2816,-1.4998270452022553,0.008590611,0.03671875,0.0003,5300,-0.00944310224149376,735.7229614257812,0.3,0.17310446500778198,1928.4634582519532
12,1045,2,200.0,831.3333333333334,3072,-1.4778054237365723,0.001199076,0.000390625,0.0003,5310,-0.0013667106861248613,753.1489868164062,0.3,0.5450245141983032,1531.1589294433593
13,1045,3,200.0,837.5,3328,-1.511522799730301,0.013218509,0.0140625,0.0003,5320,-0.012763004307635129,812.664306640625,0.3,0.39548563957214355,1679.1611877441405
14,1044,3,200.0,842.9411764705883,3584,-1.4444529354572295,0.0016578226,0.001953125,0.0003,5330,-0.0012473618611693383,1129.2353515625,0.3,0.4974691867828369,1890.8010131835938
15,1044,3,200.0,837.8947368421053,3840,-1.4151417016983032,0.0075683044,0.00234375,0.0003,5340,-0.00737426863051951,562.4041748046875,0.3,0.6312174797058105,1190.126202392578
16,1043,3,200.0,840.5,4096,-1.4434313297271728,0.013441087,0.008984375,0.0003,5350,-0.008261570194736122,530.2846069335938,0.3,0.4957526922225952,1338.5511779785156
17,1041,4,200.0,855.2380952380952,4352,-1.4219249129295348,0.023933332,0.053125,0.0003,5360,-0.012286222307011485,1108.5625,0.3,0.5328288078308105,2008.2862243652344
18,1038,4,200.0,806.9565217391304,4608,-1.3624705970287323,0.004379717,0.00546875,0.0003,5370,-0.00506427597720176,642.46337890625,0.3,0.5572150945663452,1920.7136474609374
19,1034,4,200.0,821.6666666666666,4864,-0.6619654089212418,0.002236449,0.0,0.0003,5380,-0.0033168595982715487,1969.0860595703125,0.3,-1.4057292938232422,3898.5567993164063
20,1027,4,200.0,854.0,5120,-1.3735124707221984,0.011837786,0.01875,0.0003,5390,-0.014945928426459431,1299.953857421875,0.3,0.4297347068786621,2751.1900024414062
21,1022,5,200.0,846.9230769230769,5376,-1.4417325258255005,0.0045191594,0.0015625,0.0003,5400,-0.004466939577832818,967.4710693359375,0.3,0.4329155683517456,1736.3217407226562
22,1020,5,200.0,850.0,5632,-1.434707760810852,0.003969918,0.0015625,0.0003,5410,-0.0021188555750995875,814.7034301757812,0.3,0.5607678890228271,1524.1401672363281
23,1016,5,200.0,850.0,5888,-1.478590202331543,0.0096117705,0.03125,0.0003,5420,-0.010225166217423975,797.602294921875,0.3,0.43050670623779297,1584.3472473144532
24,1012,6,200.0,837.6666666666666,6144,-1.490697479248047,0.003128237,0.001953125,0.0003,5430,-0.0035146485781297086,934.1429443359375,0.3,0.3921314477920532,1954.3967407226562
25,1010,6,200.0,850.0,6400,-1.3866578817367554,0.022153158,0.046875,0.0003,5440,-0.014593494636937977,976.5353393554688,0.3,-0.056138038635253906,2985.473797607422
26,1010,6,200.0,859.6969696969697,6656,-1.5200263857841492,0.0018834881,0.0,0.0003,5450,-0.002838107873685658,570.200927734375,0.3,0.5858256816864014,1488.5425415039062
27,1011,6,200.0,868.8235294117648,6912,-1.595530390739441,0.0075874887,0.004296875,0.0003,5460,-0.00630379042122513,852.1717529296875,0.3,0.44374674558639526,1928.0690368652345
28,1012,7,200.0,853.4285714285714,7168,-1.4931314766407013,0.003629158,0.0,0.0003,5470,-0.004446497606113553,1378.3311767578125,0.3,0.2526930570602417,2891.1734619140625
29,1013,7,200.0,862.972972972973,7424,-1.332455289363861,0.0013144789,0.0,0.0003,5480,-0.0012907181400805712,690.3484497070312,0.3,0.11223798990249634,1689.1126953125
30,1013,7,200.0,876.8421052631579,7680,-1.47275750041008,0.0010807898,0.00078125,0.0003,5490,-0.0014603096060454845,1026.373291015625,0.3,0.44498902559280396,2358.2025939941404
31,1014,7,200.0,889.2307692307693,7936,-1.5126050055027007,0.0027365172,0.001171875,0.0003,5500,-0.0023270635632798077,2054.626953125,0.3,0.5418381690979004,3247.2691162109377
32,1014,8,200.0,889.75,8192,-1.52062166929245,0.010403097,0.016015625,0.0003,5510,-0.008802356198430061,900.181884765625,0.3,0.461387038230896,1838.5431030273437
33,1015,8,200.0,883.0952380952381,8448,-1.5209008514881135,0.0008543455,0.00078125,0.0003,5520,-0.0024078783579170706,523.2579345703125,0.3,0.5148181915283203,1119.8649780273438
34,1017,8,200.0,883.953488372093,8704,-1.5476408064365388,0.0028361182,0.0,0.0003,5530,-0.004970391327515244,996.6846313476562,0.3,0.49270862340927124,1925.3576599121093
35,1017,8,200.0,895.4545454545455,8960,-1.5655893087387085,0.0024167735,0.001171875,0.0003,5540,-0.003831250942312181,494.8484191894531,0.3,0.473239541053772,1511.1177917480468
36,1017,9,200.0,907.3913043478261,9216,-1.4921299695968628,0.006053968,0.014453125,0.0003,5550,-0.008295691013336182,1102.9549560546875,0.3,0.6250718832015991,2425.481622314453
37,1017,9,200.0,906.8085106382979,9472,-1.5176827132701873,0.0036418962,0.0,0.0003,5560,-0.005530663090758026,1032.91650390625,0.3,0.509042501449585,1788.1202392578125
38,1017,9,200.0,903.75,9728,-1.5637060940265655,0.007090633,0.0,0.0003,5570,-0.005175703437998891,836.709716796875,0.3,0.4420493245124817,1730.7260375976562
39,1017,9,200.0,908.7755102040817,9984,-1.470084834098816,0.0030881844,0.000390625,0.0003,5580,-0.002440153155475855,775.746337890625,0.3,0.3576071262359619,1616.3992492675782
40,1017,10,200.0,911.7647058823529,10240,-1.4561479210853576,0.0012101966,0.00078125,0.0003,5590,-0.0016658643493428827,1223.003662109375,0.3,0.3669423460960388,2405.5952270507814
1,1289,0,200.0,440.0,256,-1.3396726727485657,0.0024985464,0.001171875,0.0003,5600,-0.004174988251179457,1541.28564453125,0.3,0.04203605651855469,3140.4141235351562
2,1137,0,200.0,310.0,512,-1.977372795343399,0.0008749061,0.0,0.0003,5210,-0.00330328808631748,1050.080078125,0.3,0.25687462091445923,1848.1893432617187
3,1096,0,200.0,590.0,768,-2.0519847512245177,0.00086734584,0.0,0.0003,5220,-0.0008009757846593856,833.4254150390625,0.3,0.10688251256942749,2050.255010986328
4,1067,0,200.0,870.0,1024,-1.9748464822769165,0.0002336048,0.0,0.0003,5230,-0.0010683230590075254,1581.49755859375,0.3,0.47343260049819946,3331.86884765625
5,1039,1,200.0,906.6666666666666,1280,-1.9057861864566803,0.0006892665,0.0,0.0003,5240,-0.004072010540403426,1122.6328125,0.3,0.39531272649765015,2282.592321777344
6,1037,1,200.0,854.2857142857143,1536,-1.972087275981903,0.0034630352,0.007421875,0.0003,5250,-0.007734576961956919,1602.349609375,0.3,0.2244091033935547,3253.9118041992188
7,1035,1,200.0,921.25,1792,-1.9731925427913666,0.0052340315,0.003125,0.0003,5260,-0.01287243696860969,1241.7996826171875,0.3,0.27359163761138916,2433.8031372070313
8,1037,1,200.0,944.0,2048,-2.0059768080711367,0.001227312,0.0,0.0003,5270,-0.0023442333564162253,1655.694580078125,0.3,0.4164324402809143,3161.5932739257814
9,1033,2,200.0,922.7272727272727,2304,-1.9057157933712006,0.0016012446,0.000390625,0.0003,5280,-0.004446784732863307,841.5626831054688,0.3,0.21775466203689575,1790.5490661621093
10,1032,2,200.0,925.0,2560,-1.9149442613124847,0.0018484234,0.0,0.0003,5290,-0.0026539549697190525,839.8495483398438,0.3,0.39664000272750854,1689.0703674316405
11,1030,2,200.0,872.8571428571429,2816,-2.049528968334198,0.0009473909,0.0,0.0003,5300,-0.0018695289734750986,540.245849609375,0.3,0.13068538904190063,1331.634344482422
12,1030,2,200.0,904.0,3072,-1.9541098654270173,0.00088957534,0.001171875,0.0003,5310,-0.005144617892801762,1663.8587646484375,0.3,0.40298712253570557,2947.4039794921873
13,1031,3,200.0,950.625,3328,-1.9258139431476593,0.0019864424,0.00234375,0.0003,5320,-0.0032977041322737933,1709.644287109375,0.3,0.3362565040588379,3550.90224609375
14,1031,3,200.0,907.0588235294117,3584,-1.9066736817359924,0.0014661369,0.000390625,0.0003,5330,-0.0036940249614417554,1210.556640625,0.3,0.22445493936538696,2772.2266357421877
15,1032,3,200.0,907.3684210526316,3840,-1.796646821498871,0.00024019717,0.0,0.0003,5340,-0.0012156887445598842,506.0622863769531,0.3,0.3122309446334839,1094.057894897461
16,1030,3,200.0,920.5,4096,-1.850745165348053,0.000945905,0.0,0.0003,5350,-0.002403232897631824,1350.7498779296875,0.3,0.4113631844520569,2785.9630126953125
17,1031,4,200.0,909.047619047619,4352,-1.8872441291809081,0.0014633446,0.0,0.0003,5360,-0.004289014334790409,1368.8033447265625,0.3,0.34180861711502075,2848.3564575195314
18,1030,4,200.0,930.0,4608,-1.9763279259204865,0.0007943588,0.0,0.0003,5370,-0.004490539990365505,865.6760864257812,0.3,0.34393543004989624,1941.9696838378907
19,1031,4,200.0,947.0833333333334,4864,-1.9256741225719451,0.0009050891,0.0015625,0.0003,5380,-0.0038545691641047597,1127.9625244140625,0.3,0.498929500579834,2382.4901489257813
20,1031,4,200.0,952.0,5120,-1.8365785956382752,0.00011856691,0.0,0.0003,5390,-0.001043518038932234,1408.7568359375,0.3,0.41885584592819214,3007.99677734375
21,1031,5,200.0,976.1538461538462,5376,-1.7913714945316315,0.00050464924,0.000390625,0.0003,5400,-0.0025090028997510672,2138.3916015625,0.3,0.1944282054901123,3499.9670166015626
22,1031,5,200.0,947.5,5632,-1.696849000453949,0.0005621973,0.0,0.0003,5410,-0.002406593947671354,712.0964965820312,0.3,0.2943769097328186,1857.998760986328
23,1030,5,200.0,929.3103448275862,5888,-1.8862510979175569,0.000937972,0.00078125,0.0003,5420,-0.0031818953109905125,1605.1591796875,0.3,0.30885446071624756,2468.8681579589843
24,1029,5,200.0,935.3333333333334,6144,-1.8591065645217895,0.0021701637,0.0,0.0003,5430,-0.005969975003972649,903.1060791015625,0.3,0.26810014247894287,1520.4829040527343
25,1030,6,200.0,941.25,6400,-1.961272770166397,0.0008559094,0.0,0.0003,5440,-0.001590411295183003,1078.6207275390625,0.3,0.38634049892425537,2094.6511840820312
26,1029,6,200.0,911.2121212121212,6656,-1.935888510942459,0.0011859222,0.0,0.0003,5450,-0.0037596759386360644,1074.9613037109375,0.3,0.44374364614486694,2116.254815673828
27,1027,6,200.0,900.2941176470588,6912,-1.9231741905212403,0.0003330221,0.0,0.0003,5460,-0.0015733776614069938,329.89202880859375,0.3,0.4661640524864197,773.8580184936524
28,1026,6,200.0,900.5714285714286,7168,-1.7590300142765045,0.0013630586,0.00078125,0.0003,5470,-0.005383664648979903,1220.174560546875,0.3,0.13946592807769775,2300.1313659667967
29,1024,7,200.0,901.081081081081,7424,-2.0000545978546143,0.00037787366,0.0,0.0003,5480,-0.0017149040708318354,691.7302856445312,0.3,0.14744031429290771,1818.4576232910156
30,1024,7,200.0,907.6315789473684,7680,-1.9281672716140748,0.0011870889,0.001953125,0.0003,5490,-0.0037741887383162974,1370.8251953125,0.3,0.4609915018081665,2523.4740478515623
31,1025,7,200.0,908.2051282051282,7936,-1.9140807688236237,0.0017603324,0.003125,0.0003,5500,-0.005245341209229082,1187.6783447265625,0.3,0.37305545806884766,2280.116979980469
32,1023,8,200.0,883.0,8192,-1.8620082795619965,0.0014335124,0.00078125,0.0003,5510,-0.0049156565219163895,1078.0804443359375,0.3,0.0879143476486206,2215.661016845703
33,1022,8,200.0,884.5238095238095,8448,-1.9875951647758483,0.002197473,0.0,0.0003,5520,-0.005359169933944941,772.48876953125,0.3,0.19672471284866333,1984.8160522460937
34,1022,8,200.0,885.3488372093024,8704,-1.9045088291168213,0.0014062673,0.0,0.0003,5530,-0.0016114040743559598,679.1458129882812,0.3,0.4350202679634094,1973.0350646972656
35,1023,8,200.0,891.1363636363636,8960,-1.9144877433776855,0.00036526588,0.0,0.0003,5540,-0.0023353572702035307,783.191650390625,0.3,0.44487303495407104,2107.2159118652344
36,1022,9,200.0,897.1739130434783,9216,-1.7715724885463715,0.00441691,0.001953125,0.0003,5550,-0.008964296197518706,1114.4244384765625,0.3,0.23992395401000977,2213.6471557617188
37,1022,9,200.0,908.0851063829788,9472,-1.9022096633911132,0.00071890024,0.0,0.0003,5560,-0.0018391790334135294,1648.234375,0.3,0.4808761477470398,3136.4139770507813
38,1020,9,200.0,913.5416666666666,9728,-1.9194531321525574,0.0015068562,0.001171875,0.0003,5570,-0.005940539063885808,1670.7705078125,0.3,0.31152963638305664,2815.9988525390627
39,1021,9,200.0,918.3673469387755,9984,-1.9399665415287017,0.0027198605,0.0,0.0003,5580,-0.005926789413206279,1256.8775634765625,0.3,0.41411662101745605,2348.878063964844
40,1021,10,200.0,918.4313725490196,10240,-1.885666435956955,0.0016826654,0.001171875,0.0003,5590,-0.005600815475918353,927.533447265625,0.3,0.4849469065666199,1752.0654724121093
1,1304,0,200.0,880.0,256,-1.910314929485321,0.0015887504,0.001171875,0.0003,5600,-0.006230559526011347,797.0648193359375,0.3,0.41597938537597656,1622.3701904296875
2,1165,0,200.0,785.0,512,-1.601585030555725,0.02006077,0.0203125,0.0003,5610,-0.012699851440265775,527.4397583007812,0.3,0.522895097732544,1285.6751342773437
3,1111,0,200.0,693.3333333333334,768,-1.6322735369205474,0.008124398,0.00859375,0.0003,5620,-0.0065284586977213625,867.8975830078125,0.3,0.47668737173080444,1914.3687622070313
4,1089,0,200.0,884.0,1024,-1.4992806792259217,0.012431071,0.033203125,0.0003,5630,-0.015797603176906705,1558.0853271484375,0.3,0.19945400953292847,2933.4924072265626
5,1066,1,200.0,891.6666666666666,1280,-1.5016313433647155,0.0050046,0.004296875,0.0003,5640,-0.00899008703418076,1065.5181884765625,0.3,0.33976882696151733,2118.534228515625
6,1065,1,200.0,895.7142857142857,1536,-1.591229295730591,0.001893848,0.0,0.0003,5650,-0.0013780972454696893,743.834228515625,0.3,0.40302371978759766,1865.4653686523438
7,1054,1,200.0,833.75,1792,-1.494841492176056,0.0069360896,0.00546875,0.0003,5660,-0.008292601723223925,642.8760986328125,0.3,0.5841549634933472,1296.5762634277344
8,1050,1,200.0,781.0,2048,-1.4143198430538177,0.017092092,0.01796875,0.0003,5670,-0.014292821218259633,408.2724914550781,0.3,0.45493972301483154,1110.3427764892579
9,1046,2,200.0,789.0909090909091,2304,-1.5450533032417297,0.02157269,0.02578125,0.0003,5680,-0.013143089553341269,1089.059814453125,0.3,0.12532168626785278,2478.8980102539062
10,1045,2,200.0,856.6666666666666,2560,-1.546520435810089,0.012166776,0.00703125,0.0003,5690,-0.008877952513284982,1116.56787109375,0.3,0.45808106660842896,2003.4709838867188
11,1043,2,200.0,830.7142857142857,2816,-1.5587867617607116,0.0047475193,0.001171875,0.0003,5700,-0.0056120558641850945,1215.3204345703125,0.3,0.5874055624008179,2187.9638854980467
12,1041,2,200.0,868.6666666666666,3072,-1.5852419674396514,0.0053541027,0.0,0.0003,5710,-0.005460892617702484,825.5042114257812,0.3,-0.030582785606384277,2102.9596435546873
13,1041,3,200.0,887.5,3328,-1.465189278125763,0.008053265,0.002734375,0.0003,5720,-0.009346994012594223,998.999755859375,0.3,0.6520861387252808,1720.733819580078
14,1040,3,200.0,874.1176470588235,3584,-1.5341242909431458,0.015055443,0.012890625,0.0003,5730,-0.011723269149661064,893.8040161132812,0.3,0.5341761112213135,1830.761456298828
15,1037,3,200.0,838.421052631579,3840,-1.3092490136623383,0.0035695354,0.0,0.0003,5740,-0.003560525586362928,724.9931640625,0.3,0.4184669256210327,1448.9864929199218
16,1036,3,200.0,842.0,4096,-1.5253036201000214,0.0010154455,0.0,0.0003,5750,-0.001973670721054077,810.390380859375,0.3,0.32962602376937866,2036.7150085449218
17,1032,4,200.0,844.7619047619048,4352,-1.5225967109203338,0.008971286,0.02421875,0.0003,5760,-0.008550422848202288,839.656005859375,0.3,0.49978119134902954,1608.0083068847657
18,1031,4,200.0,850.8695652173913,4608,-1.5356042206287384,0.015183384,0.023046875,0.0003,5770,-0.013898808090016247,754.8074340820312,0.3,0.48914843797683716,1787.6676086425782
19,1030,4,200.0,854.1666666666666,4864,-1.5610697388648986,0.03473691,0.101171875,0.0003,5780,-0.02011120319366455,368.23797607421875,0.3,0.6831182241439819,1068.3046447753907
20,1029,4,200.0,856.4,5120,-1.3389641344547272,0.014922913,0.003125,0.0003,5790,-0.009072707081213594,853.0526123046875,0.3,0.613443911075592,1449.8904235839843
21,1030,5,200.0,848.8461538461538,5376,-1.5099641799926757,0.004571589,0.003125,0.0003,5800,-0.004300613538362086,452.4138488769531,0.3,0.5087464451789856,1172.9717895507813
22,1029,5,200.0,843.2142857142857,5632,-1.4275496780872345,0.004472874,0.00546875,0.0003,5810,-0.006529781594872474,1120.5140380859375,0.3,0.4119188189506531,1941.829931640625
23,1030,5,200.0,854.4827586206897,5888,-1.420597630739212,0.006042732,0.015234375,0.0003,5820,-0.00652741901576519,945.7613525390625,0.3,0.3232381343841553,1688.9696899414062
24,1029,5,200.0,849.6666666666666,6144,-1.3770175099372863,0.0037600668,0.0,0.0003,5830,-0.0025833398220129313,875.9537353515625,0.3,0.5254920125007629,1647.6740783691407
25,1030,6,200.0,843.125,6400,-1.3246350049972535,0.0028898208,0.003515625,0.0003,5840,-0.003512645699083805,826.9405517578125,0.3,0.5588040351867676,1646.9529235839843
26,1027,6,200.0,852.7272727272727,6656,-1.4704413294792176,0.02991241,0.042578125,0.0003,5850,-0.023614250868558884,878.9506225585938,0.3,0.26479828357696533,2046.6648376464843
27,1028,6,200.0,840.8823529411765,6912,-1.4583814203739167,0.013318727,0.021484375,0.0003,5860,-0.0067072393256239595,744.6102905273438,0.3,0.5519406199455261,1752.8308349609374
28,1027,6,200.0,809.1428571428571,7168,-1.435817164182663,0.00051913806,0.0,0.0003,5870,-0.0001602864940650761,418.6235656738281,0.3,0.07928586006164551,1199.3088287353517
29,1028,7,200.0,820.8108108108108,7424,-1.5761622428894042,0.001238833,0.0,0.0003,5880,-0.0034321747254580258,477.7923889160156,0.3,0.5027787685394287,1412.1699249267579
30,1029,7,200.0,804.4736842105264,7680,-1.3861995339393616,0.001634716,0.0,0.0003,5890,-0.0028542911168187857,1269.477294921875,0.3,0.27594316005706787,2387.7714660644533
31,1030,7,200.0,807.1794871794872,7936,-1.4659264087677002,0.0137689905,0.01796875,0.0003,5900,-0.010502300155349076,544.5934448242188,0.3,0.5318436622619629,1183.4933624267578
32,1029,7,200.0,816.25,8192,-1.5718189895153045,0.010617607,0.0078125,0.0003,5910,-0.006580149382352829,704.8941650390625,0.3,0.6199822425842285,1522.6442810058593
33,1030,8,200.0,808.5714285714286,8448,-1.5085207104682923,0.004739641,0.0,0.0003,5920,-0.006439185747876763,509.2207946777344,0.3,0.6170254945755005,1267.333932495117
34,1031,8,200.0,792.7906976744187,8704,-1.5074858844280243,0.0060637086,0.00546875,0.0003,5930,-0.006750943348743021,643.4097900390625,0.3,0.3922368884086609,1430.9710815429687
35,1031,8,200.0,800.9090909090909,8960,-1.3070677518844604,0.0012763892,0.0,0.0003,5940,-0.0023527645505964758,1028.416748046875,0.3,-0.016199469566345215,2470.4137329101563
36,1031,8,200.0,794.5652173913044,9216,-1.3704790949821473,0.002005208,0.0015625,0.0003,5950,-0.0035467937937937676,530.082763671875,0.3,0.5653644800186157,1305.6111419677734
37,1032,9,200.0,787.2340425531914,9472,-1.459035438299179,0.012195915,0.0125,0.0003,5960,-0.020828176569193602,645.2338256835938,0.3,0.5332050323486328,1231.577603149414
38,1033,9,200.0,799.7916666666666,9728,-1.5107309699058533,0.009587925,0.01328125,0.0003,5970,-0.006274643540382385,552.623291015625,0.3,0.5753152370452881,1101.283987426758
39,1033,9,200.0,802.4489795918367,9984,-1.3482771635055542,0.003227634,0.00078125,0.0003,5980,-0.004309307411313057,1235.122802734375,0.3,0.3687164783477783,2544.691516113281
40,1033,9,200.0,816.4705882352941,10240,-1.3958929300308227,0.016074622,0.04140625,0.0003,5990,-0.01628012056462467,700.7891845703125,0.3,0.5828503370285034,1486.6055847167968
1,1285,0,200.0,1390.0,256,-1.3669308722019196,0.0148925325,0.00703125,0.0003,6000,-0.010155202075839042,664.5918579101562,0.3,0.5842260122299194,1644.29345703125
2,1115,0,200.0,1390.0,512,-1.9131511449813843,0.0006288944,0.0,0.0003,5610,-0.003188734129071236,1165.4776611328125,0.3,0.433790922164917,2572.0406494140625
3,1075,0,200.0,1136.6666666666667,768,-1.8565047204494476,0.0006481074,0.0,0.0003,5620,-0.0024754623649641872,1028.0179443359375,0.3,0.23781085014343262,2549.182275390625
4,1050,0,200.0,1078.0,1024,-1.9168511509895325,0.00088206585,0.0,0.0003,5630,-0.0028170198667794464,580.81005859375,0.3,0.155520498752594,1595.467352294922
5,1041,1,200.0,851.6666666666666,1280,-1.892560064792633,0.000490349,0.0,0.0003,5640,-0.002151218568906188,1647.1417236328125,0.3,0.32321953773498535,2920.2817993164062
6,1034,1,200.0,928.5714285714286,1536,-1.8876022517681121,4.4653425e-05,0.0,0.0003,5650,-0.0006286757765337825,219.32247924804688,0.3,0.10291022062301636,882.4475799560547
7,1031,1,200.0,866.25,1792,-1.8579298496246337,0.00022820383,0.0,0.0003,5660,-0.00254646975081414,1394.143798828125,0.3,0.4522327184677124,2531.1537841796876
8,1028,1,200.0,877.0,2048,-1.8596294343471527,0.0034195231,0.003125,0.0003,5670,-0.009783018520101905,1273.7635498046875,0.3,0.2553912401199341,2348.542346191406
9,1032,2,200.0,860.0,2304,-1.913679015636444,0.0011608533,0.0,0.0003,5680,-0.0021182702388614417,728.7968139648438,0.3,0.4838712215423584,1480.0227478027343
10,1033,2,200.0,785.0,2560,-1.7827892124652862,0.00039683562,0.0,0.0003,5690,-0.0010937027167528869,465.8998718261719,0.3,0.37580835819244385,1101.2450256347656
11,1031,2,200.0,715.0,2816,-1.7654481828212738,0.0014664968,0.001171875,0.0003,5700,-0.004037874797359109,393.9324951171875,0.3,0.27179306745529175,988.6470489501953
12,1026,2,200.0,776.0,3072,-1.8369681000709535,0.00021588779,0.0,0.0003,5710,-0.0014558288268744946,861.73681640625,0.3,0.4485376477241516,1481.3511444091796
13,1023,3,200.0,769.375,3328,-1.9071930050849915,0.00024271384,0.0,0.0003,5720,-0.002047743322327733,1918.477783203125,0.3,0.42621368169784546,3210.689587402344
14,1021,3,200.0,761.7647058823529,3584,-1.8855245947837829,0.00071582827,0.001171875,0.0003,5730,-0.0031258170027285816,789.9365234375,0.3,0.47266727685928345,1804.6464416503907
15,1017,3,200.0,697.3684210526316,3840,-1.8337518393993377,0.0011512919,0.0,0.0003,5740,-0.0030671960674226286,667.5725708007812,0.3,0.3965834975242615,1551.39296875
16,1013,4,200.0,732.5,4096,-2.0223419845104216,0.0019204617,0.0,0.0003,5750,-0.004470723145641386,535.8695678710938,0.3,0.36405837535858154,752.5636581420898
17,1014,4,200.0,696.1904761904761,4352,-1.9136849105358125,0.001496583,0.0,0.0003,5760,-0.0032393556088209153,1192.0164794921875,0.3,0.5028321743011475,2124.6944091796877
18,1010,4,200.0,703.9130434782609,4608,-1.8553747951984405,0.00066213775,0.0,0.0003,5770,-0.0002463371027261019,99.83890533447266,0.3,-0.11054551601409912,808.9853805541992
19,1009,4,200.0,722.5,4864,-1.989346182346344,0.00042190147,0.0,0.0003,5780,-0.0027727717999368904,1165.216552734375,0.3,0.4668290615081787,2345.5339477539064
20,1007,5,200.0,730.0,5120,-1.9361667096614839,0.00013345829,0.0,0.0003,5790,-0.0009906295221298934,1480.4178466796875,0.3,0.31918561458587646,2706.5285400390626
21,1007,5,200.0,735.7692307692307,5376,-1.8764286875724792,0.0062423088,0.00859375,0.0003,5800,-0.00582319893874228,675.3456420898438,0.3,0.3979935050010681,1782.2767456054687
22,1003,5,200.0,765.3571428571429,5632,-1.9694833159446716,0.0011284538,0.0,0.0003,5810,-0.0037619395181536673,1137.47802734375,0.3,0.5229330062866211,2160.185650634766
23,1002,5,200.0,770.0,5888,-1.8445150315761567,0.0020406584,0.002734375,0.0003,5820,-0.008170978398993611,1387.363037109375,0.3,0.45386552810668945,2963.3859619140626
24,1002,6,200.0,773.6666666666666,6144,-1.9404220759868622,0.00092877005,0.0,0.0003,5830,-0.003343224141281098,953.5142822265625,0.3,0.34250378608703613,1887.5757263183593
25,1002,6,200.0,760.9375,6400,-1.7611069083213806,0.0005292734,0.0,0.0003,5840,-0.0020195944234728813,554.9141235351562,0.3,0.5310430526733398,1270.5751159667968
26,1002,6,200.0,766.060606060606,6656,-1.8918417096138,0.0020115315,0.00234375,0.0003,5850,-0.006016859668307006,942.6702270507812,0.3,0.5882543325424194,1548.3411499023437
27,1003,6,200.0,769.4117647058823,6912,-1.9039041578769684,0.0012461166,0.0,0.0003,5860,-0.00396187212318182,786.49951171875,0.3,0.5154995918273926,1529.3679748535155
28,1003,7,200.0,773.4285714285714,7168,-1.9532743096351624,0.002371755,0.00390625,0.0003,5870,-0.00595518909394741,1195.0452880859375,0.3,0.5034542083740234,2299.98046875
29,1002,7,200.0,775.1351351351351,7424,-1.840531474351883,0.004346258,0.00234375,0.0003,5880,-0.006741227442398667,1139.39501953125,0.3,0.3058883547782898,1910.0238037109375
30,1003,7,200.0,766.3157894736842,7680,-1.794507473707199,0.0034670804,0.0,0.0003,5890,-0.0015095233917236327,628.4953002929688,0.3,0.44767075777053833,1482.9431274414062
31,1005,7,200.0,758.2051282051282,7936,-1.7919293761253356,0.0005195723,0.0,0.0003,5900,-0.0011049080872908234,969.589599609375,0.3,0.41164112091064453,2039.0674072265624
32,1006,8,200.0,732.25,8192,-1.7552532970905304,0.0018733782,0.0,0.0003,5910,-0.0026501794811338185,27.292673110961914,0.3,0.24396365880966187,158.51137046813966
33,1007,8,200.0,683.8095238095239,8448,-1.9724433064460754,0.010866057,0.00546875,0.0003,5920,-0.007195669575594366,90.0575942993164,0.3,-0.25051963329315186,217.54332809448243
34,1007,8,200.0,691.1627906976744,8704,-1.8693162560462953,0.006499119,0.012109375,0.0003,5930,-0.008777437079697848,61.675865173339844,0.3,0.4729531407356262,175.37981643676758
35,1007,8,200.0,700.9090909090909,8960,-1.6564916908740996,0.0017753507,0.0,0.0003,5940,-0.00026040587108582257,1802.75830078125,0.3,0.3767548203468323,3644.9023193359376
36,1006,9,200.0,736.0869565217391,9216,-1.6314816892147064,0.00058638933,0.000390625,0.0003,5950,-0.0035851866705343127,1310.5306396484375,0.3,0.4044649600982666,2753.406951904297
37,1005,9,200.0,739.7872340425532,9472,-1.5534125030040742,0.0017693869,0.0,0.0003,5960,-0.0029475479619577526,1564.03759765625,0.3,0.42632919549942017,2593.4741821289062
38,1004,9,200.0,738.75,9728,-1.706941342353821,0.0006051089,0.0,0.0003,5970,-0.001464979164302349,859.4929809570312,0.3,0.3573646545410156,2419.93193359375
39,1004,9,200.0,737.1428571428571,9984,-1.7626436293125152,0.0009809413,0.0,0.0003,5980,-0.0023154591908678412,585.334716796875,0.3,0.525082528591156,1126.647637939453
40,1004,10,200.0,750.1960784313726,10240,-1.8390759110450745,0.0005956299,0.0,0.0003,5990,-0.0035229231463745235,724.3008422851562,0.3,0.5167214870452881,1864.8337158203126
1,1306,0,200.0,930.0,256,-1.8331193804740906,0.0003560523,0.0,0.0003,6000,-0.001150311902165413,1057.8310546875,0.3,0.2785693407058716,2255.8198852539062
2,1154,0,200.0,655.0,512,-1.3986137866973878,0.007980015,0.000390625,0.0003,6010,-0.005510824196971953,686.4609985351562,0.3,0.5487454533576965,1587.4527099609375
3,1079,0,200.0,793.3333333333334,768,-1.5186096668243407,0.0017632479,0.003125,0.0003,6020,-0.00269140568561852,678.2993774414062,0.3,0.356034517288208,1892.5207763671874
4,1034,0,200.0,898.0,1024,-1.447895783185959,0.004491387,0.0078125,0.0003,6030,-0.004342918191105128,466.3929748535156,0.3,0.6222915053367615,1298.4141632080077
5,1016,1,200.0,980.0,1280,-1.4094360589981079,0.02429919,0.055078125,0.0003,6040,-0.014075820590369404,785.9475708007812,0.3,0.5979388952255249,1483.2334228515624
6,1011,1,200.0,985.7142857142857,1536,-1.4986005127429962,0.027616996,0.044921875,0.0003,6050,-0.01961918119341135,1133.191650390625,0.3,0.4212488532066345,2505.3063049316406
7,1004,1,200.0,1000.0,1792,-1.4200251638889312,0.0044318847,0.0,0.0003,6060,-0.004936948441900313,1050.7183837890625,0.3,0.6160581707954407,1884.3379638671875
8,1004,2,200.0,1058.0,2048,-1.343472671508789,0.025073212,0.040625,0.0003,6070,-0.01378887363243848,681.9068603515625,0.3,0.6548793911933899,1697.3584106445312
9,1005,2,200.0,1088.1818181818182,2304,-1.3041402101516724,0.018457435,0.03203125,0.0003,6080,-0.013231869786977768,851.3480834960938,0.3,0.5638394355773926,1619.1658081054688
10,1004,2,200.0,1133.3333333333333,2560,-1.2797064363956452,0.009916527,0.005859375,0.0003,6090,-0.009639259707182646,982.5951538085938,0.3,0.36666756868362427,2281.103796386719
11,1007,2,200.0,1171.4285714285713,2816,-1.3113504290580749,0.00301398,0.0,0.0003,6100,-0.005610339832492173,1218.0880126953125,0.3,0.5750554203987122,2678.3010009765626
12,1003,3,200.0,1171.3333333333333,3072,-1.395201849937439,0.0031848361,0.001171875,0.0003,6110,-0.00287848764564842,938.0023803710938,0.3,0.5670486688613892,1731.1166870117188
13,1004,3,200.0,1170.0,3328,-1.2727976083755492,0.0048836833,0.001171875,0.0003,6120,-0.004985303757712245,918.9241333007812,0.3,0.5260134935379028,1803.583514404297
14,1005,3,200.0,1170.0,3584,-1.2350120186805724,0.001058847,0.0,0.0003,6130,-0.001544387172907591,520.4096069335938,0.3,0.6055163741111755,1281.30673828125
15,1004,3,200.0,1194.2105263157894,3840,-1.2296536147594452,0.01209471,0.009765625,0.0003,6140,-0.004829965368844569,600.6495971679688,0.3,0.6517312526702881,1529.1646240234375
16,1004,4,200.0,1216.0,4096,-1.3112169265747071,0.0017592744,0.0,0.0003,6150,-0.003464028798043728,790.8677368164062,0.3,0.5745059251785278,1637.1765930175782
17,1002,4,200.0,1165.7142857142858,4352,-1.322539633512497,0.0064813616,0.001171875,0.0003,6160,-0.008103401120752095,939.13330078125,0.3,0.4814937710762024,2131.651690673828
18,1001,4,200.0,1164.7826086956522,4608,-1.4656142175197602,0.0021789907,0.00078125,0.0003,6170,0.00267430713865906,943.0411376953125,0.3,0.32708293199539185,2129.01162109375
19,1000,4,200.0,1142.9166666666667,4864,-1.3516799211502075,0.013576969,0.028125,0.0003,6180,-0.013528937567025423,1275.7432861328125,0.3,0.4168371558189392,2385.634442138672
20,997,5,200.0,1144.0,5120,-1.4824307441711426,0.0062988373,0.0,0.0003,6190,-0.009587176656350494,545.0338134765625,0.3,0.5923020839691162,1259.7362854003907
21,995,5,200.0,1135.0,5376,-1.4588246762752533,0.004040316,0.001171875,0.0003,6200,-0.002388863172382116,547.510986328125,0.3,0.6582038402557373,1322.92001953125
22,993,5,200.0,1143.5714285714287,5632,-1.3396054923534393,0.020522371,0.03203125,0.0003,6210,-0.01050841687247157,541.58837890625,0.3,0.641549825668335,1470.6524719238282
23,993,5,200.0,1135.8620689655172,5888,-1.1655184149742126,0.009556241,0.004296875,0.0003,6220,-0.005387488403357565,663.1141357421875,0.3,0.467035710811615,1543.237127685547
24,993,6,200.0,1127.0,6144,-1.2153307735919952,0.0037600223,0.0,0.0003,6230,-0.002609197865240276,489.04058837890625,0.3,0.6709538698196411,1100.0548553466797
25,993,6,200.0,1106.875,6400,-1.1575563251972198,0.030497026,0.04296875,0.0003,6240,-0.011252757394686341,540.0918579101562,0.3,0.6323942542076111,926.5429901123047
26,993,6,200.0,1101.5151515151515,6656,-1.2017394602298737,0.03421697,0.1109375,0.0003,6250,-0.019701553485356273,683.1521606445312,0.3,0.6804003119468689,1348.0833404541015
27,993,6,200.0,1109.7058823529412,6912,-1.380241149663925,0.015411329,0.03515625,0.0003,6260,-0.008801080263219773,762.5562744140625,0.3,0.6285301446914673,1554.0374267578125
28,995,7,200.0,1117.7142857142858,7168,-1.3405668079853057,0.0048764413,0.0,0.0003,6270,-0.005979003827087581,819.0045776367188,0.3,0.554980993270874,1930.347479248047
29,995,7,200.0,1104.3243243243244,7424,-1.4147798418998718,0.0056301607,0.00078125,0.0003,6280,-0.011606424441561103,707.0176391601562,0.3,0.5872485637664795,1771.1999206542969
30,996,7,200.0,1100.2631578947369,7680,-1.4237137496471406,0.0055916253,0.0,0.0003,6290,-0.00592724559828639,584.1117553710938,0.3,0.5510839223861694,1496.2569580078125
31,997,7,200.0,1094.6153846153845,7936,-1.290709000825882,0.010584053,0.00703125,0.0003,6300,-0.012248686095699669,812.6185913085938,0.3,0.6278938055038452,1497.7985961914062
32,998,8,200.0,1108.5,8192,-1.3272721350193024,0.0030302086,0.010546875,0.0003,6310,-0.0019982327474281194,722.9085693359375,0.3,0.5044944882392883,1708.7336791992188
33,999,8,200.0,1126.904761904762,8448,-1.343420797586441,0.0010524604,0.0,0.0003,6320,-0.0037606257246807218,689.19384765625,0.3,0.5473873019218445,1645.746142578125
34,999,8,200.0,1128.3720930232557,8704,-1.3390689194202423,0.0014782259,0.00078125,0.0003,6330,-0.0006587155512534082,1083.152099609375,0.3,0.5098971128463745,2310.7421142578123
35,999,8,200.0,1133.6363636363637,8960,-1.395716017484665,0.003998793,0.0,0.0003,6340,-0.005995614477433265,904.1022338867188,0.3,0.5089414119720459,1795.2413940429688
36,999,9,200.0,1139.7826086956522,9216,-1.34225013256073,0.011928254,0.0046875,0.0003,6350,-0.006895977864041924,695.181396484375,0.3,0.6740585565567017,1224.648681640625
37,1000,9,200.0,1130.8510638297873,9472,-1.3464894533157348,0.031218342,0.0328125,0.0003,6360,-0.019507248420268297,860.83544921875,0.3,0.627851665019989,1842.4334899902344
38,1001,9,200.0,1120.2083333333333,9728,-1.5153701663017274,0.0049267667,0.00078125,0.0003,6370,-0.006765309604816139,533.667236328125,0.3,0.4810599088668823,1502.5156219482421
39,1003,9,200.0,1111.2244897959183,9984,-1.3471878230571748,0.009901037,0.020703125,0.0003,6380,-0.006519988225772977,1052.169189453125,0.3,0.03771507740020752,4237.4244140625
40,1003,10,200.0,1098.8235294117646,10240,-1.6272063255310059,0.0045056986,0.0,0.0003,6390,-0.005081737041473388,520.3931274414062,0.3,0.5130659341812134,1347.8958709716796
1,1320,0,200.0,1390.0,256,-1.404232883453369,0.002433237,0.0,0.0003,6400,-0.003706633811816573,579.1993408203125,0.3,0.6419841051101685,1118.8931701660156
2,1124,0,200.0,965.0,512,-1.7672893345355987,0.00037199492,0.0,0.0003,6010,-0.0013677419163286686,1260.165283203125,0.3,0.2807313799858093,2502.2386962890623
3,1085,0,200.0,710.0,768,-1.7478227198123932,0.0019995791,0.001171875,0.0003,6020,-0.004149261536076665,809.88427734375,0.3,0.2729465961456299,2315.7387939453124
4,1069,0,200.0,360.0,1024,-2.1130088806152343,0.002705271,0.0,0.0003,6030,-0.004451360320672393,413.24847412109375,0.3,-1.060333490371704,1007.2474487304687
5,1059,1,200.0,290.0,1280,-1.9167309701442719,0.000484596,0.0,0.0003,6040,-0.0012755193398334085,114.77320861816406,0.3,0.18196260929107666,585.5246688842774
6,1053,1,200.0,408.57142857142856,1536,-1.8412704944610596,0.0006066521,0.0,0.0003,6050,-0.0017986987251788378,354.2177734375,0.3,0.027290701866149902,821.7795440673829
7,1052,1,200.0,528.75,1792,-1.7806325614452363,0.00026963395,0.0,0.0003,6060,-0.0011819805949926376,1636.3265380859375,0.3,0.4057943820953369,3650.7855712890623
8,1047,1,200.0,583.0,2048,-1.9358813166618347,0.0011513189,0.00078125,0.0003,6070,-0.005487316939979792,983.7034912109375,0.3,0.4583638906478882,2328.0156982421877
9,1029,2,200.0,502.72727272727275,2304,-1.9175916254520415,0.00028706016,0.0,0.0003,6080,-0.0010983300860971212,1096.3560791015625,0.3,0.18548822402954102,2041.2070739746093
10,1020,2,200.0,572.5,2560,-1.8953351259231568,0.0010076459,0.0,0.0003,6090,-0.0021344940876588227,348.4869384765625,0.3,0.3239114284515381,852.7063369750977
11,1008,2,200.0,635.7142857142857,2816,-1.7569186985492706,0.0024198813,0.0,0.0003,6100,-0.005367585783824324,1398.4207763671875,0.3,0.5195592641830444,2901.584991455078
12,1002,3,200.0,669.3333333333334,3072,-1.6883552014827727,0.001081029,0.0,0.0003,6110,-0.002401758066844195,1119.51904296875,0.3,0.34770458936691284,2255.289337158203
13,995,3,200.0,715.625,3328,-1.853571319580078,0.00065685925,0.0,0.0003,6120,-0.002030589058995247,1283.6505126953125,0.3,0.582065999507904,2190.8796447753907
14,986,3,200.0,756.4705882352941,3584,-1.8574481785297394,0.00040751393,0.0,0.0003,6130,-0.0025729690911248325,1332.70947265625,0.3,0.553315281867981,2645.7866027832033
15,984,3,200.0,750.0,3840,-1.8802149593830109,0.0012031666,0.001171875,0.0003,6140,-0.0056565124308690425,855.5253295898438,0.3,0.41120803356170654,1784.6840698242188
16,982,4,200.0,782.0,4096,-1.8703991293907165,0.0017434505,0.0,0.0003,6150,-0.0053752677515149115,958.9964599609375,0.3,0.21310514211654663,2154.907855224609
17,982,4,200.0,810.952380952381,4352,-1.8593597650527953,0.0007075451,0.0,0.0003,6160,0.0010342121124267579,1656.1842041015625,0.3,0.48804956674575806,3263.0520629882812
18,983,4,200.0,773.0434782608696,4608,-1.8004151284694672,0.00017668027,0.0,0.0003,6170,-0.0007995955180376768,912.5791625976562,0.3,0.3976920247077942,1997.368798828125
19,983,4,200.0,764.5833333333334,4864,-1.9067950427532196,0.0011233056,0.0,0.0003,6180,-0.004137490759603679,900.2796630859375,0.3,0.2219552993774414,1918.8031311035156
20,984,5,200.0,778.8,5120,-1.8831092476844788,0.0004572149,0.0,0.0003,6190,-0.001677152211777866,1046.6060791015625,0.3,0.3284568786621094,1900.8542785644531
21,985,5,200.0,793.0769230769231,5376,-1.8372614443302155,0.0010429488,0.0,0.0003,6200,-0.003075098595581949,1061.4256591796875,0.3,0.5593661069869995,2174.045623779297
22,988,5,200.0,812.1428571428571,5632,-1.8341153979301452,0.0010694081,0.0,0.0003,6210,-0.0038746703416109086,951.9141845703125,0.3,0.3074328899383545,2553.8615844726564
23,992,5,200.0,798.9655172413793,5888,-1.7237307965755462,0.004316573,0.001953125,0.0003,6220,-0.006779977167025208,1215.62060546875,0.3,0.3496400713920593,2651.0161193847657
24,993,6,200.0,818.6666666666666,6144,-1.8534366488456726,0.00015975651,0.0,0.0003,6230,-7.950214203447103e-05,690.4723510742188,0.3,0.2508707642555237,1823.5723266601562
25,994,6,200.0,830.625,6400,-1.8098610401153565,0.00063171214,0.000390625,0.0003,6240,-0.0033058932051062582,1009.8978881835938,0.3,0.4672030210494995,2329.447888183594
26,997,6,200.0,840.3030303030303,6656,-1.8260738372802734,0.009952444,0.00546875,0.0003,6250,-0.009253583406098187,1037.9688720703125,0.3,0.4264219403266907,2045.6077209472655
27,998,6,200.0,834.4117647058823,6912,-1.8668953001499176,0.0024482005,0.0,0.0003,6260,-0.003008754225447774,744.34765625,0.3,0.5679322481155396,1562.1961944580078
28,999,7,200.0,828.8571428571429,7168,-1.8792599797248841,0.0038119128,0.0015625,0.0003,6270,-0.008638211851939559,851.15234375,0.3,0.4040824770927429,1881.312255859375
29,1000,7,200.0,827.8378378378378,7424,-1.825567626953125,0.0033091188,0.0,0.0003,6280,-0.0077355027897283435,677.5669555664062,0.3,0.4910053014755249,1386.0333984375
30,998,7,200.0,833.9473684210526,7680,-1.782420915365219,0.0015323397,0.001171875,0.0003,6290,-0.0031929043936543165,796.5595703125,0.3,0.41041427850723267,1654.3258239746094
31,998,7,200.0,847.4358974358975,7936,-1.8915681898593903,0.002666478,0.001953125,0.0003,6300,-0.005052124662324786,895.8873291015625,0.3,0.37312787771224976,2259.1151916503904
32,999,8,200.0,853.75,8192,-1.7758734941482544,0.0005131115,0.0,0.0003,6310,-0.002588458964601159,964.3622436523438,0.3,0.5027405023574829,2439.1744384765625
33,1001,8,200.0,856.1904761904761,8448,-1.711228597164154,0.0003406601,0.0,0.0003,6320,-0.0028806739719584584,1092.9632568359375,0.3,0.351365864276886,2437.1980224609374
34,1001,8,200.0,862.3255813953489,8704,-1.692752856016159,0.0021361152,0.000390625,0.0003,6330,-0.005086581408977509,723.126220703125,0.3,0.48237282037734985,1388.8155151367187
35,1001,8,200.0,873.1818181818181,8960,-1.7329249322414397,0.00074066967,0.000390625,0.0003,6340,-0.0031483433442190288,1355.5,0.3,0.3713260293006897,2285.128283691406
36,1003,9,200.0,906.0869565217391,9216,-1.7088880836963654,0.00072686234,0.0,0.0003,6350,-0.002751226583495736,1711.625,0.3,0.529111921787262,3427.5017211914064
37,1002,9,200.0,916.3829787234042,9472,-1.760020875930786,0.001991072,0.001171875,0.0003,6360,-0.00555309965275228,1521.1663818359375,0.3,0.5386039018630981,2925.740966796875
38,1003,9,200.0,916.25,9728,-1.809548556804657,0.00056987884,0.0,0.0003,6370,-0.0019892170326784252,1070.5838623046875,0.3,0.41533035039901733,2370.6617736816406
39,1002,9,200.0,905.7142857142857,9984,-1.7226477026939393,0.0006274318,0.0,0.0003,6380,-0.0025267920223996042,982.2008666992188,0.3,0.3269147276878357,1849.6100830078126
40,1003,10,200.0,929.4117647058823,10240,-1.8258979678153993,0.0006782913,0.0,0.0003,6390,-0.003667450463399291,773.8507080078125,0.3,0.5013407468795776,1860.8225036621093
1,1303,0,200.0,1160.0,256,-1.7231873989105224,0.0012471541,0.0,0.0003,6400,-0.0035848623840138314,1184.533203125,0.3,0.4131106734275818,2748.9076171875
2,1161,0,200.0,1395.0,512,-1.5673492491245269,0.004977486,0.000390625,0.0003,6410,-0.0003227010602131486,1120.58544921875,0.3,0.47155141830444336,2807.1996826171876
3,1100,0,200.0,1216.6666666666667,768,-1.3935089886188508,0.008533608,0.004296875,0.0003,6420,-0.006866982113569975,1047.116455078125,0.3,0.6548041701316833,1898.333074951172
4,1067,0,200.0,1194.0,1024,-1.4822676002979278,0.008030789,0.007421875,0.0003,6430,-0.006199735775589943,645.6942749023438,0.3,0.5827919244766235,1575.875714111328
5,1042,1,200.0,1193.3333333333333,1280,-1.5233408689498902,0.014013041,0.004296875,0.0003,6440,-0.014942337200045586,746.8180541992188,0.3,0.5807384848594666,1424.4531494140624
6,1036,1,200.0,1288.5714285714287,1536,-1.515688455104828,0.014356478,0.00234375,0.0003,6450,-0.012196070048958063,1039.1744384765625,0.3,0.5747849345207214,2239.7332275390627
7,1037,1,200.0,1331.25,1792,-1.366994845867157,0.0044072913,0.00703125,0.0003,6460,-0.005946173169650138,1161.3848876953125,0.3,0.4433472156524658,2115.98564453125
8,1039,1,200.0,1193.0,2048,-1.4440761864185334,0.0076598595,0.006640625,0.0003,6470,-0.006717756844591349,889.4478149414062,0.3,0.6580531597137451,1997.8021362304687
9,1039,2,200.0,1212.7272727272727,2304,-1.0875332266092301,0.0018761503,0.0,0.0003,6480,-0.0007687202421948313,945.5653076171875,0.3,-0.03848564624786377,2307.4576049804687
10,1039,2,200.0,1183.3333333333333,2560,-1.632267677783966,0.00026110606,0.0,0.0003,6490,-0.0009082414908334613,864.8356323242188,0.3,0.455239474773407,2031.5026428222657
11,1041,2,200.0,1100.0,2816,-1.23928342461586,0.0004524032,0.0,0.0003,6500,-0.0020707577001303434,715.9957275390625,0.3,0.04434686899185181,2190.2691650390625
12,1039,2,200.0,1050.0,3072,-1.4151030361652375,0.00214818,0.00390625,0.0003,6510,-0.00530231399461627,1142.42138671875,0.3,0.5162988901138306,2419.2851989746096
13,1036,3,200.0,1086.25,3328,-1.6361137688159944,0.0006777807,0.0,0.0003,6520,-0.00215341669972986,709.506103515625,0.3,0.4116209149360657,1751.7721313476563
14,1033,3,200.0,1046.4705882352941,3584,-1.5049128174781798,0.0041338387,0.002734375,0.0003,6530,-0.009170204866677523,772.208984375,0.3,0.6535683274269104,1684.9431884765625
15,1025,3,200.0,1084.7368421052631,3840,-1.5094186425209046,0.0057616867,0.005859375,0.0003,6540,-0.009739267826080322,1034.7921142578125,0.3,0.5506582856178284,2216.8140075683596
16,1025,3,200.0,1064.0,4096,-1.5296568036079408,0.0038085354,0.0,0.0003,6550,-0.00589387291111052,610.6790771484375,0.3,0.6539959907531738,1266.2075500488281
17,1027,4,200.0,1065.7142857142858,4352,-1.609598845243454,0.011438586,0.008203125,0.0003,6560,-0.011287407274357975,932.0794067382812,0.3,0.5802202224731445,1665.5345703125
18,1025,4,200.0,1115.2173913043478,4608,-1.3236519634723662,0.006247825,0.003515625,0.0003,6570,-0.005526480404660106,1122.1181640625,0.3,0.5501140356063843,2527.7540649414063
19,1025,4,200.0,1116.25,4864,-1.4200713276863097,0.0019654392,0.001171875,0.0003,6580,-0.0037980363704264164,824.0354614257812,0.3,0.4900445342063904,2158.835906982422
20,1026,4,200.0,1146.4,5120,-1.3946000516414643,0.0071115643,0.005078125,0.0003,6590,-0.007071667071431875,618.5333251953125,0.3,0.5413979291915894,1468.997296142578
21,1027,5,200.0,1135.3846153846155,5376,-1.2557052969932556,0.012303179,0.005859375,0.0003,6600,-0.005267533124424517,677.0120239257812,0.3,0.6096985936164856,1822.0013488769532
22,1025,5,200.0,1141.4285714285713,5632,-1.1621221482753754,0.0047399467,0.0,0.0003,6610,-0.0030486132483929394,943.231201171875,0.3,0.5078248977661133,2177.9353149414064
23,1026,5,200.0,1158.2758620689656,5888,-1.3023492753505708,0.019044343,0.0234375,0.0003,6620,-0.01218474404886365,727.4569702148438,0.3,0.6639034748077393,1523.458349609375
24,1025,5,200.0,1132.6666666666667,6144,-1.2966741561889648,0.0036258772,0.002734375,0.0003,6630,-0.005193100520409643,933.1146850585938,0.3,0.5807900428771973,2091.3318786621094
25,1024,6,200.0,1157.5,6400,-1.4946108043193818,0.000673739,0.0,0.0003,6640,-0.0017632809933274985,625.1122436523438,0.3,0.604152262210846,1335.91240234375
26,1022,6,200.0,1156.969696969697,6656,-1.363416212797165,0.0011709069,0.0,0.0003,6650,-0.0025595466839149596,960.1386108398438,0.3,0.608168363571167,1873.5585510253907
27,1022,6,200.0,1183.5294117647059,6912,-1.3897403180599213,0.0025219216,0.002734375,0.0003,6660,-0.007133522001095116,701.731689453125,0.3,0.5965512990951538,1550.4518676757812
28,1021,7,200.0,1190.5714285714287,7168,-1.4423434615135193,0.007492925,0.01015625,0.0003,6670,-0.005992856854572892,1206.7244873046875,0.3,0.5676991939544678,2469.7372131347656
29,1021,7,200.0,1169.1891891891892,7424,-1.5681032180786132,0.0073007816,0.001953125,0.0003,6680,-0.006729255407117307,619.5186157226562,0.3,0.5527942776679993,1512.3670288085937
30,1020,7,200.0,1136.842105263158,7680,-1.5221607685089111,0.0048946654,0.005859375,0.0003,6690,-0.00473638572730124,944.0172119140625,0.3,0.42272138595581055,1959.7782470703125
31,1019,7,200.0,1148.2051282051282,7936,-0.8901796936988831,0.00024306495,0.0,0.0003,6700,0.0003106648800894618,509.3013916015625,0.3,0.22468578815460205,1641.5880798339845
32,1017,8,200.0,1154.5,8192,-1.5501381516456605,0.0063707647,0.012890625,0.0003,6710,-0.008408653154037892,1161.83837890625,0.3,0.5461429357528687,2584.134765625
33,1016,8,200.0,1159.7619047619048,8448,-1.3346866548061371,0.0030025602,0.0,0.0003,6720,-0.0028857605066150427,782.4616088867188,0.3,0.6109431982040405,1667.1246032714844
34,1014,8,200.0,1154.4186046511627,8704,-1.4031850218772888,0.015191563,0.0234375,0.0003,6730,-0.017672086833044887,569.7611083984375,0.3,0.5890817642211914,1850.2029418945312
35,1012,8,200.0,1155.2272727272727,8960,-1.4084142088890075,0.006064105,0.005078125,0.0003,6740,-0.008488683588802814,612.078125,0.3,0.530848503112793,1238.1872650146483
36,1012,9,200.0,1165.2173913043478,9216,-1.4401036083698273,0.022921285,0.051953125,0.0003,6750,-0.018217193940654398,762.47265625,0.3,0.6007471084594727,1917.4369079589844
37,1012,9,200.0,1152.9787234042553,9472,-1.3755512714385987,0.014591537,0.011328125,0.0003,6760,-0.011176079418510199,916.4727783203125,0.3,0.5773828029632568,1905.1082397460937
38,1013,9,200.0,1163.125,9728,-1.4501772046089172,0.0036379774,0.003515625,0.0003,6770,-0.003156943875364959,1155.2657470703125,0.3,0.3228713870048523,2922.616003417969
39,1014,9,200.0,1142.0408163265306,9984,-1.0262426644563676,0.0042577195,0.003125,0.0003,6780,-0.008532096166163683,480.9574279785156,0.3,0.6147754788398743,997.708935546875
40,1015,10,200.0,1119.8039215686274,10240,-1.1044486999511718,0.0017112885,0.00234375,0.0003,6790,-0.0007384341210126877,1092.4720458984375,0.3,0.5079189538955688,2264.150958251953
1,1301,0,200.0,1650.0,256,-1.1206618905067445,0.002641245,0.00234375,0.0003,6800,-0.003679024591110647,338.9614562988281,0.3,0.530651330947876,986.2663726806641
2,1130,0,200.0,970.0,512,-1.7123023450374604,0.0022504278,0.001171875,0.0003,6410,-0.0067218714626505974,1280.77294921875,0.3,0.4695289134979248,2499.3347045898436
3,1080,0,200.0,646.6666666666666,768,-1.5767819941043855,0.0035557665,0.000390625,0.0003,6420,-0.00284861212130636,1730.062744140625,0.3,-0.05069875717163086,4590.455859375
4,1058,0,200.0,932.0,1024,-1.7328157901763916,0.0012308857,0.0,0.0003,6430,-0.0021905205911025407,1309.8280029296875,0.3,0.2669065594673157,3044.1398193359373
5,1044,1,200.0,1048.3333333333333,1280,-1.7196499347686767,0.0009580469,0.0015625,0.0003,6440,-0.004140619188547134,1158.326171875,0.3,0.4031659960746765,3359.3286987304687
6,1045,1,200.0,1097.142857142857,1536,-1.7397722840309142,0.0013930509,0.001171875,0.0003,6450,-0.005311901587992907,1220.252197265625,0.3,0.46469050645828247,2403.700750732422
7,1048,1,200.0,1036.25,1792,-1.6025520980358123,0.0009888974,0.00078125,0.0003,6460,-0.0034902038285508754,1251.27294921875,0.3,0.4533529281616211,2585.266497802734
8,1048,1,200.0,959.0,2048,-1.6479278683662415,0.00016307062,0.0,0.0003,6470,-0.0001784347463399172,965.5557250976562,0.3,0.03169047832489014,2340.3071472167967
9,1050,2,200.0,1020.0,2304,-1.7164670169353484,0.0059060706,0.00234375,0.0003,6480,-0.007325345487333834,1148.066162109375,0.3,0.42482990026474,1992.0161010742188
10,1053,2,200.0,1034.1666666666667,2560,-1.6503825962543488,0.006146704,0.00078125,0.0003,6490,-0.008814446325413883,1251.626220703125,0.3,0.5360634326934814,2307.6786499023438
11,1055,2,200.0,1022.1428571428571,2816,-1.684908676147461,0.002928883,0.0,0.0003,6500,0.001241855649277568,824.3944702148438,0.3,0.09274560213088989,1872.3491149902343
12,1056,2,200.0,966.0,3072,-1.5905887603759765,0.0033821978,0.0,0.0003,6510,-0.005551977618597448,1506.2520751953125,0.3,0.45807498693466187,2924.8486083984376
13,1057,3,200.0,927.5,3328,-1.551012545824051,0.00032930356,0.0,0.0003,6520,0.0018597130081616342,617.0321044921875,0.3,0.1348017454147339,1618.421124267578
14,1057,3,200.0,927.6470588235294,3584,-1.5855823636054993,0.003415391,0.000390625,0.0003,6530,-0.00571827522944659,1055.671142578125,0.3,0.26461607217788696,2869.7360961914064
15,1054,3,200.0,986.3157894736842,3840,-1.6925819635391235,0.0014239019,0.0,0.0003,6540,-0.0029624921502545477,952.8889770507812,0.3,0.5748695135116577,1910.3525024414062
16,1049,3,200.0,960.5,4096,-1.7214098811149596,0.0012876038,0.00234375,0.0003,6550,-0.0030389502877369522,1629.1748046875,0.3,0.3286673426628113,3284.4096557617186
17,1039,4,200.0,969.5238095238095,4352,-1.6322019338607787,0.0014495621,0.0,0.0003,6560,-0.00229287575930357,790.3024291992188,0.3,0.3450813889503479,1975.849591064453
18,1033,4,200.0,949.1304347826087,4608,-1.7037710011005402,0.001451462,0.0,0.0003,6570,-0.00313301490386948,1210.8636474609375,0.3,0.40518510341644287,2343.6962646484376
19,1030,4,200.0,937.5,4864,-1.7578883051872254,0.0024158815,0.0,0.0003,6580,-0.005742763075977564,865.3710327148438,0.3,0.2827123999595642,2111.436871337891
20,1029,4,200.0,946.0,5120,-1.6761636793613435,0.004583671,0.000390625,0.0003,6590,-0.007498675887472927,544.1038818359375,0.3,0.45860862731933594,1369.158447265625
21,1029,5,200.0,932.3076923076923,5376,-1.6749792575836182,0.0005826093,0.0,0.0003,6600,-0.0007470222422853112,1241.4642333984375,0.3,0.5014592409133911,2063.4060913085937
22,1029,5,200.0,931.4285714285714,5632,-1.598698091506958,0.00082989875,0.0,0.0003,6610,-0.003440245264209807,750.2501220703125,0.3,0.5071116089820862,1694.4014221191405
23,1028,5,200.0,947.2413793103449,5888,-1.746521669626236,0.0018141528,0.001171875,0.0003,6620,-0.0049639185657724735,755.0122680664062,0.3,0.5092232823371887,1645.9531616210938
24,1028,5,200.0,930.6666666666666,6144,-1.653193074464798,0.0026703167,0.00078125,0.0003,6630,-0.008066570642404259,659.6441650390625,0.3,0.5968208312988281,2008.663037109375
25,1029,6,200.0,945.625,6400,-1.5839503109455109,0.0010967562,0.000390625,0.0003,6640,-0.003435948956757784,686.3453979492188,0.3,0.5108211040496826,1340.8855072021483
26,1027,6,200.0,944.5454545454545,6656,-1.6093396723270417,0.0045695165,0.0,0.0003,6650,-0.0067108333576470615,835.5496215820312,0.3,0.46249741315841675,2074.326336669922
27,1026,6,200.0,950.8823529411765,6912,-1.5749158799648284,0.012092555,0.010546875,0.0003,6660,-0.008537417370826006,717.8358764648438,0.3,0.412517786026001,1589.2022033691405
28,1025,6,200.0,956.8571428571429,7168,-1.6828870594501495,0.0018503407,0.001953125,0.0003,6670,-0.005698386440053582,1011.9895629882812,0.3,0.4821869730949402,2008.408984375
29,1025,7,200.0,948.1081081081081,7424,-1.644469404220581,0.0011364974,0.000390625,0.0003,6680,-0.0031872178660705686,676.7332763671875,0.3,0.5421578884124756,1534.7461547851562
30,1025,7,200.0,940.2631578947369,7680,-1.6515840768814087,0.012444906,0.0171875,0.0003,6690,-0.013405519560910762,437.68499755859375,0.3,0.5895078778266907,999.1640014648438
31,1024,7,200.0,914.6153846153846,7936,-1.5873377859592437,0.0028089313,0.0015625,0.0003,6700,-0.004900412680581212,530.9044189453125,0.3,0.3060230016708374,1545.356512451172
32,1024,7,200.0,933.0,8192,-1.5339905142784118,0.007509594,0.016796875,0.0003,6710,-0.0037697985768318175,1183.8619384765625,0.3,0.12393069267272949,2710.2306640625
33,1024,8,200.0,917.8571428571429,8448,-1.5521298706531526,0.00319616,0.00078125,0.0003,6720,-0.004222721874248237,831.2011108398438,0.3,0.33272624015808105,1712.587384033203
34,1025,8,200.0,909.7674418604652,8704,-1.618541169166565,0.007007107,0.00390625,0.0003,6730,-0.00788422506302595,810.4912719726562,0.3,0.46342968940734863,1831.993994140625
35,1024,8,200.0,915.2272727272727,8960,-1.765049409866333,0.0045537725,0.012109375,0.0003,6740,-0.004843190731480718,991.4607543945312,0.3,0.3132827877998352,2009.4692443847657
36,1025,8,200.0,915.2173913043479,9216,-1.6477880954742432,0.00088049914,0.0,0.0003,6750,-0.0016732614487409592,1204.8367919921875,0.3,0.4352336525917053,2620.448370361328
37,1025,9,200.0,920.2127659574468,9472,-1.6959307491779327,0.0033922247,0.0,0.0003,6760,-0.005418233620002866,858.5394287109375,0.3,0.4481785297393799,1919.090643310547
38,1027,9,200.0,910.2083333333334,9728,-1.7414477944374085,0.0021047923,0.003125,0.0003,6770,-0.0042026171926409,781.5785522460938,0.3,0.5767558813095093,1831.257177734375
39,1027,9,200.0,895.5102040816327,9984,-1.6455581068992615,0.005416397,0.002734375,0.0003,6780,-0.0070924438652582465,160.09127807617188,0.3,0.7280288934707642,389.097314453125
40,1027,9,200.0,910.9803921568628,10240,-1.7732120633125306,0.0041585835,0.0,0.0003,6790,-0.004867330519482493,686.2573852539062,0.3,0.5293617248535156,1915.7865478515625
1,1240,0,200.0,1390.0,256,-1.730870795249939,0.004170102,0.002734375,0.0003,6800,-0.006824297644197941,1135.5140380859375,0.3,0.5182421207427979,3065.66142578125
2,1133,0,200.0,810.0,512,-1.4652296483516694,0.022372581,0.04609375,0.0003,6810,-0.015252420073375106,749.5950927734375,0.3,0.5567151308059692,1660.7856140136719
3,1080,0,200.0,686.6666666666666,768,-1.4241353452205658,0.0041104704,0.0,0.0003,6820,-0.003417418373282999,534.12890625,0.3,0.48671531677246094,1305.0956481933595
4,1043,0,200.0,918.0,1024,-1.4819913148880004,0.005372166,0.00859375,0.0003,6830,-0.009813035972183571,785.4192504882812,0.3,0.6722275018692017,1432.3139526367188
5,1025,1,200.0,818.3333333333334,1280,-1.5933287620544434,0.0033316705,0.002734375,0.0003,6840,-0.006771426973864436,733.1316528320312,0.3,0.54301917552948,1903.8224365234375
6,1022,1,200.0,868.5714285714286,1536,-1.492930668592453,0.0035117455,0.0,0.0003,6850,-0.0037117361323907973,1011.8689575195312,0.3,0.39597469568252563,2301.279888916016
7,1024,1,200.0,875.0,1792,-1.5510292053222656,0.0031155224,0.00234375,0.0003,6860,-0.004180587490554899,681.8004150390625,0.3,0.635643720626831,1435.2720275878905
8,1024,1,200.0,951.0,2048,-1.5542144179344177,0.0046987906,0.002734375,0.0003,6870,-0.006055892631411553,717.4755859375,0.3,0.6837882995605469,1400.8232177734376
9,1022,2,200.0,926.3636363636364,2304,-1.594449406862259,0.008882803,0.009375,0.0003,6880,-0.009345249831676483,766.489013671875,0.3,0.616646409034729,1631.6179138183593
10,1022,2,200.0,945.0,2560,-1.6162600636482238,0.006474373,0.00234375,0.0003,6890,-0.005055868811905384,633.5419921875,0.3,0.5804710984230042,1273.67783203125
11,1020,2,200.0,838.5714285714286,2816,-1.2312415957450866,0.0013279244,0.0,0.0003,6900,0.0002724605146795511,715.0986328125,0.3,0.22300124168395996,1772.58291015625
12,1021,3,200.0,789.3333333333334,3072,-1.262724018096924,0.014668743,0.019140625,0.0003,6910,-0.01646147561259568,823.5211181640625,0.3,0.2562267780303955,1646.588800048828
13,1024,3,200.0,809.375,3328,-1.5416142821311951,0.00024660467,0.0,0.0003,6920,0.0003703286405652761,1044.3638916015625,0.3,0.22395539283752441,2681.847705078125
14,1025,3,200.0,780.5882352941177,3584,-1.5889261364936829,0.004225163,0.008203125,0.0003,6930,-0.0065937366802245375,756.8214111328125,0.3,0.3861687183380127,1854.1879516601562
15,1023,3,200.0,751.578947368421,3840,-1.4858580708503724,0.0070032175,0.01015625,0.0003,6940,-0.0037174717988818886,532.7379760742188,0.3,0.07698523998260498,1215.9631103515626
16,1021,4,200.0,748.5,4096,-1.4970407485961914,0.0031245241,0.003515625,0.0003,6950,-0.0026152976090088485,670.4409790039062,0.3,0.626617431640625,1369.0057861328125
17,1014,4,200.0,750.952380952381,4352,-1.554081881046295,0.0021552804,0.0,0.0003,6960,-0.0029479495249688627,550.066162109375,0.3,0.5452982187271118,1342.1639434814454
18,1012,4,200.0,751.7391304347826,4608,-1.5690872550010682,0.011103246,0.055859375,0.0003,6970,-0.014067476941272616,635.7105102539062,0.3,0.4050784111022949,1604.010400390625
19,1012,4,200.0,759.1666666666666,4864,-1.2628318250179291,0.0022468998,0.0,0.0003,6980,-0.005836565257050097,963.1582641601562,0.3,0.16825246810913086,2547.3206481933594
20,1012,5,200.0,775.6,5120,-1.5235922932624817,0.001716851,0.00234375,0.0003,6990,-0.004382135719060898,690.28173828125,0.3,0.670013427734375,1564.5799377441406
21,1011,5,200.0,781.5384615384615,5376,-1.5551009714603423,0.005331961,0.001171875,0.0003,7000,-0.005573604069650173,487.966064453125,0.3,0.5900693535804749,1209.3116027832032
22,1011,5,200.0,763.2142857142857,5632,-1.502125096321106,0.017313618,0.01796875,0.0003,7010,-0.012005106871947646,432.6717834472656,0.3,0.6872522830963135,1150.4761627197265
23,1010,5,200.0,794.4827586206897,5888,-1.566402119398117,0.005506049,0.015234375,0.0003,7020,-0.01015124204568565,803.9572143554688,0.3,0.38697534799575806,1745.509619140625
24,1009,6,200.0,822.6666666666666,6144,-1.4437534987926484,0.0027786344,0.0,0.0003,7030,-0.005874622310511768,815.8448486328125,0.3,0.6308251023292542,2006.2521545410157
25,1009,6,200.0,830.0,6400,-1.6062958121299744,0.0048963204,0.011328125,0.0003,7040,-0.010255301278084517,375.2939453125,0.3,0.6860818266868591,1159.3552856445312
26,1009,6,200.0,840.3030303030303,6656,-1.5179270327091217,0.003937398,0.0,0.0003,7050,-0.0019387679523788393,1063.95263671875,0.3,0.5371593236923218,2033.6352783203124
27,1010,6,200.0,814.4117647058823,6912,-1.5067100465297698,0.0017006416,0.0,0.0003,7060,-0.0025005030911415815,715.6176147460938,0.3,0.5448284149169922,1643.5671630859374
28,1009,7,200.0,816.2857142857143,7168,-1.686620259284973,0.013391133,0.0140625,0.0003,7070,-0.007985763531178237,353.5832214355469,0.3,0.6588232517242432,885.4781280517578
29,1010,7,200.0,755.4054054054054,7424,-1.0413786351680756,0.0056664096,0.005078125,0.0003,7080,-0.005625732988119125,534.421875,0.3,-0.1672428846359253,2328.7724548339843
30,1011,7,200.0,751.578947368421,7680,-0.7210410833358765,0.00012901518,0.0,0.0003,7090,0.0004929921356961131,322.9980163574219,0.3,-2.8602285385131836,1495.0010864257813
31,1011,7,200.0,758.4615384615385,7936,-1.122103202342987,0.0056326464,0.014453125,0.0003,7100,-0.003742650104686618,1087.0572509765625,0.3,0.28687363862991333,2638.1240234375
32,1012,8,200.0,762.25,8192,-1.4311295390129088,0.00977381,0.01796875,0.0003,7110,-0.01107745652552694,758.8731689453125,0.3,0.4988586902618408,1648.670672607422
33,1013,8,200.0,763.5714285714286,8448,-1.5191927969455719,0.011619212,0.003515625,0.0003,7120,-0.005950736813247204,379.2114562988281,0.3,0.6981123089790344,753.5629364013672
34,1014,8,200.0,740.9302325581396,8704,-1.516168123483658,0.0026519326,0.001171875,0.0003,7130,-0.0017760748509317637,661.45947265625,0.3,0.5800362825393677,1653.7461669921875
35,1014,8,200.0,750.6818181818181,8960,-1.340021365880966,0.0034138467,0.00546875,0.0003,7140,-0.004930225457064808,1115.1859130859375,0.3,0.2035258412361145,2822.9992797851564
36,1014,9,200.0,758.4782608695652,9216,-1.6542744576930999,0.0075963577,0.001953125,0.0003,7150,-0.011488321144133807,481.83831787109375,0.3,0.6499993205070496,1062.1856201171875
37,1015,9,200.0,766.8085106382979,9472,-1.5531778573989867,0.019711018,0.026171875,0.0003,7160,-0.006673675868660212,454.79632568359375,0.3,0.7115903496742249,955.8711364746093
38,1015,9,200.0,785.0,9728,-1.4116400897502899,0.0025324493,0.000390625,0.0003,7170,-0.001812993106432259,756.5617065429688,0.3,0.636475145816803,1664.019842529297
39,1015,9,200.0,777.7551020408164,9984,-1.7052573204040526,0.033894613,0.056640625,0.0003,7180,-0.018696312652900816,515.534423828125,0.3,0.6214823722839355,1175.1627044677734
40,1014,10,200.0,797.4509803921569,10240,-1.5085673868656158,0.015388067,0.02109375,0.0003,7190,-0.009482592204585671,922.2902221679688,0.3,0.7087472081184387,1663.694580078125
1,1247,0,200.0,640.0,256,-1.5691640019416808,0.00328622,0.00234375,0.0003,7200,-0.005934594362042844,874.7479858398438,0.3,0.5323373079299927,1775.2989929199218
2,1104,0,200.0,1140.0,512,-1.6702841222286224,0.0012657717,0.0,0.0003,6810,-0.002124628541059792,725.2352294921875,0.3,0.4059026837348938,1751.0855651855468
3,1059,0,200.0,1066.6666666666667,768,-1.7721422731876373,0.001552393,0.0,0.0003,6820,-0.0046142251696437596,1280.437255859375,0.3,0.5967164039611816,2268.8999938964844
4,1041,0,200.0,1146.0,1024,-1.7406719505786896,0.0011228048,0.001171875,0.0003,6830,-0.002993325563147664,826.0133666992188,0.3,0.5586973428726196,1540.684326171875
5,1029,1,200.0,1061.6666666666667,1280,-1.7487117409706117,0.0020132582,0.0,0.0003,6840,-0.0035492141731083395,789.3345947265625,0.3,0.5151562690734863,1806.9464599609375
6,1030,1,200.0,1077.142857142857,1536,-1.7644612550735475,0.0014563424,0.0,0.0003,6850,-0.003960440482478589,1266.8570556640625,0.3,0.3464871644973755,2274.825091552734
7,1032,1,200.0,1088.75,1792,-1.7243269085884094,0.003610854,0.001171875,0.0003,6860,-0.004327384475618601,946.327392578125,0.3,0.5071392059326172,2216.9109436035155
8,1031,1,200.0,1201.0,2048,-1.7548844635486602,0.0025528157,0.0,0.0003,6870,-0.006289343349635601,1058.5208740234375,0.3,0.4360330104827881,2719.5376708984377
9,1032,2,200.0,1150.0,2304,-1.8221701979637146,0.005572875,0.003515625,0.0003,6880,-0.009050856344401836,905.325439453125,0.3,0.40797799825668335,1865.9968322753907
10,1032,2,200.0,1073.3333333333333,2560,-1.5718624532222747,0.0012166509,0.0,0.0003,6890,-0.0017561364453285932,481.1285095214844,0.3,0.5178960561752319,1072.3504608154296
11,1032,2,200.0,1137.142857142857,2816,-1.7636306405067443,0.0025352414,0.003515625,0.0003,6900,-0.01133034024387598,1308.0828857421875,0.3,0.4480254650115967,2534.211065673828
12,1028,2,200.0,1140.6666666666667,3072,-1.786798995733261,0.00056466926,0.0,0.0003,6910,-0.001132368599064648,1269.990966796875,0.3,0.46699780225753784,2298.369836425781
13,1029,3,200.0,1121.875,3328,-1.7373577117919923,0.00034145336,0.0,0.0003,6920,-0.001867517805658281,1045.3651123046875,0.3,0.18708264827728271,2315.3981811523436
14,1033,3,200.0,1155.2941176470588,3584,-1.8133861064910888,0.00085604703,0.0,0.0003,6930,-0.002032937400508672,781.87353515625,0.3,0.5715471506118774,2210.815380859375
15,1033,3,200.0,1156.842105263158,3840,-1.8525338649749756,0.0021858152,0.00234375,0.0003,6940,-0.00786955920048058,845.4291381835938,0.3,0.5311422348022461,1545.705712890625
16,1031,3,200.0,1121.5,4096,-1.8066361725330353,0.0028282125,0.001953125,0.0003,6950,-0.005697660008445382,870.7745971679688,0.3,0.49544674158096313,1891.1369934082031
17,1027,4,200.0,1106.6666666666667,4352,-1.7009119391441345,0.0005830503,0.0,0.0003,6960,0.0002614829922094941,502.25628662109375,0.3,0.4332004189491272,1199.2061584472656
18,1022,4,200.0,1140.0,4608,-1.7391336858272552,0.005340115,0.001953125,0.0003,6970,-0.009188800863921643,1115.915283203125,0.3,0.3895305395126343,2250.825646972656
19,1014,4,200.0,1137.0833333333333,4864,-1.7800482273101808,0.005503389,0.002734375,0.0003,6980,-0.008571546524763107,852.2396850585938,0.3,0.5333446264266968,2056.4337646484373
20,1010,5,200.0,1119.2,5120,-1.8251799046993256,0.005059357,0.010546875,0.0003,6990,-0.00865189703181386,862.1856689453125,0.3,0.3411935567855835,2309.7224853515627
21,1006,5,200.0,1090.3846153846155,5376,-1.89482182264328,0.002257193,0.001171875,0.0003,7000,-0.005475223390385508,617.5490112304688,0.3,0.5289992094039917,1575.3475830078125
22,1002,5,200.0,1085.7142857142858,5632,-1.811256468296051,0.0061929505,0.005859375,0.0003,7010,-0.009630945883691311,1180.9407958984375,0.3,0.2083911895751953,2360.5928588867187
23,999,5,200.0,1087.5862068965516,5888,-1.6701029181480407,0.002620315,0.0015625,0.0003,7020,-0.0038794227410107853,795.2386474609375,0.3,0.348527729511261,2011.3650634765625
24,997,6,200.0,1065.3333333333333,6144,-1.801529461145401,0.0017746582,0.0015625,0.0003,7030,-0.005070664267987013,546.6638793945312,0.3,0.5095706582069397,1352.4936767578124
25,997,6,200.0,1085.3125,6400,-1.791928219795227,0.0043268586,0.005078125,0.0003,7040,-0.007958280690945684,1014.734375,0.3,0.40265893936157227,2378.1701843261717
26,998,6,200.0,1080.3030303030303,6656,-1.8161939442157746,0.0023793166,0.001171875,0.0003,7050,-0.0035344953881576656,832.809814453125,0.3,0.34095001220703125,2231.730114746094
27,1000,6,200.0,1068.8235294117646,6912,-1.74081392288208,0.0014766993,0.0,0.0003,7060,-0.0044213492888957266,672.4200439453125,0.3,0.40059101581573486,1717.5587280273437
28,1001,7,200.0,1075.7142857142858,7168,-1.7465227246284485,0.0047691376,0.00078125,0.0003,7070,-0.00910794297233224,983.3071899414062,0.3,0.5235348343849182,1888.90185546875
29,1002,7,200.0,1052.162162162162,7424,-1.764616423845291,0.0045349607,0.0,0.0003,7080,-0.008424162026494741,838.6273803710938,0.3,0.5674525499343872,1623.3921630859375
30,1003,7,200.0,1053.421052631579,7680,-1.772929835319519,0.002752702,0.003515625,0.0003,7090,-0.007119796937331557,658.2222290039062,0.3,0.3744339942932129,1664.8773864746095
31,1004,7,200.0,1055.6410256410256,7936,-1.7759221971035004,0.0058731455,0.00078125,0.0003,7100,-0.007424609153531492,739.4627685546875,0.3,0.623640775680542,1460.0530517578125
32,1002,8,200.0,1070.0,8192,-1.751081645488739,0.0068865223,0.00390625,0.0003,7110,-0.006179045396856963,729.626220703125,0.3,0.4265953302383423,2032.0556884765624
33,1004,8,200.0,1044.7619047619048,8448,-1.7691225469112397,0.0077210143,0.003515625,0.0003,7120,-0.009266439918428659,775.5533447265625,0.3,0.5304075479507446,1453.312551879883
34,1004,8,200.0,1048.139534883721,8704,-1.7303511083126069,0.0026613162,0.0,0.0003,7130,-0.002519500651396811,732.275634765625,0.3,0.2685023546218872,1533.054669189453
35,1005,8,200.0,1050.909090909091,8960,-1.606971424818039,0.00036588847,0.0,0.0003,7140,-0.0014683963730931283,1137.8919677734375,0.3,0.5139206647872925,2309.905322265625
36,1006,9,200.0,1047.391304347826,9216,-1.8349178075790404,0.008489753,0.02265625,0.0003,7150,-0.004791208473034203,757.6873779296875,0.3,0.11827564239501953,1937.0557983398437
37,1007,9,200.0,1038.0851063829787,9472,-1.577181226015091,0.0043992256,0.0,0.0003,7160,-0.008849152596667409,687.8088989257812,0.3,0.5089429020881653,1822.6954162597656
38,1008,9,200.0,1044.375,9728,-1.8147116780281067,0.004629706,0.00625,0.0003,7170,-0.004981651820708066,1369.0260009765625,0.3,0.11699634790420532,2990.8255126953127
39,1008,9,200.0,1031.2244897959183,9984,-1.683623880147934,0.001370531,0.0,0.0003,7180,-0.0032864554552361367,764.1869506835938,0.3,0.50883948802948,1613.3364501953124
40,1009,10,200.0,1030.5882352941176,10240,-1.6314390301704407,0.0035231835,0.00078125,0.0003,7190,-0.0028417698806151746,1218.4403076171875,0.3,0.3136865496635437,2446.0999267578127
1,1332,0,200.0,1170.0,256,-1.670153170824051,0.0023175022,0.001171875,0.0003,7200,-0.005710329487919807,354.0781555175781,0.3,0.5225169062614441,1091.9124542236327
2,1150,0,200.0,1280.0,512,-1.5031276643276215,0.0025912907,0.00078125,0.0003,7210,-0.0013146691955626011,908.8378295898438,0.3,0.4700508117675781,2004.828106689453
3,1100,0,200.0,1080.0,768,-1.437468206882477,0.0026018193,0.0,0.0003,7220,-0.004336375882849098,881.0059814453125,0.3,0.5677777528762817,1643.9411987304688
4,1075,0,200.0,1150.0,1024,-1.5150031328201294,0.008929544,0.002734375,0.0003,7230,-0.00647189593873918,719.3595581054688,0.3,0.6127277612686157,1456.1166717529297
5,1057,1,200.0,1061.6666666666667,1280,-1.4249499320983887,0.01069772,0.016015625,0.0003,7240,-0.00539374235086143,544.7197265625,0.3,0.6264350414276123,1205.7191772460938
6,1052,1,200.0,1178.5714285714287,1536,-1.4836133897304535,0.00925771,0.007421875,0.0003,7250,-0.008247562777251005,464.92938232421875,0.3,0.6310330033302307,1067.9943542480469
7,1050,1,200.0,1177.5,1792,-1.3263518333435058,0.012403417,0.014453125,0.0003,7260,-0.0084002704359591,746.8363647460938,0.3,0.6592459678649902,1644.7374267578125
8,1045,1,200.0,1172.0,2048,-1.3775494873523713,0.005858667,0.002734375,0.0003,7270,-0.0035422796849161387,665.518310546875,0.3,0.6491494178771973,1343.30458984375
9,1041,2,200.0,1170.909090909091,2304,-1.4460291147232056,0.020307083,0.048046875,0.0003,7280,-0.011865822761319578,388.96026611328125,0.3,0.7036369442939758,911.9564178466796
10,1042,2,200.0,1088.3333333333333,2560,-1.4514053225517274,0.0059355646,0.002734375,0.0003,7290,-0.007732127548661083,677.8124389648438,0.3,0.5204317569732666,1374.5428039550782
11,1040,2,200.0,1014.2857142857143,2816,-1.4907188534736633,0.0059857126,0.005078125,0.0003,7300,-0.0053658830933272835,419.9140625,0.3,0.7418001890182495,905.0238830566407
12,1042,2,200.0,1008.0,3072,-1.4761178731918334,0.0053123995,0.0078125,0.0003,7310,0.0008025632705539465,1614.681884765625,0.3,-0.2675405740737915,5365.593054199218
13,1039,3,200.0,1004.375,3328,-1.4999261975288392,0.014652161,0.008984375,0.0003,7320,-0.009616013616323471,406.99554443359375,0.3,0.7348976135253906,985.0479095458984
14,1037,3,200.0,1035.2941176470588,3584,-1.372211217880249,0.027364247,0.030859375,0.0003,7330,-0.0144136774353683,753.3158569335938,0.3,0.5631442070007324,1593.323828125
15,1037,3,200.0,987.8947368421053,3840,-1.379048800468445,0.011850601,0.02109375,0.0003,7340,-0.0066528762457892295,808.97119140625,0.3,0.5777720808982849,1698.553369140625
16,1035,3,200.0,1005.5,4096,-1.3566255629062653,0.0074832,0.015625,0.0003,7350,-0.012540174066089094,649.9597778320312,0.3,0.7137719392776489,1498.4945678710938
17,1033,4,200.0,1023.8095238095239,4352,-1.264730578660965,0.0029959877,0.0,0.0003,7360,-0.001448101014830172,819.0498046875,0.3,0.4492889642715454,1807.4134582519532
18,1031,4,200.0,1051.304347826087,4608,-1.3484188556671142,0.019930184,0.057421875,0.0003,7370,-0.011857758229598402,453.17901611328125,0.3,0.7476203441619873,961.4197082519531
19,1030,4,200.0,1063.75,4864,-1.3646125674247742,0.018392745,0.03203125,0.0003,7380,-0.013628663308918477,657.3623046875,0.3,0.648731529712677,1455.1859741210938
20,1031,4,200.0,1078.4,5120,-1.3060379087924958,0.031059906,0.08671875,0.0003,7390,-0.017323601944372057,572.0515747070312,0.3,0.6352214813232422,1196.0632080078126
21,1030,5,200.0,1021.1538461538462,5376,-1.2516744136810303,0.0028029785,0.0,0.0003,7400,-0.0037379647605121137,1543.8751220703125,0.3,-0.03713822364807129,3885.345666503906
22,1031,5,200.0,1037.857142857143,5632,-1.321451085805893,0.0013192496,0.0,0.0003,7410,-0.0034437095979228615,1282.0548095703125,0.3,0.06076860427856445,2969.104931640625
23,1031,5,200.0,1042.0689655172414,5888,-1.4172970950603485,0.0018863573,0.0,0.0003,7420,-0.0033951487857848406,549.1386108398438,0.3,0.7258152961730957,1402.813052368164
24,1031,5,200.0,1054.0,6144,-1.4011300802230835,0.0034637088,0.0,0.0003,7430,-0.005891249794512987,427.3660583496094,0.3,0.7122930288314819,1390.2779541015625
25,1032,6,200.0,1043.75,6400,-1.4304502725601196,0.0025898665,0.000390625,0.0003,7440,-0.005675669061020017,1023.9014282226562,0.3,0.33392125368118286,2128.11708984375
26,1033,6,200.0,1014.8484848484849,6656,-1.3711797654628755,0.005337036,0.008984375,0.0003,7450,-0.0050442851148545746,624.415283203125,0.3,0.5103782415390015,1636.7828674316406
27,1029,6,200.0,1012.3529411764706,6912,-1.2806872248649597,0.0016895325,0.0,0.0003,7460,-0.003149374318309128,633.1029663085938,0.3,-0.014258861541748047,2294.3787841796875
28,1029,6,200.0,1016.8571428571429,7168,-1.4536079347133637,0.0005072912,0.0,0.0003,7470,-0.0016222767997533083,510.93218994140625,0.3,0.6389622688293457,1265.1789825439453
29,1029,7,200.0,1031.6216216216217,7424,-1.4592673540115357,0.012667425,0.00625,0.0003,7480,-0.008067230437882244,480.77056884765625,0.3,0.6896535158157349,1134.2408294677734
30,1029,7,200.0,1028.9473684210527,7680,-1.3944796800613404,0.006120783,0.0,0.0003,7490,-0.005675915302708745,702.2661743164062,0.3,0.5534837245941162,1565.3762573242188
31,1028,7,200.0,1032.5641025641025,7936,-1.3515474557876588,0.030968532,0.1046875,0.0003,7500,-0.02168091326020658,527.4419555664062,0.3,0.6846306324005127,1295.0965942382813
32,1029,7,200.0,1041.75,8192,-1.317034763097763,0.007282847,0.00234375,0.0003,7510,-0.005318854143843055,665.5542602539062,0.3,0.2850756049156189,1935.3041564941407
33,1028,8,200.0,1069.5238095238096,8448,-1.2589578211307526,0.0012005414,0.0,0.0003,7520,-0.0018261271063238383,564.7470703125,0.3,0.7059628963470459,1356.9447814941407
34,1026,8,200.0,1066.7441860465117,8704,-1.3298681497573852,0.01760631,0.0203125,0.0003,7530,-0.011106198909692467,772.0999145507812,0.3,0.6497305631637573,1478.7303466796875
35,1027,8,200.0,1074.3181818181818,8960,-1.3013166308403015,0.0077186385,0.019140625,0.0003,7540,-0.01186794782988727,758.5565795898438,0.3,0.6989796161651611,1346.5003021240234
36,1027,8,200.0,1082.8260869565217,9216,-1.3110863089561462,0.017556667,0.028125,0.0003,7550,-0.01108259973116219,495.7588195800781,0.3,0.7519186735153198,1039.4882598876952
37,1027,9,200.0,1092.340425531915,9472,-1.3535427629947663,0.014254398,0.027734375,0.0003,7560,-0.008723668288439512,534.0586547851562,0.3,0.6762085556983948,1150.99228515625
38,1027,9,200.0,1098.5416666666667,9728,-1.2276557683944702,0.0072268387,0.012890625,0.0003,7570,-0.00511411689221859,579.3513793945312,0.3,0.653630793094635,1566.1990173339843
39,1027,9,200.0,1115.1020408163265,9984,-1.2457369208335876,0.009944873,0.013671875,0.0003,7580,-0.0053515138803049925,555.8814086914062,0.3,0.665165901184082,1236.0833251953125
40,1027,9,200.0,1134.313725490196,10240,-1.1686774730682372,0.0060339775,0.001953125,0.0003,7590,-0.007609198219142854,811.5836181640625,0.3,0.6804897785186768,1614.5738464355468
1,1279,0,200.0,1640.0,256,-1.272519052028656,0.0058672996,0.006640625,0.0003,7600,-0.004599936911836267,545.5079345703125,0.3,0.7420225739479065,1165.6082885742187
2,1152,0,200.0,1765.0,512,-1.5760388255119324,0.0014158383,0.0,0.0003,7210,-0.003519893973134458,1008.2882080078125,0.3,0.589634895324707,2216.195520019531
3,1068,0,200.0,1640.0,768,-1.5839869618415832,0.0017307508,0.000390625,0.0003,7220,-0.0042289451463148,888.0318603515625,0.3,0.5629621744155884,1892.568017578125
4,1041,0,200.0,1456.0,1024,-1.6091682612895966,0.00283027,0.001171875,0.0003,7230,-0.006900842394679784,1103.3424072265625,0.3,0.5474191904067993,2374.2256713867187
5,1029,1,200.0,1271.6666666666667,1280,-1.5707085728645325,0.0011995006,0.0,0.0003,7240,-0.003783033462241292,974.4108276367188,0.3,0.28662437200546265,2367.3159790039062
6,1021,1,200.0,1184.2857142857142,1536,-1.7018133103847504,0.0009398903,0.0,0.0003,7250,-0.003029774408787489,768.4842529296875,0.3,0.29349154233932495,1815.2493957519532
7,1021,1,200.0,1240.0,1792,-1.7179237842559814,0.0036797193,0.000390625,0.0003,7260,-0.00587003726977855,882.8920288085938,0.3,0.43859583139419556,1928.4997253417969
8,1014,2,200.0,1247.0,2048,-1.6619767665863037,0.00264164,0.000390625,0.0003,7270,-0.0029485953506082296,1388.9622802734375,0.3,0.5734564661979675,2712.2472412109373
9,1018,2,200.0,1303.6363636363637,2304,-1.8113139390945434,0.0030407242,0.0015625,0.0003,7280,-0.005030388757586479,847.0374145507812,0.3,0.511587381362915,1813.2166931152344
10,1019,2,200.0,1330.8333333333333,2560,-1.622533482313156,0.0010656146,0.001171875,0.0003,7290,-0.003507352084852755,993.8922729492188,0.3,0.520845890045166,2193.8679931640627
11,1019,2,200.0,1322.142857142857,2816,-1.7285184800624847,0.0017832166,0.00078125,0.0003,7300,-0.0045189787168055775,703.3947143554688,0.3,0.402762234210968,1858.359197998047
12,1021,3,200.0,1375.3333333333333,3072,-1.6206085622310638,0.0060645016,0.00546875,0.0003,7310,-0.007025614846497774,1081.0740966796875,0.3,0.4776874780654907,2190.2516235351563
13,1021,3,200.0,1373.125,3328,-1.6099226295948028,0.001113794,0.004296875,0.0003,7320,-0.005228058062493801,1265.84716796875,0.3,0.5933658480644226,2673.257434082031
14,1023,3,200.0,1380.5882352941176,3584,-1.5192009150981902,0.0072496766,0.01171875,0.0003,7330,-0.012211643881164492,1123.0477294921875,0.3,0.23665636777877808,2776.617785644531
15,1023,3,200.0,1408.9473684210527,3840,-1.388063246011734,0.0054534217,0.001953125,0.0003,7340,-0.008430914091877639,1145.3812255859375,0.3,0.47280460596084595,2327.3268188476563
16,1024,3,200.0,1381.0,4096,-1.2802603721618653,0.010543371,0.0203125,0.0003,7350,-0.012801650213077664,1146.489990234375,0.3,0.5311888456344604,2425.6946716308594
17,1024,4,200.0,1357.6190476190477,4352,-1.5287156283855439,0.0029897674,0.001171875,0.0003,7360,-0.003516067564487457,1278.7803955078125,0.3,0.314775288105011,2716.685516357422
18,1024,4,200.0,1276.9565217391305,4608,-1.7692555963993073,0.0015427363,0.001171875,0.0003,7370,-0.004761172598227859,533.3936767578125,0.3,0.6082088947296143,1000.4380828857422
19,1022,4,200.0,1272.5,4864,-1.7004608929157257,0.0036788706,0.0,0.0003,7380,-0.005311677465215325,455.277099609375,0.3,0.5861201286315918,1106.4339935302735
20,1022,5,200.0,1249.2,5120,-1.3930684149265289,0.01176572,0.015234375,0.0003,7390,-0.009568676655180752,742.3967895507812,0.3,0.4917759895324707,1946.986883544922
21,1023,5,200.0,1250.7692307692307,5376,-1.560288804769516,0.0037354492,0.01015625,0.0003,7400,-0.006659310311079025,698.3087768554688,0.3,0.6655128002166748,1405.841519165039
22,1022,5,200.0,1261.7857142857142,5632,-1.5483642637729644,0.0016720816,0.00078125,0.0003,7410,-0.004390654247254133,965.8746948242188,0.3,0.4501582980155945,2135.700262451172
23,1024,5,200.0,1266.551724137931,5888,-1.4402971684932708,0.003226638,0.00234375,0.0003,7420,-0.005175993917509914,1141.0484619140625,0.3,0.42463040351867676,2324.5592407226563
24,1024,5,200.0,1255.0,6144,-1.3081226348876953,0.0019320964,0.0,0.0003,7430,-0.005226817261427641,1241.367919921875,0.3,0.5522964596748352,2352.19921875
25,1020,6,200.0,1272.1875,6400,-1.654875785112381,0.003097421,0.001171875,0.0003,7440,-0.006609332840889692,989.3165893554688,0.3,0.5536220073699951,1693.9951721191405
26,1020,6,200.0,1238.7878787878788,6656,-1.4189237296581267,0.0109181795,0.00859375,0.0003,7450,-0.00988700338639319,787.639404296875,0.3,0.5572333335876465,1736.1450256347657
27,1021,6,200.0,1257.9411764705883,6912,-1.3343027174472808,0.00027719908,0.0,0.0003,7460,-0.0008908884366974235,687.0347290039062,0.3,0.5036815404891968,1791.4507568359375
28,1020,7,200.0,1255.142857142857,7168,-1.254626876115799,0.002709538,0.0,0.0003,7470,-0.003110048733651638,849.4566040039062,0.3,0.5093988180160522,1783.6631774902344
29,1019,7,200.0,1268.3783783783783,7424,-1.3619376957416534,0.0028056037,0.00078125,0.0003,7480,-0.00403218730352819,905.7871704101562,0.3,0.5863547325134277,2203.2402160644533
30,1019,7,200.0,1272.6315789473683,7680,-1.404776692390442,0.0048124185,0.003125,0.0003,7490,-0.004911175649613142,1082.9276123046875,0.3,0.4745081067085266,2041.1721496582031
31,1018,7,200.0,1256.4102564102564,7936,-1.4974778413772583,0.0069509647,0.002734375,0.0003,7500,-0.005279339430853724,1027.904296875,0.3,0.38538527488708496,2102.460974121094
32,1017,8,200.0,1254.0,8192,-1.6670430839061736,0.0058433516,0.00078125,0.0003,7510,-0.010487686609849334,662.0111694335938,0.3,0.6009149551391602,1383.2504577636719
33,1017,8,200.0,1272.3809523809523,8448,-1.5061071395874024,0.0059860107,0.0,0.0003,7520,-0.0007617190945893526,741.0796508789062,0.3,0.4723220467567444,2007.8979736328124
34,1017,8,200.0,1264.8837209302326,8704,-1.3224394500255585,0.011370221,0.002734375,0.0003,7530,-0.007594106486067176,713.2681274414062,0.3,0.596674382686615,1762.2244873046875
35,1016,8,200.0,1267.0454545454545,8960,-1.1562642514705659,0.0038052571,0.0,0.0003,7540,-0.0039007265702821316,857.4647216796875,0.3,0.5638347864151001,1962.0667541503906
36,1017,9,200.0,1251.7391304347825,9216,-1.118450140953064,0.0010690019,0.0,0.0003,7550,-0.0012547639198601246,982.5043334960938,0.3,0.3944600820541382,2001.6981079101563
37,1016,9,200.0,1254.6808510638298,9472,-1.1157956004142762,0.008481143,0.0,0.0003,7560,-0.007329314947128296,1089.0487060546875,0.3,0.44330328702926636,2192.695526123047
38,1017,9,200.0,1257.9166666666667,9728,-1.3788238167762756,0.0071258843,0.0,0.0003,7570,-0.004004452610388398,697.0621337890625,0.3,0.49738961458206177,1985.7461547851562
39,1017,9,200.0,1255.9183673469388,9984,-1.4106295108795166,0.00844363,0.00859375,0.0003,7580,-0.01140879476442933,992.8903198242188,0.3,0.5471240282058716,2011.5996459960938
40,1015,10,200.0,1280.0,10240,-1.3441774427890778,0.008623164,0.011328125,0.0003,7590,-0.011312677059322596,619.7185668945312,0.3,0.5961559414863586,1688.353094482422
1,1254,0,200.0,1390.0,256,-1.4380831599235535,0.019945398,0.0484375,0.0003,7600,-0.012824112363159657,840.401611328125,0.3,0.4666687846183777,2001.5552307128905
2,1106,0,200.0,1290.0,512,-1.2257700204849242,0.019084793,0.056640625,0.0003,7610,-0.010454586590640247,444.2964172363281,0.3,0.7457278966903687,866.5483596801757
3,1075,0,200.0,1403.3333333333333,768,-1.1606883943080901,0.02681608,0.039453125,0.0003,7620,-0.01251643153373152,560.3460083007812,0.3,0.6890007257461548,1051.672705078125
4,1051,0,200.0,1350.0,1024,-1.1662489116191863,0.00178752,0.0,0.0003,7630,-0.0021538570057600737,514.80224609375,0.3,0.4760338068008423,1371.872366333008
5,1035,1,200.0,1318.3333333333333,1280,-1.1771688878536224,0.007270612,0.003515625,0.0003,7640,-0.004453830909915269,728.739501953125,0.3,0.6565463542938232,1588.796209716797
6,1030,1,200.0,1300.0,1536,-1.2198116660118103,0.052768268,0.0765625,0.0003,7650,-0.018623577733524143,644.1895751953125,0.3,0.6874198913574219,1179.8715545654297
7,1014,1,200.0,1138.75,1792,-1.3747868657112121,0.003002824,0.002734375,0.0003,7660,-0.0026958908652886747,570.1123657226562,0.3,0.16004568338394165,1990.8345275878905
8,1009,2,200.0,1194.0,2048,-1.2839601695537568,0.01164917,0.00859375,0.0003,7670,-0.010897881421260535,494.1457824707031,0.3,0.6320919990539551,1297.1021667480468
9,1004,2,200.0,1233.6363636363637,2304,-1.202449631690979,0.015331143,0.025,0.0003,7680,-0.012147025996819138,518.8270874023438,0.3,0.6220557689666748,1325.215673828125
10,1002,2,200.0,1286.6666666666667,2560,-1.1913713574409486,0.0037016508,0.0,0.0003,7690,-0.000394514761865139,521.0035400390625,0.3,0.8224878311157227,1090.721420288086
11,1001,2,200.0,1338.5714285714287,2816,-1.2556233763694764,0.019993575,0.035546875,0.0003,7700,-0.009200628148391843,472.61444091796875,0.3,0.7414858341217041,957.2432403564453
12,1002,3,200.0,1303.3333333333333,3072,-1.2290687799453734,0.030469699,0.065625,0.0003,7710,-0.018056065170094372,612.1951293945312,0.3,0.622011125087738,1347.7249084472655
13,1002,3,200.0,1263.75,3328,-1.2969554841518403,0.014467165,0.01171875,0.0003,7720,-0.007035345700569451,388.1341857910156,0.3,0.790871798992157,844.980599975586
14,999,3,200.0,1271.1764705882354,3584,-1.3114125072956084,0.015029235,0.01875,0.0003,7730,-0.007834245450794697,313.91351318359375,0.3,0.6214269995689392,911.6154602050781
15,1001,3,200.0,1182.1052631578948,3840,-1.2580925107002259,0.006851717,0.003125,0.0003,7740,-0.009101965231820941,356.4877624511719,0.3,0.7784450054168701,830.0898010253907
16,1004,4,200.0,1157.0,4096,-1.29271559715271,0.0032070812,0.003125,0.0003,7750,-0.001455574226565659,645.2777709960938,0.3,0.5359795093536377,1410.1114654541016
17,1001,4,200.0,1190.952380952381,4352,-1.3389498233795165,0.0026988548,0.0,0.0003,7760,-0.0027044377056881785,424.38555908203125,0.3,0.6889088153839111,885.6476501464844
18,998,4,200.0,1219.1304347826087,4608,-1.1231760263442994,0.002055921,0.0,0.0003,7770,-0.001760423742234707,515.8484497070312,0.3,0.8341911435127258,924.1476959228515
19,1000,4,200.0,1216.25,4864,-1.1707014441490173,0.0066307774,0.00234375,0.0003,7780,-0.004212494217790663,391.4516296386719,0.3,0.7799292802810669,762.167691040039
20,1001,5,200.0,1210.0,5120,-1.3262559711933135,0.02821384,0.058984375,0.0003,7790,-0.013032597908750176,412.8485107421875,0.3,0.7949427366256714,799.5520080566406
21,1002,5,200.0,1180.3846153846155,5376,-1.0818797826766968,0.035109743,0.089453125,0.0003,7800,-0.020738178677856923,416.96826171875,0.3,0.7570205926895142,919.0771087646484
22,978,5,200.0,1159.642857142857,5632,-0.8860785663127899,0.008158145,0.0046875,0.0003,7810,-0.005011475482024253,201.013671875,0.3,0.7764408588409424,599.8474472045898
23,979,6,200.0,1175.8620689655172,5888,-1.1075431823730468,0.013443288,0.01640625,0.0003,7820,-0.012006870354525745,978.3414306640625,0.3,0.3038598895072937,2322.333630371094
24,977,6,200.0,1192.3333333333333,6144,-1.1676702797412872,0.0022450066,0.005078125,0.0003,7830,-0.002480234298855066,431.9438171386719,0.3,0.8146928548812866,843.9724578857422
25,977,6,200.0,1197.8125,6400,-1.1754671156406402,0.025038667,0.0453125,0.0003,7840,-0.009263156494125725,449.8191223144531,0.3,0.7628917694091797,962.5571166992188
26,978,6,200.0,1203.6363636363637,6656,-1.2425894558429718,0.0013429332,0.0,0.0003,7850,-0.0012176253483630716,380.4733581542969,0.3,0.7002881169319153,923.6078430175781
27,977,7,200.0,1209.4117647058824,6912,-1.0737361669540406,0.012994241,0.028125,0.0003,7860,-0.013535012165084482,485.5444030761719,0.3,0.721593976020813,942.7610931396484
28,977,7,200.0,1222.5714285714287,7168,-1.00371153652668,0.020930938,0.065234375,0.0003,7870,-0.010886222613044083,409.3554992675781,0.3,0.7646226286888123,941.1771759033203
29,973,7,200.0,1232.162162162162,7424,-1.0633574903011322,0.022391818,0.04375,0.0003,7880,-0.006429060362279415,538.410400390625,0.3,0.7075030207633972,1105.184133911133
30,970,7,200.0,1224.2105263157894,7680,-1.0806987941265107,0.022001827,0.105859375,0.0003,7890,-0.017930324166081847,401.9111633300781,0.3,0.7287541627883911,921.7778930664062
31,969,8,200.0,1228.4615384615386,7936,-1.1434931457042694,0.0014996713,0.0,0.0003,7900,-0.0004139256663620472,409.31109619140625,0.3,0.6438944339752197,1074.811328125
32,967,8,200.0,1238.5,8192,-0.9899126827716828,0.0058871093,0.000390625,0.0003,7910,-0.0037248593755066393,545.786865234375,0.3,0.7110212445259094,1188.9697052001952
33,966,8,200.0,1257.142857142857,8448,-1.03431134223938,0.02884058,0.050390625,0.0003,7920,-0.012145751947537064,280.0014953613281,0.3,0.7721985578536987,737.4765686035156
34,965,9,200.0,1271.3953488372092,8704,-0.9523208022117615,0.012395178,0.108984375,0.0003,7930,-0.016706693917512894,261.0675048828125,0.3,0.7911345362663269,802.4526306152344
35,965,9,200.0,1274.3181818181818,8960,-0.9169026106595993,0.016428966,0.051953125,0.0003,7940,-0.010149178886786103,450.05084228515625,0.3,0.7892100811004639,860.830517578125
36,967,9,200.0,1279.1304347826087,9216,-1.015520378947258,0.019117404,0.0375,0.0003,7950,-0.006396915018558502,294.2849426269531,0.3,0.8573895692825317,510.6010223388672
37,968,9,200.0,1282.340425531915,9472,-1.004014179110527,0.010799548,0.054296875,0.0003,7960,-0.005781952058896422,564.14404296875,0.3,0.7101187705993652,1133.903662109375
38,969,10,200.0,1294.5833333333333,9728,-0.9722784429788589,0.018033419,0.03828125,0.0003,7970,-0.010012669023126364,789.7745971679688,0.3,0.588121235370636,1358.4210235595704
39,970,10,200.0,1306.3265306122448,9984,-0.9857410699129104,0.0066912947,0.058203125,0.0003,7980,-0.01024372293613851,353.4992370605469,0.3,0.7472003698348999,893.1819854736328
40,971,10,200.0,1319.0196078431372,10240,-0.9699364572763443,0.023202393,0.0375,0.0003,7990,-0.008467192063108087,427.36578369140625,0.3,0.769568681716919,887.614697265625
1,1268,0,200.0,1670.0,256,-0.9852877736091614,0.019568292,0.053125,0.0003,8000,-0.008148815901950001,383.4847717285156,0.3,0.7862986326217651,719.5858215332031
2,1138,0,200.0,1525.0,512,-1.591959398984909,0.01285772,0.002734375,0.0003,7610,-0.007854096940718591,699.5365600585938,0.3,0.6540140509605408,1672.963446044922
3,1087,0,200.0,1476.6666666666667,768,-1.6073399901390075,0.0045276247,0.0,0.0003,7620,-0.0008630179800093174,1262.720703125,0.3,0.22213667631149292,2391.8732727050783
4,1067,0,200.0,1348.0,1024,-1.5924845933914185,0.0025569606,0.00546875,0.0003,7630,-0.008374203857965768,444.5027770996094,0.3,0.6367982625961304,1279.1754455566406
5,1051,1,200.0,1266.6666666666667,1280,-1.6859256386756898,0.0034479212,0.001171875,0.0003,7640,-0.004777112673036754,451.3973693847656,0.3,0.6044363975524902,1170.3065704345704
6,1042,1,200.0,1112.857142857143,1536,-1.5279695570468903,0.006614119,0.00078125,0.0003,7650,-0.00500652207992971,460.0156555175781,0.3,0.6994084119796753,1022.203662109375
7,1037,1,200.0,1177.5,1792,-1.4886776030063629,0.012539967,0.017578125,0.0003,7660,-0.013794295932166278,401.3329772949219,0.3,0.7051594257354736,792.0535919189454
8,1035,1,200.0,1249.0,2048,-1.724581664800644,0.006714142,0.0125,0.0003,7670,-0.007966343779116869,665.4490356445312,0.3,0.694686233997345,1368.52744140625
9,1028,2,200.0,1261.8181818181818,2304,-1.7193491160869598,0.008481237,0.003515625,0.0003,7680,-0.009597269748337568,819.358154296875,0.3,0.5881822109222412,1795.7905700683593
10,1025,2,200.0,1292.5,2560,-1.5106089890003205,0.018625662,0.0078125,0.0003,7690,-0.013257032260298729,928.4013671875,0.3,0.49942517280578613,1933.6758605957032
11,1024,2,200.0,1323.5714285714287,2816,-1.5250925719738007,0.015589934,0.015234375,0.0003,7700,-0.008806029963307083,983.9856567382812,0.3,0.595789909362793,1857.8264526367188
12,1021,3,200.0,1344.0,3072,-1.658397775888443,0.034921728,0.05234375,0.0003,7710,-0.01658441568724811,471.4073791503906,0.3,0.6250089406967163,1284.3268920898438
13,1020,3,200.0,1316.875,3328,-1.781949919462204,0.004159922,0.00078125,0.0003,7720,-0.004035455192206427,880.5967407226562,0.3,0.657340407371521,1718.8366088867188
14,1019,3,200.0,1323.5294117647059,3584,-1.8768686950206757,0.0022025711,0.003515625,0.0003,7730,-0.004866745416074991,378.79327392578125,0.3,0.6689617037773132,1001.6777496337891
15,1018,3,200.0,1356.842105263158,3840,-1.7964819848537446,0.0063246544,0.015234375,0.0003,7740,-0.014033146249130369,736.5093994140625,0.3,0.6512571573257446,1381.5425109863281
16,1018,4,200.0,1312.5,4096,-1.7972636878490449,0.0051289583,0.00546875,0.0003,7750,-0.008106555556878448,659.6619873046875,0.3,0.6563911437988281,1241.1411560058593
17,1018,4,200.0,1270.952380952381,4352,-1.9630545198917388,0.012260657,0.0,0.0003,7760,-0.011744804051704704,352.7735900878906,0.3,0.5735880136489868,703.1898681640625
18,1019,4,200.0,1282.608695652174,4608,-1.7635913848876954,0.0063775936,0.001953125,0.0003,7770,-0.007120980182662606,653.6366577148438,0.3,0.6522867679595947,1569.7603515625
19,1021,4,200.0,1224.5833333333333,4864,-1.7410011529922484,0.0016581742,0.0,0.0003,7780,-0.0028969868086278438,781.9241943359375,0.3,0.33338499069213867,2039.8481506347657
20,1022,5,200.0,1213.6,5120,-1.308565717935562,0.0018649481,0.0,0.0003,7790,-0.001427637878805399,1820.6485595703125,0.3,-0.4326629638671875,4449.048815917969
21,1021,5,200.0,1231.1538461538462,5376,-1.7187152564525605,0.00041053514,0.0,0.0003,7800,-0.0011793746147304774,1482.195068359375,0.3,0.2586374878883362,2789.669049072266
22,993,5,200.0,1260.0,5632,-1.9030786275863647,0.0074191657,0.0015625,0.0003,7810,-0.008623891253955662,612.063232421875,0.3,0.7039634585380554,1122.1390716552735
23,996,5,200.0,1272.7586206896551,5888,-1.8674384295940398,0.019743383,0.01171875,0.0003,7820,-0.012607210967689752,737.973876953125,0.3,0.6843422651290894,1334.641748046875
24,996,6,200.0,1267.0,6144,-1.8289200484752655,0.0052229995,0.00078125,0.0003,7830,-0.008516224147751928,545.4186401367188,0.3,0.6706245541572571,1307.5941955566407
25,996,6,200.0,1256.25,6400,-1.8388587415218354,0.0019808165,0.0,0.0003,7840,-0.0012620182242244482,732.7203979492188,0.3,0.40829992294311523,1753.3441162109375
26,994,6,200.0,1253.3333333333333,6656,-1.8715604305267335,0.0061251326,0.00390625,0.0003,7850,-0.011164854071103037,338.9460144042969,0.3,0.7700111269950867,872.9448760986328
27,994,6,200.0,1250.2941176470588,6912,-1.7534280300140381,0.008504348,0.00546875,0.0003,7860,-0.011304084910079837,411.9954528808594,0.3,0.6168950796127319,1202.2754486083984
28,995,7,200.0,1232.5714285714287,7168,-1.7537850141525269,0.004956027,0.00859375,0.0003,7870,-0.008837343379855155,539.787841796875,0.3,0.5949052572250366,1528.845721435547
29,996,7,200.0,1220.0,7424,-1.780479371547699,0.0049547115,0.003515625,0.0003,7880,-0.006590135116130114,338.0528564453125,0.3,0.7126188278198242,882.0205352783203
30,996,7,200.0,1216.578947368421,7680,-1.7873251080513,0.0046120854,0.00078125,0.0003,7890,-0.00475114060100168,714.4741821289062,0.3,0.5063090324401855,1601.7274658203125
31,996,7,200.0,1221.025641025641,7936,-1.7733524918556214,0.0014272151,0.0,0.0003,7900,-0.0021084026200696828,696.7010498046875,0.3,0.46252840757369995,1791.0678833007812
32,997,8,200.0,1224.75,8192,-1.8389121294021606,0.009985014,0.00234375,0.0003,7910,-0.01225581313483417,760.3134765625,0.3,0.6183883547782898,1352.9986694335937
33,998,8,200.0,1232.857142857143,8448,-1.7981259167194366,0.010989844,0.00234375,0.0003,7920,-0.007063395110890269,725.9025268554688,0.3,0.6562020778656006,1570.7987976074219
34,998,8,200.0,1236.9767441860465,8704,-1.7871213972568512,0.003145686,0.0015625,0.0003,7930,-0.002624486526474357,622.4014892578125,0.3,0.6538723111152649,1199.2281066894532
35,999,8,200.0,1251.3636363636363,8960,-1.8216786146163941,0.010247326,0.003515625,0.0003,7940,-0.005880650819744915,1161.7672119140625,0.3,0.5118432641029358,2166.262481689453
36,998,9,200.0,1283.4782608695652,9216,-1.8030428349971772,0.0049129715,0.00625,0.0003,7950,-0.0077321833930909635,605.5201416015625,0.3,0.6563003063201904,1282.6492858886718
37,996,9,200.0,1290.212765957447,9472,-1.8425984501838684,0.01699384,0.002734375,0.0003,7960,-0.007721375790424645,928.8860473632812,0.3,0.5977081060409546,1881.3749694824219
38,997,9,200.0,1287.7083333333333,9728,-1.8852720499038695,0.012730494,0.012890625,0.0003,7970,-0.007758706551976502,821.6102905273438,0.3,0.5489461421966553,1851.3040466308594
39,996,10,200.0,1295.5102040816328,9984,-1.945998603105545,0.00496786,0.00078125,0.0003,7980,-0.006231338484212756,816.5791625976562,0.3,0.5926551222801208,1527.940380859375
40,997,10,200.0,1299.2156862745098,10240,-1.8913329720497132,0.022242662,0.06328125,0.0003,7990,-0.015814035828225315,737.7673950195312,0.3,0.6060596704483032,1651.1291015625
1,1264,0,200.0,1120.0,256,-1.8535070776939393,0.0029301844,0.000390625,0.0003,8000,-0.003955199592746794,582.203369140625,0.3,0.5445194244384766,1484.7856140136719
2,1113,0,200.0,915.0,512,-1.1687384963035583,0.027699925,0.043359375,0.0003,8010,-0.015131283644586801,569.916259765625,0.3,0.6180464029312134,1490.1294494628905
3,1064,0,200.0,1073.3333333333333,768,-1.1466190338134765,0.009163123,0.05859375,0.0003,8020,-0.010548772988840938,463.6105041503906,0.3,0.7186293601989746,987.8271240234375
4,1035,0,200.0,1252.0,1024,-0.9804467976093292,0.023913838,0.03203125,0.0003,8030,-0.013608826696872712,375.5564880371094,0.3,0.7954440116882324,901.844287109375
5,1022,1,200.0,1315.0,1280,-0.9978005439043045,0.006708964,0.009375,0.0003,8040,-0.004388594534248114,526.7777099609375,0.3,0.754676878452301,997.4596801757813
6,1020,1,200.0,1294.2857142857142,1536,-0.9811678349971771,0.01987984,0.05546875,0.0003,8050,-0.007881942158564924,433.9043884277344,0.3,0.7526246905326843,919.6275756835937
7,1020,1,200.0,1366.25,1792,-1.0658362865448,0.011136246,0.018359375,0.0003,8060,-0.0028500755317509173,498.73577880859375,0.3,0.5769345760345459,1185.8073364257812
8,1020,2,200.0,1409.0,2048,-0.9967959612607956,0.01587619,0.042578125,0.0003,8070,-0.008803334343247116,556.3812255859375,0.3,0.6834946274757385,1371.9322326660156
9,1015,2,200.0,1469.090909090909,2304,-0.9186342239379883,0.00954926,0.029296875,0.0003,8080,-0.0072026411537081,971.0341796875,0.3,0.2745288014411926,2969.390234375
10,1014,2,200.0,1482.5,2560,-0.9380444020032883,0.011375457,0.01328125,0.0003,8090,-0.0046806714031845335,541.5388793945312,0.3,0.7277507185935974,1256.39345703125
11,1013,2,200.0,1436.4285714285713,2816,-1.0035382241010666,0.010776791,0.006640625,0.0003,8100,-0.008148222090676427,380.6885681152344,0.3,0.6475985050201416,1245.5135559082032
12,1016,3,200.0,1386.6666666666667,3072,-1.056177306175232,0.0027445448,0.0,0.0003,8110,0.0012328823329880833,406.7402648925781,0.3,0.6612766981124878,1063.52451171875
13,1019,3,200.0,1415.0,3328,-0.9202408611774444,0.009213356,0.005859375,0.0003,8120,-0.00988991796039045,327.34515380859375,0.3,0.7651969194412231,932.7978363037109
14,1017,3,200.0,1414.7058823529412,3584,-0.9396345913410187,0.01432425,0.02265625,0.0003,8130,-0.011240431480109692,627.8904418945312,0.3,0.6863583326339722,1112.619122314453
15,1017,3,200.0,1475.2631578947369,3840,-1.0253787219524384,0.01008458,0.017578125,0.0003,8140,-0.004342969879508019,344.8404235839844,0.3,0.8164489269256592,809.7158599853516
16,1008,4,200.0,1496.0,4096,-0.9733320266008377,0.04131825,0.131640625,0.0003,8150,-0.024675450823269784,426.573974609375,0.3,0.6958357095718384,1099.9357452392578
17,1010,4,200.0,1433.3333333333333,4352,-0.8837356239557266,0.029376365,0.063671875,0.0003,8160,-0.010614687553606927,508.9974060058594,0.3,0.6931943893432617,1365.559780883789
18,1012,4,200.0,1406.5217391304348,4608,-0.7776172608137131,0.0053850617,0.004296875,0.0003,8170,-0.005349059752188623,492.0098571777344,0.3,0.2366424798965454,1446.7355682373047
19,1011,4,200.0,1383.3333333333333,4864,-1.060566395521164,0.018820297,0.04296875,0.0003,8180,-0.008785569109022617,383.3553466796875,0.3,0.8133116364479065,918.0178314208985
20,1012,5,200.0,1412.4,5120,-0.9782943457365036,0.06635171,0.058203125,0.0003,8190,-0.028446132875978948,667.5223999023438,0.3,0.49535518884658813,1970.07119140625
21,1013,5,200.0,1430.0,5376,-0.9243764132261276,0.016839957,0.030859375,0.0003,8200,-0.0067640045192092655,357.88458251953125,0.3,0.8001787662506104,739.3146453857422
22,1012,5,200.0,1459.642857142857,5632,-0.9149301916360855,0.020714846,0.04296875,0.0003,8210,-0.007805040339007974,482.47906494140625,0.3,0.7727241516113281,959.2110992431641
23,1008,5,200.0,1438.9655172413793,5888,-0.772775849699974,0.0023658646,0.0015625,0.0003,8220,-0.0031611141283065082,657.9793701171875,0.3,0.495710551738739,1713.4039794921875
24,1008,6,200.0,1437.3333333333333,6144,-1.0592717409133912,0.014891475,0.020703125,0.0003,8230,-0.008441706746816635,410.084228515625,0.3,0.7091432809829712,1011.6777923583984
25,1007,6,200.0,1471.875,6400,-0.8607544243335724,0.0018656994,0.0,0.0003,8240,-0.003112880769185722,455.27349853515625,0.3,0.8180919289588928,912.2874938964844
26,1006,6,200.0,1469.090909090909,6656,-0.8760461002588272,0.029294558,0.03828125,0.0003,8250,-0.010365363396704196,252.95913696289062,0.3,0.7941321134567261,830.4972747802734
27,1007,6,200.0,1457.9411764705883,6912,-0.9162425339221955,0.012381719,0.04765625,0.0003,8260,-0.0009575345786288381,894.1849975585938,0.3,0.36953872442245483,2198.891705322266
28,1006,7,200.0,1468.857142857143,7168,-1.0393707036972046,0.03205435,0.071875,0.0003,8270,-0.015733405016362667,997.4937133789062,0.3,0.5029064416885376,2022.3131042480468
29,1006,7,200.0,1477.837837837838,7424,-0.9266280382871628,0.014221655,0.016015625,0.0003,8280,-0.007174571417272091,766.454345703125,0.3,0.6173668503761292,1699.0644653320312
30,1006,7,200.0,1470.2631578947369,7680,-1.007918220758438,0.009613741,0.00859375,0.0003,8290,-0.010278288391418755,567.285400390625,0.3,0.6954729557037354,1353.9443969726562
31,1004,7,200.0,1479.7435897435898,7936,-1.0293149471282959,0.008901661,0.01328125,0.0003,8300,-0.009913149196654559,394.1317443847656,0.3,0.6898972988128662,1082.4789459228516
32,1003,8,200.0,1490.5,8192,-0.916205495595932,0.0041706404,0.015625,0.0003,8310,-0.0054199706297367815,436.9613037109375,0.3,0.8066121935844421,874.014517211914
33,1003,8,200.0,1501.904761904762,8448,-0.9598395496606826,0.01914873,0.06171875,0.0003,8320,-0.013288599159568548,477.3871765136719,0.3,0.7044752836227417,1149.7537353515625
34,1002,8,200.0,1510.9302325581396,8704,-0.8979165643453598,0.020613674,0.041796875,0.0003,8330,-0.007833869569003582,577.4950561523438,0.3,0.7110223174095154,1198.2803344726562
35,1003,8,200.0,1524.5454545454545,8960,-0.8620517939329148,0.009958715,0.011328125,0.0003,8340,-0.005511771887540817,484.5302734375,0.3,0.7258647680282593,954.6395935058594
36,1003,9,200.0,1524.1304347826087,9216,-0.8794432818889618,0.011784185,0.034765625,0.0003,8350,-0.00697903111577034,277.3459777832031,0.3,0.8399354815483093,649.8043731689453
37,1003,9,200.0,1521.4893617021276,9472,-0.9736215531826019,0.044050153,0.115625,0.0003,8360,-0.009520451445132494,333.9749755859375,0.3,0.8688030242919922,716.6963348388672
38,1004,9,200.0,1533.9583333333333,9728,-1.0233690351247788,0.023933753,0.053125,0.0003,8370,-0.014998959260992706,419.0173034667969,0.3,0.7217033505439758,1146.4591156005858
39,1004,9,200.0,1515.1020408163265,9984,-0.9380397409200668,0.0076428577,0.015625,0.0003,8380,-0.005965600395575166,689.7431030273438,0.3,0.5531495809555054,1680.5450561523437
40,1005,10,200.0,1534.1176470588234,10240,-0.9595541834831238,0.0014676435,0.0,0.0003,8390,-0.0035906856413930655,556.0128784179688,0.3,0.7079939842224121,1442.072982788086
1,1321,0,200.0,1430.0,256,-0.9953434467315674,0.010342722,0.01484375,0.0003,8400,-0.00815388293704018,802.0159301757812,0.3,0.6031534671783447,1629.6623291015626
2,1174,0,200.0,1515.0,512,-1.8621574521064759,0.0022110634,0.001171875,0.0003,8010,-0.002065842691808939,804.1336059570312,0.3,0.5118445158004761,1758.0700256347657
3,1115,0,200.0,1550.0,768,-1.8315150022506714,0.008230946,0.0,0.0003,8020,-0.010935420251917094,917.9361572265625,0.3,0.5368576645851135,1842.566180419922
4,1085,0,200.0,1560.0,1024,-1.7790799200534821,0.015245774,0.022265625,0.0003,8030,-0.011881675850600005,909.679443359375,0.3,0.5563093423843384,1739.1938781738281
5,1069,1,200.0,1611.6666666666667,1280,-1.6524274230003357,0.017194562,0.012109375,0.0003,8040,-0.013146187062375247,1319.3712158203125,0.3,0.3813481330871582,2326.3103149414064
6,1065,1,200.0,1614.2857142857142,1536,-1.5794736087322234,0.009844727,0.00078125,0.0003,8050,-0.004879383533261716,695.2564086914062,0.3,0.693236231803894,1489.8868774414063
7,1062,1,200.0,1588.75,1792,-1.6035161674022675,0.018249627,0.01171875,0.0003,8060,-0.011557062540668994,515.8448486328125,0.3,0.6671385765075684,1135.4326049804688
8,1060,1,200.0,1594.0,2048,-1.6429015159606934,0.020688202,0.02109375,0.0003,8070,-0.008294628909789025,882.8946533203125,0.3,0.5676350593566895,1869.1101135253907
9,1059,2,200.0,1619.090909090909,2304,-1.705430668592453,0.0024164726,0.0,0.0003,8080,-0.0010234049055725335,767.6586303710938,0.3,0.41702061891555786,1869.7986450195312
10,1056,2,200.0,1640.8333333333333,2560,-1.7229423940181732,0.0038947861,0.0,0.0003,8090,-0.004276824463158846,725.3802490234375,0.3,0.6804193258285522,1330.4531860351562
11,1051,2,200.0,1637.142857142857,2816,-1.733902108669281,0.007212499,0.0046875,0.0003,8100,-0.006958657735958695,776.8751831054688,0.3,0.6733084917068481,1474.5902587890625
12,1035,2,200.0,1666.6666666666667,3072,-1.4974981129169465,0.0003135868,0.0,0.0003,8110,-0.00028809243813157084,971.803466796875,0.3,0.2878396511077881,2221.4593139648437
13,1030,3,200.0,1676.25,3328,-1.6860066294670104,0.004055466,0.0015625,0.0003,8120,-0.007770681637339294,1130.419189453125,0.3,0.5057539939880371,2041.0205688476562
14,1025,3,200.0,1643.5294117647059,3584,-1.7313447058200837,0.015115222,0.00234375,0.0003,8130,-0.01211161722894758,1010.146240234375,0.3,0.5020255446434021,1619.0041809082031
15,1018,3,200.0,1596.3157894736842,3840,-1.7915315508842469,0.0067959055,0.0,0.0003,8140,-0.0012858936097472906,1324.5074462890625,0.3,0.28698021173477173,3563.727404785156
16,1009,4,200.0,1600.0,4096,-1.7077854692935943,0.007449598,0.001171875,0.0003,8150,-0.010479241283610463,939.1016845703125,0.3,0.5189567804336548,1961.8272338867187
17,1009,4,200.0,1567.142857142857,4352,-1.7846301555633546,0.006804325,0.0,0.0003,8160,-0.0047315808711573485,664.9938354492188,0.3,0.22884225845336914,1997.6981201171875
18,1007,4,200.0,1518.695652173913,4608,-1.7821970283985138,0.003487024,0.0,0.0003,8170,-0.00516932203900069,678.8128662109375,0.3,0.504609227180481,1706.2334838867187
19,1003,4,200.0,1543.3333333333333,4864,-1.8579770267009734,0.0025986838,0.0,0.0003,8180,-0.002170957438647747,509.58172607421875,0.3,0.6863662004470825,1260.7527740478515
20,1005,5,200.0,1566.8,5120,-1.8513111293315887,0.01522464,0.003515625,0.0003,8190,-0.015035954513587057,621.2667236328125,0.3,0.691264271736145,1577.4528930664062
21,1006,5,200.0,1560.7692307692307,5376,-1.8523083806037903,0.006007417,0.00859375,0.0003,8200,-0.0066327855456620455,689.9534912109375,0.3,0.5808442831039429,1660.7887878417969
22,1007,5,200.0,1582.857142857143,5632,-1.8424038112163543,0.0025703856,0.0,0.0003,8210,-0.0006596744526177645,791.8740234375,0.3,0.6219311952590942,1655.1642700195312
23,1009,5,200.0,1574.4827586206898,5888,-1.8040764272212981,0.0066488287,0.0,0.0003,8220,-0.008089929714333265,662.015869140625,0.3,0.6428648829460144,1427.8466796875
24,1011,6,200.0,1593.6666666666667,6144,-1.8815837919712066,0.0054076076,0.0,0.0003,8230,-0.00756005491130054,446.5653076171875,0.3,0.7431386709213257,1070.4623962402343
25,1012,6,200.0,1595.625,6400,-1.8380503594875335,0.010669499,0.0046875,0.0003,8240,-0.0027906125411391257,867.5968017578125,0.3,0.6734110713005066,1656.2834899902343
26,1014,6,200.0,1611.2121212121212,6656,-1.9528546571731566,0.0059745777,0.000390625,0.0003,8250,-0.007763912971131504,795.1842041015625,0.3,0.504220724105835,1675.9732177734375
27,1015,6,200.0,1604.4117647058824,6912,-1.902170902490616,0.0045883823,0.00078125,0.0003,8260,-0.0029506904538720846,783.4171142578125,0.3,0.6478160619735718,1426.0426391601563
28,1016,7,200.0,1605.142857142857,7168,-1.9650810003280639,0.0016559614,0.000390625,0.0003,8270,-0.0012176989344879984,595.6481323242188,0.3,0.6052682399749756,1243.2274353027344
29,1016,7,200.0,1618.6486486486488,7424,-1.9298119008541108,0.0020126747,0.0,0.0003,8280,-0.0032553871627897025,825.2967529296875,0.3,0.5160967111587524,2172.605743408203
30,1018,7,200.0,1580.0,7680,-1.9141888618469238,0.011765566,0.01015625,0.0003,8290,-0.009159619436832144,810.40771484375,0.3,0.5247172117233276,1713.2598388671875
31,1018,7,200.0,1593.5897435897436,7936,-1.9204928576946259,0.002766985,0.0,0.0003,8300,-0.001859402284026146,642.812255859375,0.3,0.32850873470306396,2128.735565185547
32,1019,8,200.0,1606.5,8192,-1.8284589111804963,0.0002958672,0.0,0.0003,8310,-0.0013414715416729451,918.8560180664062,0.3,0.6324057579040527,1727.3962707519531
33,1021,8,200.0,1613.8095238095239,8448,-1.8677958488464355,0.0030726488,0.0,0.0003,8320,-0.0036112254834733903,536.4329833984375,0.3,0.6255037784576416,1334.8725463867188
34,1022,8,200.0,1579.7674418604652,8704,-1.872148907184601,0.015538048,0.001171875,0.0003,8330,-0.011769481701776385,919.95068359375,0.3,0.536607563495636,1758.7699279785156
35,1022,8,200.0,1578.8636363636363,8960,-1.3192107856273652,0.0013786985,0.0,0.0003,8340,0.0016424231696873903,518.1341552734375,0.3,-0.04038047790527344,2739.014471435547
36,1023,9,200.0,1587.391304347826,9216,-1.900813215970993,0.005484404,0.001171875,0.0003,8350,-0.010496642836369575,566.2208862304688,0.3,0.5305124521255493,1658.51708984375
37,1023,9,200.0,1588.723404255319,9472,-1.891037392616272,0.002694333,0.00078125,0.0003,8360,-0.0021464740857481956,839.481201171875,0.3,0.5411889553070068,1822.6777282714843
38,1023,9,200.0,1582.7083333333333,9728,-1.817552673816681,0.011633503,0.00390625,0.0003,8370,-0.008352948352694511,841.9619750976562,0.3,0.6355400085449219,1533.2517456054688
39,1023,9,200.0,1583.061224489796,9984,-1.7255088210105896,0.003932652,0.00390625,0.0003,8380,-0.008930569235235452,823.1325073242188,0.3,0.5409257411956787,1910.6997863769532
40,1023,10,200.0,1590.0,10240,-1.789710032939911,0.010642952,0.00546875,0.0003,8390,-0.01097396034747362,581.4129028320312,0.3,0.6329959630966187,1525.8906005859376
1,1300,0,200.0,1890.0,256,-1.8519607365131379,0.006799179,0.00078125,0.0003,8400,-0.006203837692737579,761.4490966796875,0.3,0.6081403493881226,1443.886651611328
2,1138,0,200.0,2020.0,512,-1.011779546737671,0.021823913,0.0515625,0.0003,8410,-0.014522013626992703,486.8388671875,0.3,0.7904670238494873,977.2173828125
3,1074,0,200.0,2130.0,768,-0.9427748203277588,0.030136626,0.088671875,0.0003,8420,-0.013039481593295932,683.5426635742188,0.3,0.6601444482803345,1266.2294067382813
4,1057,0,200.0,1990.0,1024,-0.9817650616168976,0.036701903,0.11328125,0.0003,8430,-0.016024121083319187,487.8702697753906,0.3,0.7224582433700562,983.4509033203125
5,1047,1,200.0,1973.3333333333333,1280,-0.9345559716224671,0.0015082252,0.0,0.0003,8440,0.0007416808512061834,800.7886352539062,0.3,0.5465649962425232,1633.1696899414062
6,1045,1,200.0,2027.142857142857,1536,-0.9381317794322968,0.011374002,0.04140625,0.0003,8450,-0.007646462856791913,579.5098266601562,0.3,0.7003986835479736,1175.2374420166016
7,1045,1,200.0,2007.5,1792,-0.9059713155031204,0.0051115616,0.003125,0.0003,8460,-0.004451322765089571,550.286376953125,0.3,0.6731889247894287,1165.8446380615235
8,1046,1,200.0,1910.0,2048,-1.0213061809539794,0.0055312105,0.001953125,0.0003,8470,-0.012322875973768532,549.4788208007812,0.3,0.6053949594497681,1349.417822265625
9,1046,2,200.0,1884.5454545454545,2304,-0.9551027864217758,0.0072341315,0.002734375,0.0003,8480,-0.004013265599496663,556.7366943359375,0.3,0.7859489917755127,872.6724212646484
10,1046,2,200.0,1864.1666666666667,2560,-1.0709611117839812,0.045886226,0.200390625,0.0003,8490,-0.026293503073975443,290.3475036621094,0.3,0.8004767894744873,691.5839141845703
11,1040,2,200.0,1882.142857142857,2816,-0.9431733340024948,0.015864875,0.067578125,0.0003,8500,-0.00932279247790575,470.94207763671875,0.3,0.700697660446167,1074.6015045166016
12,1039,2,200.0,1866.0,3072,-0.9681984603404998,0.008278063,0.030078125,0.0003,8510,-0.0081635168986395,365.6179504394531,0.3,0.797132134437561,781.8849334716797
13,1038,3,200.0,1851.25,3328,-1.0262420535087586,0.016354382,0.0515625,0.0003,8520,-0.011235068482346833,438.9497375488281,0.3,0.6840391159057617,1095.8459014892578
14,1033,3,200.0,1853.5294117647059,3584,-0.8961661189794541,0.015927106,0.0359375,0.0003,8530,-0.007975978683680296,493.4398193359375,0.3,0.7600467801094055,902.1376434326172
15,1035,3,200.0,1867.8947368421052,3840,-1.0136550813913345,0.025077956,0.060546875,0.0003,8540,-0.018678892380557956,338.0611267089844,0.3,0.7484139800071716,917.9837585449219
16,1037,3,200.0,1881.0,4096,-0.8291313618421554,0.00551173,0.034375,0.0003,8550,-0.0023360643768683075,491.9877014160156,0.3,0.7478905916213989,1260.924526977539
17,1036,4,200.0,1867.142857142857,4352,-0.8791751801967621,0.007743679,0.034765625,0.0003,8560,-0.007887818664312363,518.8291625976562,0.3,0.6497883796691895,1226.6325134277345
18,1035,4,200.0,1765.2173913043478,4608,-0.949049198627472,0.0042689983,0.0046875,0.0003,8570,-0.0017258635954931379,470.6222229003906,0.3,0.42670267820358276,2222.643634033203
19,1035,4,200.0,1771.25,4864,-0.7872153609991074,0.00053315936,0.0,0.0003,8580,-0.001022531813941896,809.3604736328125,0.3,0.383980393409729,2664.767462158203
20,1035,4,200.0,1775.2,5120,-0.8900453925132752,0.0019701063,0.00234375,0.0003,8590,-0.0057754663284868,484.76593017578125,0.3,0.7299696207046509,995.5945251464843
21,1036,5,200.0,1788.076923076923,5376,-0.8279531508684158,0.0056142323,0.013671875,0.0003,8600,-0.0034691649954766033,352.1502990722656,0.3,0.7898630499839783,791.0887786865235
22,1037,5,200.0,1794.642857142857,5632,-0.8869523108005524,0.01052636,0.064453125,0.0003,8610,-0.009237256762571634,474.36541748046875,0.3,0.7370002269744873,1020.32568359375
23,1037,5,200.0,1797.2413793103449,5888,-0.8719968765974044,0.014377761,0.02890625,0.0003,8620,-0.009321284852921963,645.9248046875,0.3,0.7121142148971558,1293.3274963378906
24,1036,5,200.0,1800.0,6144,-0.8747628509998322,0.049101792,0.107421875,0.0003,8630,-0.02241259915754199,438.1021423339844,0.3,0.7663806676864624,764.8356964111329
25,1037,6,200.0,1817.8125,6400,-0.8767674714326859,0.017715454,0.06171875,0.0003,8640,-0.008681855536997319,453.5960693359375,0.3,0.7827545404434204,889.9198944091797
26,1039,6,200.0,1810.909090909091,6656,-0.8121005654335022,0.0024965222,0.0,0.0003,8650,-0.0022215336095541714,431.75421142578125,0.3,0.7089775800704956,990.5145843505859
27,1039,6,200.0,1820.2941176470588,6912,-0.9041775435209274,0.024956657,0.05859375,0.0003,8660,-0.016329361218959094,366.7207336425781,0.3,0.8334513902664185,863.2189697265625
28,1040,6,200.0,1828.5714285714287,7168,-0.8923644065856934,0.020335855,0.09296875,0.0003,8670,-0.0142742401920259,406.3145751953125,0.3,0.7595937252044678,937.4082977294922
29,1040,7,200.0,1830.8108108108108,7424,-0.9243395566940308,0.011669751,0.025390625,0.0003,8680,-0.004159015510231257,251.27337646484375,0.3,0.8536365032196045,519.8952865600586
30,1040,7,200.0,1838.157894736842,7680,-0.8591650694608688,0.013248232,0.032421875,0.0003,8690,-0.007180100353434682,316.9255065917969,0.3,0.7790370583534241,653.2162628173828
31,1038,7,200.0,1818.974358974359,7936,-0.8820853888988495,0.012282825,0.065625,0.0003,8700,-0.008809656649827958,240.3036651611328,0.3,0.8506975173950195,618.9088241577149
32,1039,7,200.0,1813.0,8192,-0.9631597399711609,0.03451542,0.084375,0.0003,8710,-0.016210892470553517,1032.7744140625,0.3,0.4265643358230591,2464.266064453125
33,1037,8,200.0,1793.8095238095239,8448,-0.9207152485847473,0.017556388,0.091015625,0.0003,8720,-0.017192169558256865,279.2023010253906,0.3,0.8188046216964722,685.2920867919922
34,1036,8,200.0,1780.9302325581396,8704,-0.9130910843610763,0.020566614,0.041015625,0.0003,8730,-0.010516869626007974,601.3456420898438,0.3,0.6750786304473877,1167.3215240478517
35,1034,8,200.0,1782.0454545454545,8960,-0.8239759027957916,0.0075669754,0.013671875,0.0003,8740,-0.007923117885366083,339.8150939941406,0.3,0.8392964005470276,621.5846633911133
36,1033,8,200.0,1785.2173913043478,9216,-0.8756093233823776,0.009588761,0.028125,0.0003,8750,-0.00963459217455238,257.5819396972656,0.3,0.8249053955078125,618.6561706542968
37,1032,9,200.0,1792.127659574468,9472,-0.8578845053911209,0.010859415,0.034765625,0.0003,8760,-0.013511840114369988,676.3598022460938,0.3,0.6676959991455078,1245.4500244140625
38,1031,9,200.0,1789.5833333333333,9728,-0.8304271697998047,0.010587085,0.05703125,0.0003,8770,-0.0044621075736358765,281.65594482421875,0.3,0.7995409369468689,774.927279663086
39,1030,9,200.0,1796.1224489795918,9984,-0.7727976471185685,0.008731586,0.016015625,0.0003,8780,-0.009903469169512392,683.5847778320312,0.3,0.6819894313812256,1140.1812622070313
40,1031,9,200.0,1804.5098039215686,10240,-0.7868183612823486,0.035739854,0.12734375,0.0003,8790,-0.014504301222041249,322.54241943359375,0.3,0.8304876685142517,582.3624740600586
1,1187,0,200.0,2350.0,256,-0.7432894945144654,0.010384209,0.020703125,0.0003,8800,-0.007044764887541533,727.9323120117188,0.3,0.7010148167610168,1275.292904663086
2,1106,0,200.0,2230.0,512,-1.8706759929656982,0.0032557135,0.0,0.0003,8410,-0.0036771942395716906,872.8359985351562,0.3,0.7326786518096924,1527.3224060058594
3,1081,0,200.0,2100.0,768,-1.8690276801586152,0.007711225,0.001953125,0.0003,8420,-0.008720712945796549,716.9745483398438,0.3,0.5491970777511597,1665.0995178222656
4,1062,0,200.0,1910.0,1024,-1.8534499108791351,0.009161398,0.0,0.0003,8430,-0.008436247007921338,492.2491760253906,0.3,0.714743971824646,1310.3454528808593
5,1049,1,200.0,1865.0,1280,-1.7389023780822754,0.0060440274,0.0,0.0003,8440,-0.004168618191033602,822.1441040039062,0.3,0.4710403084754944,1993.2786499023437
6,1031,1,200.0,1934.2857142857142,1536,-1.711789458990097,0.029694226,0.0203125,0.0003,8450,-0.01903279407415539,960.2598266601562,0.3,0.4648202657699585,1992.3267578125
7,1028,1,200.0,1956.25,1792,-1.6553112983703613,0.0046929587,0.0,0.0003,8460,-0.0033037215005606415,797.1383056640625,0.3,0.6871408820152283,1709.4227722167968
8,1030,1,200.0,1766.0,2048,-1.8282695710659027,0.0008995738,0.00078125,0.0003,8470,-0.0010760487988591195,285.6038818359375,0.3,0.691016674041748,1025.3659912109374
9,1033,2,200.0,1772.7272727272727,2304,-1.710550022125244,0.0037633963,0.0171875,0.0003,8480,-0.012308173766359686,592.1773071289062,0.3,0.6300469636917114,1409.028564453125
10,1034,2,200.0,1760.0,2560,-1.541210949420929,0.0041759545,0.0,0.0003,8490,-0.007890882855281233,1149.0865478515625,0.3,0.44256657361984253,2077.6488037109375
11,1037,2,200.0,1795.0,2816,-1.629699957370758,0.002497092,0.001171875,0.0003,8500,-0.00567643684335053,613.2388305664062,0.3,0.636184573173523,1334.26044921875
12,1036,2,200.0,1818.6666666666667,3072,-1.5539751827716828,0.006268425,0.0078125,0.0003,8510,-0.005971863446757197,560.9208374023438,0.3,0.6104207038879395,1502.1428161621093
13,1037,3,200.0,1839.375,3328,-1.6237312495708465,0.028402753,0.05859375,0.0003,8520,-0.01629439010284841,688.3589477539062,0.3,0.6858257055282593,1303.9722412109375
14,1038,3,200.0,1869.4117647058824,3584,-1.6686212420463562,0.0061142286,0.00546875,0.0003,8530,-0.009287374350242317,692.842529296875,0.3,0.5751941204071045,1775.7062438964845
15,1032,3,200.0,1920.0,3840,-1.6561910808086395,0.008754718,0.001171875,0.0003,8540,-0.005424723937176168,759.562744140625,0.3,0.6390454173088074,1550.279119873047
16,1031,3,200.0,1941.5,4096,-1.6404707551002502,0.040746614,0.089453125,0.0003,8550,-0.027003690833225846,767.548095703125,0.3,0.6460206508636475,1548.031689453125
17,1032,4,200.0,1938.095238095238,4352,-1.57968527674675,0.0015173175,0.0,0.0003,8560,-9.26590757444501e-05,870.887451171875,0.3,0.47198277711868286,1939.9845031738282
18,1030,4,200.0,1964.7826086956522,4608,-1.5612725734710693,0.010003564,0.0,0.0003,8570,-0.011100103007629513,892.5423583984375,0.3,0.6922366619110107,1574.693621826172
19,1029,4,200.0,1952.5,4864,-1.5645189106464386,0.002300084,0.0,0.0003,8580,-0.0018142095534130931,715.3365478515625,0.3,0.5773462057113647,1652.5512329101562
20,1029,4,200.0,1978.0,5120,-1.627262109518051,0.013996398,0.00546875,0.0003,8590,-0.010818193899467587,625.317138671875,0.3,0.5722934007644653,1661.5349487304688
21,1028,5,200.0,2003.076923076923,5376,-1.6225239396095277,0.0105596725,0.0015625,0.0003,8600,-0.003406190196983516,738.5744018554688,0.3,0.6898568868637085,1586.861065673828
22,1028,5,200.0,2000.0,5632,-1.6030081152915954,0.019885778,0.01484375,0.0003,8610,-0.008216859446838498,1007.249755859375,0.3,0.4658125638961792,2120.9702697753905
23,1028,5,200.0,2012.0689655172414,5888,-1.6816982924938202,0.018749509,0.01484375,0.0003,8620,-0.007111059944145381,650.3096923828125,0.3,0.5219970345497131,1696.2288696289063
24,1025,5,200.0,2024.0,6144,-1.6325330138206482,0.0015555166,0.0,0.0003,8630,-0.002424223301932216,550.1197509765625,0.3,0.7367279529571533,1201.4329803466796
25,1025,6,200.0,1999.6875,6400,-1.603043794631958,0.0014968505,0.0,0.0003,8640,-0.003003751230426133,695.73974609375,0.3,0.4649971127510071,2028.305224609375
26,1027,6,200.0,2010.3030303030303,6656,-1.6021875083446502,0.007728476,0.0,0.0003,8650,-0.006502550188452005,582.15771484375,0.3,0.7079176902770996,1279.1755004882812
27,1027,6,200.0,2020.8823529411766,6912,-1.5884732723236084,0.0058605066,0.0,0.0003,8660,-0.003762898885179311,528.4012451171875,0.3,0.7379320859909058,1223.4410278320313
28,1021,7,200.0,2030.2857142857142,7168,-1.5536643385887146,0.0033452185,0.00078125,0.0003,8670,-0.003052609274163842,683.18896484375,0.3,0.6542682647705078,1509.2070251464843
29,1019,7,200.0,2055.135135135135,7424,-1.5577755630016328,0.011393685,0.005078125,0.0003,8680,-0.007861850503832101,739.9714965820312,0.3,0.6610149145126343,1414.199234008789
30,1017,7,200.0,2063.4210526315787,7680,-1.6446127891540527,0.028530324,0.0484375,0.0003,8690,-0.01958827399648726,615.4234008789062,0.3,0.5134548544883728,1744.9042175292968
31,1015,7,200.0,2065.641025641026,7936,-1.7630162298679353,0.032746255,0.057421875,0.0003,8700,-0.01393816559575498,753.7206420898438,0.3,0.653232991695404,1482.70927734375
32,1016,8,200.0,2067.75,8192,-1.81070117354393,0.0042453,0.005859375,0.0003,8710,-0.004883718327619135,748.6558837890625,0.3,0.5703569650650024,1519.24765625
33,1017,8,200.0,2082.6190476190477,8448,-1.773033571243286,0.0051579224,0.0,0.0003,8720,-0.005449901055544615,949.9026489257812,0.3,0.5917156338691711,1743.271432495117
34,1017,8,200.0,2088.8372093023254,8704,-1.7704241812229156,0.014259494,0.003515625,0.0003,8730,-0.008774681156501174,725.1784057617188,0.3,0.583041787147522,1547.1759460449218
35,1016,8,200.0,2090.2272727272725,8960,-1.7371654272079469,0.021181926,0.03515625,0.0003,8740,-0.0148107276763767,329.37982177734375,0.3,0.7736758589744568,933.9692932128906
36,1015,9,200.0,2096.086956521739,9216,-1.7699667870998383,0.0076657357,0.00390625,0.0003,8750,-0.009505311213433742,714.17236328125,0.3,0.611782431602478,1443.2259033203125
37,1015,9,200.0,2097.2340425531916,9472,-1.7502252757549286,0.0049685873,0.00078125,0.0003,8760,-0.004002839233726263,755.50146484375,0.3,0.5403167009353638,1645.4419555664062
38,1014,9,200.0,2102.9166666666665,9728,-1.78631352186203,0.0017930362,0.00078125,0.0003,8770,-0.0038119891658425333,677.2161865234375,0.3,0.693848729133606,1298.7735473632813
39,1014,9,200.0,2103.061224489796,9984,-1.7531114935874939,0.0063738376,0.00234375,0.0003,8780,-0.009172833012416958,583.4892578125,0.3,0.6391794681549072,1379.2623779296875
40,1013,10,200.0,2113.529411764706,10240,-1.7037428617477417,0.023628639,0.073828125,0.0003,8790,-0.014377241698093712,597.4279174804688,0.3,0.7261296510696411,1055.1754089355468
1,1309,0,200.0,2340.0,256,-1.6783495843410492,0.0072397236,0.001171875,0.0003,8800,-0.0045816157013177875,569.0201416015625,0.3,0.6189978718757629,1229.8400512695312
2,1137,0,200.0,2350.0,512,-0.8094815701246262,0.022367386,0.0640625,0.0003,8810,-0.017172982078045608,715.8224487304688,0.3,0.5785071849822998,1751.4344970703125
3,1090,0,200.0,2363.3333333333335,768,-0.7755229562520981,0.013611708,0.06640625,0.0003,8820,-0.011721579683944583,551.7338256835938,0.3,0.7317814826965332,965.8644378662109
4,1067,0,200.0,2312.0,1024,-0.836918580532074,0.034140486,0.077734375,0.0003,8830,-0.008868673327378928,545.8695068359375,0.3,0.6743201017379761,1231.1984741210938
5,1054,1,200.0,2153.3333333333335,1280,-0.8109466940164566,0.0143722985,0.025,0.0003,8840,-0.006281994259916246,421.90185546875,0.3,0.7653616070747375,883.8995819091797
6,1041,1,200.0,2184.285714285714,1536,-0.844564551115036,0.010714029,0.034375,0.0003,8850,-0.004046946438029409,839.78271484375,0.3,0.29306650161743164,2548.997692871094
7,1040,1,200.0,2235.0,1792,-0.8035178929567337,0.0004523634,0.0,0.0003,8860,-0.0015636365627869965,414.2562561035156,0.3,0.8016905784606934,1015.1086181640625
8,1036,1,200.0,2214.0,2048,-0.853145369887352,0.029226333,0.112890625,0.0003,8870,-0.019880980532616378,378.50518798828125,0.3,0.8200159072875977,689.9996124267578
9,1034,2,200.0,2228.181818181818,2304,-0.8027924537658692,0.023094192,0.094140625,0.0003,8880,-0.015270096901804208,455.1448669433594,0.3,0.6608399152755737,1197.2543701171876
10,1033,2,200.0,2258.3333333333335,2560,-0.7033875465393067,0.008457392,0.0484375,0.0003,8890,-0.010364437964744866,777.6112670898438,0.3,0.6951940059661865,1246.6309143066405
11,1033,2,200.0,2252.1428571428573,2816,-0.7052820503711701,0.018617112,0.027734375,0.0003,8900,-0.011930748866871,357.8728942871094,0.3,0.7826122045516968,662.8625610351562
12,1034,2,200.0,2212.0,3072,-0.6377004355192184,0.008782194,0.011328125,0.0003,8910,-0.00484111150726676,442.8804626464844,0.3,0.7158726453781128,1117.9942657470704
13,1033,3,200.0,2221.25,3328,-0.6929824233055115,0.016097607,0.021875,0.0003,8920,-0.005892449617385864,197.75567626953125,0.3,0.8657544851303101,539.0707077026367
14,1033,3,200.0,2228.823529411765,3584,-0.6640476733446121,0.015583926,0.0640625,0.0003,8930,-0.012191023211926222,353.8525390625,0.3,0.8091579079627991,762.604769897461
15,1033,3,200.0,2232.1052631578946,3840,-0.6304626435041427,0.00804334,0.00703125,0.0003,8940,-0.005847441358491778,494.1038818359375,0.3,0.7537907361984253,882.9098510742188
16,1034,3,200.0,2238.0,4096,-0.7594343006610871,0.014992978,0.0328125,0.0003,8950,-0.00976702691987157,723.0360717773438,0.3,0.6233754754066467,1465.9483673095704
17,1035,4,200.0,2219.5238095238096,4352,-0.7273918569087983,0.016447408,0.026953125,0.0003,8960,-0.008946481393650174,364.68487548828125,0.3,0.8310496807098389,717.6005737304688
18,1036,4,200.0,2217.8260869565215,4608,-0.6784161120653153,0.0060872333,0.018359375,0.0003,8970,-0.010141989937983454,1291.5860595703125,0.3,0.31193095445632935,3042.7064819335938
19,1025,4,200.0,2212.9166666666665,4864,-0.6992108821868896,0.010172861,0.03125,0.0003,8980,-0.007149695279076695,337.3695983886719,0.3,0.8161439895629883,816.3621978759766
20,1021,5,200.0,2217.2,5120,-0.6939492613077164,0.024251133,0.04453125,0.0003,8990,-0.013820162485353648,814.54248046875,0.3,0.6006039381027222,1677.5132934570313
21,1017,5,200.0,2214.6153846153848,5376,-0.6348302483558654,0.007301518,0.008203125,0.0003,9000,-0.008280421700328588,368.9676818847656,0.3,0.8313125371932983,931.6846527099609
22,1009,5,200.0,2196.785714285714,5632,-0.6283749252557754,0.008832691,0.0171875,0.0003,9010,-0.006056430586613715,670.7654418945312,0.3,0.5522692203521729,1666.122802734375
23,1004,5,200.0,2211.0344827586205,5888,-0.7524337202310563,0.022309933,0.033203125,0.0003,9020,-0.015010907291434705,887.4544677734375,0.3,0.5652772188186646,1986.6588134765625
24,999,6,200.0,2223.6666666666665,6144,-0.6524365216493606,0.009208216,0.01015625,0.0003,9030,-0.003577304445207119,484.88446044921875,0.3,0.7710663676261902,1056.9658233642579
25,997,6,200.0,2231.5625,6400,-0.6712474554777146,0.012639429,0.0359375,0.0003,9040,-0.007672790973447263,448.4368896484375,0.3,0.7805994153022766,888.290316772461
26,995,6,200.0,2227.878787878788,6656,-0.6730759412050247,0.022894781,0.034375,0.0003,9050,-0.015616072295233607,265.6748046875,0.3,0.8124234080314636,656.5884857177734
27,993,6,200.0,2245.5882352941176,6912,-0.7438783258199692,0.023503384,0.089453125,0.0003,9060,-0.002816746011376381,416.6890563964844,0.3,0.7101489305496216,1021.6035736083984
28,991,7,200.0,2255.4285714285716,7168,-0.6545094698667526,0.01321418,0.034765625,0.0003,9070,-0.0019339518155902624,407.02801513671875,0.3,0.8181032538414001,786.0628051757812
29,992,7,200.0,2228.9189189189187,7424,-0.7140487730503082,0.0027367184,0.003515625,0.0003,9080,0.0006567259784787894,361.1607666015625,0.3,0.7776289582252502,991.3723724365234
30,993,7,200.0,2220.5263157894738,7680,-0.6889792263507843,0.012258301,0.023046875,0.0003,9090,-0.005365173961035907,551.92333984375,0.3,0.6470291614532471,1402.6514770507813
31,995,7,200.0,2218.2051282051284,7936,-0.7235583245754242,0.014725529,0.051171875,0.0003,9100,-0.005343956360593438,618.864990234375,0.3,0.6663010120391846,1213.4174194335938
32,996,8,200.0,2221.25,8192,-0.7252113282680511,0.012185942,0.04921875,0.0003,9110,-0.00789405609248206,671.1898803710938,0.3,0.6390693187713623,1423.1646057128905
33,997,8,200.0,2233.5714285714284,8448,-0.6503099650144577,0.01669725,0.02578125,0.0003,9120,-0.00805769944563508,409.31951904296875,0.3,0.8132956027984619,820.5040618896485
34,998,8,200.0,2236.279069767442,8704,-0.6888789683580399,0.021963667,0.0921875,0.0003,9130,-0.010136240860447288,436.0419616699219,0.3,0.7231687307357788,991.1211517333984
35,998,8,200.0,2217.9545454545455,8960,-0.8090430349111557,0.015758336,0.04609375,0.0003,9140,-0.00912741171196103,220.27108764648438,0.3,0.8109209537506104,765.6633239746094
36,998,9,200.0,2224.1304347826085,9216,-0.7156171917915344,0.016798314,0.062890625,0.0003,9150,-0.00448018447495997,753.1221313476562,0.3,0.6714621186256409,1266.1054260253907
37,999,9,200.0,2227.2340425531916,9472,-0.6567379385232925,0.005165446,0.03671875,0.0003,9160,-0.008449332951568068,459.5645751953125,0.3,0.7225569486618042,1110.3699340820312
38,999,9,200.0,2230.625,9728,-0.6577929466962814,0.023085417,0.08203125,0.0003,9170,-0.012751838658005,362.4873962402344,0.3,0.8032441139221191,691.3981262207031
39,1000,9,200.0,2228.9795918367345,9984,-0.6367230296134949,0.016621139,0.09375,0.0003,9180,-0.01309272003127262,460.32647705078125,0.3,0.7535627484321594,949.7520935058594
40,1000,10,200.0,2243.1372549019607,10240,-0.6245790094137191,0.011436533,0.040625,0.0003,9190,-0.009144569654017687,565.647705078125,0.3,0.7477152347564697,1023.8154998779297
1,1333,0,200.0,2360.0,256,-0.5733667522668838,0.015900299,0.055859375,0.0003,9200,-0.012023369781672955,326.3414001464844,0.3,0.7924177050590515,718.8642944335937
2,1131,0,200.0,2495.0,512,-1.641640031337738,0.02363104,0.041796875,0.0003,8810,-0.013667633547447622,756.6527709960938,0.3,0.7123239636421204,1370.9197998046875
3,1091,0,200.0,2526.6666666666665,768,-1.64052871465683,0.017128648,0.029296875,0.0003,8820,-0.012140856310725211,687.6852416992188,0.3,0.6123189926147461,1540.7917602539062
4,1070,0,200.0,2560.0,1024,-1.6976389646530152,0.007926982,0.0,0.0003,8830,-0.005695489980280399,466.2968444824219,0.3,0.6828804016113281,1375.632501220703
5,1059,1,200.0,2525.0,1280,-1.6817136645317077,0.005551274,0.0,0.0003,8840,-0.004678925639018417,653.58447265625,0.3,0.6152467131614685,1501.068096923828
6,1051,1,200.0,2505.714285714286,1536,-1.7440033197402953,0.03210458,0.047265625,0.0003,8850,-0.01597725464962423,591.710205078125,0.3,0.6740866303443909,1316.4203857421876
7,1050,1,200.0,2425.0,1792,-1.7750424861907959,0.0033912542,0.0,0.0003,8860,-0.002721825544722378,792.3577270507812,0.3,0.46356678009033203,1777.3585693359375
8,1047,1,200.0,2412.0,2048,-1.7569998443126678,0.008141823,0.0,0.0003,8870,-0.005489662592299283,510.2760009765625,0.3,0.744742214679718,1092.4936889648438
9,1047,2,200.0,2402.7272727272725,2304,-1.8200182437896728,0.0055812756,0.00234375,0.0003,8880,-0.002922884747385979,579.4054565429688,0.3,0.7140032052993774,1130.205355834961
10,1048,2,200.0,2398.3333333333335,2560,-1.857341068983078,0.031911347,0.062109375,0.0003,8890,-0.021912558143958448,749.3472900390625,0.3,0.6099696755409241,1541.7910095214843
11,1049,2,200.0,2391.4285714285716,2816,-1.8484500527381897,0.022238914,0.0328125,0.0003,8900,-0.015137633681297303,536.6212768554688,0.3,0.7300401926040649,1082.7352813720704
12,1042,2,200.0,2388.6666666666665,3072,-1.8294383347034455,0.023665614,0.044921875,0.0003,8910,-0.014366262778639793,465.9222106933594,0.3,0.7746393084526062,980.9390411376953
13,1043,3,200.0,2386.25,3328,-1.8322310328483582,0.0035189234,0.0,0.0003,8920,-0.003010968118906021,647.653076171875,0.3,0.7620609998703003,1138.497979736328
14,1043,3,200.0,2370.0,3584,-1.8943676769733429,0.008555603,0.00234375,0.0003,8930,-0.008639840176329017,426.42645263671875,0.3,0.7548739314079285,944.1473785400391
15,1042,3,200.0,2378.4210526315787,3840,-1.906833976507187,0.0071861893,0.001171875,0.0003,8940,-0.008898605918511748,509.08819580078125,0.3,0.7593644857406616,905.3408447265625
16,1043,3,200.0,2378.0,4096,-1.8818849325180054,0.012614662,0.005078125,0.0003,8950,-0.010501081438269467,597.4891357421875,0.3,0.7083264589309692,1382.1346923828125
17,1044,4,200.0,2375.2380952380954,4352,-1.8343264579772949,0.02053515,0.035546875,0.0003,8960,-0.020618155295960606,492.8390197753906,0.3,0.6655150651931763,1180.0948760986328
18,1043,4,200.0,2343.0434782608695,4608,-1.8727303266525268,0.004207948,0.0,0.0003,8970,-0.005249630799517036,1026.5150146484375,0.3,0.46520721912384033,1878.045150756836
19,1042,4,200.0,2335.0,4864,-1.798659884929657,0.017386992,0.0,0.0003,8980,-0.013331033289432526,626.7347412109375,0.3,0.6666063070297241,1152.7904663085938
20,1043,4,200.0,2326.0,5120,-1.8069522976875305,0.0030008913,0.0,0.0003,8990,-0.0025306143565103413,577.1398315429688,0.3,0.6334336996078491,1585.9253173828124
21,1044,5,200.0,2317.6923076923076,5376,-1.7955919921398162,0.02942456,0.053125,0.0003,9000,-0.01857756027020514,640.7808227539062,0.3,0.7504873871803284,1084.2084838867188
22,1043,5,200.0,2328.5714285714284,5632,-1.726878923177719,0.028685924,0.083203125,0.0003,9010,-0.013607334357220679,579.5609130859375,0.3,0.7684576511383057,928.0536926269531
23,1042,5,200.0,2337.5862068965516,5888,-1.7139351487159729,0.0051503084,0.0015625,0.0003,9020,-0.0036759197246283293,527.7529907226562,0.3,0.7472894191741943,1116.7929626464843
24,1040,5,200.0,2330.3333333333335,6144,-1.7695586740970612,0.031301264,0.127734375,0.0003,9030,-0.02007108265534043,248.10897827148438,0.3,0.7738860249519348,794.4169189453125
25,1040,6,200.0,2339.0625,6400,-1.6701378583908082,0.015436604,0.0171875,0.0003,9040,-0.016359162470325827,450.3748474121094,0.3,0.7369139194488525,1112.8440307617188
26,1041,6,200.0,2332.121212121212,6656,-1.6187149107456207,0.031092325,0.077734375,0.0003,9050,-0.019004381773993374,467.59771728515625,0.3,0.7236778736114502,962.1153137207032
27,1041,6,200.0,2325.5882352941176,6912,-1.5247492432594298,0.004235141,0.001171875,0.0003,9060,-0.008185031171888114,318.9980773925781,0.3,0.7565385699272156,809.2255004882812
28,1035,6,200.0,2326.285714285714,7168,-1.528842717409134,0.017147265,0.0078125,0.0003,9070,-0.010409954003989697,339.93487548828125,0.3,0.7940088510513306,814.690185546875
29,1036,7,200.0,2296.2162162162163,7424,-1.4127668678760528,0.013521183,0.005859375,0.0003,9080,-0.011380818765610456,433.7363586425781,0.3,0.8242040276527405,690.9540863037109
30,1036,7,200.0,2303.9473684210525,7680,-1.4041883409023286,0.0028571626,0.0,0.0003,9090,-0.0014463193947449327,604.81591796875,0.3,0.6007556915283203,1486.3317932128907
31,1036,7,200.0,2299.4871794871797,7936,-1.4171429753303528,0.0019701193,0.0,0.0003,9100,-0.0041665758704766635,387.6641845703125,0.3,0.8071174621582031,862.5431884765625
32,1036,7,200.0,2300.75,8192,-1.4211162507534028,0.0019074525,0.0,0.0003,9110,-0.00466101816855371,373.9884948730469,0.3,0.7532002925872803,1009.6099212646484
33,1035,8,200.0,2298.3333333333335,8448,-1.3954087018966674,0.023602106,0.056640625,0.0003,9120,-0.016507024806924165,400.06109619140625,0.3,0.8035742044448853,715.856201171875
34,1035,8,200.0,2305.1162790697676,8704,-1.3952563166618348,0.015296678,0.0140625,0.0003,9130,-0.010353283514268697,502.5338439941406,0.3,0.7271536588668823,1062.159649658203
35,1035,8,200.0,2311.590909090909,8960,-1.485892152786255,0.031223997,0.073046875,0.0003,9140,-0.014621255383826793,545.6314697265625,0.3,0.7638078331947327,1015.1495391845704
36,1035,8,200.0,2314.5652173913045,9216,-1.6211844742298127,0.031950533,0.1046875,0.0003,9150,-0.02043443447910249,407.535400390625,0.3,0.7921191453933716,836.4700317382812
37,1035,9,200.0,2320.425531914894,9472,-1.6217912077903747,0.0013397427,0.0,0.0003,9160,-0.0014980146195739507,535.5603637695312,0.3,0.672321081161499,1198.6198120117188
38,1036,9,200.0,2326.25,9728,-1.5920477509498596,0.0030042983,0.0,0.0003,9170,-0.0031134054064750672,472.9139709472656,0.3,0.7603887915611267,1096.4957702636718
39,1036,9,200.0,2336.530612244898,9984,-1.607153058052063,0.0032964456,0.0,0.0003,9180,-0.0065137650817632675,661.4340209960938,0.3,0.7167973518371582,1061.5999084472655
40,1036,9,200.0,2332.549019607843,10240,-1.5742365539073944,0.0115238,0.02109375,0.0003,9190,-0.00572609924711287,352.462646484375,0.3,0.8342146277427673,613.4947967529297
1,1307,0,200.0,2830.0,256,-1.543033367395401,0.016486347,0.023828125,0.0003,9200,-0.008073229063302278,517.603271484375,0.3,0.768989086151123,853.1273025512695
2,1153,0,200.0,2590.0,512,-0.5399186313152313,0.016701112,0.069921875,0.0003,9210,-0.010130226192995907,371.99871826171875,0.3,0.8035702109336853,707.2656311035156
3,1098,0,200.0,2270.0,768,-0.6328845322132111,0.008041985,0.0234375,0.0003,9220,-0.0034819851629436017,402.4423828125,0.3,0.771370530128479,914.3630676269531
4,1075,0,200.0,2358.0,1024,-0.5410938918590545,0.0045085615,0.004296875,0.0003,9230,-0.0035023640608415007,319.3791198730469,0.3,0.829322338104248,683.5248657226563
5,1056,1,200.0,2363.3333333333335,1280,-0.5532422423362732,0.0024760666,0.004296875,0.0003,9240,-0.0018010378116741776,453.3789367675781,0.3,0.7672662734985352,865.6440063476563
6,1047,1,200.0,2398.5714285714284,1536,-0.5959432661533356,0.030612927,0.065625,0.0003,9250,-0.010490603093057872,574.9088134765625,0.3,0.657505989074707,1308.4942749023437
7,1041,1,200.0,2392.5,1792,-0.6697815239429474,0.01391575,0.037890625,0.0003,9260,-0.009227126697078347,412.1528015136719,0.3,0.7807224988937378,780.8513854980469
8,1040,1,200.0,2361.0,2048,-0.6315877050161361,0.018802132,0.069140625,0.0003,9270,-0.010430560586974025,210.4663848876953,0.3,0.8285450339317322,659.7892318725586
9,1036,2,200.0,2385.4545454545455,2304,-0.6086472690105438,0.011520402,0.058984375,0.0003,9280,-0.007555780757684261,496.47674560546875,0.3,0.6862863302230835,1262.3201049804688
10,1031,2,200.0,2422.5,2560,-0.6470968961715698,0.018422952,0.03984375,0.0003,9290,-0.00918439133092761,562.490234375,0.3,0.7554870843887329,1014.5808746337891
11,1032,2,200.0,2362.1428571428573,2816,-0.7856440424919129,0.008800079,0.06328125,0.0003,9300,-0.012902482924982906,247.0515899658203,0.3,0.8567380905151367,536.2490051269531
12,1026,2,200.0,2276.0,3072,-0.74763984978199,0.02569243,0.08984375,0.0003,9310,-0.010586970066651703,419.1548767089844,0.3,0.7888957262039185,739.7327850341796
13,1023,3,200.0,2228.125,3328,-0.8432666778564453,0.005159774,0.003125,0.0003,9320,-0.0015630895970389247,1324.7982177734375,0.3,0.386610746383667,3317.4954345703127
14,1022,3,200.0,2202.9411764705883,3584,-0.700534212589264,0.004180715,0.019140625,0.0003,9330,-0.006470510340295732,940.0833740234375,0.3,0.4577641487121582,2238.1272705078127
15,1019,3,200.0,2176.315789473684,3840,-0.7003047078847885,0.021039113,0.105078125,0.0003,9340,-0.028126774029806255,1105.35009765625,0.3,0.4855172634124756,2388.74931640625
16,1015,4,200.0,2160.5,4096,-0.6356468081474305,0.012254005,0.025390625,0.0003,9350,-0.012492875359021128,583.8364868164062,0.3,0.669709324836731,1506.7393798828125
17,1014,4,200.0,2168.095238095238,4352,-0.6606195241212844,0.04848869,0.08125,0.0003,9360,-0.020487289945594966,541.051513671875,0.3,0.6399821043014526,1495.9975646972657
18,1015,4,200.0,2196.086956521739,4608,-0.6423885107040406,0.0109301265,0.0234375,0.0003,9370,-0.00984638740774244,295.8374938964844,0.3,0.8647338151931763,721.0325820922851
19,1016,4,200.0,2203.3333333333335,4864,-0.6250208586454391,0.014664946,0.046875,0.0003,9380,-0.014066172461025418,559.4764404296875,0.3,0.7260720729827881,1042.5779815673827
20,1017,5,200.0,2200.0,5120,-0.6628279000520706,0.062061764,0.115234375,0.0003,9390,-0.016458270489238203,389.3076477050781,0.3,0.8211061358451843,721.0621307373046
21,1017,5,200.0,2215.0,5376,-0.6289559751749039,0.038006417,0.073046875,0.0003,9400,-0.012781345285475254,640.358642578125,0.3,0.674898624420166,1196.9326263427733
22,1018,5,200.0,2233.214285714286,5632,-0.655612337589264,0.007253559,0.0484375,0.0003,9410,-0.006612329720519483,258.24603271484375,0.3,0.8634047508239746,512.4755706787109
23,1017,5,200.0,2238.6206896551726,5888,-0.5988562285900116,0.013576977,0.0203125,0.0003,9420,-0.002306497166864574,229.41839599609375,0.3,0.8467946648597717,539.4775665283203
24,1017,6,200.0,2250.3333333333335,6144,-0.6107850670814514,0.023584884,0.037890625,0.0003,9430,-0.007759877480566502,441.31695556640625,0.3,0.7049376964569092,1035.6887451171874
25,1017,6,200.0,2264.375,6400,-0.6093798547983169,0.054007314,0.14296875,0.0003,9440,-0.015909182094037532,286.51416015625,0.3,0.8502351641654968,586.5585220336914
26,1016,6,200.0,2274.848484848485,6656,-0.6194674402475357,0.008350949,0.013671875,0.0003,9450,-0.006106552330311388,790.758056640625,0.3,0.5895630121231079,1710.665576171875
27,1016,6,200.0,2291.176470588235,6912,-0.5928380012512207,0.01211557,0.01015625,0.0003,9460,-0.0033837922383099794,436.9298095703125,0.3,0.7613299489021301,914.9514709472656
28,1016,7,200.0,2299.714285714286,7168,-0.5949543207883835,0.04273289,0.1421875,0.0003,9470,-0.016664561815559864,354.5220642089844,0.3,0.861716091632843,594.6935928344726
29,1016,7,200.0,2283.7837837837837,7424,-0.5982713758945465,0.021121169,0.137109375,0.0003,9480,-0.0221204218454659,384.6684875488281,0.3,0.7683972716331482,777.7688293457031
30,1017,7,200.0,2291.842105263158,7680,-0.7464119106531143,0.010020028,0.076953125,0.0003,9490,-0.010489069717004895,419.97332763671875,0.3,0.7160859704017639,1108.986654663086
31,1017,7,200.0,2300.0,7936,-0.5759470045566559,0.0034370266,0.004296875,0.0003,9500,-0.002572308201342821,236.37265014648438,0.3,0.861344039440155,775.5792846679688
32,1018,8,200.0,2301.25,8192,-0.6285705119371414,0.015678542,0.085546875,0.0003,9510,-0.01119499672204256,231.80618286132812,0.3,0.8096495866775513,661.1722244262695
33,1020,8,200.0,2315.4761904761904,8448,-0.5903431892395019,0.013987748,0.0546875,0.0003,9520,-0.015101092448458076,266.2855529785156,0.3,0.839197039604187,537.7343933105469
34,1019,8,200.0,2321.860465116279,8704,-0.5616502523422241,0.016511746,0.02421875,0.0003,9530,-0.005973065341822803,396.2271423339844,0.3,0.7731519937515259,792.3260681152344
35,1019,8,200.0,2328.409090909091,8960,-0.5591815501451493,0.027146323,0.045703125,0.0003,9540,-0.00947655364871025,223.2074737548828,0.3,0.8843756318092346,405.65187072753906
36,1020,9,200.0,2341.521739130435,9216,-0.5384645849466324,0.017507784,0.03828125,0.0003,9550,-0.008002534392289817,379.1289367675781,0.3,0.7898138761520386,755.6974700927734
37,1020,9,200.0,2346.808510638298,9472,-0.546079283952713,0.028886221,0.0921875,0.0003,9560,-0.009027878963388502,569.264404296875,0.3,0.6278129816055298,1425.3115783691405
38,1019,9,200.0,2341.6666666666665,9728,-0.6373177975416183,0.024163313,0.08828125,0.0003,9570,-0.009909565839916468,323.0638122558594,0.3,0.7172471284866333,972.7448883056641
39,1018,9,200.0,2347.1428571428573,9984,-0.6400169730186462,0.012800477,0.03671875,0.0003,9580,-0.009598850924521684,316.3648376464844,0.3,0.8159388303756714,668.9117889404297
40,1018,10,200.0,2348.0392156862745,10240,-0.5908108413219452,0.020288311,0.0859375,0.0003,9590,-0.017303595994599165,371.9659729003906,0.3,0.796421229839325,806.5400268554688
1,1314,0,200.0,2390.0,256,-0.6230618000030518,0.011978449,0.076953125,0.0003,9600,-0.009457465400919319,483.36895751953125,0.3,0.7583563327789307,864.0513519287109
2,1159,0,200.0,2380.0,512,-1.512050610780716,0.021379175,0.053125,0.0003,9210,-0.00951183888828382,810.40625,0.3,0.6445676684379578,1284.7987823486328
3,1102,0,200.0,2530.0,768,-1.5234567821025848,0.0024039652,0.0,0.0003,9220,-0.0032187548466026785,576.9622192382812,0.3,0.697047233581543,1270.165545654297
4,1077,0,200.0,2562.0,1024,-1.5238067984580994,0.006105897,0.0078125,0.0003,9230,-0.004279969190247357,447.550537109375,0.3,0.7255625128746033,993.4012573242187
5,1062,1,200.0,2566.6666666666665,1280,-1.4936427175998688,0.015574062,0.032421875,0.0003,9240,-0.008087587798945606,476.2745666503906,0.3,0.6729629039764404,1216.0891693115234
6,1052,1,200.0,2535.714285714286,1536,-1.5037206768989564,0.023582622,0.03984375,0.0003,9250,-0.01853396580554545,437.1390075683594,0.3,0.7870983481407166,778.1696578979493
7,1041,1,200.0,2542.5,1792,-1.5248750269412994,0.022257585,0.2234375,0.0003,9260,-0.029399464116431774,396.7971496582031,0.3,0.8058066368103027,732.3384643554688
8,1031,1,200.0,2577.0,2048,-1.4409026443958282,0.012724033,0.0640625,0.0003,9270,-0.012504445109516382,446.23089599609375,0.3,0.7895827889442444,823.7754058837891
9,1022,2,200.0,2600.0,2304,-1.4882866084575652,0.023085758,0.016796875,0.0003,9280,-0.00971001498401165,422.5594482421875,0.3,0.6958233714103699,1240.1936920166015
10,1018,2,200.0,2522.5,2560,-1.4418230712413789,0.0021075576,0.0,0.0003,9290,-0.003852840221952647,969.3370971679688,0.3,0.3730464577674866,2082.159313964844
11,1014,2,200.0,2516.4285714285716,2816,-1.4061736285686492,0.0019880398,0.0,0.0003,9300,-0.003334370511583984,364.8907470703125,0.3,0.6795822381973267,1106.308172607422
12,1013,3,200.0,2505.3333333333335,3072,-1.4220763266086578,0.0016024662,0.0,0.0003,9310,-0.001665273169055581,572.2871704101562,0.3,0.754496693611145,1007.5912170410156
13,1015,3,200.0,2511.25,3328,-1.4826142966747284,0.024046574,0.035546875,0.0003,9320,-0.013837928848806769,311.6331481933594,0.3,0.8061604499816895,767.4833343505859
14,1016,3,200.0,2501.764705882353,3584,-1.4992743253707885,0.007010101,0.001171875,0.0003,9330,-0.007179827895015478,334.1453857421875,0.3,0.7603135704994202,858.6490234375
15,1015,3,200.0,2498.4210526315787,3840,-1.5344695329666138,0.0067369808,0.0015625,0.0003,9340,-0.007093382813036442,435.9305114746094,0.3,0.7528865337371826,973.6111450195312
16,1017,4,200.0,2503.0,4096,-1.61184663772583,0.010952307,0.0046875,0.0003,9350,-0.005302977189421654,333.4626770019531,0.3,0.7880812287330627,898.4285339355469
17,1018,4,200.0,2495.714285714286,4352,-1.6187707483768463,0.0032303012,0.0,0.0003,9360,-0.004104442056268453,413.57733154296875,0.3,0.7596438527107239,836.9091705322265
18,1019,4,200.0,2504.782608695652,4608,-1.6165509700775147,0.0153569,0.00859375,0.0003,9370,-0.011021455214358867,430.3465576171875,0.3,0.7724882364273071,878.1411865234375
19,1020,4,200.0,2508.3333333333335,4864,-1.6805673897266389,0.011207651,0.003515625,0.0003,9380,-0.007961904304102064,423.4825439453125,0.3,0.7202650308609009,1064.3173553466797
20,1017,5,200.0,2502.8,5120,-1.6639842510223388,0.021923855,0.040625,0.0003,9390,-0.01530718537978828,390.5810241699219,0.3,0.7737021446228027,885.0018585205078
21,1018,5,200.0,2486.5384615384614,5376,-1.6066135466098785,0.0034898517,0.001171875,0.0003,9400,-0.0038162785582244395,496.2695617675781,0.3,0.7494632601737976,944.3372436523438
22,1019,5,200.0,2486.785714285714,5632,-1.6170254051685333,0.0042029303,0.0,0.0003,9410,-0.0030540990643203258,609.6581420898438,0.3,0.6746402382850647,1200.7982147216796
23,1021,5,200.0,2490.344827586207,5888,-1.6169718980789185,0.0031597894,0.0,0.0003,9420,-0.004874228104017675,426.6275939941406,0.3,0.7254637479782104,1047.6653137207031
24,1022,6,200.0,2493.6666666666665,6144,-1.6774818360805512,0.0029438206,0.0,0.0003,9430,-0.004580934997648001,409.0643615722656,0.3,0.7981205582618713,802.1836181640625
25,1023,6,200.0,2492.8125,6400,-1.7013829827308655,0.021854416,0.03671875,0.0003,9440,-0.012180810468271375,304.0126953125,0.3,0.8142375946044922,682.825326538086
26,1024,6,200.0,2496.3636363636365,6656,-1.6766397953033447,0.011636072,0.002734375,0.0003,9450,-0.008714356960263103,353.873291015625,0.3,0.7760929465293884,809.9959838867187
27,1025,6,200.0,2499.1176470588234,6912,-1.6371757924556731,0.01409559,0.019921875,0.0003,9460,-0.006002099462784826,524.6044311523438,0.3,0.744613528251648,955.4243774414062
28,1020,7,200.0,2495.1428571428573,7168,-1.632774257659912,0.009553586,0.000390625,0.0003,9470,-0.006013445975258947,336.42138671875,0.3,0.8158434629440308,703.7036651611328
29,1019,7,200.0,2494.054054054054,7424,-1.6743511795997619,0.0025911643,0.0,0.0003,9480,9.548193775117397e-05,457.9367980957031,0.3,0.6842973232269287,1075.5468444824219
30,1014,7,200.0,2490.2631578947367,7680,-1.6604321539402007,0.008278791,0.000390625,0.0003,9490,-0.008528444659896195,690.1864013671875,0.3,0.5671465396881104,1600.1791015625
31,1001,7,200.0,2493.3333333333335,7936,-1.6282920062541961,0.010050393,0.00078125,0.0003,9500,-0.006328241189476102,427.40728759765625,0.3,0.8004289865493774,846.1416198730469
32,998,8,200.0,2483.75,8192,-1.5650656282901765,0.012504469,0.0421875,0.0003,9510,-0.007546161068603396,421.6641845703125,0.3,0.7722699642181396,787.5636108398437
33,994,8,200.0,2483.5714285714284,8448,-1.520841157436371,0.002365133,0.0,0.0003,9520,-0.004371380154043436,406.9940185546875,0.3,0.822873592376709,827.734033203125
34,991,8,200.0,2481.3953488372094,8704,-1.5082501530647279,0.005012232,0.00390625,0.0003,9530,-0.0033809680957347155,501.2073669433594,0.3,0.7135472297668457,982.8376098632813
35,986,9,200.0,2479.318181818182,8960,-1.5211435437202454,0.0065014972,0.0,0.0003,9540,-0.006124639650806785,532.0835571289062,0.3,0.7546401023864746,896.1125701904297
36,985,9,200.0,2479.782608695652,9216,-1.6295500874519349,0.020546941,0.013671875,0.0003,9550,-0.00777582994196564,480.7547912597656,0.3,0.7351493835449219,990.9347351074218
37,985,9,200.0,2471.9148936170213,9472,-1.5942581951618195,0.014582999,0.005078125,0.0003,9560,-0.009670897666364909,518.1736450195312,0.3,0.6978141069412231,1166.548129272461
38,986,9,200.0,2464.375,9728,-1.6149415731430055,0.0040493207,0.0,0.0003,9570,-0.004187653097324074,359.77203369140625,0.3,0.7293301224708557,940.837255859375
39,986,10,200.0,2457.1428571428573,9984,-1.5873347222805023,0.010924347,0.007421875,0.0003,9580,-0.010240992857143283,370.4835205078125,0.3,0.8261836767196655,730.2742553710938
40,987,10,200.0,2454.5098039215686,10240,-1.6754259943962098,0.0040487144,0.0,0.0003,9590,-0.003021723544225097,426.1590576171875,0.3,0.8074233531951904,744.9523498535157
1,1327,0,200.0,2110.0,256,-1.6557457864284515,0.008103039,0.00703125,0.0003,9600,-0.006735494919121265,656.13232421875,0.3,0.5842323303222656,1520.565362548828
2,1150,0,200.0,2250.0,512,-0.587783831357956,0.00917496,0.0296875,0.0003,9610,-0.004212432587519288,363.8821105957031,0.3,0.7276489734649658,1040.205892944336
3,1100,0,200.0,2296.6666666666665,768,-0.5521417915821075,0.019537713,0.048046875,0.0003,9620,-0.00920876085292548,545.9880981445312,0.3,0.7333470582962036,1043.9798278808594
4,1044,0,200.0,2270.0,1024,-0.5882969379425049,0.03274311,0.07421875,0.0003,9630,-0.009637888940051197,255.76663208007812,0.3,0.7911937236785889,733.2440841674804
5,1034,1,200.0,2365.0,1280,-0.6302876859903336,0.005547297,0.0109375,0.0003,9640,-0.0026884432765655218,473.2685852050781,0.3,0.7254020571708679,1166.9142669677735
6,1030,1,200.0,2362.8571428571427,1536,-0.5376018777489662,0.020241078,0.032421875,0.0003,9650,-0.007250139839015901,271.6346740722656,0.3,0.8541108965873718,632.6985595703125
7,1031,1,200.0,2393.75,1792,-0.5750720530748368,0.0073046787,0.042578125,0.0003,9660,-0.0020483941305428745,276.1444091796875,0.3,0.8469576835632324,576.2494400024414
8,1028,1,200.0,2457.0,2048,-0.5562860906124115,0.037366822,0.10390625,0.0003,9670,-0.00831671808846295,188.9832305908203,0.3,0.8526065945625305,501.2993896484375
9,1029,2,200.0,2469.090909090909,2304,-0.5136452853679657,0.027757768,0.093359375,0.0003,9680,-0.01817560843192041,394.67169189453125,0.3,0.8029642105102539,680.7832778930664
10,1031,2,200.0,2459.1666666666665,2560,-0.5529203936457634,0.006425677,0.01328125,0.0003,9690,-0.0036875458899885416,231.51100158691406,0.3,0.8378462791442871,548.1532028198242
11,1029,2,200.0,2397.8571428571427,2816,-0.5975114494562149,0.036229312,0.08046875,0.0003,9700,-0.013368291757069528,281.4270324707031,0.3,0.8192692995071411,689.2377960205079
12,1029,2,200.0,2380.0,3072,-0.6182358711957932,0.012497194,0.045703125,0.0003,9710,-0.0072699724696576595,866.2647705078125,0.3,0.5520578622817993,1786.6551330566406
13,1029,3,200.0,2393.125,3328,-0.57520632147789,0.030639175,0.070703125,0.0003,9720,-0.015491635166108608,381.2806396484375,0.3,0.7677363157272339,835.5888641357421
14,1028,3,200.0,2348.235294117647,3584,-0.6624299079179764,0.019876003,0.071875,0.0003,9730,-0.01218536882661283,350.40533447265625,0.3,0.8298118114471436,790.0469573974609
15,1029,3,200.0,2363.157894736842,3840,-0.5796221345663071,0.025333112,0.100390625,0.0003,9740,-0.011573005304671823,290.18585205078125,0.3,0.8456238508224487,606.2432662963868
16,1027,3,200.0,2364.5,4096,-0.5251305550336838,0.010665642,0.013671875,0.0003,9750,-0.00481527978554368,533.4403686523438,0.3,0.7392728328704834,1036.2712127685547
17,1028,4,200.0,2377.1428571428573,4352,-0.48931340128183365,0.019100737,0.067578125,0.0003,9760,-0.011837381217628718,390.7969665527344,0.3,0.7950209379196167,714.9844650268554
18,1027,4,200.0,2386.086956521739,4608,-0.5360737323760987,0.012161641,0.046484375,0.0003,9770,-0.011571292486041784,481.76666259765625,0.3,0.7174679040908813,1012.6331390380859
19,1027,4,200.0,2394.5833333333335,4864,-0.5078572779893875,0.009706589,0.038671875,0.0003,9780,-0.010870447847992182,385.66632080078125,0.3,0.8266079425811768,752.7883453369141
20,1028,4,200.0,2383.2,5120,-0.5017544463276863,0.040561117,0.08046875,0.0003,9790,-0.011127052176743746,213.8106689453125,0.3,0.8355554342269897,511.1205291748047
21,1029,5,200.0,2364.230769230769,5376,-0.5760873675346374,0.015294587,0.037890625,0.0003,9800,-0.0036599996965378523,410.9207763671875,0.3,0.7969414591789246,822.8111755371094
22,1027,5,200.0,2364.6428571428573,5632,-0.5719616949558258,0.07200641,0.158984375,0.0003,9810,-0.0323660627938807,305.1164245605469,0.3,0.7446919679641724,806.1225524902344
23,1027,5,200.0,2380.689655172414,5888,-0.5432830929756165,0.019982928,0.060546875,0.0003,9820,-0.015065879770554602,379.25408935546875,0.3,0.733695387840271,1118.6815979003907
24,1028,5,200.0,2371.3333333333335,6144,-0.49225370585918427,0.00909893,0.021484375,0.0003,9830,-0.012022280832752585,426.6034240722656,0.3,0.7557742595672607,911.6365631103515
25,1029,6,200.0,2371.25,6400,-0.4444807171821594,0.0024375003,0.0015625,0.0003,9840,-0.002821459691040218,141.77992248535156,0.3,0.8974825143814087,460.92929916381837
26,1029,6,200.0,2361.818181818182,6656,-0.4945731431245804,0.001325404,0.0,0.0003,9850,-0.00014360682107508182,307.4870910644531,0.3,0.7751243114471436,858.9790954589844
27,1029,6,200.0,2355.0,6912,-0.5290921553969383,0.010014577,0.0234375,0.0003,9860,-0.0056828303495422006,461.0292053222656,0.3,0.7503073215484619,1015.520068359375
28,1030,6,200.0,2362.8571428571427,7168,-0.48482991456985475,0.015888806,0.030078125,0.0003,9870,-0.009804642177186906,261.27386474609375,0.3,0.8583106994628906,588.8569244384765
29,1031,7,200.0,2375.135135135135,7424,-0.48329036980867385,0.020221055,0.053515625,0.0003,9880,-0.0061427929904311895,461.0271911621094,0.3,0.7736819386482239,807.5738372802734
30,1031,7,200.0,2374.4736842105262,7680,-0.5083935499191284,0.011388223,0.07265625,0.0003,9890,-0.009338951390236615,370.3431091308594,0.3,0.8402129411697388,622.7671081542969
31,1031,7,200.0,2367.6923076923076,7936,-0.5274318188428879,0.004151863,0.0109375,0.0003,9900,-0.002778199780732393,407.7615051269531,0.3,0.7590821385383606,876.7753875732421
32,1029,7,200.0,2374.25,8192,-0.4489276185631752,0.0031476473,0.00859375,0.0003,9910,-0.0025634374120272695,248.2874298095703,0.3,0.8866375684738159,474.1269012451172
33,1028,8,200.0,2350.714285714286,8448,-0.5118138268589973,0.036903135,0.09296875,0.0003,9920,-0.009378619119524955,349.15753173828125,0.3,0.8092981576919556,660.5002243041993
34,1027,8,200.0,2345.3488372093025,8704,-0.4924058958888054,0.007734849,0.02109375,0.0003,9930,-0.008066139603033661,533.782958984375,0.3,0.6522608995437622,1790.1783660888673
35,1026,8,200.0,2356.3636363636365,8960,-0.5157576680183411,0.013657886,0.025,0.0003,9940,-0.008747896179556847,219.98974609375,0.3,0.7988970279693604,721.6596710205079
36,1024,8,200.0,2361.7391304347825,9216,-0.4677268579602242,0.012779299,0.01640625,0.0003,9950,-0.0018204274936579167,204.86123657226562,0.3,0.9004395604133606,380.5445732116699
37,1023,9,200.0,2367.446808510638,9472,-0.4890167981386185,0.014778029,0.059765625,0.0003,9960,-0.011154350312426686,372.9299011230469,0.3,0.7813100814819336,786.5188430786133
38,1023,9,200.0,2367.9166666666665,9728,-0.4737569585442543,0.02805803,0.0765625,0.0003,9970,-0.010528664547018706,420.1041259765625,0.3,0.7805238366127014,850.1563385009765
39,1024,9,200.0,2367.3469387755104,9984,-0.4818214654922485,0.014224721,0.028125,0.0003,9980,-0.007843331806361676,445.41595458984375,0.3,0.7329548001289368,932.0402374267578
40,1024,9,200.0,2361.9607843137255,10240,-0.6296434342861176,0.028131776,0.04921875,0.0003,9990,-0.008741919090971351,502.63043212890625,0.3,0.7797370553016663,969.7259185791015
1,1314,0,200.0,2590.0,256,-0.5244310542941093,0.015068176,0.03671875,0.0003,10000,-0.011188740422949196,326.2022705078125,0.3,0.8028166890144348,694.204135131836
2,1164,0,200.0,2335.0,512,-1.7513868689537049,0.004879707,0.0,0.0003,9610,-0.00870736591750756,641.1348266601562,0.3,0.6666231155395508,1373.12412109375
3,1111,0,200.0,2420.0,768,-1.6460644900798798,0.01260251,0.008984375,0.0003,9620,-0.009363421751186252,345.4676208496094,0.3,0.8613938093185425,624.5040893554688
4,1089,0,200.0,2286.0,1024,-1.5873058140277863,0.010120537,0.00234375,0.0003,9630,-0.008751544263213873,433.1099548339844,0.3,0.768852949142456,888.8514465332031
5,1064,1,200.0,2175.0,1280,-1.5730417966842651,0.0015312699,0.0,0.0003,9640,-0.0021550928708165885,352.2442932128906,0.3,0.7902752161026001,720.4740356445312
6,1054,1,200.0,2202.8571428571427,1536,-1.5991531014442444,0.0064820405,0.0,0.0003,9650,-0.005838453397154808,495.2349853515625,0.3,0.7116183042526245,1134.5558715820312
7,1052,1,200.0,2226.25,1792,-1.6789764404296874,0.0049944036,0.000390625,0.0003,9660,-0.005402151891030371,370.1305236816406,0.3,0.7783772349357605,915.9097686767578
8,1048,1,200.0,2275.0,2048,-1.7042826056480407,0.014833333,0.00703125,0.0003,9670,-0.008907140116207302,681.880615234375,0.3,0.711945652961731,1076.9930908203125
9,1046,2,200.0,2307.2727272727275,2304,-1.742005169391632,0.033478238,0.05546875,0.0003,9680,-0.01659428458660841,447.07745361328125,0.3,0.790874719619751,879.391488647461
10,1041,2,200.0,2334.1666666666665,2560,-1.7107446849346162,0.019429907,0.01171875,0.0003,9690,-0.007985705346800386,482.60009765625,0.3,0.7143911719322205,1065.7863891601562
11,1033,2,200.0,2352.8571428571427,2816,-1.7146591663360595,0.011199374,0.003125,0.0003,9700,-0.0064141706796363,744.299560546875,0.3,0.61811363697052,1407.4337463378906
12,1033,2,200.0,2368.6666666666665,3072,-1.7370725452899933,0.0033678866,0.0,0.0003,9710,-0.006216292083263397,557.2315673828125,0.3,0.7554595470428467,890.3488800048829
13,1029,3,200.0,2383.125,3328,-1.6974300920963288,0.010019554,0.002734375,0.0003,9720,-0.007635491783730686,345.00439453125,0.3,0.8411781787872314,601.5587371826172
14,1029,3,200.0,2393.529411764706,3584,-1.7464539349079131,0.014494488,0.016796875,0.0003,9730,-0.007486525410786271,335.8937683105469,0.3,0.8095251321792603,758.8933288574219
15,1028,3,200.0,2426.842105263158,3840,-1.8127161026000977,0.011518033,0.014453125,0.0003,9740,-0.010378048336133362,337.2356262207031,0.3,0.715016782283783,928.2210296630859
16,1028,3,200.0,2425.0,4096,-1.7641636669635772,0.012832072,0.01015625,0.0003,9750,-0.006319454894401133,294.80963134765625,0.3,0.8360350728034973,583.622689819336
17,1027,4,200.0,2444.285714285714,4352,-1.7607896268367766,0.0036248863,0.0,0.0003,9760,-0.002812715619802475,637.9154663085938,0.3,0.7196204662322998,1028.3540924072265
18,1029,4,200.0,2449.1304347826085,4608,-1.73838352560997,0.009608705,0.00078125,0.0003,9770,-0.01011077854782343,341.9078063964844,0.3,0.8089560866355896,739.6779022216797
19,1029,4,200.0,2465.0,4864,-1.7665511310100555,0.0049594296,0.0,0.0003,9780,-0.004719424317590893,615.6705932617188,0.3,0.7000371217727661,1060.2443786621093
20,1027,4,200.0,2471.6,5120,-1.7779619574546814,0.0054723416,0.001171875,0.0003,9790,-0.003715588804334402,363.5136413574219,0.3,0.8381731510162354,702.9224792480469
21,1024,5,200.0,2468.4615384615386,5376,-1.7691857814788818,0.038120702,0.083203125,0.0003,9800,-0.021218780195340514,416.07977294921875,0.3,0.6843180656433105,1062.897021484375
22,1025,5,200.0,2460.0,5632,-1.7995894789695739,0.007202554,0.0,0.0003,9810,-0.007189034391194582,447.5172119140625,0.3,0.7092307806015015,931.1241149902344
23,1025,5,200.0,2448.6206896551726,5888,-1.677582597732544,0.022125535,0.02578125,0.0003,9820,-0.013647560635581613,284.1106872558594,0.3,0.8209443688392639,649.211408996582
24,1024,5,200.0,2446.0,6144,-1.7141228854656219,0.0011149677,0.0,0.0003,9830,0.00031106602400541303,418.88800048828125,0.3,0.7049262523651123,1035.4358612060546
25,1023,6,200.0,2449.375,6400,-1.6429964184761048,0.003775611,0.0,0.0003,9840,-0.00889402856118977,389.96929931640625,0.3,0.788276731967926,819.48369140625
26,1023,6,200.0,2439.090909090909,6656,-1.5777540445327758,0.005810478,0.001171875,0.0003,9850,-0.002758658572565764,710.7587280273438,0.3,0.6688959002494812,1230.6024322509766
27,1023,6,200.0,2443.823529411765,6912,-1.6895541310310365,0.004241242,0.000390625,0.0003,9860,-0.004761982196941972,244.1702880859375,0.3,0.8471722602844238,654.9579879760743
28,1023,7,200.0,2441.714285714286,7168,-1.6987450122833252,0.002343404,0.0,0.0003,9870,-0.0029786048457026482,366.40228271484375,0.3,0.7463592886924744,889.2078857421875
29,1023,7,200.0,2437.027027027027,7424,-1.7045455634593965,0.0018801813,0.0,0.0003,9880,-0.003987607290036976,517.465087890625,0.3,0.7378593683242798,1128.375311279297
30,1023,7,200.0,2447.3684210526317,7680,-1.6937055110931396,0.019687619,0.0390625,0.0003,9890,-0.013631855510175228,555.8389282226562,0.3,0.7571203708648682,1111.262255859375
31,1025,7,200.0,2457.1794871794873,7936,-1.7417293965816498,0.0044198786,0.0,0.0003,9900,-0.006678917957469821,329.31488037109375,0.3,0.8097304105758667,747.9651092529297
32,1024,7,200.0,2453.75,8192,-1.7951615750789642,0.02349996,0.075,0.0003,9910,-0.008535390836186707,384.54888916015625,0.3,0.8103816509246826,757.024169921875
33,1021,8,200.0,2460.2380952380954,8448,-1.766811352968216,0.0041657174,0.001953125,0.0003,9920,0.0007411375641822815,722.8786010742188,0.3,0.5548211932182312,1690.0926574707032
34,1021,8,200.0,2457.6744186046512,8704,-1.744123649597168,0.007291171,0.0,0.0003,9930,-0.005027445778250694,376.3738708496094,0.3,0.8294140100479126,706.3078674316406
35,1020,8,200.0,2450.681818181818,8960,-1.6651650369167328,0.011833255,0.01171875,0.0003,9940,-0.00790913957171142,491.6303405761719,0.3,0.6651604771614075,1175.439926147461
36,1020,9,200.0,2463.2608695652175,9216,-1.6561145782470703,0.005360826,0.000390625,0.0003,9950,-0.0031272726133465766,595.5397338867188,0.3,0.7273523807525635,1107.84873046875
37,1019,9,200.0,2465.9574468085107,9472,-1.7026331841945648,0.022840358,0.04140625,0.0003,9960,-0.009063643193803728,489.3457336425781,0.3,0.6374699473381042,1216.2135467529297
38,1019,9,200.0,2468.5416666666665,9728,-1.67684965133667,0.0115402285,0.021484375,0.0003,9970,-0.013193086569663138,349.61102294921875,0.3,0.8439446687698364,586.596549987793
39,1017,9,200.0,2466.938775510204,9984,-1.6781088054180144,0.040686823,0.0734375,0.0003,9980,-0.01853070843499154,293.7921447753906,0.3,0.841332197189331,594.0953842163086
40,1016,10,200.0,2462.3529411764707,10240,-1.7054393410682678,0.013679627,0.0140625,0.0003,9990,-0.0032556710997596384,302.19830322265625,0.3,0.7877905368804932,811.2393920898437
1,1299,0,200.0,2610.0,256,-1.677986204624176,0.0118208155,0.061328125,0.0003,10000,-0.011080385907553137,348.97357177734375,0.3,0.8226144313812256,621.3440078735351
2,1143,0,200.0,2600.0,512,-0.45958336591720583,0.0136044705,0.03125,0.0003,10010,-0.006514008250087499,367.2022705078125,0.3,0.8130894899368286,668.8762390136719
3,1095,0,200.0,2530.0,768,-0.49113062769174576,0.010803096,0.01796875,0.0003,10020,-0.002145515102893114,167.50856018066406,0.3,0.83781898021698,449.15888061523435
4,1078,0,200.0,2566.0,1024,-0.4960946157574654,0.01506293,0.03515625,0.0003,10030,-0.011850372096523643,333.67376708984375,0.3,0.8198844790458679,591.1349716186523
5,1062,1,200.0,2440.0,1280,-0.4681821882724762,0.046580486,0.11171875,0.0003,10040,-0.016142299282364547,579.7867431640625,0.3,0.7078630924224854,1059.500067138672
6,1051,1,200.0,2495.714285714286,1536,-0.49559139609336855,0.013020469,0.05546875,0.0003,10050,-0.00846907466184348,1062.5950927734375,0.3,0.5872307419776917,1958.8350036621093
7,1050,1,200.0,2470.0,1792,-0.4770373269915581,0.0064459527,0.030859375,0.0003,10060,-0.015456072147935629,508.17620849609375,0.3,0.7618051171302795,999.2388885498046
8,1046,1,200.0,2443.0,2048,-0.4886300519108772,0.020299252,0.0671875,0.0003,10070,-0.009836851758882404,645.5966186523438,0.3,0.6997989416122437,1216.120623779297
9,1047,2,200.0,2413.6363636363635,2304,-0.538078224658966,0.023923539,0.07265625,0.0003,10080,-0.011703475005924701,379.0858459472656,0.3,0.7510648369789124,1062.6319519042968
10,1045,2,200.0,2390.0,2560,-0.522310784459114,0.009100922,0.032421875,0.0003,10090,-0.009443787718191743,243.1471710205078,0.3,0.7827242612838745,682.6205963134765
11,1045,2,200.0,2454.285714285714,2816,-0.4308705896139145,0.012314452,0.03125,0.0003,10100,-0.005478008696809411,210.9401092529297,0.3,0.8587616086006165,542.4459915161133
12,1046,2,200.0,2448.0,3072,-0.4369898021221161,0.0095533505,0.09296875,0.0003,10110,-0.014604891976341605,313.4287109375,0.3,0.8015708923339844,724.2874313354492
13,1044,3,200.0,2456.875,3328,-0.46362981498241423,0.018502459,0.045703125,0.0003,10120,-0.00523728474508971,286.9160461425781,0.3,0.8287215232849121,595.0409439086914
14,1044,3,200.0,2434.705882352941,3584,-0.456292998790741,0.02340668,0.080859375,0.0003,10130,-0.02041322272270918,187.35162353515625,0.3,0.8981383442878723,338.7280876159668
15,1044,3,200.0,2398.4210526315787,3840,-0.4555541679263115,0.02373251,0.0234375,0.0003,10140,-0.009994123224169016,1070.128173828125,0.3,0.5855546593666077,2053.549462890625
16,1043,3,200.0,2408.0,4096,-0.46588056832551955,0.007398654,0.012890625,0.0003,10150,-0.00599958545062691,238.71214294433594,0.3,0.8446718454360962,626.3066482543945
17,1043,4,200.0,2395.714285714286,4352,-0.43039933294057847,0.012981255,0.04765625,0.0003,10160,-0.009991514729335904,234.4151611328125,0.3,0.8812580704689026,406.0845153808594
18,1040,4,200.0,2413.478260869565,4608,-0.3643650084733963,0.022432765,0.033203125,0.0003,10170,-0.008250974584370852,602.546630859375,0.3,0.7132997512817383,1067.0707656860352
19,1038,4,200.0,2420.8333333333335,4864,-0.4045939236879349,0.017041862,0.048828125,0.0003,10180,-0.009196806675754487,245.70748901367188,0.3,0.8399486541748047,605.5666534423829
20,1036,4,200.0,2418.8,5120,-0.382146330177784,0.0055012144,0.00703125,0.0003,10190,-0.0020326591795310376,270.8056640625,0.3,0.8718405365943909,489.76266021728514
21,1036,5,200.0,2406.923076923077,5376,-0.37448068559169767,0.029927552,0.0546875,0.0003,10200,-0.008221258339472116,312.8744812011719,0.3,0.8217485547065735,589.7555541992188
22,1025,5,200.0,2413.214285714286,5632,-0.44099245220422745,0.029133257,0.054296875,0.0003,10210,-0.012739290622994304,148.7841796875,0.3,0.9048736691474915,384.83986206054686
23,1023,5,200.0,2411.7241379310344,5888,-0.38998748660087584,0.0055670734,0.013671875,0.0003,10220,-0.0023904411937110126,280.502197265625,0.3,0.710153341293335,994.4199005126953
24,1020,6,200.0,2416.6666666666665,6144,-0.3891475096344948,0.051549233,0.0515625,0.0003,10230,-0.013631761097349227,488.85736083984375,0.3,0.7141534090042114,1027.5416259765625
25,1017,6,200.0,2420.0,6400,-0.46132315546274183,0.048105992,0.058984375,0.0003,10240,-0.01625210647471249,497.1272277832031,0.3,0.727411150932312,1190.9201873779298
26,1015,6,200.0,2417.878787878788,6656,-0.4999600753188133,0.023329664,0.05,0.0003,10250,-0.011447965091792866,170.279052734375,0.3,0.8843643069267273,417.3250022888184
27,1012,6,200.0,2407.9411764705883,6912,-0.4639693647623062,0.11388901,0.153125,0.0003,10260,-0.0282338434131816,129.8717803955078,0.3,0.8935360312461853,357.85486221313477
28,1011,7,200.0,2414.285714285714,7168,-0.45990110039710996,0.0022007013,0.0046875,0.0003,10270,-0.003099205601029098,461.70562744140625,0.3,0.6735615730285645,1210.1578063964844
29,1009,7,200.0,2430.2702702702704,7424,-0.46391397565603254,0.024967622,0.053125,0.0003,10280,-0.008149294753093273,281.5358581542969,0.3,0.8252509236335754,630.3648513793945
30,1007,7,200.0,2435.0,7680,-0.49533397406339646,0.008721484,0.05546875,0.0003,10290,-0.00650008914526552,220.0735321044922,0.3,0.8692773580551147,424.46788635253904
31,1006,7,200.0,2445.128205128205,7936,-0.437196084856987,0.046393592,0.118359375,0.0003,10300,-0.021510855003725737,182.9207305908203,0.3,0.8421172499656677,519.9184326171875
32,1007,8,200.0,2442.75,8192,-0.4389949575066566,0.0108257495,0.042578125,0.0003,10310,-0.007338605006225407,147.55577087402344,0.3,0.9204813241958618,287.33323364257814
33,1007,8,200.0,2445.4761904761904,8448,-0.41420294493436816,0.010341618,0.01796875,0.0003,10320,-0.00535143818706274,128.2555389404297,0.3,0.881632924079895,393.5714538574219
34,1006,8,200.0,2437.6744186046512,8704,-0.4822246342897415,0.00639472,0.0109375,0.0003,10330,-0.003499447088688612,955.1055297851562,0.3,0.6425963044166565,1486.7750549316406
35,1007,8,200.0,2429.318181818182,8960,-0.4383278593420982,0.005654198,0.017578125,0.0003,10340,-0.009241944854147732,557.6360473632812,0.3,0.7159097194671631,1063.3808898925781
36,1007,9,200.0,2442.391304347826,9216,-0.43307316303253174,0.008557281,0.024609375,0.0003,10350,-0.008252181950956583,470.68017578125,0.3,0.7489255666732788,1038.7242797851563
37,1008,9,200.0,2441.276595744681,9472,-0.41045900583267214,0.008654008,0.017578125,0.0003,10360,-0.0041270899586379525,351.21185302734375,0.3,0.7363253831863403,932.9042175292968
38,1008,9,200.0,2440.2083333333335,9728,-0.47923521846532824,0.006175018,0.005859375,0.0003,10370,-0.002111279871314764,406.3612365722656,0.3,0.7451800107955933,927.7367919921875
39,1008,9,200.0,2438.3673469387754,9984,-0.49376495778560636,0.017004663,0.03359375,0.0003,10380,-0.005615895497612655,513.4105834960938,0.3,0.6365451812744141,1352.2726348876954
40,1009,10,200.0,2449.0196078431372,10240,-0.46105577647686,0.0024998507,0.001953125,0.0003,10390,-0.0024543476523831488,175.94378662109375,0.3,0.8981134295463562,513.7384628295898
1,1307,0,200.0,2110.0,256,-0.46172689348459245,0.037918285,0.067578125,0.0003,10400,-0.012965614791028202,224.42141723632812,0.3,0.8645390272140503,493.749658203125
2,1135,0,200.0,2235.0,512,-1.7312066733837128,0.013586263,0.003515625,0.0003,10010,-0.013559065060690045,319.4289245605469,0.3,0.7965059876441956,727.7032104492188
3,1085,0,200.0,2116.6666666666665,768,-1.6704241156578064,0.013048849,0.003515625,0.0003,10020,-0.011226400313898922,332.4031066894531,0.3,0.7823396921157837,739.3686676025391
4,1062,0,200.0,2096.0,1024,-1.6789862155914306,0.006898143,0.0,0.0003,10030,0.000265326420776546,769.1943969726562,0.3,0.49952661991119385,2456.6151611328123
5,1053,1,200.0,2098.3333333333335,1280,-1.6337734639644623,0.002454254,0.0,0.0003,10040,-0.004391983570531011,257.6280517578125,0.3,0.7942013740539551,791.1623992919922
6,1047,1,200.0,2134.285714285714,1536,-1.6966546535491944,0.006475574,0.0,0.0003,10050,-0.0034246476250700654,334.5960998535156,0.3,0.7115707397460938,915.7680267333984
7,1039,1,200.0,2136.25,1792,-1.6839374721050262,0.013863537,0.007421875,0.0003,10060,-0.006902266596443951,225.6154327392578,0.3,0.8766544461250305,490.2222366333008
8,1035,1,200.0,2102.0,2048,-1.6560659229755401,0.010433192,0.00625,0.0003,10070,0.001952502503991127,562.2557373046875,0.3,0.6174367666244507,1448.8928100585938
9,1034,2,200.0,2102.7272727272725,2304,-1.689462846517563,0.009447521,0.002734375,0.0003,10080,-0.00768488640896976,449.2929992675781,0.3,0.7697203159332275,959.0139678955078
10,1034,2,200.0,2163.3333333333335,2560,-1.6164971232414245,0.020913515,0.065234375,0.0003,10090,-0.0094358928501606,324.9706726074219,0.3,0.8067402243614197,670.1192413330078
11,1031,2,200.0,2208.5714285714284,2816,-1.6465830743312835,0.013624681,0.006640625,0.0003,10100,-0.0007733955048024654,339.228271484375,0.3,0.8634650707244873,679.1931823730469
12,1031,2,200.0,2218.6666666666665,3072,-1.652391403913498,0.008718787,0.001171875,0.0003,10110,-0.003428178350441158,412.15313720703125,0.3,0.7830623388290405,746.9852127075195
13,1027,3,200.0,2228.125,3328,-1.5311621069908141,0.027965937,0.139453125,0.0003,10120,-0.013646836439147592,702.6347045898438,0.3,0.6643092632293701,1201.9744720458984
14,1028,3,200.0,2250.5882352941176,3584,-1.6300460040569305,0.033201568,0.0734375,0.0003,10130,-0.008755628205835819,361.9562683105469,0.3,0.7465858459472656,892.1516998291015
15,1028,3,200.0,2273.684210526316,3840,-1.6106520771980286,0.014679027,0.0125,0.0003,10140,-0.011734262807294726,432.08807373046875,0.3,0.7835932374000549,885.4173522949219
16,1027,3,200.0,2266.5,4096,-1.6986739873886108,0.032651976,0.078125,0.0003,10150,-0.006150528637226671,389.1774597167969,0.3,0.7936400771141052,704.5416625976562
17,1028,4,200.0,2281.904761904762,4352,-1.6854515552520752,0.021392427,0.02890625,0.0003,10160,-0.011824276740662753,351.3647155761719,0.3,0.8279941082000732,603.5110153198242
18,1026,4,200.0,2289.1304347826085,4608,-1.7033691585063935,0.009693123,0.0015625,0.0003,10170,-0.0028049613465555012,251.86007690429688,0.3,0.8734090328216553,499.06871032714844
19,1025,4,200.0,2260.0,4864,-1.7180310606956481,0.013891142,0.005078125,0.0003,10180,-0.005519544519484043,852.53662109375,0.3,0.5383190512657166,1858.411474609375
20,1025,4,200.0,2255.6,5120,-1.7741681039333344,0.0046707494,0.0,0.0003,10190,-0.008018610044382512,1120.0277099609375,0.3,0.49136435985565186,2151.621893310547
21,1024,5,200.0,2269.230769230769,5376,-1.7198172986507416,0.0017386442,0.0,0.0003,10200,-0.0016307751880958675,472.5352478027344,0.3,0.7130105495452881,1219.6270446777344
22,1023,5,200.0,2275.714285714286,5632,-1.715127408504486,0.015458448,0.019140625,0.0003,10210,-0.009761078702285885,391.7893371582031,0.3,0.7924702167510986,833.7651153564453
23,1021,5,200.0,2286.551724137931,5888,-1.692854779958725,0.002992753,0.001171875,0.0003,10220,-0.0022347383201122284,453.2289123535156,0.3,0.7207376956939697,928.3121459960937
24,1020,6,200.0,2288.6666666666665,6144,-1.7108336448669434,0.019681463,0.03828125,0.0003,10230,-0.01530438121408224,218.58067321777344,0.3,0.8535888195037842,471.2018585205078
25,1019,6,200.0,2294.375,6400,-1.8295313477516175,0.01277411,0.011328125,0.0003,10240,-0.00651110983453691,307.39501953125,0.3,0.8191385269165039,671.0899200439453
26,1019,6,200.0,2297.2727272727275,6656,-1.8104150772094727,0.0031486049,0.0,0.0003,10250,-0.0029831461142748594,589.450927734375,0.3,0.6709831953048706,1288.6528381347657
27,1020,6,200.0,2299.4117647058824,6912,-1.785724014043808,0.015771514,0.006640625,0.0003,10260,-0.015635653492063285,371.9388427734375,0.3,0.7178282737731934,1038.5660736083985
28,1021,7,200.0,2307.714285714286,7168,-1.7489704132080077,0.01228569,0.018359375,0.0003,10270,-0.004515098128467798,351.5367126464844,0.3,0.8337304592132568,615.1434875488281
29,1021,7,200.0,2312.162162162162,7424,-1.7745950102806092,0.0047861794,0.0,0.0003,10280,-0.005172059102915227,250.9686279296875,0.3,0.8463010787963867,635.2054077148438
30,1022,7,200.0,2319.4736842105262,7680,-1.760530686378479,0.00092462124,0.0,0.0003,10290,-0.0014212400186806918,682.7552490234375,0.3,0.642262876033783,1444.25146484375
31,1023,7,200.0,2320.5128205128203,7936,-1.725267916917801,0.010051308,0.01015625,0.0003,10300,-0.007469211099669337,493.0339660644531,0.3,0.708170473575592,1038.0502227783204
32,1021,8,200.0,2327.25,8192,-1.6751918852329255,0.020242551,0.046875,0.0003,10310,-0.013952070381492376,619.5460205078125,0.3,0.7652822136878967,916.8109329223632
33,1020,8,200.0,2334.5238095238096,8448,-1.7859565436840057,0.026853658,0.026171875,0.0003,10320,-0.012126645632088184,365.1731262207031,0.3,0.7614453434944153,881.5747039794921
34,1021,8,200.0,2340.4651162790697,8704,-1.8594801306724549,0.012737371,0.001953125,0.0003,10330,-0.012862869305536151,415.7010192871094,0.3,0.7887142896652222,831.9808959960938
35,1021,8,200.0,2335.681818181818,8960,-1.8055130302906037,0.031555235,0.08671875,0.0003,10340,-0.024702826514840126,298.233642578125,0.3,0.844902515411377,529.934115600586
36,1021,9,200.0,2341.521739130435,9216,-1.7004356145858766,0.0075156395,0.0,0.0003,10350,-0.004972110921517015,342.5951232910156,0.3,0.7976078987121582,750.0367721557617
37,1021,9,200.0,2347.659574468085,9472,-1.6816771745681762,0.0061009494,0.001953125,0.0003,10360,-0.0069394230376929045,215.3411102294922,0.3,0.8268329501152039,648.14365234375
38,1020,9,200.0,2352.7083333333335,9728,-1.672487235069275,0.0022624186,0.0,0.0003,10370,-0.0028609528089873493,397.81451416015625,0.3,0.7872830629348755,758.1150177001953
39,1021,9,200.0,2357.5510204081634,9984,-1.647140198945999,0.0045790235,0.0,0.0003,10380,-0.0038170304615050554,287.7215881347656,0.3,0.8231304883956909,596.1253097534179
40,1018,10,200.0,2361.9607843137255,10240,-1.6467573642730713,0.0072273174,0.0015625,0.0003,10390,-0.008963752095587552,274.8905334472656,0.3,0.8320932984352112,579.4164474487304
1,1272,0,200.0,2320.0,256,-1.6556833863258362,0.007532093,0.0046875,0.0003,10400,-0.0037735234713181854,349.672607421875,0.3,0.7625203728675842,959.7542266845703
2,1116,0,200.0,2575.0,512,-0.5047279253602028,0.020121831,0.077734375,0.0003,10410,-0.012439090711995959,357.204345703125,0.3,0.7248033285140991,983.6169708251953
3,1070,0,200.0,2593.3333333333335,768,-0.4209174528717995,0.00096829166,0.008984375,0.0003,10420,0.0021823077695444226,224.4130096435547,0.3,0.8844313621520996,515.1811721801757
4,1044,0,200.0,2546.0,1024,-0.4604839161038399,0.042988375,0.138671875,0.0003,10430,-0.012502745212987065,596.1652221679688,0.3,0.6797485947608948,1268.8573333740235
5,1032,1,200.0,2593.3333333333335,1280,-0.4411314129829407,0.02320856,0.06328125,0.0003,10440,-0.007024848111905157,576.3080444335938,0.3,0.6961771249771118,1139.635321044922
6,1030,1,200.0,2561.4285714285716,1536,-0.4424060061573982,0.011256134,0.0375,0.0003,10450,-0.008849875093437732,118.2046890258789,0.3,0.8956881165504456,382.7317718505859
7,1027,1,200.0,2566.25,1792,-0.4583575651049614,0.012551978,0.03515625,0.0003,10460,-0.005976396286860109,266.7290344238281,0.3,0.8521367311477661,495.05678405761716
8,1026,1,200.0,2577.0,2048,-0.4739509239792824,0.018775595,0.084375,0.0003,10470,-0.019872520677745344,303.632080078125,0.3,0.806790828704834,748.5357513427734
9,1026,2,200.0,2580.0,2304,-0.5395848661661148,0.0104559185,0.036328125,0.0003,10480,-0.007766202744096518,1023.5744018554688,0.3,0.6104212403297424,1500.1950256347657
10,1027,2,200.0,2600.8333333333335,2560,-0.459893935918808,0.007411789,0.015625,0.0003,10490,-0.004054258437827229,208.0445556640625,0.3,0.8716658353805542,503.0076599121094
11,1028,2,200.0,2600.0,2816,-0.47236112505197525,0.030912578,0.06875,0.0003,10500,-0.012524618324823678,257.0979309082031,0.3,0.8534895181655884,512.3139053344727
12,1028,2,200.0,2602.0,3072,-0.5151174172759057,0.01328713,0.02734375,0.0003,10510,-0.011536589125171304,607.969482421875,0.3,0.6663461923599243,1399.3992828369142
13,1027,3,200.0,2603.75,3328,-0.4597622260451317,0.033426132,0.056640625,0.0003,10520,-0.012053652643226087,247.60411071777344,0.3,0.8060266971588135,727.5506225585938
14,1026,3,200.0,2602.9411764705883,3584,-0.5275806918740272,0.012964452,0.029296875,0.0003,10530,-0.0028447166550904512,305.64031982421875,0.3,0.7946321964263916,701.7060195922852
15,1023,3,200.0,2603.684210526316,3840,-0.5055665984749794,0.013762899,0.019140625,0.0003,10540,-0.003894600365310907,130.71469116210938,0.3,0.887897789478302,368.947444152832
16,1023,4,200.0,2603.5,4096,-0.48952312469482423,0.021912344,0.044921875,0.0003,10550,-0.01243307334370911,385.4430236816406,0.3,0.7855390906333923,759.1370849609375
17,1024,4,200.0,2603.3333333333335,4352,-0.5806956231594086,0.024436109,0.0828125,0.0003,10560,-0.0161835384555161,252.9483642578125,0.3,0.8398829102516174,594.7314193725585
18,1024,4,200.0,2603.913043478261,4608,-0.49507115185260775,0.004066846,0.010546875,0.0003,10570,-0.0007375607267022133,192.0145263671875,0.3,0.8656039834022522,467.55025482177734
19,1022,4,200.0,2572.0833333333335,4864,-0.5371035099029541,0.03683921,0.037109375,0.0003,10580,-0.013295624568127096,311.7130126953125,0.3,0.8043185472488403,770.2585632324219
20,1022,5,200.0,2564.8,5120,-0.6382471829652786,0.067381665,0.113671875,0.0003,10590,-0.029928938066586853,481.70123291015625,0.3,0.6287041902542114,1451.2837677001953
21,1022,5,200.0,2565.769230769231,5376,-0.4895088568329811,0.0063866694,0.00859375,0.0003,10600,-0.009327084850519895,429.0537109375,0.3,0.772315263748169,879.6305419921875
22,1021,5,200.0,2576.785714285714,5632,-0.49407973438501357,0.014635766,0.03203125,0.0003,10610,-0.010175246768631041,146.3221435546875,0.3,0.8937479853630066,388.60876541137696
23,1018,5,200.0,2578.6206896551726,5888,-0.46015878915786745,0.007061271,0.011328125,0.0003,10620,-0.003362698946148157,479.9062805175781,0.3,0.7875157594680786,726.8808303833008
24,1018,6,200.0,2579.6666666666665,6144,-0.5398966282606125,0.02142258,0.034765625,0.0003,10630,-0.00761247945483774,657.0425415039062,0.3,0.7115567326545715,1020.3098907470703
25,1019,6,200.0,2573.125,6400,-0.528095243871212,0.008593652,0.01953125,0.0003,10640,-0.0009149348130449653,512.787841796875,0.3,0.6803205609321594,1051.0111602783204
26,1020,6,200.0,2580.909090909091,6656,-0.516258428990841,0.043594398,0.104296875,0.0003,10650,-0.012771153869107366,481.14666748046875,0.3,0.6886614561080933,1172.1902130126953
27,1020,6,200.0,2581.176470588235,6912,-0.568402710556984,0.007954208,0.0453125,0.0003,10660,-0.011137383454479278,149.5217742919922,0.3,0.8855013847351074,421.1060516357422
28,1019,7,200.0,2581.4285714285716,7168,-0.509624981880188,0.039011806,0.121484375,0.0003,10670,-0.02048053774051368,189.83921813964844,0.3,0.8927443027496338,358.5929374694824
29,1018,7,200.0,2576.4864864864867,7424,-0.5033753827214241,0.006973819,0.042578125,0.0003,10680,-0.005297817871905863,147.98094177246094,0.3,0.9121761322021484,335.61826248168944
30,1017,7,200.0,2571.5789473684213,7680,-0.4732676431536674,0.030537197,0.073828125,0.0003,10690,-0.01085521129425615,462.3024597167969,0.3,0.7922793030738831,714.9424911499024
31,1016,7,200.0,2572.051282051282,7936,-0.4902674898505211,0.020892054,0.059765625,0.0003,10700,-0.008741117781028152,233.1964874267578,0.3,0.8356763124465942,562.4434997558594
32,1014,8,200.0,2572.5,8192,-0.48088438212871554,0.0156687,0.0453125,0.0003,10710,-0.008537599770352244,341.4773254394531,0.3,0.8466694355010986,646.1930374145508
33,1012,8,200.0,2565.4761904761904,8448,-0.5228224784135819,0.023883265,0.067578125,0.0003,10720,-0.016343231464270504,207.91490173339844,0.3,0.890335202217102,386.17808227539064
34,1008,8,200.0,2566.279069767442,8704,-0.5706962496042252,0.051852845,0.07109375,0.0003,10730,-0.01567621240392327,1165.3453369140625,0.3,0.4454112648963928,2680.3651733398438
35,1007,8,200.0,2572.7272727272725,8960,-0.5326509103178978,0.015223881,0.06875,0.0003,10740,-0.014828312443569303,209.9486846923828,0.3,0.8733978867530823,449.03393707275393
36,1002,9,200.0,2567.8260869565215,9216,-0.5422906547784805,0.021238666,0.08046875,0.0003,10750,-0.006661001965403557,451.96533203125,0.3,0.7519111633300781,982.4784057617187
37,998,9,200.0,2573.8297872340427,9472,-0.4693951219320297,0.008424759,0.039453125,0.0003,10760,-0.01115763238631189,313.5975646972656,0.3,0.8336967825889587,660.800991821289
38,997,9,200.0,2579.1666666666665,9728,-0.4522300198674202,0.007231302,0.01484375,0.0003,10770,-0.005905794142745435,266.3421936035156,0.3,0.810573160648346,619.9338256835938
39,994,10,200.0,2580.204081632653,9984,-0.45805795341730116,0.028308894,0.04921875,0.0003,10780,-0.014652935648337006,210.00985717773438,0.3,0.8626688718795776,480.4114166259766
40,912,11,200.0,2538.627450980392,10240,-0.6096997112035751,0.009609701,0.052734375,0.0003,10790,0.006672952463850379,565.9276123046875,0.3,0.7931786179542542,1168.8764617919921
1,273,0,200.0,2390.0,256,-0.49529302567243577,0.016677855,0.04296875,0.0003,10800,-0.008543272735551,179.16160583496094,0.3,0.8791406750679016,474.0597579956055
2,242,2,200.0,2510.0,512,-1.5921683251857757,0.004696759,0.00078125,0.0003,10410,-0.005974848987534642,362.1260986328125,0.3,0.7522185444831848,839.6469787597656
3,234,3,200.0,2536.6666666666665,768,-1.6068728506565093,0.02994675,0.05703125,0.0003,10420,-0.01508346344344318,332.0151062011719,0.3,0.7775648236274719,801.4245971679687
4,229,4,200.0,2610.0,1024,-1.5925538420677186,0.014741978,0.00625,0.0003,10430,-0.009349549910984934,254.5270538330078,0.3,0.8358211517333984,574.0153427124023
5,231,5,200.0,2606.6666666666665,1280,-1.6785073697566986,0.017004509,0.026171875,0.0003,10440,-0.008566658757627011,339.1210021972656,0.3,0.7791937589645386,814.6685913085937
6,238,6,200.0,2638.5714285714284,1536,-1.689193743467331,0.0076688724,0.000390625,0.0003,10450,-0.006953696254640818,331.12139892578125,0.3,0.8271744847297668,611.6977752685547
7,237,7,200.0,2632.5,1792,-1.7626612424850463,0.05533429,0.175,0.0003,10460,-0.02760997642762959,144.52078247070312,0.3,0.888616681098938,365.9801216125488
8,235,8,200.0,2672.0,2048,-1.787195724248886,0.01060498,0.009765625,0.0003,10470,-0.009554743580520154,277.0424499511719,0.3,0.8485681414604187,545.8187698364258
9,235,9,200.0,2668.181818181818,2304,-1.8165809154510497,0.015232163,0.021875,0.0003,10480,-0.006627224991098047,227.92616271972656,0.3,0.8151801824569702,646.1844970703125
10,235,10,200.0,2662.5,2560,-1.8087743163108825,0.013218447,0.005078125,0.0003,10490,-0.015892959712073208,250.1259307861328,0.3,0.7644221782684326,859.9080230712891
11,235,11,200.0,2637.8571428571427,2816,-1.7610004186630248,0.012951672,0.00078125,0.0003,10500,-0.01200802952516824,285.98541259765625,0.3,0.8071134686470032,658.5869094848633
12,230,13,200.0,2637.3333333333335,3072,-1.8130326569080353,0.0032292665,0.0,0.0003,10510,0.0008884295588359237,451.6524353027344,0.3,0.6954807043075562,1073.591256713867
13,230,14,200.0,2621.875,3328,-1.7994527101516724,0.011308259,0.003515625,0.0003,10520,-0.014165458362549543,380.7366027832031,0.3,0.804611325263977,714.6428817749023
14,232,15,200.0,2648.235294117647,3584,-1.7165748953819275,0.017438497,0.0171875,0.0003,10530,-0.00768108667107299,311.221435546875,0.3,0.7847834825515747,775.5774658203125
15,232,16,200.0,2655.7894736842104,3840,-1.7462396562099456,0.005844258,0.001171875,0.0003,10540,-0.0055160378105938435,194.4881591796875,0.3,0.8649812340736389,456.5132293701172
16,233,17,200.0,2652.5,4096,-1.7401362299919128,0.009978998,0.009375,0.0003,10550,-0.007527910266071558,425.9649353027344,0.3,0.7525832653045654,851.3759033203125
17,234,18,200.0,2640.0,4352,-1.761228621006012,0.01200017,0.016796875,0.0003,10560,-0.011119884788058698,288.80908203125,0.3,0.8323767185211182,534.2654235839843
18,234,19,200.0,2626.086956521739,4608,-1.8787250161170959,0.0029907685,0.0,0.0003,10570,0.0012237173970788718,671.1214599609375,0.3,0.5216363072395325,1562.1689880371093
19,234,20,200.0,2614.5833333333335,4864,-1.8140693068504334,0.008046246,0.00703125,0.0003,10580,-0.008903741091489791,262.17498779296875,0.3,0.8042615652084351,723.6958038330079
20,234,21,200.0,2613.6,5120,-1.8049107134342193,0.008212853,0.000390625,0.0003,10590,-0.009641045168973506,269.9934387207031,0.3,0.846453070640564,537.1889343261719
21,236,22,200.0,2613.076923076923,5376,-1.7691410601139068,0.016352618,0.034765625,0.0003,10600,-0.014462710078805684,273.9954833984375,0.3,0.8612574934959412,504.6133560180664
22,236,23,200.0,2629.285714285714,5632,-1.6890908837318421,0.011556407,0.007421875,0.0003,10610,-0.011659141629934311,264.3707580566406,0.3,0.8452422022819519,555.9864486694336
23,236,24,200.0,2620.0,5888,-1.630679678916931,0.008750655,0.011328125,0.0003,10620,-0.007286966498941183,296.0702819824219,0.3,0.7884013652801514,755.5467102050782
24,236,25,200.0,2620.3333333333335,6144,-1.5715777039527894,0.0058994377,0.003125,0.0003,10630,-0.007611995143815875,257.5425109863281,0.3,0.8619123101234436,527.835905456543
25,237,26,200.0,2612.1875,6400,-1.4760004341602326,0.010008769,0.01171875,0.0003,10640,-0.00942084975540638,420.73687744140625,0.3,0.7618091106414795,844.9521179199219
26,237,28,200.0,2619.3939393939395,6656,-1.507341557741165,0.0067013633,0.00625,0.0003,10650,-0.00285875778645277,348.442138671875,0.3,0.7325178384780884,1000.3662109375
27,237,29,200.0,2588.235294117647,6912,-1.509400773048401,0.0047416696,0.0,0.0003,10660,-0.003985647577792406,591.1654052734375,0.3,0.6714805364608765,1211.1548278808593
28,237,30,200.0,2595.714285714286,7168,-1.4958992898464203,0.01198674,0.002734375,0.0003,10670,-0.00839160461910069,807.919189453125,0.3,0.5588898658752441,1839.8773986816407
29,237,31,200.0,2601.891891891892,7424,-1.4676028549671174,0.001075834,0.0,0.0003,10680,-0.0014104329980909824,257.9735412597656,0.3,0.864913284778595,612.6965728759766
30,237,32,200.0,2601.5789473684213,7680,-1.5220342874526978,0.020431995,0.053125,0.0003,10690,-0.007557987747713923,284.69671630859375,0.3,0.8030966520309448,664.5470123291016
31,237,33,200.0,2602.3076923076924,7936,-1.5279682219028472,0.008848794,0.007421875,0.0003,10700,-0.008416071091778577,151.97874450683594,0.3,0.9046176671981812,340.2582496643066
32,238,34,200.0,2608.5,8192,-1.5225220024585724,0.004228481,0.001953125,0.0003,10710,-0.008209574781358243,265.9090881347656,0.3,0.8063706755638123,732.3753967285156
33,238,35,200.0,2613.809523809524,8448,-1.539638137817383,0.0195539,0.011328125,0.0003,10720,-0.009838347043842077,259.092529296875,0.3,0.8321902751922607,591.3216430664063
34,238,36,200.0,2612.5581395348836,8704,-1.5514061152935028,0.003595407,0.0,0.0003,10730,0.0017740143463015555,466.0098876953125,0.3,0.6506751179695129,1374.665948486328
35,238,37,200.0,2617.5,8960,-1.5931711435317992,0.0059207072,0.00078125,0.0003,10740,-0.006982926581986249,174.08163452148438,0.3,0.8683762550354004,570.8645812988282
36,238,38,200.0,2632.391304347826,9216,-1.5809632182121276,0.0057309247,0.000390625,0.0003,10750,-0.0033024475444108246,216.89208984375,0.3,0.8846691250801086,386.18284072875974
37,238,39,200.0,2627.2340425531916,9472,-1.6222866475582123,0.009090837,0.003125,0.0003,10760,-0.006684954208321869,252.04351806640625,0.3,0.8081886768341064,687.2031829833984
38,238,40,200.0,2626.875,9728,-1.5591542363166808,0.0033648356,0.002734375,0.0003,10770,-0.002752160397358239,478.1018371582031,0.3,0.7355011701583862,903.6780639648438
39,238,41,200.0,2631.0204081632655,9984,-1.5925850689411163,0.0131845325,0.00859375,0.0003,10780,-0.008348436560481787,335.7444152832031,0.3,0.8623872995376587,502.06961212158205
40,238,42,200.0,2634.5098039215686,10240,-1.4671944677829742,0.025841245,0.191015625,0.0003,10790,-0.023277555732056497,116.132568359375,0.3,0.9128738641738892,292.86085357666013
1,271,0,200.0,2610.0,256,-1.6014771699905395,0.041233774,0.221484375,0.0003,10800,-0.02386991404928267,291.9627990722656,0.3,0.7864002585411072,729.9810516357422
2,247,2,200.0,2720.0,512,-0.4962515741586685,0.020610325,0.066796875,0.0003,10810,-0.010737353807780892,213.19894409179688,0.3,0.8518601655960083,498.4438415527344
3,246,3,200.0,2676.6666666666665,768,-0.48618337512016296,0.006348353,0.029296875,0.0003,10820,-0.008586833765730262,294.84100341796875,0.3,0.8446659445762634,520.3372467041015
4,246,4,200.0,2548.0,1024,-0.4990340515971184,0.01769361,0.058984375,0.0003,10830,-0.011039322125725448,128.16632080078125,0.3,0.8925809264183044,358.07229232788086
5,243,5,200.0,2595.0,1280,-0.5488336265087128,0.010566305,0.033984375,0.0003,10840,-0.00522471284493804,880.1063232421875,0.3,0.6001120805740356,1800.7899230957032
6,243,6,200.0,2600.0,1536,-0.49253997653722764,0.014705806,0.024609375,0.0003,10850,-0.0054298343718983235,173.44187927246094,0.3,0.9117522239685059,340.1875289916992
7,241,7,200.0,2531.25,1792,-0.4929237633943558,0.006050185,0.008203125,0.0003,10860,-0.003016972669865936,856.0481567382812,0.3,0.6134487390518188,1877.1470581054687
8,238,8,200.0,2540.0,2048,-0.44376054108142854,0.0035333454,0.01015625,0.0003,10870,-0.005755598307587206,456.0909118652344,0.3,0.8085448145866394,707.8552185058594
9,239,9,200.0,2539.090909090909,2304,-0.5150001347064972,0.017129902,0.059375,0.0003,10880,-0.01130645521916449,233.98561096191406,0.3,0.8692140579223633,452.84599151611326
10,239,10,200.0,2563.3333333333335,2560,-0.47077191472053526,0.010107197,0.019140625,0.0003,10890,-0.011821507522836328,708.5089111328125,0.3,0.675183892250061,1192.6395416259766
11,238,11,200.0,2601.4285714285716,2816,-0.4393611580133438,0.001169194,0.0,0.0003,10900,-0.0015805831179022789,143.24771118164062,0.3,0.9143624901771545,322.0584060668945
12,238,12,200.0,2616.6666666666665,3072,-0.44768056422472,0.033720553,0.06328125,0.0003,10910,-0.013709095120429993,184.0336151123047,0.3,0.8737272024154663,427.67425537109375
13,238,13,200.0,2616.25,3328,-0.48485825061798093,0.021510612,0.10234375,0.0003,10920,-0.017120018741115926,82.68170928955078,0.3,0.9124273061752319,252.9822883605957
14,240,14,200.0,2615.8823529411766,3584,-0.49835565239191054,0.023360353,0.046875,0.0003,10930,-0.008231740281917154,214.77838134765625,0.3,0.8374453186988831,569.427133178711
15,240,15,200.0,2615.2631578947367,3840,-0.5272434249520301,0.032452814,0.04609375,0.0003,10940,-0.011035468010231853,228.85971069335938,0.3,0.8129402995109558,647.1187896728516
16,240,17,200.0,2614.5,4096,-0.5548007041215897,0.023632338,0.058203125,0.0003,10950,-0.00973530663177371,442.9179382324219,0.3,0.7491387128829956,873.5635604858398
17,242,17,200.0,2615.2380952380954,4352,-0.4772103622555733,0.009480918,0.014453125,0.0003,10960,-0.0034922157879918813,324.67388916015625,0.3,0.8308025002479553,622.5985580444336
18,243,18,200.0,2625.217391304348,4608,-0.49178615808486936,0.012340378,0.026953125,0.0003,10970,-0.005808227928355336,307.8547058105469,0.3,0.7747378349304199,794.71787109375
19,243,19,200.0,2634.5833333333335,4864,-0.5062576934695244,0.022014149,0.08671875,0.0003,10980,-0.009588721161708235,310.3260498046875,0.3,0.7924524545669556,672.6728439331055
20,244,20,200.0,2633.6,5120,-0.504269590973854,0.029323243,0.059375,0.0003,10990,-0.007787448703311384,185.8321533203125,0.3,0.8648480176925659,481.7841567993164
21,244,22,200.0,2623.076923076923,5376,-0.4803015038371086,0.04619816,0.06640625,0.0003,11000,-0.023141915863379835,501.4945373535156,0.3,0.7420754432678223,1050.3328369140625
22,242,23,200.0,2613.5714285714284,5632,-0.5067103683948517,0.017045517,0.03515625,0.0003,11010,-0.00923263030126691,251.10423278808594,0.3,0.790514349937439,735.7911743164062
23,242,24,200.0,2614.137931034483,5888,-0.5264048799872398,0.012366622,0.063671875,0.0003,11020,-0.01450483335647732,370.67681884765625,0.3,0.7701333165168762,802.2740325927734
24,243,25,200.0,2605.0,6144,-0.4990758314728737,0.026265655,0.07890625,0.0003,11030,-0.016516047762706876,300.2400817871094,0.3,0.834854245185852,632.4107604980469
25,243,26,200.0,2604.375,6400,-0.47635245621204375,0.024244472,0.056640625,0.0003,11040,-0.012127593625336885,498.4525451660156,0.3,0.7520056962966919,956.1009826660156
26,243,27,200.0,2611.212121212121,6656,-0.4496764361858368,0.026177801,0.053515625,0.0003,11050,-0.01686627441085875,449.10455322265625,0.3,0.7163013219833374,1088.3880279541015
27,242,28,200.0,2611.764705882353,6912,-0.4671041250228882,0.02411956,0.0515625,0.0003,11060,-0.00874647528398782,120.45022583007812,0.3,0.9081169962882996,349.14524307250974
28,243,29,200.0,2612.285714285714,7168,-0.46390444934368136,0.007577759,0.01171875,0.0003,11070,-0.010038210521452129,469.6521911621094,0.3,0.7714685201644897,827.4384582519531
29,242,30,200.0,2599.189189189189,7424,-0.4225070685148239,0.036865696,0.0625,0.0003,11080,-0.013742436142638325,351.4666748046875,0.3,0.7385890483856201,1051.5413360595703
30,243,31,200.0,2605.2631578947367,7680,-0.5049950048327446,0.024161052,0.046875,0.0003,11090,-0.010714470408856869,498.7101135253906,0.3,0.7189346551895142,1168.4576782226563
31,243,32,200.0,2612.051282051282,7936,-0.43872306048870086,0.018703159,0.041796875,0.0003,11100,-0.015631642006337643,200.72760009765625,0.3,0.8793286085128784,467.84312591552737
32,243,33,200.0,2617.5,8192,-0.4457397356629372,0.026695993,0.0828125,0.0003,11110,-0.013177465461194516,404.0009765625,0.3,0.8112780451774597,643.9629821777344
33,243,34,200.0,2622.8571428571427,8448,-0.4483573615550995,0.012257395,0.079296875,0.0003,11120,-0.008027684118133038,158.4138641357422,0.3,0.9031594395637512,309.9284408569336
34,244,35,200.0,2627.6744186046512,8704,-0.4561241015791893,0.018538201,0.094921875,0.0003,11130,-0.011492293607443572,388.33685302734375,0.3,0.7494509220123291,935.5771728515625
35,244,36,200.0,2627.7272727272725,8960,-0.4182276114821434,0.01165587,0.082421875,0.0003,11140,-0.013017979450523853,144.82705688476562,0.3,0.901208758354187,316.03269653320314
36,244,37,200.0,2627.1739130434785,9216,-0.44698587954044344,0.013906409,0.062890625,0.0003,11150,-0.006721135368570686,331.074462890625,0.3,0.747754693031311,870.6761352539063
37,244,38,200.0,2626.808510638298,9472,-0.5087175339460372,0.0076269587,0.015234375,0.0003,11160,-0.0019919989397749307,755.4708862304688,0.3,0.5958333611488342,1626.2228271484375
38,244,39,200.0,2621.875,9728,-0.4790751293301582,0.009248209,0.033984375,0.0003,11170,-0.01040151361376047,280.48486328125,0.3,0.81264328956604,554.8012847900391
39,243,40,200.0,2621.0204081632655,9984,-0.46053411811590195,0.015175045,0.036328125,0.0003,11180,-0.019720505783334376,477.7761535644531,0.3,0.6805942058563232,1222.0141387939452
40,243,42,200.0,2624.5098039215686,10240,-0.4588433772325516,0.008412126,0.04296875,0.0003,11190,-0.007381904637441039,259.1161193847656,0.3,0.8323280215263367,619.5155426025391
1,301,0,200.0,2630.0,256,-0.4861949935555458,0.026138954,0.091015625,0.0003,11200,-0.012839242978952826,270.30560302734375,0.3,0.8291881084442139,596.9822189331055
2,279,1,200.0,2730.0,512,-1.5687700808048248,0.02824464,0.07421875,0.0003,10810,-0.007205316214822233,623.2611694335938,0.3,0.7303363084793091,928.3809661865234
3,368,2,200.0,2683.3333333333335,768,-1.4714985132217406,0.011742967,0.016015625,0.0003,10820,-0.008320412854664028,214.3143768310547,0.3,0.8857468962669373,399.570783996582
4,434,2,200.0,2646.0,1024,-1.496345442533493,0.019667491,0.026953125,0.0003,10830,-0.00955122143495828,229.97738647460938,0.3,0.8675047755241394,483.1896438598633
5,490,2,200.0,2636.6666666666665,1280,-1.4523031294345856,0.0060201325,0.00546875,0.0003,10840,-0.006300427531823516,237.03451538085938,0.3,0.8576310276985168,481.5702529907227
6,536,2,200.0,2562.8571428571427,1536,-1.6441547214984893,0.023453506,0.0203125,0.0003,10850,-0.004636451369151473,186.51473999023438,0.3,0.9000942707061768,325.2673004150391
7,573,3,200.0,2571.25,1792,-1.5962937355041504,0.007099435,0.000390625,0.0003,10860,-0.005037672445178032,279.41827392578125,0.3,0.6701230406761169,972.8071060180664
8,604,3,200.0,2607.0,2048,-1.6230825543403626,0.0017999357,0.0,0.0003,10870,-0.0030301542836241426,325.4442443847656,0.3,0.7978020906448364,771.5332855224609
9,634,3,200.0,2584.5454545454545,2304,-1.5625096559524536,0.0025844953,0.0,0.0003,10880,-0.0035253995098173617,399.2149658203125,0.3,0.7175946235656738,960.9169769287109
10,660,3,200.0,2588.3333333333335,2560,-1.5773346722126007,0.0034765387,0.0,0.0003,10890,-0.004562619980424643,670.7839965820312,0.3,0.6334365606307983,1364.7169860839845
11,681,4,200.0,2605.714285714286,2816,-1.514613527059555,0.0013018223,0.0,0.0003,10900,-0.003376581892371178,309.6350402832031,0.3,0.7995336651802063,686.6481796264649
12,701,4,200.0,2620.6666666666665,3072,-1.560390192270279,0.0021701565,0.0,0.0003,10910,-0.0025478262919932603,194.5076141357422,0.3,0.8679892420768738,442.99131927490237
13,719,4,200.0,2636.25,3328,-1.5492892742156983,0.018195266,0.03125,0.0003,10920,-0.01149014220573008,212.56846618652344,0.3,0.8826212882995605,403.94825592041013
14,735,4,200.0,2634.705882352941,3584,-1.6507870435714722,0.0062048333,0.0,0.0003,10930,-0.0053832922130823135,527.880859375,0.3,0.717214822769165,1014.0995239257812
15,748,5,200.0,2644.7368421052633,3840,-1.6864956796169281,0.021235716,0.04375,0.0003,10940,-0.011976881278678774,278.48590087890625,0.3,0.7844855785369873,782.8462127685547
16,756,5,200.0,2654.0,4096,-1.6883515238761901,0.003595079,0.001171875,0.0003,10950,-0.005414657341316342,540.771240234375,0.3,0.7149473428726196,909.5596618652344
17,769,5,200.0,2662.3809523809523,4352,-1.6842885076999665,0.005079035,0.001953125,0.0003,10960,-0.005854104273021221,220.94837951660156,0.3,0.8996660709381104,387.23507537841795
18,778,5,200.0,2676.9565217391305,4608,-1.6097512066364288,0.012351358,0.0296875,0.0003,10970,-0.006654220446944237,170.4438934326172,0.3,0.8821636438369751,397.0163879394531
19,786,6,200.0,2683.3333333333335,4864,-1.5601573050022126,0.016175793,0.025390625,0.0003,10980,-0.01141278464347124,276.419677734375,0.3,0.8458610773086548,545.2274383544922
20,795,6,200.0,2670.8,5120,-1.5469857513904572,0.005217208,0.0,0.0003,10990,-0.00582626573741436,175.88168334960938,0.3,0.9034363031387329,313.69049072265625
21,803,6,200.0,2669.230769230769,5376,-1.5799869358539582,0.0054449346,0.00234375,0.0003,11000,-0.0007752867066301405,246.7584228515625,0.3,0.8356214761734009,553.3205917358398
22,811,6,200.0,2672.8571428571427,5632,-1.6261318445205688,0.017656071,0.026953125,0.0003,11010,-0.008637879579328,425.5979309082031,0.3,0.7978112697601318,731.3824508666992
23,808,7,200.0,2678.2758620689656,5888,-1.649525809288025,0.011390734,0.00390625,0.0003,11020,-0.010817325999960303,301.7889709472656,0.3,0.8509328961372375,474.2034065246582
24,815,7,200.0,2684.0,6144,-1.7231344521045684,0.013644902,0.015234375,0.0003,11030,-0.006305137812159955,156.3470001220703,0.3,0.8843405246734619,417.9323791503906
25,818,7,200.0,2685.625,6400,-1.6758806467056275,0.019280951,0.0359375,0.0003,11040,-0.016713446658104657,292.92608642578125,0.3,0.8275115489959717,569.1436630249024
26,823,8,200.0,2690.0,6656,-1.6517019271850586,0.008104647,0.0015625,0.0003,11050,-0.006980675645172596,276.99462890625,0.3,0.8486453294754028,529.5281829833984
27,830,8,200.0,2688.235294117647,6912,-1.654354453086853,0.011791753,0.007421875,0.0003,11060,-0.010537920123897492,173.9073028564453,0.3,0.862362802028656,445.96473541259763
28,836,8,200.0,2692.285714285714,7168,-1.6487446129322052,0.0048894454,0.0,0.0003,11070,-0.005164634482935071,367.8263854980469,0.3,0.7957550883293152,694.9085830688476
29,841,8,200.0,2675.4054054054054,7424,-1.6698652446269988,0.0070062806,0.0015625,0.0003,11080,-0.008897689497098326,192.67726135253906,0.3,0.8488308191299438,540.7095642089844
30,846,9,200.0,2674.2105263157896,7680,-1.696909213066101,0.008480745,0.0,0.0003,11090,-0.008437149575911462,405.4718017578125,0.3,0.7109770774841309,1101.9476135253906
31,848,9,200.0,2678.2051282051284,7936,-1.7433279275894165,0.01537168,0.018359375,0.0003,11100,-0.01514833455439657,291.90850830078125,0.3,0.7548679113388062,849.6160675048828
32,852,9,200.0,2677.0,8192,-1.7187044203281403,0.018138014,0.048046875,0.0003,11110,-0.008753218059428036,160.40838623046875,0.3,0.8637977242469788,434.85311431884764
33,852,9,200.0,2644.5238095238096,8448,-1.7846041202545166,0.022962768,0.0328125,0.0003,11120,-0.013267467194236816,452.82977294921875,0.3,0.7367303371429443,895.515478515625
34,856,10,200.0,2643.4883720930234,8704,-1.8672962367534638,0.0030584522,0.0,0.0003,11130,-3.2098032534122467e-06,755.7437133789062,0.3,0.4896882176399231,2149.8598510742186
35,860,10,200.0,2642.2727272727275,8960,-1.8598225176334382,0.0019713559,0.0,0.0003,11140,-0.002892015303950757,213.6520538330078,0.3,0.8737092018127441,484.4847137451172
36,864,10,200.0,2620.217391304348,9216,-1.7672028124332428,0.014452058,0.017578125,0.0003,11150,-0.015585323330014944,174.3816680908203,0.3,0.8887079358100891,376.2840850830078
37,868,10,200.0,2614.8936170212764,9472,-1.8288801431655883,0.010454511,0.00625,0.0003,11160,0.0019078105688095093,538.5828857421875,0.3,0.5977789163589478,1393.4788330078125
38,872,11,200.0,2609.5833333333335,9728,-1.7996767342090607,0.008139107,0.000390625,0.0003,11170,-0.008514525601640344,253.58815002441406,0.3,0.8357635140419006,594.0441986083985
39,864,11,200.0,2609.387755102041,9984,-1.785706788301468,0.011832172,0.010546875,0.0003,11180,-0.004976718069519848,138.62062072753906,0.3,0.8570239543914795,496.95992279052734
40,868,11,200.0,2603.725490196078,10240,-1.71014763712883,0.008712213,0.012109375,0.0003,11190,-0.00841939584352076,311.6998291015625,0.3,0.8107142448425293,703.2253845214843
1,1313,0,200.0,2350.0,256,-1.6728106558322906,0.0010623606,0.0,0.0003,11200,-0.00208138101734221,463.7059326171875,0.3,0.744171142578125,960.1285827636718
2,1151,0,200.0,2470.0,512,-0.4388976976275444,0.018616175,0.06484375,0.0003,11210,-0.013476906018331647,208.40174865722656,0.3,0.8750307559967041,459.7858581542969
3,1108,0,200.0,2590.0,768,-0.4132568657398224,0.006836836,0.0453125,0.0003,11220,-0.009123968193307519,226.85389709472656,0.3,0.8784159421920776,425.32543487548827
4,1082,0,200.0,2598.0,1024,-0.36074372231960294,0.0340166,0.0640625,0.0003,11230,-0.021337870764546095,135.14549255371094,0.3,0.9187933206558228,287.4075553894043
5,1062,1,200.0,2603.3333333333335,1280,-0.3683060258626938,0.002547061,0.003125,0.0003,11240,-0.0032878008438274263,193.77870178222656,0.3,0.8095563650131226,628.0870315551758
6,1058,1,200.0,2398.5714285714284,1536,-0.3564351871609688,0.0040554646,0.02421875,0.0003,11250,-0.0033483522944152354,266.7811279296875,0.3,0.8070664405822754,690.2485260009765
7,1053,1,200.0,2393.75,1792,-0.4218010395765305,0.004742233,0.009765625,0.0003,11260,-0.006840805150568485,362.36199951171875,0.3,0.7365626096725464,1133.3153121948242
8,1049,1,200.0,2436.0,2048,-0.33397687077522276,0.00092895934,0.0,0.0003,11270,-0.0010860113659873604,383.9198303222656,0.3,0.7993441820144653,806.1588958740234
9,1049,2,200.0,2471.818181818182,2304,-0.3260699868202209,0.013986737,0.049609375,0.0003,11280,-0.0063626812770962715,313.0197448730469,0.3,0.8379620909690857,625.0615890502929
10,1046,2,200.0,2485.0,2560,-0.3437960147857666,0.00990754,0.03828125,0.0003,11290,-0.01354287713766098,142.18087768554688,0.3,0.9203790426254272,276.3365089416504
11,1046,2,200.0,2484.285714285714,2816,-0.3112766191363335,0.009347234,0.0359375,0.0003,11300,-0.008436169964261353,394.197265625,0.3,0.8258846402168274,647.2757705688476
12,1045,2,200.0,2476.6666666666665,3072,-0.31604005843400956,0.008861245,0.030859375,0.0003,11310,-0.00837368897628039,222.17868041992188,0.3,0.8519954681396484,508.0543975830078
13,1046,3,200.0,2485.0,3328,-0.3471372127532959,0.020445377,0.06015625,0.0003,11320,-0.012722532055340708,183.3455352783203,0.3,0.870262861251831,447.78953247070314
14,1048,3,200.0,2378.823529411765,3584,-0.43453199416399,0.0035802522,0.009765625,0.0003,11330,-0.004281455697491765,440.6427001953125,0.3,0.8847025632858276,659.5869766235352
15,1047,3,200.0,2391.5789473684213,3840,-0.4603004649281502,0.03148758,0.08125,0.0003,11340,-0.022103814268484713,106.81197357177734,0.3,0.9510700106620789,269.94040832519534
16,1048,3,200.0,2403.5,4096,-0.33877848982810976,0.012032529,0.021875,0.0003,11350,-0.005072259600274265,470.6833801269531,0.3,0.7542480230331421,990.116162109375
17,1041,4,200.0,2412.3809523809523,4352,-0.310224212706089,0.017892387,0.03828125,0.0003,11360,-0.005282953730784357,251.98765563964844,0.3,0.8562222719192505,486.0950622558594
18,1038,4,200.0,2448.695652173913,4608,-0.35260031223297117,0.025414204,0.055859375,0.0003,11370,-0.012340806052088737,131.91091918945312,0.3,0.9159713387489319,297.37333755493165
19,1038,4,200.0,2456.25,4864,-0.35806293189525606,0.033210743,0.101953125,0.0003,11380,-0.014870949788019061,164.49261474609375,0.3,0.8992414474487305,316.5624694824219
20,1039,4,200.0,2461.6,5120,-0.43668232560157777,0.009565272,0.033203125,0.0003,11390,-0.007130091148428619,515.4625244140625,0.3,0.7646987438201904,860.5905410766602
21,1038,5,200.0,2466.923076923077,5376,-0.4607459381222725,0.017271921,0.046875,0.0003,11400,-0.008420033450238406,93.9259033203125,0.3,0.9101507067680359,324.23069152832034
22,1038,5,200.0,2470.0,5632,-0.4237680330872536,0.024827609,0.076953125,0.0003,11410,-0.01132628887426108,134.6205596923828,0.3,0.8802210092544556,395.5995964050293
23,1039,5,200.0,2482.4137931034484,5888,-0.43876281529664996,0.01920798,0.06015625,0.0003,11420,-0.014030837919563055,558.4144897460938,0.3,0.6838881969451904,1212.3883880615235
24,1039,5,200.0,2487.3333333333335,6144,-0.4199237897992134,0.07206247,0.072265625,0.0003,11430,-0.01678983274032362,206.00778198242188,0.3,0.8961719870567322,412.97967224121095
25,1039,6,200.0,2501.875,6400,-0.37702737003564835,0.007098729,0.012109375,0.0003,11440,-0.0043228637427091595,497.531005859375,0.3,0.8189217448234558,659.9235374450684
26,1040,6,200.0,2512.4242424242425,6656,-0.37759860008955004,0.015485974,0.04765625,0.0003,11450,-0.009858924453146756,241.44334411621094,0.3,0.8551105260848999,512.6483688354492
27,1040,6,200.0,2508.235294117647,6912,-0.3939305812120438,0.009708405,0.0359375,0.0003,11460,-0.011910415953025222,259.6240234375,0.3,0.8019265532493591,677.7395660400391
28,1041,6,200.0,2511.714285714286,7168,-0.39056475311517713,0.005536954,0.01328125,0.0003,11470,-0.0034372572670690717,350.97784423828125,0.3,0.8345016241073608,653.2465774536133
29,1037,7,200.0,2510.2702702702704,7424,-0.38282018452882766,0.004647854,0.009375,0.0003,11480,-0.006750404735794291,780.1854858398438,0.3,0.5812482833862305,1593.1388793945312
30,1036,7,200.0,2512.3684210526317,7680,-0.385571226477623,0.0071439464,0.018359375,0.0003,11490,-0.005006612767465413,540.6555786132812,0.3,0.673959493637085,1341.1140716552734
31,1036,7,200.0,2520.5128205128203,7936,-0.3786015257239342,0.0015742695,0.001171875,0.0003,11500,-0.003386623994447291,112.27845764160156,0.3,0.915863037109375,263.77135009765624
32,1034,7,200.0,2517.25,8192,-0.4229710206389427,0.009062806,0.01953125,0.0003,11510,-0.0064429408637806775,259.85821533203125,0.3,0.8034287095069885,685.7399108886718
33,1032,8,200.0,2516.4285714285716,8448,-0.4674732744693756,0.016485386,0.038671875,0.0003,11520,-0.005932358372956514,275.2295837402344,0.3,0.8067798614501953,727.1240310668945
34,1031,8,200.0,2505.5813953488373,8704,-0.4906905025243759,0.008027833,0.019921875,0.0003,11530,-0.005115765100345016,292.4013671875,0.3,0.7721266746520996,892.4470153808594
35,1030,8,200.0,2512.9545454545455,8960,-0.49710092395544053,0.015452032,0.045703125,0.0003,11540,-0.013530932180583478,755.2169799804688,0.3,0.6624753475189209,1485.9289672851562
36,1029,8,200.0,2510.8695652173915,9216,-0.47009915560483934,0.008342003,0.016015625,0.0003,11550,-0.00981369437649846,431.88360595703125,0.3,0.8237408399581909,653.0835830688477
37,1028,9,200.0,2508.2978723404253,9472,-0.4422003924846649,0.0039880276,0.011328125,0.0003,11560,-0.00483326013199985,340.2683410644531,0.3,0.8348816633224487,621.4855117797852
38,1029,9,200.0,2510.0,9728,-0.4689417064189911,0.0060702846,0.02421875,0.0003,11570,-0.010872220434248448,160.34767150878906,0.3,0.8762421607971191,410.95221252441405
39,1029,9,200.0,2511.6326530612246,9984,-0.5287492707371712,0.015170347,0.048828125,0.0003,11580,-0.012311843549832701,230.4224090576172,0.3,0.8758689761161804,426.853288269043
40,1029,9,200.0,2514.901960784314,10240,-0.4357594832777977,0.014278455,0.033203125,0.0003,11590,-0.010763506591320037,89.88789367675781,0.3,0.923559308052063,247.98280181884766
1,1291,0,200.0,2850.0,256,-0.4978922888636589,0.005941675,0.02421875,0.0003,11600,-0.0056689719436690215,244.0722198486328,0.3,0.8693454265594482,461.50083923339844
2,1178,0,200.0,2125.0,512,-1.7617430806159973,0.0016090013,0.0,0.0003,11210,-0.0016552020097151399,296.63885498046875,0.3,0.8041337132453918,685.2240493774414
3,1113,0,200.0,2283.3333333333335,768,-1.8100223004817964,0.0010745283,0.0,0.0003,11220,-0.0018305351259186864,199.1620330810547,0.3,0.8260616660118103,662.5290466308594
4,1086,0,200.0,2406.0,1024,-1.7573086500167847,0.0028591016,0.00078125,0.0003,11230,-0.002834178414195776,190.38990783691406,0.3,0.83124840259552,588.5332000732421
5,1066,1,200.0,2476.6666666666665,1280,-1.7747459948062896,0.0078987405,0.005859375,0.0003,11240,-0.008149341400712728,240.25701904296875,0.3,0.8656685948371887,459.47313232421874
6,1057,1,200.0,2527.1428571428573,1536,-1.7427982628345489,0.007888305,0.0,0.0003,11250,-0.004434091504663229,131.7134552001953,0.3,0.9084838032722473,361.73228149414064
7,1053,1,200.0,2535.0,1792,-1.7450570940971375,0.0074476106,0.010546875,0.0003,11260,-0.0036831916542723773,101.40506744384766,0.3,0.8951819539070129,321.3972198486328
8,1049,1,200.0,2548.0,2048,-1.714569753408432,0.007974999,0.00703125,0.0003,11270,-0.010322018689475954,279.51348876953125,0.3,0.7934638261795044,720.0308837890625
9,1047,2,200.0,2551.818181818182,2304,-1.6866904139518737,0.0016378115,0.0,0.0003,11280,-0.0033974388614296915,357.7169494628906,0.3,0.8346929550170898,615.8815536499023
10,1048,2,200.0,2536.6666666666665,2560,-1.6698835909366607,0.0046621463,0.00078125,0.0003,11290,-0.005549712339416146,272.2853698730469,0.3,0.8441392183303833,506.26075439453126
11,1045,2,200.0,2547.1428571428573,2816,-1.6912555873394013,0.006869199,0.0,0.0003,11300,-0.005980201624333858,262.538330078125,0.3,0.8518575429916382,537.4279129028321
12,1041,2,200.0,2566.0,3072,-1.6919451296329497,0.021015044,0.03671875,0.0003,11310,-0.015831456612795593,378.33795166015625,0.3,0.7180652022361755,968.2875274658203
13,1040,3,200.0,2555.0,3328,-1.695905828475952,0.00905827,0.005078125,0.0003,11320,-0.005313618248328567,130.7209014892578,0.3,0.9248033761978149,271.2073570251465
14,1038,3,200.0,2571.176470588235,3584,-1.7910762786865235,0.010904219,0.01484375,0.0003,11330,-0.0031186003237962724,522.6492309570312,0.3,0.7070807218551636,1038.3913177490235
15,1037,3,200.0,2562.6315789473683,3840,-1.7195610225200653,0.016540233,0.016015625,0.0003,11340,-0.011305641429498792,232.52880859375,0.3,0.8686410188674927,503.2506927490234
16,1032,3,200.0,2565.0,4096,-1.7457587242126464,0.0051245727,0.003515625,0.0003,11350,-0.0036088405409827828,542.9983520507812,0.3,0.6111096143722534,1146.106268310547
17,1028,4,200.0,2568.095238095238,4352,-1.6482997238636017,0.01588725,0.01796875,0.0003,11360,-0.009810948325321079,279.4477844238281,0.3,0.8460873365402222,539.4278533935546
18,1025,4,200.0,2580.4347826086955,4608,-1.6521125555038452,0.018661473,0.02421875,0.0003,11370,-0.0117134693544358,298.03955078125,0.3,0.8230597972869873,604.5249130249024
19,1023,4,200.0,2561.25,4864,-1.7382803738117218,0.031283155,0.08359375,0.0003,11380,-0.01910022385418415,299.76190185546875,0.3,0.8524047136306763,559.1207153320313
20,1020,5,200.0,2562.4,5120,-1.7718120217323303,0.012005687,0.03984375,0.0003,11390,-0.0026442741043865682,426.34930419921875,0.3,0.6888765096664429,1169.003890991211
21,1020,5,200.0,2565.0,5376,-1.7638411343097686,0.010612075,0.012109375,0.0003,11400,-0.005695644684601575,147.00619506835938,0.3,0.8736032247543335,464.08350524902346
22,1021,5,200.0,2568.214285714286,5632,-1.762352079153061,0.006795693,0.000390625,0.0003,11410,-0.004073173878714443,528.6923217773438,0.3,0.7320248484611511,961.5412322998047
23,1021,5,200.0,2577.2413793103447,5888,-1.725791758298874,0.0063852994,0.0,0.0003,11420,-0.011021950701251625,326.480224609375,0.3,0.8179948329925537,696.7216522216797
24,1021,6,200.0,2585.6666666666665,6144,-1.8095549941062927,0.008511342,0.05234375,0.0003,11430,-0.007576635386794805,206.0342254638672,0.3,0.8669313788414001,447.1124954223633
25,1022,6,200.0,2580.0,6400,-1.7843650460243226,0.01341828,0.016015625,0.0003,11440,-0.010481582349166274,122.0738296508789,0.3,0.92364901304245,267.0523483276367
26,1022,6,200.0,2581.5151515151515,6656,-1.737147569656372,0.0066859256,0.0,0.0003,11450,-0.008064800407737494,941.552490234375,0.3,0.594081699848175,1891.1149353027345
27,1023,6,200.0,2582.3529411764707,6912,-1.700049763917923,0.0013241104,0.0,0.0003,11460,-0.002667769556865096,389.5094299316406,0.3,0.7754930257797241,775.4031616210938
28,1023,7,200.0,2583.714285714286,7168,-1.6800684809684754,0.004653792,0.006640625,0.0003,11470,-0.005006462009623647,305.1775207519531,0.3,0.8029660582542419,654.789926147461
29,1024,7,200.0,2584.5945945945946,7424,-1.686092084646225,0.00242737,0.0,0.0003,11480,-0.002447311347350478,504.2306823730469,0.3,0.7422919273376465,861.5502807617188
30,1024,7,200.0,2591.5789473684213,7680,-1.6412217259407043,0.021659473,0.060546875,0.0003,11490,-0.006379633117467165,270.5124206542969,0.3,0.8043745756149292,639.1113632202148
31,1025,7,200.0,2591.5384615384614,7936,-1.6793834924697877,0.007323919,0.002734375,0.0003,11500,-0.006176642305217683,171.5961151123047,0.3,0.8370839953422546,583.7904205322266
32,1025,7,200.0,2591.5,8192,-1.6199474513530732,0.012307332,0.054296875,0.0003,11510,-0.013788652489893138,120.8543472290039,0.3,0.9210845232009888,276.05043716430663
33,1026,8,200.0,2597.1428571428573,8448,-1.5541969120502472,0.014108485,0.00625,0.0003,11520,-0.012710952083580196,139.103271484375,0.3,0.9107646346092224,262.12550888061526
34,1026,8,200.0,2596.279069767442,8704,-1.4942935883998871,0.0031862978,0.000390625,0.0003,11530,-0.00035630397032946346,194.99693298339844,0.3,0.8651543259620667,463.935807800293
35,1026,8,200.0,2502.7272727272725,8960,-1.5826447188854218,0.0018305001,0.0,0.0003,11540,-0.002954571135342121,2816.931884765625,0.3,0.18525731563568115,7121.277612304688
36,1026,8,200.0,2522.1739130434785,9216,-1.5393215358257293,4.3860404e-05,0.0,0.0003,11550,-0.00018235486932098864,1398.56591796875,0.3,0.479952335357666,4221.5057373046875
37,1027,9,200.0,2528.723404255319,9472,-1.6226176142692565,3.1612813e-05,0.0,0.0003,11560,-0.0006267821881920099,335.3533630371094,0.3,0.7182270288467407,1346.3034698486329
38,1029,9,200.0,2530.4166666666665,9728,-1.611302649974823,0.00054166163,0.0,0.0003,11570,-0.0012761255959048868,150.50830078125,0.3,0.8533462882041931,403.4629425048828
39,1029,9,200.0,2536.530612244898,9984,-1.6458712279796601,0.0038767618,0.001953125,0.0003,11580,-0.004730496788397431,254.49343872070312,0.3,0.840854823589325,477.6958206176758
40,1029,9,200.0,2548.823529411765,10240,-1.716822189092636,0.0039645503,0.0,0.0003,11590,-0.0063029129290953275,177.07896423339844,0.3,0.8829824328422546,369.6273361206055
1,1297,0,200.0,1360.0,256,-1.64825496673584,0.020346515,0.0421875,0.0003,11600,-0.010832139081321657,239.88951110839844,0.3,0.7857683897018433,707.5886276245117
2,1125,0,200.0,1960.0,512,-0.6229956179857254,0.032265928,0.140625,0.0003,11610,-0.025194744393229485,746.4013061523438,0.3,0.7485346794128418,1529.8266723632812
3,1075,0,200.0,1903.3333333333333,768,-0.4078790932893753,0.0046602506,0.01171875,0.0003,11620,0.00136395120061934,414.2585144042969,0.3,0.3648723363876343,1832.2094223022461
4,1057,0,200.0,2274.0,1024,-0.4505217492580414,0.0021224478,0.00078125,0.0003,11630,-0.0010486682993359863,198.4849853515625,0.3,0.8613720536231995,529.1849349975586
5,1034,1,200.0,2330.0,1280,-0.4670540064573288,0.0081978105,0.032421875,0.0003,11640,-0.008131793001666665,145.518798828125,0.3,0.8847073912620544,405.1745086669922
6,1032,1,200.0,2372.8571428571427,1536,-0.38474808186292647,0.006884144,0.021875,0.0003,11650,-0.007928715995512902,324.1294860839844,0.3,0.8558737635612488,547.531706237793
7,1031,1,200.0,2430.0,1792,-0.3842191144824028,0.028633654,0.061328125,0.0003,11660,-0.013810643833130598,427.85882568359375,0.3,0.7813706398010254,731.4257682800293
8,1017,2,200.0,2490.0,2048,-0.39982219934463503,0.00831507,0.04375,0.0003,11670,-0.008456605509854854,126.92029571533203,0.3,0.8886756896972656,383.9257415771484
9,1011,2,200.0,2524.5454545454545,2304,-0.374089939892292,0.0014240013,0.003515625,0.0003,11680,-0.0034101727418601514,471.6331787109375,0.3,0.7682446241378784,835.4590072631836
10,1006,2,200.0,2510.8333333333335,2560,-0.35131535679101944,0.012237271,0.041796875,0.0003,11690,-0.010560976061969995,307.70928955078125,0.3,0.7889788746833801,728.8922332763672
11,1002,2,200.0,2499.285714285714,2816,-0.4648002922534943,0.0033429433,0.001953125,0.0003,11700,-0.004322234797291458,626.785888671875,0.3,0.5849753618240356,2128.9888427734377
12,952,3,200.0,2489.3333333333335,3072,-0.3948069676756859,0.0006128077,0.0,0.0003,11710,-0.0016606237506493926,345.2081298828125,0.3,0.7534160614013672,1011.8306213378906
13,952,3,200.0,2498.125,3328,-0.4201213657855988,0.008790541,0.0328125,0.0003,11720,-0.00556924978736788,173.69509887695312,0.3,0.8764327764511108,445.01417236328126
14,955,3,200.0,2517.6470588235293,3584,-0.3884955495595932,0.02221914,0.038671875,0.0003,11730,-0.010458825994282961,329.10003662109375,0.3,0.7852557301521301,711.638655090332
15,957,4,200.0,2514.7368421052633,3840,-0.425349622964859,0.0072251307,0.021484375,0.0003,11740,-0.00513902239035815,157.10748291015625,0.3,0.8175365924835205,495.05603790283203
16,958,4,200.0,2531.5,4096,-0.46876460313796997,0.03631778,0.101171875,0.0003,11750,-0.014850033773109316,478.384521484375,0.3,0.7426941394805908,952.9278045654297
17,960,4,200.0,2536.190476190476,4352,-0.46138669103384017,0.0048816316,0.009765625,0.0003,11760,-0.0038240567781031133,137.9752960205078,0.3,0.891575813293457,402.2325492858887
18,964,4,200.0,2551.7391304347825,4608,-0.44557230174541473,0.024387604,0.048828125,0.0003,11770,-0.009135976061224937,187.42327880859375,0.3,0.8235419392585754,603.2890396118164
19,966,5,200.0,2544.1666666666665,4864,-0.4785963550209999,0.005535825,0.0421875,0.0003,11780,-0.008798287622630597,262.36944580078125,0.3,0.8598930835723877,516.8420989990234
20,970,5,200.0,2546.4,5120,-0.4499155431985855,0.0050078523,0.02890625,0.0003,11790,-0.009594103321433067,309.4451904296875,0.3,0.8226165175437927,633.1003829956055
21,972,5,200.0,2548.4615384615386,5376,-0.45179812163114547,0.022980032,0.057421875,0.0003,11800,-0.011841234378516674,238.28778076171875,0.3,0.880334734916687,457.4834487915039
22,974,5,200.0,2568.5714285714284,5632,-0.4335003063082695,0.038397253,0.091796875,0.0003,11810,-0.016104415524750948,231.36683654785156,0.3,0.8830032348632812,379.2774002075195
23,977,6,200.0,2569.310344827586,5888,-0.42963915318250656,0.004647863,0.01875,0.0003,11820,-0.006702770129777491,170.3787384033203,0.3,0.8825846314430237,390.9295364379883
24,977,6,200.0,2578.0,6144,-0.42861539125442505,0.005914951,0.01796875,0.0003,11830,-0.0030347502091899515,232.7037353515625,0.3,0.8777443170547485,437.93331146240234
25,980,6,200.0,2579.375,6400,-0.4436463251709938,0.007457114,0.03125,0.0003,11840,-0.01231981860473752,121.91368103027344,0.3,0.9403656125068665,209.76406326293946
26,981,6,200.0,2572.4242424242425,6656,-0.5182914480566978,0.037052963,0.082421875,0.0003,11850,-0.013760948565322905,321.5041809082031,0.3,0.798922061920166,797.8090866088867
27,983,7,200.0,2581.176470588235,6912,-0.4358441323041916,0.003662525,0.006640625,0.0003,11860,-0.004239782865624875,281.5084228515625,0.3,0.8369934558868408,601.3579895019532
28,985,7,200.0,2581.714285714286,7168,-0.43782853335142136,0.008354874,0.030078125,0.0003,11870,-0.005958499689586461,278.9425964355469,0.3,0.8565986156463623,496.1096725463867
29,987,7,200.0,2584.324324324324,7424,-0.4903335288167,0.028891664,0.1359375,0.0003,11880,-0.019161944603547455,249.68800354003906,0.3,0.8587403297424316,454.5195571899414
30,985,7,200.0,2585.5263157894738,7680,-0.466665555536747,0.005457404,0.00546875,0.0003,11890,-0.0016786218620836735,639.5957641601562,0.3,0.6689130067825317,1303.4595489501953
31,985,8,200.0,2580.0,7936,-0.4948801338672638,0.009863269,0.026953125,0.0003,11900,-0.005901061790063977,329.0840759277344,0.3,0.8049460649490356,662.1374221801758
32,985,8,200.0,2581.25,8192,-0.44860688894987105,0.01764052,0.039453125,0.0003,11910,-0.01294195808004588,214.12754821777344,0.3,0.8632018566131592,454.6363235473633
33,984,8,200.0,2577.8571428571427,8448,-0.4760193765163422,0.010387948,0.028125,0.0003,11920,-0.007537787035107613,364.9597473144531,0.3,0.7604460120201111,836.6741638183594
34,984,8,200.0,2579.0697674418607,8704,-0.5460598707199097,0.0131287845,0.023828125,0.0003,11930,-0.008947950764559209,611.0147705078125,0.3,0.6817425489425659,1148.0999572753906
35,983,9,200.0,2579.7727272727275,8960,-0.4869055479764938,0.013726817,0.043359375,0.0003,11940,-0.011536766425706446,543.6873779296875,0.3,0.7504313588142395,925.6411376953125
36,983,9,200.0,2580.8695652173915,9216,-0.42076943069696426,0.0126109505,0.047265625,0.0003,11950,-0.007800521398894489,444.0679016113281,0.3,0.7649686932563782,860.146615600586
37,984,9,200.0,2586.1702127659573,9472,-0.4381326660513878,0.01549948,0.03515625,0.0003,11960,-0.0061475335154682394,490.2583923339844,0.3,0.7741891145706177,835.3171875
38,984,9,200.0,2586.25,9728,-0.4728592947125435,0.0242232,0.040234375,0.0003,11970,-0.007354634767398238,108.81932830810547,0.3,0.9120455384254456,285.8651405334473
39,985,10,200.0,2591.2244897959185,9984,-0.4213470295071602,0.014344766,0.0625,0.0003,11980,-0.016815169132314622,104.04937744140625,0.3,0.9235994815826416,241.56442413330078
40,986,10,200.0,2596.274509803922,10240,-0.3653045430779457,0.07548328,0.0875,0.0003,11990,-0.017694675573147835,126.78820037841797,0.3,0.9088760614395142,311.85774993896484
1,1297,0,200.0,2830.0,256,-0.38854496031999586,0.0052492497,0.01953125,0.0003,12000,-0.00499943345785141,289.8716735839844,0.3,0.8063808679580688,680.2057373046875
2,1136,0,200.0,2710.0,512,-1.7233315885066987,0.009489315,0.0,0.0003,11610,-0.011656249593943357,156.0496826171875,0.3,0.884740948677063,406.5549118041992
3,1054,0,200.0,2676.6666666666665,768,-1.7546052038669586,0.01763574,0.01953125,0.0003,11620,-0.006460762675851583,258.68206787109375,0.3,0.8579615354537964,526.7690307617188
4,1032,0,200.0,2694.0,1024,-1.7353650331497192,0.022861563,0.020703125,0.0003,11630,-0.011311217403272168,100.10627746582031,0.3,0.889443039894104,356.90431747436526
5,1025,1,200.0,2716.6666666666665,1280,-1.688894808292389,0.015612733,0.01640625,0.0003,11640,-0.006421599665191025,268.3258056640625,0.3,0.7799963355064392,651.1340194702149
6,1019,1,200.0,2698.5714285714284,1536,-1.7437203645706176,0.011977829,0.008984375,0.0003,11650,-0.006854858831502497,279.0303039550781,0.3,0.8769670724868774,436.38573455810547
7,1017,1,200.0,2685.0,1792,-1.773004150390625,0.0040359288,0.0,0.0003,11660,-0.00414835219271481,196.41319274902344,0.3,0.8719017505645752,402.1894241333008
8,1018,2,200.0,2647.0,2048,-1.7186610043048858,0.016840119,0.0078125,0.0003,11670,-0.022641502832993866,211.62643432617188,0.3,0.8290860056877136,549.3834777832031
9,1021,2,200.0,2641.818181818182,2304,-1.624778723716736,0.011367279,0.001953125,0.0003,11680,-0.010463055875152349,555.9727172851562,0.3,0.734249472618103,973.0316223144531
10,1024,2,200.0,2657.5,2560,-1.5509575307369232,0.0040602684,0.0,0.0003,11690,-0.004251902876421809,151.05824279785156,0.3,0.8653402328491211,411.1528839111328
11,1028,2,200.0,2648.5714285714284,2816,-1.5296450197696685,0.003539594,0.0,0.0003,11700,-0.004271410359069705,180.34017944335938,0.3,0.8987093567848206,345.7682189941406
12,972,3,200.0,2644.6666666666665,3072,-1.6101634204387665,0.0075994497,0.0,0.0003,11710,-0.004476224072277546,272.8006896972656,0.3,0.8230707049369812,716.4602142333985
13,975,3,200.0,2657.5,3328,-1.6073554098606109,0.0038060485,0.0,0.0003,11720,-0.0031735728029161693,154.09193420410156,0.3,0.8901659250259399,369.8648315429688
14,978,3,200.0,2640.5882352941176,3584,-1.687147980928421,0.005604337,0.0,0.0003,11730,-0.0069171942071989175,193.3837432861328,0.3,0.847636342048645,530.417887878418
15,980,3,200.0,2611.0526315789475,3840,-1.6277659833431244,0.0058521545,0.0,0.0003,11740,-0.004601963981986046,300.03704833984375,0.3,0.8047232031822205,743.1620727539063
16,978,4,200.0,2622.0,4096,-1.630028736591339,0.017796345,0.028515625,0.0003,11750,-0.013538842182606458,298.06427001953125,0.3,0.8565732836723328,604.6824020385742
17,981,4,200.0,2586.6666666666665,4352,-1.5287559807300568,0.002178113,0.0,0.0003,11760,-0.004466292820870877,142.62997436523438,0.3,0.8946494460105896,358.64426879882814
18,982,4,200.0,2578.695652173913,4608,-1.5995467841625213,0.0016222321,0.0,0.0003,11770,-0.001418355479836464,187.1046905517578,0.3,0.9056333303451538,458.4726806640625
19,982,4,200.0,2580.8333333333335,4864,-1.503964763879776,0.0028535218,0.0,0.0003,11780,-0.006838640011847019,467.90234375,0.3,0.739565372467041,922.0511535644531
20,984,5,200.0,2591.2,5120,-1.4769085049629211,0.0078077847,0.0015625,0.0003,11790,-0.00750500715803355,212.885986328125,0.3,0.8486109972000122,541.4406997680665
21,987,5,200.0,2591.153846153846,5376,-1.3850190103054048,0.015649255,0.028125,0.0003,11800,-0.011981833213940262,178.52639770507812,0.3,0.8939162492752075,355.06435317993163
22,988,5,200.0,2507.1428571428573,5632,-1.5524269878864287,0.009265635,0.0015625,0.0003,11810,-0.008121667080558836,254.99586486816406,0.3,0.9190595149993896,488.6563781738281
23,988,5,200.0,2493.793103448276,5888,-1.5326791107654572,0.003129824,0.0,0.0003,11820,5.098239053040743e-05,360.6338195800781,0.3,0.8387279510498047,691.7975799560547
24,988,6,200.0,2498.3333333333335,6144,-1.5758682906627655,0.0038133312,0.00078125,0.0003,11830,-0.005869665509089827,206.7245330810547,0.3,0.8832107782363892,545.7993041992188
25,988,6,200.0,2489.6875,6400,-1.5206423461437226,0.0031852657,0.00078125,0.0003,11840,-0.002431265078485012,390.3788757324219,0.3,0.7846242189407349,794.2719421386719
26,989,6,200.0,2492.7272727272725,6656,-1.4847788214683533,0.002403513,0.0,0.0003,11850,-0.003628651751205325,160.1994171142578,0.3,0.8380402326583862,617.0123825073242
27,991,6,200.0,2489.705882352941,6912,-1.4930218517780305,0.0069845486,0.010546875,0.0003,11860,-0.0050514952279627325,137.59576416015625,0.3,0.8781713247299194,449.0035034179688
28,992,7,200.0,2493.1428571428573,7168,-1.5543280959129333,0.0025034638,0.0,0.0003,11870,-0.003526506060734391,186.2746124267578,0.3,0.8478217124938965,542.4952270507813
29,993,7,200.0,2499.4594594594596,7424,-1.4808269739151,0.0036452713,0.001171875,0.0003,11880,-0.0038530370220541954,121.48406982421875,0.3,0.8464059829711914,454.6377258300781
30,994,7,200.0,2451.5789473684213,7680,-1.5455835700035094,0.0018285448,0.0,0.0003,11890,-0.001265381556004286,410.708251953125,0.3,0.7854768633842468,815.5373596191406
31,994,7,200.0,2455.641025641026,7936,-1.5582548677921295,0.00060176407,0.0,0.0003,11900,-0.0013902454520575702,237.4574432373047,0.3,0.913799524307251,470.40253524780275
32,993,8,200.0,2399.25,8192,-1.543437135219574,0.0035662977,0.0,0.0003,11910,-0.007422072335612029,295.6669006347656,0.3,0.9083467721939087,587.4749237060547
33,993,8,200.0,2408.809523809524,8448,-1.5130937814712524,0.00839373,0.003125,0.0003,11920,-0.007982408162206411,143.9576873779297,0.3,0.9461291432380676,312.683048248291
34,993,8,200.0,2402.3255813953488,8704,-1.5176115095615388,0.0029587487,0.001171875,0.0003,11930,-0.001606833143159747,224.12551879882812,0.3,0.8653256893157959,456.62721557617186
35,993,9,200.0,2401.1363636363635,8960,-1.4962975025177,0.003753157,0.0,0.0003,11940,-0.0057959211058914665,309.4430236816406,0.3,0.8046542406082153,761.4656555175782
36,993,9,200.0,2409.3478260869565,9216,-1.56794313788414,0.013965092,0.02421875,0.0003,11950,-0.012979038595221936,200.97586059570312,0.3,0.8669201135635376,508.75624694824216
37,994,9,200.0,2413.191489361702,9472,-1.4180025577545166,0.0022233431,0.0,0.0003,11960,0.0008677024161443114,185.40570068359375,0.3,0.8729134202003479,426.18838653564455
38,996,9,200.0,2412.2916666666665,9728,-1.4033464074134827,0.013474258,0.005859375,0.0003,11970,-0.009056062204763293,199.57366943359375,0.3,0.8889507055282593,383.7761764526367
39,997,10,200.0,2411.0204081632655,9984,-1.5462066948413848,0.0032686668,0.00625,0.0003,11980,-0.006110282544977963,349.3559265136719,0.3,0.8438726663589478,601.5583633422851
40,998,10,200.0,2414.3137254901962,10240,-1.5868029475212098,0.019475587,0.02265625,0.0003,11990,-0.010639316961169243,82.9393539428711,0.3,0.9220954179763794,253.71977462768555
1,1167,0,200.0,2590.0,256,-1.4234882235527038,0.0015232228,0.0,0.0003,12000,-0.00041969004087150097,355.51007080078125,0.3,0.7367551326751709,846.4760208129883
2,1081,0,200.0,2590.0,512,-0.42842154055833814,0.041765325,0.076953125,0.0003,12010,-0.013711473951116205,128.29017639160156,0.3,0.8960698246955872,316.27390213012694
3,1055,0,200.0,2596.6666666666665,768,-0.38779169917106626,0.039556444,0.08046875,0.0003,12020,-0.00906036135274917,109.35175323486328,0.3,0.9123454093933105,291.38759460449216
4,1040,0,200.0,2550.0,1024,-0.40478201806545255,0.04691726,0.06171875,0.0003,12030,-0.012665936024859548,355.60406494140625,0.3,0.8313418626785278,781.1884185791016
5,1028,1,200.0,2596.6666666666665,1280,-0.4465820148587227,0.0075995857,0.055859375,0.0003,12040,-0.009805126918945462,434.70098876953125,0.3,0.7950270175933838,803.2736572265625
6,1027,1,200.0,2632.8571428571427,1536,-0.42273776829242704,0.021384418,0.06640625,0.0003,12050,-0.015261739632114768,111.5372314453125,0.3,0.9259087443351746,235.757466506958
7,1023,1,200.0,2657.5,1792,-0.43131894171237944,0.017011782,0.07578125,0.0003,12060,-0.008739160979166627,125.55286407470703,0.3,0.8894645571708679,357.95556259155273
8,1021,2,200.0,2673.0,2048,-0.4195618689060211,0.007297539,0.04921875,0.0003,12070,-0.010517499735578894,81.85707092285156,0.3,0.9320341348648071,231.54391632080078
9,1020,2,200.0,2662.7272727272725,2304,-0.4021893084049225,0.035266425,0.037109375,0.0003,12080,-0.008498576353304088,430.64910888671875,0.3,0.7391619682312012,978.9717742919922
10,1020,2,200.0,2676.6666666666665,2560,-0.40163423418998717,0.009376324,0.05078125,0.0003,12090,-0.010805780347436667,356.7152404785156,0.3,0.76264488697052,848.4590789794922
11,1020,2,200.0,2682.1428571428573,2816,-0.3642523691058159,0.04589191,0.086328125,0.0003,12100,-0.018778891069814563,355.67120361328125,0.3,0.8192068338394165,644.0780532836914
12,1021,3,200.0,2657.3333333333335,3072,-0.3492044866085052,0.0017482473,0.0,0.0003,12110,-0.0006939348066225647,383.3558044433594,0.3,0.8095912337303162,651.2153884887696
13,1013,3,200.0,2655.625,3328,-0.39696372449398043,0.008759701,0.019140625,0.0003,12120,-0.008168774284422397,611.2800903320312,0.3,0.6595781445503235,1500.2906311035156
14,1005,3,200.0,2652.9411764705883,3584,-0.339838533103466,0.0048551424,0.009375,0.0003,12130,-0.0013529591262340546,453.50286865234375,0.3,0.7569144368171692,827.4553970336914
15,994,3,200.0,2623.684210526316,3840,-0.3474524334073067,0.02846986,0.034765625,0.0003,12140,-0.012050969945266842,219.35609436035156,0.3,0.8636738061904907,474.443505859375
16,989,4,200.0,2636.0,4096,-0.3846564725041389,0.0015365412,0.001953125,0.0003,12150,-0.0018404010683298112,584.6226196289062,0.3,0.6124274730682373,1636.4692443847657
17,984,4,200.0,2633.809523809524,4352,-0.40278488099575044,0.0076910034,0.0109375,0.0003,12160,-0.006847708928398788,214.92384338378906,0.3,0.8486943244934082,494.528581237793
18,981,4,200.0,2650.8695652173915,4608,-0.337675516307354,0.009047123,0.040234375,0.0003,12170,-0.0059587762923911216,302.8646545410156,0.3,0.8606745600700378,488.0170166015625
19,976,4,200.0,2658.3333333333335,4864,-0.2918632134795189,0.022034828,0.0328125,0.0003,12180,-0.006019081175327301,284.0357666015625,0.3,0.8363034129142761,578.6163024902344
20,973,5,200.0,2655.6,5120,-0.342301170527935,0.013508454,0.041015625,0.0003,12190,-0.01738684622105211,171.51226806640625,0.3,0.9020715951919556,322.034610748291
21,970,5,200.0,2662.3076923076924,5376,-0.32169191986322404,0.06271295,0.083984375,0.0003,12200,-0.01659926096908748,227.50111389160156,0.3,0.8952829241752625,367.52249908447266
22,970,5,200.0,2555.714285714286,5632,-0.3475752457976341,0.010370145,0.04296875,0.0003,12210,-0.007930065388791263,106.99847412109375,0.3,0.9254676103591919,237.23927001953126
23,971,6,200.0,2548.9655172413795,5888,-0.4890992373228073,0.011663504,0.048046875,0.0003,12220,-0.0032427079975605013,455.11517333984375,0.3,0.7769286036491394,1132.0466583251953
24,968,6,200.0,2548.3333333333335,6144,-0.3236243575811386,0.022324631,0.040625,0.0003,12230,-0.012060166569426656,1040.674072265625,0.3,0.5163102149963379,2202.4679931640626
25,966,6,200.0,2567.5,6400,-0.32476690262556074,0.0024568085,0.00390625,0.0003,12240,-0.004034981585573405,136.51158142089844,0.3,0.9310473799705505,346.3498504638672
26,963,6,200.0,2560.909090909091,6656,-0.3321567729115486,0.020239707,0.067578125,0.0003,12250,-0.009681019652634858,485.09814453125,0.3,0.7906244993209839,752.9175582885742
27,962,7,200.0,2548.235294117647,6912,-0.3385081201791763,0.010810924,0.020703125,0.0003,12260,-0.007465121964924037,440.2510681152344,0.3,0.794243574142456,858.7224700927734
28,959,7,200.0,2556.285714285714,7168,-0.36189026981592176,0.024967723,0.09609375,0.0003,12270,-0.009442729246802627,309.6812438964844,0.3,0.8569044470787048,559.7418380737305
29,959,7,200.0,2565.945945945946,7424,-0.3783056378364563,0.0448573,0.110546875,0.0003,12280,-0.016147254279349,171.8592987060547,0.3,0.9077196717262268,327.35039978027345
30,958,8,200.0,2572.8947368421054,7680,-0.3636308521032333,0.017589968,0.067578125,0.0003,12290,-0.005421897815540433,479.1349792480469,0.3,0.7682391405105591,812.1317184448242
31,957,8,200.0,2567.6923076923076,7936,-0.375838041305542,0.03771919,0.080859375,0.0003,12300,-0.01094209449365735,104.84367370605469,0.3,0.9114736914634705,290.7066711425781
32,958,8,200.0,2569.25,8192,-0.3838687986135483,0.005439203,0.04453125,0.0003,12310,-0.005561676668003201,177.22372436523438,0.3,0.8489620089530945,513.6461410522461
33,958,8,200.0,2576.4285714285716,8448,-0.4329660788178444,0.0041191615,0.049609375,0.0003,12320,-0.0069177555153146384,250.0079345703125,0.3,0.7729659676551819,795.4728210449218
34,957,9,200.0,2577.2093023255816,8704,-0.4016421169042587,0.020626996,0.118359375,0.0003,12330,-0.015403897990472615,208.3692169189453,0.3,0.833189845085144,582.7923965454102
35,955,9,200.0,2582.9545454545455,8960,-0.404384970664978,0.01167617,0.040625,0.0003,12340,-0.007720779068768025,260.41571044921875,0.3,0.8393011093139648,573.8073379516602
36,955,9,200.0,2583.2608695652175,9216,-0.39354351311922076,0.020927005,0.084765625,0.0003,12350,-0.014056808082386851,95.74845886230469,0.3,0.923936665058136,253.24701919555665
37,955,9,200.0,2583.8297872340427,9472,-0.3871001273393631,0.034740917,0.128515625,0.0003,12360,-0.01758125885389745,249.38079833984375,0.3,0.8687694072723389,446.43853454589845
38,955,10,200.0,2584.7916666666665,9728,-0.3756334736943245,0.058994427,0.08984375,0.0003,12370,-0.013184060389176012,237.37203979492188,0.3,0.8383252024650574,624.1737106323242
39,956,10,200.0,2585.714285714286,9984,-0.37088255435228346,0.013479544,0.034765625,0.0003,12380,-0.007970243832096458,222.3358917236328,0.3,0.8359680771827698,567.7821426391602
40,957,10,200.0,2590.5882352941176,10240,-0.3794790104031563,0.020056278,0.056640625,0.0003,12390,-0.010408319090493024,558.1223754882812,0.3,0.7400571703910828,1003.8482055664062
1,1262,0,200.0,2120.0,256,-0.4078624024987221,0.01321234,0.055078125,0.0003,12400,-0.012975995242595673,379.6518859863281,0.3,0.8141374588012695,694.2777801513672
2,1088,0,200.0,2475.0,512,-1.4962214827537537,0.0024022972,0.0,0.0003,12010,-0.0012793606147170067,246.08570861816406,0.3,0.8769114017486572,561.7355773925781
3,1067,0,200.0,2196.6666666666665,768,-1.5059922814369202,0.011102987,0.0125,0.0003,12020,-0.011664509121328593,128.14305114746094,0.3,0.8968685865402222,337.75998916625974
4,1052,0,200.0,2116.0,1024,-1.536111444234848,0.005639932,0.0,0.0003,12030,-0.0033922115340828895,256.2747497558594,0.3,0.8970426321029663,657.8553298950195
5,1033,1,200.0,2156.6666666666665,1280,-1.5022809743881225,0.011422356,0.023828125,0.0003,12040,-0.007684563705697656,180.25352478027344,0.3,0.9322531223297119,378.3175636291504
6,1029,1,200.0,2185.714285714286,1536,-1.3684330046176911,0.010040735,0.009375,0.0003,12050,-0.010744791920296847,199.07550048828125,0.3,0.8914972543716431,484.30360107421876
7,1023,1,200.0,2266.25,1792,-1.2941205024719238,0.009340065,0.0,0.0003,12060,-0.009774415683932603,746.462646484375,0.3,0.6555109024047852,1238.2864196777343
8,1021,2,200.0,2380.0,2048,-1.2014112770557404,0.014991128,0.02109375,0.0003,12070,-0.010837869066745043,164.28782653808594,0.3,0.9028241038322449,335.21024627685546
9,1011,2,200.0,2422.7272727272725,2304,-1.1345625579357148,0.0014839603,0.0,0.0003,12080,-0.002679272717796266,303.6966247558594,0.3,0.8404353857040405,574.3868133544922
10,1006,2,200.0,2456.6666666666665,2560,-1.1970793426036834,0.0037950976,0.005078125,0.0003,12090,-0.003088208206463605,211.6262969970703,0.3,0.8636610507965088,439.2512954711914
11,999,2,200.0,2495.714285714286,2816,-1.199667328596115,0.0074779084,0.01796875,0.0003,12100,-0.004242721851915121,165.94500732421875,0.3,0.9067361354827881,331.3369445800781
12,998,3,200.0,2518.0,3072,-1.1665956139564515,0.0037419498,0.0,0.0003,12110,-0.004423975641839206,365.1641845703125,0.3,0.744359016418457,965.9391326904297
13,998,3,200.0,2505.625,3328,-1.1397568821907043,0.0029426073,0.0,0.0003,12120,-0.004888292611576616,239.31680297851562,0.3,0.8197527527809143,520.783903503418
14,995,3,200.0,2494.1176470588234,3584,-1.2047825455665588,0.007097804,0.001953125,0.0003,12130,-0.009868026501499117,316.2491455078125,0.3,0.8240935802459717,694.1410552978516
15,990,3,200.0,2542.1052631578946,3840,-1.1466822743415832,0.004014255,0.0,0.0003,12140,-0.003947921795770526,592.9408569335938,0.3,0.7519131302833557,927.8391693115234
16,986,4,200.0,2558.5,4096,-1.0813906252384187,0.002265743,0.000390625,0.0003,12150,-0.0027988077607005836,195.31072998046875,0.3,0.8571833968162537,429.34468231201174
17,981,4,200.0,2582.8571428571427,4352,-1.1678388655185699,0.0053984597,0.0015625,0.0003,12160,-0.0058052152628079055,375.360107421875,0.3,0.7699391841888428,748.4820846557617
18,976,4,200.0,2605.6521739130435,4608,-1.1508511126041412,0.006192724,0.006640625,0.0003,12170,-0.006829603388905525,92.85086059570312,0.3,0.9340586066246033,217.4878723144531
19,971,5,200.0,2603.75,4864,-1.0936903595924377,0.00617034,0.00078125,0.0003,12180,-0.006553355674259365,345.4864196777344,0.3,0.7860881090164185,763.9189956665039
20,972,5,200.0,2612.8,5120,-1.0488970518112182,0.0016464558,0.0,0.0003,12190,-0.0007410141872242094,728.349609375,0.3,0.7137323617935181,1130.5654235839843
21,971,5,200.0,2621.923076923077,5376,-1.033209776878357,0.0033839985,0.005078125,0.0003,12200,-0.004320358927361667,168.68896484375,0.3,0.9028445482254028,327.61008911132814
22,970,5,200.0,2612.5,5632,-1.0375577867031098,0.015402002,0.0296875,0.0003,12210,-0.01709463493898511,136.6697235107422,0.3,0.8466768860816956,500.3524940490723
23,968,6,200.0,2620.0,5888,-1.091390359401703,0.0044331043,0.0,0.0003,12220,0.001733852829784155,731.1974487304688,0.3,0.5430514812469482,1817.2734680175781
24,965,6,200.0,2627.0,6144,-1.1316650629043579,0.0020672518,0.0,0.0003,12230,-0.0016514952294528484,96.35811614990234,0.3,0.9120556116104126,307.47894592285155
25,967,6,200.0,2633.4375,6400,-1.1603455066680908,0.007346187,0.018359375,0.0003,12240,-0.00687057739123702,100.32756805419922,0.3,0.9210833311080933,217.70826225280763
26,967,6,200.0,2639.3939393939395,6656,-1.1581622183322906,0.0039119963,0.00078125,0.0003,12250,-0.002884602057747543,202.04501342773438,0.3,0.8266859650611877,581.9617263793946
27,965,7,200.0,2637.0588235294117,6912,-1.222473108768463,0.006566969,0.00859375,0.0003,12260,-0.006741880602203309,146.1788330078125,0.3,0.8854568004608154,344.0676155090332
28,964,7,200.0,2642.5714285714284,7168,-1.181679093837738,0.0023079712,0.0,0.0003,12270,-0.002674321108497679,468.2821044921875,0.3,0.7339259386062622,1022.1114990234375
29,963,7,200.0,2628.3783783783783,7424,-1.213985151052475,0.0003514241,0.0,0.0003,12280,-0.000355651555582881,299.6377258300781,0.3,0.8179997801780701,813.1925842285157
30,961,7,200.0,2614.2105263157896,7680,-1.1790373742580413,0.0037444963,0.0,0.0003,12290,-0.006225687148980796,485.61334228515625,0.3,0.7008539438247681,1086.0777313232422
31,959,8,200.0,2620.25641025641,7936,-1.1498343706130982,0.0016467008,0.0,0.0003,12300,-0.0009790994925424456,676.410888671875,0.3,0.6431921720504761,1464.5243225097656
32,957,8,200.0,2625.5,8192,-1.1160069286823273,0.0025474716,0.0,0.0003,12310,-0.004595823609270156,125.7548828125,0.3,0.868746280670166,501.16881942749023
33,957,8,200.0,2630.4761904761904,8448,-1.1479544043540955,0.013757374,0.036328125,0.0003,12320,-0.009763818047940732,153.57501220703125,0.3,0.8982675671577454,321.0479904174805
34,957,9,200.0,2635.3488372093025,8704,-1.2693729937076568,0.009748563,0.00078125,0.0003,12330,-0.008599637146107852,421.8550720214844,0.3,0.7616886496543884,860.3083740234375
35,957,9,200.0,2612.7272727272725,8960,-1.2426763594150543,0.004700112,0.00859375,0.0003,12340,-0.004399714688770473,187.6772003173828,0.3,0.8969302177429199,360.1734169006348
36,956,9,200.0,2610.4347826086955,9216,-1.3090800285339355,0.0054543605,0.000390625,0.0003,12350,-0.002185758831910789,215.7598419189453,0.3,0.9154701232910156,445.3795249938965
37,956,9,200.0,2615.31914893617,9472,-1.3462284624576568,0.017962681,0.02890625,0.0003,12360,-0.01141696481499821,667.93896484375,0.3,0.6322907209396362,1575.0980224609375
38,956,10,200.0,2609.1666666666665,9728,-1.3797423124313355,0.0073737344,0.001171875,0.0003,12370,-0.0042720991652458904,210.64553833007812,0.3,0.8587843179702759,480.7482315063477
39,956,10,200.0,2604.081632653061,9984,-1.415805172920227,0.0005731641,0.0,0.0003,12380,-0.000979520776309073,349.8154296875,0.3,0.8139779567718506,657.4125305175781
40,957,10,200.0,2612.9411764705883,10240,-1.4191093027591706,0.016455306,0.0015625,0.0003,12390,-0.012891987268812955,527.5875854492188,0.3,0.6845653057098389,1202.9735961914062
1,1312,0,200.0,2630.0,256,-1.3416699528694154,0.0014460781,0.000390625,0.0003,12400,0.0005852668196894229,291.0341796875,0.3,0.8126452565193176,617.6744949340821
2,1139,0,200.0,2610.0,512,-0.366775581240654,0.0040153023,0.009765625,0.0003,12410,-0.0020833612652495503,486.4997863769531,0.3,0.6996654272079468,940.0907043457031
3,1099,0,200.0,2136.6666666666665,768,-0.37134996950626376,0.0018589785,0.0,0.0003,12420,-0.0029210948618128897,231.59202575683594,0.3,0.8208150267601013,635.3177383422851
4,1066,0,200.0,2320.0,1024,-0.3053870633244514,0.0031790445,0.006640625,0.0003,12430,-0.0057488915277644995,221.15313720703125,0.3,0.8642711639404297,625.7182846069336
5,1045,1,200.0,2365.0,1280,-0.3977016493678093,0.0063239103,0.011328125,0.0003,12440,-0.00597896131221205,277.5295715332031,0.3,0.8029447197914124,655.6584518432617
6,1037,1,200.0,2431.4285714285716,1536,-0.3651105672121048,0.024862092,0.0671875,0.0003,12450,-0.007870501489378512,223.5315399169922,0.3,0.894585371017456,375.57566833496094
7,1029,1,200.0,2481.25,1792,-0.38212781548500063,0.0146794785,0.037109375,0.0003,12460,-0.004618476051837206,94.4979248046875,0.3,0.9208024740219116,260.9340370178223
8,1013,2,200.0,2504.0,2048,-0.403831484913826,0.025587909,0.043359375,0.0003,12470,-0.007203637529164553,118.00869750976562,0.3,0.8820092678070068,328.9031982421875
9,1006,2,200.0,2513.6363636363635,2304,-0.38621867150068284,0.018038085,0.05625,0.0003,12480,-0.011010327702388167,377.2353820800781,0.3,0.7837393283843994,771.5201431274414
10,999,2,200.0,2541.6666666666665,2560,-0.3702779933810234,0.004216896,0.00390625,0.0003,12490,-0.0020397060085088014,206.97462463378906,0.3,0.8725532293319702,441.75804290771487
11,990,2,200.0,2587.1428571428573,2816,-0.3714288830757141,0.013265008,0.0625,0.0003,12500,-0.01091649815789424,234.084716796875,0.3,0.8656508326530457,457.043798828125
12,986,3,200.0,2590.0,3072,-0.35200019031763075,0.011719298,0.035546875,0.0003,12510,-0.003613227722235024,490.6692810058594,0.3,0.7568553686141968,903.1527465820312
13,980,3,200.0,2592.5,3328,-0.36944449990987777,0.020736825,0.06796875,0.0003,12520,-0.011064333631657064,225.54164123535156,0.3,0.7692431211471558,822.4001693725586
14,977,3,200.0,2607.6470588235293,3584,-0.3824703678488731,0.01079964,0.04140625,0.0003,12530,-0.0071301148273050785,282.4380798339844,0.3,0.8183659911155701,634.474949645996
15,972,3,200.0,2607.8947368421054,3840,-0.34804936200380326,0.006296741,0.0203125,0.0003,12540,-0.0051299068611115215,162.43231201171875,0.3,0.8819224834442139,423.631494140625
16,968,4,200.0,2606.5,4096,-0.3882634162902832,0.0074525266,0.030859375,0.0003,12550,-0.004372047958895564,324.5801086425781,0.3,0.7594737410545349,875.536572265625
17,965,4,200.0,2617.1428571428573,4352,-0.34750957489013673,0.005868215,0.020703125,0.0003,12560,-0.00766966522205621,315.6764221191406,0.3,0.7398477792739868,990.331884765625
18,963,4,200.0,2636.521739130435,4608,-0.3495634987950325,0.0019532065,0.00234375,0.0003,12570,-0.002659537096042186,178.31813049316406,0.3,0.8905651569366455,384.54703521728516
19,965,5,200.0,2624.5833333333335,4864,-0.3432417869567871,0.010154791,0.0296875,0.0003,12580,-0.0036176482681185007,264.2433776855469,0.3,0.8021154403686523,671.2199935913086
20,966,5,200.0,2632.8,5120,-0.3591872796416283,0.045014918,0.06328125,0.0003,12590,-0.011649910407140852,158.5376434326172,0.3,0.8650318384170532,512.0856460571289
21,967,5,200.0,2640.3846153846152,5376,-0.3271825060248375,0.01189363,0.0265625,0.0003,12600,-0.004606375610455871,140.0246124267578,0.3,0.8776546716690063,439.5762466430664
22,965,5,200.0,2645.3571428571427,5632,-0.37881512343883517,0.007949095,0.02578125,0.0003,12610,-0.0102290102513507,238.58517456054688,0.3,0.8802980780601501,431.0210891723633
23,961,6,200.0,2651.7241379310344,5888,-0.3121918797492981,0.012183799,0.02734375,0.0003,12620,-0.0062160790665075185,218.07022094726562,0.3,0.8303251266479492,554.4281845092773
24,959,6,200.0,2649.6666666666665,6144,-0.29670783802866935,0.026237171,0.076171875,0.0003,12630,-0.008123027603141963,114.99073791503906,0.3,0.9118293523788452,307.00978622436526
25,958,6,200.0,2640.3125,6400,-0.2990534007549286,0.04099227,0.091796875,0.0003,12640,-0.01479163086041808,139.89584350585938,0.3,0.9050942659378052,296.37660827636716
26,957,6,200.0,2631.818181818182,6656,-0.34251174330711365,0.010413069,0.015625,0.0003,12650,-0.0026426891097798945,494.3166809082031,0.3,0.7137569189071655,1210.0365417480468
27,956,7,200.0,2579.4117647058824,6912,-0.33656697869300845,0.05370353,0.08984375,0.0003,12660,-0.01817298715468496,690.5003662109375,0.3,0.5845552682876587,1706.2435424804687
28,956,7,200.0,2587.1428571428573,7168,-0.30088050067424776,0.0011762099,0.00078125,0.0003,12670,-0.0016083709429949521,756.2708129882812,0.3,0.5351827144622803,2184.386926269531
29,954,7,200.0,2595.4054054054054,7424,-0.3038132652640343,0.0030626848,0.004296875,0.0003,12680,-0.0024103276198729874,182.5447235107422,0.3,0.7393026947975159,728.8491333007812
30,952,8,200.0,2595.2631578947367,7680,-0.29227608293294904,0.016150035,0.044921875,0.0003,12690,-0.0063290885416790845,275.7333068847656,0.3,0.7628111839294434,926.8336029052734
31,949,8,200.0,2594.871794871795,7936,-0.3627682164311409,0.014666431,0.02265625,0.0003,12700,-0.0010469855275005101,150.72401428222656,0.3,0.8907910585403442,390.51841430664064
32,950,8,200.0,2600.75,8192,-0.3981298506259918,0.032853916,0.120703125,0.0003,12710,-0.008957561664283275,445.2469482421875,0.3,0.7478091716766357,953.6077697753906
33,949,8,200.0,2611.6666666666665,8448,-0.34175292402505875,0.007172822,0.023828125,0.0003,12720,-0.003180235414765775,100.31412506103516,0.3,0.9179957509040833,272.6628845214844
34,947,9,200.0,2609.767441860465,8704,-0.3265104711055756,0.022961978,0.041796875,0.0003,12730,-0.00386762791313231,141.4917449951172,0.3,0.8513393402099609,546.2557540893555
35,945,9,200.0,2610.2272727272725,8960,-0.3655072197318077,0.042797193,0.1015625,0.0003,12740,-0.015679508284665643,717.0136108398438,0.3,0.6607484817504883,1446.1209228515625
36,947,9,200.0,2604.782608695652,9216,-0.383984412252903,0.020610932,0.040234375,0.0003,12750,-0.009511354472488165,376.4093322753906,0.3,0.7844076752662659,743.0050018310546
37,948,9,200.0,2609.574468085106,9472,-0.3558184549212456,0.0039278804,0.01015625,0.0003,12760,-0.006125694513320923,453.59619140625,0.3,0.5235153436660767,1815.558676147461
38,949,10,200.0,2614.1666666666665,9728,-0.36221452355384826,0.018127635,0.026953125,0.0003,12770,-0.00955049463082105,126.77134704589844,0.3,0.9062337875366211,351.512345123291
39,949,10,200.0,2613.673469387755,9984,-0.3603061482310295,0.017146997,0.0203125,0.0003,12780,-0.0059045544359833,122.83132934570312,0.3,0.8647679090499878,447.13110809326173
40,949,10,200.0,2604.1176470588234,10240,-0.33819324523210526,0.01692998,0.05078125,0.0003,12790,-0.00960631393827498,190.90499877929688,0.3,0.8890788555145264,389.5108016967773
1,1254,0,200.0,2610.0,256,-0.3005854099988937,0.0014265438,0.0015625,0.0003,12800,-0.0007922690361738205,489.7681579589844,0.3,0.3254215717315674,1677.7070587158203
2,1132,0,200.0,2605.0,512,-1.3661913871765137,0.011597527,0.010546875,0.0003,12410,-0.012458190508186816,488.18597412109375,0.3,0.7839933633804321,818.7022735595704
3,1079,0,200.0,2680.0,768,-1.3785320162773131,0.016839456,0.0203125,0.0003,12420,-0.008337786048650741,245.95716857910156,0.3,0.874634861946106,417.0582504272461
4,1059,0,200.0,2742.0,1024,-1.3383294105529786,0.009498668,0.001953125,0.0003,12430,-0.005527106416411698,85.32502746582031,0.3,0.9188891053199768,253.59095306396483
5,1046,1,200.0,2683.3333333333335,1280,-1.2961318790912628,0.008964672,0.0,0.0003,12440,-0.004684633063152433,293.6307067871094,0.3,0.7629584670066833,750.5916229248047
6,1037,1,200.0,2707.1428571428573,1536,-1.2379781246185302,0.004088166,0.0,0.0003,12450,-0.00966166821308434,417.3846130371094,0.3,0.7095764875411987,970.9531188964844
7,1027,1,200.0,2727.5,1792,-1.1818375527858733,0.0020087354,0.0,0.0003,12460,-0.0036076103104278447,259.7097473144531,0.3,0.8578406572341919,486.28860092163086
8,1015,2,200.0,2752.0,2048,-1.177147513628006,0.00845935,0.0,0.0003,12470,-0.003949999960605055,515.5086669921875,0.3,0.7740839719772339,747.2476577758789
9,1017,2,200.0,2629.090909090909,2304,-1.1904866874217988,0.015128509,0.011328125,0.0003,12480,-0.00748351241927594,479.93743896484375,0.3,0.7552907466888428,898.0140716552735
10,1014,2,200.0,2645.8333333333335,2560,-1.3355621576309205,0.010670312,0.0,0.0003,12490,0.0004590457770973444,148.8832244873047,0.3,0.8692702054977417,595.1952667236328
11,1013,2,200.0,2483.5714285714284,2816,-1.3612176954746247,0.0012532759,0.0,0.0003,12500,-0.0016013736836612224,266.58905029296875,0.3,0.8751031160354614,792.7953521728516
12,1012,3,200.0,2506.6666666666665,3072,-1.359318619966507,0.005508785,0.008203125,0.0003,12510,-0.004518288979306817,251.37046813964844,0.3,0.8391859531402588,594.8376739501953
13,1011,3,200.0,2514.375,3328,-1.3505116522312164,0.0026179024,0.00078125,0.0003,12520,-0.0030632601818069817,177.44017028808594,0.3,0.8756881356239319,384.8177154541016
14,1011,3,200.0,2462.9411764705883,3584,-1.3265343844890594,0.0011915944,0.0,0.0003,12530,-0.0016362836584448814,381.3080749511719,0.3,0.49900132417678833,1667.8953704833984
15,1014,3,200.0,2464.2105263157896,3840,-1.3330836832523345,0.0034888044,0.004296875,0.0003,12540,-0.0055136070121079685,391.2906188964844,0.3,0.7868576645851135,1052.4305511474608
16,1014,4,200.0,2482.5,4096,-1.3668158411979676,0.0019365933,0.0015625,0.0003,12550,-0.001230079005472362,155.20790100097656,0.3,0.9131488800048828,372.8423645019531
17,1015,4,200.0,2489.5238095238096,4352,-1.3524604320526123,0.013623878,0.0015625,0.0003,12560,-0.00823240594472736,114.52171325683594,0.3,0.9161965250968933,250.31542282104493
18,1015,4,200.0,2529.5652173913045,4608,-1.238523495197296,0.051061682,0.13046875,0.0003,12570,-0.016037472989410162,262.4992370605469,0.3,0.8409163951873779,514.3894714355469
19,1015,4,200.0,2522.0833333333335,4864,-1.1291195929050446,0.033544198,0.0171875,0.0003,12580,-0.011391281639225781,199.83522033691406,0.3,0.8590586185455322,461.4176498413086
20,1014,5,200.0,2534.4,5120,-1.0250049471855163,0.0030460241,0.001953125,0.0003,12590,-0.0028317148797214033,270.8737487792969,0.3,0.7847418189048767,724.6021850585937
21,1013,5,200.0,2547.3076923076924,5376,-1.0341017693281174,0.0034185844,0.0,0.0003,12600,-0.004442490125074983,118.49504089355469,0.3,0.9298577904701233,247.1076301574707
22,1012,5,200.0,2560.3571428571427,5632,-0.9175879478454589,0.0039611985,0.0,0.0003,12610,-0.005482688231859356,519.2205200195312,0.3,0.7446030378341675,845.2972137451172
23,1012,5,200.0,2570.344827586207,5888,-0.8933883130550384,0.00071247807,0.0,0.0003,12620,-0.0034576184581965206,579.552734375,0.3,0.6457582712173462,1222.6475830078125
24,1012,6,200.0,2571.6666666666665,6144,-0.8609377324581147,0.0009954197,0.0,0.0003,12630,-0.0026394067448563875,168.79396057128906,0.3,0.8627346158027649,434.6833221435547
25,1013,6,200.0,2590.3125,6400,-0.7995474845170975,0.0010776471,0.0,0.0003,12640,-0.0012337076710537075,153.06932067871094,0.3,0.819866955280304,698.7306533813477
26,1014,6,200.0,2598.787878787879,6656,-0.8307280868291855,0.0031381326,0.000390625,0.0003,12650,-0.007154952501878142,372.9009704589844,0.3,0.6753928661346436,1088.2864044189453
27,1013,6,200.0,2598.823529411765,6912,-0.8048333913087845,0.0023383861,0.0,0.0003,12660,-0.003861645911820233,542.0003051757812,0.3,0.6696670055389404,1116.8868682861328
28,1014,7,200.0,2606.5714285714284,7168,-0.7961737096309662,0.0030634592,0.003125,0.0003,12670,-0.0037665476789698004,222.97503662109375,0.3,0.8074902892112732,658.5013992309571
29,1016,7,200.0,2618.3783783783783,7424,-0.8366859734058381,0.0010918162,0.0,0.0003,12680,-0.00017820087959989904,306.0820007324219,0.3,0.8291677236557007,572.7857559204101
30,1015,7,200.0,2624.4736842105262,7680,-0.8680782794952393,0.00064102514,0.0,0.0003,12690,-0.0002827564720064402,498.6510925292969,0.3,0.7079751491546631,1071.0398529052734
31,1016,7,200.0,2629.74358974359,7936,-0.9362048000097275,0.011766404,0.016796875,0.0003,12700,-0.006236024899408221,251.7025909423828,0.3,0.8536238670349121,525.8694961547851
32,1015,8,200.0,2634.75,8192,-1.1347863376140594,0.00931426,0.036328125,0.0003,12710,-0.004615495260804891,179.47059631347656,0.3,0.9087897539138794,295.5695487976074
33,1015,8,200.0,2639.7619047619046,8448,-1.3235547959804534,0.041932397,0.143359375,0.0003,12720,-0.015360759827308357,107.97452545166016,0.3,0.9417343735694885,187.4590950012207
34,1015,8,200.0,2644.6511627906975,8704,-1.4642174780368804,0.008407479,0.002734375,0.0003,12730,-0.006721930881030858,272.7525329589844,0.3,0.784298837184906,807.0182968139649
35,1014,8,200.0,2643.6363636363635,8960,-1.4066597878932954,0.005183435,0.010546875,0.0003,12740,-0.0022650646278634667,302.5293884277344,0.3,0.8441368341445923,520.8095855712891
36,1015,9,200.0,2651.7391304347825,9216,-1.280339241027832,0.008668408,0.0,0.0003,12750,-0.006344338972121477,166.74087524414062,0.3,0.8795812129974365,461.3143615722656
37,1015,9,200.0,2655.9574468085107,9472,-1.2060715675354003,0.0033185787,0.00234375,0.0003,12760,-0.00528921103104949,153.56527709960938,0.3,0.8978608250617981,309.2898284912109
38,1015,9,200.0,2629.5833333333335,9728,-1.2448334455490113,0.01653286,0.03515625,0.0003,12770,-0.00919250985607505,117.69666290283203,0.3,0.8563181757926941,468.35842056274413
39,1015,9,200.0,2633.673469387755,9984,-1.402121764421463,0.008600971,0.00859375,0.0003,12780,-0.0051551165757700804,268.8461608886719,0.3,0.8439998626708984,720.7450942993164
40,1015,10,200.0,2632.7450980392155,10240,-1.4299748241901398,0.013035925,0.030859375,0.0003,12790,-0.00957708538044244,134.38706970214844,0.3,0.8895027041435242,363.7257476806641
1,1335,0,200.0,2370.0,256,-1.4871216297149659,0.033144083,0.037890625,0.0003,12800,-0.013279187143780291,356.85772705078125,0.3,0.7814012765884399,789.3126007080078
2,1163,0,200.0,2380.0,512,-0.35497924238443374,0.0072228075,0.003515625,0.0003,12810,-0.002153274300508201,290.7795104980469,0.3,0.754318356513977,766.2502899169922
3,1094,0,200.0,2456.6666666666665,768,-0.3305527612566948,0.004818878,0.014453125,0.0003,12820,-0.0009903601021505892,363.4815673828125,0.3,0.7285372614860535,1120.8262817382813
4,1060,0,200.0,2608.0,1024,-0.36878881752491,0.0056349533,0.010546875,0.0003,12830,-0.0018280654679983855,164.14283752441406,0.3,0.8733700513839722,472.08145599365236
5,1050,1,200.0,2608.3333333333335,1280,-0.33033555597066877,0.0051493146,0.017578125,0.0003,12840,-0.0038225213414989413,259.1787109375,0.3,0.8217928409576416,565.4859619140625
6,1045,1,200.0,2607.1428571428573,1536,-0.32787642925977706,0.019132303,0.0390625,0.0003,12850,-0.004440629214514047,251.62713623046875,0.3,0.8451035618782043,575.5993423461914
7,1043,1,200.0,2635.0,1792,-0.3025016650557518,0.0033626778,0.007421875,0.0003,12860,-0.00379524901509285,255.69900512695312,0.3,0.8582303524017334,548.7026268005371
8,1043,1,200.0,2628.0,2048,-0.33561655282974245,0.014927912,0.07421875,0.0003,12870,-0.007840581284835935,166.8803253173828,0.3,0.9028323888778687,342.56915817260744
9,1037,2,200.0,2646.3636363636365,2304,-0.3379595637321472,0.0212205,0.049609375,0.0003,12880,-0.006536146556027233,388.8301696777344,0.3,0.8221771717071533,684.0041549682617
10,1036,2,200.0,2661.6666666666665,2560,-0.32135100811719897,0.021170616,0.05234375,0.0003,12890,-0.009096270822919906,207.7549285888672,0.3,0.8909095525741577,373.41447219848635
11,1035,2,200.0,2655.0,2816,-0.32044416218996047,0.03173725,0.063671875,0.0003,12900,-0.006804868124891073,88.80377960205078,0.3,0.9089689254760742,302.7509056091309
12,1035,2,200.0,2666.6666666666665,3072,-0.34217521995306016,0.021311542,0.090234375,0.0003,12910,-0.014231782918795944,736.0985107421875,0.3,0.669958770275116,1326.4016906738282
13,1035,3,200.0,2646.875,3328,-0.32444204986095426,0.011634345,0.04921875,0.0003,12920,-0.004395481874234974,148.3773193359375,0.3,0.8773938417434692,409.0890365600586
14,1031,3,200.0,2627.6470588235293,3584,-0.3018323466181755,0.014911269,0.033203125,0.0003,12930,-0.0073845966020599,466.26123046875,0.3,0.7536802291870117,1026.9734588623046
15,1032,3,200.0,2624.7368421052633,3840,-0.29055998623371126,0.011758316,0.026953125,0.0003,12940,-0.005166827049106359,317.7801818847656,0.3,0.8267948031425476,587.414111328125
16,1033,3,200.0,2623.0,4096,-0.31460951268672943,0.001298601,0.0,0.0003,12950,-0.00011473805643618107,434.3227844238281,0.3,0.7738970518112183,776.5639862060547
17,1034,4,200.0,2610.0,4352,-0.2969780623912811,0.0064269123,0.026171875,0.0003,12960,-0.013732928456738592,152.17308044433594,0.3,0.9015647172927856,366.8369995117188
18,1035,4,200.0,2610.0,4608,-0.32156888097524644,0.010800426,0.023828125,0.0003,12970,-0.00429770634509623,183.88815307617188,0.3,0.8880666494369507,380.27894592285156
19,1033,4,200.0,2619.1666666666665,4864,-0.3052272707223892,0.023957796,0.030859375,0.0003,12980,-0.00905903596431017,238.76791381835938,0.3,0.831569254398346,575.5069778442382
20,1032,4,200.0,2628.4,5120,-0.2837277963757515,0.05805541,0.10390625,0.0003,12990,-0.02371415887027979,178.06768798828125,0.3,0.9090086817741394,315.53401336669924
21,1030,5,200.0,2590.0,5376,-0.2811662137508392,0.02183391,0.072265625,0.0003,13000,-0.009347467962652446,239.51380920410156,0.3,0.8711835145950317,439.2239707946777
22,1029,5,200.0,2599.6428571428573,5632,-0.4443077504634857,0.007553801,0.021875,0.0003,13010,-0.007110114954411983,412.4011535644531,0.3,0.871147632598877,763.5822692871094
23,1029,5,200.0,2607.5862068965516,5888,-0.31661885529756545,0.012933779,0.07734375,0.0003,13020,-0.01507435537641868,297.6883544921875,0.3,0.8169227838516235,660.5167373657226
24,1027,5,200.0,2615.0,6144,-0.3020706370472908,0.013728407,0.044921875,0.0003,13030,-0.005807740613818169,141.1129608154297,0.3,0.915778636932373,264.42417297363284
25,1026,6,200.0,2605.3125,6400,-0.29510602355003357,0.038448222,0.090625,0.0003,13040,-0.0175626615062356,197.5635528564453,0.3,0.8921186923980713,359.05956115722654
26,1026,6,200.0,2605.151515151515,6656,-0.29528978019952773,0.016274182,0.037109375,0.0003,13050,-0.004132589930668474,813.8090209960938,0.3,0.6429333686828613,1744.7617767333984
27,1025,6,200.0,2605.0,6912,-0.3161770194768906,0.012091092,0.030078125,0.0003,13060,-0.008211533026769757,156.3805694580078,0.3,0.8664470911026001,470.59716033935547
28,1023,7,200.0,2612.5714285714284,7168,-0.3075841426849365,0.010938017,0.024609375,0.0003,13070,-0.005082067614421248,198.90325927734375,0.3,0.883826732635498,413.4232208251953
29,1023,7,200.0,2612.4324324324325,7424,-0.28701516389846804,0.024294157,0.088671875,0.0003,13080,-0.010022214031778276,301.9543151855469,0.3,0.8558450937271118,491.3846862792969
30,1023,7,200.0,2612.8947368421054,7680,-0.27939603850245476,0.0039432147,0.01875,0.0003,13090,-0.0016054721781983972,501.3131408691406,0.3,0.7657250761985779,1035.2622528076172
31,1023,7,200.0,2612.3076923076924,7936,-0.286464723944664,0.009657627,0.02578125,0.0003,13100,-0.005208219494670629,475.95745849609375,0.3,0.8098998665809631,758.9298965454102
32,1024,7,200.0,2612.75,8192,-0.3313146159052849,0.009624969,0.0328125,0.0003,13110,-0.004847530368715524,178.6617889404297,0.3,0.9008930921554565,364.95079803466797
33,1023,8,200.0,2617.8571428571427,8448,-0.31466022580862046,0.027471721,0.086328125,0.0003,13120,-0.01925506619736552,239.5528106689453,0.3,0.8294715285301208,577.1391853332519
34,1022,8,200.0,2618.139534883721,8704,-0.35753978341817855,0.005693001,0.016796875,0.0003,13130,-0.007676546578295529,310.52166748046875,0.3,0.8203344941139221,634.9306732177735
35,1022,8,200.0,2622.9545454545455,8960,-0.30772635638713836,0.037141234,0.0765625,0.0003,13140,-0.014592758333310484,440.99945068359375,0.3,0.8074846863746643,673.5305435180665
36,1021,9,200.0,2627.608695652174,9216,-0.32939826846122744,0.0036216667,0.025,0.0003,13150,-0.00522057618945837,145.0670166015625,0.3,0.9050843119621277,302.46681823730466
37,1021,9,200.0,2632.340425531915,9472,-0.3118952110409737,0.0081280945,0.018359375,0.0003,13160,-0.00514350738376379,568.5655517578125,0.3,0.7320586442947388,1066.7077087402345
38,1022,9,200.0,2631.6666666666665,9728,-0.2981210216879845,0.036653064,0.112890625,0.0003,13170,-0.014108241768553853,292.8533020019531,0.3,0.7743943929672241,847.6132904052735
39,1023,9,200.0,2626.734693877551,9984,-0.29431055933237077,0.037975974,0.07890625,0.0003,13180,-0.012631829595193267,321.5379638671875,0.3,0.7760211825370789,789.767185974121
40,1023,10,200.0,2631.5686274509803,10240,-0.2928838424384594,0.012808109,0.05859375,0.0003,13190,-0.0076637471094727514,281.9739990234375,0.3,0.7774872183799744,832.9995620727539
1,1265,0,200.0,2610.0,256,-0.28913446292281153,0.027201448,0.062109375,0.0003,13200,-0.01605553152039647,505.49542236328125,0.3,0.7024506330490112,1085.5777557373046
2,1117,0,200.0,2620.0,512,-1.498771345615387,0.019712437,0.033984375,0.0003,12810,-0.007725131558254361,196.41378784179688,0.3,0.8425241112709045,552.965983581543
3,1086,0,200.0,2770.0,768,-1.4688392639160157,0.0027960734,0.0,0.0003,12820,-0.0012106748996302485,121.09408569335938,0.3,0.8033969402313232,650.3814811706543
4,1060,0,200.0,2806.0,1024,-1.433174341917038,0.002410926,0.0,0.0003,12830,-0.0016511304769665004,118.52220916748047,0.3,0.9430657029151917,209.8989044189453
5,1046,1,200.0,2813.3333333333335,1280,-1.3424887657165527,0.012783151,0.0046875,0.0003,12840,-0.011203985195606947,382.4495544433594,0.3,0.7372242212295532,930.9822998046875
6,1042,1,200.0,2817.1428571428573,1536,-1.199021589756012,0.0022809657,0.003125,0.0003,12850,-0.004498774837702513,170.72848510742188,0.3,0.8923802971839905,369.78446807861326
7,1043,1,200.0,2761.25,1792,-1.1973412215709687,0.009072565,0.001171875,0.0003,12860,-0.0041705982759594916,231.5745849609375,0.3,0.883905827999115,393.6129974365234
8,1036,1,200.0,2729.0,2048,-1.168101614713669,0.008699949,0.0,0.0003,12870,-0.002995411725714803,511.18536376953125,0.3,0.7671627998352051,939.0719573974609
9,1039,2,200.0,2760.0,2304,-1.1091964185237884,0.0017274746,0.0,0.0003,12880,-0.00393466018140316,421.5347900390625,0.3,0.7181369662284851,1044.4070678710937
10,1040,2,200.0,2767.5,2560,-1.1958232045173645,0.007685919,0.0171875,0.0003,12890,-0.006698705884627998,57.05213928222656,0.3,0.9318423867225647,212.00593109130858
11,1040,2,200.0,2777.8571428571427,2816,-1.2195471346378326,0.009110721,0.013671875,0.0003,12900,-0.007041018782183528,301.8995666503906,0.3,0.8531060218811035,485.8441864013672
12,1042,2,200.0,2782.6666666666665,3072,-1.2022216081619264,0.0028710682,0.001953125,0.0003,12910,-0.004519500280730426,311.9946594238281,0.3,0.8045552968978882,718.8374298095703
13,1041,3,200.0,2786.875,3328,-1.1532277643680573,0.015909592,0.03046875,0.0003,12920,-0.010764899908099323,193.28184509277344,0.3,0.8895542621612549,353.70386123657227
14,1042,3,200.0,2803.529411764706,3584,-1.1843210577964782,0.020510644,0.04296875,0.0003,12930,-0.011591714108362794,163.51144409179688,0.3,0.8996127843856812,352.37342376708983
15,1041,3,200.0,2808.4210526315787,3840,-1.098667573928833,0.00993586,0.0328125,0.0003,12940,-0.006455799145624041,139.31509399414062,0.3,0.8995863795280457,289.22276611328124
16,1042,3,200.0,2811.5,4096,-1.1172782123088836,0.01952265,0.0734375,0.0003,12950,-0.01253104661591351,249.8920440673828,0.3,0.7977384328842163,730.4011047363281
17,1043,4,200.0,2812.3809523809523,4352,-1.1134478747844696,0.027915755,0.153125,0.0003,12960,-0.014677093038335443,236.63136291503906,0.3,0.8023587465286255,681.3367294311523
18,1045,4,200.0,2795.6521739130435,4608,-1.1653093218803405,0.013246016,0.020703125,0.0003,12970,-0.005722372839227319,139.7941436767578,0.3,0.9143310189247131,284.50108489990237
19,1045,4,200.0,2788.75,4864,-1.0451284676790238,0.0059904475,0.0046875,0.0003,12980,0.00043771262280642984,748.5316772460938,0.3,0.6873984336853027,1214.5264739990234
20,1043,4,200.0,2800.0,5120,-1.0587923765182494,0.007281798,0.016015625,0.0003,12990,-0.002748427470214665,334.4188232421875,0.3,0.7638030648231506,820.6904724121093
21,1043,5,200.0,2792.3076923076924,5376,-1.0950302958488465,0.014338873,0.02890625,0.0003,13000,-0.0030091593274846674,419.8027648925781,0.3,0.7851755023002625,716.2114624023437
22,1039,5,200.0,2784.285714285714,5632,-1.1217185497283935,0.013733865,0.01484375,0.0003,13010,-0.002812623744830489,601.1978759765625,0.3,0.6531546115875244,1337.0772705078125
23,1038,5,200.0,2787.2413793103447,5888,-1.102189487218857,0.00831883,0.0,0.0003,13020,-0.005645534326322377,277.47979736328125,0.3,0.8423188328742981,552.8479354858398
24,1036,5,200.0,2790.0,6144,-1.0133743077516555,0.006501314,0.005859375,0.0003,13030,-0.0026300392230041323,131.90081787109375,0.3,0.8602052927017212,449.7439331054687
25,1035,6,200.0,2795.0,6400,-1.0828594803810119,0.009865842,0.041015625,0.0003,13040,-0.0009721758775413037,371.1815185546875,0.3,0.7493531703948975,854.4096832275391
26,1035,6,200.0,2796.3636363636365,6656,-1.0637021660804749,0.0076828836,0.0,0.0003,13050,-0.002538237790577114,499.0440673828125,0.3,0.6743708848953247,1135.0256774902343
27,1035,6,200.0,2797.3529411764707,6912,-1.0326113432645798,0.009872043,0.01328125,0.0003,13060,-0.0016123127890750766,224.20774841308594,0.3,0.8488882184028625,506.8492797851562
28,1036,6,200.0,2798.8571428571427,7168,-1.0192291915416718,0.013101725,0.04296875,0.0003,13070,-0.00685844337567687,164.41004943847656,0.3,0.8928693532943726,373.4772125244141
29,1037,7,200.0,2787.5675675675675,7424,-1.0262125194072724,0.009090112,0.0,0.0003,13080,-0.0033130679512396455,155.6248016357422,0.3,0.884024977684021,361.2147270202637
30,1038,7,200.0,2776.0526315789475,7680,-1.068766039609909,0.0009827714,0.0,0.0003,13090,0.0030670566484332085,945.0438842773438,0.3,0.5215153694152832,2221.6884826660157
31,1039,7,200.0,2783.5897435897436,7936,-1.0235311895608903,0.016538974,0.028125,0.0003,13100,-0.011755127878859638,279.7156982421875,0.3,0.8488844633102417,587.8041900634765
32,1039,7,200.0,2784.75,8192,-1.084904032945633,0.016171876,0.0203125,0.0003,13110,-0.004741919215302914,75.94718170166016,0.3,0.927947461605072,256.2000244140625
33,1039,8,200.0,2783.095238095238,8448,-1.0280728757381439,0.023561884,0.11171875,0.0003,13120,-0.008591210236772895,141.58206176757812,0.3,0.9118792414665222,318.49067840576174
34,1039,8,200.0,2784.186046511628,8704,-1.0834339320659638,0.003987817,0.005859375,0.0003,13130,-0.0015264219138771296,668.6358642578125,0.3,0.6687906384468079,1205.3265289306642
35,1040,8,200.0,2785.2272727272725,8960,-1.1116480648517608,0.0030859113,0.0,0.0003,13140,-0.0021952100563794375,220.59042358398438,0.3,0.8989207744598389,327.030770111084
36,1040,8,200.0,2788.0434782608695,9216,-1.0338260293006898,0.055923015,0.13203125,0.0003,13150,-0.018395506660453975,143.9790802001953,0.3,0.916135847568512,279.4881904602051
37,1041,9,200.0,2789.7872340425533,9472,-0.9367710143327713,0.0030955046,0.002734375,0.0003,13160,-0.002240740694105625,567.162353515625,0.3,0.7674345970153809,866.6570709228515
38,1041,9,200.0,2790.0,9728,-0.9620531022548675,0.002764757,0.0,0.0003,13170,-0.0030491939396597445,141.3237762451172,0.3,0.8270255327224731,581.7449569702148
39,1042,9,200.0,2790.816326530612,9984,-0.9415002465248108,0.035751775,0.108203125,0.0003,13180,-0.01582847472745925,335.7593688964844,0.3,0.8127760291099548,702.9129440307618
40,1043,9,200.0,2793.529411764706,10240,-1.0496431648731233,0.01861284,0.019921875,0.0003,13190,-0.008037553902249783,82.7603759765625,0.3,0.940427839756012,205.4096965789795
1,1321,0,200.0,2840.0,256,-1.0538911938667297,0.0012853339,0.0,0.0003,13200,0.0030649638269096614,563.5368041992188,0.3,0.718303382396698,1096.3705108642578
2,1144,0,200.0,2735.0,512,-0.22270582988858223,0.007977176,0.0203125,0.0003,13210,-0.003897936688736081,162.89273071289062,0.3,0.8436113595962524,537.984226989746
3,1112,0,200.0,2766.6666666666665,768,-0.20769317150115968,0.025087802,0.048828125,0.0003,13220,-0.007313322764821351,325.7174072265625,0.3,0.8250280618667603,627.6766723632812
4,1086,0,200.0,2848.0,1024,-0.2240163765847683,0.013423401,0.059375,0.0003,13230,-0.006553461030125618,64.386474609375,0.3,0.9313004016876221,217.26863861083984
5,1075,1,200.0,2811.6666666666665,1280,-0.211270921677351,0.0067304163,0.041796875,0.0003,13240,-0.0011834852630272508,192.76861572265625,0.3,0.8044835329055786,671.2734420776367
6,1067,1,200.0,2785.714285714286,1536,-0.23970044329762458,0.028498001,0.053125,0.0003,13250,-0.007290693209506571,470.7047424316406,0.3,0.811576247215271,663.4756698608398
7,1065,1,200.0,2793.75,1792,-0.2519037164747715,0.13944747,0.140234375,0.0003,13260,-0.00927802436053753,363.3804931640625,0.3,0.8256931900978088,627.0982543945313
8,1064,1,200.0,2729.0,2048,-0.2522023946046829,0.017120562,0.06328125,0.0003,13270,-0.007737851655110717,444.85809326171875,0.3,0.6936309337615967,1364.488333129883
9,1063,2,200.0,2720.0,2304,-0.2121160052716732,0.0048889946,0.021484375,0.0003,13280,-0.005005607381463051,536.1270751953125,0.3,0.7508612275123596,991.3823089599609
10,1064,2,200.0,2730.8333333333335,2560,-0.23403719961643218,0.0150318835,0.052734375,0.0003,13290,-0.0051198776345700026,431.8281555175781,0.3,0.7584580183029175,886.5083511352539
11,1060,2,200.0,2743.5714285714284,2816,-0.25926697328686715,0.005070901,0.038671875,0.0003,13300,-0.004748588101938367,282.5576171875,0.3,0.842058002948761,558.5671340942383
12,1061,2,200.0,2729.3333333333335,3072,-0.2794872559607029,0.012964669,0.059375,0.0003,13310,-0.0019607256166636945,589.560791015625,0.3,0.7405533194541931,1031.333950805664
13,1059,3,200.0,2750.625,3328,-0.29223145097494124,0.05718086,0.120703125,0.0003,13320,-0.02175090303644538,480.0770263671875,0.3,0.7183775305747986,1127.225408935547
14,1056,3,200.0,2741.176470588235,3584,-0.28119613975286484,0.017066417,0.0265625,0.0003,13330,-0.007160443486645818,120.91499328613281,0.3,0.9227988719940186,247.8538444519043
15,1054,3,200.0,2715.7894736842104,3840,-0.2774871580302715,0.016510028,0.0546875,0.0003,13340,-0.01006751055829227,276.04107666015625,0.3,0.8671398758888245,535.7998016357421
16,1049,3,200.0,2711.5,4096,-0.24800999015569686,0.019130748,0.04453125,0.0003,13350,-0.009013622533529997,447.9937438964844,0.3,0.6957130432128906,1290.3326904296875
17,1049,4,200.0,2707.6190476190477,4352,-0.254493710398674,0.0033089868,0.00390625,0.0003,13360,-0.0032974438276141883,552.6123657226562,0.3,0.7791354656219482,763.6271789550781
18,1051,4,200.0,2718.2608695652175,4608,-0.2608799457550049,0.00973093,0.0171875,0.0003,13370,-0.0029489762848243116,489.71600341796875,0.3,0.785080075263977,771.1773239135742
19,1050,4,200.0,2722.9166666666665,4864,-0.26716022118926047,0.004775989,0.018359375,0.0003,13380,-0.003958491561934352,237.8121337890625,0.3,0.8548380136489868,485.95304107666016
20,1049,4,200.0,2708.0,5120,-0.2946285344660282,0.0138621945,0.047265625,0.0003,13390,-0.007553576061036437,121.76202392578125,0.3,0.9030272364616394,327.67834014892577
21,1048,5,200.0,2714.230769230769,5376,-0.27801170349121096,0.0042875772,0.016796875,0.0003,13400,-0.0014535521855577826,331.2843017578125,0.3,0.835342526435852,749.8201889038086
22,1046,5,200.0,2706.0714285714284,5632,-0.29582178592681885,0.08182128,0.08515625,0.0003,13410,-0.014736603549681603,333.1377868652344,0.3,0.7865349054336548,747.2816024780274
23,1044,5,200.0,2711.7241379310344,5888,-0.29521465599536895,0.02804115,0.06640625,0.0003,13420,-0.009499349910765887,631.854736328125,0.3,0.7750757336616516,996.6968414306641
24,1044,5,200.0,2715.6666666666665,6144,-0.2885075852274895,0.025930807,0.034375,0.0003,13430,-0.004354044725187123,253.46566772460938,0.3,0.8256902098655701,601.2114776611328
25,1043,6,200.0,2724.0625,6400,-0.2775041848421097,0.016389191,0.062890625,0.0003,13440,-0.007170690526254475,128.38519287109375,0.3,0.9060613512992859,332.29237670898436
26,1042,6,200.0,2720.6060606060605,6656,-0.2896223798394203,0.105379716,0.109375,0.0003,13450,-0.016096149175427853,483.69610595703125,0.3,0.8086689710617065,695.6921630859375
27,1042,6,200.0,2710.294117647059,6912,-0.28619704097509385,0.00554495,0.0296875,0.0003,13460,-0.002862922055646777,419.48651123046875,0.3,0.7775201201438904,817.4848022460938
28,1042,6,200.0,2713.714285714286,7168,-0.2797571375966072,0.0043754224,0.012890625,0.0003,13470,-0.0023766950238496066,367.0853271484375,0.3,0.8449143171310425,662.2601623535156
29,1041,7,200.0,2722.162162162162,7424,-0.3014863520860672,0.044356443,0.058984375,0.0003,13480,-0.006368061248213053,172.19976806640625,0.3,0.9097767472267151,329.6031150817871
30,1041,7,200.0,2718.9473684210525,7680,-0.3549393743276596,0.03511331,0.09921875,0.0003,13490,-0.01478780892211944,474.6983337402344,0.3,0.6579168438911438,1219.5344207763671
31,1041,7,200.0,2715.897435897436,7936,-0.3014167070388794,0.027050782,0.07578125,0.0003,13500,-0.007413617474958301,746.1526489257812,0.3,0.6454826593399048,1398.475048828125
32,1040,7,200.0,2712.25,8192,-0.2665968157351017,0.0066021234,0.016796875,0.0003,13510,-0.009081791015341878,826.4932861328125,0.3,0.6441104412078857,1493.7076293945313
33,1039,8,200.0,2713.095238095238,8448,-0.24429771602153777,0.0020329054,0.008203125,0.0003,13520,-0.0034574700985103846,150.28396606445312,0.3,0.819071888923645,587.7452026367188
34,1040,8,200.0,2715.813953488372,8704,-0.2359986700117588,0.0056172735,0.02265625,0.0003,13530,-0.002365052327513695,468.6578063964844,0.3,0.7264131307601929,1041.887225341797
35,1039,8,200.0,2700.909090909091,8960,-0.22448179870843887,0.0053741913,0.00703125,0.0003,13540,-0.002618156676180661,121.69486236572266,0.3,0.92948317527771,258.9674247741699
36,1038,8,200.0,2694.1304347826085,9216,-0.23874975591897965,0.014546881,0.01015625,0.0003,13550,-0.009393052430823445,1356.792724609375,0.3,0.48048365116119385,3307.8310791015624
37,1038,9,200.0,2685.531914893617,9472,-0.25155249461531637,0.007988546,0.02578125,0.0003,13560,-0.004137272480875254,181.04666137695312,0.3,0.8633766174316406,444.7519958496094
38,1039,9,200.0,2678.3333333333335,9728,-0.2562400795519352,0.031681027,0.033984375,0.0003,13570,-0.01274168505333364,767.796142578125,0.3,0.6888858675956726,1526.8699462890625
39,1039,9,200.0,2686.326530612245,9984,-0.23938827216625214,0.007266631,0.020703125,0.0003,13580,-0.005513884825631976,305.8768005371094,0.3,0.8065992593765259,772.9148864746094
40,1039,9,200.0,2692.7450980392155,10240,-0.23583289384841918,0.004757024,0.019140625,0.0003,13590,-0.002312119386624545,73.43990325927734,0.3,0.9404812455177307,218.0825942993164
1,1326,0,200.0,2630.0,256,-0.28513403683900834,0.023507979,0.07109375,0.0003,13600,-0.009721917100250721,558.5588989257812,0.3,0.7687948942184448,852.920947265625
2,1165,0,200.0,2730.0,512,-1.0802514493465423,0.008198064,0.001953125,0.0003,13210,-0.007199602061882615,502.4158935546875,0.3,0.7539356350898743,820.0730163574219
3,1094,0,200.0,2673.3333333333335,768,-1.0457927405834198,0.042570498,0.05625,0.0003,13220,-0.020360798761248588,78.21548461914062,0.3,0.9260075688362122,240.79796829223633
4,1077,0,200.0,2734.0,1024,-0.896636226773262,0.0047268104,0.0,0.0003,13230,0.0007690894301049412,667.18701171875,0.3,0.693507730960846,1211.0095672607422
5,1064,1,200.0,2753.3333333333335,1280,-0.8863022923469543,0.00031578192,0.0,0.0003,13240,-0.0005047538666985929,208.43893432617188,0.3,0.8119041323661804,641.2659393310547
6,1057,1,200.0,2767.1428571428573,1536,-0.8543948173522949,0.0019547646,0.0015625,0.0003,13250,-0.0013543633045628666,140.99330139160156,0.3,0.8600572943687439,482.73497772216797
7,1060,1,200.0,2771.25,1792,-0.9137344986200333,0.01087108,0.021875,0.0003,13260,-0.0026741249952465297,312.0734558105469,0.3,0.7787207961082458,813.3028930664062
8,1056,1,200.0,2750.0,2048,-1.0140156358480454,0.0075239697,0.00078125,0.0003,13270,-0.0036194036016240715,347.4115905761719,0.3,0.802100419998169,697.2818878173828
9,1056,2,200.0,2759.090909090909,2304,-1.1152352929115295,0.03286197,0.039453125,0.0003,13280,-0.013322131778113543,383.0544128417969,0.3,0.7580987811088562,940.066683959961
10,1059,2,200.0,2742.5,2560,-1.2247275471687318,0.004676459,0.0,0.0003,13290,-0.0015167606994509696,136.4424285888672,0.3,0.8339276313781738,528.5790710449219
11,1056,2,200.0,2740.0,2816,-1.252689790725708,0.017348992,0.03046875,0.0003,13300,-0.005128849542234093,398.3237609863281,0.3,0.8184465169906616,630.2123184204102
12,1052,2,200.0,2748.6666666666665,3072,-1.2195352017879486,0.017892517,0.034375,0.0003,13310,-0.009377801092341542,510.1686706542969,0.3,0.6783019304275513,1215.1394012451171
13,1050,3,200.0,2755.0,3328,-1.179698383808136,0.014864916,0.0,0.0003,13320,-0.00561048467643559,371.42724609375,0.3,0.795830249786377,696.0551513671875
14,1049,3,200.0,2760.5882352941176,3584,-1.1784686028957367,0.0052684844,0.0,0.0003,13330,-0.0035281421383842825,306.421630859375,0.3,0.8414297103881836,532.3877182006836
15,1049,3,200.0,2766.315789473684,3840,-1.2273212611675262,0.016422458,0.032421875,0.0003,13340,-0.0073136190418154005,365.90582275390625,0.3,0.7820379734039307,827.149853515625
16,1049,3,200.0,2746.0,4096,-1.354746925830841,0.0072226953,0.01015625,0.0003,13350,-0.002477532997727394,143.16001892089844,0.3,0.8786563873291016,389.4642822265625
17,1049,4,200.0,2751.904761904762,4352,-1.25957852602005,0.0053930404,0.0,0.0003,13360,-0.0013144647935405373,669.5279541015625,0.3,0.7211177349090576,1209.0897399902344
18,1042,4,200.0,2749.5652173913045,4608,-1.3064542174339295,0.022456734,0.0375,0.0003,13370,-0.005080305866431445,162.8157501220703,0.3,0.8572709560394287,505.2373901367188
19,1041,4,200.0,2743.75,4864,-1.2768182635307312,0.012186193,0.02578125,0.0003,13380,-0.0044805669458583,366.74066162109375,0.3,0.8225452303886414,692.2410461425782
20,1040,4,200.0,2748.0,5120,-1.4320778131484986,0.009662869,0.008203125,0.0003,13390,-0.006640327861532569,261.345947265625,0.3,0.8622857332229614,512.7649475097656
21,1000,5,200.0,2742.3076923076924,5376,-1.4250342786312102,0.018309979,0.0359375,0.0003,13400,-0.008383988740388305,328.29461669921875,0.3,0.8674469590187073,465.53252868652345
22,884,6,200.0,2750.0,5632,-1.4305337846279145,0.00731774,0.03984375,0.0003,13410,-0.002376651857048273,494.2987060546875,0.3,0.658643901348114,1210.3316650390625
23,807,7,200.0,2744.8275862068967,5888,-1.4557501912117004,0.0014495102,0.0,0.0003,13420,-0.0017694219946861266,338.19732666015625,0.3,0.7385067343711853,1063.6072784423827
24,737,8,200.0,2729.6666666666665,6144,-1.4859255194664,0.008857207,0.05078125,0.0003,13430,-0.0072203810093924405,388.7196350097656,0.3,0.8006740808486938,653.5797500610352
25,687,9,200.0,2705.3125,6400,-1.534072881937027,0.027372707,0.04296875,0.0003,13440,-0.01113660742994398,676.6568603515625,0.3,0.6861194372177124,1356.0201568603516
26,647,10,200.0,2702.4242424242425,6656,-1.4778308689594268,0.0010856304,0.0,0.0003,13450,-0.0015830719145014881,840.5083618164062,0.3,0.6273527145385742,1709.7257263183594
27,610,11,200.0,2693.235294117647,6912,-1.524414712190628,0.0058887093,0.00078125,0.0003,13460,-0.003074690909124911,269.44610595703125,0.3,0.8210462927818298,652.9675201416015
28,581,12,200.0,2689.4285714285716,7168,-1.439364606142044,0.0057613896,0.0703125,0.0003,13470,-0.006841135211288929,494.445556640625,0.3,0.7574907541275024,927.2733032226563
29,554,13,200.0,2698.6486486486488,7424,-1.446884161233902,0.016574452,0.0265625,0.0003,13480,-0.008161833696067333,142.74098205566406,0.3,0.9154442548751831,322.6135643005371
30,531,14,200.0,2702.6315789473683,7680,-1.3573136806488038,0.008360158,0.126953125,0.0003,13490,-0.011150127649307251,519.787841796875,0.3,0.7950385212898254,746.2566192626953
31,512,15,200.0,2705.128205128205,7936,-1.3374149024486541,0.004192517,0.02890625,0.0003,13500,-0.003613370191305876,500.1620178222656,0.3,0.7633965015411377,877.8201568603515
32,495,16,200.0,2702.5,8192,-1.3182116091251372,0.011617022,0.012109375,0.0003,13510,-0.010111306747421622,211.9870147705078,0.3,0.833012580871582,600.8695007324219
33,480,17,200.0,2703.5714285714284,8448,-1.2357763826847077,0.0026530367,0.0,0.0003,13520,-0.001641127187758684,390.408935546875,0.3,0.7655458450317383,817.8574829101562
34,468,18,200.0,2706.9767441860463,8704,-1.2720432996749877,0.011659906,0.010546875,0.0003,13530,-0.005847532697953284,687.9996948242188,0.3,0.7084383964538574,1124.3963714599608
35,457,19,200.0,2697.5,8960,-1.4071702420711518,0.021898985,0.112890625,0.0003,13540,-0.008554159547202289,380.0291748046875,0.3,0.7035099267959595,1382.0433654785156
36,448,20,200.0,2691.9565217391305,9216,-1.3670104503631593,0.0038391517,0.023828125,0.0003,13550,-0.0017044270876795053,295.00579833984375,0.3,0.8051778078079224,740.7251037597656
37,439,21,200.0,2694.8936170212764,9472,-1.3437686145305634,0.032952815,0.134375,0.0003,13560,-0.014740698505192995,600.0996704101562,0.3,0.7221140265464783,1075.8208038330079
38,431,22,200.0,2702.7083333333335,9728,-1.3653515696525573,0.00747935,0.083984375,0.0003,13570,-0.006823186110705137,126.06107330322266,0.3,0.9347580671310425,258.7089508056641
39,424,23,200.0,2710.204081632653,9984,-1.3517181277275085,0.02374071,0.054296875,0.0003,13580,-0.008411207725293935,92.93238067626953,0.3,0.9507769346237183,166.69907302856444
40,418,24,200.0,2710.7843137254904,10240,-1.2756222128868102,0.014445746,0.0234375,0.0003,13590,-0.004129321034997702,51.36806106567383,0.3,0.9446929097175598,171.49288482666014
1,318,0,200.0,3070.0,256,-1.2952517449855805,0.017876696,0.090625,0.0003,13600,-0.0018445996101945639,822.7080078125,0.3,0.6565881967544556,1378.6103790283203
2,271,1,200.0,2955.0,512,-0.31557643562555315,0.022448536,0.087109375,0.0003,13610,-0.007369472016580403,205.66448974609375,0.3,0.9032469987869263,327.0064826965332
3,267,2,200.0,2836.6666666666665,768,-0.3040520131587982,0.0048027486,0.030078125,0.0003,13620,-0.0026806054636836054,287.4936828613281,0.3,0.8201413154602051,646.3740829467773
4,270,3,200.0,2788.0,1024,-0.30483368486166,0.010875363,0.069921875,0.0003,13630,-0.007493225589860231,223.95838928222656,0.3,0.7165298461914062,961.848747253418
5,272,4,200.0,2721.6666666666665,1280,-0.3054884225130081,0.0031563647,0.00390625,0.0003,13640,-0.0030598487239331005,499.70794677734375,0.3,0.6764475107192993,1314.7606506347656
6,266,5,200.0,2771.4285714285716,1536,-0.28446135893464086,0.020604614,0.04765625,0.0003,13650,-0.0056832395261153575,538.3373413085938,0.3,0.7447500228881836,1042.333059692383
7,259,6,200.0,2750.0,1792,-0.2772569410502911,0.03436245,0.077734375,0.0003,13660,-0.012766965432092547,226.4032745361328,0.3,0.8175303936004639,655.139291381836
8,260,7,200.0,2774.0,2048,-0.2669250346720219,0.0036560942,0.009765625,0.0003,13670,-0.010774905630387365,474.76873779296875,0.3,0.7953149080276489,753.0407257080078
9,258,8,200.0,2780.909090909091,2304,-0.23461742773652078,0.015512949,0.048828125,0.0003,13680,-0.00439799576997757,453.55889892578125,0.3,0.6803926229476929,1185.6534942626954
10,257,9,200.0,2788.3333333333335,2560,-0.26666121929883957,0.008927506,0.0265625,0.0003,13690,-0.005103659117594361,171.44009399414062,0.3,0.8839049339294434,395.94638595581057
11,256,10,200.0,2812.8571428571427,2816,-0.2408738113939762,0.028772611,0.058984375,0.0003,13700,-0.011534204706549644,387.6282043457031,0.3,0.8122528791427612,632.6061218261718
12,255,12,200.0,2816.6666666666665,3072,-0.2397223010659218,0.0125189405,0.016796875,0.0003,13710,-0.00437002805992961,331.0057067871094,0.3,0.7962216734886169,692.6228637695312
13,256,12,200.0,2818.75,3328,-0.2760417126119137,0.01412484,0.015234375,0.0003,13720,-0.005728584271855653,137.27285766601562,0.3,0.854901909828186,482.34519653320314
14,255,14,200.0,2821.764705882353,3584,-0.2876229897141457,0.016054515,0.050390625,0.0003,13730,-0.009812363097444177,155.09664916992188,0.3,0.8704729080200195,437.4769989013672
15,255,15,200.0,2824.7368421052633,3840,-0.3109441950917244,0.0063596154,0.02109375,0.0003,13740,-0.003541334066540003,438.9659118652344,0.3,0.7406888604164124,881.7808868408204
16,255,16,200.0,2827.0,4096,-0.3056529775261879,0.0028956535,0.025390625,0.0003,13750,-0.003268967056646943,281.4887390136719,0.3,0.810324490070343,685.0465667724609
17,256,16,200.0,2829.0476190476193,4352,-0.24863502085208894,0.061149277,0.107421875,0.0003,13760,-0.014274245407432318,259.1451416015625,0.3,0.823110818862915,618.8947280883789
18,256,17,200.0,2832.608695652174,4608,-0.2612294122576714,0.0073109195,0.046875,0.0003,13770,-0.006272102519869804,332.10198974609375,0.3,0.8014182448387146,708.7969665527344
19,255,19,200.0,2824.1666666666665,4864,-0.2807949334383011,0.06850426,0.094140625,0.0003,13780,-0.016118259029462935,408.6236267089844,0.3,0.6978650093078613,1142.4713043212892
20,255,20,200.0,2826.0,5120,-0.28416378498077394,0.014548084,0.0390625,0.0003,13790,-0.008296932117082179,204.41317749023438,0.3,0.8059580326080322,733.5182846069335
21,255,21,200.0,2826.923076923077,5376,-0.253225053101778,0.0094703175,0.030078125,0.0003,13800,-0.010423334804363549,368.24407958984375,0.3,0.7847684621810913,728.4081802368164
22,256,21,200.0,2828.5714285714284,5632,-0.2510034769773483,0.02628679,0.057421875,0.0003,13810,-0.01281614270992577,140.0463104248047,0.3,0.861533522605896,514.3464721679687
23,257,22,200.0,2821.0344827586205,5888,-0.25171838104724886,0.011663349,0.037109375,0.0003,13820,-0.004274476994760334,612.6293334960938,0.3,0.7010178565979004,1089.294012451172
24,258,23,200.0,2822.0,6144,-0.2788410373032093,0.042228397,0.040625,0.0003,13830,-0.01222738134674728,191.56637573242188,0.3,0.8762684464454651,451.37235794067385
25,259,24,200.0,2823.125,6400,-0.2866210401058197,0.032735046,0.047265625,0.0003,13840,-0.010799540835432709,258.0903015136719,0.3,0.8369522094726562,557.486051940918
26,259,25,200.0,2823.939393939394,6656,-0.30254008024930956,0.008657388,0.037890625,0.0003,13850,-0.00793688811827451,121.47148895263672,0.3,0.8662222623825073,457.9115379333496
27,258,26,200.0,2824.705882352941,6912,-0.28612682446837423,0.06097966,0.0796875,0.0003,13860,-0.010788925108499825,165.51541137695312,0.3,0.8584110140800476,455.8184410095215
28,257,27,200.0,2824.8571428571427,7168,-0.3392841428518295,0.02730145,0.09375,0.0003,13870,-0.00778588744578883,214.0880584716797,0.3,0.9137118458747864,290.7442428588867
29,257,28,200.0,2825.675675675676,7424,-0.3738533079624176,0.046291567,0.092578125,0.0003,13880,-0.01834447178989649,82.80226135253906,0.3,0.948901891708374,161.86748199462892
30,256,29,200.0,2825.7894736842104,7680,-0.40905639678239825,0.047104087,0.08359375,0.0003,13890,-0.011050181766040622,194.71250915527344,0.3,0.871619701385498,445.71911544799804
31,256,30,200.0,2826.4102564102564,7936,-0.4264289990067482,0.09704961,0.16171875,0.0003,13900,-0.023330628499388696,134.65463256835938,0.3,0.9196348190307617,274.1524398803711
32,256,31,200.0,2827.5,8192,-0.32756118327379224,0.006690083,0.058984375,0.0003,13910,-0.011034889379516244,151.2605438232422,0.3,0.8940034508705139,351.41625747680666
33,255,33,200.0,2829.0476190476193,8448,-0.33097880631685256,0.0027903097,0.036328125,0.0003,13920,-0.0063303019618615505,470.5481262207031,0.3,0.7795740365982056,718.3391899108886
34,255,34,200.0,2830.0,8704,-0.314363631606102,0.06470835,0.064453125,0.0003,13930,-0.013314894726499915,308.8353576660156,0.3,0.7584676742553711,908.3241394042968
35,255,35,200.0,2830.0,8960,-0.30141957104206085,0.013120808,0.022265625,0.0003,13940,-0.003985076840035617,167.02891540527344,0.3,0.8444439768791199,491.4112174987793
36,255,36,200.0,2830.4347826086955,9216,-0.2858027793467045,0.024810653,0.0390625,0.0003,13950,-0.011161347152665257,143.98126220703125,0.3,0.8972423672676086,333.810799407959
37,254,37,200.0,2830.425531914894,9472,-0.27415103688836095,0.022487476,0.041015625,0.0003,13960,-0.007724108989350498,218.8145294189453,0.3,0.8254615664482117,672.7434280395507
38,254,38,200.0,2830.4166666666665,9728,-0.2985068216919899,0.0032788545,0.00859375,0.0003,13970,-0.0025781115982681513,195.87176513671875,0.3,0.9056728482246399,342.4951286315918
39,254,39,200.0,2830.408163265306,9984,-0.25079175382852553,0.022999756,0.041015625,0.0003,13980,-0.013009090162813663,101.94585418701172,0.3,0.910722017288208,254.17538757324218
40,253,40,200.0,2827.2549019607845,10240,-0.41599534153938295,0.06821756,0.122265625,0.0003,13990,-0.018945919489488004,129.1686553955078,0.3,0.9010488986968994,333.35801696777344
1,320,0,200.0,3070.0,256,-0.32055962830781937,0.00915519,0.01875,0.0003,14000,-0.005946085031609982,453.61724853515625,0.3,0.713634192943573,1073.3259170532226
2,275,1,200.0,2970.0,512,-1.2893793821334838,0.013566935,0.055078125,0.0003,13610,-0.008960540930274874,117.56227111816406,0.3,0.9247700572013855,247.1173511505127
3,262,2,200.0,2936.6666666666665,768,-1.2286834061145782,0.01424372,0.059375,0.0003,13620,-0.0011646423721686006,336.5135192871094,0.3,0.7513458728790283,835.5038375854492
4,259,3,200.0,2904.0,1024,-1.2579557180404664,0.015854016,0.136328125,0.0003,13630,-0.012102684332057833,507.99945068359375,0.3,0.7663857936859131,796.5236694335938
5,256,4,200.0,2895.0,1280,-1.3041463613510131,0.0154205635,0.01875,0.0003,13640,-0.0045617656782269474,326.31591796875,0.3,0.7370875477790833,944.8001220703125
6,257,5,200.0,2885.714285714286,1536,-1.3237206161022186,0.011977617,0.046484375,0.0003,13650,-0.009092867595609278,213.778564453125,0.3,0.8999964594841003,341.6605880737305
7,255,7,200.0,2881.25,1792,-1.3446226716041565,0.012935202,0.133984375,0.0003,13660,-0.008866489981301129,134.2297821044922,0.3,0.9042651653289795,306.130899810791
8,255,8,200.0,2899.0,2048,-1.3004912376403808,0.0076887896,0.005859375,0.0003,13670,-0.004527294635772705,346.385498046875,0.3,0.8572053909301758,473.9494285583496
9,253,9,200.0,2914.5454545454545,2304,-1.307079803943634,0.02287063,0.1046875,0.0003,13680,-0.020431967498734594,279.11260986328125,0.3,0.8303850889205933,542.3000213623047
10,251,10,200.0,2907.5,2560,-1.3263298988342285,0.011100035,0.07578125,0.0003,13690,-0.012653665384277701,50.510215759277344,0.3,0.9418536424636841,174.45261573791504
11,250,11,200.0,2899.285714285714,2816,-1.3813568234443665,0.008329418,0.023046875,0.0003,13700,-0.010084105795249343,259.6983947753906,0.3,0.8355629444122314,583.6488143920899
12,252,12,200.0,2896.0,3072,-1.330895859003067,0.04277915,0.07265625,0.0003,13710,-0.011085792724043132,372.3900146484375,0.3,0.7385977506637573,857.0283401489257
13,251,13,200.0,2894.375,3328,-1.302536278963089,0.015815776,0.05625,0.0003,13720,-0.008448960725218058,254.5529022216797,0.3,0.8860167860984802,361.88927993774416
14,251,14,200.0,2904.705882352941,3584,-1.340725952386856,0.0067567313,0.05,0.0003,13730,-0.004648285696748644,652.71240234375,0.3,0.7520870566368103,863.0083572387696
15,252,15,200.0,2911.5789473684213,3840,-1.3377660632133483,0.016202696,0.08359375,0.0003,13740,-0.010943895298987627,85.08747100830078,0.3,0.9536619186401367,156.56126251220704
16,251,16,200.0,2919.5,4096,-1.46086727976799,0.022102298,0.084375,0.0003,13750,-0.005162143427878618,425.65997314453125,0.3,0.7520003914833069,909.1781860351563
17,251,17,200.0,2917.1428571428573,4352,-1.447827583551407,0.003090016,0.0,0.0003,13760,-0.0001773270545527339,124.7281723022461,0.3,0.9404909014701843,205.5463481903076
18,251,18,200.0,2912.1739130434785,4608,-1.4623196959495544,0.019164246,0.01015625,0.0003,13770,-0.009196722088381648,590.1197509765625,0.3,0.7573328018188477,865.3288299560547
19,250,19,200.0,2909.5833333333335,4864,-1.4666577875614166,0.03243047,0.08203125,0.0003,13780,-0.007243265863507986,323.55694580078125,0.3,0.7615308165550232,903.2295501708984
20,250,20,200.0,2906.4,5120,-1.4442758798599242,0.017156545,0.01484375,0.0003,13790,-0.010319259855896235,257.9643859863281,0.3,0.8539151549339294,475.52847442626955
21,251,21,200.0,2905.0,5376,-1.347215735912323,0.010245377,0.0,0.0003,13800,-0.005790322390384972,244.04257202148438,0.3,0.8784439563751221,411.95108489990236
22,252,22,200.0,2902.5,5632,-1.3393156349658966,0.015125159,0.06796875,0.0003,13810,-0.00916178640909493,195.93258666992188,0.3,0.8256962299346924,587.3813079833984
23,251,23,200.0,2900.689655172414,5888,-1.2643951654434205,0.024989557,0.063671875,0.0003,13820,-0.007641071267426014,862.1096801757812,0.3,0.5985327959060669,1537.4859619140625
24,251,24,200.0,2899.0,6144,-1.1421458661556243,0.013833669,0.018359375,0.0003,13830,-0.009721934580011294,234.3074188232422,0.3,0.8301039934158325,542.1492973327637
25,251,25,200.0,2888.4375,6400,-1.0074837803840637,0.0041141873,0.001953125,0.0003,13840,-0.007287229341454804,314.785888671875,0.3,0.8647024631500244,461.23812408447264
26,251,26,200.0,2887.878787878788,6656,-0.9762578189373017,0.013533606,0.025390625,0.0003,13850,-0.01075913622044027,371.4373474121094,0.3,0.8140696883201599,699.5176132202148
27,251,27,200.0,2887.3529411764707,6912,-1.0108626753091812,0.020101115,0.015625,0.0003,13860,-0.00620666112517938,237.86549377441406,0.3,0.8441578149795532,503.71459808349607
28,251,28,200.0,2892.5714285714284,7168,-1.2932981312274934,0.061289016,0.1546875,0.0003,13870,-0.0074769114842638375,231.48167419433594,0.3,0.7594476938247681,829.2102523803711
29,251,29,200.0,2896.7567567567567,7424,-1.3442693829536438,0.014093299,0.029296875,0.0003,13880,-0.011560924723744393,46.75444412231445,0.3,0.943814218044281,157.13456230163575
30,251,30,200.0,2896.0526315789475,7680,-1.4119154334068298,0.0055229096,0.003515625,0.0003,13890,-0.008501371811144054,444.3637390136719,0.3,0.7335273623466492,932.1976684570312
31,252,31,200.0,2894.358974358974,7936,-1.4066741466522217,0.026771536,0.0578125,0.0003,13900,-0.005742510105483234,273.4427185058594,0.3,0.8421167731285095,536.0431610107422
32,252,32,200.0,2892.75,8192,-1.461713284254074,0.01040195,0.0078125,0.0003,13910,-0.002010412234812975,238.9367218017578,0.3,0.7620107531547546,674.1386276245117
33,252,33,200.0,2890.714285714286,8448,-1.375894594192505,0.0026901364,0.0,0.0003,13920,-0.003363655135035515,242.31271362304688,0.3,0.8820672631263733,390.20801467895507
34,252,34,200.0,2889.3023255813955,8704,-1.3717262506484986,0.024743311,0.028125,0.0003,13930,-0.01033602935494855,246.25762939453125,0.3,0.8286541104316711,555.5036773681641
35,252,35,200.0,2883.409090909091,8960,-1.4439570724964141,0.007631275,0.0,0.0003,13940,6.917484570294619e-05,213.8841552734375,0.3,0.8512489795684814,426.74000015258787
36,252,36,200.0,2881.086956521739,9216,-1.3841978907585144,0.0028749828,0.000390625,0.0003,13950,-0.0036750097526237367,125.32337951660156,0.3,0.7896134257316589,636.3679412841797
37,253,37,200.0,2874.8936170212764,9472,-1.3614790737628937,0.003882675,0.000390625,0.0003,13960,-0.00534491641446948,176.79742431640625,0.3,0.8398892879486084,556.0246429443359
38,253,38,200.0,2874.1666666666665,9728,-1.4017363965511322,0.010520801,0.003515625,0.0003,13970,-0.00925992801785469,201.8080596923828,0.3,0.8347623348236084,507.1752075195312
39,252,39,200.0,2873.265306122449,9984,-1.2649974167346953,0.027800787,0.03828125,0.0003,13980,-0.009656806546263396,178.93028259277344,0.3,0.9068997502326965,308.4094871520996
40,252,40,200.0,2876.470588235294,10240,-1.2517934739589691,0.046725206,0.109375,0.0003,13990,-0.015971746295690536,94.45992279052734,0.3,0.9094502925872803,279.996085357666
1,306,0,200.0,2850.0,256,-1.280061709880829,0.023293283,0.01171875,0.0003,14000,-0.006431337678804994,218.85523986816406,0.3,0.8555065393447876,443.63292465209963
2,264,1,200.0,2860.0,512,-0.2801085591316223,0.0072518555,0.023046875,0.0003,14010,-0.009844083548523485,240.28579711914062,0.3,0.8307113647460938,564.5661178588867
3,257,2,200.0,2856.6666666666665,768,-0.23557159900665284,0.0034247085,0.008984375,0.0003,14020,-0.0061664682580158114,245.14341735839844,0.3,0.7941929697990417,707.7864212036133
4,250,4,200.0,2854.0,1024,-0.2772370301187038,0.012637713,0.03828125,0.0003,14030,-0.006948047201149166,241.4534149169922,0.3,0.892004668712616,375.244580078125
5,251,5,200.0,2856.6666666666665,1280,-0.3355142861604691,0.028179545,0.048828125,0.0003,14040,-0.007371015613898635,287.44781494140625,0.3,0.7910228967666626,707.3481201171875
6,250,6,200.0,2821.4285714285716,1536,-0.26374912038445475,0.004085769,0.0234375,0.0003,14050,-0.005560345202684403,469.2849426269531,0.3,0.7671083807945251,802.8701080322265
7,252,7,200.0,2827.5,1792,-0.3194964721798897,0.026525017,0.030078125,0.0003,14060,-0.010261358390562237,200.33633422851562,0.3,0.847722053527832,528.7515396118164
8,252,8,200.0,2836.0,2048,-0.2854359544813633,0.007435289,0.025390625,0.0003,14070,-0.0014836957678198814,152.06924438476562,0.3,0.8748799562454224,439.10384674072264
9,253,9,200.0,2835.4545454545455,2304,-0.3536069497466087,0.01043856,0.033984375,0.0003,14080,-0.003497186000458896,545.5347900390625,0.3,0.6735737323760986,1196.2761932373046
10,253,10,200.0,2838.3333333333335,2560,-0.30638041347265244,0.0067897364,0.026171875,0.0003,14090,-0.007661913614720106,97.06391906738281,0.3,0.9144414067268372,280.575666809082
11,253,11,200.0,2822.1428571428573,2816,-0.33418982326984403,0.026532885,0.053125,0.0003,14100,-0.011074248608201743,127.06890869140625,0.3,0.8353492021560669,567.3919326782227
12,253,12,200.0,2789.3333333333335,3072,-0.34277241080999377,0.010512562,0.03515625,0.0003,14110,-0.01107221944257617,1233.780029296875,0.3,0.5707056522369385,1665.8996826171874
13,252,13,200.0,2793.125,3328,-0.27318232208490373,0.021001931,0.030078125,0.0003,14120,-0.022056889720261097,344.1782531738281,0.3,0.717409074306488,1061.031982421875
14,252,14,200.0,2809.4117647058824,3584,-0.32241908013820647,0.009047588,0.019921875,0.0003,14130,-0.0029153317445889115,300.69354248046875,0.3,0.8681865334510803,491.8682159423828
15,252,15,200.0,2813.684210526316,3840,-0.3122757479548454,0.030434271,0.05078125,0.0003,14140,-0.010576634062454104,117.83390808105469,0.3,0.949012041091919,172.66888046264648
16,251,16,200.0,2815.5,4096,-0.31224905252456664,0.007641263,0.014453125,0.0003,14150,0.0019725351594388485,498.04718017578125,0.3,0.7079057097434998,1107.3544342041016
17,250,17,200.0,2816.190476190476,4352,-0.34826944023370743,0.01179344,0.04296875,0.0003,14160,-0.006821894296444952,165.2246856689453,0.3,0.8632450103759766,451.38244476318357
18,250,18,200.0,2807.391304347826,4608,-0.25394995138049126,0.005162931,0.0359375,0.0003,14170,-0.006646246160380542,161.74679565429688,0.3,0.8935054540634155,374.1096664428711
19,250,19,200.0,2810.0,4864,-0.27412308007478714,0.08714505,0.0875,0.0003,14180,-0.015365349967032671,293.7496032714844,0.3,0.8763906955718994,398.10951232910156
20,255,20,200.0,2811.6,5120,-0.3164522394537926,0.006506657,0.0234375,0.0003,14190,-0.003980676585342735,251.29490661621094,0.3,0.8392915725708008,550.5036590576171
21,265,20,200.0,2813.076923076923,5376,-0.30674047470092775,0.009773055,0.034375,0.0003,14200,-0.006413884623907506,217.09803771972656,0.3,0.8676761388778687,447.56968841552737
22,274,20,200.0,2814.285714285714,5632,-0.3058713227510452,0.02853332,0.06640625,0.0003,14210,-0.010207929089665413,264.963134765625,0.3,0.8764729499816895,405.3816375732422
23,283,20,200.0,2806.551724137931,5888,-0.28904748782515527,0.014124326,0.077734375,0.0003,14220,-0.0036432993598282336,314.31103515625,0.3,0.8524643778800964,526.8039001464844
24,292,20,200.0,2792.6666666666665,6144,-0.2734054423868656,0.018064406,0.03359375,0.0003,14230,-0.004626114526763559,305.65478515625,0.3,0.8558870553970337,661.7220291137695
25,301,21,200.0,2782.5,6400,-0.27555160596966743,0.008488964,0.026953125,0.0003,14240,-0.004346605483442545,288.4788513183594,0.3,0.7484728097915649,879.6470703125
26,310,21,200.0,2784.5454545454545,6656,-0.33491995483636855,0.0043531694,0.01484375,0.0003,14250,-0.006019823462702334,542.517578125,0.3,0.7087632417678833,1335.320816040039
27,318,21,200.0,2785.8823529411766,6912,-0.3010855421423912,0.0010798054,0.001953125,0.0003,14260,-0.0004714536014944315,197.14617919921875,0.3,0.8522629737854004,533.3730819702148
28,326,21,200.0,2787.714285714286,7168,-0.288406229019165,0.019178964,0.0484375,0.0003,14270,-0.011102602048777045,128.47323608398438,0.3,0.9255673885345459,238.77052001953126
29,334,22,200.0,2785.675675675676,7424,-0.29875355809926984,0.0063634384,0.025,0.0003,14280,-0.0036762769566848876,243.6962890625,0.3,0.8713400363922119,442.7799819946289
30,342,22,200.0,2780.7894736842104,7680,-0.2686313599348068,0.017456919,0.03984375,0.0003,14290,-0.008067302964627742,603.0642700195312,0.3,0.7356919646263123,1026.447491455078
31,349,22,200.0,2783.076923076923,7936,-0.279165954887867,0.0147098955,0.03671875,0.0003,14300,-0.014649477414786815,501.9048767089844,0.3,0.7523030042648315,964.1400451660156
32,357,22,200.0,2784.25,8192,-0.24869216829538346,0.023549432,0.047265625,0.0003,14310,-0.014521369966678322,349.24676513671875,0.3,0.8256015181541443,599.0661117553711
33,364,23,200.0,2792.1428571428573,8448,-0.24105797484517097,0.013086755,0.056640625,0.0003,14320,-0.004782013036310673,123.59819793701172,0.3,0.9299938678741455,243.29614143371583
34,371,23,200.0,2793.953488372093,8704,-0.23735650405287742,0.030035332,0.0875,0.0003,14330,-0.0142260069726035,272.4114074707031,0.3,0.8521025776863098,477.0316650390625
35,378,23,200.0,2795.681818181818,8960,-0.22759588062763214,0.013392771,0.044140625,0.0003,14340,-0.0032809291034936903,261.5355224609375,0.3,0.8509018421173096,507.78927459716795
36,385,23,200.0,2786.7391304347825,9216,-0.253345500677824,0.011772566,0.033984375,0.0003,14350,-0.0072360268328338865,294.2755432128906,0.3,0.7868437170982361,711.5194381713867
37,392,24,200.0,2788.5106382978724,9472,-0.22542606070637702,0.0008073959,0.000390625,0.0003,14360,0.0017267048824578524,409.59033203125,0.3,0.3903580904006958,1664.921176147461
38,398,24,200.0,2789.7916666666665,9728,-0.26122612655162813,0.010265745,0.03515625,0.0003,14370,-0.007070503057911992,430.5074157714844,0.3,0.7625434398651123,827.323893737793
39,405,24,200.0,2791.4285714285716,9984,-0.24791368544101716,0.01490036,0.03984375,0.0003,14380,-0.005324515327811241,235.11268615722656,0.3,0.8519387245178223,491.51525802612304
40,411,24,200.0,2793.3333333333335,10240,-0.2640831217169762,0.008709856,0.0203125,0.0003,14390,-0.007088770344853401,502.1904602050781,0.3,0.8109498023986816,661.5596969604492
1,1301,0,200.0,2870.0,256,-0.27772456035017967,0.026350286,0.042578125,0.0003,14400,-0.005960141029208899,125.05985260009766,0.3,0.8002089858055115,677.4861114501953
2,1160,0,200.0,2850.0,512,-1.2259455502033234,0.02240865,0.049609375,0.0003,14010,-0.010184936632867903,418.01910400390625,0.3,0.7423513531684875,988.0340942382812
3,1122,0,200.0,2843.3333333333335,768,-1.187973541021347,0.03540986,0.105078125,0.0003,14020,-0.009610897861421108,103.61957550048828,0.3,0.9449177384376526,159.54059104919435
4,1098,0,200.0,2838.0,1024,-1.2852465510368347,0.004298105,0.005078125,0.0003,14030,-0.003889028076082468,182.81942749023438,0.3,0.9116147756576538,273.6787643432617
5,1082,1,200.0,2795.0,1280,-1.3645501673221587,0.032887105,0.063671875,0.0003,14040,-0.009317361889407039,235.9928436279297,0.3,0.8787634968757629,401.1175537109375
6,1074,1,200.0,2805.714285714286,1536,-1.4447606027126312,0.033268478,0.078515625,0.0003,14050,-0.012899617967195808,594.45166015625,0.3,0.7306216955184937,1074.8248901367188
7,1076,1,200.0,2783.75,1792,-1.4739538550376892,0.05296192,0.14140625,0.0003,14060,-0.01940983752720058,221.41258239746094,0.3,0.8442427515983582,528.3906005859375
8,1071,1,200.0,2817.0,2048,-1.4270454704761506,0.012014311,0.006640625,0.0003,14070,-0.008845627238042653,306.8116149902344,0.3,0.760000467300415,828.6354949951171
9,1074,2,200.0,2819.090909090909,2304,-1.4629919886589051,0.0028841933,0.0,0.0003,14080,-0.0008547093137167394,96.39612579345703,0.3,0.8935269713401794,347.3751762390137
10,1073,2,200.0,2821.6666666666665,2560,-1.490516722202301,0.053091478,0.173046875,0.0003,14090,-0.023742155451327563,245.03302001953125,0.3,0.9053834676742554,321.97530975341795
11,1073,2,200.0,2809.285714285714,2816,-1.3947429955005646,0.006052849,0.0,0.0003,14100,-0.0031245882622897626,221.08859252929688,0.3,0.8725429177284241,422.5797172546387
12,1069,2,200.0,2826.6666666666665,3072,-1.4206861078739166,0.0016156007,0.0,0.0003,14110,-0.002078669972252101,528.4599609375,0.3,0.5603769421577454,1319.1739044189453
13,1068,3,200.0,2829.375,3328,-1.4286419451236725,0.0077467496,0.001953125,0.0003,14120,-0.0067132388940081,75.73885345458984,0.3,0.9426992535591125,181.07398719787597
14,1069,3,200.0,2831.764705882353,3584,-1.3413750171661376,0.061922878,0.18046875,0.0003,14130,-0.0166490288451314,197.98690795898438,0.3,0.8639428615570068,474.09694442749026
15,1067,3,200.0,2845.2631578947367,3840,-1.3475471138954163,0.035670884,0.096875,0.0003,14140,-0.016260047792457044,361.43243408203125,0.3,0.8446707725524902,536.3091659545898
16,1067,3,200.0,2844.5,4096,-1.417661052942276,0.009117797,0.00859375,0.0003,14150,-0.004751002183184028,379.7440490722656,0.3,0.8340977430343628,568.4386474609375
17,1068,4,200.0,2845.714285714286,4352,-1.4551778197288514,0.012825699,0.008203125,0.0003,14160,-0.0050885766511783006,140.92662048339844,0.3,0.8667473196983337,396.2628662109375
18,1068,4,200.0,2847.8260869565215,4608,-1.522559541463852,0.03158027,0.07421875,0.0003,14170,-0.013119096413720398,302.4739074707031,0.3,0.786658525466919,725.9771057128906
19,1069,4,200.0,2848.75,4864,-1.5567083358764648,0.0044054626,0.0015625,0.0003,14180,-0.0033304170705378056,425.2328796386719,0.3,0.6702532768249512,1241.5253509521485
20,1070,4,200.0,2839.2,5120,-1.5689956784248351,0.001544185,0.0,0.0003,14190,-0.0004662725841626525,198.19395446777344,0.3,0.819013774394989,570.8959259033203
21,1070,5,200.0,2839.6153846153848,5376,-1.5493941903114319,0.028185518,0.058203125,0.0003,14200,-0.013779525877907872,246.8848876953125,0.3,0.8805163502693176,417.91503143310547
22,1068,5,200.0,2840.714285714286,5632,-1.4515458405017854,0.018286962,0.03671875,0.0003,14210,-0.007269534864462912,119.69373321533203,0.3,0.8834396600723267,364.7533805847168
23,1067,5,200.0,2841.7241379310344,5888,-1.3647452592849731,0.016159836,0.014453125,0.0003,14220,-0.012630353774875402,482.015869140625,0.3,0.7882090210914612,729.647982788086
24,1068,5,200.0,2841.6666666666665,6144,-1.383746373653412,0.021494575,0.03671875,0.0003,14230,-0.0046892314683645965,298.17877197265625,0.3,0.8361798524856567,554.3791732788086
25,1069,5,200.0,2842.1875,6400,-1.4372486233711244,0.027861524,0.046875,0.0003,14240,-0.010194868850521743,161.42225646972656,0.3,0.7968089580535889,642.1394958496094
26,1069,6,200.0,2849.090909090909,6656,-1.4272964894771576,0.023099862,0.036328125,0.0003,14250,-0.006255301518831402,506.7264404296875,0.3,0.7415945529937744,907.7363830566406
27,1069,6,200.0,2848.529411764706,6912,-1.4397118806838989,0.0079238685,0.01171875,0.0003,14260,-0.004523878265172243,104.73026275634766,0.3,0.9228578805923462,236.07107467651366
28,1069,6,200.0,2854.8571428571427,7168,-1.4519251883029938,0.023542799,0.040234375,0.0003,14270,-0.019687945395708083,158.97642517089844,0.3,0.9171004295349121,244.96316566467286
29,1067,6,200.0,2866.4864864864867,7424,-1.387522327899933,0.021025997,0.03125,0.0003,14280,-0.00827458086423576,93.0311279296875,0.3,0.9433963894844055,171.61883544921875
30,1066,7,200.0,2866.5789473684213,7680,-1.3360142946243285,0.017298736,0.041015625,0.0003,14290,-0.009870203211903572,83.01643371582031,0.3,0.9142141342163086,260.0162040710449
31,1066,7,200.0,2866.6666666666665,7936,-1.449546653032303,0.008272106,0.0,0.0003,14300,-0.002613533625844866,329.1961975097656,0.3,0.8360369205474854,564.5903945922852
32,1066,7,200.0,2866.75,8192,-1.2682703673839568,0.033780657,0.10703125,0.0003,14310,-0.011075515928678215,436.0062561035156,0.3,0.7671952247619629,802.3283676147461
33,1063,7,200.0,2871.6666666666665,8448,-1.2928003191947937,0.014170002,0.01953125,0.0003,14320,-0.00521433794638142,281.3087158203125,0.3,0.8458638787269592,471.80640869140626
34,1060,8,200.0,2876.279069767442,8704,-1.38825261592865,0.026861098,0.033203125,0.0003,14330,-0.015385559992864728,341.5094299316406,0.3,0.7243511080741882,917.6919082641601
35,1058,8,200.0,2875.681818181818,8960,-1.5526543080806732,0.025689756,0.0890625,0.0003,14340,-0.008509498927742243,100.80891418457031,0.3,0.8870152235031128,303.50362701416014
36,1057,8,200.0,2877.8260869565215,9216,-1.493282949924469,0.0054570846,0.0046875,0.0003,14350,-0.006105032516643405,384.0467529296875,0.3,0.7708257436752319,910.69091796875
37,1055,8,200.0,2877.659574468085,9472,-1.5236900329589844,0.03664445,0.1234375,0.0003,14360,-0.014390274486504494,138.4287109375,0.3,0.8764173984527588,365.49358520507815
38,1054,9,200.0,2877.5,9728,-1.5573403000831605,0.0028764817,0.0,0.0003,14370,-0.0030797076411545276,196.32919311523438,0.3,0.7890487313270569,646.3976608276367
39,1052,9,200.0,2881.4285714285716,9984,-1.5759365737438202,0.011714039,0.0109375,0.0003,14380,-0.012411238951608538,176.486572265625,0.3,0.8318670988082886,567.5091934204102
40,1051,9,200.0,2884.901960784314,10240,-1.5352645754814147,0.017640598,0.04140625,0.0003,14390,-0.007585519133135677,105.06378936767578,0.3,0.9280152320861816,206.56485137939453
1,1330,0,200.0,3070.0,256,-1.5326876282691955,0.01456794,0.020703125,0.0003,14400,-0.005958194041159004,381.26953125,0.3,0.7538861632347107,769.1218521118165
2,1187,0,200.0,3070.0,512,-0.2643579117953777,0.0059540123,0.015625,0.0003,14410,-0.004340503585990518,97.98866271972656,0.3,0.919686496257782,270.16722946166993
3,1140,0,200.0,3003.3333333333335,768,-0.28338406011462214,0.009985115,0.06171875,0.0003,14420,-0.005511696613393724,112.38258361816406,0.3,0.9236910939216614,237.57075080871581
4,1106,0,200.0,2950.0,1024,-0.29776071608066557,0.014228232,0.02890625,0.0003,14430,-0.004222395387478173,577.32666015625,0.3,0.795771598815918,716.7802062988281
5,1085,1,200.0,2930.0,1280,-0.32653123140335083,0.009465831,0.024609375,0.0003,14440,-0.004510514694266022,488.3543701171875,0.3,0.6630009412765503,1292.0316131591796
6,1074,1,200.0,2918.5714285714284,1536,-0.3308420851826668,0.044208035,0.066796875,0.0003,14450,-0.009958796831779183,195.2644805908203,0.3,0.9012476801872253,347.6059295654297
7,1069,1,200.0,2937.5,1792,-0.34835003316402435,0.020347517,0.0546875,0.0003,14460,-0.005371701531112194,165.5071563720703,0.3,0.8817098736763,402.2234771728516
8,1069,1,200.0,2898.0,2048,-0.3927005186676979,0.036519274,0.0859375,0.0003,14470,-0.014084898587316274,131.78457641601562,0.3,0.9055197834968567,274.8823547363281
9,1071,2,200.0,2895.4545454545455,2304,-0.3532587692141533,0.022052202,0.069140625,0.0003,14480,-0.002574224513955414,700.5237426757812,0.3,0.6464263200759888,1349.5778839111329
10,1070,2,200.0,2910.0,2560,-0.38318252116441726,0.03441707,0.084765625,0.0003,14490,-0.007534477929584682,307.5501708984375,0.3,0.8656476140022278,465.20669174194336
11,1070,2,200.0,2902.8571428571427,2816,-0.4043753042817116,0.0130517315,0.03515625,0.0003,14500,-0.003851752635091543,32.34258270263672,0.3,0.9407561421394348,187.20375366210936
12,1069,2,200.0,2900.6666666666665,3072,-0.4203236475586891,0.015647855,0.0578125,0.0003,14510,-0.011178659670986236,510.4879150390625,0.3,0.7371764183044434,1057.7990600585938
13,1071,3,200.0,2877.5,3328,-0.4248403549194336,0.0056058816,0.016796875,0.0003,14520,-0.01024086175020784,270.45458984375,0.3,0.7534204721450806,858.7150497436523
14,1068,3,200.0,2872.9411764705883,3584,-0.4114029794931412,0.017206978,0.036328125,0.0003,14530,-0.012466886732727289,603.177978515625,0.3,0.7216450572013855,1040.301806640625
15,1068,3,200.0,2881.0526315789475,3840,-0.3945691123604774,0.011045517,0.037109375,0.0003,14540,-0.010111847729422151,312.9884033203125,0.3,0.8192731738090515,644.0922943115235
16,1062,3,200.0,2880.5,4096,-0.3631809264421463,0.012328182,0.024609375,0.0003,14550,-0.005646526219788939,150.10037231445312,0.3,0.871710479259491,379.3695556640625
17,1062,4,200.0,2879.0476190476193,4352,-0.3866031065583229,0.027673345,0.065234375,0.0003,14560,-0.012750024162232875,515.9596557617188,0.3,0.7883197069168091,726.0623138427734
18,1060,4,200.0,2878.2608695652175,4608,-0.3785191744565964,0.041324757,0.041796875,0.0003,14570,-0.0064688372192904355,263.3396911621094,0.3,0.8542245030403137,499.7300178527832
19,1055,4,200.0,2877.0833333333335,4864,-0.41632928550243375,0.01163053,0.042578125,0.0003,14580,-0.012689720070920885,581.91455078125,0.3,0.6483026742935181,1284.6734680175782
20,1056,4,200.0,2884.8,5120,-0.42818493992090223,0.014654378,0.021875,0.0003,14590,-0.0035720329033210874,159.57191467285156,0.3,0.8676926493644714,488.8298538208008
21,1054,5,200.0,2884.230769230769,5376,-0.3441531822085381,0.031235054,0.042578125,0.0003,14600,-0.011794166453182698,77.68069458007812,0.3,0.9376235008239746,200.92274703979493
22,1049,5,200.0,2873.9285714285716,5632,-0.3329896867275238,0.02259516,0.047265625,0.0003,14610,-0.0020363864488899706,309.1009826660156,0.3,0.8446418046951294,519.6010086059571
23,1050,5,200.0,2873.103448275862,5888,-0.3648277595639229,0.015903741,0.025390625,0.0003,14620,-0.0017907342640683054,528.7046508789062,0.3,0.37926846742630005,2104.6115478515626
24,1048,5,200.0,2873.0,6144,-0.3069524019956589,0.005207542,0.010546875,0.0003,14630,-0.0014014023123309015,224.3208465576172,0.3,0.860420823097229,492.5948181152344
25,1048,6,200.0,2872.8125,6400,-0.3561246246099472,0.014181446,0.04609375,0.0003,14640,-0.005649503553286195,591.16357421875,0.3,0.7431334257125854,866.0109283447266
26,1046,6,200.0,2864.5454545454545,6656,-0.3726598218083382,0.038954753,0.105859375,0.0003,14650,-0.013781510083936155,459.79534912109375,0.3,0.7320571541786194,1020.1544067382813
27,1043,6,200.0,2870.5882352941176,6912,-0.3427401050925255,0.103260234,0.102734375,0.0003,14660,-0.014669474959373475,442.93218994140625,0.3,0.7240583896636963,1039.694647216797
28,1044,6,200.0,2870.5714285714284,7168,-0.3199809953570366,0.030229276,0.0421875,0.0003,14670,-0.012782503664493561,151.03465270996094,0.3,0.9150044322013855,290.59972763061523
29,1044,7,200.0,2874.864864864865,7424,-0.2993643879890442,0.009757519,0.0328125,0.0003,14680,-0.004010662902146578,434.6110534667969,0.3,0.7560315132141113,879.5607681274414
30,1045,7,200.0,2874.2105263157896,7680,-0.28458124697208403,0.008962716,0.023828125,0.0003,14690,-0.006086668826173991,104.87215423583984,0.3,0.8630414009094238,436.34454650878905
31,1046,7,200.0,2874.102564102564,7936,-0.28518588542938234,0.04339633,0.057421875,0.0003,14700,-0.009149341168813408,227.7615509033203,0.3,0.8778212070465088,418.84134140014646
32,1045,7,200.0,2873.0,8192,-0.28483824878931047,0.026762895,0.056640625,0.0003,14710,-0.011174552142620087,355.9170837402344,0.3,0.7926783561706543,719.6548217773437
33,1042,8,200.0,2877.6190476190477,8448,-0.3171417132019997,0.00864731,0.016015625,0.0003,14720,-0.0028834233642555775,157.89279174804688,0.3,0.9153260588645935,298.6621742248535
34,1040,8,200.0,2876.7441860465115,8704,-0.3194779857993126,0.003585534,0.007421875,0.0003,14730,-0.0015406127786263824,507.5340576171875,0.3,0.7271623611450195,957.1373046875
35,1038,8,200.0,2876.590909090909,8960,-0.3613236367702484,0.03662526,0.038671875,0.0003,14740,-0.008595566079020501,155.90029907226562,0.3,0.8785160779953003,385.9316993713379
36,1037,8,200.0,2870.6521739130435,9216,-0.35183346420526507,0.014478205,0.02734375,0.0003,14750,-0.004933592537418008,363.1846923828125,0.3,0.8584272265434265,484.63079223632815
37,1035,9,200.0,2870.6382978723404,9472,-0.34174399375915526,0.016801666,0.0140625,0.0003,14760,-0.008327718451619148,495.62677001953125,0.3,0.7239716053009033,1210.5130310058594
38,1035,9,200.0,2870.625,9728,-0.405949667096138,0.007296885,0.015625,0.0003,14770,-0.002731733024120331,476.42047119140625,0.3,0.7575368285179138,807.2648651123047
39,1033,9,200.0,2865.1020408163267,9984,-0.399695360660553,0.0077359723,0.013671875,0.0003,14780,-0.011859489372000098,564.1460571289062,0.3,0.6378376483917236,1435.0660278320313
40,1032,9,200.0,2852.9411764705883,10240,-0.3869470298290253,0.010435466,0.015625,0.0003,14790,-0.01058111828751862,545.4149780273438,0.3,0.6964617371559143,1182.6845306396485
1,1285,0,200.0,2830.0,256,-0.3404259666800499,0.028105631,0.053125,0.0003,14800,-0.02229146594181657,919.86962890625,0.3,0.6341050863265991,1688.519268798828
2,1136,0,200.0,2950.0,512,-1.526550030708313,0.030291423,0.0609375,0.0003,14410,-0.011783848935738205,145.62257385253906,0.3,0.903322696685791,301.12805252075196
3,1098,0,200.0,2923.3333333333335,768,-1.5313295662403106,0.024612822,0.044921875,0.0003,14420,-0.009561411826871336,69.90343475341797,0.3,0.943245530128479,169.22570304870607
4,1070,0,200.0,2886.0,1024,-1.5867197513580322,0.010929896,0.004296875,0.0003,14430,-0.007450104679446667,258.3684997558594,0.3,0.7903051376342773,710.3845870971679
5,1057,1,200.0,2883.3333333333335,1280,-1.6098492920398713,0.014463825,0.009765625,0.0003,14440,-0.009811868611723184,335.3966064453125,0.3,0.8290278911590576,577.614582824707
6,1053,1,200.0,2881.4285714285716,1536,-1.5293630182743072,0.041847125,0.074609375,0.0003,14450,-0.013055294984951615,352.8716125488281,0.3,0.8278703093528748,589.4923492431641
7,1052,1,200.0,2875.0,1792,-1.5653513610363006,0.03917596,0.069140625,0.0003,14460,-0.013139809714630246,409.3701477050781,0.3,0.7678114175796509,802.3771606445313
8,1053,1,200.0,2871.0,2048,-1.5093716382980347,0.010568405,0.058203125,0.0003,14470,-0.01681684609502554,132.6875,0.3,0.9240380525588989,259.42821884155273
9,1051,2,200.0,2870.909090909091,2304,-1.5474474787712098,0.009352371,0.021875,0.0003,14480,-0.004493244923651218,565.9097290039062,0.3,0.7743024826049805,862.9025299072266
10,1051,2,200.0,2887.5,2560,-1.5442853927612306,0.015418603,0.025,0.0003,14490,-0.006619596155360341,506.74371337890625,0.3,0.7730554938316345,804.0259979248046
11,1052,2,200.0,2897.8571428571427,2816,-1.5871682226657868,0.01084465,0.00546875,0.0003,14500,-0.0037069532554596663,86.70211791992188,0.3,0.9085615873336792,247.37959480285645
12,1054,2,200.0,2909.3333333333335,3072,-1.5712577998638153,0.020518018,0.058984375,0.0003,14510,-0.009888445260003209,202.44525146484375,0.3,0.849919319152832,510.8857162475586
13,1056,3,200.0,2904.375,3328,-1.590884017944336,0.018650642,0.0328125,0.0003,14520,-0.007557609491050244,90.5109634399414,0.3,0.9357028007507324,183.8476589202881
14,1054,3,200.0,2902.3529411764707,3584,-1.5720910429954529,0.023952466,0.04921875,0.0003,14530,-0.011756118084304035,129.33743286132812,0.3,0.9309307932853699,216.1364459991455
15,1056,3,200.0,2907.3684210526317,3840,-1.5418828308582306,0.029344073,0.09296875,0.0003,14540,-0.015394473168998956,370.23052978515625,0.3,0.7998225688934326,667.5848892211914
16,1057,3,200.0,2904.0,4096,-1.5049353539943695,0.0042626327,0.0,0.0003,14550,-0.003954603034071624,212.44003295898438,0.3,0.8698127269744873,417.46409606933594
17,1053,4,200.0,2902.3809523809523,4352,-1.5219414055347442,0.009980645,0.0796875,0.0003,14560,-0.014969162433408201,148.86978149414062,0.3,0.9132733345031738,287.8543983459473
18,1047,4,200.0,2899.5652173913045,4608,-1.5345764398574828,0.020886805,0.067578125,0.0003,14570,-0.01323213493451476,210.25193786621094,0.3,0.842933714389801,516.9921615600585
19,1049,4,200.0,2898.3333333333335,4864,-1.5246040880680085,0.005700519,0.0,0.0003,14580,-0.005145188001915812,435.7642517089844,0.3,0.6824398636817932,1220.5720977783203
20,1049,4,200.0,2896.4,5120,-1.5114034295082093,0.022771543,0.025390625,0.0003,14590,-0.0074773994507268075,353.80108642578125,0.3,0.8398178815841675,522.347444152832
21,1050,5,200.0,2903.076923076923,5376,-1.4996184647083282,0.0067137056,0.00078125,0.0003,14600,-0.0017790693091228604,202.88836669921875,0.3,0.8912914991378784,334.352848815918
22,1051,5,200.0,2900.0,5632,-1.5004940569400786,0.0038127007,0.0,0.0003,14610,-0.0012274157255887986,114.41262817382812,0.3,0.8904913067817688,334.2298217773438
23,1050,5,200.0,2905.862068965517,5888,-1.4535809338092804,0.0022814036,0.0,0.0003,14620,-0.0027269049547612666,373.8290710449219,0.3,0.7798290848731995,816.0578765869141
24,1049,5,200.0,2904.6666666666665,6144,-1.5092873215675353,0.008919289,0.00546875,0.0003,14630,-0.004528187494724989,57.648685455322266,0.3,0.9394705295562744,193.09794692993165
25,1047,6,200.0,2915.0,6400,-1.4842117369174956,0.013382012,0.003515625,0.0003,14640,-0.0071081403060816225,340.2220153808594,0.3,0.7863224148750305,738.3839172363281
26,1045,6,200.0,2913.6363636363635,6656,-1.4980867147445678,0.05236328,0.12734375,0.0003,14650,-0.01566808866336942,69.56487274169922,0.3,0.9254146218299866,226.79065437316893
27,1046,6,200.0,2911.176470588235,6912,-1.4316352903842926,0.029796427,0.078515625,0.0003,14660,-0.013561539561487734,246.55300903320312,0.3,0.7459592223167419,860.0505783081055
28,1043,6,200.0,2915.714285714286,7168,-1.4243731856346131,0.01722539,0.042578125,0.0003,14670,-0.011774684535339475,141.3815155029297,0.3,0.8766472935676575,356.69041595458987
29,1041,7,200.0,2924.054054054054,7424,-1.440406620502472,0.013266055,0.02890625,0.0003,14680,-0.011853615427389741,96.10416412353516,0.3,0.9507127404212952,153.20516395568848
30,1039,7,200.0,2922.6315789473683,7680,-1.444333952665329,0.029013757,0.04375,0.0003,14690,-0.005981582263484597,110.1581039428711,0.3,0.9210759997367859,216.46310653686524
31,1037,7,200.0,2920.769230769231,7936,-1.4632705628871918,0.016910775,0.0265625,0.0003,14700,-0.008222623472101986,283.1425476074219,0.3,0.8273714780807495,599.0912612915039
32,1035,7,200.0,2918.5,8192,-1.5226599097251892,0.0072219223,0.00859375,0.0003,14710,-0.0015699689276516438,227.1584014892578,0.3,0.8397798538208008,525.7312957763672
33,1034,8,200.0,2915.714285714286,8448,-1.5371001482009887,0.013702385,0.038671875,0.0003,14720,-0.010901747504249215,70.19719696044922,0.3,0.9260668754577637,228.8242073059082
34,1034,8,200.0,2919.3023255813955,8704,-1.4893416941165925,0.02607674,0.048046875,0.0003,14730,-0.008343435171991587,487.4573059082031,0.3,0.7654135823249817,885.9111480712891
35,1034,8,200.0,2922.7272727272725,8960,-1.487548816204071,0.021121304,0.069140625,0.0003,14740,-0.010332339303568005,87.28330993652344,0.3,0.9482619762420654,165.56696853637695
36,1034,8,200.0,2923.913043478261,9216,-1.4480444490909576,0.009405036,0.06015625,0.0003,14750,-0.014465051284059883,103.57852172851562,0.3,0.931652307510376,237.76296119689943
37,1035,9,200.0,2921.9148936170213,9472,-1.4687940418720244,0.019431913,0.0875,0.0003,14760,-0.012730258773081005,121.29827880859375,0.3,0.9208401441574097,236.94043502807617
38,1035,9,200.0,2925.0,9728,-1.4180710852146148,0.019116037,0.09921875,0.0003,14770,-0.01384664576034993,97.55840301513672,0.3,0.9430166482925415,205.87300033569335
39,1033,9,200.0,2923.061224489796,9984,-1.4583679556846618,0.020136297,0.040625,0.0003,14780,-0.007305233465740457,83.30796813964844,0.3,0.9343963861465454,188.86782989501953
40,1033,9,200.0,2928.823529411765,10240,-1.480775237083435,0.016423691,0.037109375,0.0003,14790,-0.013565538893453776,79.67100524902344,0.3,0.9305036664009094,214.34398345947267
1,1353,0,200.0,3070.0,256,-1.4366967618465423,0.019034116,0.038671875,0.0003,14800,-0.00833877078257501,102.60675811767578,0.3,0.9212194085121155,240.9388412475586
2,1191,0,200.0,2970.0,512,-0.3628993839025497,0.0055524632,0.01328125,0.0003,14810,-0.007634782162494957,207.58213806152344,0.3,0.886349081993103,393.3596015930176
3,1129,0,200.0,3003.3333333333335,768,-0.33675447255373003,0.013801882,0.035546875,0.0003,14820,-0.010532315261662007,327.6481628417969,0.3,0.7544350028038025,861.2721099853516
4,1107,0,200.0,3030.0,1024,-0.31199127733707427,0.024955723,0.030859375,0.0003,14830,-0.009227593685500324,73.41303253173828,0.3,0.9351648092269897,213.39436416625978
5,1069,1,200.0,3036.6666666666665,1280,-0.24963054656982422,0.056178495,0.059765625,0.0003,14840,-0.007007091399282217,233.2087860107422,0.3,0.8813940286636353,377.8809783935547
6,1055,1,200.0,3041.4285714285716,1536,-0.25296510085463525,0.012408345,0.031640625,0.0003,14850,-0.005404720164369792,135.41807556152344,0.3,0.9191800951957703,262.8716526031494
7,1058,1,200.0,3020.0,1792,-0.3009904533624649,0.06643014,0.036328125,0.0003,14860,-0.002475527534261346,170.35836791992188,0.3,0.9278519153594971,233.45208015441895
8,1056,1,200.0,2932.0,2048,-0.33680268079042436,0.033399202,0.088671875,0.0003,14870,-0.008035878441296518,290.92938232421875,0.3,0.7903605699539185,761.4827163696289
9,1045,2,200.0,2920.0,2304,-0.3527804210782051,0.0066639567,0.021875,0.0003,14880,-0.007419506693258882,938.2319946289062,0.3,0.5695841908454895,2268.821179199219
10,1040,2,200.0,2932.5,2560,-0.3356731042265892,0.02402815,0.05234375,0.0003,14890,-0.015590428072027863,204.8390350341797,0.3,0.8229387998580933,593.4921936035156
11,1036,2,200.0,2936.4285714285716,2816,-0.3298312067985535,0.019242225,0.021484375,0.0003,14900,-0.005726346978917718,75.99906158447266,0.3,0.9139859676361084,276.0452255249023
12,1032,2,200.0,2932.0,3072,-0.3032457187771797,0.024720792,0.054296875,0.0003,14910,-0.008632786571979523,344.0887756347656,0.3,0.8133219480514526,651.1571807861328
13,1028,3,200.0,2926.875,3328,-0.3503635510802269,0.016397193,0.046484375,0.0003,14920,-0.006891762837767601,289.1785583496094,0.3,0.7862403988838196,724.5563034057617
14,1025,3,200.0,2935.294117647059,3584,-0.3897290453314781,0.006463174,0.019921875,0.0003,14930,-0.007341022230684757,256.9811096191406,0.3,0.8677757382392883,453.07052154541014
15,1024,3,200.0,2938.9473684210525,3840,-0.35349071621894834,0.030763056,0.062109375,0.0003,14940,-0.015112527040764689,91.7801742553711,0.3,0.9355763792991638,197.72269287109376
16,1023,4,200.0,2935.5,4096,-0.34403263628482816,0.035652056,0.051953125,0.0003,14950,-0.0035062240436673164,512.0184936523438,0.3,0.7997344136238098,714.5866485595703
17,1024,4,200.0,2941.904761904762,4352,-0.3642761453986168,0.044824228,0.096875,0.0003,14960,-0.017761097010225057,366.6491394042969,0.3,0.8292742967605591,576.6825927734375
18,1025,4,200.0,2932.608695652174,4608,-0.33848358541727064,0.015680496,0.0265625,0.0003,14970,-0.006534777279011905,43.57028579711914,0.3,0.9395079016685486,189.48649559020996
19,1027,4,200.0,2930.0,4864,-0.3787095367908478,0.005746436,0.018359375,0.0003,14980,-0.0030873557552695274,621.4743041992188,0.3,0.592299222946167,1653.956396484375
20,1029,4,200.0,2935.6,5120,-0.3594685569405556,0.010706602,0.040625,0.0003,14990,-0.004596211039461196,285.7941589355469,0.3,0.7477898597717285,876.3262481689453
21,1028,5,200.0,2922.6923076923076,5376,-0.38232876658439635,0.009768425,0.030859375,0.0003,15000,-0.011322363931685685,137.53475952148438,0.3,0.8109475374221802,656.4984359741211
22,1030,5,200.0,2923.5714285714284,5632,-0.36536060869693754,0.04360933,0.089453125,0.0003,15010,-0.014686471316963434,406.14593505859375,0.3,0.7506445646286011,948.7184997558594
23,1031,5,200.0,2928.6206896551726,5888,-0.3572201281785965,0.0105687585,0.026171875,0.0003,15020,-0.006420973152853548,259.67724609375,0.3,0.8788074254989624,416.07307891845704
24,1033,5,200.0,2933.3333333333335,6144,-0.35938020050525665,0.039349657,0.052734375,0.0003,15030,-0.0158317283494398,78.89768981933594,0.3,0.9323561191558838,191.01578216552736
25,1034,6,200.0,2928.75,6400,-0.30703362375497817,0.069300726,0.075,0.0003,15040,-0.014034842344699427,158.67201232910156,0.3,0.9211595058441162,246.28906135559083
26,1035,6,200.0,2933.030303030303,6656,-0.3135952576994896,0.029275162,0.050390625,0.0003,15050,-0.008313177898526192,721.0377197265625,0.3,0.6970559358596802,1193.0721557617187
27,1036,6,200.0,2937.0588235294117,6912,-0.2782678917050362,0.02303696,0.06640625,0.0003,15060,-0.011208659131079912,166.8516845703125,0.3,0.8854223489761353,373.18602447509767
28,1035,6,200.0,2934.5714285714284,7168,-0.3014309644699097,0.022282057,0.088671875,0.0003,15070,-0.009517546882852912,148.076904296875,0.3,0.9234241843223572,244.88646812438964
29,1035,7,200.0,2936.4864864864867,7424,-0.26946392133831976,0.0028226427,0.011328125,0.0003,15080,-0.0025848700199276207,256.28668212890625,0.3,0.8801035284996033,412.84145202636716
30,1032,7,200.0,2934.7368421052633,7680,-0.2702087126672268,0.023544965,0.042578125,0.0003,15090,-0.005190034629777074,282.69293212890625,0.3,0.7035323977470398,1097.5569885253906
31,1032,7,200.0,2932.5641025641025,7936,-0.2804905652999878,0.026596326,0.06015625,0.0003,15100,-0.010157882003113627,200.0706329345703,0.3,0.760761022567749,847.0016380310059
32,1031,7,200.0,2936.0,8192,-0.2907490015029907,0.018139835,0.025,0.0003,15110,-0.004353592032566666,159.12680053710938,0.3,0.8560183048248291,494.7117431640625
33,1031,8,200.0,2942.3809523809523,8448,-0.3534587562084198,0.028433552,0.10625,0.0003,15120,-0.010390422493219375,56.939395904541016,0.3,0.9397969245910645,197.43885803222656
34,1031,8,200.0,2940.232558139535,8704,-0.3648445338010788,0.027117671,0.070703125,0.0003,15130,-0.0070111591252498325,192.52914428710938,0.3,0.8918001651763916,356.99691009521484
35,1029,8,200.0,2943.181818181818,8960,-0.3613155335187912,0.024019282,0.077734375,0.0003,15140,-0.008661483274772763,364.0940246582031,0.3,0.8719094395637512,458.164372253418
36,1028,8,200.0,2940.0,9216,-0.3707661509513855,0.014930882,0.036328125,0.0003,15150,-0.00878209255170077,79.3415298461914,0.3,0.9464775323867798,162.66538009643554
37,1028,9,200.0,2938.5106382978724,9472,-0.40487166345119474,0.0049230857,0.02109375,0.0003,15160,-0.003273507847916335,899.2054443359375,0.3,0.5918269157409668,1520.2262786865235
38,1027,9,200.0,2941.25,9728,-0.3863296419382095,0.0043879957,0.008984375,0.0003,15170,-0.006188769056461751,423.6506652832031,0.3,0.7732058763504028,819.7110931396485
39,1026,9,200.0,2939.795918367347,9984,-0.3756367340683937,0.008048497,0.01953125,0.0003,15180,-0.006879068282432854,93.89788818359375,0.3,0.9365089535713196,186.5986541748047
40,1026,9,200.0,2944.901960784314,10240,-0.4104154586791992,0.03785385,0.062109375,0.0003,15190,-0.008709573023952543,562.3118286132812,0.3,0.7445745468139648,889.662937927246
1,1324,0,200.0,3070.0,256,-0.37913767993450165,0.019957177,0.089453125,0.0003,15200,-0.0064367002341896296,226.32276916503906,0.3,0.8819571137428284,384.6348747253418
2,1173,0,200.0,3070.0,512,-1.3855690002441405,0.029125266,0.05,0.0003,14810,-0.01611254105810076,102.13096618652344,0.3,0.9318481683731079,205.64867782592773
3,1122,0,200.0,3070.0,768,-1.400287961959839,0.025866944,0.093359375,0.0003,14820,-0.008191047608852387,69.64189147949219,0.3,0.9467659592628479,165.91187782287597
4,1089,0,200.0,3070.0,1024,-1.4540403485298157,0.047084853,0.13125,0.0003,14830,-0.013715017354115844,125.61188507080078,0.3,0.9388076066970825,188.54373626708986
5,1069,1,200.0,3070.0,1280,-1.4658413350582122,0.005892804,0.001171875,0.0003,14840,-0.003806204884313047,148.93887329101562,0.3,0.8952794075012207,340.49816131591797
6,1059,1,200.0,3070.0,1536,-1.4628976821899413,0.028540473,0.069140625,0.0003,14850,-0.015084337466396392,87.86595153808594,0.3,0.9259739518165588,234.91372375488282
7,1057,1,200.0,3070.0,1792,-1.424631506204605,0.0075205457,0.009765625,0.0003,14860,-0.0023960722610354424,58.6425666809082,0.3,0.9406383633613586,173.3512363433838
8,1057,1,200.0,3050.0,2048,-1.451570862531662,0.016921869,0.02578125,0.0003,14870,-0.010054965130984783,83.97225952148438,0.3,0.944413423538208,173.61011753082275
9,1057,2,200.0,3033.6363636363635,2304,-1.4562906861305236,0.01616463,0.032421875,0.0003,14880,-0.013091648102272303,516.3216552734375,0.3,0.7258437275886536,905.077767944336
10,1058,2,200.0,3036.6666666666665,2560,-1.4957927644252778,0.025631513,0.05078125,0.0003,14890,-0.010142778418958187,359.0063781738281,0.3,0.800321102142334,669.2972496032714
11,1059,2,200.0,3007.8571428571427,2816,-1.5160416781902313,0.033882555,0.106640625,0.0003,14900,-0.01897983141243458,54.86089324951172,0.3,0.9416446685791016,168.6040859222412
12,1055,2,200.0,3012.0,3072,-1.48775514960289,0.005700846,0.00078125,0.0003,14910,-0.0007627645973116159,851.7440795898438,0.3,0.6403743028640747,1523.8763214111327
13,1050,3,200.0,3003.125,3328,-1.5288553178310393,0.0047157044,0.0,0.0003,14920,-0.005153566971421242,74.81905364990234,0.3,0.9151686429977417,281.87771644592283
14,1045,3,200.0,2981.176470588235,3584,-1.4439992666244508,0.007640077,0.010546875,0.0003,14930,-0.004655626742169261,363.5705871582031,0.3,0.8308213353157043,647.9703430175781
15,1043,3,200.0,2990.5263157894738,3840,-1.515077030658722,0.031234793,0.072265625,0.0003,14940,-0.012509932881221176,253.16688537597656,0.3,0.8608816862106323,476.6253944396973
16,1041,3,200.0,2994.5,4096,-1.485213726758957,0.010541322,0.021875,0.0003,14950,-0.004689772892743349,134.8024444580078,0.3,0.9066927433013916,279.04188003540037
17,1040,4,200.0,2986.6666666666665,4352,-1.4871715962886811,0.011564102,0.0296875,0.0003,14960,-0.009322925377637148,53.41047286987305,0.3,0.9336342811584473,204.36138458251952
18,1037,4,200.0,2993.913043478261,4608,-1.4341287672519685,0.018295962,0.06171875,0.0003,14970,-0.007750839903019368,116.20228576660156,0.3,0.9150124192237854,280.5975254058838
19,1035,4,200.0,2997.0833333333335,4864,-1.4627868413925171,0.052189156,0.105078125,0.0003,14980,-0.01957775398623198,208.05381774902344,0.3,0.8922778367996216,332.5042037963867
20,1034,4,200.0,3000.0,5120,-1.4434561908245087,0.007060988,0.00703125,0.0003,14990,-0.0013154706452041865,140.15057373046875,0.3,0.9346017241477966,202.52334060668946
21,1034,5,200.0,3002.6923076923076,5376,-1.459217554330826,0.038698506,0.137109375,0.0003,15000,-0.009959469293244183,27.186107635498047,0.3,0.9617797136306763,110.40268268585206
22,1034,5,200.0,3000.3571428571427,5632,-1.4273141860961913,0.028079316,0.183984375,0.0003,15010,-0.010957201570272445,85.96475219726562,0.3,0.9383425712585449,186.3530101776123
23,1032,5,200.0,3002.7586206896553,5888,-1.3990330934524535,0.00868322,0.01484375,0.0003,15020,-0.003043942991644144,764.3118286132812,0.3,0.7143920660018921,1050.8638977050782
24,1033,5,200.0,3005.0,6144,-1.4066363155841828,0.016032577,0.020703125,0.0003,15030,-0.00421835551969707,67.52467346191406,0.3,0.9453756213188171,169.61790466308594
25,1033,6,200.0,3009.0625,6400,-1.4115020334720612,0.019642327,0.0921875,0.0003,15040,-0.011340156267397105,60.49100112915039,0.3,0.9392135143280029,182.81950721740722
26,1034,6,200.0,3010.909090909091,6656,-1.387650591135025,0.021159284,0.0328125,0.0003,15050,-0.015206605393905193,113.95513153076172,0.3,0.9366393685340881,192.24550399780273
27,1033,6,200.0,3012.6470588235293,6912,-1.2980115830898284,0.02036727,0.049609375,0.0003,15060,-0.0064537010854110125,105.70787048339844,0.3,0.9446913599967957,170.53389091491698
28,1032,6,200.0,3014.285714285714,7168,-1.289579701423645,0.03186204,0.0609375,0.0003,15070,-0.012665795371867716,34.708614349365234,0.3,0.9552798271179199,128.28407688140868
29,1033,7,200.0,3011.3513513513512,7424,-1.296593153476715,0.014341719,0.0171875,0.0003,15080,-0.005558477807790041,116.2998046875,0.3,0.9255234003067017,238.4042854309082
30,1033,7,200.0,3012.8947368421054,7680,-1.3344857037067412,0.018150115,0.030859375,0.0003,15090,-0.008481953153386712,296.0599060058594,0.3,0.8364760875701904,550.7869033813477
31,1034,7,200.0,3014.358974358974,7936,-1.312939202785492,0.019486945,0.048046875,0.0003,15100,-0.006205804157070815,43.15351104736328,0.3,0.9523500800132751,147.27236099243163
32,1034,7,200.0,3015.75,8192,-1.2507971584796906,0.0143886795,0.021875,0.0003,15110,-0.008808751218020916,96.84142303466797,0.3,0.9474740028381348,166.63485374450684
33,1034,8,200.0,3018.3333333333335,8448,-1.2754351496696472,0.033604395,0.0859375,0.0003,15120,-0.010952299507334829,60.58682632446289,0.3,0.9561862945556641,132.96532745361327
34,1034,8,200.0,3019.5348837209303,8704,-1.2836029648780822,0.012928713,0.022265625,0.0003,15130,-0.0076819362584501505,155.51719665527344,0.3,0.9025040864944458,325.1103126525879
35,1035,8,200.0,3016.1363636363635,8960,-1.2307540655136109,0.007889465,0.007421875,0.0003,15140,-0.003410689695738256,101.85326385498047,0.3,0.9445017576217651,179.5343158721924
36,1035,8,200.0,3018.478260869565,9216,-1.3094931304454804,0.011423679,0.014453125,0.0003,15150,-0.011143591674044728,219.6382293701172,0.3,0.7508057355880737,890.5054641723633
37,1032,9,200.0,3019.574468085106,9472,-1.3504700720310212,0.019244755,0.0359375,0.0003,15160,-0.009050933795515448,150.0128173828125,0.3,0.9049597382545471,301.4886199951172
38,1032,9,200.0,3016.4583333333335,9728,-1.3612934827804566,0.03569212,0.135546875,0.0003,15170,-0.010398017754778267,48.07261657714844,0.3,0.9337272047996521,215.3698932647705
39,1031,9,200.0,3012.6530612244896,9984,-1.326820468902588,0.018419392,0.04765625,0.0003,15180,-0.006336420960724354,376.32562255859375,0.3,0.7766579389572144,757.1093200683594
40,1030,9,200.0,3006.274509803922,10240,-1.3054506957530976,0.0015387929,0.0,0.0003,15190,-0.003843068494461477,279.8648986816406,0.3,0.7401682734489441,757.1548126220703
1,1409,0,200.0,3070.0,256,-1.3519773602485656,0.013657447,0.010546875,0.0003,15200,-0.007114410609938204,224.900634765625,0.3,0.8413652181625366,516.6046325683594
2,1159,0,200.0,3070.0,512,-0.3951968982815742,0.013699569,0.043359375,0.0003,15210,-0.00247415421763435,252.84112548828125,0.3,0.8943965435028076,345.1409004211426
3,1084,0,200.0,3070.0,768,-0.4239604189991951,0.025348105,0.108203125,0.0003,15220,-0.009988535684533418,83.93682098388672,0.3,0.9385509490966797,194.04726905822753
4,1063,0,200.0,3030.0,1024,-0.42249131500720977,0.0076298974,0.03671875,0.0003,15230,0.0017279678490012885,63.94171142578125,0.3,0.9110844135284424,276.72635383605956
5,1060,1,200.0,3036.6666666666665,1280,-0.40953194051980973,0.016383506,0.043359375,0.0003,15240,-0.009777228976599873,326.6311340332031,0.3,0.7131881713867188,1089.0611114501953
6,1052,1,200.0,3041.4285714285716,1536,-0.4188638225197792,0.071944095,0.057421875,0.0003,15250,-0.006252144859172404,181.12904357910156,0.3,0.9175328016281128,270.1077484130859
7,1049,1,200.0,3045.0,1792,-0.41900639683008195,0.016080504,0.07578125,0.0003,15260,-0.010800876771099865,213.17306518554688,0.3,0.907183051109314,309.4695617675781
8,1045,1,200.0,3030.0,2048,-0.4108510762453079,0.019641977,0.063671875,0.0003,15270,-0.0172440979629755,53.22203826904297,0.3,0.9407867789268494,181.27103691101075
9,1047,2,200.0,3015.4545454545455,2304,-0.38318675458431245,0.014437357,0.046875,0.0003,15280,-0.007303569559007883,411.02642822265625,0.3,0.7264376878738403,931.3353271484375
10,1044,2,200.0,3003.3333333333335,2560,-0.37652815580368043,0.030158278,0.059375,0.0003,15290,-0.007199147576466202,203.12620544433594,0.3,0.7580340504646301,854.5404678344727
11,1042,2,200.0,2958.5714285714284,2816,-0.4042928010225296,0.008856617,0.028515625,0.0003,15300,-0.007002142816781997,423.51715087890625,0.3,0.7598177194595337,822.183480834961
12,1043,2,200.0,2966.0,3072,-0.42795989364385606,0.026212756,0.049609375,0.0003,15310,-0.018893392314203082,724.0200805664062,0.3,0.6431046724319458,1724.8453430175782
13,1036,3,200.0,2972.5,3328,-0.39515483379364014,0.0053222566,0.00546875,0.0003,15320,-0.00324913653312251,90.18241119384766,0.3,0.9341005682945251,214.2934711456299
14,1037,3,200.0,2978.235294117647,3584,-0.3961963728070259,0.03571214,0.079296875,0.0003,15330,-0.018142783339135347,132.22799682617188,0.3,0.9207727909088135,239.70621452331542
15,1038,3,200.0,2987.8947368421054,3840,-0.34959923923015596,0.020562373,0.048046875,0.0003,15340,-0.007283368683420122,79.2015151977539,0.3,0.9463030695915222,168.28096084594728
16,1036,3,200.0,2992.0,4096,-0.3541560634970665,0.046242457,0.083203125,0.0003,15350,-0.006821213406510651,253.1205291748047,0.3,0.8748869895935059,411.2015411376953
17,1037,4,200.0,2995.714285714286,4352,-0.37853282392024995,0.02917216,0.0765625,0.0003,15360,-0.0076930871931836006,105.97518157958984,0.3,0.9381943941116333,202.24497718811034
18,1037,4,200.0,3002.1739130434785,4608,-0.3410410821437836,0.06475976,0.07890625,0.0003,15370,-0.008117513242177665,174.15943908691406,0.3,0.9315334558486938,218.15974159240722
19,1036,4,200.0,3005.0,4864,-0.3315624088048935,0.020913154,0.06953125,0.0003,15380,-0.006712992885150015,207.45858764648438,0.3,0.8619313836097717,482.4373321533203
20,1034,4,200.0,2999.6,5120,-0.3403303027153015,0.010550218,0.034765625,0.0003,15390,-0.005000267177820206,81.35360717773438,0.3,0.9396592378616333,190.41540641784667
21,1030,5,200.0,2993.076923076923,5376,-0.2956077069044113,0.010926851,0.0765625,0.0003,15400,-0.006750644976273179,293.3089904785156,0.3,0.785228967666626,761.4713005065918
22,1030,5,200.0,2998.5714285714284,5632,-0.3834706723690033,0.021649377,0.056640625,0.0003,15410,-0.007116927998140454,184.32135009765625,0.3,0.8837162256240845,402.4813720703125
23,1031,5,200.0,3001.0344827586205,5888,-0.3338359668850899,0.024676628,0.06875,0.0003,15420,-0.007094932731706649,77.85731506347656,0.3,0.8978371620178223,314.5217658996582
24,1030,5,200.0,3003.3333333333335,6144,-0.3355480290949345,0.031818043,0.078125,0.0003,15430,-0.009913459373638033,156.16163635253906,0.3,0.9210268259048462,245.58410110473633
25,1028,6,200.0,2991.5625,6400,-0.35987197756767275,0.016524263,0.04453125,0.0003,15440,-0.004662664758507162,115.46292877197266,0.3,0.9299920201301575,210.45587463378905
26,1027,6,200.0,2993.939393939394,6656,-0.3673479899764061,0.00070182304,0.000390625,0.0003,15450,0.0008017029147595167,297.06201171875,0.3,0.6957473158836365,1086.6735137939454
27,1026,6,200.0,2988.235294117647,6912,-0.3644167944788933,0.010907753,0.006640625,0.0003,15460,-0.0020429395837709306,141.96519470214844,0.3,0.8672968149185181,389.37464752197263
28,1025,6,200.0,2990.5714285714284,7168,-0.34937792718410493,0.019644648,0.088671875,0.0003,15470,-0.010368763096630573,266.80548095703125,0.3,0.7880169153213501,801.6488952636719
29,1025,7,200.0,2989.4594594594596,7424,-0.3052585110068321,0.017776903,0.07421875,0.0003,15480,-0.013576889794785529,131.9819793701172,0.3,0.9290367364883423,213.58604698181153
30,1025,7,200.0,2991.5789473684213,7680,-0.31462463438510896,0.026182309,0.036328125,0.0003,15490,-0.0026887838961556555,427.5570373535156,0.3,0.7162142992019653,996.1113128662109
31,1025,7,200.0,2988.4615384615386,7936,-0.33242472261190414,0.008081649,0.0265625,0.0003,15500,-0.002235834556631744,128.69798278808594,0.3,0.9085279703140259,283.6111549377441
32,1025,7,200.0,2990.5,8192,-0.3375266522169113,0.040610448,0.071484375,0.0003,15510,-0.008085534721612931,436.5901184082031,0.3,0.7765798568725586,820.342251586914
33,1025,8,200.0,2975.4761904761904,8448,-0.3556308075785637,0.0068776105,0.027734375,0.0003,15520,-0.009002119954675435,563.9423217773438,0.3,0.703339159488678,1269.292251586914
34,1026,8,200.0,2977.6744186046512,8704,-0.3320317730307579,0.009344293,0.032421875,0.0003,15530,-0.006041790451854467,461.8744812011719,0.3,0.7534773349761963,1012.5588470458985
35,1027,8,200.0,2979.7727272727275,8960,-0.3566045880317688,0.0047041895,0.008203125,0.0003,15540,-0.000688250595703721,84.04424285888672,0.3,0.9162331223487854,255.13768424987794
36,1028,8,200.0,2983.695652173913,9216,-0.3158829383552074,0.05077514,0.06640625,0.0003,15550,-0.0073480471968650814,69.42021179199219,0.3,0.9373659491539001,200.54826278686522
37,1028,9,200.0,2985.531914893617,9472,-0.30260387510061265,0.018217932,0.066796875,0.0003,15560,-0.004097154410555959,171.87168884277344,0.3,0.8719363212585449,425.55290069580076
38,1029,9,200.0,2987.2916666666665,9728,-0.33218950480222703,0.00631558,0.039453125,0.0003,15570,-0.002124393149279058,98.43223571777344,0.3,0.9395639896392822,190.6545711517334
39,1030,9,200.0,2978.3673469387754,9984,-0.3176383823156357,0.011726385,0.0375,0.0003,15580,-0.008750604139640928,447.5270080566406,0.3,0.7440756559371948,1045.2302810668946
40,1030,9,200.0,2972.7450980392155,10240,-0.32381285130977633,0.0030081628,0.025390625,0.0003,15590,-0.0012350051547400653,200.62417602539062,0.3,0.884415328502655,402.27238006591796
1,1337,0,200.0,2800.0,256,-0.3268105752766132,0.022772351,0.05625,0.0003,15600,-0.009588622488081455,943.734130859375,0.3,0.6174130439758301,1642.5800048828125
2,1178,0,200.0,2935.0,512,-1.366933399438858,0.006955999,0.000390625,0.0003,15210,-0.00627774833701551,375.9166564941406,0.3,0.7774702906608582,810.1883605957031
3,1098,0,200.0,2980.0,768,-1.3885439217090607,0.011684891,0.00625,0.0003,15220,-0.004823277005925775,117.66558074951172,0.3,0.9215655326843262,233.90548210144044
4,1054,0,200.0,3016.0,1024,-1.3290635108947755,0.017149854,0.009375,0.0003,15230,-0.006432821275666356,80.97969818115234,0.3,0.9516230821609497,149.5029664993286
5,1039,1,200.0,3025.0,1280,-1.269772756099701,0.0038756344,0.0,0.0003,15240,-0.0015311612514778972,77.91670227050781,0.3,0.9037723541259766,280.12866973876953
6,1037,1,200.0,3031.4285714285716,1536,-1.2632011890411377,0.019828677,0.028515625,0.0003,15250,-0.010271140513941646,48.159244537353516,0.3,0.955190896987915,132.70500564575195
7,1027,1,200.0,3036.25,1792,-1.1423926949501038,0.018993698,0.058203125,0.0003,15260,-0.004310829611495137,74.23493194580078,0.3,0.945047914981842,169.0766170501709
8,1023,2,200.0,3019.0,2048,-1.1976234376430512,0.01660626,0.066796875,0.0003,15270,-0.008222109987400472,182.99864196777344,0.3,0.864488422870636,488.5365051269531
9,1021,2,200.0,3005.4545454545455,2304,-1.1604222178459167,0.0012728015,0.00078125,0.0003,15280,-0.002817327075172216,210.2242889404297,0.3,0.8655597567558289,407.40158996582034
10,1018,2,200.0,3010.8333333333335,2560,-1.2135964572429656,0.021806467,0.044140625,0.0003,15290,-0.006022261176258326,174.21971130371094,0.3,0.7550904154777527,880.5270050048828
11,1014,2,200.0,2985.714285714286,2816,-1.2225016355514526,0.0053978004,0.00078125,0.0003,15300,-0.0031963055953383446,176.3711700439453,0.3,0.9211171269416809,243.33470611572267
12,1013,3,200.0,2991.3333333333335,3072,-1.2038373470306396,0.008479612,0.0015625,0.0003,15310,-0.001188026135787368,519.7619018554688,0.3,0.6819009780883789,1293.903970336914
13,1011,3,200.0,2979.375,3328,-1.2160446047782898,0.0057736505,0.00078125,0.0003,15320,-0.0027543129632249474,61.63705825805664,0.3,0.9487149715423584,199.2595272064209
14,1009,3,200.0,2984.705882352941,3584,-1.196442085504532,0.0063412134,0.003125,0.0003,15330,-0.004671267187222839,530.0145263671875,0.3,0.809106707572937,707.7711761474609
15,1011,3,200.0,2993.684210526316,3840,-1.1602548718452455,0.020649904,0.04375,0.0003,15340,-0.009687265008687973,64.35323333740234,0.3,0.9338898658752441,209.0981590270996
16,1013,4,200.0,2997.5,4096,-1.197162038087845,0.039129175,0.130859375,0.0003,15350,-0.01088922902708873,133.7511444091797,0.3,0.8971240520477295,335.39452743530273
17,1015,4,200.0,2988.095238095238,4352,-1.180085450410843,0.026251936,0.103125,0.0003,15360,-0.020216727070510386,142.67724609375,0.3,0.9232329726219177,252.1540111541748
18,1017,4,200.0,2995.217391304348,4608,-1.1583030760288238,0.007839585,0.000390625,0.0003,15370,-0.007175583764910698,301.578369140625,0.3,0.8010368943214417,734.3651550292968
19,1016,4,200.0,2998.3333333333335,4864,-1.1252992033958436,0.008905832,0.01015625,0.0003,15380,-0.0058149776014033705,151.15077209472656,0.3,0.8501937389373779,426.6825401306152
20,1017,5,200.0,2993.2,5120,-1.1540122628211975,0.043637577,0.049609375,0.0003,15390,-0.0038594785961322486,143.03424072265625,0.3,0.9144328236579895,265.4356414794922
21,1018,5,200.0,2996.153846153846,5376,-1.0792907625436783,0.014415222,0.03671875,0.0003,15400,-0.003944535227492452,650.2110595703125,0.3,0.7388327121734619,923.6430847167969
22,1020,5,200.0,3001.4285714285716,5632,-1.0825613200664521,0.034123763,0.055859375,0.0003,15410,-0.0043225607776548715,28.468339920043945,0.3,0.9525193572044373,157.78250999450682
23,1021,5,200.0,3003.793103448276,5888,-1.0272647053003312,0.007870631,0.108203125,0.0003,15420,-0.004108618781901896,241.73394775390625,0.3,0.8726599812507629,451.2733627319336
24,1019,6,200.0,3006.0,6144,-1.10353924036026,0.014355646,0.030859375,0.0003,15430,-0.00447511428501457,118.33500671386719,0.3,0.9290342926979065,224.7563446044922
25,1017,6,200.0,3010.0,6400,-1.1745391488075256,0.04217948,0.152734375,0.0003,15440,-0.017698440083768217,38.11032485961914,0.3,0.9636931419372559,104.07390727996827
26,1019,6,200.0,3005.757575757576,6656,-1.2593813121318818,0.025046282,0.06328125,0.0003,15450,-0.008220572909340262,160.11097717285156,0.3,0.921497642993927,254.21683006286622
27,1018,6,200.0,3001.176470588235,6912,-1.4119364738464355,0.029605696,0.1140625,0.0003,15460,-0.014210963109508156,573.6557006835938,0.3,0.7111071348190308,979.5164169311523
28,1019,7,200.0,2996.8571428571427,7168,-1.4255391478538513,0.007687861,0.005859375,0.0003,15470,-0.004761773033533245,125.67921447753906,0.3,0.8739770650863647,383.9119674682617
29,1015,7,200.0,2994.864864864865,7424,-1.5373542547225951,0.010162108,0.0109375,0.0003,15480,-0.012626331974752247,343.1634216308594,0.3,0.8660372495651245,452.13701553344725
30,1012,7,200.0,2991.5789473684213,7680,-1.5225171744823456,0.041644815,0.100390625,0.0003,15490,-0.00857315598987043,189.95030212402344,0.3,0.8515426516532898,502.3859069824219
31,1012,7,200.0,2993.5897435897436,7936,-1.5281130015850066,0.054378286,0.165234375,0.0003,15500,-0.018120896257460117,387.939208984375,0.3,0.767914891242981,810.3871337890625
32,1011,8,200.0,2990.0,8192,-1.5635498881340026,0.024231188,0.039453125,0.0003,15510,-0.00708458162844181,54.296226501464844,0.3,0.9076584577560425,306.2449821472168
33,1011,8,200.0,2989.0476190476193,8448,-1.5359069049358367,0.032128893,0.06171875,0.0003,15520,-0.018575396900996567,169.5513153076172,0.3,0.9099022150039673,298.77462539672854
34,1012,8,200.0,2985.3488372093025,8704,-1.4270930409431457,0.006107597,0.004296875,0.0003,15530,-0.004189129360020161,486.01171875,0.3,0.7153456807136536,1023.652571105957
35,1009,8,200.0,2987.2727272727275,8960,-1.4318950653076172,0.0038509602,0.00078125,0.0003,15540,-0.008385659428313375,306.784423828125,0.3,0.7686955332756042,622.1396438598633
36,1010,9,200.0,2990.8695652173915,9216,-1.4283563137054442,0.022731751,0.04609375,0.0003,15550,-0.008219920843839646,92.10099029541016,0.3,0.9469155073165894,163.57494773864747
37,1011,9,200.0,2987.021276595745,9472,-1.37380348443985,0.004782793,0.001171875,0.0003,15560,-0.001865330571308732,143.36456298828125,0.3,0.9018921256065369,317.16837921142576
38,1012,9,200.0,2988.75,9728,-1.389950966835022,0.023404893,0.0625,0.0003,15570,-0.012234500842168927,368.0884094238281,0.3,0.7942225933074951,772.5965637207031
39,1013,9,200.0,2990.408163265306,9984,-1.4127537727355957,0.009552272,0.00859375,0.0003,15580,-0.005062817403813824,87.09681701660156,0.3,0.921650767326355,259.76844902038573
40,1015,10,200.0,2985.6862745098038,10240,-1.499065202474594,0.01629844,0.073046875,0.0003,15590,-0.009545886307023466,158.46978759765625,0.3,0.910442054271698,281.72063064575195
1,1363,0,200.0,3070.0,256,-1.4327612400054932,0.0051264716,0.0015625,0.0003,15600,-0.0031104442197829483,825.3411254882812,0.3,0.578783392906189,1803.558526611328
2,1196,0,200.0,3070.0,512,-0.33879331797361373,0.011112198,0.026171875,0.0003,15610,-0.005102678318507969,165.66481018066406,0.3,0.9155542850494385,289.5454666137695
3,931,0,200.0,3070.0,768,-0.3431132361292839,0.2003028,0.0625,0.0003,15620,-0.019966037734411655,87.8369369506836,0.3,0.9206223487854004,260.38967475891116
4,958,1,200.0,2976.0,1024,-0.3226652771234512,0.017257161,0.0546875,0.0003,15630,-0.009990055486559868,69.51453399658203,0.3,0.9287498593330383,219.79095230102538
5,964,1,200.0,2991.6666666666665,1280,-0.352291576564312,0.013241958,0.0390625,0.0003,15640,-0.012608799198642374,813.549560546875,0.3,0.6290066242218018,1576.3818756103515
6,973,1,200.0,2974.285714285714,1536,-0.32531742453575135,0.0140415225,0.037109375,0.0003,15650,-0.009876053384505212,85.88200378417969,0.3,0.9404616355895996,185.475345993042
7,976,1,200.0,2956.25,1792,-0.3400655522942543,0.026746843,0.0578125,0.0003,15660,-0.005631751823239028,354.1684265136719,0.3,0.7562666535377502,908.2810531616211
8,980,2,200.0,2959.0,2048,-0.300833460688591,0.010720352,0.02109375,0.0003,15670,-0.005131413880735636,107.87486267089844,0.3,0.9220761656761169,248.4151512145996
9,990,2,200.0,2969.090909090909,2304,-0.27686928436160085,0.00565911,0.026953125,0.0003,15680,-0.009685097029432654,381.4062805175781,0.3,0.7822552919387817,698.2854385375977
10,994,2,200.0,2960.8333333333335,2560,-0.25553861632943153,0.01231109,0.025390625,0.0003,15690,-0.0034342549508437513,144.60223388671875,0.3,0.9395339488983154,195.4089054107666
11,1000,2,200.0,2962.1428571428573,2816,-0.24254584982991217,0.0067721037,0.01796875,0.0003,15700,-0.012067593191750348,223.8907470703125,0.3,0.8299322724342346,572.8959091186523
12,1006,3,200.0,2969.3333333333335,3072,-0.2479734368622303,0.0105876755,0.04375,0.0003,15710,-0.003839725023135543,766.8986206054688,0.3,0.7128136157989502,1001.1561920166016
13,1009,3,200.0,2975.625,3328,-0.23118524700403215,0.0014746566,0.008203125,0.0003,15720,-0.0021627007983624933,117.75579071044922,0.3,0.9329809546470642,225.9396053314209
14,1005,3,200.0,2981.176470588235,3584,-0.26392169296741486,0.00565653,0.015234375,0.0003,15730,-0.0024632068700157104,110.18887329101562,0.3,0.9319390058517456,218.94365959167482
15,1006,3,200.0,2955.7894736842104,3840,-0.18489876836538316,0.01629994,0.044140625,0.0003,15740,-0.011636333540081978,153.02195739746094,0.3,0.9325054883956909,207.61365509033203
16,1010,4,200.0,2951.5,4096,-0.23182193338871002,0.02559758,0.083984375,0.0003,15750,-0.006628082552924752,503.6710510253906,0.3,0.7069882750511169,1179.871270751953
17,1013,4,200.0,2957.1428571428573,4352,-0.16564225926995277,0.005582126,0.012890625,0.0003,15760,-0.003690458316123113,370.382080078125,0.3,0.8257761001586914,601.3130310058593
18,1016,4,200.0,2966.9565217391305,4608,-0.17947190180420874,0.009644052,0.01171875,0.0003,15770,-0.003395450673997402,122.68040466308594,0.3,0.9372637271881104,205.95890884399415
19,1017,4,200.0,2950.8333333333335,4864,-0.16327688843011856,0.001370305,0.001953125,0.0003,15780,-0.0007360495394095779,196.65463256835938,0.3,0.8776896595954895,401.6353256225586
20,1019,5,200.0,2955.6,5120,-0.22865519002079965,0.016629789,0.031640625,0.0003,15790,-0.014184671477414668,392.1170959472656,0.3,0.8108344674110413,726.1060852050781
21,1020,5,200.0,2960.0,5376,-0.22914888858795165,0.0191779,0.04453125,0.0003,15800,-0.009433634486049414,109.7455062866211,0.3,0.9034383893013,297.81374683380125
22,1021,5,200.0,2967.8571428571427,5632,-0.2679637588560581,0.02237176,0.04921875,0.0003,15810,-0.006217345828190446,62.44945526123047,0.3,0.9422719478607178,175.39152565002442
23,1025,5,200.0,2964.4827586206898,5888,-0.2851693004369736,0.012061949,0.032421875,0.0003,15820,-0.0036788002820685507,226.11727905273438,0.3,0.8808767199516296,368.6911651611328
24,1028,5,200.0,2968.0,6144,-0.2815628066658974,0.041684322,0.040625,0.0003,15830,-0.00827304779086262,503.9385070800781,0.3,0.7541656494140625,865.3140563964844
25,1029,6,200.0,2966.875,6400,-0.32832684069871904,0.030682571,0.05,0.0003,15840,-0.006143108662217856,147.2122344970703,0.3,0.905960202217102,300.73645782470703
26,1031,6,200.0,2955.757575757576,6656,-0.41112650334835055,0.02209844,0.05234375,0.0003,15850,-0.011994694033637643,215.78619384765625,0.3,0.8599153757095337,454.2852294921875
27,1032,6,200.0,2951.176470588235,6912,-0.36275501996278764,0.021840237,0.033984375,0.0003,15860,-0.013007547287270427,795.72802734375,0.3,0.5898988842964172,1800.7410583496094
28,1034,6,200.0,2948.8571428571427,7168,-0.34757128804922105,0.013646342,0.05546875,0.0003,15870,-0.009618319850414992,211.10205078125,0.3,0.9001801609992981,323.8045234680176
29,1035,7,200.0,2955.4054054054054,7424,-0.3386989235877991,0.015574126,0.057421875,0.0003,15880,-0.012978810397908092,212.93307495117188,0.3,0.8334475755691528,576.5077941894531
30,1036,7,200.0,2958.4210526315787,7680,-0.3121518179774284,0.0030452663,0.008984375,0.0003,15890,-0.003714176861103624,257.1994934082031,0.3,0.853935718536377,471.9440719604492
31,1036,7,200.0,2955.128205128205,7936,-0.31109943240880966,0.032722756,0.046484375,0.0003,15900,-0.013901082705706358,139.0989990234375,0.3,0.9161079525947571,269.8545623779297
32,1037,7,200.0,2958.0,8192,-0.3268296346068382,0.011554332,0.042578125,0.0003,15910,-0.004344696784392,78.92094421386719,0.3,0.9329902529716492,212.59204216003417
33,1038,8,200.0,2958.5714285714284,8448,-0.37157665491104125,0.028734585,0.05546875,0.0003,15920,-0.006260434933938086,50.34953689575195,0.3,0.9274963736534119,236.44889755249022
34,1040,8,200.0,2961.1627906976746,8704,-0.37676475048065183,0.010765442,0.021484375,0.0003,15930,-0.008372249826788903,425.1197204589844,0.3,0.7216243743896484,961.018179321289
35,1042,8,200.0,2959.090909090909,8960,-0.39372488856315613,0.014422266,0.015234375,0.0003,15940,-0.004991650418378413,130.5275115966797,0.3,0.9284540414810181,212.96631774902343
36,1043,8,200.0,2953.913043478261,9216,-0.43615978211164474,0.012848889,0.0390625,0.0003,15950,-0.008343080338090659,716.8820190429688,0.3,0.6995373964309692,1223.5910552978517
37,1045,9,200.0,2951.4893617021276,9472,-0.4675080418586731,0.008037714,0.03125,0.0003,15960,-0.0038602470420300962,547.4856567382812,0.3,0.7058340311050415,1059.993374633789
38,1046,9,200.0,2943.3333333333335,9728,-0.4275316148996353,0.013276905,0.030859375,0.0003,15970,-0.00902111460454762,608.3509521484375,0.3,0.7369744181632996,1015.0449127197265
39,1047,9,200.0,2940.408163265306,9984,-0.40781130343675615,0.044558853,0.071875,0.0003,15980,-0.012264754856005311,376.11309814453125,0.3,0.8091890811920166,737.4281555175781
40,1048,9,200.0,2941.5686274509803,10240,-0.4024478331208229,0.014290802,0.023828125,0.0003,15990,-0.006831901078112423,112.21974182128906,0.3,0.8937100768089294,351.0214225769043
1,1368,0,200.0,2870.0,256,-0.43272915929555894,0.033357233,0.1015625,0.0003,16000,-0.009822933236137033,340.933837890625,0.3,0.7730432152748108,802.8393737792969
2,1223,0,200.0,2835.0,512,-1.3886588871479035,0.027286977,0.039453125,0.0003,15610,-0.008413739479146897,377.8890380859375,0.3,0.7446596622467041,842.1171234130859
3,947,0,200.0,2913.3333333333335,768,-1.4154814958572388,0.008229872,0.001953125,0.0003,15620,-0.004929902218282223,291.0921936035156,0.3,0.8204232454299927,635.2488494873047
4,982,1,200.0,2976.0,1024,-1.4539369106292725,0.009682402,0.00625,0.0003,15630,-0.004812975320965052,102.50887298583984,0.3,0.9296373128890991,229.80467796325684
5,988,1,200.0,2991.6666666666665,1280,-1.514668983221054,0.018693447,0.0203125,0.0003,15640,-0.009704797365702688,184.62615966796875,0.3,0.8994510769844055,324.19700927734374
6,996,1,200.0,2974.285714285714,1536,-1.5629023551940917,0.03439996,0.113671875,0.0003,15650,-0.013558294053655117,113.73141479492188,0.3,0.9479125142097473,165.37645454406737
7,1000,1,200.0,2961.25,1792,-1.560975009202957,0.0054830825,0.00546875,0.0003,15660,-0.00017534783110022544,642.9442749023438,0.3,0.7747635245323181,794.5667549133301
8,1003,2,200.0,2915.0,2048,-1.5599254250526429,0.0046491725,0.00078125,0.0003,15670,-0.004930142662487924,284.48626708984375,0.3,0.8142412304878235,660.7093063354492
9,1011,2,200.0,2929.090909090909,2304,-1.4604096233844757,0.02313579,0.05,0.0003,15680,-0.01316117006354034,459.7612609863281,0.3,0.7116218209266663,1079.4015106201173
10,1013,2,200.0,2940.8333333333335,2560,-1.4354034841060639,0.028292486,0.030078125,0.0003,15690,-0.009030499518848956,49.9876708984375,0.3,0.9384582042694092,169.7914710998535
11,1017,2,200.0,2945.0,2816,-1.4635917127132416,0.021867767,0.03203125,0.0003,15700,-0.01089212594088167,34.10128402709961,0.3,0.9609410762786865,123.52127075195312
12,1021,3,200.0,2953.3333333333335,3072,-1.3447975993156434,0.012971638,0.00703125,0.0003,15710,-0.008292964566498995,655.4486694335938,0.3,0.6952565908432007,1108.0702850341797
13,1025,3,200.0,2960.625,3328,-1.4600628793239594,0.034196857,0.0515625,0.0003,15720,-0.00571623130235821,43.44275665283203,0.3,0.9375559091567993,194.78240852355958
14,1029,3,200.0,2910.5882352941176,3584,-1.4993930459022522,0.0017642314,0.0,0.0003,15730,1.573357731103897e-05,273.0170593261719,0.3,-0.018241167068481445,2771.444729614258
15,1032,3,200.0,2803.157894736842,3840,-1.4836082875728607,0.002294863,0.0,0.0003,15740,-0.004640511842444539,596.0219116210938,0.3,0.6543203592300415,1995.0001831054688
16,1035,3,200.0,2805.5,4096,-1.4408424377441407,0.009256419,0.00703125,0.0003,15750,-0.004140345938503742,206.1897735595703,0.3,0.7642411589622498,651.7627685546875
17,1036,4,200.0,2808.5714285714284,4352,-1.4166495144367217,0.0075395927,0.00234375,0.0003,15760,-0.0063986900262534615,262.26171875,0.3,0.8609750270843506,472.2276237487793
18,1036,4,200.0,2810.8695652173915,4608,-1.470377254486084,0.0058301697,0.001171875,0.0003,15770,-0.0031593759078532456,458.9126892089844,0.3,0.731008768081665,998.3910430908203
19,1036,4,200.0,2811.6666666666665,4864,-1.4433342039585113,0.00740679,0.0,0.0003,15780,-0.006595557741820812,377.50885009765625,0.3,0.7518804669380188,908.4469329833985
20,1034,4,200.0,2822.0,5120,-1.3666448593139648,0.027574224,0.06796875,0.0003,15790,-0.017414850182831287,155.37252807617188,0.3,0.8937779068946838,314.8902530670166
21,1035,5,200.0,2831.5384615384614,5376,-1.3249620735645293,0.02048941,0.041796875,0.0003,15800,-0.010032836790196597,110.68879699707031,0.3,0.9434711933135986,173.23237190246581
22,1036,5,200.0,2848.5714285714284,5632,-1.2318116009235383,0.023538675,0.1015625,0.0003,15810,-0.025037748087197543,103.1421890258789,0.3,0.9535666108131409,143.14921131134034
23,1037,5,200.0,2856.206896551724,5888,-1.122720831632614,0.012296701,0.025390625,0.0003,15820,-0.0055494561791419985,204.42605590820312,0.3,0.891812801361084,362.87708435058596
24,1036,5,200.0,2863.3333333333335,6144,-1.0947867393493653,0.056508694,0.170703125,0.0003,15830,-0.007032753038220108,123.65643310546875,0.3,0.9255557060241699,245.22888526916503
25,1035,6,200.0,2876.25,6400,-1.0865311026573181,0.010823617,0.062109375,0.0003,15840,-0.006136838672682643,114.96235656738281,0.3,0.9504399299621582,147.85226249694824
26,1033,6,200.0,2866.3636363636365,6656,-1.2307900130748748,0.04826259,0.137109375,0.0003,15850,-0.011325870733708143,96.76424407958984,0.3,0.910523533821106,303.4047286987305
27,1013,6,200.0,2864.4117647058824,6912,-1.3409588813781739,0.003726751,0.005859375,0.0003,15860,-0.002984568721149117,648.8763427734375,0.3,0.6908563375473022,1291.8919555664063
28,916,7,200.0,2870.285714285714,7168,-1.3041963756084443,0.003280838,0.000390625,0.0003,15870,-0.004918619967065751,373.5834045410156,0.3,0.7494878768920898,799.9224807739258
29,843,8,200.0,2881.0810810810813,7424,-1.3251001477241515,0.005046949,0.0015625,0.0003,15880,-0.0032464586198329925,157.1422576904297,0.3,0.9149008989334106,248.22570266723633
30,784,9,200.0,2886.0526315789475,7680,-1.228781622648239,0.0037471622,0.0,0.0003,15890,-0.00040995606686919925,131.7869873046875,0.3,0.8913264274597168,360.5177452087402
31,741,10,200.0,2885.128205128205,7936,-1.3588370323181151,0.018540464,0.051953125,0.0003,15900,-0.008574424427933991,72.23690795898438,0.3,0.9444812536239624,174.40578842163086
32,702,11,200.0,2883.0,8192,-1.3425775647163392,0.03501744,0.05859375,0.0003,15910,-0.009426709450781345,432.8126220703125,0.3,0.8121622800827026,653.0840202331543
33,670,12,200.0,2891.904761904762,8448,-1.2713413476943969,0.06256396,0.12734375,0.0003,15920,-0.019379582582041623,193.84329223632812,0.3,0.8240485191345215,559.4679191589355
34,645,13,200.0,2896.046511627907,8704,-1.1334653198719025,0.009936585,0.01484375,0.0003,15930,-0.0036977150710299613,130.96932983398438,0.3,0.8906310796737671,363.7169418334961
35,618,14,200.0,2900.0,8960,-1.1511362791061401,0.023893792,0.03984375,0.0003,15940,-0.013645471469499171,80.64541625976562,0.3,0.9592392444610596,123.58647499084472
36,597,15,200.0,2889.782608695652,9216,-1.085654652118683,0.012004493,0.032421875,0.0003,15950,-0.0004537790082395077,333.6372375488281,0.3,0.7526645660400391,753.4359115600586
37,580,16,200.0,2893.6170212765956,9472,-1.1173844516277314,0.0037323907,0.000390625,0.0003,15960,-0.002059791353531182,442.1597595214844,0.3,0.7725434899330139,948.1073059082031
38,564,17,200.0,2891.6666666666665,9728,-1.1758312463760376,0.012734808,0.00859375,0.0003,15970,-0.006646894221194089,245.4845733642578,0.3,0.8051341772079468,665.5617385864258
39,547,18,200.0,2895.3061224489797,9984,-1.2464309632778168,0.008964479,0.002734375,0.0003,15980,-0.00742143775569275,44.74771499633789,0.3,0.9150161743164062,266.2710027694702
40,535,19,200.0,2902.156862745098,10240,-1.2962463676929474,0.034008667,0.09375,0.0003,15990,-0.007557415461633354,69.8023910522461,0.3,0.9368900656700134,205.42162055969237
1,368,0,200.0,2800.0,256,-1.364868688583374,0.02300959,0.0140625,0.0003,16000,-0.009024787205271423,153.6158447265625,0.3,0.900699257850647,319.7857749938965
2,301,1,200.0,2455.0,512,-0.4253690138459206,0.015620688,0.065234375,0.0003,16010,-0.008878945955075324,320.31158447265625,0.3,0.7775195240974426,841.6251785278321
3,286,2,200.0,2660.0,768,-0.4642924666404724,0.007945116,0.03359375,0.0003,16020,0.012846828252077103,591.992431640625,0.3,0.22052812576293945,1744.7052032470704
4,278,3,200.0,2744.0,1024,-0.4540569201111794,0.006374224,0.00546875,0.0003,16030,-0.0013402854092419147,142.27357482910156,0.3,0.8139811754226685,316.9085517883301
5,277,4,200.0,2798.3333333333335,1280,-0.4966270387172699,0.0066294703,0.0171875,0.0003,16040,-0.006784329796209932,474.20306396484375,0.3,0.6421257257461548,1272.8668701171875
6,276,5,200.0,2500.0,1536,-0.4717782437801361,0.0035129178,0.002734375,0.0003,16050,-0.0022493395255878566,266.4944152832031,0.3,0.8084883689880371,564.5777465820313
7,277,6,200.0,2537.5,1792,-0.48369161784648895,0.0020901612,0.002734375,0.0003,16060,-0.004597384249791503,356.464599609375,0.3,0.5000293254852295,1872.8188018798828
8,278,7,200.0,2624.0,2048,-0.4816368341445923,0.00688856,0.024609375,0.0003,16070,-0.011694788932800293,113.02684783935547,0.3,0.8427700400352478,371.0557121276855
9,277,8,200.0,2620.909090909091,2304,-0.415250626206398,0.03393599,0.095703125,0.0003,16080,-0.013374279625713826,215.23025512695312,0.3,0.7874401211738586,707.5621154785156
10,275,9,200.0,2641.6666666666665,2560,-0.41908691078424454,0.018668104,0.04296875,0.0003,16090,-0.009435994387604296,210.900146484375,0.3,0.7826938629150391,738.5153656005859
11,274,10,200.0,2702.8571428571427,2816,-0.37980285584926604,0.007356081,0.030859375,0.0003,16100,-0.002892969350796193,455.85498046875,0.3,0.7898546457290649,744.5874877929688
12,274,11,200.0,2727.3333333333335,3072,-0.37342027872800826,0.016561344,0.057421875,0.0003,16110,-0.0021832231897860764,214.5076446533203,0.3,0.88526850938797,365.5248657226563
13,274,12,200.0,2748.75,3328,-0.33077734559774397,0.0669671,0.08515625,0.0003,16120,-0.015294623398222029,82.33525085449219,0.3,0.9334056377410889,202.11567459106445
14,273,13,200.0,2755.8823529411766,3584,-0.32718989104032514,0.024618654,0.049609375,0.0003,16130,-0.005112190160434693,113.68040466308594,0.3,0.9377578496932983,183.59535484313966
15,272,14,200.0,2764.7368421052633,3840,-0.3592728689312935,0.022546,0.08671875,0.0003,16140,-0.0050157189136371015,347.5693054199219,0.3,0.7550989389419556,880.8859817504883
16,271,15,200.0,2780.0,4096,-0.2914847806096077,0.045478933,0.072265625,0.0003,16150,-0.014063589461147784,698.6189575195312,0.3,0.6160134077072144,1779.4152587890626
17,271,16,200.0,2769.5238095238096,4352,-0.30750544667243956,0.0041422024,0.005859375,0.0003,16160,-0.005332818021997809,228.69081115722656,0.3,0.8610296249389648,464.24451446533203
18,271,16,200.0,2795.6521739130435,4608,-0.31783227920532225,0.007221565,0.019921875,0.0003,16170,-0.005117784265894443,88.78018951416016,0.3,0.929473340511322,240.16077766418456
19,270,17,200.0,2726.6666666666665,4864,-0.36821250766515734,0.0605463,0.07578125,0.0003,16180,-0.009398765745572746,123.02464294433594,0.3,0.894485592842102,319.446964263916
20,270,18,200.0,2691.2,5120,-0.45837888568639756,0.0017605126,0.0046875,0.0003,16190,0.0013497727923095226,1050.46435546875,0.3,0.0941724181175232,4276.826196289063
21,269,19,200.0,2669.230769230769,5376,-0.3866219863295555,3.846921e-05,0.0,0.0003,16200,-0.0003079385729506612,684.701171875,0.3,0.547103762626648,1535.1446044921875
22,269,20,200.0,2639.6428571428573,5632,-0.36942667216062547,0.013015162,0.02109375,0.0003,16210,-0.011260355310514569,576.49853515625,0.3,0.6943433284759521,1664.7613464355468
23,269,21,200.0,2646.206896551724,5888,-0.34842292666435243,0.0055543957,0.011328125,0.0003,16220,-0.004238900681957603,673.3397216796875,0.3,0.5858110785484314,1690.1678588867187
24,268,22,200.0,2660.3333333333335,6144,-0.4148608535528183,0.014239335,0.028125,0.0003,16230,-0.012307211942970752,137.075927734375,0.3,0.9134814739227295,255.5997344970703
25,267,23,200.0,2671.5625,6400,-0.35339874029159546,0.03891524,0.042578125,0.0003,16240,-0.01087969068903476,202.8271942138672,0.3,0.9028870463371277,328.4111129760742
26,267,24,200.0,2677.5757575757575,6656,-0.3554599240422249,0.006986432,0.007421875,0.0003,16250,-0.003905195160768926,148.0001983642578,0.3,0.8724483847618103,453.58703384399416
27,267,25,200.0,2681.176470588235,6912,-0.3399008646607399,0.005592511,0.007421875,0.0003,16260,-0.010309551563113927,579.7511596679688,0.3,0.7053400278091431,1175.1928680419921
28,267,26,200.0,2678.5714285714284,7168,-0.3291866183280945,0.08789494,0.059765625,0.0003,16270,-0.021977358777076007,157.8749542236328,0.3,0.9056832790374756,298.57106704711913
29,267,27,200.0,2687.837837837838,7424,-0.36743499487638476,0.011614494,0.0328125,0.0003,16280,-0.0013180658337660135,275.21331787109375,0.3,0.7926616668701172,727.2707885742187
30,266,28,200.0,2691.5789473684213,7680,-0.34954160898923875,0.0063914526,0.01953125,0.0003,16290,-0.00881359288468957,400.42620849609375,0.3,0.6788496971130371,1277.9598083496094
31,267,29,200.0,2701.2820512820513,7936,-0.34754306375980376,0.013605628,0.065234375,0.0003,16300,-0.017366041685454546,217.9457244873047,0.3,0.8818715810775757,389.991951751709
32,267,30,200.0,2710.5,8192,-0.3465637922286987,0.022365913,0.045703125,0.0003,16310,-0.009447463788092136,105.77549743652344,0.3,0.9419686198234558,192.79320373535157
33,266,31,200.0,2721.904761904762,8448,-0.29189926087856294,0.035182428,0.053515625,0.0003,16320,-0.009691986115649342,53.19374084472656,0.3,0.9392687082290649,195.76757164001464
34,266,32,200.0,2730.0,8704,-0.39591552764177323,0.05985788,0.067578125,0.0003,16330,-0.01328339367173612,290.6997375488281,0.3,0.8423357605934143,554.2791915893555
35,266,33,200.0,2737.7272727272725,8960,-0.3208697006106377,0.0061334437,0.0234375,0.0003,16340,-0.007017208449542523,90.5738525390625,0.3,0.9375435709953308,180.16135215759277
36,265,34,200.0,2731.304347826087,9216,-0.38960304856300354,0.03446955,0.0890625,0.0003,16350,-0.019083236064761876,191.67599487304688,0.3,0.8924505114555359,355.3657802581787
37,265,35,200.0,2729.148936170213,9472,-0.3846030354499817,0.015386578,0.021875,0.0003,16360,-0.008411402232013643,314.0002136230469,0.3,0.7629692554473877,904.5448852539063
38,264,36,200.0,2716.25,9728,-0.39109964668750763,0.010529,0.0484375,0.0003,16370,-0.006707221851684153,652.7203369140625,0.3,0.7381422519683838,975.6753448486328
39,264,37,200.0,2718.5714285714284,9984,-0.4154200032353401,0.0042048916,0.01171875,0.0003,16380,-0.003906139568425715,246.77638244628906,0.3,0.8536689281463623,576.3442443847656
40,264,38,200.0,2728.0392156862745,10240,-0.41325018405914304,0.0062663285,0.013671875,0.0003,16390,-0.0036474030930548906,57.768070220947266,0.3,0.9311382174491882,231.39054985046386
1,344,0,200.0,2830.0,256,-0.4303995132446289,0.018840993,0.04140625,0.0003,16400,-0.007402593060396612,296.7447814941406,0.3,0.8328991532325745,625.9792373657226
2,280,1,200.0,2830.0,512,-1.4791218519210816,0.016497746,0.032421875,0.0003,16010,-0.0048527286620810624,205.08653259277344,0.3,0.8761191368103027,385.4866317749023
3,270,2,200.0,2676.6666666666665,768,-1.4501353919506073,0.0062021194,0.00625,0.0003,16020,-0.005926314136013388,808.132568359375,0.3,0.3132382035255432,2433.424383544922
4,262,3,200.0,2790.0,1024,-1.472341626882553,0.0005398232,0.0,0.0003,16030,-0.0009320963174104691,272.178466796875,0.3,0.8343668580055237,596.5074630737305
5,261,4,200.0,2758.3333333333335,1280,-1.4737566769123078,0.016995806,0.0140625,0.0003,16040,-0.006055123661644757,274.0521545410156,0.3,0.8224176168441772,552.8154830932617
6,261,5,200.0,2734.285714285714,1536,-1.513306939601898,0.025009554,0.04140625,0.0003,16050,-0.009313669125549495,204.1522979736328,0.3,0.8261837959289551,610.026025390625
7,261,6,200.0,2718.75,1792,-1.4217166244983672,0.029811783,0.074609375,0.0003,16060,-0.01493018704932183,218.84275817871094,0.3,0.8803394436836243,422.452619934082
8,260,7,200.0,2769.0,2048,-1.3911444008350373,0.012692258,0.008203125,0.0003,16070,-0.009316843829583376,259.7377624511719,0.3,0.8393574357032776,614.8246231079102
9,259,8,200.0,2732.7272727272725,2304,-1.2985829532146453,0.042496152,0.091015625,0.0003,16080,-0.017990215728059412,465.75469970703125,0.3,0.7910236120223999,710.433723449707
10,258,9,200.0,2760.8333333333335,2560,-1.256652045249939,0.0016654569,0.0,0.0003,16090,-0.0016492738155648111,242.1571807861328,0.3,0.8621348142623901,564.8134002685547
11,258,10,200.0,2770.714285714286,2816,-1.252379184961319,0.013978173,0.058203125,0.0003,16100,-0.012649715854786336,108.97219848632812,0.3,0.913729727268219,313.33226318359374
12,258,11,200.0,2761.3333333333335,3072,-1.2404332041740418,0.010662318,0.017578125,0.0003,16110,-0.007076622010208667,325.1352233886719,0.3,0.873042106628418,471.8298934936523
13,258,12,200.0,2766.875,3328,-1.2936341643333436,0.049031332,0.171875,0.0003,16120,-0.016832747543230654,191.7366485595703,0.3,0.8330042958259583,595.8134773254394
14,258,13,200.0,2784.705882352941,3584,-1.3048032343387603,0.011127032,0.008203125,0.0003,16130,-0.007389709795825183,274.6202392578125,0.3,0.895130455493927,355.8625427246094
15,257,14,200.0,2780.0,3840,-1.2906965494155884,0.0036130808,0.0,0.0003,16140,-0.002692171314265579,230.28123474121094,0.3,0.819358229637146,545.4333786010742
16,257,15,200.0,2781.0,4096,-1.2843704164028167,0.03238503,0.060546875,0.0003,16150,-0.013188459724187852,412.21343994140625,0.3,0.7803524732589722,824.9769515991211
17,256,16,200.0,2794.7619047619046,4352,-1.3244937360286713,0.0017790222,0.0,0.0003,16160,-0.0029638621490448713,220.19036865234375,0.3,0.8583899736404419,451.67402801513674
18,257,17,200.0,2800.4347826086955,4608,-1.257475358247757,0.008453492,0.016015625,0.0003,16170,-0.0064911358640529215,109.35725402832031,0.3,0.9220523834228516,249.91270217895507
19,257,18,200.0,2811.6666666666665,4864,-1.2425150632858277,0.020300996,0.030078125,0.0003,16180,-0.005215109372511506,478.6116027832031,0.3,0.6951166391372681,1131.906967163086
20,258,19,200.0,2804.4,5120,-1.3107620239257813,0.023700181,0.070703125,0.0003,16190,-0.008326113619841636,78.80899047851562,0.3,0.9474979043006897,164.2261022567749
21,258,20,200.0,2814.6153846153848,5376,-1.25661381483078,0.014732463,0.018359375,0.0003,16200,-0.004323112650308758,706.7457275390625,0.3,0.713462233543396,1082.0020538330077
22,258,21,200.0,2832.8571428571427,5632,-1.2441003441810607,0.014681772,0.01640625,0.0003,16210,-0.0036100934026762842,130.44683837890625,0.3,0.9432416558265686,189.6388732910156
23,257,22,200.0,2831.7241379310344,5888,-1.2866061508655549,0.022557206,0.068359375,0.0003,16220,-0.008569162199273705,139.82247924804688,0.3,0.9161239266395569,269.0225997924805
24,257,23,200.0,2839.6666666666665,6144,-1.3293177247047425,0.020468693,0.033203125,0.0003,16230,-0.0070929919136688115,673.862548828125,0.3,0.7596005201339722,950.1994087219239
25,257,24,200.0,2846.5625,6400,-1.2635487616062164,0.010619164,0.005859375,0.0003,16240,-0.006507023819722235,55.37308883666992,0.3,0.9563402533531189,141.41061210632324
26,258,25,200.0,2847.2727272727275,6656,-1.1994357407093048,0.019351173,0.0796875,0.0003,16250,-0.011888952390290797,149.82562255859375,0.3,0.9234594702720642,250.01853790283204
27,257,26,200.0,2853.823529411765,6912,-1.1549182772636413,0.049544886,0.1484375,0.0003,16260,-0.01836794966366142,273.32476806640625,0.3,0.842241644859314,532.732462310791
28,257,27,200.0,2853.714285714286,7168,-1.1173300325870514,0.026057523,0.03984375,0.0003,16270,-0.007386272680014372,77.52237701416016,0.3,0.9372103214263916,170.7286418914795
29,257,28,200.0,2854.5945945945946,7424,-1.0750541925430297,0.028872982,0.0375,0.0003,16280,-0.00573823656886816,165.61309814453125,0.3,0.8509100079536438,517.3340911865234
30,256,29,200.0,2848.684210526316,7680,-1.1012210071086883,0.008551311,0.025390625,0.0003,16290,-0.006449889834038913,845.7150268554688,0.3,0.6652835607528687,1278.7051910400392
31,256,30,200.0,2854.358974358974,7936,-1.0518588811159133,0.023205388,0.084375,0.0003,16300,-0.012999534467235207,288.39703369140625,0.3,0.8031438589096069,705.2618072509765
32,256,31,200.0,2859.75,8192,-1.0755971372127533,0.002548334,0.001953125,0.0003,16310,-0.0036051259376108646,80.5869140625,0.3,0.9446239471435547,183.21009788513183
33,256,32,200.0,2860.2380952380954,8448,-1.0474617302417755,0.009565744,0.012890625,0.0003,16320,-0.008172704000025987,115.2099838256836,0.3,0.9576808214187622,135.1716881752014
34,256,33,200.0,2865.1162790697676,8704,-1.0096287280321121,0.011101931,0.01484375,0.0003,16330,-0.005183730879798532,645.5238647460938,0.3,0.6713885068893433,1227.3319244384766
35,256,34,200.0,2869.7727272727275,8960,-1.0266429036855698,0.00934297,0.01015625,0.0003,16340,-0.002725900732912123,120.54180145263672,0.3,0.9300625324249268,232.3041748046875
36,255,36,200.0,2868.2608695652175,9216,-1.0975415706634521,0.012056308,0.0375,0.0003,16350,-0.0054109103977680205,26.61294174194336,0.3,0.9370595812797546,209.68715553283693
37,255,37,200.0,2868.2978723404253,9472,-1.0165062218904495,0.023194978,0.104296875,0.0003,16360,-0.00976502695120871,564.2509765625,0.3,0.6946879625320435,1236.269546508789
38,255,38,200.0,2866.875,9728,-1.1132380485534668,0.05032484,0.195703125,0.0003,16370,-0.014817250077612698,290.38873291015625,0.3,0.7823784947395325,782.5945739746094
39,255,39,200.0,2866.530612244898,9984,-1.0703429222106933,0.01726554,0.04296875,0.0003,16380,-0.011106497747823596,153.53744506835938,0.3,0.8293651938438416,581.2679275512695
40,254,40,200.0,2870.5882352941176,10240,-1.13054678440094,0.010036511,0.01328125,0.0003,16390,-0.003774710581637919,212.7745819091797,0.3,0.8830541372299194,378.94974212646486
1,359,0,200.0,3070.0,256,-1.1463571339845657,0.0061664633,0.03203125,0.0003,16400,-0.005028678034432232,180.52557373046875,0.3,0.8479244709014893,535.9566413879395
2,284,1,200.0,2970.0,512,-0.45710459202528,0.0051355828,0.019140625,0.0003,16410,-0.005661090440116823,177.2861328125,0.3,0.8835323452949524,376.9064315795898
3,264,2,200.0,3003.3333333333335,768,-0.3940513923764229,0.028778167,0.100390625,0.0003,16420,-0.016622883547097445,406.3569030761719,0.3,0.7439671754837036,945.7822509765625
4,257,3,200.0,3030.0,1024,-0.3765230640769005,0.07682207,0.107421875,0.0003,16430,-0.017407185584306716,85.53521728515625,0.3,0.9332590103149414,205.1820323944092
5,254,5,200.0,3036.6666666666665,1280,-0.363820718228817,0.0074397535,0.0453125,0.0003,16440,-0.003834050940349698,204.2744140625,0.3,0.8867936134338379,354.8248779296875
6,255,6,200.0,3041.4285714285716,1536,-0.3662742778658867,0.014544361,0.05703125,0.0003,16450,-0.0045210679294541475,175.22589111328125,0.3,0.9092515110969543,302.3923942565918
7,255,7,200.0,3020.0,1792,-0.34948901236057284,0.039614126,0.077734375,0.0003,16460,-0.008928647893480957,183.8807373046875,0.3,0.8906331062316895,330.3766212463379
8,255,8,200.0,3030.0,2048,-0.33324128538370135,0.021500297,0.05078125,0.0003,16470,-0.006267513940110802,196.79161071777344,0.3,0.8552717566490173,486.9431716918945
9,255,9,200.0,3033.6363636363635,2304,-0.29662050902843473,0.016745728,0.03046875,0.0003,16480,-0.007143608364276588,211.19708251953125,0.3,0.880326509475708,380.7426170349121
10,254,10,200.0,3036.6666666666665,2560,-0.3476010039448738,0.030401364,0.14140625,0.0003,16490,-0.010862704645842314,156.3204803466797,0.3,0.9334130883216858,215.38095512390137
11,255,11,200.0,3007.1428571428573,2816,-0.2854864872992039,0.28157446,0.141015625,0.0003,16500,-0.04756659176200628,167.7801971435547,0.3,0.8418324589729309,527.6321868896484
12,256,11,200.0,3011.3333333333335,3072,-0.2256136007606983,0.010609664,0.0078125,0.0003,16510,-0.004200690821744501,200.5845184326172,0.3,0.8822004199028015,383.32147216796875
13,255,13,200.0,3015.0,3328,-0.23735183402895926,0.024119113,0.03828125,0.0003,16520,-0.005715559353120625,177.96559143066406,0.3,0.9201569557189941,259.9323978424072
14,256,13,200.0,3002.9411764705883,3584,-0.2421897679567337,0.057631943,0.096484375,0.0003,16530,-0.012340232031419873,181.43136596679688,0.3,0.8088434934616089,692.1761291503906
15,256,14,200.0,3010.0,3840,-0.20950770676136016,0.012562606,0.018359375,0.0003,16540,-0.006502683227881789,247.56472778320312,0.3,0.9069145917892456,313.6636535644531
16,256,15,200.0,3013.0,4096,-0.2547133184969425,0.01150806,0.022265625,0.0003,16550,-0.004351635684724897,297.9455871582031,0.3,0.8310259580612183,584.2578140258789
17,256,16,200.0,3015.714285714286,4352,-0.26354354470968244,0.015529062,0.04921875,0.0003,16560,-0.008868911297759042,71.46488189697266,0.3,0.9222851991653442,255.10818099975586
18,258,17,200.0,3020.4347826086955,4608,-0.2716736324131489,0.02388367,0.070703125,0.0003,16570,-0.013399999937973917,62.73017120361328,0.3,0.9332462549209595,202.60555267333984
19,258,18,200.0,3022.5,4864,-0.2626020833849907,0.005182711,0.0265625,0.0003,16580,-0.0024755953461863102,195.03968811035156,0.3,0.8546856641769409,519.6441635131836
20,258,19,200.0,3024.4,5120,-0.27354123145341874,0.02178444,0.0484375,0.0003,16590,-0.0040294914972037075,147.7205352783203,0.3,0.9125739932060242,289.78934516906736
21,258,20,200.0,3026.153846153846,5376,-0.23785436600446702,0.015106545,0.075390625,0.0003,16600,-0.00831952183507383,223.7841033935547,0.3,0.9153009653091431,284.54456367492674
22,258,21,200.0,3021.4285714285716,5632,-0.26983344703912737,0.018656496,0.06875,0.0003,16610,-0.003970103361643851,156.77774047851562,0.3,0.9142508506774902,289.19058685302736
23,257,22,200.0,3023.103448275862,5888,-0.2887023985385895,0.014329801,0.069921875,0.0003,16620,0.0004313623998314142,328.5359802246094,0.3,0.8202724456787109,702.2387222290039
24,257,23,200.0,3024.6666666666665,6144,-0.2393062375485897,0.012749036,0.02109375,0.0003,16630,-0.006174185685813427,103.1949691772461,0.3,0.9243596196174622,254.74347229003905
25,257,24,200.0,3027.5,6400,-0.22826331183314325,0.028995108,0.034375,0.0003,16640,-0.00470238858833909,153.2150421142578,0.3,0.9131180644035339,287.8608901977539
26,257,25,200.0,3022.7272727272725,6656,-0.2484082266688347,0.022145003,0.037890625,0.0003,16650,-0.007609650865197182,175.4021453857422,0.3,0.9075589179992676,310.9042678833008
27,258,26,200.0,3024.1176470588234,6912,-0.26524014174938204,0.04018239,0.040234375,0.0003,16660,-0.00920112996827811,248.85943603515625,0.3,0.7819691300392151,780.035075378418
28,258,27,200.0,3025.4285714285716,7168,-0.2892241939902306,0.0071279407,0.045703125,0.0003,16670,-0.002030418906360865,48.30229568481445,0.3,0.9097822308540344,299.6243953704834
29,261,28,200.0,3027.837837837838,7424,-0.3020210288465023,0.02601816,0.033203125,0.0003,16680,-0.0038993114605545996,83.36595916748047,0.3,0.9154452085494995,280.93038444519044
30,268,28,200.0,3028.9473684210525,7680,-0.3326814576983452,0.004942215,0.045703125,0.0003,16690,-0.005044147651642561,241.94381713867188,0.3,0.8725825548171997,428.29547119140625
31,275,28,200.0,3030.0,7936,-0.2920947402715683,0.023073912,0.09765625,0.0003,16700,-0.006403126928489655,224.71566772460938,0.3,0.9123978614807129,291.9031158447266
32,281,29,200.0,3031.0,8192,-0.31739829629659655,0.030285422,0.103515625,0.0003,16710,-0.004742793226614595,115.18408203125,0.3,0.9137378931045532,290.74302635192873
33,288,29,200.0,3032.8571428571427,8448,-0.31108804792165756,0.0060399426,0.00703125,0.0003,16720,-0.0012440380174666642,85.91050720214844,0.3,0.9257300496101379,244.85911254882814
