time/time_elapsed,rollout/ep_len_mean,time/iterations,rollout/ep_rew_mean,time/fps,time/total_timesteps,train/value_loss,train/clip_fraction,train/entropy_loss,train/policy_gradient_loss,train/explained_variance,train/loss,train/n_updates,train/clip_range,train/approx_kl,train/learning_rate
0,200.0,1,-740.0,1093,256,,,,,,,,,,
0,200.0,2,-765.0,1080,512,145.98575267791747,0.0,-2.5641449093818665,-0.01231258874759078,-0.006481051445007324,41.255531311035156,10,0.3,0.0025859564,0.0003
0,200.0,3,-773.3333333333334,1089,768,193.72749938964844,0.0,-2.558157765865326,-0.009105549054220318,0.0014991164207458496,84.24642181396484,20,0.3,0.0034272668,0.0003
0,200.0,4,-652.0,1064,1024,97.40012149810791,0.0,-2.5576647758483886,-0.009981417167000472,-0.002161860466003418,50.02165603637695,30,0.3,0.004492239,0.0003
1,200.0,5,-670.0,1054,1280,319.7900810241699,0.0,-2.559563457965851,-0.00517664491198957,0.002016782760620117,221.12060546875,40,0.3,0.0012348276,0.0003
1,200.0,6,-650.0,1049,1536,137.85265159606934,0.0,-2.5567175269126894,-0.0013471278129145504,0.0003815889358520508,66.88424682617188,50,0.3,0.000285001,0.0003
1,200.0,7,-642.5,1042,1792,368.0491065979004,0.0,-2.558756709098816,-0.004478125879541039,0.010818839073181152,292.97955322265625,60,0.3,0.00064684055,0.0003
1,200.0,8,-612.0,1033,2048,316.5162700653076,0.0,-2.5613192439079286,-0.005205046711489558,0.014549016952514648,107.96874237060547,70,0.3,0.0023368855,0.0003
2,200.0,9,-575.4545454545455,1044,2304,358.0091411590576,0.0,-2.55953449010849,-0.0028028016444295646,0.013249218463897705,256.3655700683594,80,0.3,0.0006684407,0.0003
2,200.0,10,-557.5,1040,2560,721.2980895996094,0.0,-2.5545043468475344,-0.0015749736223369837,0.030467331409454346,373.9441833496094,90,0.3,0.00016628741,0.0003
2,200.0,11,-576.4285714285714,1044,2816,169.42839889526368,0.0,-2.557779908180237,-0.006227159081026912,-0.07907748222351074,72.91290283203125,100,0.3,0.001324841,0.0003
2,200.0,12,-572.6666666666666,1041,3072,73.1909833908081,0.0421875,-2.5492743968963625,-0.019382295291870834,-0.02380204200744629,42.346309661865234,110,0.3,0.022309136,0.0003
3,200.0,13,-561.25,1048,3328,377.7327968597412,0.0,-2.524102509021759,-0.004341148771345615,0.008767187595367432,126.89854431152344,120,0.3,0.0058195796,0.0003
3,200.0,14,-554.7058823529412,1046,3584,551.0227973937988,0.00078125,-2.5363497614860533,-0.009324756544083357,0.04249483346939087,315.38580322265625,130,0.3,0.0013430133,0.0003
3,200.0,15,-549.4736842105264,1048,3840,94.9119176864624,0.0,-2.5336631298065186,-0.002100054966285825,-0.153877854347229,40.971988677978516,140,0.3,0.0003447677,0.0003
3,200.0,16,-534.0,1050,4096,308.1892887115479,0.000390625,-2.542715644836426,-0.0040308860130608085,-0.03977680206298828,48.6710090637207,150,0.3,0.0020098116,0.0003
4,200.0,17,-541.9047619047619,1051,4352,303.4748836517334,0.0,-2.5388043761253356,-0.002456863154657185,0.042373478412628174,106.47541046142578,160,0.3,0.0011229289,0.0003
4,200.0,18,-553.9130434782609,1053,4608,131.1809875488281,0.0,-2.5441816568374636,-0.002751442976295948,-0.01813650131225586,68.3979263305664,170,0.3,0.0015897953,0.0003
4,200.0,19,-535.0,1053,4864,80.72264652252197,0.05,-2.5148133397102357,-0.020681424043141307,-0.0016601085662841797,41.56462860107422,180,0.3,0.026873842,0.0003
4,200.0,20,-545.2,1054,5120,559.530084991455,0.0,-2.4787272572517396,-0.00021285852417349816,0.01638251543045044,347.88360595703125,190,0.3,0.0045876848,0.0003
5,200.0,21,-547.6923076923077,1056,5376,93.69384765625,0.0359375,-2.4603078961372375,-0.019385247537866235,-0.0004177093505859375,62.63882064819336,200,0.3,0.023659427,0.0003
5,200.0,22,-539.2857142857143,1056,5632,159.1847267150879,0.0,-2.4941676378250124,-0.0058786160545423625,-0.1440955400466919,61.1302490234375,210,0.3,0.0038758824,0.0003
5,200.0,23,-546.2068965517242,1055,5888,510.0494018554688,0.0,-2.490032398700714,-0.004043295397423208,0.04330122470855713,190.25439453125,220,0.3,0.00070387125,0.0003
5,200.0,24,-540.0,1057,6144,133.43029594421387,0.003515625,-2.4601789236068727,-0.0061507681384682655,0.027544796466827393,52.294158935546875,230,0.3,0.0044252565,0.0003
6,200.0,25,-511.875,1054,6400,309.8236652374268,0.0,-2.452273058891296,-0.005246139108203351,0.024457812309265137,253.5757598876953,240,0.3,0.0012961216,0.0003
6,200.0,26,-503.3333333333333,1055,6656,652.3038398742676,0.0,-2.4436747193336488,-0.0006653368705883622,0.11791354417800903,264.1930847167969,250,0.3,0.00051666517,0.0003
6,200.0,27,-493.52941176470586,1056,6912,296.8067337036133,0.0,-2.4830347895622253,-0.00508293688762933,-0.003915190696716309,248.89996337890625,260,0.3,0.0028306905,0.0003
6,200.0,28,-493.7142857142857,1057,7168,569.2315795898437,0.000390625,-2.4690529465675355,-0.00692141407635063,0.024654269218444824,200.65081787109375,270,0.3,0.002389916,0.0003
7,200.0,29,-498.64864864864865,1057,7424,303.21212005615234,0.023046875,-2.4685253739356994,-0.011170506663620471,0.08847206830978394,59.64300537109375,280,0.3,0.008964215,0.0003
7,200.0,30,-483.42105263157896,1055,7680,56.16457872390747,0.055859375,-2.5043023228645325,-0.01754340692423284,0.021399974822998047,24.743200302124023,290,0.3,0.041816637,0.0003
7,200.0,31,-485.12820512820514,1056,7936,500.6427711486816,0.01640625,-2.457514250278473,-0.01321708490140736,0.053788065910339355,381.97119140625,300,0.3,0.011843637,0.0003
7,200.0,32,-482.75,1054,8192,550.121021270752,0.0,-2.48012660741806,-0.003903471538797021,0.053026437759399414,293.7323913574219,310,0.3,0.0021316851,0.0003
8,200.0,33,-493.57142857142856,1054,8448,145.85427131652833,0.025,-2.4888899087905885,-0.008851002925075591,-0.02453315258026123,80.66895294189453,320,0.3,0.015472264,0.0003
8,200.0,34,-492.7906976744186,1053,8704,146.99604911804198,0.0,-2.47055447101593,-0.004237477574497462,-0.027791738510131836,80.14208221435547,330,0.3,0.0022490884,0.0003
8,200.0,35,-494.3181818181818,1052,8960,626.5049407958984,0.008984375,-2.4930706143379213,-0.007723573269322515,0.009877204895019531,391.7153015136719,340,0.3,0.011230322,0.0003
8,200.0,36,-492.60869565217394,1053,9216,65.83981075286866,0.001953125,-2.4941488027572634,-0.007882719719782471,-0.24156403541564941,29.870588302612305,350,0.3,0.006878271,0.0003
8,200.0,37,-501.27659574468083,1052,9472,42.699953937530516,0.114453125,-2.4877312898635866,-0.02178530734963715,0.014299511909484863,24.349037170410156,360,0.3,0.03450162,0.0003
9,200.0,38,-498.125,1053,9728,178.6112144470215,0.033984375,-2.4604809641838075,0.006773990206420421,-0.0040770769119262695,77.15457153320312,370,0.3,0.013097147,0.0003
9,200.0,39,-484.48979591836735,1053,9984,752.2495056152344,0.00625,-2.463967537879944,-0.0023918950697407126,0.035887837409973145,354.7431640625,380,0.3,0.0058649685,0.0003
9,200.0,40,-489.4117647058824,1053,10240,321.72288093566897,0.0,-2.472585880756378,-0.001971509773284197,-0.03706550598144531,275.98297119140625,390,0.3,0.00054529915,0.0003
0,200.0,1,-73.0,1418,256,85.79097747802734,0.0015625,-2.4556876182556153,-0.013555142376571894,-0.0564882755279541,44.63422775268555,400,0.3,0.008850459,0.0003
0,200.0,2,-171.0,1212,512,482.31530075073243,0.0,-2.5645002722740173,-0.007058114628307521,0.002789139747619629,391.41363525390625,10,0.3,0.0014762552,0.0003
0,200.0,3,-353.6666666666667,1138,768,291.40846424102784,0.0,-2.5608353972435,-0.005572175490669906,0.012781739234924316,206.4135284423828,20,0.3,0.0021551517,0.0003
0,200.0,4,-432.8,1104,1024,63.62338218688965,0.0,-2.555525302886963,-0.006612216145731509,-0.031696438789367676,32.06204605102539,30,0.3,0.0025379043,0.0003
1,200.0,5,-410.0,1082,1280,65.06073241233825,0.000390625,-2.5508418798446657,-0.016653695504646748,0.0027381181716918945,31.267080307006836,40,0.3,0.01378322,0.0003
1,200.0,6,-384.7142857142857,1076,1536,282.9212594985962,0.0,-2.526159167289734,-0.008231844427064062,0.005464375019073486,35.56028366088867,50,0.3,0.012072169,0.0003
1,200.0,7,-345.875,1065,1792,477.05399017333986,0.0,-2.4919023752212524,0.0028961353935301306,0.008175969123840332,73.8780288696289,60,0.3,0.002019526,0.0003
1,200.0,8,-401.2,1059,2048,269.8671802520752,0.0,-2.488059937953949,-0.0023669181042350828,0.038646042346954346,45.3643684387207,70,0.3,0.0007863827,0.0003
2,200.0,9,-389.54545454545456,1062,2304,112.23305740356446,0.0,-2.4806936740875245,-0.004612480755895376,-0.13662981986999512,52.07854080200195,80,0.3,0.0013693688,0.0003
2,200.0,10,-374.5833333333333,1051,2560,254.05415706634523,0.0,-2.4745367527008058,-0.004632448847405613,0.060922861099243164,72.4000244140625,90,0.3,0.0052688923,0.0003
2,200.0,11,-381.7142857142857,1046,2816,254.46696786880494,0.0,-2.4333481907844545,-0.012185839912854135,-0.006438493728637695,173.77503967285156,100,0.3,0.00987339,0.0003
2,200.0,12,-394.1333333333333,1045,3072,52.52086877822876,0.0,-2.3891191363334654,-0.0031135569093748926,-0.12553799152374268,10.09846305847168,110,0.3,0.003792585,0.0003
3,200.0,13,-377.1875,1046,3328,101.52657432556153,0.0,-2.362206053733826,-0.0035383961629122497,-0.04966092109680176,46.73133850097656,120,0.3,0.0028127204,0.0003
3,200.0,14,-366.7647058823529,1045,3584,476.364030456543,0.0,-2.3142024636268617,-0.004900766839273274,0.01791679859161377,392.7171325683594,130,0.3,0.0044631003,0.0003
3,200.0,15,-343.2105263157895,1044,3840,709.0654724121093,0.0,-2.2921735286712646,-0.0033568666316568852,0.0070879459381103516,273.3002624511719,140,0.3,0.0026899911,0.0003
3,200.0,16,-341.95,1044,4096,296.59370975494386,0.08359375,-2.2422961950302125,-0.01988266152329743,0.0002416372299194336,101.06666564941406,150,0.3,0.029959694,0.0003
4,200.0,17,-345.0952380952381,1044,4352,286.8539981842041,0.042578125,-2.2060461759567263,-0.009700526250526309,0.004779398441314697,101.7553939819336,160,0.3,0.018002786,0.0003
4,200.0,18,-334.30434782608694,1044,4608,227.57645933628083,0.002734375,-2.296393060684204,-0.009176589665003121,0.01967412233352661,154.43191528320312,170,0.3,0.021386087,0.0003
4,200.0,19,-347.0416666666667,1046,4864,255.5509346008301,0.015234375,-2.3348841428756715,-0.01435855480376631,0.026491761207580566,30.755599975585938,180,0.3,0.014251125,0.0003
4,200.0,20,-347.92,1047,5120,92.85973720550537,0.000390625,-2.323146331310272,-0.008361596893519164,-0.013899683952331543,76.81092834472656,190,0.3,0.0062967455,0.0003
5,200.0,21,-350.5,1049,5376,276.9479196548462,0.005859375,-2.2565441966056823,-0.007906659226864576,0.0261421799659729,30.15685272216797,200,0.3,0.011037424,0.0003
5,200.0,22,-350.7857142857143,1050,5632,292.53061904907224,0.000390625,-2.2648197054862975,0.0013299331068992615,-0.023413419723510742,79.41083526611328,210,0.3,0.0015763293,0.0003
5,200.0,23,-348.58620689655174,1051,5888,20.440285778045656,0.02265625,-2.2742210984230042,-0.006425854261033237,-0.022100448608398438,5.163763046264648,220,0.3,0.012847181,0.0003
5,200.0,24,-348.73333333333335,1051,6144,270.53513832092284,0.010546875,-2.285096764564514,-0.0047028036788105965,0.01327669620513916,26.075986862182617,230,0.3,0.009169085,0.0003
6,200.0,25,-349.5625,1050,6400,33.324731302261355,0.00234375,-2.2891956210136413,-0.011221934272907675,0.047865331172943115,26.269454956054688,240,0.3,0.0057974765,0.0003
6,200.0,26,-346.42424242424244,1052,6656,241.77745628356934,0.0,-2.2139446139335632,-0.0011749513214454055,0.011607587337493896,12.384089469909668,250,0.3,0.005940829,0.0003
6,200.0,27,-349.55882352941177,1053,6912,258.54790515899657,0.006640625,-2.127513921260834,-0.011218482931144535,0.019096732139587402,229.87371826171875,260,0.3,0.010945978,0.0003
6,200.0,28,-352.34285714285716,1053,7168,42.68812379837036,0.0,-2.088517451286316,-0.007580502680502832,-0.2044541835784912,26.828765869140625,270,0.3,0.005711454,0.0003
7,200.0,29,-350.0,1053,7424,25.29672293663025,0.023828125,-2.097103214263916,-0.014640307240188121,-0.07779228687286377,7.0509843826293945,280,0.3,0.021082733,0.0003
7,200.0,30,-346.6842105263158,1054,7680,277.33056793212893,0.052734375,-2.0549673438072205,-0.015145226567983627,0.015083611011505127,95.2924575805664,290,0.3,0.023634695,0.0003
7,200.0,31,-348.9230769230769,1051,7936,251.8724184036255,0.0,-2.022732150554657,-0.00037865284830331805,-0.0008023977279663086,239.90541076660156,300,0.3,0.0039387653,0.0003
7,200.0,32,-347.25,1051,8192,266.2279876708984,0.0,-2.010989713668823,-0.003242552967276424,0.010069668292999268,99.51350402832031,310,0.3,0.0032092766,0.0003
8,200.0,33,-346.6190476190476,1047,8448,28.680484676361083,0.017578125,-2.0051800072193147,-0.013231852976605295,-0.07879602909088135,20.666215896606445,320,0.3,0.013132031,0.0003
8,200.0,34,-348.1860465116279,1048,8704,295.2106994628906,0.0,-1.9509611189365388,-0.004253072780556977,0.016785085201263428,67.88118743896484,330,0.3,0.008421736,0.0003
8,200.0,35,-350.27272727272725,1048,8960,34.30486919879913,0.0,-1.8952585220336915,-0.008483221335336567,0.010313689708709717,17.665096282958984,340,0.3,0.015595811,0.0003
8,200.0,36,-349.9130434782609,1049,9216,266.1296136856079,0.008984375,-1.9016855239868165,-0.009771063947118819,0.016512036323547363,172.37191772460938,350,0.3,0.009407683,0.0003
9,200.0,37,-351.6808510638298,1049,9472,37.277062273025514,0.0,-1.9432002246379851,-0.003586773481220007,-0.007349491119384766,10.44514274597168,360,0.3,0.009963606,0.0003
9,200.0,38,-353.3125,1050,9728,13.765153896808624,0.006640625,-1.9041704058647155,-0.005098291952162981,-0.014199495315551758,3.6501383781433105,370,0.3,0.012809215,0.0003
9,200.0,39,-353.42857142857144,1050,9984,5.230646300315857,0.062890625,-1.8832205355167388,-0.013304654299281538,0.03459960222244263,1.5867847204208374,380,0.3,0.046878785,0.0003
9,200.0,40,-351.1372549019608,1051,10240,37.62793016433716,0.032421875,-1.7831538200378418,0.0007339520379900932,-0.01570451259613037,17.20547866821289,390,0.3,0.012685853,0.0003
0,200.0,1,-390.0,1374,256,243.114998626709,0.01953125,-1.895787662267685,-0.0048209537984803316,0.0021160244941711426,180.07058715820312,400,0.3,0.00821022,0.0003
0,200.0,2,-410.0,1147,512,33.06237506866455,0.137890625,-2.4104045033454895,-0.02526255864650011,0.010722517967224121,14.472559928894043,410,0.3,0.042084046,0.0003
0,200.0,3,-376.6666666666667,1130,768,21.68587110042572,0.078515625,-2.4812440633773805,-0.01624045134522021,-0.11614513397216797,16.391340255737305,420,0.3,0.022976594,0.0003
0,200.0,4,-378.0,1111,1024,22.931585049629213,0.076171875,-2.390723097324371,-0.0213377513573505,-0.01598381996154785,3.7883615493774414,430,0.3,0.03209821,0.0003
1,200.0,5,-335.0,1105,1280,22.356474661827086,0.108984375,-2.2906396627426147,-0.018222308647818864,-3.5762786865234375e-07,18.417165756225586,440,0.3,0.028938407,0.0003
1,200.0,6,-338.57142857142856,1090,1536,236.4584963798523,0.0296875,-2.295816707611084,-0.002320325770415366,7.522106170654297e-05,71.43545532226562,450,0.3,0.006631626,0.0003
1,200.0,7,-356.25,1088,1792,37.069384813308716,0.006640625,-2.2350214242935182,-0.014845686149783432,0.0020101070404052734,8.090633392333984,460,0.3,0.010373191,0.0003
1,200.0,8,-336.0,1087,2048,245.5736936569214,0.000390625,-2.316661059856415,-0.004922134755179286,0.011398732662200928,206.77207946777344,470,0.3,0.004596207,0.0003
2,200.0,9,-316.3636363636364,1089,2304,10.983509546518325,0.020703125,-2.222514283657074,-0.01579450098797679,-0.08061778545379639,6.274608135223389,480,0.3,0.019824585,0.0003
2,200.0,10,-295.8333333333333,1084,2560,422.60635776519774,0.05,-2.338043749332428,-0.004407590068876743,0.09052592515945435,109.1502685546875,490,0.3,0.018990392,0.0003
2,200.0,11,-277.14285714285717,1085,2816,14.97923572063446,0.00078125,-2.3447540760040284,-0.0035657307598739862,-0.9966574907302856,4.733219146728516,500,0.3,0.0034563213,0.0003
2,200.0,12,-264.6666666666667,1082,3072,480.7359451293945,0.032421875,-2.3096536874771116,-0.0037094189086928965,0.07352972030639648,46.97576904296875,510,0.3,0.0060881507,0.0003
3,200.0,13,-272.5,1083,3328,203.454181098938,0.00703125,-2.32484256029129,-0.005613798857666552,0.13746434450149536,44.51544952392578,520,0.3,0.0015192521,0.0003
3,200.0,14,-267.6470588235294,1084,3584,245.67877054214478,0.012890625,-2.348458731174469,-0.004630450438708067,0.10782253742218018,229.7062225341797,530,0.3,0.005846898,0.0003
3,200.0,15,-237.3684210526316,1077,3840,215.1185001373291,0.0,-2.3179808497428893,-0.003746851021423936,0.13627612590789795,179.83035278320312,540,0.3,0.0013448829,0.0003
3,200.0,16,-244.5,1078,4096,399.5142630577087,0.0265625,-2.225831663608551,-0.010691094514913856,0.13882970809936523,198.0289306640625,550,0.3,0.013893744,0.0003
4,200.0,17,-250.95238095238096,1079,4352,21.204962372779846,0.09375,-2.3290323972702027,-0.021597689925692977,-0.010566353797912598,16.439010620117188,560,0.3,0.016182672,0.0003
4,200.0,18,-264.7826086956522,1077,4608,52.297789096832275,0.03046875,-2.3094082832336427,-0.0027150800451636314,-0.12538766860961914,20.408367156982422,570,0.3,0.017980138,0.0003
4,200.0,19,-267.5,1078,4864,19.880764842033386,0.012890625,-2.280392646789551,-0.012201736913993955,0.00125962495803833,11.906049728393555,580,0.3,0.012367751,0.0003
4,200.0,20,-262.8,1078,5120,13.526633739471436,0.000390625,-2.2755801916122436,-0.005646407208405435,-0.0004584789276123047,7.096447944641113,590,0.3,0.004358372,0.0003
4,200.0,21,-260.38461538461536,1078,5376,263.012721824646,0.0,-2.289428877830505,-0.00319606865523383,0.0026395320892333984,24.899890899658203,600,0.3,0.0010874947,0.0003
5,200.0,22,-257.85714285714283,1081,5632,368.1519748687744,0.0,-2.311702537536621,-0.003808509511873126,0.09101873636245728,160.51953125,610,0.3,0.00063563976,0.0003
5,200.0,23,-262.0689655172414,1081,5888,28.594144773483276,0.000390625,-2.296965706348419,-0.0031837834510952236,-0.39257192611694336,4.044766902923584,620,0.3,0.0033016007,0.0003
5,200.0,24,-264.3333333333333,1080,6144,2.9213304072618484,0.10859375,-2.207282376289368,-0.02291155799757689,0.0011210441589355469,1.8303568363189697,630,0.3,0.030132849,0.0003
5,200.0,25,-260.9375,1080,6400,9.19129682779312,0.02265625,-2.261593532562256,-0.017709040665067732,0.001056373119354248,3.880481719970703,640,0.3,0.01910152,0.0003
6,200.0,26,-269.09090909090907,1078,6656,237.22469639778137,0.031640625,-2.212999975681305,-0.017778163077309728,0.0004918575286865234,180.94427490234375,650,0.3,0.009885098,0.0003
6,200.0,27,-271.7647058823529,1077,6912,82.95731296539307,0.016015625,-2.1973697662353517,-0.004094569850713015,0.0024147629737854004,48.892738342285156,660,0.3,0.012718394,0.0003
6,200.0,28,-273.42857142857144,1075,7168,5.919524616003036,0.183984375,-2.2331638097763062,-0.023955178493633867,-0.0060700178146362305,2.942739248275757,670,0.3,0.02797964,0.0003
6,200.0,29,-265.94594594594594,1075,7424,469.50981731414794,0.0,-2.1934415340423583,-0.0019850718323141336,-0.00029790401458740234,369.1346740722656,680,0.3,0.0062504867,0.0003
7,200.0,30,-263.1578947368421,1075,7680,24.068399381637573,0.0453125,-2.2245322346687315,-0.02338400394655764,0.0010802149772644043,16.97795867919922,690,0.3,0.022993911,0.0003
7,200.0,31,-264.35897435897436,1075,7936,264.0617341995239,0.0109375,-2.2623851895332336,-0.0009235969977453351,-1.728534698486328e-05,21.450733184814453,700,0.3,0.021195298,0.0003
7,200.0,32,-259.5,1075,8192,236.16117596626282,0.06171875,-2.27794988155365,-0.009704047301784157,0.001980602741241455,60.25579833984375,710,0.3,0.031777274,0.0003
7,200.0,33,-249.04761904761904,1075,8448,714.4272483825683,0.00078125,-2.3051756978034974,-0.0017878105165436864,-0.00015723705291748047,573.1445922851562,720,0.3,0.0012282315,0.0003
8,200.0,34,-251.62790697674419,1074,8704,24.173966312408446,0.0,-2.280314087867737,-0.005519642645958811,0.00023794174194335938,19.79294776916504,730,0.3,0.0013149166,0.0003
8,200.0,35,-250.22727272727272,1073,8960,40.378372001647946,0.0,-2.2564576625823975,-0.0037821488018380477,0.00021266937255859375,30.016876220703125,740,0.3,0.0012669731,0.0003
8,200.0,36,-250.43478260869566,1073,9216,264.03887329101565,0.04453125,-2.194483196735382,-0.017257806239649655,0.0013817548751831055,11.355193138122559,750,0.3,0.023165682,0.0003
8,200.0,37,-255.31914893617022,1072,9472,220.73064050674438,0.04453125,-2.2368512392044066,-0.009902570676058532,0.0008422136306762695,200.89010620117188,760,0.3,0.020347064,0.0003
9,200.0,38,-251.875,1072,9728,35.65287094116211,0.00078125,-2.3117480158805845,-0.0059543656650930645,0.0063239336013793945,25.650686264038086,770,0.3,0.004538857,0.0003
9,200.0,39,-250.0,1071,9984,216.9383903503418,0.0,-2.313504695892334,-0.000994614406954497,0.015272378921508789,10.165993690490723,780,0.3,0.0006268299,0.0003
9,200.0,40,-256.078431372549,1070,10240,251.65273003578187,0.00078125,-2.126112687587738,-0.006259639514610171,0.05225050449371338,7.207112789154053,790,0.3,0.001161295,0.0003
0,200.0,1,-264.0,1390,256,34.693004846572876,0.0,-2.2764012217521667,-0.010358679038472474,0.011402487754821777,9.262289047241211,800,0.3,0.004432612,0.0003
0,200.0,2,-337.0,1201,512,289.147562789917,0.0,-1.8516048610210418,-0.003979052032809705,-0.004470467567443848,188.4870147705078,410,0.3,0.0032087148,0.0003
0,200.0,3,-190.0,1137,768,242.79061541557311,0.0,-1.7933516442775725,-0.0050801091827452185,0.01660752296447754,228.8379669189453,420,0.3,0.003410874,0.0003
0,200.0,4,-217.6,1116,1024,223.0007679462433,0.0,-1.883897352218628,-0.002200274611823261,0.020318806171417236,5.9216437339782715,430,0.3,0.0021140592,0.0003
1,200.0,5,-170.33333333333334,1094,1280,225.51084060668944,0.000390625,-1.869966322183609,-0.004315736331045627,0.033837735652923584,68.98184967041016,440,0.3,0.0023195832,0.0003
1,200.0,6,-174.0,1090,1536,473.6227207183838,0.01484375,-1.9282572269439697,-0.01065458778757602,0.003456294536590576,80.994384765625,450,0.3,0.0093700085,0.0003
1,200.0,7,-199.375,1088,1792,233.65748929977417,0.0,-2.099024176597595,0.00033206174848601224,0.027703046798706055,201.16366577148438,460,0.3,0.0004842421,0.0003
1,200.0,8,-223.7,1075,2048,17.661226797103883,0.0,-1.9375905334949493,-0.0033817463438026605,-0.006931900978088379,5.1100077629089355,470,0.3,0.003981484,0.0003
2,200.0,9,-240.54545454545453,1052,2304,240.7383605957031,0.002734375,-1.9855242252349854,-0.003917318442836404,0.04974311590194702,167.82305908203125,480,0.3,0.009448001,0.0003
2,200.0,10,-222.41666666666666,1054,2560,280.7696348190308,0.0,-1.9060083091259004,-0.00442030809354037,-0.020823955535888672,233.89683532714844,490,0.3,0.0036126727,0.0003
2,200.0,11,-264.57142857142856,1052,2816,258.5424249649048,0.0,-1.9100668668746947,0.0011522958171553909,0.02397257089614868,70.12476348876953,500,0.3,0.00062679127,0.0003
2,200.0,12,-273.53333333333336,1048,3072,80.9041706085205,0.0,-1.981328046321869,-0.003838307084515691,-0.022017240524291992,35.32896041870117,510,0.3,0.0029134161,0.0003
3,200.0,13,-259.8125,1049,3328,55.88806591033936,0.191796875,-1.844017231464386,-0.017294038692489265,0.0037842988967895508,20.019378662109375,520,0.3,0.041035466,0.0003
3,200.0,14,-267.7647058823529,1052,3584,468.3946765899658,0.00078125,-1.7706444799900054,-0.0070258841384202245,-0.0015347003936767578,62.42179870605469,530,0.3,0.0060876105,0.0003
3,200.0,15,-254.68421052631578,1054,3840,256.3800479888916,0.0,-1.910571438074112,-0.0008076188096310943,0.020160257816314697,219.2879638671875,540,0.3,0.0024856273,0.0003
3,200.0,16,-267.5,1055,4096,232.4035472869873,0.0,-1.9510078847408294,-0.0025410081027075647,0.012434065341949463,217.66632080078125,550,0.3,0.0013702207,0.0003
4,200.0,17,-264.95238095238096,1057,4352,71.65461864471436,0.00078125,-1.9276758849620819,-0.008287102682515979,-0.015013933181762695,48.82883834838867,560,0.3,0.006128744,0.0003
4,200.0,18,-265.30434782608694,1058,4608,515.5740623474121,0.0,-1.8427375435829163,0.0009867664892226457,0.03967130184173584,215.58053588867188,570,0.3,0.0010685611,0.0003
4,200.0,19,-254.45833333333334,1058,4864,227.0901725769043,0.016796875,-1.8591799557209014,-0.012928868154995143,0.06791937351226807,74.40353393554688,580,0.3,0.014310561,0.0003
4,200.0,20,-255.88,1061,5120,472.3257755279541,0.00546875,-1.9803100526332855,-0.013932788698002695,0.07507312297821045,192.99526977539062,590,0.3,0.010137618,0.0003
5,200.0,21,-261.46153846153845,1060,5376,238.3913769721985,0.0,-2.0045544624328615,0.00024263106752187014,0.08890962600708008,173.5831756591797,600,0.3,0.0023022606,0.0003
5,200.0,22,-247.39285714285714,1060,5632,459.8254693984985,0.0,-2.0370293855667114,-0.0036563734291121365,0.06529039144515991,229.9433135986328,610,0.3,0.0021043224,0.0003
5,200.0,23,-230.72413793103448,1061,5888,288.93525314331055,0.0,-2.035203957557678,-0.0027238789014518263,-0.0049773454666137695,82.18341064453125,620,0.3,0.0012030345,0.0003
5,200.0,24,-236.86666666666667,1062,6144,643.5714385986328,0.0,-2.0523707628250123,-0.0024948243517428637,0.10380613803863525,538.5890502929688,630,0.3,0.0013500792,0.0003
6,200.0,25,-226.6875,1064,6400,21.447120428085327,0.0,-2.07015175819397,-0.0020920671289786697,-1.9953842163085938,8.907456398010254,640,0.3,0.0014536919,0.0003
6,200.0,26,-225.6969696969697,1064,6656,666.1246940612793,0.003125,-2.214663732051849,-0.0035738913342356683,0.04441344738006592,320.6849670410156,650,0.3,0.0064690295,0.0003
6,200.0,27,-233.55882352941177,1065,6912,258.9556058883667,0.0,-2.128061580657959,-0.0019497347297146917,0.02386307716369629,83.57099914550781,660,0.3,0.0009997268,0.0003
6,200.0,28,-238.82857142857142,1067,7168,88.78818473815917,0.0,-2.1958335399627686,-0.0008810505969449878,-0.6390466690063477,45.688232421875,670,0.3,0.00047788792,0.0003
6,200.0,29,-242.45945945945945,1066,7424,23.826315212249757,0.180859375,-2.337330865859985,-0.015447210054844618,-0.005275726318359375,16.66071891784668,680,0.3,0.033191495,0.0003
7,200.0,30,-241.1578947368421,1066,7680,222.45268454551697,0.028515625,-2.0628477573394775,-0.009991931810509414,0.0868685245513916,24.542766571044922,690,0.3,0.017495714,0.0003
7,200.0,31,-242.76923076923077,1066,7936,262.8284801483154,0.0,-2.016699403524399,-9.072516113519668e-05,-0.07015848159790039,74.90058898925781,700,0.3,0.0016008033,0.0003
7,200.0,32,-242.975,1067,8192,507.25723495483396,0.0,-2.080649530887604,-0.0010760779958218336,0.09596949815750122,233.39840698242188,710,0.3,0.00064109755,0.0003
7,200.0,33,-228.6904761904762,1067,8448,685.9740005493164,0.0,-2.114513599872589,-0.001959707192145288,0.10296130180358887,246.58653259277344,720,0.3,0.00039002486,0.0003
8,200.0,34,-233.0,1064,8704,233.14365272521974,0.00546875,-2.141865837574005,-0.009678964293561876,0.03432929515838623,25.237258911132812,730,0.3,0.0101468265,0.0003
8,200.0,35,-238.22727272727272,1063,8960,19.049169874191286,0.0765625,-1.9853340923786162,-0.021528318943455815,0.04607081413269043,15.163628578186035,740,0.3,0.033690955,0.0003
8,200.0,36,-244.52173913043478,1063,9216,21.730465006828307,0.038671875,-1.915986579656601,-0.017412395402789115,0.07301849126815796,14.0787992477417,750,0.3,0.01954025,0.0003
8,200.0,37,-249.48936170212767,1063,9472,4.301981198787689,0.162109375,-1.9144980013370514,-0.022277846187353133,0.07665294408798218,2.4032602310180664,760,0.3,0.070199534,0.0003
9,200.0,38,-249.60416666666666,1063,9728,48.09045519828796,0.051171875,-1.6133806467056275,-0.0017727206577546895,0.008367419242858887,13.846641540527344,770,0.3,0.036487836,0.0003
9,200.0,39,-252.6530612244898,1064,9984,238.37043437957763,0.0,-1.4572329461574554,-0.002482226025313139,0.11971956491470337,48.317203521728516,780,0.3,0.0020702912,0.0003
9,200.0,40,-256.5686274509804,1063,10240,31.4034863948822,0.011328125,-1.3373631060123443,-0.00427465969696641,-0.0635378360748291,15.763010025024414,790,0.3,0.005638552,0.0003
0,200.0,1,-330.0,1403,256,257.44722747802734,0.0,-1.7457938849925996,-0.0007807509042322636,0.09109538793563843,167.46621704101562,800,0.3,0.00082516926,0.0003
0,200.0,2,-410.0,1214,512,25.35602226257324,0.02109375,-2.2737431645393373,-0.012948677851818502,-0.044710516929626465,18.170957565307617,810,0.3,0.017249638,0.0003
0,200.0,3,-326.6666666666667,1111,768,41.317151403427125,0.0046875,-2.2705334544181826,-0.01055935975164175,-0.06356751918792725,19.225252151489258,820,0.3,0.008980386,0.0003
0,200.0,4,-346.0,1108,1024,233.82324833869933,0.0015625,-2.2501799702644347,-0.004531199671328067,0.025947988033294678,18.055570602416992,830,0.3,0.006698619,0.0003
1,200.0,5,-311.6666666666667,1057,1280,37.086211919784546,0.0734375,-2.2767841458320617,-0.014407353382557631,0.02569139003753662,22.78297233581543,840,0.3,0.039894648,0.0003
1,200.0,6,-251.42857142857142,1066,1536,249.35247840881348,0.0,-2.34618216753006,-0.008781959093175829,0.008490920066833496,18.265357971191406,850,0.3,0.0061584217,0.0003
1,200.0,7,-262.5,1054,1792,466.2593650817871,0.0171875,-2.3091113328933717,-0.005588464485481381,-0.01716482639312744,277.1075439453125,860,0.3,0.009934159,0.0003
1,200.0,8,-257.0,1048,2048,25.517648124694823,0.0046875,-2.369227981567383,-0.009269403218058869,-0.08400225639343262,5.123250961303711,870,0.3,0.0075925146,0.0003
2,200.0,9,-223.63636363636363,1040,2304,240.25582313537598,0.003125,-2.1994788885116576,-0.006034637172706425,0.045788586139678955,207.36936950683594,880,0.3,0.003552408,0.0003
2,200.0,10,-213.33333333333334,1046,2560,680.5677169799804,0.0,-2.3381720185279846,-0.0033496611984446647,0.024303913116455078,172.3426513671875,890,0.3,0.00079436135,0.0003
2,200.0,11,-234.28571428571428,1048,2816,62.27221803665161,0.0,-2.390981924533844,-0.00342862670077011,-0.503888726234436,13.22327995300293,900,0.3,0.0014355159,0.0003
2,200.0,12,-232.66666666666666,1051,3072,254.98949146270752,0.0,-2.3372049808502195,-0.0038582127424888315,0.08613795042037964,70.03978729248047,910,0.3,0.0011206686,0.0003
3,200.0,13,-210.0,1053,3328,442.7746856689453,0.011328125,-2.185362899303436,-0.016153914877213536,0.08368659019470215,188.88250732421875,920,0.3,0.008034777,0.0003
3,200.0,14,-198.23529411764707,1045,3584,451.435330581665,0.015234375,-2.299061620235443,-0.009140090830624104,0.09510159492492676,347.8023986816406,930,0.3,0.009298311,0.0003
3,200.0,15,-218.94736842105263,1043,3840,476.13937721252444,0.000390625,-2.2529898285865784,-0.004864283348433673,0.07879942655563354,210.12355041503906,940,0.3,0.003876086,0.0003
3,200.0,16,-215.0,1044,4096,68.0105562210083,0.008984375,-2.166020166873932,-0.006859165569767356,-0.05771303176879883,46.7408332824707,950,0.3,0.016822848,0.0003
4,200.0,17,-221.42857142857142,1050,4352,258.6215383529663,0.0,-2.2812697887420654,-0.0038063131622038783,0.00605928897857666,24.718067169189453,960,0.3,0.0044740746,0.0003
4,200.0,18,-235.2173913043478,1048,4608,34.524495697021486,0.044921875,-2.3329261898994447,-0.014483636035583914,0.01925647258758545,4.984227657318115,970,0.3,0.03136122,0.0003
4,200.0,19,-242.08333333333334,1047,4864,7.529533386230469,0.025,-2.3280065059661865,-0.0101768565364182,0.044773101806640625,4.775448322296143,980,0.3,0.013925201,0.0003
4,200.0,20,-238.0,1053,5120,54.67385120391846,0.004296875,-2.3168461441993715,-0.011699473613407462,-0.5410765409469604,21.659400939941406,990,0.3,0.0079579605,0.0003
5,200.0,21,-236.15384615384616,1055,5376,463.1318286895752,0.0,-2.338412809371948,-0.0011048341286368669,0.09205120801925659,60.68653106689453,1000,0.3,0.0016257942,0.0003
5,200.0,22,-237.5,1054,5632,10.071112191677093,0.007421875,-2.3717013597488403,-0.012544801738113166,-0.08276331424713135,4.4232177734375,1010,0.3,0.01171468,0.0003
5,200.0,23,-226.55172413793105,1056,5888,233.89395399093627,0.012890625,-2.3453095078468325,-0.014446623937692494,0.05605268478393555,31.592937469482422,1020,0.3,0.008978194,0.0003
5,200.0,24,-216.33333333333334,1060,6144,714.1572845458984,0.0,-2.334534239768982,-0.002475466416217387,0.011436820030212402,591.8074951171875,1030,0.3,0.00046324078,0.0003
6,200.0,25,-203.125,1060,6400,421.9622226715088,0.002734375,-2.3585426926612856,-0.005811883741989732,0.10994195938110352,108.89251708984375,1040,0.3,0.0040949155,0.0003
6,200.0,26,-208.4848484848485,1062,6656,404.090810585022,0.0,-2.3938086152076723,-0.005799506953917444,0.1669774055480957,255.65940856933594,1050,0.3,0.0013421599,0.0003
6,200.0,27,-207.05882352941177,1061,6912,24.056073713302613,0.005078125,-2.3951826214790346,-0.005145278165582567,-0.29272234439849854,12.939385414123535,1060,0.3,0.010046622,0.0003
6,200.0,28,-204.57142857142858,1062,7168,223.79765968322755,0.0,-2.319551706314087,0.00038842034991830586,0.07514947652816772,23.742815017700195,1070,0.3,0.0057873214,0.0003
6,200.0,29,-215.67567567567568,1063,7424,228.89021730422974,0.003125,-2.30721195936203,-0.007878366915974766,0.13934767246246338,176.5120086669922,1080,0.3,0.008899659,0.0003
7,200.0,30,-221.31578947368422,1064,7680,24.631797122955323,0.0,-2.308497166633606,-0.006759284669533372,-0.4926043748855591,18.70978355407715,1090,0.3,0.007191295,0.0003
7,200.0,31,-218.97435897435898,1063,7936,271.68080978393556,0.0125,-2.2749324440956116,-0.006799865909852087,-0.0233079195022583,227.77426147460938,1100,0.3,0.013108043,0.0003
7,200.0,32,-211.5,1066,8192,291.00786247253416,0.005859375,-2.275113618373871,-0.0029543532524257897,-0.007475376129150391,80.29956817626953,1110,0.3,0.0052753743,0.0003
7,200.0,33,-206.1904761904762,1065,8448,462.7612693786621,0.0,-2.2576232671737673,-0.0055051703006029126,0.0002346634864807129,284.2754211425781,1120,0.3,0.0010036419,0.0003
8,200.0,34,-211.3953488372093,1067,8704,249.75663738250734,0.03203125,-2.2688584208488463,-0.0002463073236867785,0.0011026859283447266,60.12776565551758,1130,0.3,0.02924768,0.0003
8,200.0,35,-216.13636363636363,1068,8960,52.14796886444092,0.001171875,-2.2895631194114685,-0.006984981521964073,2.0563602447509766e-05,20.665626525878906,1140,0.3,0.0039428025,0.0003
8,200.0,36,-205.8695652173913,1067,9216,216.5138756275177,0.0,-2.2803169965744017,-0.0035351605853065847,0.08495748043060303,185.2018280029297,1150,0.3,0.0013024949,0.0003
8,200.0,37,-209.5744680851064,1067,9472,405.6575019836426,0.0,-2.3091050028800963,-0.0004364249994978309,0.10829192399978638,37.41808319091797,1160,0.3,0.00065977336,0.0003
9,200.0,38,-207.08333333333334,1065,9728,25.156422281265257,0.0,-2.2711400628089904,-0.001988579367753118,-0.18330645561218262,14.812030792236328,1170,0.3,0.0012556426,0.0003
9,200.0,39,-210.20408163265307,1065,9984,210.28750381469726,0.0,-2.325525534152985,-0.0030840450432151555,0.15527451038360596,57.028987884521484,1180,0.3,0.0013597689,0.0003
9,200.0,40,-217.84313725490196,1066,10240,4.779618442058563,0.121484375,-2.248387861251831,-0.03667185017839074,0.0010035037994384766,2.167205333709717,1190,0.3,0.04295211,0.0003
0,200.0,1,-179.0,1406,256,246.15582542419435,0.029296875,-2.2450650334358215,0.006292453466448933,0.03170126676559448,84.40044403076172,1200,0.3,0.012698236,0.0003
0,200.0,2,-55.5,1263,512,499.5132698059082,0.0,-1.7402113854885102,-0.0022320491494610905,0.04639989137649536,286.24017333984375,810,0.3,0.0014812599,0.0003
0,200.0,3,-7.333333333333333,1162,768,225.8054355621338,0.0,-1.914353710412979,-0.0005965803633444011,0.045645713806152344,170.7259063720703,820,0.3,0.002140282,0.0003
0,200.0,4,-65.4,1152,1024,702.8040565490722,0.00234375,-1.976816177368164,-0.007492103660479188,0.0318487286567688,394.0954284667969,830,0.3,0.006453698,0.0003
1,200.0,5,-47.166666666666664,1107,1280,199.29793934822084,0.011328125,-2.089617919921875,-0.007853305782191455,0.17085152864456177,144.9647979736328,840,0.3,0.016969208,0.0003
1,200.0,6,-104.42857142857143,1105,1536,455.400785446167,0.01640625,-2.129898285865784,-0.013269194448366762,0.06201070547103882,262.1597595214844,850,0.3,0.01608766,0.0003
1,200.0,7,-110.375,1103,1792,49.14480967521668,0.0,-2.2038275003433228,-0.0011186866788193584,-1.3989291191101074,2.8694796562194824,860,0.3,0.001848344,0.0003
1,200.0,8,-165.6,1100,2048,216.99995765686035,0.0046875,-2.1948471426963807,-0.007132425531744957,0.12448406219482422,28.50349235534668,870,0.3,0.0054936735,0.0003
2,200.0,9,-160.0,1095,2304,23.787946248054503,0.20703125,-2.021457040309906,-0.020598269428592175,0.005616486072540283,5.702755451202393,880,0.3,0.03627658,0.0003
2,200.0,10,-169.33333333333334,1091,2560,765.4986015319824,0.007421875,-2.1441418647766115,-0.002158837812021375,0.05752485990524292,260.3262023925781,890,0.3,0.005965472,0.0003
2,200.0,11,-198.57142857142858,1084,2816,49.174581909179686,0.0,-2.106718385219574,-0.00022568665444850923,-0.4367135763168335,3.9591588973999023,900,0.3,0.000277973,0.0003
2,200.0,12,-208.86666666666667,1087,3072,10.313901138305663,0.0046875,-2.083666169643402,-0.0047603633487597104,-0.7030549049377441,4.318446636199951,910,0.3,0.0073192874,0.0003
3,200.0,13,-191.4375,1088,3328,9.147886919975281,0.1421875,-2.1166069388389586,-0.026845915871672333,0.01458674669265747,3.4667139053344727,920,0.3,0.068397045,0.0003
3,200.0,14,-163.94117647058823,1083,3584,970.4783874511719,0.00234375,-2.0461036026477815,0.002485029119998217,0.0058724284172058105,302.7807922363281,930,0.3,0.005548536,0.0003
3,200.0,15,-142.3684210526316,1088,3840,393.1494638442993,0.0,-1.8986846029758453,-0.002086284081451595,0.08953630924224854,323.85064697265625,940,0.3,0.0012427382,0.0003
3,200.0,16,-152.6,1088,4096,633.6346054077148,0.0,-2.0173163414001465,-0.0030240391381084917,0.12092721462249756,117.10089874267578,950,0.3,0.0011894684,0.0003
4,200.0,17,-164.8095238095238,1085,4352,22.13408386707306,0.117578125,-2.0398981869220734,-0.024736143182963133,0.006525099277496338,19.074647903442383,960,0.3,0.053178564,0.0003
4,200.0,18,-166.34782608695653,1080,4608,236.36823287010193,0.026171875,-2.0678090333938597,-0.005571711156517267,0.004529774188995361,73.91587829589844,970,0.3,0.007434356,0.0003
4,200.0,19,-182.58333333333334,1082,4864,246.37512683868408,0.0046875,-1.7011115908622743,-0.005810303392354399,0.06630396842956543,188.5823516845703,980,0.3,0.008441638,0.0003
4,200.0,20,-172.48,1080,5120,306.30351276397704,0.063671875,-1.8473841369152069,-0.01568323529791087,-0.012431859970092773,102.4793701171875,990,0.3,0.013629254,0.0003
4,200.0,21,-181.53846153846155,1080,5376,194.0044780254364,0.034765625,-1.2801408052444458,-0.01411094106733799,0.18212097883224487,183.90577697753906,1000,0.3,0.005505694,0.0003
5,200.0,22,-175.71428571428572,1081,5632,407.57877349853516,0.0,-1.522489959001541,-0.00478991805575788,0.14809376001358032,322.93792724609375,1010,0.3,0.002259631,0.0003
5,200.0,23,-165.24137931034483,1081,5888,271.0757139205933,0.00078125,-1.8273426234722137,-0.003760352940298617,0.01751190423965454,213.72048950195312,1020,0.3,0.0016952124,0.0003
5,200.0,24,-146.06666666666666,1082,6144,647.992594909668,0.0,-2.0113402009010315,-0.0018350739497691392,0.0720527172088623,221.78021240234375,1030,0.3,0.0014727747,0.0003
5,200.0,25,-147.46875,1079,6400,654.4690757751465,0.034765625,-1.4990230202674866,-0.008530163927935064,0.10050183534622192,265.4333190917969,1040,0.3,0.008839984,0.0003
6,200.0,26,-155.27272727272728,1077,6656,419.61433639526365,0.0609375,-1.8990102112293243,-0.007128796679899097,0.11737203598022461,196.83792114257812,1050,0.3,0.020958263,0.0003
6,200.0,27,-147.7941176470588,1078,6912,189.56719186306,0.005078125,-1.2548773407936096,-0.008385401964187623,0.18702960014343262,15.420158386230469,1060,0.3,0.006453621,0.0003
6,200.0,28,-141.45714285714286,1075,7168,431.77747955322263,0.0015625,-2.0891029477119445,-0.0020185715053230523,0.018134117126464844,231.51608276367188,1070,0.3,0.004422553,0.0003
6,200.0,29,-126.62162162162163,1073,7424,609.6135204315185,0.019140625,-2.1099910020828245,-0.007656329451128841,0.12304610013961792,328.4502258300781,1080,0.3,0.0151525065,0.0003
7,200.0,30,-129.71052631578948,1069,7680,718.0272079467774,0.00546875,-1.88511021733284,-0.007157076499424875,0.017953693866729736,461.41802978515625,1090,0.3,0.008198341,0.0003
7,200.0,31,-130.15384615384616,1068,7936,248.2771137237549,0.05234375,-1.788210278749466,-0.01624276682268828,-0.003547191619873047,74.54962921142578,1100,0.3,0.0110003,0.0003
7,200.0,32,-128.5,1069,8192,615.1867416381835,0.0359375,-1.851870596408844,-0.00710269664414227,0.10001397132873535,424.9631042480469,1110,0.3,0.018783903,0.0003
7,200.0,33,-109.69047619047619,1068,8448,593.2671577453614,0.0,-1.9550134241580963,-0.004661521385423839,0.15561389923095703,117.6449203491211,1120,0.3,0.0022468076,0.0003
8,200.0,34,-108.6046511627907,1070,8704,623.8845809936523,0.0,-2.0492225170135496,-0.0015424759010784328,0.0760955810546875,187.35923767089844,1130,0.3,0.00095684547,0.0003
8,200.0,35,-110.38636363636364,1070,8960,471.21805267333986,0.05546875,-1.9227017343044281,-0.013136882055550813,0.08381640911102295,249.24288940429688,1140,0.3,0.024915759,0.0003
8,200.0,36,-104.82608695652173,1068,9216,777.0955001831055,0.053125,-2.005322188138962,-0.019040937023237347,-0.023708343505859375,395.3907775878906,1150,0.3,0.025479645,0.0003
8,200.0,37,-107.87234042553192,1066,9472,654.0062484741211,0.01640625,-2.139901649951935,-0.01836686416063458,0.09823143482208252,247.4658966064453,1160,0.3,0.009571351,0.0003
9,200.0,38,-108.77083333333333,1064,9728,270.80308799743653,0.06875,-1.9834227204322814,-0.018632213491946457,-0.0058051347732543945,50.1038932800293,1170,0.3,0.030143654,0.0003
9,200.0,39,-103.48979591836735,1066,9984,692.35830078125,0.0078125,-2.012290006875992,-0.0030077115166932344,0.12818700075149536,162.4270782470703,1180,0.3,0.008829152,0.0003
9,200.0,40,-91.23529411764706,1065,10240,1043.186273956299,0.00390625,-2.070912981033325,-0.00853253067471087,0.10252004861831665,551.3788452148438,1190,0.3,0.006064831,0.0003
0,200.0,1,200.0,1326,256,721.6025909423828,0.01640625,-2.0239880263805388,-0.005342904478311539,-0.012738227844238281,229.21485900878906,1200,0.3,0.012128765,0.0003
0,200.0,2,-20.0,1175,512,725.5023635864258,0.0,-2.1825896859169007,-0.00042972592636942865,0.007635772228240967,263.69891357421875,1210,0.3,0.00041697314,0.0003
0,200.0,3,-23.333333333333332,1121,768,544.3406700134277,0.0,-2.3039896726608275,-0.001598828798159957,-0.005608201026916504,117.24637603759766,1220,0.3,0.0006865943,0.0003
0,200.0,4,-52.0,1099,1024,539.2232398986816,0.0234375,-2.24180246591568,-0.011064554774202406,-0.0001436471939086914,285.7851257324219,1230,0.3,0.014648363,0.0003
1,200.0,5,-108.33333333333333,1093,1280,469.1018424987793,0.00859375,-2.2636905908584595,-0.011281295213848352,0.06795269250869751,269.2803955078125,1240,0.3,0.0038661826,0.0003
1,200.0,6,-68.57142857142857,1095,1536,253.80276069641113,0.00390625,-2.2230324268341066,-0.010130875930190086,0.0006823539733886719,67.38127136230469,1250,0.3,0.0015852898,0.0003
1,200.0,7,-53.75,1095,1792,824.5573837280274,0.0,-2.213916206359863,-0.0013054812327027321,0.11485332250595093,369.998291015625,1260,0.3,0.00036286726,0.0003
1,200.0,8,-39.0,1089,2048,446.2143081665039,0.0,-2.230686593055725,-0.0016038763569667935,0.12214833498001099,251.6802215576172,1270,0.3,0.00020172005,0.0003
2,200.0,9,-46.36363636363637,1086,2304,493.0372169494629,0.0,-2.2226096034049987,-0.0015199817717075348,0.016981780529022217,404.11676025390625,1280,0.3,0.000279007,0.0003
2,200.0,10,-50.0,1084,2560,700.7344543457032,0.0015625,-2.1038104057312013,-0.006550783081911505,0.112032949924469,505.75872802734375,1290,0.3,0.0016774293,0.0003
2,200.0,11,-57.142857142857146,1088,2816,505.5239284515381,0.000390625,-2.216600406169891,-0.007947035087272524,-0.009430527687072754,225.34951782226562,1300,0.3,0.0052651307,0.0003
2,200.0,12,-65.33333333333333,1082,3072,438.0647888183594,0.0,-2.218006432056427,0.0002671445719897747,0.06573396921157837,208.9551239013672,1310,0.3,5.1732175e-05,0.0003
3,200.0,13,-56.25,1083,3328,210.66183338165283,0.026953125,-2.2229663610458372,-0.005134549271315336,0.13204199075698853,70.08313751220703,1320,0.3,0.007859968,0.0003
3,200.0,14,-68.82352941176471,1084,3584,651.6337387084961,0.0,-2.2535878658294677,-0.005339689704123884,0.12575089931488037,315.5614013671875,1330,0.3,0.0012938394,0.0003
3,200.0,15,-81.57894736842105,1080,3840,468.08313217163084,0.0,-1.8187349438667297,0.0010709634516388178,-0.11805331707000732,109.07432556152344,1340,0.3,0.0010856858,0.0003
3,200.0,16,-71.0,1076,4096,382.01940155029297,0.011328125,-2.1203771233558655,-0.013077499181963503,0.1837451457977295,330.6352233886719,1350,0.3,0.008115859,0.0003
4,200.0,17,-66.19047619047619,1077,4352,436.7076362609863,0.0,-2.2349259495735168,-0.002368225296959281,0.08514982461929321,160.0948944091797,1360,0.3,0.0012574233,0.0003
4,200.0,18,-95.21739130434783,1074,4608,489.71141319274903,0.00078125,-2.0785903215408323,-0.006873652164358646,-0.0022236108779907227,280.2661437988281,1370,0.3,0.003556393,0.0003
4,200.0,19,-111.25,1079,4864,324.7023895263672,0.0,-2.0464083433151243,-0.000854041101410985,0.043164193630218506,97.88227844238281,1380,0.3,0.0010092258,0.0003
4,200.0,20,-117.2,1076,5120,129.6661165237427,0.00078125,-2.1130091905593873,-0.004836401832289994,-1.4586858749389648,50.88693618774414,1390,0.3,0.003083285,0.0003
5,200.0,21,-111.53846153846153,1069,5376,481.57194366455076,0.07578125,-2.2100938081741335,-0.008210018079262226,0.09261965751647949,386.0013427734375,1400,0.3,0.027136136,0.0003
5,200.0,22,-100.0,1071,5632,711.3680648803711,0.001171875,-2.1942553758621215,-0.0035985281225293874,0.005309641361236572,427.1803894042969,1410,0.3,0.0016868713,0.0003
5,200.0,23,-77.93103448275862,1069,5888,435.3635482788086,0.017578125,-2.093934726715088,-0.005025643715634942,0.15336620807647705,256.4314270019531,1420,0.3,0.008865301,0.0003
5,200.0,24,-59.0,1070,6144,1064.5684463500977,0.00703125,-1.9368083477020264,-0.007255621161311865,0.09134429693222046,542.020751953125,1430,0.3,0.007315872,0.0003
5,200.0,25,-50.9375,1068,6400,1227.9270889282227,0.0,-1.9178213000297546,-0.0013122757663950324,0.1569422483444214,584.112548828125,1440,0.3,0.00027152174,0.0003
6,200.0,26,-66.06060606060606,1065,6656,521.075163269043,0.0015625,-2.0286543130874635,-0.004419594199862331,0.07639521360397339,238.21388244628906,1450,0.3,0.0036284213,0.0003
6,200.0,27,-70.29411764705883,1060,6912,315.4601173400879,0.05859375,-2.1054450988769533,-0.013314851676113904,-0.010712504386901855,229.1212615966797,1460,0.3,0.015073893,0.0003
6,200.0,28,-83.14285714285714,1058,7168,35.97175817489624,0.02265625,-1.7927232921123504,-0.008435349236242473,-0.029484033584594727,19.72246742248535,1470,0.3,0.011974446,0.0003
7,200.0,29,-83.51351351351352,1057,7424,542.6068592071533,0.0,-2.2986010789871214,0.0010052025550976395,0.04637664556503296,135.2957305908203,1480,0.3,0.00075067487,0.0003
7,200.0,30,-72.63157894736842,1058,7680,262.97661819458006,0.0,-2.261685621738434,-0.002657083864323795,-0.0012409687042236328,83.12630462646484,1490,0.3,0.0011879716,0.0003
7,200.0,31,-73.07692307692308,1059,7936,853.6598846435547,0.0,-2.057606065273285,-0.002253204304724932,0.13918781280517578,322.9259948730469,1500,0.3,0.0021947126,0.0003
7,200.0,32,-77.0,1058,8192,224.58148860931396,0.006640625,-2.257170927524567,-0.0041133307269774376,0.19831699132919312,69.0450668334961,1510,0.3,0.0097486,0.0003
7,200.0,33,-78.0952380952381,1058,8448,709.5196426391601,0.0,-1.8413183629512786,0.0002992846770212054,0.026108980178833008,561.25244140625,1520,0.3,0.0014438173,0.0003
8,200.0,34,-73.25581395348837,1059,8704,252.98466377258302,0.007421875,-2.2383602380752565,-0.008093305444344879,0.03235900402069092,155.49827575683594,1530,0.3,0.0018497738,0.0003
8,200.0,35,-65.22727272727273,1058,8960,581.0077178955078,0.00078125,-2.012771391868591,-0.004706937819719315,0.12323653697967529,210.34564208984375,1540,0.3,0.003912134,0.0003
8,200.0,36,-69.78260869565217,1059,9216,806.8008819580078,0.001953125,-1.9752474308013916,-0.004805448302067816,0.11060833930969238,407.8392028808594,1550,0.3,0.0030431838,0.0003
8,200.0,37,-70.42553191489361,1059,9472,234.82971420288087,0.0,-1.8937237322330476,-0.002263409341685474,-2.35394287109375,131.83949279785156,1560,0.3,0.00131158,0.0003
9,200.0,38,-61.875,1060,9728,651.7940162658691,0.01171875,-2.148990797996521,-0.008939861599355937,0.14033764600753784,322.0493469238281,1570,0.3,0.0036416512,0.0003
9,200.0,39,-65.91836734693878,1054,9984,390.3835216522217,0.0,-2.212900447845459,-0.003160744858905673,0.11027008295059204,71.61394500732422,1580,0.3,0.0005620066,0.0003
9,200.0,40,-55.68627450980392,1052,10240,576.308724975586,0.019921875,-2.203835833072662,-0.013402990205213428,0.21492230892181396,455.21478271484375,1590,0.3,0.0052645975,0.0003
0,200.0,1,84.0,1373,256,654.8081756591797,0.019921875,-2.087275433540344,-0.006104881269857287,0.048239707946777344,404.4392395019531,1600,0.3,0.011624031,0.0003
0,200.0,2,16.5,1142,512,721.9998214721679,0.01875,-1.9450169682502747,-0.01976659884676337,0.05549204349517822,510.9056396484375,1210,0.3,0.009039914,0.0003
0,200.0,3,-89.0,1121,768,496.35728492736814,0.05703125,-1.9587884187698363,-0.0069627482676878575,0.11640840768814087,206.81961059570312,1220,0.3,0.018886551,0.0003
0,200.0,4,-52.4,1093,1024,737.9115631103516,0.0,-1.795284903049469,-0.002320205979049206,-0.00024318695068359375,317.8202819824219,1230,0.3,0.00058418233,0.0003
1,200.0,5,-98.5,1087,1280,680.5795677185058,0.0109375,-2.0329565942287444,-0.009646080271340906,0.08793491125106812,422.7138366699219,1240,0.3,0.0073821424,0.0003
1,200.0,6,-127.71428571428571,1086,1536,302.66822204589846,0.0,-1.7545737147331237,-0.006852256064303219,-0.046297669410705566,71.2046890258789,1250,0.3,0.0033837978,0.0003
1,200.0,7,-135.25,1082,1792,545.4944221496582,0.00703125,-2.0546386361122133,-0.008211155701428653,0.03210490942001343,231.25979614257812,1260,0.3,0.0100001935,0.0003
1,200.0,8,-116.4,1086,2048,625.5090934753418,0.0,-1.6899003565311432,-0.003346125467214733,0.10334330797195435,179.431884765625,1270,0.3,0.0012394132,0.0003
2,200.0,9,-124.27272727272727,1079,2304,411.773090171814,0.05625,-1.890257430076599,-0.0059720390709117055,0.18773865699768066,242.1085968017578,1280,0.3,0.027714614,0.0003
2,200.0,10,-139.41666666666666,1080,2560,458.69935073852537,0.004296875,-1.9348194420337677,-0.002425087883602828,0.11028963327407837,210.30015563964844,1290,0.3,0.007512682,0.0003
2,200.0,11,-132.5,1082,2816,403.2259952545166,0.019140625,-1.8203483164310454,-0.009122058283537626,0.141865074634552,167.97267150878906,1300,0.3,0.013418429,0.0003
2,200.0,12,-126.73333333333333,1073,3072,496.756538772583,0.0,-1.9087326526641846,-4.7089369036257264e-05,0.01683109998703003,381.02899169921875,1310,0.3,0.0014239072,0.0003
3,200.0,13,-104.4375,1075,3328,661.791487121582,0.0,-1.8525548338890077,-0.002230036212131381,0.06009310483932495,506.4073181152344,1320,0.3,0.0008728248,0.0003
3,200.0,14,-121.58823529411765,1072,3584,628.391389465332,0.00078125,-1.7916948795318604,-0.0052195905009284616,0.1596076488494873,490.219482421875,1330,0.3,0.0057915905,0.0003
3,200.0,15,-145.0,1071,3840,328.3618667602539,0.00078125,-1.889838343858719,-0.001681919430848211,-0.06420814990997314,106.13200378417969,1340,0.3,0.0037743007,0.0003
3,200.0,16,-157.95,1073,4096,318.08444900512694,0.041796875,-2.0813860476016997,-0.01777947968803346,0.1047481894493103,68.60067749023438,1350,0.3,0.025043994,0.0003
4,200.0,17,-160.57142857142858,1073,4352,428.5907257080078,0.07734375,-2.0123927175998686,-0.012595691299065948,0.17452293634414673,217.6850128173828,1360,0.3,0.021793224,0.0003
4,200.0,18,-156.65217391304347,1070,4608,260.55448894500734,0.01015625,-1.832723182439804,-0.005171374510973692,0.17111831903457642,44.99774169921875,1370,0.3,0.010893598,0.0003
4,200.0,19,-159.91666666666666,1072,4864,427.4497631072998,0.044140625,-1.8859949946403503,-0.00576374214142561,0.10537451505661011,150.13211059570312,1380,0.3,0.015797582,0.0003
4,200.0,20,-153.84,1070,5120,287.4506778717041,0.0,-1.9315541446208955,-0.0015692566521465778,-0.1387946605682373,153.48895263671875,1390,0.3,0.0024279861,0.0003
5,200.0,21,-129.23076923076923,1063,5376,997.873080444336,0.0,-1.7611820340156554,-0.0008644521702080965,-0.011819243431091309,466.5343017578125,1400,0.3,0.0012418723,0.0003
5,200.0,22,-114.96428571428571,1061,5632,573.2908233642578,0.000390625,-1.8065173089504243,-0.001446944917552173,0.17948448657989502,485.299072265625,1410,0.3,0.0014994643,0.0003
5,200.0,23,-120.24137931034483,1059,5888,897.3007369995117,0.05234375,-1.8958405196666717,-0.010662814695388078,0.05301344394683838,367.6805419921875,1420,0.3,0.020635346,0.0003
5,200.0,24,-123.4,1061,6144,416.72388954162597,0.0,-2.0180531084537505,-0.0005712098442018032,0.16006100177764893,108.11499786376953,1430,0.3,0.00043343916,0.0003
6,200.0,25,-94.53125,1059,6400,436.9462017059326,0.01015625,-1.7541619479656219,-0.006821280717849732,0.04765617847442627,404.0926513671875,1440,0.3,0.009985367,0.0003
6,200.0,26,-102.72727272727273,1058,6656,801.1426437377929,0.013671875,-1.961961704492569,-0.0042849166318774225,0.13278788328170776,712.7394409179688,1450,0.3,0.009904234,0.0003
6,200.0,27,-91.26470588235294,1056,6912,471.29038734436034,0.011328125,-2.0708220660686494,-0.008490989380516113,-0.010396718978881836,41.21791458129883,1460,0.3,0.008363817,0.0003
6,200.0,28,-99.02857142857142,1055,7168,191.06444416046142,0.031640625,-1.9426619172096253,-0.007928501872811466,0.18383824825286865,143.97430419921875,1470,0.3,0.0267734,0.0003
7,200.0,29,-108.86486486486487,1056,7424,289.5462902069092,0.174609375,-1.9065701961517334,-0.026345591893186793,0.034847795963287354,194.86532592773438,1480,0.3,0.06619371,0.0003
7,200.0,30,-90.94736842105263,1056,7680,214.98300189971923,0.0125,-1.7570891439914704,-0.005697503557894379,0.21302706003189087,141.49594116210938,1490,0.3,0.0059291297,0.0003
7,200.0,31,-87.35897435897436,1057,7936,1076.3586791992188,0.02421875,-1.9308481991291047,-0.0006244496908038855,0.08381104469299316,606.4464721679688,1500,0.3,0.010624408,0.0003
7,200.0,32,-96.05,1055,8192,261.50587406158445,0.025390625,-1.9350357592105865,-0.009879915416240692,-0.007164120674133301,245.9906005859375,1510,0.3,0.01255024,0.0003
8,200.0,33,-78.5,1054,8448,439.5034744262695,0.01328125,-1.8545588731765748,-0.008533076429739595,0.10953450202941895,365.32318115234375,1520,0.3,0.005464291,0.0003
8,200.0,34,-74.25581395348837,1054,8704,976.3606231689453,0.0359375,-1.7961499392986298,-0.010926772328093647,0.10889202356338501,444.3337707519531,1530,0.3,0.014471187,0.0003
8,200.0,35,-70.8409090909091,1055,8960,186.73433675765992,0.001953125,-2.0400011956691744,-0.0068291245959699156,0.2061293125152588,139.1683349609375,1540,0.3,0.0072054155,0.0003
8,200.0,36,-69.23913043478261,1055,9216,530.0640823364258,0.006640625,-2.0357453346252443,-0.008752888394519686,0.22624653577804565,425.27899169921875,1550,0.3,0.009169689,0.0003
8,200.0,37,-69.48936170212765,1055,9472,472.6556758880615,0.068359375,-1.904727029800415,-0.014292671973817051,-0.03720438480377197,359.12384033203125,1560,0.3,0.025324546,0.0003
9,200.0,38,-68.39583333333333,1055,9728,860.2331329345703,0.0,-1.7780600845813752,-0.0031316260574385524,0.11011672019958496,455.30889892578125,1570,0.3,0.002452393,0.0003
9,200.0,39,-67.83673469387755,1056,9984,225.76300888061525,0.0,-1.4428752720355988,-0.0027826566714793445,0.018506228923797607,75.93071746826172,1580,0.3,0.0006536844,0.0003
9,200.0,40,-74.17647058823529,1056,10240,405.94803924560546,0.0,-1.6082268357276917,-0.001546852255705744,0.1566706895828247,238.15057373046875,1590,0.3,0.0008875199,0.0003
0,200.0,1,-470.0,1367,256,226.2000930786133,0.13515625,-2.0977692127227785,-0.006028124236036092,0.12967240810394287,149.23521423339844,1600,0.3,0.0381333,0.0003
0,200.0,2,-325.0,1154,512,192.21447830200196,0.0,-2.2576504349708557,4.2758113704621795e-05,-1.7704288959503174,54.669673919677734,1610,0.3,0.0008492272,0.0003
0,200.0,3,-230.0,1112,768,456.75137252807616,0.0,-2.2544259071350097,-0.000719397107604891,0.17245030403137207,311.2261657714844,1620,0.3,3.534695e-05,0.0003
0,200.0,4,-250.0,1067,1024,490.96131744384763,0.0,-2.2650049805641173,-0.002536166086792946,0.002903759479522705,108.29713439941406,1630,0.3,0.00039457786,0.0003
1,200.0,5,-243.33333333333334,1062,1280,333.31277084350586,0.01171875,-2.199013042449951,-0.007953846524469555,-0.019092202186584473,111.67477416992188,1640,0.3,0.009986495,0.0003
1,200.0,6,-262.85714285714283,1059,1536,265.14571685791014,0.026953125,-2.2512916207313536,-0.004857723449822516,-0.0063822269439697266,47.99617385864258,1650,0.3,0.0028270457,0.0003
1,200.0,7,-272.5,1063,1792,477.74537963867186,0.017578125,-2.289887809753418,0.0029693257412873207,0.07334953546524048,224.26730346679688,1660,0.3,0.0069619757,0.0003
1,200.0,8,-212.0,1065,2048,522.9429138183593,0.040625,-2.1836307287216186,-0.018407115945592523,0.05522817373275757,419.5149230957031,1670,0.3,0.017300943,0.0003
2,200.0,9,-169.0909090909091,1062,2304,627.8490715026855,0.0046875,-2.253524351119995,-0.008585112512810156,0.12408161163330078,382.1043395996094,1680,0.3,0.004861526,0.0003
2,200.0,10,-111.66666666666667,1071,2560,667.7003158569336,0.0,-2.273288357257843,-0.001257733698002994,0.08388811349868774,364.80035400390625,1690,0.3,0.0021404428,0.0003
2,200.0,11,-32.857142857142854,1069,2816,1227.0013885498047,0.0,-2.1795133352279663,-0.0005423945607617497,0.10301804542541504,775.8855590820312,1700,0.3,0.0002894902,0.0003
2,200.0,12,-8.0,1063,3072,853.9282470703125,0.0,-2.2733372807502747,-0.0019427021965384484,0.057851195335388184,578.3648681640625,1710,0.3,0.00017300737,0.0003
3,200.0,13,-15.0,1061,3328,711.978288269043,0.0,-2.1354841113090517,-0.0018160412088036536,-0.0018448829650878906,323.16851806640625,1720,0.3,0.00019490393,0.0003
3,200.0,14,-9.411764705882353,1061,3584,574.2601587295533,0.0015625,-2.151920831203461,-0.006579652568325401,0.13195544481277466,395.1010437011719,1730,0.3,0.0023937644,0.0003
3,200.0,15,23.157894736842106,1064,3840,832.8691299438476,0.001953125,-2.2937576293945314,-0.013343353499658405,0.0850754976272583,682.2926635742188,1740,0.3,0.0020459765,0.0003
3,200.0,16,29.0,1061,4096,633.4932655334472,0.001953125,-2.234127151966095,-0.006792161986231804,0.12011390924453735,277.2997741699219,1750,0.3,0.0021010397,0.0003
4,200.0,17,35.714285714285715,1058,4352,447.93267517089845,0.00546875,-2.2728373646736144,-0.011190651473589242,0.11508458852767944,190.53407287597656,1760,0.3,0.0038683426,0.0003
4,200.0,18,28.26086956521739,1059,4608,624.9424377441406,0.0,-2.2607415437698366,-0.002908678143285215,0.12713390588760376,242.16012573242188,1770,0.3,0.0013676118,0.0003
4,200.0,19,17.916666666666668,1059,4864,392.54972648620605,0.0,-2.293955993652344,-0.0020100006368011236,0.1390312910079956,202.5754852294922,1780,0.3,0.00022136001,0.0003
4,200.0,20,20.4,1059,5120,679.1200531005859,0.0,-2.2374160289764404,-0.0015239391708746553,0.01660102605819702,420.121337890625,1790,0.3,0.00015174551,0.0003
5,200.0,21,8.846153846153847,1059,5376,198.46319198608398,0.0,-2.2251020073890686,-9.900633012875915e-05,-1.5997836589813232,93.18348693847656,1800,0.3,0.00065415073,0.0003
5,200.0,22,56.07142857142857,1058,5632,831.2276123046875,0.0,-2.2960954666137696,-0.0010797658236697317,0.05575203895568848,236.67369079589844,1810,0.3,0.00021746731,0.0003
5,200.0,23,55.172413793103445,1059,5888,1125.7197540283203,0.0,-2.276922035217285,-0.0018855383386835456,0.1605454683303833,709.6593627929688,1820,0.3,0.0002902525,0.0003
5,200.0,24,49.666666666666664,1060,6144,628.9615768432617,0.0,-2.249247133731842,-0.002730210078880191,0.1279030442237854,36.40599822998047,1830,0.3,0.00024969736,0.0003
6,200.0,25,60.3125,1060,6400,770.3949996948243,0.0,-2.2938690185546875,-0.001127252262085676,0.00040799379348754883,586.2728881835938,1840,0.3,0.00024185074,0.0003
6,200.0,26,54.84848484848485,1060,6656,804.1561645507812,0.0,-2.2599653601646423,-0.002712469780817628,0.11721187829971313,572.2728881835938,1850,0.3,0.001147175,0.0003
6,200.0,27,54.705882352941174,1058,6912,509.20328521728516,0.002734375,-2.3009092807769775,-0.005493331491015852,0.050314247608184814,312.3869934082031,1860,0.3,0.0022464634,0.0003
6,200.0,28,53.142857142857146,1060,7168,676.8515335083008,0.0,-2.2237976789474487,-0.006734885973855853,0.05169147253036499,250.7761688232422,1870,0.3,0.0021138354,0.0003
7,200.0,29,35.4054054054054,1059,7424,469.02660331726076,0.0,-2.2268731594085693,-0.0005519264028407634,0.055791258811950684,337.934814453125,1880,0.3,0.00096425833,0.0003
7,200.0,30,41.05263157894737,1060,7680,292.8116065979004,0.0,-2.3105379223823546,-0.001972824882250279,0.042855679988861084,121.57186889648438,1890,0.3,0.00034550694,0.0003
7,200.0,31,35.8974358974359,1061,7936,650.8899688720703,0.0,-2.291375756263733,-0.0033608915633521973,0.10049140453338623,419.0938720703125,1900,0.3,0.00049382984,0.0003
7,200.0,32,33.75,1059,8192,763.1474807739257,0.0,-2.184870731830597,-0.0021039643324911594,-0.05861842632293701,374.0309753417969,1910,0.3,0.00073410873,0.0003
7,200.0,33,13.095238095238095,1059,8448,106.88854675292968,0.01484375,-2.381393790245056,-0.007594492426142097,-0.38649535179138184,53.66375732421875,1920,0.3,0.01149139,0.0003
8,200.0,34,13.953488372093023,1058,8704,462.5311538696289,0.0,-2.3207582116127012,-0.000820182217285037,0.09133642911911011,260.164794921875,1930,0.3,0.00030371686,0.0003
8,200.0,35,14.318181818181818,1057,8960,745.8594787597656,0.000390625,-2.155090022087097,-0.006234162440523505,0.036010026931762695,310.8092041015625,1940,0.3,0.0024772529,0.0003
8,200.0,36,10.217391304347826,1057,9216,524.1800567626954,0.0,-2.302045464515686,-0.002532124565914273,0.0038105249404907227,413.16680908203125,1950,0.3,0.0002657848,0.0003
8,200.0,37,10.851063829787234,1058,9472,644.1669708251953,0.0,-2.2657092452049254,-0.002280235756188631,0.13653182983398438,190.25222778320312,1960,0.3,0.0016758153,0.0003
9,200.0,38,10.208333333333334,1058,9728,452.013232421875,0.0,-2.2298749923706054,-0.0012059340195264667,0.05503690242767334,208.98414611816406,1970,0.3,8.389354e-05,0.0003
9,200.0,39,20.408163265306122,1058,9984,899.6315734863281,0.0,-2.206125295162201,-0.0018168759183026851,-0.0007352828979492188,276.21392822265625,1980,0.3,0.00084734894,0.0003
9,200.0,40,15.294117647058824,1059,10240,848.0400131225585,0.0,-2.225231397151947,-0.0020695973420515657,0.09015411138534546,198.9979248046875,1990,0.3,0.0008143354,0.0003
0,200.0,1,-365.0,1418,256,214.1368631362915,0.000390625,-2.2487953782081602,-0.0027287422679364683,0.09858083724975586,174.39320373535156,2000,0.3,0.0021467395,0.0003
0,200.0,2,-93.0,1230,512,32.56217432022095,0.0078125,-1.7828439235687257,-0.009041369456099346,-0.4340258836746216,22.954500198364258,1610,0.3,0.009090608,0.0003
0,200.0,3,22.333333333333332,1170,768,907.5037689208984,0.01796875,-1.792609453201294,0.0030961615266278386,0.09865331649780273,672.7366333007812,1620,0.3,0.012404401,0.0003
0,200.0,4,139.8,1145,1024,1165.837908935547,0.001171875,-1.9289717316627502,-0.006848753499798477,0.14414381980895996,690.1669921875,1630,0.3,0.0047060773,0.0003
1,200.0,5,126.83333333333333,1120,1280,713.3433609008789,0.05703125,-2.0513671755790712,-0.011415634723380207,0.021176457405090332,162.01022338867188,1640,0.3,0.020157287,0.0003
1,200.0,6,104.71428571428571,1123,1536,575.2251510620117,0.0,-2.0553292989730836,0.0005300117773003876,0.1686345934867859,366.94354248046875,1650,0.3,0.0010700852,0.0003
1,200.0,7,116.25,1107,1792,600.8891845703125,0.0,-2.019088810682297,-0.004611282190307975,0.18279170989990234,237.71823120117188,1660,0.3,0.000949722,0.0003
1,200.0,8,91.8,1102,2048,655.0089889526367,0.016796875,-1.9343759953975677,-0.007374013424851,0.13102132081985474,209.95135498046875,1670,0.3,0.010251557,0.0003
2,200.0,9,124.27272727272727,1105,2304,767.2686645507813,0.00390625,-2.037907838821411,-0.001142430119216442,0.22688841819763184,394.6502380371094,1680,0.3,0.0037770376,0.0003
2,200.0,10,151.41666666666666,1104,2560,672.4533988952637,0.0,-1.931815356016159,-0.0016846290323883294,0.041384875774383545,112.8212890625,1690,0.3,0.00023099454,0.0003
2,200.0,11,169.42857142857142,1096,2816,1124.586392211914,0.0,-1.879647159576416,-0.002307065238710493,0.1622694730758667,591.3159790039062,1700,0.3,0.00039926614,0.0003
2,200.0,12,143.06666666666666,1095,3072,742.8786468505859,0.0078125,-1.9345625519752503,-0.009365747962146998,0.1647789478302002,198.4463653564453,1710,0.3,0.011318459,0.0003
3,200.0,13,131.0625,1089,3328,233.3962703704834,0.008203125,-2.0012310326099394,-0.013287009578198195,0.11133193969726562,43.349266052246094,1720,0.3,0.0068222834,0.0003
3,200.0,14,90.88235294117646,1085,3584,500.9160186767578,0.014453125,-2.0118257820606233,-0.009665932576172053,0.09478211402893066,250.15284729003906,1730,0.3,0.013316088,0.0003
3,200.0,15,84.78947368421052,1085,3840,400.3217643737793,0.0,-1.8426900267601014,-0.002093014190904796,0.24053889513015747,51.16963577270508,1740,0.3,0.00072630146,0.0003
3,200.0,16,79.7,1083,4096,688.602180480957,0.005859375,-2.002352607250214,-0.004624739044811576,0.06016618013381958,250.43919372558594,1750,0.3,0.004433987,0.0003
4,200.0,17,87.85714285714286,1083,4352,582.3802139282227,0.0,-1.934241098165512,-0.0030153858242556453,0.1245604157447815,229.36373901367188,1760,0.3,0.001358099,0.0003
4,200.0,18,66.91304347826087,1080,4608,589.2340473175049,0.006640625,-2.031877326965332,-0.0052087066229432825,0.21073848009109497,129.31484985351562,1770,0.3,0.0077856584,0.0003
4,200.0,19,63.958333333333336,1080,4864,464.32397747039795,0.031640625,-1.9275010883808137,-0.0063284194562584165,0.011188209056854248,225.54164123535156,1780,0.3,0.010985551,0.0003
4,200.0,20,73.76,1078,5120,343.1504299163818,0.004296875,-1.8793608784675597,-0.009982373332604766,0.2859891653060913,171.21414184570312,1790,0.3,0.00540424,0.0003
4,200.0,21,90.34615384615384,1078,5376,840.2709442138672,0.019140625,-1.9204813480377196,-0.008608551369979978,0.259066104888916,203.1100311279297,1800,0.3,0.011552778,0.0003
5,200.0,22,89.60714285714286,1079,5632,993.6248260498047,0.050390625,-1.9378780782222749,-0.015399878448806702,0.16383814811706543,261.1029052734375,1810,0.3,0.021017976,0.0003
5,200.0,23,90.79310344827586,1080,5888,512.0007118225097,0.0,-1.8659967124462127,-0.0032196888234466313,-0.017302870750427246,252.96055603027344,1820,0.3,0.00093241525,0.0003
5,200.0,24,97.43333333333334,1080,6144,525.0409336090088,0.0,-1.8814131021499634,-0.0008353664772585035,0.19447118043899536,54.59336471557617,1830,0.3,0.0008659235,0.0003
5,200.0,25,91.34375,1079,6400,708.2114303588867,0.0,-1.9980853021144866,-0.002237880858592689,0.2010899782180786,95.03871154785156,1840,0.3,0.0027037626,0.0003
6,200.0,26,80.78787878787878,1078,6656,512.1019912719727,0.10859375,-1.9564004838466644,-0.0058138509513810275,0.030291974544525146,249.9471435546875,1850,0.3,0.027109124,0.0003
6,200.0,27,105.8529411764706,1078,6912,373.5468494415283,0.037890625,-2.008363425731659,-0.0158235568436794,0.22760915756225586,303.6780090332031,1860,0.3,0.019319918,0.0003
6,200.0,28,96.68571428571428,1076,7168,1185.0184661865235,0.00234375,-1.8202713131904602,-0.008862117049284279,0.14458227157592773,745.9627685546875,1870,0.3,0.0052958904,0.0003
6,200.0,29,102.08108108108108,1076,7424,658.7244552612304,0.001171875,-1.8484541952610016,-0.00564083312638104,0.10081285238265991,370.5039978027344,1880,0.3,0.0029880279,0.0003
7,200.0,30,97.5,1075,7680,550.8405792236329,0.02109375,-1.9471611857414246,-0.007977835088968276,0.15929144620895386,330.0990905761719,1890,0.3,0.0103557,0.0003
7,200.0,31,95.23076923076923,1074,7936,606.2158157348633,0.0328125,-2.0058071494102476,-0.020290230377577247,0.14577680826187134,385.28131103515625,1900,0.3,0.015284107,0.0003
7,200.0,32,100.675,1074,8192,783.7867179870606,0.00234375,-2.0324783623218536,-0.0004976023454219102,0.1810244917869568,278.69476318359375,1910,0.3,0.0021033543,0.0003
7,200.0,33,96.66666666666667,1073,8448,344.15560188293455,0.0,-2.117843210697174,-0.0029658847255632282,0.24414998292922974,63.855751037597656,1920,0.3,0.00061214296,0.0003
8,200.0,34,92.81395348837209,1073,8704,579.4118179321289,0.00078125,-2.0665991067886353,-0.008755380986258388,0.18908929824829102,388.5663757324219,1930,0.3,0.0025950305,0.0003
8,200.0,35,85.68181818181819,1073,8960,214.59323501586914,0.009375,-1.9707793772220612,-0.004011891898699105,0.18978428840637207,56.570587158203125,1940,0.3,0.008586624,0.0003
8,200.0,36,80.43478260869566,1073,9216,455.2367279052734,0.0,-1.9898985385894776,-0.004683273693080992,0.07385092973709106,301.7602844238281,1950,0.3,0.001789483,0.0003
8,200.0,37,70.40425531914893,1072,9472,699.8671035766602,0.0,-1.8890033602714538,-0.008886278187856079,0.032263875007629395,270.59564208984375,1960,0.3,0.0022694315,0.0003
9,200.0,38,73.08333333333333,1072,9728,488.09612770080565,0.00078125,-1.9644476056098938,-0.0034678994212299584,0.0817192792892456,425.11810302734375,1970,0.3,0.003629274,0.0003
9,200.0,39,64.75510204081633,1074,9984,621.1778648376464,0.0,-1.934902834892273,-0.0053102658595889805,0.10258221626281738,351.2406921386719,1980,0.3,0.0008380471,0.0003
9,200.0,40,66.37254901960785,1073,10240,923.3928024291993,0.0,-1.934960025548935,-0.0016502184560522437,0.031261324882507324,409.2356872558594,1990,0.3,0.00022878777,0.0003
0,200.0,1,-140.0,1471,256,327.291654586792,0.0,-2.071464502811432,-0.004385689576156438,-0.17732179164886475,64.68119049072266,2000,0.3,0.0012004098,0.0003
0,200.0,2,100.0,1257,512,257.0120662689209,0.002734375,-2.324509525299072,-0.006930464366450906,-0.0038079023361206055,174.54644775390625,2010,0.3,0.008942611,0.0003
0,200.0,3,160.0,1159,768,688.4697105407715,0.007421875,-2.245539915561676,-0.0029731386806815864,0.2151883840560913,41.533817291259766,2020,0.3,0.0030851285,0.0003
0,200.0,4,106.0,1124,1024,1015.1437133789062,0.0,-2.2911901473999023,-0.003393484395928681,0.16327732801437378,399.640869140625,2030,0.3,0.0009149604,0.0003
1,200.0,5,-16.666666666666668,1111,1280,251.6605001449585,0.0,-2.23563928604126,-0.0019225900177843869,0.08305788040161133,93.96588897705078,2040,0.3,0.00052796816,0.0003
1,200.0,6,-82.85714285714286,1117,1536,230.52349128723145,0.0,-2.3423614144325255,0.001515484694391489,-1.1933279037475586,77.21990966796875,2050,0.3,0.0010797819,0.0003
1,200.0,7,-101.25,1102,1792,297.3822982788086,0.012109375,-2.294509398937225,-0.00946145907510072,0.02590113878250122,57.70160675048828,2060,0.3,0.011979622,0.0003
1,200.0,8,15.0,1101,2048,818.205729675293,0.001953125,-2.2608775973320006,-0.0028026518994010985,0.12320339679718018,170.29827880859375,2070,0.3,0.0016512757,0.0003
2,200.0,9,11.818181818181818,1098,2304,859.6449340820312,0.0,-2.214069366455078,-0.002295021479949355,0.07253706455230713,444.9944152832031,2080,0.3,0.00024809944,0.0003
2,200.0,10,14.166666666666666,1100,2560,760.374966430664,0.012109375,-2.0804198503494264,-0.016415546531789005,-0.028018712997436523,248.21499633789062,2090,0.3,0.013695084,0.0003
2,200.0,11,27.857142857142858,1092,2816,406.1569664001465,0.0,-2.217201566696167,0.0018523786449804903,0.061124444007873535,202.70779418945312,2100,0.3,0.0004495997,0.0003
2,200.0,12,30.0,1087,3072,609.5693984985352,0.0,-2.3042603969573974,-0.0003686014679260552,0.13079553842544556,267.7951354980469,2110,0.3,0.00043184962,0.0003
3,200.0,13,20.0,1081,3328,417.21597213745116,0.018359375,-2.2588452219963076,-0.012730483757331967,0.10017168521881104,107.03105926513672,2120,0.3,0.008742926,0.0003
3,200.0,14,18.823529411764707,1080,3584,224.28191623687744,0.0,-2.417063844203949,-0.004075529891997576,0.07336568832397461,195.5491943359375,2130,0.3,0.0030982753,0.0003
3,200.0,15,46.31578947368421,1080,3840,1029.8564224243164,0.0,-2.2611042261123657,0.00011180778965353965,0.09924566745758057,421.7583312988281,2140,0.3,0.00022127433,0.0003
3,200.0,16,70.0,1080,4096,559.0929454803467,0.00703125,-2.2868969559669496,-0.012311891140416264,0.2128380537033081,401.3265380859375,2150,0.3,0.0056724544,0.0003
4,200.0,17,53.80952380952381,1080,4352,870.6095672607422,0.00234375,-2.218612515926361,-0.001897129643475637,0.04649454355239868,289.944091796875,2160,0.3,0.002952085,0.0003
4,200.0,18,72.6086956521739,1075,4608,505.207381439209,0.0,-2.2524396538734437,-0.001672669337131083,-0.008896350860595703,120.54426574707031,2170,0.3,0.00044631632,0.0003
4,200.0,19,73.33333333333333,1076,4864,1019.8890655517578,0.0,-2.1508975982666017,-0.0009489486459642648,0.11406046152114868,782.7852783203125,2180,0.3,0.0002445241,0.0003
4,200.0,20,70.8,1076,5120,530.1091842651367,0.0,-2.312843990325928,-0.0010558323236182332,-0.08594131469726562,124.75960540771484,2190,0.3,0.000221455,0.0003
4,200.0,21,69.23076923076923,1075,5376,700.3149658203125,0.0,-2.336259150505066,-0.002592510893009603,0.19733846187591553,375.535400390625,2200,0.3,0.00040309574,0.0003
5,200.0,22,60.0,1076,5632,758.806413269043,0.009765625,-2.248878872394562,-0.004689366789534688,-0.028314590454101562,450.1955871582031,2210,0.3,0.004447449,0.0003
5,200.0,23,84.82758620689656,1075,5888,563.2937515258789,0.0,-2.1371790528297425,-0.0007514891680330038,-0.027888774871826172,232.98574829101562,2220,0.3,0.00010818266,0.0003
5,200.0,24,90.0,1075,6144,1197.2102447509765,0.0,-2.255570709705353,-0.0012760445475578307,0.1411886215209961,736.9183959960938,2230,0.3,0.00019841339,0.0003
5,200.0,25,80.625,1072,6400,564.4984970092773,0.0,-2.1379022359848023,-0.000660719838924706,-0.10714232921600342,216.6902618408203,2240,0.3,0.00029508397,0.0003
6,200.0,26,88.48484848484848,1074,6656,535.4493927001953,0.0,-2.260505962371826,-0.0018341615097597242,-0.06080496311187744,205.44541931152344,2250,0.3,9.01185e-05,0.0003
6,200.0,27,101.47058823529412,1074,6912,848.7141235351562,0.000390625,-2.2955413699150085,-0.002892569615505636,0.10872679948806763,415.3877258300781,2260,0.3,0.0012135112,0.0003
6,200.0,28,88.85714285714286,1075,7168,665.6434532165528,0.0,-2.2596194744110107,-0.002866798092145473,0.07834041118621826,385.3553161621094,2270,0.3,0.0011556307,0.0003
6,200.0,29,83.78378378378379,1076,7424,817.2942687988282,0.0,-2.2088843464851378,-0.0026281052036210895,0.11769026517868042,498.2593078613281,2280,0.3,0.0008402283,0.0003
7,200.0,30,81.3157894736842,1074,7680,249.4862117767334,0.0,-2.3132906675338747,-0.001140026724897325,0.1411859393119812,58.388702392578125,2290,0.3,0.00023250352,0.0003
7,200.0,31,87.43589743589743,1075,7936,417.8447860717773,0.0,-2.2831125378608705,-0.0006420008838176727,0.16313552856445312,303.54095458984375,2300,0.3,0.00018744892,0.0003
7,200.0,32,92.0,1075,8192,1140.3109924316407,0.0,-2.2509117841720583,-0.0030847185757011176,0.18921613693237305,284.5408935546875,2310,0.3,0.0005798449,0.0003
7,200.0,33,83.33333333333333,1074,8448,611.821533203125,0.0,-2.110011541843414,-0.001597326691262424,-0.1125328540802002,317.4935302734375,2320,0.3,0.00020672916,0.0003
8,200.0,34,82.79069767441861,1073,8704,246.51874351501465,0.0046875,-2.3151610255241395,-0.004573615500703454,0.06730842590332031,181.19668579101562,2330,0.3,0.004179798,0.0003
8,200.0,35,84.31818181818181,1072,8960,600.7928970336914,0.003515625,-2.2422916769981383,-0.0047544136876240374,0.13198792934417725,253.09310913085938,2340,0.3,0.0053436933,0.0003
8,200.0,36,99.1304347826087,1073,9216,621.8611846923828,0.000390625,-2.126405668258667,-0.0027720902115106584,0.0846908688545227,402.75982666015625,2350,0.3,0.0022105067,0.0003
8,200.0,37,94.68085106382979,1074,9472,984.9664108276368,0.0,-2.261242413520813,-0.0034006028668954968,0.1282852292060852,416.15557861328125,2360,0.3,0.000728969,0.0003
9,200.0,38,91.25,1073,9728,394.14450149536134,0.0,-2.2843371510505674,-0.0006170941051095724,0.13416361808776855,177.8177032470703,2370,0.3,0.00036368077,0.0003
9,200.0,39,95.3061224489796,1073,9984,672.4654815673828,0.0,-2.2900805473327637,-0.0017200982896611095,0.13473939895629883,513.5432739257812,2380,0.3,0.0003688638,0.0003
9,200.0,40,84.31372549019608,1072,10240,422.0970520019531,0.0,-2.2685770630836486,-0.002307524537900463,0.18630939722061157,136.05079650878906,2390,0.3,0.00034126593,0.0003
0,200.0,1,-18.0,1275,256,255.06523838043213,0.0,-2.2864108443260194,-0.0005897491937503219,-0.13766992092132568,165.46954345703125,2400,0.3,0.0003733437,0.0003
0,200.0,2,186.0,1179,512,752.4286514282227,0.00625,-2.083164703845978,-0.005582437221892178,0.010992169380187988,361.3726806640625,2010,0.3,0.009412513,0.0003
0,200.0,3,228.66666666666666,1132,768,821.6133636474609,0.0,-2.0081263720989226,-0.001569139282219112,0.05866461992263794,409.6112365722656,2020,0.3,0.0027958772,0.0003
0,200.0,4,178.4,1118,1024,885.7801155090332,0.0015625,-1.9910437405109405,-0.008166889753192663,0.18136149644851685,288.17010498046875,2030,0.3,0.0060557025,0.0003
1,200.0,5,147.16666666666666,1083,1280,468.3091621398926,0.0,-2.0277522265911103,-0.005321878008544445,0.0817725658416748,202.14637756347656,2040,0.3,0.003207339,0.0003
1,200.0,6,181.0,1071,1536,722.8172798156738,0.005859375,-1.8337884187698363,-0.008231313619762658,0.21971017122268677,263.68206787109375,2050,0.3,0.0061769737,0.0003
1,200.0,7,134.0,1033,1792,645.8099662780762,0.05078125,-2.098888027667999,-0.017517316457815468,0.17241287231445312,478.57373046875,2060,0.3,0.017440587,0.0003
1,200.0,8,19.5,1026,2048,396.1459453582764,0.08046875,-1.7279419422149658,-0.015811093826778234,0.16385197639465332,338.6479187011719,2070,0.3,0.020548012,0.0003
2,200.0,9,16.636363636363637,1026,2304,151.58382911682128,0.0578125,-2.012961393594742,-0.011561151780188083,-0.40670061111450195,50.7547721862793,2080,0.3,0.021842137,0.0003
2,200.0,10,18.0,1026,2560,596.6971488952637,0.033203125,-1.9986484408378602,-0.008831007638946176,0.12954968214035034,471.0007019042969,2090,0.3,0.015876498,0.0003
2,200.0,11,25.785714285714285,1027,2816,770.3086532592773,0.0,-2.0651819109916687,-0.006336277048103511,0.20214736461639404,548.457763671875,2100,0.3,0.0016498221,0.0003
2,200.0,12,29.8,1029,3072,480.30868949890134,0.061328125,-2.0618449091911315,-0.015065872017294169,0.016753673553466797,50.755821228027344,2110,0.3,0.011980012,0.0003
3,200.0,13,4.625,1034,3328,415.92258224487307,0.009375,-2.1757290720939637,-0.004127548146061599,0.1814066767692566,209.7910919189453,2120,0.3,0.0096984375,0.0003
3,200.0,14,16.058823529411764,1019,3584,650.5112670898437,0.0,-2.0752429604530334,-0.0012839403003454208,0.07163417339324951,248.0730438232422,2130,0.3,0.00039484422,0.0003
3,200.0,15,22.05263157894737,1022,3840,675.2238800048829,0.041015625,-2.1260860919952393,-0.01972034010104835,0.03625386953353882,211.5966033935547,2140,0.3,0.013156901,0.0003
4,200.0,16,29.5,1022,4096,351.5793619155884,0.001953125,-2.0179858803749084,-0.005386336171068251,0.2865055203437805,233.1768798828125,2150,0.3,0.0039560143,0.0003
4,200.0,17,23.095238095238095,1011,4352,870.433445739746,0.0,-2.113183057308197,-0.002858906565234065,0.02650052309036255,217.71434020996094,2160,0.3,0.0022920186,0.0003
4,200.0,18,18.347826086956523,1012,4608,571.0582077026368,0.0,-2.112733006477356,-0.0012862290488556028,0.14309751987457275,350.6368408203125,2170,0.3,0.00030716904,0.0003
4,200.0,19,13.041666666666666,1012,4864,396.42095909118655,0.04296875,-2.0840070724487303,-0.009532056748867035,0.18298810720443726,141.36276245117188,2180,0.3,0.021808894,0.0003
5,200.0,20,12.16,1013,5120,735.5681884765625,0.0,-2.078625667095184,-0.0013977542403154075,-0.05370903015136719,313.1315002441406,2190,0.3,0.0015198803,0.0003
5,200.0,21,10.538461538461538,1016,5376,662.6170585632324,0.0,-1.9981620192527771,-0.005520238680765033,0.08156841993331909,371.6531982421875,2200,0.3,0.0017192045,0.0003
5,200.0,22,36.285714285714285,1020,5632,525.7539405822754,0.0,-2.0383514881134035,-0.00259754394646734,0.21123915910720825,297.92327880859375,2210,0.3,0.0006321764,0.0003
5,200.0,23,36.206896551724135,1020,5888,819.0980682373047,0.01484375,-1.9911434590816497,-0.013742890441790223,0.08325618505477905,481.8026123046875,2220,0.3,0.009622832,0.0003
6,200.0,24,54.2,1021,6144,843.5730895996094,0.001171875,-1.9304331958293914,-0.00788390135858208,0.10452896356582642,240.03334045410156,2230,0.3,0.0025861948,0.0003
6,200.0,25,66.0,1022,6400,1007.8284408569336,0.013671875,-2.042801892757416,-0.011534740030765534,0.09117001295089722,286.77496337890625,2240,0.3,0.015430405,0.0003
6,200.0,26,65.57575757575758,1024,6656,530.3006931304932,0.0,-1.9384845614433288,-0.002355293510481715,0.2324202060699463,309.92303466796875,2250,0.3,0.0013348283,0.0003
6,200.0,27,68.1470588235294,1025,6912,431.34025421142576,0.016796875,-2.1184674859046937,-0.006769349705427885,0.10898220539093018,205.62600708007812,2260,0.3,0.007879945,0.0003
6,200.0,28,71.42857142857143,1027,7168,982.0591049194336,0.0078125,-2.038559591770172,-0.0047506671049632136,0.1735129952430725,326.12408447265625,2270,0.3,0.0034316175,0.0003
7,200.0,29,65.24324324324324,1028,7424,464.65312614440916,0.0,-1.9165216743946076,-0.006573001854121685,0.13397014141082764,222.53338623046875,2280,0.3,0.0018360626,0.0003
7,200.0,30,63.078947368421055,1030,7680,529.4737609863281,0.023828125,-1.8489541828632354,-0.015154453320428729,0.21712183952331543,334.0718994140625,2290,0.3,0.014951121,0.0003
7,200.0,31,61.05128205128205,1031,7936,330.0197317123413,0.01640625,-1.8630322992801667,-0.01899449562188238,0.3271649479866028,87.9598159790039,2300,0.3,0.0074258493,0.0003
7,200.0,32,61.425,1032,8192,714.8001739501954,0.0421875,-1.9299785137176513,-0.00931679765926674,0.0913769006729126,393.4468078613281,2310,0.3,0.01754423,0.0003
8,200.0,33,56.357142857142854,1033,8448,637.2752975463867,0.0,-2.005359983444214,-0.0016406000591814517,0.13594740629196167,392.015625,2320,0.3,0.00084252865,0.0003
8,200.0,34,56.95348837209303,1033,8704,577.045142364502,0.0,-1.8393116295337677,-0.0006813743151724338,-0.18481850624084473,483.89697265625,2330,0.3,0.00022946903,0.0003
8,200.0,35,41.72727272727273,1033,8960,604.1446662902832,0.0,-1.8663395583629607,-0.0013787271454930305,0.10772830247879028,118.35775756835938,2340,0.3,0.00048642792,0.0003
8,200.0,36,35.82608695652174,1034,9216,350.0220184326172,0.025390625,-1.945079517364502,-0.012088557565584778,-0.18253612518310547,187.01046752929688,2350,0.3,0.018200716,0.0003
9,200.0,37,29.48936170212766,1034,9472,380.1695631027222,0.0,-1.8279626369476318,-0.0012685072142630816,0.15562719106674194,264.8065185546875,2360,0.3,0.0017412389,0.0003
9,200.0,38,30.895833333333332,1033,9728,648.228123474121,0.0,-1.870402640104294,-0.0016335777239874006,0.07189637422561646,353.58892822265625,2370,0.3,0.00020845281,0.0003
9,200.0,39,51.3469387755102,1032,9984,862.8981292724609,0.001171875,-1.8600974559783936,-0.006339953723363578,0.0454217791557312,460.9256591796875,2380,0.3,0.0023516722,0.0003
9,200.0,40,46.01960784313726,1031,10240,580.2180221557617,0.026953125,-1.961937552690506,-0.000770527427084744,0.09367150068283081,176.11801147460938,2390,0.3,0.008980125,0.0003
0,200.0,1,-120.0,1390,256,509.97093811035154,0.0,-1.9024575471878051,-0.0070270209340378646,-0.10033202171325684,205.3323211669922,2400,0.3,0.0016592762,0.0003
0,200.0,2,210.0,1184,512,426.5631086349487,0.0,-2.229181730747223,-0.0025655597797594964,0.0984569787979126,222.75831604003906,2410,0.3,0.0006088575,0.0003
0,200.0,3,333.3333333333333,1121,768,1341.7067108154297,0.0,-2.263759696483612,-0.0005103255622088909,0.07884907722473145,430.9355773925781,2420,0.3,0.0004096264,0.0003
0,200.0,4,276.0,1074,1024,612.2308792114258,0.000390625,-2.2085328698158264,-0.006060098332818597,0.11783337593078613,182.11431884765625,2430,0.3,0.005799705,0.0003
1,200.0,5,235.0,1077,1280,611.654313659668,0.008984375,-2.284192967414856,-0.011106767947785557,0.11671441793441772,448.961181640625,2440,0.3,0.0057077403,0.0003
1,200.0,6,317.14285714285717,1072,1536,402.5726547241211,0.0,-2.25292147397995,-0.0038158460054546596,0.12258875370025635,304.3255615234375,2450,0.3,0.00042685843,0.0003
1,200.0,7,296.25,1075,1792,1328.0308807373046,0.003515625,-2.2475343465805055,-0.007689396839123219,0.14855599403381348,842.1239013671875,2460,0.3,0.0039028337,0.0003
1,200.0,8,218.0,1067,2048,647.284912109375,0.017578125,-2.1272164463996885,-0.017633455339819193,0.1160089373588562,279.2505187988281,2470,0.3,0.012997318,0.0003
2,200.0,9,181.8181818181818,1072,2304,233.94791946411132,0.001171875,-2.2836385369300842,-0.002644266525749117,0.1362200379371643,189.71365356445312,2480,0.3,0.0023685796,0.0003
2,200.0,10,209.16666666666666,1066,2560,621.6115112304688,0.005078125,-2.248070764541626,-0.00560967386700213,0.1260746717453003,474.1598205566406,2490,0.3,0.0038384167,0.0003
2,200.0,11,176.42857142857142,1064,2816,775.1491973876953,0.0,-2.322656810283661,-0.006254535843618214,0.1998087763786316,143.02374267578125,2500,0.3,0.0020002173,0.0003
2,200.0,12,174.0,1062,3072,374.3651607513428,0.0046875,-2.2387303352355956,-0.006743206083774567,0.2585453391075134,269.4490966796875,2510,0.3,0.0064666523,0.0003
3,200.0,13,215.0,1067,3328,1356.1348388671875,0.025,-2.2309783458709718,-0.008817688468843699,0.011021673679351807,487.83209228515625,2520,0.3,0.012531507,0.0003
3,200.0,14,195.2941176470588,1063,3584,608.1030551910401,0.0,-2.261457860469818,-0.0034270389936864377,0.16708940267562866,353.8587646484375,2530,0.3,0.0017329247,0.0003
3,200.0,15,210.0,1064,3840,251.98162269592285,0.0,-2.067154049873352,0.00045105565804988147,-0.1477135419845581,188.40940856933594,2540,0.3,0.0004708243,0.0003
3,200.0,16,176.0,1063,4096,1033.6529296875,0.0,-2.2030439734458924,0.00011887176660820841,0.1500779390335083,533.9557495117188,2550,0.3,0.00019663502,0.0003
4,200.0,17,144.28571428571428,1062,4352,173.65809860229493,0.02265625,-2.1896154999732973,-0.018238370283506812,-0.37379181385040283,63.49497604370117,2560,0.3,0.013474402,0.0003
4,200.0,18,164.34782608695653,1062,4608,663.82705078125,0.0,-1.9383706510066987,-0.002859577815979719,0.16694599390029907,107.34741973876953,2570,0.3,0.00082652504,0.0003
4,200.0,19,179.58333333333334,1062,4864,697.0028099060058,0.014453125,-2.1370993494987487,-0.011704348400235176,0.23406630754470825,253.56272888183594,2580,0.3,0.0094369855,0.0003
4,200.0,20,201.6,1066,5120,1196.2007736206056,0.0,-2.2236027002334593,-0.0029582129791378975,0.1256808042526245,466.8106994628906,2590,0.3,0.0010362242,0.0003
5,200.0,21,224.23076923076923,1058,5376,998.3747375488281,0.0,-2.2289861917495726,-0.0019573206547647713,0.1331203579902649,300.0357666015625,2600,0.3,0.0011723286,0.0003
5,200.0,22,218.21428571428572,1055,5632,955.8402740478516,0.0015625,-2.2090728640556336,-0.005826290557160973,0.18266338109970093,310.2433776855469,2610,0.3,0.001325472,0.0003
5,200.0,23,222.06896551724137,1054,5888,658.9765975952148,0.007421875,-1.9511851966381073,-0.010095100989565254,0.0938577651977539,417.31005859375,2620,0.3,0.0056953197,0.0003
5,200.0,24,219.33333333333334,1051,6144,706.6467437744141,0.010546875,-2.058019334077835,-0.0041748774237930775,0.1945958137512207,319.35595703125,2630,0.3,0.007843168,0.0003
6,200.0,25,211.875,1051,6400,397.3680595397949,0.0,-2.261010217666626,-0.002110564720351249,0.18375343084335327,79.89775085449219,2640,0.3,0.00056352234,0.0003
6,200.0,26,214.24242424242425,1053,6656,581.7711196899414,0.00546875,-1.991740334033966,-0.00442136941710487,0.18360376358032227,316.49224853515625,2650,0.3,0.0038745608,0.0003
6,200.0,27,206.76470588235293,1050,6912,858.4484970092774,0.009765625,-2.291261899471283,-0.005935284961014986,0.09487015008926392,617.7384033203125,2660,0.3,0.005168505,0.0003
6,200.0,28,196.57142857142858,1051,7168,443.8215522766113,0.01328125,-2.257902908325195,-0.005294337868690491,0.11904245615005493,230.1630859375,2670,0.3,0.0034879332,0.0003
7,200.0,29,193.78378378378378,1051,7424,256.71607131958007,0.00078125,-2.296697270870209,-0.0050497232936322686,0.005529344081878662,44.027549743652344,2680,0.3,0.0009568776,0.0003
7,200.0,30,194.73684210526315,1051,7680,733.5429458618164,0.015625,-2.246952247619629,-0.01025646534981206,0.2287234663963318,271.2323913574219,2690,0.3,0.007448445,0.0003
7,200.0,31,201.53846153846155,1050,7936,1022.72333984375,0.021875,-2.0555430173873903,-0.008241516142152249,0.12053227424621582,353.45074462890625,2700,0.3,0.01165559,0.0003
7,200.0,32,198.25,1049,8192,679.3565254211426,0.0,-2.294245743751526,-0.0032828845316544173,0.06391632556915283,402.8807373046875,2710,0.3,0.002519853,0.0003
8,200.0,33,204.28571428571428,1049,8448,782.9019607543945,0.0015625,-2.288899564743042,5.7769287377595904e-05,0.2040063738822937,267.60498046875,2720,0.3,0.0012217984,0.0003
8,200.0,34,218.37209302325581,1048,8704,843.910855102539,0.000390625,-2.1782809257507325,-0.004680906189605594,0.13360577821731567,381.587646484375,2730,0.3,0.0010498778,0.0003
8,200.0,35,225.45454545454547,1048,8960,1016.2844207763671,0.005859375,-2.2327374458312987,-0.008921726467087865,0.2479562759399414,439.9338073730469,2740,0.3,0.005950374,0.0003
8,200.0,36,250.65217391304347,1048,9216,982.3076934814453,0.005078125,-2.147233235836029,-0.008421698724851013,0.2144426703453064,287.3228454589844,2750,0.3,0.0055979094,0.0003
9,200.0,37,260.8510638297872,1049,9472,1145.7034942626954,0.001171875,-2.263983726501465,-0.006786483433097601,0.2757524847984314,484.88690185546875,2760,0.3,0.0026998392,0.0003
9,200.0,38,247.5,1048,9728,1070.473959350586,0.0,-2.1992700695991516,-0.003099067136645317,0.06671750545501709,561.0216064453125,2770,0.3,0.0020391815,0.0003
9,200.0,39,238.16326530612244,1050,9984,692.2425186157227,0.0,-2.3283022165298464,-0.005391941755078733,-0.7710368633270264,241.68997192382812,2780,0.3,0.0021111274,0.0003
9,200.0,40,225.88235294117646,1049,10240,725.4686981201172,0.02109375,-2.219853127002716,-0.013645033969078213,0.03302490711212158,492.3634338378906,2790,0.3,0.01134917,0.0003
0,200.0,1,280.0,1484,256,120.33724975585938,0.0,-2.1834651112556456,-0.0018073703395202756,-1.3839030265808105,36.32447052001953,2800,0.3,0.00018103933,0.0003
0,200.0,2,405.5,1194,512,497.69652633666993,0.0,-1.9378122508525848,-0.003546120529063046,0.29796141386032104,391.5360107421875,2410,0.3,0.00064518,0.0003
0,200.0,3,583.6666666666666,1172,768,1344.7237869262694,0.0,-1.9157545387744903,-0.00401009926572442,0.2855737805366516,843.0217895507812,2420,0.3,0.0011405225,0.0003
0,200.0,4,259.0,1117,1024,587.9667922973633,0.0,-2.0464447140693665,-0.0025650998111814262,0.002163529396057129,115.6360855102539,2430,0.3,0.0008093945,0.0003
1,200.0,5,174.0,1102,1280,587.6081230163575,0.0,-1.9483906626701355,-0.0001315167872235179,0.09753245115280151,338.6369323730469,2440,0.3,0.00058293995,0.0003
1,200.0,6,102.85714285714286,1099,1536,487.74536514282227,0.003125,-2.0614583611488344,-0.006640803744085133,0.12447738647460938,230.1831817626953,2450,0.3,0.0055593383,0.0003
1,200.0,7,145.875,1094,1792,491.75498352050784,0.026171875,-2.0049934566020964,-0.011076462327037007,-0.03991663455963135,169.38458251953125,2460,0.3,0.014184484,0.0003
1,200.0,8,155.1,1092,2048,793.8023445129395,0.003125,-1.9635562539100646,-0.00933091570623219,0.16542667150497437,386.2693176269531,2470,0.3,0.0022131896,0.0003
2,200.0,9,198.1818181818182,1094,2304,717.9425659179688,0.026953125,-1.955608958005905,-0.0055635608965530995,0.20920169353485107,400.3605041503906,2480,0.3,0.007598973,0.0003
2,200.0,10,203.5,1087,2560,933.5248199462891,0.0,-1.9711714684963226,0.0019392273388803005,0.20394307374954224,274.48638916015625,2490,0.3,0.0025942286,0.0003
2,200.0,11,187.5,1081,2816,604.6677898406982,0.007421875,-1.7714491665363312,-0.005703738750889897,0.3287372589111328,204.59764099121094,2500,0.3,0.0077582933,0.0003
2,200.0,12,142.06666666666666,1066,3072,726.5275817871094,0.0,-1.8677165925502777,-0.0012616445077583195,0.2270464301109314,235.9481201171875,2510,0.3,0.00055291713,0.0003
3,200.0,13,145.5625,1068,3328,320.42359657287597,0.16328125,-2.124941122531891,-0.017747363564558326,-0.07951569557189941,193.1068572998047,2520,0.3,0.011776934,0.0003
3,200.0,14,136.88235294117646,1062,3584,911.7012237548828,0.038671875,-2.1892749547958372,-0.017079620389267802,0.02199453115463257,358.4408874511719,2530,0.3,0.014636759,0.0003
3,200.0,15,173.47368421052633,1059,3840,1067.2440277099608,0.00234375,-1.924565601348877,-0.0057426044717431065,0.09626787900924683,696.9583129882812,2540,0.3,0.005428719,0.0003
3,200.0,16,175.35,1060,4096,897.2683975219727,0.00234375,-1.7923458158969878,-0.011029375297948719,0.20279014110565186,404.4341125488281,2550,0.3,0.003161515,0.0003
4,200.0,17,170.0,1062,4352,621.3415786743165,0.104296875,-1.9774202883243561,-0.02065551185514778,0.12789809703826904,155.6372833251953,2560,0.3,0.048638288,0.0003
4,200.0,18,218.69565217391303,1064,4608,817.7544845581054,0.001171875,-1.8464929163455963,-0.014644545316696168,0.2762359380722046,491.50750732421875,2570,0.3,0.0031865072,0.0003
4,200.0,19,200.33333333333334,1064,4864,1086.8971252441406,0.0,-1.8993072986602784,0.0019388462649658322,0.18449056148529053,758.7647705078125,2580,0.3,0.0018307152,0.0003
4,200.0,20,209.2,1054,5120,658.9770706176757,0.0609375,-1.9183390378952025,-0.013294387911446392,-0.2576550245285034,437.2099304199219,2590,0.3,0.029422559,0.0003
5,200.0,21,195.76923076923077,1052,5376,534.4457027435303,0.040234375,-1.9600930571556092,-0.021179694432066753,0.2254062294960022,439.4189147949219,2600,0.3,0.016924053,0.0003
5,200.0,22,177.14285714285714,1047,5632,356.8460205078125,0.094140625,-1.9861190140247345,-0.014492638455703855,0.28681015968322754,94.8200912475586,2610,0.3,0.025152244,0.0003
5,200.0,23,164.79310344827587,1048,5888,557.3056838989257,0.017578125,-1.9065435409545899,-0.0018791241105645894,0.2436290979385376,203.59677124023438,2620,0.3,0.010518409,0.0003
5,200.0,24,158.26666666666668,1050,6144,192.65176010131836,0.0,-1.7472886502742768,-0.00011680210009217263,0.09067624807357788,43.08721923828125,2630,0.3,0.0005237274,0.0003
6,200.0,25,159.03125,1049,6400,631.146915435791,0.008984375,-1.942720890045166,-0.008438457502052188,0.12192940711975098,327.4805603027344,2640,0.3,0.003247561,0.0003
6,200.0,26,174.4848484848485,1047,6656,580.3613357543945,0.0,-1.8014587461948395,-0.0023635067977011205,0.3618038296699524,308.3326721191406,2650,0.3,0.0018941388,0.0003
6,200.0,27,169.02941176470588,1045,6912,1182.0766296386719,0.00234375,-1.9836687624454499,-0.010143105522729456,0.12119185924530029,472.6730041503906,2660,0.3,0.003552349,0.0003
6,200.0,28,146.68571428571428,1038,7168,299.8239379882813,0.2375,-1.9859894692897797,-0.014264835370704531,-0.07008171081542969,237.16539001464844,2670,0.3,0.049054928,0.0003
7,200.0,29,157.3783783783784,1036,7424,315.37451400756834,0.225390625,-2.020924764871597,-0.012810267601162195,0.003135979175567627,102.8796615600586,2680,0.3,0.043921143,0.0003
7,200.0,30,180.55263157894737,1036,7680,1300.0504943847657,0.030078125,-1.8308853447437285,-0.005106730200350284,0.07805240154266357,612.3685913085938,2690,0.3,0.010411672,0.0003
7,200.0,31,192.43589743589743,1034,7936,1440.1744842529297,0.0078125,-1.8644511282444,-0.006966974749229848,0.1934705376625061,633.1420288085938,2700,0.3,0.006267407,0.0003
7,200.0,32,186.15,1033,8192,949.6031204223633,0.011328125,-1.7688909649848938,-0.010761292930692435,0.17483824491500854,263.8746032714844,2710,0.3,0.008037396,0.0003
8,200.0,33,179.04761904761904,1032,8448,642.2036956787109,0.011328125,-1.8629334032535554,-0.006798820430412888,0.1054525375366211,408.924072265625,2720,0.3,0.0064668744,0.0003
8,200.0,34,172.67441860465115,1033,8704,640.718970489502,0.0,-1.7984210073947906,-0.001192546880338341,-0.2014535665512085,133.9841766357422,2730,0.3,0.00032370863,0.0003
8,200.0,35,169.47727272727272,1033,8960,654.6204818725586,0.0,-2.0776513695716856,-0.00025938500184565785,0.026941001415252686,365.87884521484375,2740,0.3,0.00031957077,0.0003
8,200.0,36,153.2173913043478,1034,9216,457.3877403259277,0.0,-2.086356461048126,-0.001456679403781891,0.08985590934753418,279.7353210449219,2750,0.3,0.0015968564,0.0003
9,200.0,37,170.06382978723406,1035,9472,480.02818126678466,0.0359375,-2.0572028279304506,-0.012823689705692231,0.09822875261306763,346.4569396972656,2760,0.3,0.02588984,0.0003
9,200.0,38,163.39583333333334,1033,9728,1322.9791442871094,0.0,-1.902293974161148,-0.00024983130861073733,0.1505776047706604,477.3702392578125,2770,0.3,0.0019234761,0.0003
9,200.0,39,159.08163265306123,1034,9984,262.9410955429077,0.0265625,-1.878752088546753,-0.019333092588931323,0.04463464021682739,199.08071899414062,2780,0.3,0.016274778,0.0003
9,200.0,40,149.90196078431373,1033,10240,189.2554588317871,0.016015625,-2.025394135713577,-0.010246641002595425,0.25739622116088867,137.22064208984375,2790,0.3,0.0075066434,0.0003
0,200.0,1,-370.0,1296,256,755.2071395874024,0.013671875,-1.8471202194690703,-0.008868927857838571,0.14837443828582764,248.61180114746094,2800,0.3,0.008275989,0.0003
0,200.0,2,10.0,1147,512,701.1893859863281,0.0,-2.2243767857551573,-0.0004830228863283992,0.07516872882843018,451.746826171875,2810,0.3,0.0007162334,0.0003
0,200.0,3,13.333333333333334,1111,768,353.7050582885742,0.017578125,-2.201593041419983,-0.010268437582999468,0.2748839259147644,164.7450714111328,2820,0.3,0.0019993086,0.0003
0,200.0,4,166.0,1085,1024,949.4273559570313,0.000390625,-2.2090041518211363,-0.0005857606185600162,0.16708111763000488,375.29473876953125,2830,0.3,0.0013380537,0.0003
1,200.0,5,215.0,1084,1280,737.4925369262695,0.0,-2.2208778977394106,1.783040352165699e-05,0.16151320934295654,298.8386535644531,2840,0.3,0.00027744402,0.0003
1,200.0,6,157.14285714285714,1075,1536,704.8030792236328,0.0,-2.227201819419861,-0.002496293466538191,0.2525033950805664,377.93878173828125,2850,0.3,0.00047034444,0.0003
1,200.0,7,173.75,1071,1792,427.71190719604493,0.00390625,-2.2177289843559267,-0.007353658601641655,0.13795572519302368,174.66246032714844,2860,0.3,0.004248263,0.0003
1,200.0,8,197.0,1069,2048,928.1440628051757,0.0,-2.1631952285766602,-0.0020222464576363564,0.2887271046638489,326.5770263671875,2870,0.3,0.0010262576,0.0003
2,200.0,9,189.0909090909091,1069,2304,436.2757816314697,0.000390625,-2.1716618061065676,-0.007271109987050295,0.1397119164466858,357.5537109375,2880,0.3,0.004787162,0.0003
2,200.0,10,180.0,1071,2560,528.9849510192871,0.0109375,-2.2142821311950684,-0.005651041655801237,0.3169559836387634,262.6920166015625,2890,0.3,0.009417985,0.0003
2,200.0,11,236.42857142857142,1070,2816,519.441975402832,0.000390625,-2.2720638513565063,-0.008512977138161659,0.25836455821990967,290.2118225097656,2900,0.3,0.002936389,0.0003
2,200.0,12,217.33333333333334,1072,3072,1295.7832794189453,0.012109375,-2.2643827557563783,-0.004142231401056051,-0.0045278072357177734,434.3506164550781,2910,0.3,0.0041717347,0.0003
3,200.0,13,214.375,1072,3328,930.0480926513671,0.0,-2.2775268077850344,-0.0014979338855482637,-0.0008071660995483398,392.0111999511719,2920,0.3,0.00014489517,0.0003
3,200.0,14,222.35294117647058,1071,3584,178.75080795288085,0.016796875,-2.269794297218323,-0.015330118336714804,0.2593119740486145,120.42554473876953,2930,0.3,0.010559065,0.0003
3,200.0,15,200.52631578947367,1067,3840,1017.6413772583007,0.0046875,-2.0769229173660277,0.0025915828067809344,0.13181883096694946,600.9026489257812,2940,0.3,0.0056921747,0.0003
3,200.0,16,211.0,1061,4096,304.76239547729494,0.0,-2.0644625425338745,-0.0021446876751724632,-0.08223128318786621,144.6085662841797,2950,0.3,0.0016989983,0.0003
4,200.0,17,198.0952380952381,1061,4352,762.876188659668,0.001171875,-2.144294464588165,-0.0034565544687211514,0.3045470118522644,438.513671875,2960,0.3,0.0030517774,0.0003
4,200.0,18,178.2608695652174,1053,4608,506.54579849243163,0.0265625,-2.226257491111755,-0.013736811326816678,0.15099716186523438,426.47528076171875,2970,0.3,0.016715577,0.0003
4,200.0,19,191.25,1052,4864,438.39404449462893,0.0,-2.244700849056244,-0.004434351855888963,0.20068389177322388,317.0091247558594,2980,0.3,0.0025873117,0.0003
4,200.0,20,175.6,1049,5120,735.6179702758789,0.03828125,-2.2426270484924316,-0.010209413489792495,0.21825945377349854,425.1015319824219,2990,0.3,0.008268332,0.0003
5,200.0,21,181.15384615384616,1046,5376,611.6604568481446,0.0,-2.243642294406891,-0.0030703901778906585,0.14861524105072021,382.79669189453125,3000,0.3,0.00090230955,0.0003
5,200.0,22,156.78571428571428,1044,5632,385.2415626525879,0.0,-2.1727020502090455,-0.0023848536773584785,0.26116734743118286,196.88661193847656,3010,0.3,0.0002770822,0.0003
5,200.0,23,196.55172413793105,1047,5888,455.9748199462891,0.0,-2.211009991168976,-0.004513840901199728,0.16267186403274536,106.26123809814453,3020,0.3,0.0011904608,0.0003
5,200.0,24,189.33333333333334,1047,6144,1204.4275665283203,0.0,-2.1461307644844054,-0.0059763867873698475,0.2579265832901001,598.7680053710938,3030,0.3,0.0047831405,0.0003
6,200.0,25,190.0,1047,6400,532.7861824035645,0.09765625,-2.207264852523804,-0.022107755101751538,0.15349656343460083,188.18470764160156,3040,0.3,0.041064214,0.0003
6,200.0,26,177.27272727272728,1039,6656,707.6877868652343,0.0,-2.2050987005233766,-0.00221252313349396,0.22665935754776,281.8011779785156,3050,0.3,0.00019490137,0.0003
6,200.0,27,179.11764705882354,1034,6912,233.54526710510254,0.0,-2.279619836807251,-0.0013307195156812667,0.14547431468963623,166.5093536376953,3060,0.3,0.00024495483,0.0003
6,200.0,28,189.42857142857142,1032,7168,1213.8622619628907,0.0,-2.1869019508361816,-3.919017035514116e-05,0.16188031435012817,486.03497314453125,3070,0.3,0.00012940541,0.0003
7,200.0,29,166.75675675675674,1027,7424,192.8224895477295,0.0078125,-2.2285277962684633,-0.009283808525651693,0.2790728211402893,27.104488372802734,3080,0.3,0.0077948086,0.0003
7,200.0,30,168.42105263157896,1023,7680,369.2210273742676,0.01640625,-2.212083327770233,-0.011080462578684091,0.2430172562599182,201.0957794189453,3090,0.3,0.010878013,0.0003
7,200.0,31,172.30769230769232,1021,7936,777.1740325927734,0.045703125,-2.1545623898506165,-0.015487703401595354,0.24385762214660645,578.38232421875,3100,0.3,0.014310835,0.0003
8,200.0,32,180.5,1019,8192,1229.5799682617187,0.0,-2.0818586468696596,-0.0033136070240288975,-0.056558966636657715,859.4669189453125,3110,0.3,0.0011561909,0.0003
8,200.0,33,190.71428571428572,1017,8448,1012.5903274536133,0.0,-2.0584161996841432,0.0006023602560162544,0.09106624126434326,206.90122985839844,3120,0.3,4.075747e-05,0.0003
8,200.0,34,177.4418604651163,1016,8704,532.8564582824707,0.004296875,-2.1681063652038572,-0.006796556257177145,0.24894893169403076,316.5531921386719,3130,0.3,0.004299227,0.0003
8,200.0,35,168.63636363636363,1015,8960,558.4044174194336,0.0,-2.174798107147217,-6.339303217828274e-05,-0.18221914768218994,205.3209686279297,3140,0.3,0.0011115146,0.0003
9,200.0,36,155.65217391304347,1014,9216,416.37278137207034,0.0,-2.1160996913909913,-0.0008926319656893611,0.26593345403671265,179.2125701904297,3150,0.3,0.00030210195,0.0003
9,200.0,37,163.19148936170214,1012,9472,275.5782278060913,0.0390625,-2.3120213866233827,-0.005867097474401816,0.059294164180755615,215.00425720214844,3160,0.3,0.016630322,0.0003
9,200.0,38,146.66666666666666,1011,9728,859.1806945800781,0.0,-2.094633233547211,-0.0004684721119701862,0.17277401685714722,414.75567626953125,3170,0.3,0.0005079964,0.0003
9,200.0,39,149.3877551020408,1010,9984,279.41354751586914,0.0,-2.1242321729660034,-0.002211162936873734,0.2279685139656067,61.58164978027344,3180,0.3,0.0004954906,0.0003
10,200.0,40,155.88235294117646,1010,10240,766.8059036254883,0.0,-2.1188493967056274,-0.004578904621303082,0.24009829759597778,331.2261657714844,3190,0.3,0.001793876,0.0003
0,200.0,1,-610.0,1474,256,657.2106758117676,0.0,-2.184588623046875,-0.005430852877907455,0.07505863904953003,538.470703125,3200,0.3,0.0023771587,0.0003
0,200.0,2,-192.0,1245,512,194.43838386535646,0.01484375,-2.068127191066742,-0.0063568521058186885,0.34937286376953125,161.01837158203125,2810,0.3,0.0105588995,0.0003
0,200.0,3,-68.0,1165,768,802.3672485351562,0.0171875,-1.9411739706993103,-0.009332354215439409,0.13221079111099243,340.0491943359375,2820,0.3,0.012641653,0.0003
0,200.0,4,-81.2,1121,1024,568.4921997070312,0.0,-1.9064694344997406,0.0005573215195909143,-0.030426025390625,244.77186584472656,2830,0.3,0.0033800264,0.0003
1,200.0,5,65.5,1113,1280,635.7871688842773,0.0,-1.8755022883415222,-0.0017272486817091703,0.04662686586380005,428.98211669921875,2840,0.3,0.00011154055,0.0003
1,200.0,6,105.42857142857143,1106,1536,1127.450991821289,0.009375,-1.9555659532546996,-0.006143067055381835,0.24263310432434082,617.8796997070312,2850,0.3,0.005322594,0.0003
1,200.0,7,32.0,1098,1792,199.30076751708984,0.008203125,-1.8506906151771545,-0.005747618060559035,0.30934667587280273,24.13542366027832,2860,0.3,0.0045300364,0.0003
1,200.0,8,-6.4,1075,2048,367.66904907226564,0.11171875,-2.024908584356308,-0.018318308936432003,0.23886632919311523,165.65499877929688,2870,0.3,0.008384694,0.0003
2,200.0,9,64.9090909090909,1067,2304,88.4447618484497,0.005078125,-1.945173692703247,-0.00629301886074245,-3.1042771339416504,22.50449562072754,2880,0.3,0.011644516,0.0003
2,200.0,10,99.33333333333333,1066,2560,1193.7832092285157,0.0578125,-1.7988021612167358,-0.010508017940446734,0.2340768575668335,590.3194580078125,2890,0.3,0.021731194,0.0003
2,200.0,11,11.285714285714286,1070,2816,555.9760025024414,0.0,-1.8513930141925812,-0.002142352587543428,0.020688235759735107,333.80792236328125,2900,0.3,0.00071013626,0.0003
2,200.0,12,19.0,1069,3072,38.01353068351746,0.15390625,-1.73105645775795,-0.013655425643082707,-0.041195034980773926,16.400794982910156,2910,0.3,0.044784497,0.0003
3,200.0,13,20.9375,1061,3328,494.9510036468506,0.0390625,-1.718303632736206,-0.007921925792470575,0.015101969242095947,179.3658447265625,2920,0.3,0.013412705,0.0003
3,200.0,14,44.705882352941174,1061,3584,855.3162506103515,0.01328125,-1.6932045102119446,-0.011991863488219678,0.22459787130355835,429.23284912109375,2930,0.3,0.009605173,0.0003
3,200.0,15,69.84210526315789,1062,3840,993.1608047485352,0.005078125,-2.0054534435272218,-0.008960000518709422,-0.02776789665222168,616.123779296875,2940,0.3,0.007947291,0.0003
3,200.0,16,70.55,1054,4096,494.1463821411133,0.00234375,-1.9659153282642365,-0.003040135372430086,0.2736446261405945,314.03143310546875,2950,0.3,0.0014839428,0.0003
4,200.0,17,60.38095238095238,1056,4352,543.5886741638184,0.003515625,-1.9552115499973297,-0.009107159287668764,0.1779404878616333,333.7856750488281,2960,0.3,0.0011935083,0.0003
4,200.0,18,45.47826086956522,1055,4608,612.549536895752,0.0,-1.9262854158878326,-0.005468261206988245,0.15310132503509521,529.62890625,2970,0.3,0.0032400435,0.0003
4,200.0,19,56.541666666666664,1056,4864,77.9712963104248,0.000390625,-1.715146678686142,-0.001866527390666306,-0.9248844385147095,15.20436954498291,2980,0.3,0.0037489003,0.0003
4,200.0,20,46.92,1057,5120,656.6563949584961,0.0,-1.7547409236431122,-0.0007248795824125409,0.25887882709503174,243.6382293701172,2990,0.3,0.0012241707,0.0003
5,200.0,21,29.0,1052,5376,36.54050989151001,0.041015625,-1.9854552030563355,-0.023121402063407005,0.1085820198059082,10.760342597961426,3000,0.3,0.020201836,0.0003
5,200.0,22,25.607142857142858,1052,5632,227.14704093933105,0.00078125,-2.1271900177001952,-0.008873945393133909,0.2512269616127014,176.8248291015625,3010,0.3,0.0054070074,0.0003
5,200.0,23,52.724137931034484,1051,5888,483.2839500427246,0.029296875,-1.8829937338829041,-0.010162000986747443,0.3480469584465027,179.41993713378906,3020,0.3,0.01124214,0.0003
5,200.0,24,44.63333333333333,1051,6144,1046.2824508666993,0.001171875,-1.897011971473694,-0.0033236237242817877,0.15654051303863525,417.65570068359375,3030,0.3,0.0033158676,0.0003
6,200.0,25,8.53125,1049,6400,253.6872091293335,0.0171875,-2.101767694950104,-0.007945084862876683,0.02985560894012451,171.46351623535156,3040,0.3,0.0046396656,0.0003
6,200.0,26,2.1818181818181817,1049,6656,254.13366470336913,0.005078125,-1.886040097475052,-0.0059769331943243745,-1.7423462867736816,83.9150161743164,3050,0.3,0.00670137,0.0003
6,200.0,27,2.411764705882353,1048,6912,254.7204719543457,0.044140625,-1.8556136965751648,-0.009227407700382172,0.1271815299987793,153.8475341796875,3060,0.3,0.0054996023,0.0003
6,200.0,28,35.77142857142857,1047,7168,948.7913970947266,0.161328125,-1.954656720161438,-0.009859595075249672,0.10907447338104248,480.1349182128906,3070,0.3,0.02023384,0.0003
7,200.0,29,43.189189189189186,1044,7424,1324.449200439453,0.0,-1.9532710194587708,-0.0014371543889865278,0.09825164079666138,808.91650390625,3080,0.3,0.0010283203,0.0003
7,200.0,30,50.026315789473685,1044,7680,509.64049530029297,0.0,-1.9017689645290374,-0.0019803116796538235,0.062311530113220215,317.23858642578125,3090,0.3,0.0017102503,0.0003
7,200.0,31,49.58974358974359,1045,7936,808.9258689880371,0.012890625,-1.944083958864212,-0.008919814927503466,0.08045941591262817,660.5625610351562,3100,0.3,0.007341109,0.0003
7,200.0,32,51.925,1044,8192,834.8477142333984,0.0,-2.040597403049469,-0.0030611433321610093,-0.11287462711334229,507.7923889160156,3110,0.3,0.0014312163,0.0003
8,200.0,33,57.904761904761905,1046,8448,464.08999099731443,0.001171875,-1.8841131925582886,-0.0050836287438869475,0.3467009663581848,183.6266632080078,3120,0.3,0.00069264206,0.0003
8,200.0,34,52.72093023255814,1046,8704,494.73731994628906,0.0,-1.7978037297725677,-0.000285727484151721,0.23832714557647705,299.7384033203125,3130,0.3,0.00021102582,0.0003
8,200.0,35,48.88636363636363,1048,8960,737.4851791381836,0.130859375,-1.9036660850048066,-0.01719898181036115,0.0639805793762207,258.59283447265625,3140,0.3,0.013177298,0.0003
8,200.0,36,57.58695652173913,1047,9216,265.005800819397,0.058984375,-1.986356383562088,-0.009665873355697841,0.01785099506378174,233.78416442871094,3150,0.3,0.0025037813,0.0003
9,200.0,37,72.8936170212766,1048,9472,1175.8110961914062,0.02890625,-1.9847014129161835,-0.013523201062344014,0.14366602897644043,460.2262878417969,3160,0.3,0.010733837,0.0003
9,200.0,38,76.14583333333333,1049,9728,824.2173767089844,0.036328125,-2.024248105287552,-0.00827537039294839,0.2295215129852295,187.05564880371094,3170,0.3,0.021047663,0.0003
9,200.0,39,77.0,1050,9984,506.73898162841795,0.000390625,-1.8580863177776337,-0.0066717579029500484,0.276435911655426,311.9481201171875,3180,0.3,0.0021656717,0.0003
9,200.0,40,83.7843137254902,1048,10240,838.6632629394531,0.025,-1.9417136430740356,-0.006001448584720492,0.12663596868515015,431.04266357421875,3190,0.3,0.0043347767,0.0003
0,200.0,1,1090.0,1339,256,1101.9636657714843,0.071875,-2.014497625827789,-0.00577718922868371,0.004951119422912598,326.57427978515625,3200,0.3,0.020216959,0.0003
0,200.0,2,715.0,1148,512,1242.7983947753905,0.0,-2.0421444892883303,-0.0028066922910511493,0.12676924467086792,365.9271545410156,3210,0.3,0.001171883,0.0003
0,200.0,3,430.0,1092,768,521.0955581665039,0.0046875,-2.078506851196289,-0.0053368993219919504,-0.05331754684448242,289.1556701660156,3220,0.3,0.0023057295,0.0003
0,200.0,4,238.0,1067,1024,526.2930751800537,0.003125,-2.0411898851394654,-0.009331419272348285,0.21213972568511963,435.9404602050781,3230,0.3,0.0014936461,0.0003
1,200.0,5,250.0,1058,1280,334.0093662261963,0.020703125,-2.014349412918091,-0.012978577939793467,0.04339194297790527,52.5140380859375,3240,0.3,0.011832854,0.0003
1,200.0,6,244.28571428571428,1035,1536,831.2543807983399,0.006640625,-2.0767398715019225,-0.006014600326307118,0.14008629322052002,372.8096008300781,3250,0.3,0.0047977082,0.0003
1,200.0,7,160.0,1041,1792,450.1937126159668,0.0,-2.0332284808158874,-0.003229764464776963,0.12195676565170288,242.4701385498047,3260,0.3,0.0013615524,0.0003
1,200.0,8,234.0,1046,2048,643.5231491088867,0.02265625,-2.0782840251922607,-0.01428456543944776,0.08454054594039917,105.18798828125,3270,0.3,0.018537555,0.0003
2,200.0,9,282.72727272727275,1048,2304,1119.5066711425782,0.0203125,-2.148384714126587,-0.01226076208986342,0.08922308683395386,534.749267578125,3280,0.3,0.012685788,0.0003
2,200.0,10,283.3333333333333,1056,2560,1458.2517852783203,0.00078125,-2.1182658314704894,-0.0008862524293363095,0.2256098985671997,651.2322998046875,3290,0.3,0.0010812893,0.0003
2,200.0,11,203.57142857142858,1052,2816,199.5726095199585,0.0,-2.1772480845451354,-0.006920598295982927,0.26732146739959717,47.566246032714844,3300,0.3,0.0057593454,0.0003
2,200.0,12,211.33333333333334,1056,3072,37.339804553985594,0.021484375,-2.0210036754608156,-0.008636412560008466,-0.34212493896484375,22.660219192504883,3310,0.3,0.017176248,0.0003
3,200.0,13,216.25,1055,3328,794.1586273193359,0.003125,-2.080306613445282,-0.0048747499706223605,0.19737064838409424,433.02825927734375,3320,0.3,0.010872631,0.0003
3,200.0,14,202.35294117647058,1058,3584,783.9698089599609,0.007421875,-2.099872362613678,-0.01089773012790829,0.15446603298187256,415.27288818359375,3330,0.3,0.008665638,0.0003
3,200.0,15,195.78947368421052,1059,3840,608.567681503296,0.0078125,-2.118192207813263,-0.0011831288575194776,0.19507408142089844,477.1589660644531,3340,0.3,0.0036179046,0.0003
3,200.0,16,177.5,1061,4096,376.9253890991211,0.0,-2.1176950693130494,-0.0028691872023046015,0.27705156803131104,171.18023681640625,3350,0.3,0.000931646,0.0003
4,200.0,17,210.0,1063,4352,928.8610275268554,0.0,-2.0871528029441833,-0.003966939775273204,0.08616012334823608,319.2991638183594,3360,0.3,0.0016260648,0.0003
4,200.0,18,172.17391304347825,1065,4608,545.7951965332031,0.0,-2.0903437972068786,0.00035046401899307966,-0.16658711433410645,182.3435516357422,3370,0.3,0.0007912195,0.0003
4,200.0,19,178.75,1065,4864,142.69497308731079,0.036328125,-2.09365473985672,-0.019034895650111138,0.4021363854408264,112.17543029785156,3380,0.3,0.013977694,0.0003
4,200.0,20,204.0,1064,5120,527.0261222839356,0.009375,-2.1076828122138975,-0.00555674268398434,0.2381611466407776,356.60260009765625,3390,0.3,0.006280123,0.0003
5,200.0,21,201.92307692307693,1060,5376,923.0669097900391,0.0125,-2.0959070324897766,-0.013253375049680471,0.1852753758430481,607.1178588867188,3400,0.3,0.007169363,0.0003
5,200.0,22,159.64285714285714,1060,5632,802.744044494629,0.00078125,-2.1284661293029785,-0.0056990075157955285,0.139651358127594,415.1090393066406,3410,0.3,0.0035900844,0.0003
5,200.0,23,181.72413793103448,1059,5888,74.16492099761963,0.0578125,-2.1100979924201964,-0.023524383548647165,0.023077785968780518,24.11583709716797,3420,0.3,0.024695713,0.0003
5,200.0,24,188.66666666666666,1060,6144,1121.2610961914063,0.0,-2.0972459435462953,-0.0013662396930158138,0.16326147317886353,657.0447998046875,3430,0.3,0.0015999214,0.0003
6,200.0,25,211.5625,1060,6400,1046.2655883789062,0.011328125,-2.080450987815857,-0.0166100534144789,0.22546052932739258,704.8666381835938,3440,0.3,0.011098876,0.0003
6,200.0,26,189.6969696969697,1059,6656,764.3649185180664,0.02265625,-2.1286941528320313,-0.012934329139534384,0.14555257558822632,295.3077697753906,3450,0.3,0.0050222473,0.0003
6,200.0,27,208.52941176470588,1061,6912,122.8161434173584,0.0,-2.142641603946686,-0.0008617861662060022,-0.4394446611404419,50.74822235107422,3460,0.3,0.00026842486,0.0003
6,200.0,28,219.14285714285714,1060,7168,1026.137466430664,0.0109375,-2.1406833648681642,-0.00635785455815494,0.19309502840042114,736.9261474609375,3470,0.3,0.0055900626,0.0003
6,200.0,29,232.7027027027027,1061,7424,1224.9930938720704,0.0,-2.105987012386322,-0.006286154920235276,0.21743863821029663,513.2507934570312,3480,0.3,0.0022647616,0.0003
7,200.0,30,248.94736842105263,1060,7680,539.0258148193359,0.001953125,-2.1196991443634032,-0.006093228841200471,0.20271074771881104,328.1498107910156,3490,0.3,0.003035476,0.0003
7,200.0,31,258.20512820512823,1058,7936,1070.6219146728515,0.003125,-2.0392710685729982,-0.003921924950554967,0.2809392809867859,567.0269775390625,3500,0.3,0.0026417724,0.0003
7,200.0,32,241.0,1058,8192,832.4335510253907,0.0,-2.053804838657379,-0.002809207490645349,-0.36985063552856445,301.45904541015625,3510,0.3,0.003262949,0.0003
7,200.0,33,236.66666666666666,1057,8448,682.6438461303711,0.037890625,-2.0946709156036376,-0.014580576354637742,-0.20580363273620605,301.318115234375,3520,0.3,0.005346914,0.0003
8,200.0,34,248.13953488372093,1056,8704,882.0102081298828,0.0,-2.058591568470001,-0.0011953147361055017,0.07485485076904297,573.1918334960938,3530,0.3,0.0008035351,0.0003
8,200.0,35,253.4090909090909,1056,8960,888.6719635009765,0.00234375,-1.9936535358428955,-0.007471005292609334,0.23691529035568237,313.6079406738281,3540,0.3,0.002955357,0.0003
8,200.0,36,254.7826086956522,1057,9216,1122.951527404785,0.0,-1.9639468789100647,-0.0031158654019236565,0.2585923671722412,482.67669677734375,3550,0.3,0.0019959738,0.0003
8,200.0,37,262.1276595744681,1057,9472,348.23096199035643,0.00859375,-2.2146549463272094,-0.0038461771328002214,0.29259854555130005,254.41058349609375,3560,0.3,0.00447709,0.0003
9,200.0,38,263.3333333333333,1057,9728,876.1931671142578,0.0,-2.014884501695633,-0.003303170250728726,0.2374010682106018,563.95263671875,3570,0.3,0.0008107135,0.0003
9,200.0,39,251.6326530612245,1057,9984,572.4598953247071,0.0,-1.9397473454475402,-0.0007608160609379411,-0.15193712711334229,290.6603088378906,3580,0.3,0.00042600115,0.0003
9,200.0,40,244.11764705882354,1058,10240,205.18098411560058,0.05390625,-2.064380633831024,-0.006485700490884483,0.21525299549102783,32.455718994140625,3590,0.3,0.012225522,0.0003
0,200.0,1,436.0,1428,256,941.982649230957,0.00234375,-1.9774644196033477,-0.0008910663425922393,0.21377712488174438,602.7689208984375,3600,0.3,0.0018352997,0.0003
0,200.0,2,58.5,1196,512,889.7927032470703,0.0,-1.9425663650035858,-0.008039820613339544,0.07688659429550171,325.9515075683594,3210,0.3,0.0020909475,0.0003
0,200.0,3,182.0,1131,768,608.2623672485352,0.00078125,-2.026038557291031,-0.004023138992488384,0.17995685338974,175.97140502929688,3220,0.3,0.0020141613,0.0003
0,200.0,4,53.8,1106,1024,462.62243728637696,0.028125,-1.9716229081153869,-0.006780763657297939,0.1584518551826477,127.6787109375,3230,0.3,0.0018822779,0.0003
1,200.0,5,171.5,1100,1280,439.3600730895996,0.009375,-1.8100741922855377,-0.006356805143877864,0.3455299735069275,259.69732666015625,3240,0.3,0.008418563,0.0003
1,200.0,6,214.42857142857142,1086,1536,1058.3443069458008,0.003125,-1.9243055403232574,0.0007288802124094218,0.2580239176750183,452.43115234375,3250,0.3,0.0046397867,0.0003
1,200.0,7,206.25,1079,1792,965.2638641357422,0.00546875,-1.9599549353122712,-0.00789763672510162,0.3216186761856079,184.0470733642578,3260,0.3,0.0049269153,0.0003
1,200.0,8,177.8,1076,2048,452.96657485961913,0.0,-2.035393571853638,-0.0022424929542467,0.10074722766876221,160.24539184570312,3270,0.3,0.00092791696,0.0003
2,200.0,9,229.63636363636363,1081,2304,719.4487731933593,0.0140625,-1.812886106967926,-0.01366821639239788,0.2863609194755554,319.12213134765625,3280,0.3,0.0073620826,0.0003
2,200.0,10,228.83333333333334,1074,2560,831.4548065185547,0.0,-1.9934109330177308,-0.0024679176043719054,0.11866933107376099,313.15478515625,3290,0.3,0.00067848293,0.0003
2,200.0,11,182.28571428571428,1072,2816,606.215470123291,0.000390625,-1.9623707234859467,-0.0049684660509228705,0.40436577796936035,306.6527099609375,3300,0.3,0.0011824267,0.0003
2,200.0,12,187.26666666666668,1073,3072,498.8409027099609,0.0,-2.048502790927887,-0.0018696747836656868,0.31056857109069824,264.895263671875,3310,0.3,0.0014625392,0.0003
3,200.0,13,203.875,1069,3328,607.6645416259765,0.04140625,-1.973331129550934,-0.013979221158660949,0.3158336281776428,187.0860595703125,3320,0.3,0.013655355,0.0003
3,200.0,14,257.4117647058824,1054,3584,1227.8098724365234,0.02421875,-1.9913454353809357,-0.012397433863952756,0.20989644527435303,532.8762817382812,3330,0.3,0.006347686,0.0003
3,200.0,15,201.26315789473685,1056,3840,972.1270080566406,0.07265625,-2.014026701450348,-0.013362269732169807,0.3185116648674011,661.4906005859375,3340,0.3,0.012306433,0.0003
3,200.0,16,225.7,1048,4096,216.1594123840332,0.0,-2.107740318775177,-0.0019323474261909723,0.39830082654953003,38.42739486694336,3350,0.3,0.0016537979,0.0003
4,200.0,17,185.28571428571428,1049,4352,1468.8369842529296,0.0,-1.9878776967525482,-0.005239877384155989,-0.2515009641647339,758.1227416992188,3360,0.3,0.0011104695,0.0003
4,200.0,18,263.82608695652175,1047,4608,1127.3896316528321,0.009765625,-1.9888855159282683,-0.006210652249865234,-0.2739145755767822,201.3473663330078,3370,0.3,0.0071597546,0.0003
4,200.0,19,236.0,1045,4864,1771.0858276367187,0.0,-1.9886558294296264,-0.00017746756784617901,0.018253743648529053,1125.2078857421875,3380,0.3,0.0002510096,0.0003
4,200.0,20,260.8,1044,5120,229.21958122253417,0.00078125,-2.129517686367035,-0.005771367833949626,0.17718541622161865,161.65859985351562,3390,0.3,0.0025243168,0.0003
5,200.0,21,259.65384615384613,1045,5376,1034.770703125,0.018359375,-1.978427666425705,-0.014155036746524274,0.26582467555999756,374.47332763671875,3400,0.3,0.008446695,0.0003
5,200.0,22,272.14285714285717,1045,5632,919.1797943115234,0.00546875,-1.877885913848877,-0.012482879590243101,0.31147682666778564,240.82765197753906,3410,0.3,0.0036952181,0.0003
5,200.0,23,276.3103448275862,1048,5888,780.862400817871,0.001953125,-1.9525005340576171,-0.00535176966805011,0.32729607820510864,356.01629638671875,3420,0.3,0.0023850405,0.0003
5,200.0,24,270.1666666666667,1046,6144,761.0475524902344,0.00390625,-1.99688258767128,-0.009739058767445385,0.2235916256904602,371.4892578125,3430,0.3,0.0049761105,0.0003
6,200.0,25,281.15625,1046,6400,1031.8573974609376,0.0015625,-1.9238779067993164,-0.003619302739389241,0.21224087476730347,427.5545349121094,3440,0.3,0.0036467703,0.0003
6,200.0,26,277.24242424242425,1045,6656,744.9112869262696,0.043359375,-2.0150430381298063,-0.009591122390702367,0.24883931875228882,504.5838317871094,3450,0.3,0.012915559,0.0003
6,200.0,27,292.7647058823529,1045,6912,777.0742210388183,0.0,-2.0219872057437898,-0.0017726358724758028,0.16848212480545044,447.78338623046875,3460,0.3,0.0010343259,0.0003
6,200.0,28,317.2,1045,7168,1188.024884033203,0.023046875,-1.916308468580246,-0.012452305434271694,0.23097217082977295,821.1926879882812,3470,0.3,0.00966051,0.0003
7,200.0,29,333.13513513513516,1040,7424,1342.0904571533204,0.0,-1.948457622528076,-0.0016013513784855604,0.2053171992301941,375.6629638671875,3480,0.3,0.00020483835,0.0003
7,200.0,30,325.5263157894737,1039,7680,857.0275848388671,0.01875,-1.7895374059677125,-0.012607819121330976,0.3490554094314575,344.63531494140625,3490,0.3,0.014229725,0.0003
7,200.0,31,328.5897435897436,1040,7936,463.73574447631836,0.009765625,-1.840482199192047,-0.009710732009261846,0.34047335386276245,76.47335815429688,3500,0.3,0.0069700894,0.0003
7,200.0,32,323.45,1038,8192,917.95400390625,0.0015625,-2.030009090900421,-0.0007125099189579486,0.1648263931274414,474.69476318359375,3510,0.3,0.002907199,0.0003
8,200.0,33,322.3095238095238,1040,8448,685.1552230834961,0.00625,-1.973863536119461,-0.011122281127609313,0.2548602819442749,235.48329162597656,3520,0.3,0.0043015606,0.0003
8,200.0,34,328.27906976744185,1040,8704,901.9714859008789,0.038671875,-1.916546070575714,-0.014496374735608697,0.18258678913116455,425.0328369140625,3530,0.3,0.014992515,0.0003
8,200.0,35,337.3636363636364,1038,8960,1247.3545471191405,0.0,-1.9240229666233062,-0.002598169120028615,0.2593705654144287,305.4856872558594,3540,0.3,0.0013253381,0.0003
8,200.0,36,344.9347826086956,1038,9216,1125.1451171875,0.0,-1.9198597729206086,-0.004414764093235135,0.3789966106414795,500.69110107421875,3550,0.3,0.0014932631,0.0003
9,200.0,37,345.4468085106383,1038,9472,468.15405502319334,0.02578125,-1.9617112100124359,-0.006645093951374292,0.3624529242515564,191.29808044433594,3560,0.3,0.020252086,0.0003
9,200.0,38,337.6458333333333,1039,9728,917.6993133544922,0.001953125,-1.8551965594291686,-0.005894599761813879,0.3150487542152405,476.393798828125,3570,0.3,0.00338398,0.0003
9,200.0,39,343.3265306122449,1040,9984,727.6553985595704,0.012890625,-1.994502604007721,-0.00786596811376512,0.24601131677627563,341.9795837402344,3580,0.3,0.0060575446,0.0003
9,200.0,40,337.62745098039215,1036,10240,734.7525634765625,0.0390625,-1.9452160894870758,-0.0139207748696208,0.3624153733253479,431.3222351074219,3590,0.3,0.0046580844,0.0003
0,200.0,1,390.0,1395,256,455.7467041015625,0.0078125,-1.9277848064899445,-0.00565512920729816,0.05984526872634888,297.016357421875,3600,0.3,0.004713171,0.0003
0,200.0,2,435.0,1166,512,905.5449295043945,0.00234375,-2.047500717639923,-0.009488362073898315,0.09902960062026978,500.6957092285156,3610,0.3,0.0036570774,0.0003
0,200.0,3,303.3333333333333,1129,768,819.5223968505859,0.0,-1.8053441524505616,-0.003793405508622527,0.2616468667984009,328.2875061035156,3620,0.3,0.0032664242,0.0003
0,200.0,4,352.0,1117,1024,556.8390441894531,0.00234375,-1.9053844690322876,-0.005555419716984034,0.22022712230682373,319.5285949707031,3630,0.3,0.0032018563,0.0003
1,200.0,5,460.0,1105,1280,910.829997253418,0.0015625,-2.104511821269989,-0.006909195031039417,0.184623122215271,393.9317321777344,3640,0.3,0.003687043,0.0003
1,200.0,6,360.0,1111,1536,1158.8382354736327,0.0,-1.984462720155716,-0.0037930465769022703,0.2681952118873596,459.2582702636719,3650,0.3,0.001581589,0.0003
1,200.0,7,436.25,1096,1792,643.202052307129,0.0,-1.9861490547657012,-0.0010103680659085512,0.2659757137298584,255.93572998046875,3660,0.3,0.0003238113,0.0003
1,200.0,8,390.0,1087,2048,947.2343963623047,0.0,-2.0654421925544737,-0.0009971728315576911,-0.029094934463500977,420.6092224121094,3670,0.3,0.00057312776,0.0003
2,200.0,9,446.3636363636364,1079,2304,901.7134979248046,0.0,-1.9840333044528962,-0.0009392821928486228,0.2645495533943176,457.08001708984375,3680,0.3,0.00024433224,0.0003
2,200.0,10,413.3333333333333,1077,2560,1085.1912841796875,0.0,-2.0680444836616516,-0.002172683528624475,0.19001907110214233,274.00384521484375,3690,0.3,0.0006250397,0.0003
2,200.0,11,460.0,1075,2816,830.6415069580078,0.0,-1.8861824512481689,-0.001946172525640577,0.149214506149292,302.2216491699219,3700,0.3,0.0010630216,0.0003
2,200.0,12,479.3333333333333,1069,3072,1138.2511322021485,0.0,-2.005682075023651,-0.0014642953407019376,0.28033262491226196,429.2523193359375,3710,0.3,0.00014385162,0.0003
3,200.0,13,468.125,1070,3328,983.7319023132325,0.0,-2.026738476753235,-0.004272601287811995,0.2985345721244812,581.164306640625,3720,0.3,0.00114969,0.0003
3,200.0,14,432.94117647058823,1068,3584,461.0432159423828,0.0,-1.7569501638412475,-0.0020942353643476964,0.3539390563964844,158.88446044921875,3730,0.3,0.00063425186,0.0003
3,200.0,15,492.63157894736844,1067,3840,981.8872268676757,0.0,-1.9868053495883942,-0.0027946857269853355,0.2907373309135437,638.9993286132812,3740,0.3,0.0017944882,0.0003
3,200.0,16,480.5,1071,4096,1099.621893310547,0.0,-1.917454218864441,-0.0035800055833533407,0.3158192038536072,576.13818359375,3750,0.3,0.0006010246,0.0003
4,200.0,17,480.95238095238096,1068,4352,650.1294677734375,0.0,-1.858257246017456,-0.004997393256053329,0.2918349504470825,420.22381591796875,3760,0.3,0.003335542,0.0003
4,200.0,18,446.95652173913044,1066,4608,801.3644775390625,0.0,-2.009932440519333,0.0013524634705390781,0.15987074375152588,476.8985290527344,3770,0.3,0.0008978953,0.0003
4,200.0,19,438.3333333333333,1064,4864,793.2259384155274,0.0,-1.9947846353054046,-0.0023954549571499227,0.1665428876876831,238.6414794921875,3780,0.3,0.0010953541,0.0003
4,200.0,20,452.8,1066,5120,827.2301223754882,0.005859375,-1.9890789806842804,-0.006149267661385238,0.2968750596046448,230.4423065185547,3790,0.3,0.005034511,0.0003
5,200.0,21,436.53846153846155,1059,5376,589.8620429992676,0.004296875,-2.039960479736328,-0.0061445773346349595,0.4013213515281677,342.2911376953125,3800,0.3,0.0033120685,0.0003
5,200.0,22,366.7857142857143,1058,5632,359.7029350280762,0.0015625,-1.8686163544654846,-0.0025149546563625336,0.2683181166648865,141.7605438232422,3810,0.3,0.0034904603,0.0003
5,200.0,23,342.41379310344826,1058,5888,469.62111511230466,0.00078125,-2.115331733226776,-0.0032631169073283673,-1.5101375579833984,180.32366943359375,3820,0.3,0.0028528797,0.0003
5,200.0,24,348.6666666666667,1058,6144,501.1552909851074,0.0,-2.0886378645896913,-0.00252333142561838,-0.06491386890411377,239.31048583984375,3830,0.3,0.0016119697,0.0003
6,200.0,25,346.875,1057,6400,1205.9383636474608,0.0,-1.9944026231765748,-0.00034953774884343146,0.11123442649841309,603.0192260742188,3840,0.3,0.00011906843,0.0003
6,200.0,26,349.6969696969697,1055,6656,929.5106948852539,0.0,-2.01502720117569,-0.0022332197288051246,0.10580021142959595,215.3199920654297,3850,0.3,0.00054630963,0.0003
6,200.0,27,355.0,1055,6912,905.1277740478515,0.0,-1.9601827561855316,-0.002334913075901568,0.22047781944274902,499.1766357421875,3860,0.3,0.00071929744,0.0003
6,200.0,28,346.0,1054,7168,660.5861679077149,0.0,-2.0323134064674377,-0.002501649549230933,0.17916911840438843,132.5337371826172,3870,0.3,0.0010802166,0.0003
7,200.0,29,360.0,1056,7424,1078.6616470336915,0.004296875,-1.9140718698501586,-0.00174305213149637,0.2321600317955017,376.5871276855469,3880,0.3,0.002563116,0.0003
7,200.0,30,363.1578947368421,1054,7680,823.2883102416993,0.0,-1.9795129895210266,-0.0008780007250607013,0.4064527750015259,328.17010498046875,3890,0.3,0.00010837475,0.0003
7,200.0,31,385.8974358974359,1034,7936,746.1390609741211,0.004296875,-1.994166946411133,-0.005732917552813887,0.38524067401885986,389.00970458984375,3900,0.3,0.0037500004,0.0003
7,200.0,32,400.75,1034,8192,1475.5177612304688,0.00546875,-1.9908240377902984,-0.005264636990614235,0.3530368208885193,1187.569091796875,3910,0.3,0.0045736367,0.0003
8,200.0,33,399.04761904761904,1033,8448,1063.6933959960938,0.0,-1.9027429223060608,-0.0010608120122924448,0.08523905277252197,559.4839477539062,3920,0.3,0.00041180686,0.0003
8,200.0,34,398.83720930232556,1031,8704,656.2999099731445,0.0015625,-2.028069221973419,-0.006338076759129762,0.3153907060623169,131.83265686035156,3930,0.3,0.00303431,0.0003
8,200.0,35,382.5,1030,8960,793.3107543945313,0.0,-2.035817837715149,-0.0013023516861721874,0.3019804358482361,372.9625244140625,3940,0.3,0.0006477111,0.0003
8,200.0,36,392.60869565217394,1032,9216,723.1023643493652,0.008984375,-2.1154890060424805,-0.01597600867971778,0.3913602828979492,424.95947265625,3950,0.3,0.01482183,0.0003
9,200.0,37,397.8723404255319,1032,9472,617.1615356445312,0.00234375,-1.9126726269721985,-0.00435621237847954,0.38464152812957764,401.15301513671875,3960,0.3,0.008311726,0.0003
9,200.0,38,405.2083333333333,1034,9728,1274.8003875732422,0.0,-2.0617780327796935,-0.00182133661583066,0.30749815702438354,737.7732543945312,3970,0.3,0.001830097,0.0003
9,200.0,39,402.44897959183675,1032,9984,909.1867660522461,0.0,-1.9341503381729126,-0.001988191599957645,-0.16559875011444092,253.0460205078125,3980,0.3,0.00082746916,0.0003
9,200.0,40,413.1372549019608,1032,10240,782.848876953125,0.0015625,-2.0203000605106354,-0.004265971621498466,0.3041120171546936,316.8314514160156,3990,0.3,0.0017796312,0.0003
0,200.0,1,374.0,1437,256,1246.2233978271483,0.0,-2.034101331233978,-0.0012693892233073712,0.2633073329925537,618.67822265625,4000,0.3,0.00024066749,0.0003
0,200.0,2,431.0,1171,512,733.7965324401855,0.000390625,-1.9078917145729064,-0.004529324965551496,0.24724143743515015,91.68881225585938,3610,0.3,0.0023121317,0.0003
0,200.0,3,433.6666666666667,1136,768,1161.9684600830078,0.001953125,-1.8135057806968689,-0.007637949544005096,0.3378868103027344,457.1171875,3620,0.3,0.0036286928,0.0003
0,200.0,4,233.2,1094,1024,483.00651397705076,0.000390625,-1.9483990788459777,-0.0036504096584394573,0.11215907335281372,179.37319946289062,3630,0.3,0.0025272586,0.0003
1,200.0,5,201.66666666666666,1079,1280,456.32743911743165,0.0,-1.9402456104755401,-0.0025972628500312567,0.11080682277679443,76.95306396484375,3640,0.3,0.0014038442,0.0003
1,200.0,6,200.14285714285714,1075,1536,1102.4040740966798,0.00234375,-2.0090971529483794,-0.005111171724274754,0.21631097793579102,679.9775390625,3650,0.3,0.004574338,0.0003
1,200.0,7,207.125,1078,1792,284.13034133911134,0.00625,-1.983430427312851,-0.011578113154973835,0.4274301528930664,133.26365661621094,3660,0.3,0.0053292736,0.0003
1,200.0,8,276.2,1058,2048,959.6697448730469,0.0078125,-1.8280658423900604,-0.01001311601139605,-0.06888484954833984,420.09588623046875,3670,0.3,0.007471442,0.0003
2,200.0,9,309.1818181818182,1056,2304,934.6088684082031,0.012890625,-1.9123532950878144,-0.010981896612793206,0.36378586292266846,469.3520812988281,3680,0.3,0.0066045523,0.0003
2,200.0,10,267.6666666666667,1056,2560,1169.5362243652344,0.00546875,-1.9339396953582764,-0.009598646161612124,0.14711999893188477,627.4176025390625,3690,0.3,0.0049106083,0.0003
2,200.0,11,251.14285714285714,1055,2816,279.989567565918,0.0046875,-1.8508821547031402,-0.00436875675804913,0.01576852798461914,70.37093353271484,3700,0.3,0.0045429347,0.0003
2,200.0,12,252.4,1055,3072,813.0141860961915,0.0,-1.9559208750724792,-0.0028929767198860646,0.30340707302093506,254.19203186035156,3710,0.3,0.0006036984,0.0003
3,200.0,13,214.875,1052,3328,633.7312042236329,0.0,-1.9146782755851746,-0.004457110445946455,0.285213828086853,324.8157043457031,3720,0.3,0.0017179749,0.0003
3,200.0,14,231.76470588235293,1050,3584,194.12533740997316,0.030078125,-1.9391081511974335,-0.01412207274697721,0.43780142068862915,62.698997497558594,3730,0.3,0.013284767,0.0003
3,200.0,15,269.94736842105266,1051,3840,1192.6026519775392,0.0109375,-1.7737231075763702,0.0011729561723768712,0.299402117729187,561.25341796875,3740,0.3,0.003934338,0.0003
3,200.0,16,304.5,1056,4096,668.257960510254,0.018359375,-1.7741155683994294,-0.0053960753604769705,0.39300334453582764,456.3038635253906,3750,0.3,0.0069368994,0.0003
4,200.0,17,312.2857142857143,1052,4352,716.3875366210938,0.0171875,-1.7323016107082367,-0.0116910086479038,0.39514219760894775,468.5309753417969,3760,0.3,0.016418062,0.0003
4,200.0,18,325.5652173913044,1052,4608,1280.4437118530273,0.0171875,-1.6166927993297577,-0.011721448739990592,0.18108242750167847,455.43084716796875,3770,0.3,0.011060832,0.0003
4,200.0,19,317.7916666666667,1054,4864,710.2896591186524,0.00234375,-1.5654186844825744,-0.005492559261620044,0.4033723473548889,158.51251220703125,3780,0.3,0.0025849913,0.0003
4,200.0,20,311.24,1053,5120,957.8406280517578,0.01171875,-1.7663283169269561,-0.004176250053569674,-0.2286616563796997,422.1029052734375,3790,0.3,0.0072143935,0.0003
5,200.0,21,306.8076923076923,1054,5376,1136.3270324707032,0.0,-1.5298756301403045,-0.0006918365834280849,-0.0494685173034668,235.51373291015625,3800,0.3,0.000113208545,0.0003
5,200.0,22,320.75,1052,5632,989.0250030517578,0.0,-1.4931045830249787,-0.0004764364566653967,0.2125292420387268,604.08642578125,3810,0.3,4.6816655e-05,0.0003
5,200.0,23,345.1034482758621,1048,5888,828.7822677612305,0.0,-1.5850558221340179,-0.0010514870984479785,0.23697853088378906,228.14036560058594,3820,0.3,0.000205477,0.0003
5,200.0,24,336.5,1047,6144,760.0128662109375,0.000390625,-1.6671369194984436,-0.00464941393584013,0.41372400522232056,322.50555419921875,3830,0.3,0.0017612576,0.0003
6,200.0,25,365.0,1046,6400,1423.673681640625,0.0,-1.8193870067596436,-0.00222755572758615,0.21355187892913818,566.2129516601562,3840,0.3,0.0013707643,0.0003
6,200.0,26,373.0,1047,6656,1128.5747924804687,0.0,-1.6824680626392365,-0.003906463831663131,0.15205740928649902,481.0242919921875,3850,0.3,0.00092579983,0.0003
6,200.0,27,367.94117647058823,1047,6912,945.0461395263671,0.0,-1.7668690085411072,-0.001963781006634235,0.3318219780921936,411.5691223144531,3860,0.3,0.0007251254,0.0003
6,200.0,28,351.51428571428573,1047,7168,744.6841682434082,0.007421875,-1.6845426201820373,-0.008235999708995223,0.19069570302963257,348.3521728515625,3870,0.3,0.006653638,0.0003
7,200.0,29,378.8378378378378,1048,7424,957.6830444335938,0.0,-1.9026254296302796,-0.004250343656167388,0.18148314952850342,455.41998291015625,3880,0.3,0.0014168834,0.0003
7,200.0,30,368.2894736842105,1048,7680,1021.5914535522461,0.0046875,-1.7013045489788055,-0.0052168263588100675,0.19302725791931152,468.54815673828125,3890,0.3,0.0058798646,0.0003
7,200.0,31,385.6666666666667,1028,7936,818.6669906616211,0.0,-1.9253035008907318,-0.002524068905040622,0.09705328941345215,215.865234375,3900,0.3,0.0011194737,0.0003
7,200.0,32,372.925,1026,8192,639.7379211425781,0.000390625,-1.6592548966407776,-0.004672403121367097,0.38320428133010864,233.56124877929688,3910,0.3,0.0018982922,0.0003
8,200.0,33,370.3095238095238,1027,8448,1191.5480041503906,0.001171875,-1.7872731029987334,-0.008447064890060575,-0.12181377410888672,555.4457397460938,3920,0.3,0.0031697159,0.0003
8,200.0,34,386.06976744186045,1028,8704,869.9081756591797,0.001953125,-1.817279040813446,-0.0009472993900999427,0.3587920069694519,447.3771667480469,3930,0.3,0.0023213876,0.0003
8,200.0,35,381.04545454545456,1029,8960,1144.5999267578125,0.01796875,-1.85918270945549,-0.014072154136374592,0.2959862947463989,783.1815795898438,3940,0.3,0.01641623,0.0003
8,200.0,36,394.7608695652174,1030,9216,776.6723175048828,0.0,-1.7559242129325867,-0.001289763837121427,0.1732814908027649,357.6499938964844,3950,0.3,0.0015802633,0.0003
9,200.0,37,397.29787234042556,1031,9472,728.4224563598633,0.037109375,-1.8177187263965606,-0.014475962426513434,0.44909197092056274,467.3775634765625,3960,0.3,0.0069857268,0.0003
9,200.0,38,402.3125,1031,9728,687.5320617675782,0.0140625,-1.8188070237636567,-0.008945225819479674,0.4097282886505127,253.5629425048828,3970,0.3,0.005003149,0.0003
9,200.0,39,401.38775510204084,1032,9984,970.1087432861328,0.0,-1.7740358293056488,-0.002582352817989886,0.3806336522102356,406.7817687988281,3980,0.3,0.0006435327,0.0003
9,200.0,40,401.72549019607845,1032,10240,874.6376480102539,0.01640625,-1.9884052455425263,-0.009531635651364922,0.31575626134872437,613.7728271484375,3990,0.3,0.011461406,0.0003
0,200.0,1,-440.0,1537,256,854.1788024902344,0.005859375,-1.9048192262649537,-0.007519853475969285,0.2479044795036316,448.1307067871094,4000,0.3,0.005352692,0.0003
0,200.0,2,275.0,1226,512,32.71851224899292,0.06171875,-2.006187301874161,-0.030239115934818983,0.12357288599014282,20.70699119567871,4010,0.3,0.04124434,0.0003
0,200.0,3,60.0,1149,768,1018.467433166504,0.00234375,-1.9562418162822723,-0.0035477078286930918,0.26212626695632935,360.291748046875,4020,0.3,0.004073008,0.0003
0,200.0,4,338.0,1116,1024,878.3232482910156,0.0,-1.9439318478107452,-0.0023404077161103486,0.22419840097427368,532.930419921875,4030,0.3,0.0006701425,0.0003
1,200.0,5,330.0,1094,1280,1116.4604919433593,0.01171875,-1.9454568386077882,-0.005428578751161694,0.2852456569671631,580.3401489257812,4040,0.3,0.00905627,0.0003
1,200.0,6,231.42857142857142,1089,1536,451.71043548583987,0.0,-2.035801100730896,-0.003613063436932862,-0.0047266483306884766,113.60859680175781,4050,0.3,0.0026526288,0.0003
1,200.0,7,330.0,1083,1792,767.3152511596679,0.001953125,-2.0386014342308045,-0.006447459617629647,0.3233991861343384,187.6563262939453,4060,0.3,0.0071332846,0.0003
1,200.0,8,270.0,1086,2048,719.8367065429687,0.005859375,-1.756617122888565,-0.004725149425212294,0.22386521100997925,341.4163513183594,4070,0.3,0.0061373534,0.0003
2,200.0,9,338.1818181818182,1077,2304,470.65589408874513,0.003125,-2.1205647945404054,-0.005424118717201054,0.40576404333114624,382.05084228515625,4080,0.3,0.00267702,0.0003
2,200.0,10,370.8333333333333,1080,2560,1006.0606628417969,0.006640625,-2.041057598590851,-0.009740872448310256,0.406296968460083,645.3670654296875,4090,0.3,0.006631177,0.0003
2,200.0,11,442.14285714285717,1072,2816,1100.4173309326172,0.002734375,-1.9825404942035676,-0.0033066174015402793,0.26352113485336304,514.2223510742188,4100,0.3,0.0028421085,0.0003
2,200.0,12,448.0,1076,3072,1037.4987426757812,0.0,-1.8552318394184113,-0.0035781820421107112,0.31485337018966675,650.9967651367188,4110,0.3,0.0012668285,0.0003
3,200.0,13,458.125,1066,3328,930.1455657958984,0.0,-1.9018550217151642,-0.0043457755353301765,0.3538395166397095,725.3402099609375,4120,0.3,0.00184812,0.0003
3,200.0,14,461.1764705882353,1063,3584,618.9124160766602,0.0046875,-2.0945178866386414,-0.007830705819651484,0.2870512008666992,356.2720947265625,4130,0.3,0.0037585457,0.0003
3,200.0,15,483.6842105263158,1065,3840,972.3200759887695,0.00234375,-2.046838164329529,-0.006660056923283264,0.38295435905456543,462.3754577636719,4140,0.3,0.0037663125,0.0003
3,200.0,16,470.5,1066,4096,669.2454971313476,0.017578125,-2.1519129872322083,-0.023514196975156665,0.40715140104293823,341.84844970703125,4150,0.3,0.014808773,0.0003
4,200.0,17,462.85714285714283,1062,4352,406.36736526489256,0.003125,-1.87315691113472,0.0034214686136692764,0.23800897598266602,285.1610107421875,4160,0.3,0.004277144,0.0003
4,200.0,18,478.69565217391306,1063,4608,819.9969863891602,0.0,-2.1963737487792967,-0.0035373696591705084,0.3884459137916565,389.76922607421875,4170,0.3,0.0006973294,0.0003
4,200.0,19,492.0833333333333,1064,4864,789.208332824707,0.0046875,-2.2418014645576476,-0.008437140216119587,0.39297932386398315,309.6562805175781,4180,0.3,0.0051626638,0.0003
4,200.0,20,514.4,1063,5120,1121.0080108642578,0.0,-2.162957990169525,-0.0006706183427013457,0.15387725830078125,548.6810913085938,4190,0.3,0.0008111987,0.0003
5,200.0,21,508.46153846153845,1062,5376,972.3038345336914,0.0,-2.076897954940796,-0.0013280417304486036,0.2876654267311096,521.4542846679688,4200,0.3,0.0001976788,0.0003
5,200.0,22,471.42857142857144,1062,5632,1122.3605010986328,0.0,-1.8830810546875,-0.0025718464981764554,-0.08004939556121826,528.0870361328125,4210,0.3,0.0008088525,0.0003
5,200.0,23,471.7241379310345,1062,5888,727.9808990478516,0.0,-2.0868383049964905,-0.0034505664138123394,0.14529460668563843,490.37359619140625,4220,0.3,0.0012717617,0.0003
5,200.0,24,459.6666666666667,1062,6144,564.6429321289063,0.0,-2.1555930376052856,-0.004498733335640282,0.4091138243675232,286.6168518066406,4230,0.3,0.002762557,0.0003
6,200.0,25,450.0,1062,6400,1122.3017944335938,0.0,-2.0641709923744203,-0.0027695296797901393,0.17240095138549805,456.8055725097656,4240,0.3,0.002087327,0.0003
6,200.0,26,466.969696969697,1064,6656,780.4652618408203,0.0,-2.112932896614075,-0.0010032944963313639,0.15868574380874634,464.78350830078125,4250,0.3,0.00030811154,0.0003
6,200.0,27,467.6470588235294,1061,6912,1031.3697052001953,0.0,-2.172163116931915,-0.0026961349416524173,0.369162917137146,620.372802734375,4260,0.3,0.00031631836,0.0003
6,200.0,28,468.2857142857143,1060,7168,887.0593246459961,0.0,-2.1755483031272886,-0.0047144192503765225,0.3363425135612488,509.53619384765625,4270,0.3,0.0011573613,0.0003
7,200.0,29,475.6756756756757,1059,7424,1139.2013275146485,0.001171875,-2.2242648243904113,-0.0029943655245006084,-0.09821832180023193,702.6677856445312,4280,0.3,0.001541984,0.0003
7,200.0,30,468.42105263157896,1058,7680,912.6804321289062,0.0,-2.193444299697876,-0.002222971466835588,0.30152398347854614,619.773681640625,4290,0.3,0.00025534048,0.0003
7,200.0,31,482.56410256410254,1058,7936,1076.6378173828125,0.0,-2.1143696665763856,-0.00591706188279204,0.05034315586090088,337.11517333984375,4300,0.3,0.0020002255,0.0003
7,200.0,32,501.25,1056,8192,1014.1643920898438,0.0,-2.1481558680534363,-0.002237400214653462,0.46069902181625366,502.06805419921875,4310,0.3,0.0008661554,0.0003
7,200.0,33,507.6190476190476,1057,8448,782.5443695068359,0.0,-2.2055382132530212,-0.008020707196556032,0.44307708740234375,507.6973876953125,4320,0.3,0.003274348,0.0003
8,200.0,34,518.6046511627907,1055,8704,807.6184371948242,0.039453125,-2.1524351119995115,-0.01603066569659859,0.48451119661331177,602.5590209960938,4330,0.3,0.017893378,0.0003
8,200.0,35,518.1818181818181,1055,8960,1172.7436798095703,0.0,-2.0164393305778505,-0.0008740052115172147,0.23653292655944824,541.0350341796875,4340,0.3,0.0010400333,0.0003
8,200.0,36,555.6521739130435,1056,9216,897.7116043090821,0.0,-2.008508211374283,-0.001409268006682396,0.3152119517326355,478.4150390625,4350,0.3,0.00065157656,0.0003
8,200.0,37,562.9787234042553,1053,9472,1205.338232421875,0.0,-1.9588349044322968,-0.0018887229962274432,0.44780075550079346,777.5648193359375,4360,0.3,0.00055368175,0.0003
9,200.0,38,556.875,1050,9728,1009.3593780517579,0.00078125,-1.9889836668968202,-0.002153065870516002,0.2948005795478821,489.44671630859375,4370,0.3,0.0016610431,0.0003
9,200.0,39,566.3265306122449,1049,9984,801.090119934082,0.0,-2.051992988586426,-0.002523102308623493,0.17369818687438965,352.8312683105469,4380,0.3,0.0015858118,0.0003
9,200.0,40,582.7450980392157,1048,10240,1644.9272521972657,0.0,-2.019041919708252,-0.003644251637160778,0.2797859311103821,682.0364990234375,4390,0.3,0.00046184752,0.0003
0,200.0,1,-222.0,1324,256,723.6429565429687,0.0,-2.015280169248581,-0.002043723128736019,0.3910266160964966,393.7604064941406,4400,0.3,0.0015821699,0.0003
0,200.0,2,83.5,1181,512,332.43939781188965,0.009375,-1.8944384157657623,-0.008656279789283872,0.3514467477798462,137.67855834960938,4010,0.3,0.006127302,0.0003
0,200.0,3,353.6666666666667,1115,768,1164.4585418701172,0.001171875,-1.8686151206493378,-0.008605958824045957,0.293232262134552,519.824462890625,4020,0.3,0.0029862917,0.0003
0,200.0,4,678.8,1095,1024,922.2840301513672,0.001953125,-1.7722262561321258,-0.0071996943792328235,0.3463808298110962,309.191162109375,4030,0.3,0.003276186,0.0003
1,200.0,5,482.3333333333333,1084,1280,1290.4217163085937,0.00859375,-1.7542328178882598,-0.010523975500836969,0.3983474373817444,513.629638671875,4040,0.3,0.009733288,0.0003
1,200.0,6,404.2857142857143,1083,1536,204.4959789276123,0.065234375,-2.0188954412937163,-0.010820547048933805,0.2467561960220337,35.52574920654297,4050,0.3,0.018548299,0.0003
1,200.0,7,483.125,1074,1792,825.8124816894531,0.0,-1.4927807211875916,-0.004584919475018978,0.28999149799346924,379.84765625,4060,0.3,0.0042239567,0.0003
1,200.0,8,461.5,1074,2048,563.6668708801269,0.001953125,-1.7854316771030425,-0.006165223615244031,0.1436401605606079,225.88934326171875,4070,0.3,0.003992811,0.0003
2,200.0,9,400.27272727272725,1070,2304,886.5770477294922,0.0140625,-1.7885577738285066,-0.005675416183657944,0.2410717010498047,545.3482055664062,4080,0.3,0.004560046,0.0003
2,200.0,10,425.0833333333333,1073,2560,696.7910400390625,0.006640625,-1.7950290143489838,-0.011761293618474156,0.29119962453842163,356.8186950683594,4090,0.3,0.006952525,0.0003
2,200.0,11,554.9285714285714,1067,2816,1272.008969116211,0.0046875,-1.640818589925766,-0.011721494840458035,0.400168240070343,681.0830078125,4100,0.3,0.006715236,0.0003
2,200.0,12,516.0666666666667,1066,3072,1217.8723281860352,0.078125,-1.7942929983139038,-0.017771813157014548,0.38065528869628906,183.39402770996094,4110,0.3,0.024218578,0.0003
3,200.0,13,456.75,1061,3328,373.32399978637693,0.004296875,-1.6872063398361206,-0.006887617218308151,0.21967673301696777,157.89306640625,4120,0.3,0.0035893766,0.0003
3,200.0,14,468.47058823529414,1056,3584,490.36205863952637,0.009765625,-1.711369478702545,-0.018940244521945714,0.30719226598739624,452.9649658203125,4130,0.3,0.0055409474,0.0003
3,200.0,15,494.2105263157895,1060,3840,1002.8671600341797,0.0125,-1.7649897634983063,-0.017349994671531022,0.1853271722793579,511.4909362792969,4140,0.3,0.009482535,0.0003
3,200.0,16,455.85,1057,4096,877.1741073608398,0.00078125,-1.765983271598816,-0.015492196253035218,0.3407769799232483,419.1199645996094,4150,0.3,0.0035996516,0.0003
4,200.0,17,493.14285714285717,1058,4352,531.0187202453614,0.046875,-1.9037566125392913,-0.01647117789834738,0.46014511585235596,416.2697448730469,4160,0.3,0.015062923,0.0003
4,200.0,18,488.4782608695652,1058,4608,863.3849639892578,0.01796875,-1.7027938544750214,-0.015632842527702452,0.4515225887298584,550.7720947265625,4170,0.3,0.014670863,0.0003
4,200.0,19,487.5833333333333,1059,4864,981.4445495605469,0.006640625,-1.5595026075839997,-0.004071281780488789,0.16338878870010376,553.1917114257812,4180,0.3,0.004389995,0.0003
4,200.0,20,488.96,1058,5120,1024.6635375976562,0.005078125,-1.695857697725296,-0.00590380011126399,0.18828195333480835,268.3614501953125,4190,0.3,0.003235115,0.0003
5,200.0,21,470.3076923076923,1058,5376,608.970736694336,0.016796875,-1.571870756149292,-0.004401053173933178,0.402718186378479,386.60797119140625,4200,0.3,0.0078537315,0.0003
5,200.0,22,410.5357142857143,1058,5632,55.542114639282225,0.148046875,-1.4834184050559998,-0.0277306345757097,0.032028913497924805,26.34943389892578,4210,0.3,0.032990605,0.0003
5,200.0,23,437.2413793103448,1059,5888,319.0358173370361,0.07734375,-1.7988065600395202,-0.02052274497691542,0.4302319288253784,79.0745620727539,4220,0.3,0.03240392,0.0003
5,200.0,24,430.1,1058,6144,880.5694473266601,0.009765625,-1.6797438561916351,-0.007301840232685208,0.3895862102508545,188.65997314453125,4230,0.3,0.007059253,0.0003
6,200.0,25,419.78125,1057,6400,825.0463905334473,0.0046875,-1.8133983552455901,-0.004994109412655235,0.15885800123214722,673.5286865234375,4240,0.3,0.004381179,0.0003
6,200.0,26,396.5151515151515,1058,6656,1256.9696228027344,0.00546875,-1.5412400841712952,-0.006962071103043854,-0.09093880653381348,559.88525390625,4250,0.3,0.003353302,0.0003
6,200.0,27,400.4117647058824,1059,6912,305.1771152496338,0.0015625,-1.5867189049720765,-0.005459038983099162,-0.6889075040817261,27.569665908813477,4260,0.3,0.0024011894,0.0003
6,200.0,28,392.8,1056,7168,788.7771202087403,0.015234375,-1.7200541198253632,-0.0033205792307853697,0.19803142547607422,657.3776245117188,4270,0.3,0.0038902978,0.0003
7,200.0,29,399.18918918918916,1057,7424,1066.3331451416016,0.0,-1.6772196650505067,-0.001497597061097622,0.24657338857650757,705.5435791015625,4280,0.3,0.0004190274,0.0003
7,200.0,30,414.05263157894734,1057,7680,470.3869037628174,0.0015625,-1.733033436536789,-0.0069604480871930715,0.45722419023513794,85.6981430053711,4290,0.3,0.0019730423,0.0003
7,200.0,31,423.2564102564103,1057,7936,954.7799468994141,0.0234375,-1.7606238186359406,-0.010564658464863897,0.3246347904205322,432.9225158691406,4300,0.3,0.009953313,0.0003
7,200.0,32,431.75,1058,8192,1163.826675415039,0.051953125,-1.7010125696659089,-0.02059288725722581,0.405529260635376,656.1453857421875,4310,0.3,0.021698881,0.0003
7,200.0,33,447.7142857142857,1057,8448,893.5490341186523,0.0046875,-1.757223379611969,-0.011256594210863113,0.32789576053619385,462.85064697265625,4320,0.3,0.005503858,0.0003
8,200.0,34,463.3255813953488,1056,8704,850.0486572265625,0.002734375,-1.763479858636856,-0.007796874875202775,0.3551286458969116,357.64019775390625,4330,0.3,0.0047833137,0.0003
8,200.0,35,468.34090909090907,1055,8960,979.444790649414,0.004296875,-1.6975296497344972,-0.005188650917261839,0.5186586380004883,377.68572998046875,4340,0.3,0.0070192195,0.0003
8,200.0,36,461.4782608695652,1056,9216,829.4969604492187,0.020703125,-1.8263556599617004,-0.005083217355422676,0.32814985513687134,400.6867370605469,4350,0.3,0.0099978745,0.0003
8,200.0,37,451.6170212765957,1056,9472,267.16651611328126,0.12578125,-1.9081427812576295,-0.025974334683269262,0.3975154757499695,102.5911636352539,4360,0.3,0.037844613,0.0003
9,200.0,38,447.25,1055,9728,768.5606796264649,0.01171875,-1.848885577917099,0.005436768848448991,-0.2088017463684082,282.7801818847656,4370,0.3,0.0038545756,0.0003
9,200.0,39,454.9387755102041,1055,9984,862.0545013427734,0.027734375,-1.760596865415573,-0.008966418239288032,0.46189260482788086,581.695556640625,4380,0.3,0.008066119,0.0003
9,200.0,40,449.47058823529414,1056,10240,490.4230926513672,0.005078125,-1.4038587987422944,-0.008002896723337472,0.30190151929855347,117.30779266357422,4390,0.3,0.007550793,0.0003
0,200.0,1,-140.0,1388,256,859.1176788330079,0.048828125,-1.7734000265598298,-0.016648074612021446,0.3773288130760193,503.3841552734375,4400,0.3,0.009150433,0.0003
0,200.0,2,670.0,1194,512,282.4723159790039,0.00859375,-2.033612221479416,-0.007655176357366145,0.38243168592453003,224.41746520996094,4410,0.3,0.004591539,0.0003
0,200.0,3,703.3333333333334,1133,768,1250.6931762695312,0.0,-1.919503128528595,-0.0027051493292674423,0.49196290969848633,894.2754516601562,4420,0.3,0.0007920405,0.0003
0,200.0,4,510.0,1103,1024,545.6630432128907,0.005078125,-2.0657992601394652,-0.009019805607385934,0.4364924430847168,194.01031494140625,4430,0.3,0.008428557,0.0003
1,200.0,5,548.3333333333334,1099,1280,754.8036346435547,0.0015625,-2.020330321788788,-0.005822720960713923,-0.055755615234375,233.25579833984375,4440,0.3,0.0031832182,0.0003
1,200.0,6,508.57142857142856,1089,1536,603.160481262207,0.003515625,-1.9945050716400146,-0.005806603853125125,0.47215908765792847,143.24195861816406,4450,0.3,0.003506503,0.0003
1,200.0,7,562.5,1078,1792,841.0973281860352,0.01953125,-1.9623799681663514,-0.009700230602174998,0.3241790533065796,496.6332702636719,4460,0.3,0.01141451,0.0003
1,200.0,8,519.0,1071,2048,599.1363006591797,0.00078125,-2.03508460521698,-0.006175485206767917,0.4855775833129883,500.3592529296875,4470,0.3,0.0032254478,0.0003
2,200.0,9,566.3636363636364,1063,2304,899.2705474853516,0.013671875,-1.9534233033657074,-0.0049125682329759,0.4251737594604492,479.8263244628906,4480,0.3,0.00511453,0.0003
2,200.0,10,624.1666666666666,1059,2560,806.1752838134765,0.004296875,-2.063356137275696,-0.008306787139736116,0.46336638927459717,535.7150268554688,4490,0.3,0.0047860676,0.0003
2,200.0,11,635.0,1057,2816,1056.7539978027344,0.00546875,-1.8689115226268769,-0.006751080276444554,0.40074121952056885,546.3174438476562,4500,0.3,0.004833238,0.0003
2,200.0,12,565.3333333333334,1052,3072,839.0519332885742,0.0,-2.0129862070083617,-0.0030639700591564177,0.48388874530792236,303.4420471191406,4510,0.3,0.0007182504,0.0003
3,200.0,13,545.625,1051,3328,229.87003688812257,0.0046875,-2.1504560112953186,-0.00706241832813248,0.0494687557220459,34.71821975708008,4520,0.3,0.005857509,0.0003
3,200.0,14,510.5882352941176,1051,3584,826.7061767578125,0.019921875,-2.0041978478431703,-0.01258120492566377,-0.15319764614105225,418.1282653808594,4530,0.3,0.01104773,0.0003
3,200.0,15,542.6315789473684,1049,3840,848.8766815185547,0.0,-2.0451539754867554,-0.003315551904961467,0.4926914572715759,429.5068359375,4540,0.3,0.0010003757,0.0003
3,200.0,16,530.0,1051,4096,468.9859764099121,0.0046875,-2.1017483830451966,-0.00829251278191805,0.5110507011413574,207.82833862304688,4550,0.3,0.008888545,0.0003
4,200.0,17,535.7142857142857,1053,4352,712.1115783691406,0.0,-1.9392013192176818,-0.0028068018844351174,0.4631391763687134,325.4648742675781,4560,0.3,0.0019759664,0.0003
4,200.0,18,517.3913043478261,1052,4608,1544.4019317626953,0.0,-1.8269937455654144,0.0018057437147945166,-0.3909708261489868,722.2555541992188,4570,0.3,0.00070505356,0.0003
4,200.0,19,540.0,1052,4864,880.471713256836,0.003125,-2.032865118980408,-0.006727340957149863,0.38795357942581177,205.34950256347656,4580,0.3,0.004625586,0.0003
4,200.0,20,539.6,1055,5120,908.9357727050781,0.004296875,-2.0292720973491667,-0.0033993400633335114,0.5002336502075195,454.5578918457031,4590,0.3,0.004282275,0.0003
5,200.0,21,524.6153846153846,1051,5376,701.1579635620117,0.0,-1.8926485300064086,-0.00031369212083518503,0.23194414377212524,371.7150573730469,4600,0.3,7.670652e-05,0.0003
5,200.0,22,535.0,1049,5632,1110.9629272460938,0.0,-1.7724297046661377,-0.0026498112361878156,0.4368729591369629,716.7457275390625,4610,0.3,0.0010789228,0.0003
5,200.0,23,547.9310344827586,1051,5888,460.0017593383789,0.0,-2.1549450159072876,1.9633537158370017e-05,-0.69232177734375,226.58290100097656,4620,0.3,0.0015079319,0.0003
5,200.0,24,570.6666666666666,1050,6144,1145.9198333740235,0.0,-1.9168147206306458,-0.0012759962119162083,0.3883911371231079,450.24310302734375,4630,0.3,0.0003648987,0.0003
6,200.0,25,544.6875,1050,6400,879.9221633911133,0.003515625,-2.0215728282928467,-0.004786123707890511,0.3914927840232849,426.943115234375,4640,0.3,0.0026298775,0.0003
6,200.0,26,548.4848484848485,1051,6656,607.9421005249023,0.00703125,-1.9249332308769227,-0.005070495465770364,0.319247841835022,250.8389434814453,4650,0.3,0.0059955064,0.0003
6,200.0,27,545.8823529411765,1052,6912,1192.8989562988281,0.0,-2.0237006902694703,0.0007870908943004906,0.17562896013259888,334.1756286621094,4660,0.3,0.00066934316,0.0003
6,200.0,28,552.5714285714286,1051,7168,828.6165939331055,0.0,-1.9330842435359954,-0.0029504372272640468,0.2525132894515991,250.46759033203125,4670,0.3,0.00063185045,0.0003
7,200.0,29,554.3243243243244,1053,7424,700.516455078125,0.0015625,-1.9458736538887025,-0.0028878920478746296,0.4656371474266052,422.7987060546875,4680,0.3,0.00223241,0.0003
7,200.0,30,544.7368421052631,1050,7680,587.0195045471191,0.006640625,-2.016446113586426,-0.006460395990870893,0.46654319763183594,256.39544677734375,4690,0.3,0.004289286,0.0003
7,200.0,31,540.2564102564103,1050,7936,553.6052871704102,0.002734375,-1.9476489841938018,0.00012544674100354314,0.42850351333618164,206.78623962402344,4700,0.3,0.0018973765,0.0003
7,200.0,32,541.5,1052,8192,889.0286315917969,0.035546875,-1.876553738117218,-0.012297882745042444,0.3898528814315796,360.7828369140625,4710,0.3,0.01945946,0.0003
8,200.0,33,552.6190476190476,1051,8448,877.4420623779297,0.004296875,-1.9883154094219209,-0.004756753309629857,0.4242573380470276,492.0596923828125,4720,0.3,0.0038490975,0.0003
8,200.0,34,530.6976744186046,1051,8704,652.7044021606446,0.01484375,-1.9348972916603089,-0.011472952738404273,0.5016769170761108,414.4886169433594,4730,0.3,0.008465217,0.0003
8,200.0,35,529.3181818181819,1050,8960,920.9944763183594,0.003125,-1.7450585305690764,-0.0006731825880706311,-0.1170344352722168,359.68548583984375,4740,0.3,0.0016375552,0.0003
8,200.0,36,549.1304347826087,1050,9216,846.7821685791016,0.0,-1.903168898820877,-0.0020661076297983525,0.435130774974823,419.1251525878906,4750,0.3,0.00051018316,0.0003
9,200.0,37,541.2765957446809,1049,9472,727.6394500732422,0.0,-1.826839029788971,-0.005158460233360529,0.49105143547058105,410.13751220703125,4760,0.3,0.0029245045,0.0003
9,200.0,38,545.8333333333334,1049,9728,1071.4149536132813,0.0,-1.8664911985397339,-6.590331904590129e-05,0.004093945026397705,461.4608154296875,4770,0.3,0.001769514,0.0003
9,200.0,39,530.8163265306123,1047,9984,474.5220603942871,0.016015625,-1.7564508736133575,-0.00911006098613143,0.46689409017562866,56.543399810791016,4780,0.3,0.008117871,0.0003
9,200.0,40,521.1764705882352,1044,10240,1227.3339050292968,0.0,-1.7836889564990996,0.0018844929756596685,-2.3492376804351807,270.6948547363281,4790,0.3,0.00042566727,0.0003
0,200.0,1,1203.0,1296,256,1012.8078735351562,0.0,-1.7531948864459992,-0.0040707505075261,0.34758108854293823,513.8190307617188,4800,0.3,0.0019311605,0.0003
0,200.0,2,1174.5,1139,512,880.4124420166015,0.06171875,-1.7235791623592376,-0.02210922313388437,0.5056893229484558,594.3665771484375,4410,0.3,0.021462226,0.0003
0,200.0,3,1207.0,1087,768,1197.899954223633,0.040625,-1.6274034321308135,-0.017264271806925535,0.42084503173828125,657.8009033203125,4420,0.3,0.02211567,0.0003
0,200.0,4,999.8,1076,1024,815.7733673095703,0.03671875,-1.7469291806221008,-0.014750805078074336,0.48434972763061523,305.19219970703125,4430,0.3,0.019730402,0.0003
1,200.0,5,887.6666666666666,1030,1280,773.1830215454102,0.050390625,-1.8419991910457612,-0.015650587854906917,0.4223623275756836,323.3730163574219,4440,0.3,0.024352299,0.0003
1,200.0,6,798.7142857142857,1036,1536,1091.7876678466796,0.019921875,-1.7260474681854248,-0.011929975741077214,0.13728487491607666,404.20648193359375,4450,0.3,0.012692227,0.0003
1,200.0,7,796.0,1035,1792,510.5452255249023,0.03671875,-1.8325500190258026,-0.014727393537759781,0.45058339834213257,176.9973602294922,4460,0.3,0.019663647,0.0003
1,200.0,8,823.1,1042,2048,710.031510925293,0.012109375,-1.712555730342865,-0.010918316175229847,0.5346894264221191,236.4994354248047,4470,0.3,0.012572683,0.0003
2,200.0,9,752.1818181818181,1042,2304,1071.6803100585937,0.021875,-1.7486000835895539,-0.013404943782370537,0.35312604904174805,562.854736328125,4480,0.3,0.014784829,0.0003
2,200.0,10,770.5833333333334,1044,2560,515.0545639038086,0.02890625,-1.6517745733261109,-0.019284015521407127,0.4277108907699585,55.76746368408203,4490,0.3,0.020406935,0.0003
2,200.0,11,761.2142857142857,1048,2816,980.9356109619141,0.01328125,-1.915585196018219,-0.013478912273421883,0.38859087228775024,543.0524291992188,4500,0.3,0.018266851,0.0003
2,200.0,12,767.4666666666667,1053,3072,717.4236907958984,0.01640625,-1.8880254685878755,-0.009276173450052739,0.464874804019928,301.12518310546875,4510,0.3,0.011198505,0.0003
3,200.0,13,785.0625,1050,3328,1130.8650482177734,0.019140625,-1.9191281139850616,-0.01020637173205614,0.42672067880630493,489.90936279296875,4520,0.3,0.006558447,0.0003
3,200.0,14,795.7647058823529,1050,3584,849.1259521484375,0.0015625,-1.8755193293094634,-0.008647574950009585,0.37627696990966797,472.7208557128906,4530,0.3,0.004312589,0.0003
3,200.0,15,794.578947368421,1051,3840,1678.5031188964845,0.001171875,-1.033818292617798,-0.0015394872520118953,-0.9189450740814209,875.6874389648438,4540,0.3,0.0018706268,0.0003
3,200.0,16,744.9,1048,4096,1558.7822509765624,0.0,-1.7628856360912324,-0.004503066511824727,0.2830420732498169,430.6960754394531,4550,0.3,0.0016629477,0.0003
4,200.0,17,770.3333333333334,1048,4352,601.964274597168,0.009375,-1.1374213993549347,-0.006893118773587048,0.2647007703781128,310.6352233886719,4560,0.3,0.0047587734,0.0003
4,200.0,18,816.6521739130435,1051,4608,1046.2946319580078,0.0,-1.8579260587692261,-0.0013442454626783728,0.47162926197052,613.2068481445312,4570,0.3,0.00052213273,0.0003
4,200.0,19,830.625,1049,4864,1171.0360595703125,0.001953125,-1.8266753733158112,-0.008991104271262883,0.3929005265235901,576.2769165039062,4580,0.3,0.010024582,0.0003
4,200.0,20,819.76,1048,5120,1040.8120086669921,0.011328125,-1.8464874625205994,-0.012300586653873324,0.27182453870773315,460.5614013671875,4590,0.3,0.013411948,0.0003
5,200.0,21,798.4230769230769,1046,5376,944.4462951660156,0.011328125,-1.6942366302013396,0.0026346441358327866,0.35079050064086914,550.0984497070312,4600,0.3,0.0017920833,0.0003
5,200.0,22,852.6071428571429,1047,5632,1120.7622497558593,0.0,-1.7389819979667664,-0.003797290613874793,0.3698135018348694,633.6867065429688,4610,0.3,0.0028699383,0.0003
5,200.0,23,848.4137931034483,1050,5888,1288.3176666259765,0.0359375,-1.8792719841003418,-0.013032204657793044,0.3629681468009949,847.6983032226562,4620,0.3,0.010416592,0.0003
5,200.0,24,859.7333333333333,1049,6144,1034.0460510253906,0.0,-1.8463165044784546,-0.004458349384367466,0.33762747049331665,437.614013671875,4630,0.3,0.0026997132,0.0003
6,200.0,25,842.46875,1047,6400,957.5710052490234,0.002734375,-1.823323917388916,-0.007234803773462773,0.49452072381973267,602.6156616210938,4640,0.3,0.004753528,0.0003
6,200.0,26,833.7575757575758,1047,6656,696.1055122375489,0.053515625,-1.8638686835765839,-0.02603777344338596,0.4101102948188782,570.247314453125,4650,0.3,0.028267989,0.0003
6,200.0,27,839.1176470588235,1049,6912,805.0733169555664,0.008984375,-1.6972860515117645,-0.0063043087488040325,0.4194650650024414,403.0896911621094,4660,0.3,0.0059187785,0.0003
6,200.0,28,834.1714285714286,1047,7168,714.0078857421875,0.000390625,-1.693712204694748,-0.005939914518967271,0.466757595539093,421.9911804199219,4670,0.3,0.0058486685,0.0003
7,200.0,29,842.8918918918919,1047,7424,767.5974334716797,0.001171875,-1.7196821093559265,-0.0028624439146369696,0.39372503757476807,384.7506408691406,4680,0.3,0.0077592237,0.0003
7,200.0,30,846.2894736842105,1047,7680,1049.864938354492,0.0296875,-1.6868794739246369,-0.0077755579492077235,0.5191361904144287,568.6837768554688,4690,0.3,0.009716935,0.0003
7,200.0,31,850.6666666666666,1047,7936,610.6075271606445,0.015625,-1.6988882541656494,-0.004932924220338464,0.5249068737030029,306.9198303222656,4700,0.3,0.005430402,0.0003
7,200.0,32,830.525,1048,8192,637.0265800476075,0.019140625,-1.7217755794525147,-0.011964872246608138,0.5165563821792603,179.66334533691406,4710,0.3,0.016464317,0.0003
8,200.0,33,839.1428571428571,1048,8448,813.0399765014648,0.001953125,-1.7281821370124817,-0.005601251125335693,0.5139020681381226,529.9291381835938,4720,0.3,0.0049952725,0.0003
8,200.0,34,854.046511627907,1047,8704,690.743521118164,0.0,-1.7159187972545624,-0.0019612027856055645,0.40744948387145996,284.95343017578125,4730,0.3,0.0027118344,0.0003
8,200.0,35,855.6818181818181,1048,8960,1059.696499633789,0.0046875,-1.7229540824890137,-0.005320582631975412,0.4977172613143921,355.14776611328125,4740,0.3,0.0046267314,0.0003
8,200.0,36,865.6086956521739,1048,9216,803.8950744628906,0.010546875,-1.72357280254364,-0.006190499849617481,0.4432341456413269,315.7772216796875,4750,0.3,0.009173265,0.0003
9,200.0,37,862.0425531914893,1047,9472,1163.9361663818358,0.009375,-1.7131368100643158,-0.006310133216902614,0.4752252697944641,325.34197998046875,4760,0.3,0.0045370953,0.0003
9,200.0,38,857.5,1049,9728,643.0000267028809,0.030078125,-1.7151580929756165,-0.020235574920661747,0.5228338241577148,196.97805786132812,4770,0.3,0.031883515,0.0003
9,200.0,39,867.1428571428571,1048,9984,1159.1034912109376,0.0,-1.43429736495018,0.004933885345235467,0.36697840690612793,537.8499145507812,4780,0.3,0.006388058,0.0003
9,200.0,40,871.6666666666666,1048,10240,580.7539764404297,0.00859375,-1.641805398464203,-0.004642437887378037,0.3708570599555969,181.27450561523438,4790,0.3,0.0016874133,0.0003
0,200.0,1,40.0,1414,256,1171.0505966186524,0.00078125,-1.527818763256073,-0.004278173483908176,0.5051381587982178,425.3184509277344,4800,0.3,0.0028566413,0.0003
0,200.0,2,-60.0,1232,512,352.2308921813965,0.0015625,-1.6339869976043702,-0.0043604737729765475,0.3057226538658142,127.00019073486328,4810,0.3,0.0013841321,0.0003
0,200.0,3,-66.66666666666667,1156,768,268.54384727478026,0.011328125,-2.1624170303344727,-0.007360139605589211,0.4961967468261719,104.57006072998047,4820,0.3,0.0028968083,0.0003
0,200.0,4,384.0,1139,1024,436.22183380126955,0.01953125,-2.080503284931183,-0.012959119444712997,0.5344400405883789,306.2742919921875,4830,0.3,0.015469367,0.0003
1,200.0,5,570.0,1105,1280,1051.6040252685548,0.00625,-1.991426682472229,-0.008254152839072049,0.5623165369033813,430.9879150390625,4840,0.3,0.0033049134,0.0003
1,200.0,6,744.2857142857143,1082,1536,1105.1885620117187,0.0765625,-1.923173862695694,-0.021606892021372913,0.47797369956970215,458.09124755859375,4850,0.3,0.027870923,0.0003
1,200.0,7,741.25,1086,1792,1033.1716613769531,0.011328125,-1.9253843069076537,-0.0060034149792045355,0.5188443660736084,651.8605346679688,4860,0.3,0.0077479137,0.0003
1,200.0,8,788.0,1075,2048,724.3291046142579,0.00078125,-1.9935765445232392,-0.002601845236495137,0.283932089805603,430.86285400390625,4870,0.3,0.0036206788,0.0003
2,200.0,9,768.1818181818181,1074,2304,999.1561111450195,0.001171875,-1.9722431182861329,-0.0024434284772723914,0.5411152839660645,366.0381774902344,4880,0.3,0.0012548135,0.0003
2,200.0,10,822.5,1073,2560,746.7931762695313,0.0359375,-2.145730221271515,-0.020576423313468695,0.5581896305084229,334.0624694824219,4890,0.3,0.019904125,0.0003
2,200.0,11,819.2857142857143,1071,2816,1000.6837829589844,0.004296875,-2.026325899362564,-0.006963080179411918,0.49344968795776367,639.8050537109375,4900,0.3,0.0040980745,0.0003
2,200.0,12,868.0,1068,3072,478.24678192138674,0.00859375,-2.111673045158386,-0.010025668935850263,0.5842694640159607,261.03961181640625,4910,0.3,0.009708061,0.0003
3,200.0,13,844.375,1065,3328,887.1721405029297,0.022265625,-2.0409380078315733,-0.013322100136429071,0.5775768756866455,572.3104248046875,4920,0.3,0.013702626,0.0003
3,200.0,14,865.8823529411765,1066,3584,1085.901382446289,0.00078125,-2.1923860788345335,-0.0010546291479840875,0.23162716627120972,570.1552734375,4930,0.3,0.0013187537,0.0003
3,200.0,15,961.578947368421,1065,3840,1111.6977935791015,0.00078125,-2.0739055275917053,-0.0051993052940815685,0.5638093948364258,413.786865234375,4940,0.3,0.0016413867,0.0003
3,200.0,16,964.0,1063,4096,1079.2816436767578,0.004296875,-2.0452953338623048,-0.009002605266869069,0.5534477233886719,659.226806640625,4950,0.3,0.003837726,0.0003
4,200.0,17,896.6666666666666,1059,4352,743.1071075439453,0.0,-2.1056601643562316,0.0006790428888052702,0.33264315128326416,441.4866638183594,4960,0.3,0.0013526992,0.0003
4,200.0,18,823.9130434782609,1062,4608,306.77696189880373,0.002734375,-1.9994785964488984,-0.002325186657253653,-0.3064277172088623,153.52220153808594,4970,0.3,0.0026370094,0.0003
4,200.0,19,792.9166666666666,1058,4864,418.24890823364257,0.00234375,-2.000862330198288,-0.010144878854043781,0.3819221258163452,164.36962890625,4980,0.3,0.002947638,0.0003
4,200.0,20,812.8,1055,5120,306.2119533538818,0.001171875,-2.1017213225364686,-0.009455581801012159,0.5096635818481445,182.64923095703125,4990,0.3,0.0050516343,0.0003
5,200.0,21,831.9230769230769,1055,5376,935.7279434204102,0.029296875,-2.0505488932132723,-0.011214626440778374,0.5753225088119507,526.6085815429688,5000,0.3,0.01675879,0.0003
5,200.0,22,832.5,1053,5632,568.753628540039,0.036328125,-2.2392391204833983,-0.020788173051550986,0.6011627912521362,136.9053955078125,5010,0.3,0.015757103,0.0003
5,200.0,23,823.7931034482758,1053,5888,840.6691192626953,0.00390625,-2.0941156268119814,-0.005822539702057839,0.5130831003189087,451.0409851074219,5020,0.3,0.003799934,0.0003
5,200.0,24,856.6666666666666,1052,6144,798.4522232055664,0.00859375,-2.151685953140259,-0.011112350318580867,0.5363513231277466,387.18572998046875,5030,0.3,0.0060190163,0.0003
6,200.0,25,837.5,1050,6400,1094.256576538086,0.0265625,-2.001818358898163,-0.02290182006545365,0.4703317880630493,672.8745727539062,5040,0.3,0.02302672,0.0003
6,200.0,26,806.060606060606,1048,6656,819.7248558044433,0.008984375,-2.0492879986763,-0.009477278683334589,0.0973861813545227,92.40628814697266,5050,0.3,0.0088624135,0.0003
6,200.0,27,795.8823529411765,1049,6912,1472.9390655517577,0.0,-1.9802074611186982,-0.00014886974822729825,-0.7225003242492676,312.7640075683594,5060,0.3,0.000106907915,0.0003
6,200.0,28,785.7142857142857,1049,7168,928.3407592773438,0.0,-2.135610747337341,-0.0019054011907428503,0.3498055934906006,464.3287353515625,5070,0.3,0.00033244235,0.0003
7,200.0,29,770.2702702702703,1050,7424,646.1517517089844,0.00546875,-2.1644200325012206,-0.008761736191809177,0.2986021041870117,470.4891357421875,5080,0.3,0.007319943,0.0003
7,200.0,30,771.0526315789474,1051,7680,762.3093200683594,0.016015625,-2.287984299659729,-0.012370051071047782,0.45500749349594116,234.6105194091797,5090,0.3,0.019069139,0.0003
7,200.0,31,797.1794871794872,1051,7936,719.2898132324219,0.001171875,-2.140182542800903,-0.004139941674657166,0.45350801944732666,404.97491455078125,5100,0.3,0.003601657,0.0003
7,200.0,32,799.0,1050,8192,1090.011410522461,0.0,-2.0348369419574737,-0.00314784892834723,0.5594761371612549,536.5394287109375,5110,0.3,0.0016678737,0.0003
8,200.0,33,783.5714285714286,1051,8448,779.046891784668,0.0,-2.2006283164024354,-0.0017819068161770701,0.4430501461029053,291.6713562011719,5120,0.3,0.0012306671,0.0003
8,200.0,34,767.9069767441861,1051,8704,594.4966499328614,0.004296875,-2.2231913447380065,-0.010867982287891209,0.5076364278793335,312.5750732421875,5130,0.3,0.0028547167,0.0003
8,200.0,35,769.3181818181819,1050,8960,411.1262077331543,0.001171875,-2.3063211679458617,-0.005737774516455829,0.3181215524673462,207.47462463378906,5140,0.3,0.0014941157,0.0003
8,200.0,36,769.1304347826087,1048,9216,836.0164642333984,0.0,-2.0377996265888214,-0.004640066670253873,0.5792727470397949,359.9066467285156,5150,0.3,0.001470044,0.0003
9,200.0,37,772.3404255319149,1048,9472,460.39805908203124,0.0,-2.2364746212959288,-0.005269032996147871,0.511998176574707,212.29058837890625,5160,0.3,0.0018751409,0.0003
9,200.0,38,772.5,1048,9728,738.2767349243164,0.008203125,-2.0678806781768797,-0.006069211987778544,0.5282993316650391,388.9208679199219,5170,0.3,0.0054357788,0.0003
9,200.0,39,754.0816326530612,1050,9984,445.1596984863281,0.0296875,-2.2162952423095703,-0.01799205313436687,0.6162821054458618,238.66796875,5180,0.3,0.016313888,0.0003
9,200.0,40,751.7647058823529,1048,10240,111.60100965499878,0.096484375,-2.301057517528534,-0.027225877915043384,0.5692226886749268,80.54450225830078,5190,0.3,0.031084498,0.0003
0,200.0,1,969.0,1392,256,725.3668609619141,0.008203125,-2.1324177265167235,-0.007245636149309576,0.6072163581848145,372.3755798339844,5200,0.3,0.0057670856,0.0003
0,200.0,2,961.5,1207,512,911.4794250488281,0.023046875,-1.5675776779651642,-0.010274342936463654,0.29656946659088135,371.04718017578125,4810,0.3,0.012122509,0.0003
0,200.0,3,968.3333333333334,1175,768,842.6603240966797,0.005859375,-1.4800387024879456,-0.004770016763359308,0.4993019104003906,311.2333679199219,4820,0.3,0.0029159156,0.0003
0,200.0,4,938.2,1131,1024,1149.5158752441407,0.0234375,-1.4840628981590271,-0.00890725029166788,0.5106545686721802,690.3126220703125,4830,0.3,0.016046556,0.0003
1,200.0,5,1063.5,1107,1280,628.2866470336915,0.023828125,-1.6196453630924226,-0.009302764968015253,0.5489452481269836,319.5785217285156,4840,0.3,0.017869249,0.0003
1,200.0,6,933.2857142857143,1108,1536,984.805078125,0.019921875,-1.6223533749580383,-0.006326944380998611,0.501482367515564,481.106201171875,4850,0.3,0.0089506935,0.0003
1,200.0,7,996.0,1094,1792,1143.1096252441407,0.1453125,-1.5909561336040496,-0.018320588674396277,0.3323274850845337,655.0848388671875,4860,0.3,0.036669724,0.0003
1,200.0,8,908.7,1086,2048,814.222280883789,0.058203125,-1.5502999424934387,-0.0090968057513237,0.4473556876182556,303.3519287109375,4870,0.3,0.026817312,0.0003
2,200.0,9,981.7272727272727,1081,2304,724.2358901977539,0.007421875,-1.6227110207080842,-0.00499375001527369,0.5116123557090759,187.0938262939453,4880,0.3,0.0017544241,0.0003
2,200.0,10,997.6666666666666,1079,2560,1094.7629180908202,0.001171875,-1.5508226871490478,-0.009036621637642383,0.5409660339355469,679.4351806640625,4890,0.3,0.009412467,0.0003
2,200.0,11,875.6428571428571,1081,2816,489.28685531616213,0.00625,-1.616573989391327,-0.005057872366160154,0.46517425775527954,339.6287841796875,4900,0.3,0.011625744,0.0003
2,200.0,12,816.6,1076,3072,425.24842109680174,0.00546875,-1.6808583855628967,-0.004949485324323178,0.5297102332115173,178.59072875976562,4910,0.3,0.0043817996,0.0003
3,200.0,13,845.3125,1072,3328,472.8002250671387,0.011328125,-1.633792769908905,-0.004650890396442264,0.5789433121681213,219.01712036132812,4920,0.3,0.0074993866,0.0003
3,200.0,14,879.2352941176471,1070,3584,776.0625823974609,0.0046875,-1.6263551712036133,-0.007026139134541154,0.60155189037323,409.1913757324219,4930,0.3,0.007845693,0.0003
3,200.0,15,885.8947368421053,1068,3840,974.440087890625,0.028125,-1.574146753549576,-0.009278169390745461,0.43482524156570435,550.947021484375,4940,0.3,0.013137744,0.0003
3,200.0,16,868.8,1068,4096,903.4973815917969,0.004296875,-1.4801994621753694,-0.004362868960015476,0.4971853494644165,354.6929016113281,4950,0.3,0.006620407,0.0003
4,200.0,17,828.1904761904761,1068,4352,635.1054412841797,0.005859375,-1.5845885872840881,-0.010401736153289676,0.5428639650344849,286.486328125,4960,0.3,0.007664353,0.0003
4,200.0,18,845.3913043478261,1067,4608,551.6173149108887,0.01484375,-1.5633747816085815,-0.012089306325651705,0.41665118932724,210.2904510498047,4970,0.3,0.011555453,0.0003
4,200.0,19,849.4166666666666,1066,4864,1001.96865234375,0.013671875,-1.4679236948490142,-0.008308757469058037,0.5118513107299805,448.7658386230469,4980,0.3,0.014375068,0.0003
4,200.0,20,879.68,1065,5120,825.4762481689453,0.007421875,-1.5642525911331178,-0.008098841272294521,0.5392835140228271,413.144287109375,4990,0.3,0.0063920887,0.0003
5,200.0,21,875.6923076923077,1063,5376,789.8987747192383,0.006640625,-1.5898336052894593,-0.009009068948216736,0.5869653820991516,478.71173095703125,5000,0.3,0.005904615,0.0003
5,200.0,22,885.0714285714286,1061,5632,832.7204071044922,0.01953125,-1.6901265323162078,-0.011541791865602136,0.5667390823364258,196.93212890625,5010,0.3,0.01667066,0.0003
5,200.0,23,922.7586206896551,1061,5888,783.1115478515625,0.01171875,-1.721044021844864,-0.013846314838156104,0.3567737936973572,223.38018798828125,5020,0.3,0.012115845,0.0003
5,200.0,24,916.0666666666667,1061,6144,1023.3162971496582,0.008203125,-1.6263221621513366,-0.010150429606437684,0.5394826531410217,94.99869537353516,5030,0.3,0.008020387,0.0003
6,200.0,25,880.03125,1061,6400,273.8506979942322,0.00859375,-1.7225401818752288,-0.0087392742279917,0.5825307369232178,157.2965087890625,5040,0.3,0.0072343517,0.0003
6,200.0,26,860.6060606060606,1057,6656,849.538777923584,0.009375,-1.64035165309906,0.0002680813893675804,0.44141101837158203,398.2096252441406,5050,0.3,0.004800844,0.0003
6,200.0,27,836.4705882352941,1057,6912,548.5066062927247,0.0140625,-1.6908846616744995,-0.01049690176732838,0.38177263736724854,154.71583557128906,5060,0.3,0.006716161,0.0003
6,200.0,28,841.0285714285715,1057,7168,309.08482093811034,0.02109375,-1.751517617702484,-0.014992927596904338,0.588241696357727,138.75796508789062,5070,0.3,0.020890888,0.0003
7,200.0,29,894.5675675675676,1056,7424,768.754037475586,0.003125,-1.6418669819831848,-0.005884535983204842,0.6363915205001831,499.3503112792969,5080,0.3,0.011095519,0.0003
7,200.0,30,858.3421052631579,1056,7680,1210.4789611816407,0.021875,-1.6109330356121063,-0.014445547154173255,0.5621927380561829,531.3250732421875,5090,0.3,0.014182727,0.0003
7,200.0,31,847.2820512820513,1056,7936,604.6274230957031,0.00078125,-1.5905768811702727,-0.0011299844947643578,-0.10721933841705322,194.86056518554688,5100,0.3,0.002974703,0.0003
7,200.0,32,815.75,1057,8192,286.4102066040039,0.00078125,-1.7710858643054963,-0.0072656236588954926,0.5595324039459229,23.076583862304688,5110,0.3,0.0038306576,0.0003
7,200.0,33,814.9047619047619,1056,8448,405.2355369567871,0.005859375,-1.6537148416042329,-0.004295508889481425,0.5619113445281982,67.8253402709961,5120,0.3,0.009799374,0.0003
8,200.0,34,809.5348837209302,1055,8704,893.5315124511719,0.005859375,-1.6208118438720702,-0.00368129126727581,0.4983883500099182,288.9564514160156,5130,0.3,0.009509495,0.0003
8,200.0,35,829.8863636363636,1054,8960,793.4885971069336,0.0140625,-1.5937337338924409,-0.008277793228626252,0.6035343408584595,281.3700256347656,5140,0.3,0.008373211,0.0003
8,200.0,36,826.4130434782609,1053,9216,946.4189636230469,0.008203125,-1.5311866104602814,-0.006596873537637294,0.4388123154640198,353.065185546875,5150,0.3,0.008974278,0.0003
8,200.0,37,824.8297872340426,1054,9472,658.0363311767578,0.00546875,-1.58844997882843,-0.002368048531934619,0.5263105034828186,559.1541137695312,5160,0.3,0.002768244,0.0003
9,200.0,38,842.8541666666666,1053,9728,487.12958602905275,0.005078125,-1.6299449384212494,-0.006635677465237677,0.688567042350769,142.03538513183594,5170,0.3,0.0071962643,0.0003
9,200.0,39,859.3061224489796,1053,9984,1286.4554382324218,0.00625,-1.5319911181926726,-0.0035771097987890243,0.48215121030807495,331.3299865722656,5180,0.3,0.0069549717,0.0003
9,200.0,40,887.2941176470588,1053,10240,994.4804992675781,0.038671875,-1.5506256461143493,-0.010149543080478907,0.5184153318405151,628.2918701171875,5190,0.3,0.009795548,0.0003
0,200.0,1,780.0,1345,256,1125.7797439575195,0.008203125,-1.4886049509048462,-0.003886969154700637,0.5586178302764893,763.3081665039062,5200,0.3,0.0064875325,0.0003
0,200.0,2,1275.0,1203,512,634.6383636474609,0.000390625,-2.1160642385482786,-0.006811108556576073,0.6040259599685669,263.53070068359375,5210,0.3,0.004543772,0.0003
0,200.0,3,933.3333333333334,1147,768,841.1923965454101,0.0,-2.0907627820968626,-0.0049661940429359674,0.6187669634819031,629.3685913085938,5220,0.3,0.0018961316,0.0003
0,200.0,4,870.0,1114,1024,502.69580307006834,0.03125,-2.110211730003357,-0.01875573128927499,0.5805478692054749,269.6105041503906,5230,0.3,0.029909559,0.0003
1,200.0,5,1021.6666666666666,1098,1280,1391.8419616699218,0.00234375,-2.1934277534484865,-0.006124051217921078,-0.06785202026367188,626.0560913085938,5240,0.3,0.004117342,0.0003
1,200.0,6,1087.142857142857,1090,1536,1256.9812255859374,0.004296875,-2.1210115551948547,-0.0060198511229828,0.6008386611938477,498.6065979003906,5250,0.3,0.0016604206,0.0003
1,200.0,7,1205.0,1080,1792,831.5214111328125,0.0,-2.145902490615845,-0.006964901671744883,0.6365693807601929,202.62342834472656,5260,0.3,0.0036817014,0.0003
1,200.0,8,1189.0,1075,2048,732.0453857421875,0.0015625,-2.174985110759735,-0.006063560023903847,0.5490403175354004,543.966796875,5270,0.3,0.005256174,0.0003
2,200.0,9,1192.7272727272727,1071,2304,1054.8233917236328,0.037890625,-2.1322492361068726,-0.02012623571790755,0.5614053010940552,473.7298278808594,5280,0.3,0.02256056,0.0003
2,200.0,10,1161.6666666666667,1069,2560,659.5501159667969,0.0,-2.1606320977210998,-0.005081348214298486,0.5516983270645142,210.88397216796875,5290,0.3,0.0033843452,0.0003
2,200.0,11,1054.2857142857142,1065,2816,683.8935195922852,0.000390625,-2.1074608325958253,-0.005507551226764917,0.44051218032836914,453.5229797363281,5300,0.3,0.002021087,0.0003
2,200.0,12,975.3333333333334,1065,3072,432.16559143066405,0.00390625,-2.1324203848838805,-0.003954224544577301,0.5344861745834351,197.0323944091797,5310,0.3,0.0031980802,0.0003
3,200.0,13,993.75,1064,3328,265.3404234886169,0.0109375,-2.2447542548179626,-0.019471730035729707,0.6208579540252686,150.1490936279297,5320,0.3,0.010437166,0.0003
3,200.0,14,912.3529411764706,1064,3584,519.3726970672608,0.01484375,-2.0576675295829774,-0.0095784051110968,0.5278277397155762,299.93389892578125,5330,0.3,0.012787208,0.0003
3,200.0,15,940.5263157894736,1063,3840,706.9095474243164,0.00078125,-2.103628635406494,-0.00616395897231996,0.6524308919906616,249.4900665283203,5340,0.3,0.0034531185,0.0003
3,200.0,16,965.5,1062,4096,724.304800415039,0.0,-1.9822046279907226,-0.0013553554425016045,0.4747999310493469,447.8256530761719,5350,0.3,0.0029526046,0.0003
4,200.0,17,989.5238095238095,1061,4352,871.8272872924805,0.01328125,-2.0521202087402344,-0.01784248766489327,0.6398841142654419,394.6813049316406,5360,0.3,0.011281056,0.0003
4,200.0,18,993.9130434782609,1061,4608,742.5078628540039,0.005859375,-2.0552690088748933,-0.012408141256310045,0.6185046434402466,380.9957580566406,5370,0.3,0.011161073,0.0003
4,200.0,19,996.6666666666666,1060,4864,564.6162048339844,0.001171875,-2.098337697982788,-0.004211307689547539,0.6285817623138428,239.79795837402344,5380,0.3,0.005990591,0.0003
4,200.0,20,1035.2,1061,5120,651.3804550170898,0.02109375,-2.0047864258289336,-0.008013706235215069,0.5675066113471985,272.9266052246094,5390,0.3,0.011534164,0.0003
5,200.0,21,1063.076923076923,1060,5376,1098.6833892822265,0.0,-1.887875235080719,-0.0037232383387163282,0.5974273085594177,343.72686767578125,5400,0.3,0.002711285,0.0003
5,200.0,22,1130.7142857142858,1060,5632,1068.0289093017577,0.0,-1.865717500448227,-0.0033865445060655476,0.6153201460838318,511.3026123046875,5410,0.3,0.00072719203,0.0003
5,200.0,23,1144.8275862068965,1059,5888,1070.427978515625,0.0,-1.8944407999515533,-0.004454102809540927,0.5806892514228821,474.7348937988281,5420,0.3,0.0015222176,0.0003
5,200.0,24,1142.0,1058,6144,872.3574249267579,0.0,-1.9736879408359527,-0.0013694695197045803,0.558912456035614,434.0404357910156,5430,0.3,0.0017568977,0.0003
6,200.0,25,1130.625,1058,6400,697.7906524658204,0.0,-2.0206920504570007,-0.004145911149680615,0.6344437599182129,372.7680358886719,5440,0.3,0.0023285858,0.0003
6,200.0,26,1121.2121212121212,1058,6656,366.3286811828613,0.06953125,-2.115319287776947,-0.008629791624844074,0.7053341865539551,219.26663208007812,5450,0.3,0.04197046,0.0003
6,200.0,27,1140.8823529411766,1059,6912,1036.502944946289,0.0,-1.7267528355121613,-0.003240557725075632,0.14645296335220337,394.7872314453125,5460,0.3,0.002579634,0.0003
6,200.0,28,1144.2857142857142,1057,7168,786.3020217895507,0.006640625,-1.6860984086990356,-0.005440925853326917,0.6586982011795044,467.45001220703125,5470,0.3,0.0064033503,0.0003
7,200.0,29,1121.3513513513512,1058,7424,493.1800819396973,0.051953125,-2.1263817071914675,-0.005456438183318824,0.5098796486854553,239.6029510498047,5480,0.3,0.017886598,0.0003
7,200.0,30,1138.6842105263158,1058,7680,592.7162170410156,0.020703125,-1.9993658304214477,-0.009073773445561529,0.6665921807289124,277.87274169921875,5490,0.3,0.014877848,0.0003
7,200.0,31,1136.1538461538462,1058,7936,824.9788925170899,0.001953125,-1.8114599585533142,-0.005639894562773406,0.6250638961791992,268.935302734375,5500,0.3,0.0042595617,0.0003
7,200.0,32,1168.5,1058,8192,805.0715682983398,0.0140625,-1.7568864345550537,-0.01580537053523585,0.6570576429367065,369.7076110839844,5510,0.3,0.017694589,0.0003
7,200.0,33,1172.6190476190477,1057,8448,1210.4272186279297,0.015234375,-1.6222869634628296,-0.010772737395018338,0.6382575035095215,562.4466552734375,5520,0.3,0.012707053,0.0003
8,200.0,34,1176.7441860465117,1055,8704,393.15477142333987,0.02578125,-2.1722861170768737,-0.004388405231293291,0.5470209121704102,170.8560028076172,5530,0.3,0.014764115,0.0003
8,200.0,35,1183.409090909091,1056,8960,878.4580932617188,0.00078125,-1.94301638007164,-0.005786798801273108,0.4867701530456543,322.4974365234375,5540,0.3,0.003570066,0.0003
8,200.0,36,1220.2173913043478,1055,9216,895.0055603027344,0.0,-1.9059063136577605,-0.0022406520787626506,0.6675886511802673,555.5172729492188,5550,0.3,0.002067387,0.0003
8,200.0,37,1226.3829787234042,1055,9472,1044.5530944824218,0.00546875,-1.8995399355888367,-0.011096013919450342,0.6343607902526855,451.8493347167969,5560,0.3,0.008992291,0.0003
9,200.0,38,1235.625,1054,9728,784.7479766845703,0.006640625,-2.001891094446182,-0.012193886889144778,0.6562568545341492,434.21893310546875,5570,0.3,0.01162022,0.0003
9,200.0,39,1241.8367346938776,1054,9984,845.0292663574219,0.017578125,-1.8667671799659729,-0.012251210282556713,0.6138646602630615,461.1314392089844,5580,0.3,0.010869307,0.0003
9,200.0,40,1229.4117647058824,1054,10240,764.3287414550781,0.0,-2.0787930130958556,-0.004774001997429877,0.5834174752235413,303.4062194824219,5590,0.3,0.0032856069,0.0003
0,200.0,1,1071.0,1384,256,418.7919792175293,0.004296875,-1.9700602471828461,-0.009150258859153836,0.666316032409668,249.72189331054688,5600,0.3,0.0071759867,0.0003
0,200.0,2,747.5,1195,512,1154.2438232421875,0.0,-1.5687331318855287,-0.0020311373751610517,0.3736613392829895,491.5885925292969,5210,0.3,0.0017125125,0.0003
0,200.0,3,745.0,1123,768,479.92713623046876,0.000390625,-1.6494098126888275,-0.004628576966933906,0.4638408422470093,285.34283447265625,5220,0.3,0.0014727465,0.0003
0,200.0,4,737.2,1104,1024,682.0259231567383,0.01015625,-1.526845681667328,-0.004647029633633793,0.6109691262245178,411.4034423828125,5230,0.3,0.003748205,0.0003
1,200.0,5,802.8333333333334,1080,1280,444.78603134155276,0.030859375,-1.7063177525997162,-0.009147547604516148,0.6201483607292175,306.97802734375,5240,0.3,0.0077563887,0.0003
1,200.0,6,796.7142857142857,1076,1536,799.2598937988281,0.044921875,-1.5805459439754486,-0.01419201132375747,0.611526370048523,578.8016967773438,5250,0.3,0.027460985,0.0003
1,200.0,7,820.625,1074,1792,548.2776077270507,0.032421875,-1.6067818522453308,-0.010108348680660129,0.6378882527351379,295.8050842285156,5260,0.3,0.01948112,0.0003
1,200.0,8,710.8,1077,2048,634.6513214111328,0.000390625,-1.4653044998645783,-0.0029033883358351885,0.6275972723960876,417.48175048828125,5270,0.3,0.0040031653,0.0003
2,200.0,9,800.5454545454545,1071,2304,105.46680886745453,0.03203125,-1.4542254567146302,-0.008503941493108869,0.5332249402999878,5.215062141418457,5280,0.3,0.013356978,0.0003
2,200.0,10,875.5,1070,2560,1227.8038330078125,0.014453125,-1.2960070371627808,-0.002111699804663658,0.6057806015014648,821.6656494140625,5290,0.3,0.007399811,0.0003
2,200.0,11,976.2857142857143,1067,2816,785.5919372558594,0.003125,-1.2977152168750763,-0.006702446908457204,0.5761353969573975,328.822265625,5300,0.3,0.007447277,0.0003
2,200.0,12,948.4666666666667,1065,3072,1004.1999877929687,0.007421875,-1.2730023443698884,-0.006961560156196356,0.5262249708175659,493.63165283203125,5310,0.3,0.006389492,0.0003
3,200.0,13,1005.875,1063,3328,492.0397212982178,0.07109375,-1.4100758969783782,-0.014616735908202828,0.6323497891426086,170.47982788085938,5320,0.3,0.040617906,0.0003
3,200.0,14,1014.5882352941177,1062,3584,1121.770037841797,0.002734375,-1.2811512231826783,-0.003988923947326839,0.5668599605560303,496.6993103027344,5330,0.3,0.009021349,0.0003
3,200.0,15,1042.9473684210527,1060,3840,1144.9836822509765,0.001953125,-1.2000227332115174,-0.005103748524561524,0.42437928915023804,558.7481079101562,5340,0.3,0.0025691586,0.0003
3,200.0,16,941.7,1060,4096,487.1636047363281,0.01015625,-1.3004611611366272,-0.010589014971628785,0.6651760339736938,263.20294189453125,5350,0.3,0.0055699297,0.0003
4,200.0,17,978.5238095238095,1058,4352,790.2900955200196,0.000390625,-1.2802572906017304,-0.0017235355684533716,0.38810020685195923,386.0614013671875,5360,0.3,0.0016660376,0.0003
4,200.0,18,1028.7391304347825,1056,4608,796.914697265625,0.011328125,-1.3205810904502868,-0.011097856191918254,0.632559597492218,394.6114196777344,5370,0.3,0.008903414,0.0003
4,200.0,19,995.2916666666666,1055,4864,971.7450805664063,0.004296875,-1.3375640094280243,-0.004069004347547889,0.5856693983078003,464.5657043457031,5380,0.3,0.0026624212,0.0003
4,200.0,20,1020.76,1055,5120,620.6251770019531,0.0203125,-1.346671324968338,-0.008345684339292347,0.5224291086196899,297.9997253417969,5390,0.3,0.016773283,0.0003
5,200.0,21,1005.6538461538462,1054,5376,951.2248779296875,0.027734375,-1.384345042705536,-0.00888637185562402,0.4503518342971802,375.9625549316406,5400,0.3,0.012426568,0.0003
5,200.0,22,988.7857142857143,1054,5632,534.1479736328125,0.003515625,-1.499774122238159,-0.004700384638272226,0.6447725296020508,169.01617431640625,5410,0.3,0.0057758763,0.0003
5,200.0,23,1012.3103448275862,1053,5888,726.9740142822266,0.008984375,-1.3979292273521424,-0.007215137244202197,0.5802714228630066,293.3892517089844,5420,0.3,0.004707898,0.0003
5,200.0,24,1010.0,1052,6144,914.4590469360352,0.003515625,-1.4080420136451721,-0.0027867882512509824,0.5893058180809021,307.53570556640625,5430,0.3,0.001962255,0.0003
6,200.0,25,994.15625,1052,6400,508.4867828369141,0.034765625,-1.4445265710353852,-0.012743193097412587,0.6870607137680054,277.2568359375,5440,0.3,0.023431584,0.0003
6,200.0,26,973.1212121212121,1051,6656,621.5360916137695,0.022265625,-1.4011476159095764,-0.0029246375896036627,0.5663290023803711,321.0590515136719,5450,0.3,0.011673883,0.0003
6,200.0,27,988.4705882352941,1052,6912,559.8135864257813,0.005859375,-1.4529037415981292,-0.00409332625567913,0.6045067310333252,336.92584228515625,5460,0.3,0.003267973,0.0003
6,200.0,28,962.6857142857143,1052,7168,427.8241455078125,0.0140625,-1.4598121702671052,-0.008311148919165134,0.6436053514480591,138.7766876220703,5470,0.3,0.009990262,0.0003
7,200.0,29,979.8648648648649,1052,7424,648.1713851928711,0.002734375,-1.4332680583000184,-0.0022290804627118632,0.5319212675094604,220.01467895507812,5480,0.3,0.006440874,0.0003
7,200.0,30,973.078947368421,1050,7680,814.1143096923828,0.001953125,-1.3755014657974243,-0.002503483445616439,0.6114609837532043,187.3668975830078,5490,0.3,0.0024282462,0.0003
7,200.0,31,956.974358974359,1051,7936,473.3032901763916,0.00703125,-1.4289134383201598,-0.004693062207661569,0.57701176404953,254.0336151123047,5500,0.3,0.010112656,0.0003
7,200.0,32,980.4,1051,8192,618.3402305603028,0.040234375,-1.3301504313945771,-0.011268190201371908,0.717480480670929,290.0329895019531,5510,0.3,0.0289554,0.0003
8,200.0,33,1004.952380952381,1050,8448,1277.558401489258,0.05859375,-1.4339109778404235,-0.01564459642395377,0.43381279706954956,467.2669677734375,5520,0.3,0.063242376,0.0003
8,200.0,34,1010.7906976744187,1049,8704,839.9155181884765,0.031640625,-1.4605559587478638,-0.02041918959002942,0.4126976728439331,258.4529113769531,5530,0.3,0.036666565,0.0003
8,200.0,35,1000.7727272727273,1047,8960,564.816357421875,0.04765625,-1.3353515148162842,-0.007677667611278594,0.5812356472015381,129.0047149658203,5540,0.3,0.008219272,0.0003
8,200.0,36,1035.9782608695652,1045,9216,1012.9885009765625,0.0078125,-1.3770160377025604,-0.00647366619668901,0.584190845489502,595.7923583984375,5550,0.3,0.0068018185,0.0003
9,200.0,37,1050.276595744681,1043,9472,748.8225448608398,0.007421875,-1.2942346572875976,-0.005122201284393668,0.6661338210105896,333.57635498046875,5560,0.3,0.005970001,0.0003
9,200.0,38,1053.8541666666667,1042,9728,782.2789535522461,0.02734375,-1.3328038096427917,-0.007813401613384485,0.6620217561721802,334.28643798828125,5570,0.3,0.013552396,0.0003
9,200.0,39,1046.4489795918366,1042,9984,573.3619537353516,0.01796875,-1.4065497994422913,-0.0070732417749241,0.6343773603439331,288.7208251953125,5580,0.3,0.011221813,0.0003
9,200.0,40,1034.686274509804,1042,10240,241.4117004394531,0.020703125,-1.354123991727829,-0.007882502570282668,0.6361628770828247,141.20306396484375,5590,0.3,0.011298288,0.0003
0,200.0,1,2550.0,1315,256,762.0951049804687,0.020703125,-1.2896276473999024,-0.008465549116954208,0.6589250564575195,438.10064697265625,5600,0.3,0.008304753,0.0003
0,200.0,2,1580.0,1152,512,935.60859375,0.0,-1.8397609174251557,-0.007008467824198306,0.6601535081863403,495.3404846191406,5610,0.3,0.0037202802,0.0003
0,200.0,3,1576.6666666666667,1091,768,603.3811279296875,0.008984375,-1.7359439432621002,-0.01596458600834012,0.7029851675033569,319.1157531738281,5620,0.3,0.008594021,0.0003
0,200.0,4,1468.0,1064,1024,500.1631576538086,0.005859375,-1.8292431116104126,-0.012159577803686261,0.6758996248245239,270.65679931640625,5630,0.3,0.016072202,0.0003
1,200.0,5,1558.3333333333333,1034,1280,658.3502182006836,0.01015625,-1.929336851835251,-0.005077249743044377,0.6934674382209778,289.170166015625,5640,0.3,0.0077077216,0.0003
1,200.0,6,1521.4285714285713,1028,1536,753.6947326660156,0.01484375,-1.8977716326713563,-0.007791974069550634,0.7090542316436768,592.3948364257812,5650,0.3,0.013229448,0.0003
1,200.0,7,1462.5,1025,1792,581.1463195800782,0.012890625,-1.9860056817531586,-0.008360217441804707,0.6719880104064941,146.6066131591797,5660,0.3,0.011122622,0.0003
1,200.0,8,1410.0,1030,2048,602.8465545654296,0.026953125,-1.9200290620326996,-0.014538681600242853,0.6949176788330078,424.27325439453125,5670,0.3,0.020147605,0.0003
2,200.0,9,1380.909090909091,1031,2304,392.5559112548828,0.011328125,-1.9020663917064666,-0.007699493737891317,0.7048689126968384,137.14837646484375,5680,0.3,0.010182325,0.0003
2,200.0,10,1340.8333333333333,1033,2560,863.6245223999024,0.005859375,-1.829543161392212,-0.0036881410516798495,0.3493276834487915,233.5846710205078,5690,0.3,0.0064041046,0.0003
2,200.0,11,1332.857142857143,1032,2816,823.7053421020507,0.0,-1.8732076466083527,-0.002340719755738974,0.6301668882369995,228.95083618164062,5700,0.3,0.0007552474,0.0003
2,200.0,12,1253.3333333333333,1035,3072,523.3695205688476,0.00625,-1.8823596358299255,-0.012972594751045109,0.6607084274291992,294.9454345703125,5710,0.3,0.013465929,0.0003
3,200.0,13,1285.625,1036,3328,672.6879180908203,0.016015625,-1.7736465990543366,-0.013701718440279365,0.5689640045166016,364.1226501464844,5720,0.3,0.01092474,0.0003
3,200.0,14,1271.764705882353,1039,3584,542.0341873168945,0.015234375,-1.9366496980190278,-0.01502582230605185,0.7120311260223389,318.764404296875,5730,0.3,0.017189514,0.0003
3,200.0,15,1285.2631578947369,1039,3840,630.9486022949219,0.00546875,-1.9341122567653657,-0.008008427312597632,0.7008241415023804,322.4671936035156,5740,0.3,0.008504539,0.0003
3,200.0,16,1273.5,1042,4096,516.2478820800782,0.003125,-1.9684561371803284,-0.008940543548669666,0.6682443022727966,317.58636474609375,5750,0.3,0.008403586,0.0003
4,200.0,17,1234.7619047619048,1042,4352,1196.2203033447265,0.0,-1.976499217748642,-0.0018064712174236774,0.19564580917358398,487.89154052734375,5760,0.3,0.0015754343,0.0003
4,200.0,18,1190.0,1043,4608,323.52990951538084,0.00703125,-1.9264672458171845,-0.00991840020287782,0.6937553882598877,180.86805725097656,5770,0.3,0.011294736,0.0003
4,200.0,19,1194.1666666666667,1046,4864,417.4230125427246,0.019921875,-1.8549944818019868,-0.009300775779411196,0.6719865798950195,237.34109497070312,5780,0.3,0.018810937,0.0003
4,200.0,20,1187.6,1045,5120,509.6679168701172,0.164453125,-1.8735779881477357,-0.02291424837894738,0.6953029632568359,258.37628173828125,5790,0.3,0.041957535,0.0003
5,200.0,21,1192.3076923076924,1044,5376,518.713459777832,0.020703125,-1.876554673910141,-0.01704775202088058,0.7414571046829224,186.51820373535156,5800,0.3,0.020248104,0.0003
5,200.0,22,1226.0714285714287,1045,5632,666.7376373291015,0.030859375,-1.7740347981452942,-0.01602985830977559,0.7117071151733398,191.7827606201172,5810,0.3,0.022655942,0.0003
5,200.0,23,1211.0344827586207,1045,5888,568.4290237426758,0.0703125,-1.7358506679534913,-0.01731632649898529,0.736947774887085,380.1302490234375,5820,0.3,0.0289133,0.0003
5,200.0,24,1204.6666666666667,1045,6144,435.5683822631836,0.0203125,-1.7017723441123962,-0.009629584761569276,0.707412600517273,239.14520263671875,5830,0.3,0.009519326,0.0003
6,200.0,25,1270.9375,1040,6400,591.9018417358399,0.008203125,-1.677659374475479,-0.007887674518860877,0.7266703844070435,136.74452209472656,5840,0.3,0.010136029,0.0003
6,200.0,26,1227.5757575757575,1042,6656,823.4410049438477,0.020703125,-1.633734369277954,-0.007395446975715458,0.7368569374084473,556.8422241210938,5850,0.3,0.014749303,0.0003
6,200.0,27,1257.6470588235295,1044,6912,273.1177467346191,0.033203125,-1.7795755386352539,-0.00913577803876251,0.695378303527832,125.58035278320312,5860,0.3,0.022677291,0.0003
6,200.0,28,1259.142857142857,1043,7168,539.4461822509766,0.0,-1.7006972193717957,-0.005992505326867103,0.7587149143218994,222.33688354492188,5870,0.3,0.0060212184,0.0003
7,200.0,29,1301.081081081081,1044,7424,814.3936920166016,0.0,-1.566495430469513,-0.003696949826553464,0.7083261013031006,436.6827697753906,5880,0.3,0.003303506,0.0003
7,200.0,30,1300.7894736842106,1044,7680,628.5135009765625,0.005078125,-1.5421946465969085,-0.007778787985444069,0.7063217163085938,283.7034912109375,5890,0.3,0.005370654,0.0003
7,200.0,31,1337.948717948718,1043,7936,598.6301696777343,0.008203125,-1.5971145570278167,-0.008532280870713293,0.7329903841018677,355.2272644042969,5900,0.3,0.012688135,0.0003
7,200.0,32,1325.75,1042,8192,849.212777709961,0.0,-1.5773649156093597,-0.0006471909815445543,0.6362848281860352,276.1128845214844,5910,0.3,0.0025241675,0.0003
8,200.0,33,1347.857142857143,1044,8448,503.7376083374023,0.0,-1.5126814424991608,-0.004763455269858241,0.7316803932189941,242.9113311767578,5920,0.3,0.0048413007,0.0003
8,200.0,34,1346.046511627907,1043,8704,575.6920318603516,0.005859375,-1.5390562474727632,-0.007292252231854946,0.7385858297348022,323.18255615234375,5930,0.3,0.014250138,0.0003
8,200.0,35,1350.6818181818182,1045,8960,515.2012374877929,0.01484375,-1.62451171875,-0.007154609658755362,0.7478928565979004,254.12530517578125,5940,0.3,0.0130221285,0.0003
8,200.0,36,1358.0434782608695,1043,9216,522.9572280883789,0.01171875,-1.5089754641056061,-0.008196231070905923,0.734663724899292,163.51107788085938,5950,0.3,0.014920464,0.0003
9,200.0,37,1382.127659574468,1042,9472,574.2705261230469,0.00703125,-1.7171057105064391,-0.00127064255066216,0.7282373309135437,268.677490234375,5960,0.3,0.0037996443,0.0003
9,200.0,38,1380.2083333333333,1042,9728,719.6879333496094,0.0125,-1.5589427053928375,-0.01591263455338776,0.7457781434059143,348.2197570800781,5970,0.3,0.018898621,0.0003
9,200.0,39,1354.0816326530612,1042,9984,652.537646484375,0.002734375,-1.6695661544799805,-0.005904127098619938,0.48106688261032104,359.6932678222656,5980,0.3,0.007715485,0.0003
9,200.0,40,1329.0196078431372,1042,10240,165.92320051193238,0.002734375,-1.2900491535663605,-0.0002433833898976445,0.15297961235046387,17.769989013671875,5990,0.3,0.00138041,0.0003
0,200.0,1,2181.0,1397,256,604.351708984375,0.020703125,-1.5548739314079285,-0.005599119304679334,0.7351718544960022,222.19529724121094,6000,0.3,0.007782555,0.0003
0,200.0,2,2191.5,1208,512,866.1476013183594,0.015625,-1.2772990942001343,-0.006826297100633383,0.6662986278533936,528.0018310546875,5610,0.3,0.010440007,0.0003
0,200.0,3,2029.3333333333333,1142,768,985.7019226074219,0.001171875,-1.313494747877121,-0.004277761070989072,0.5977998971939087,476.9893493652344,5620,0.3,0.004665787,0.0003
0,200.0,4,1919.6,1120,1024,1058.317938232422,0.03359375,-1.279367446899414,-0.009148121729958802,0.6410794258117676,335.59259033203125,5630,0.3,0.020846792,0.0003
1,200.0,5,1884.5,1102,1280,881.6786315917968,0.01328125,-1.2518419444561004,-0.00524261046666652,0.5803842544555664,359.30755615234375,5640,0.3,0.002338128,0.0003
1,200.0,6,1777.0,1088,1536,835.555493927002,0.007421875,-1.5062737107276916,-0.0029165254440158606,0.524039626121521,327.6917724609375,5650,0.3,0.00316606,0.0003
1,200.0,7,1447.625,1092,1792,636.6173400878906,0.00234375,-1.5064429998397828,-0.004788448452018201,0.6572736501693726,292.333740234375,5660,0.3,0.0043338933,0.0003
1,200.0,8,1354.9,1086,2048,765.0317276000976,0.076953125,-1.5066173732280732,-0.011368686147034169,0.683574378490448,420.77508544921875,5670,0.3,0.031945795,0.0003
2,200.0,9,1303.7272727272727,1086,2304,334.32416381835935,0.00234375,-1.3734376192092896,-0.0006995349889621138,0.4413745403289795,50.089141845703125,5680,0.3,0.002297025,0.0003
2,200.0,10,1280.25,1082,2560,643.1653228759766,0.00859375,-1.4324065327644349,-0.004561442905105651,0.6869337558746338,304.3919982910156,5690,0.3,0.008121086,0.0003
2,200.0,11,1378.9285714285713,1076,2816,647.5920196533203,0.034765625,-1.4061622202396393,-0.01151101414579898,0.6835893392562866,431.79046630859375,5700,0.3,0.013678576,0.0003
2,200.0,12,1419.2,1073,3072,724.04814453125,0.020703125,-1.4398774445056914,-0.01360917636193335,0.6973827481269836,320.009521484375,5710,0.3,0.016685156,0.0003
3,200.0,13,1452.4375,1074,3328,817.610743713379,0.008203125,-1.4371313333511353,-0.013210903201252223,0.6478226780891418,484.483642578125,5720,0.3,0.009757185,0.0003
3,200.0,14,1407.8823529411766,1073,3584,1020.5168518066406,0.007421875,-1.421227514743805,-0.0018854997120797633,0.5013388991355896,451.1846923828125,5730,0.3,0.0075435992,0.0003
3,200.0,15,1516.421052631579,1074,3840,873.5003967285156,0.019140625,-1.4101810693740844,-0.008159410255029798,0.6877285242080688,216.04969787597656,5740,0.3,0.013749648,0.0003
3,200.0,16,1528.8,1072,4096,787.1794372558594,0.059375,-1.357010591030121,-0.010942119732499122,0.7188999652862549,392.6589050292969,5750,0.3,0.02283271,0.0003
4,200.0,17,1559.4285714285713,1072,4352,845.8773773193359,0.0015625,-1.4066419661045075,-0.0001573751214891672,0.6098567247390747,512.1953735351562,5760,0.3,0.0039027014,0.0003
4,200.0,18,1552.8260869565217,1070,4608,685.3601989746094,0.022265625,-1.3678253769874573,-0.008559129713103176,0.670716404914856,483.9585266113281,5770,0.3,0.012516976,0.0003
4,200.0,19,1517.3333333333333,1070,4864,745.5226623535157,0.024609375,-1.4895517945289611,-0.010121986456215381,0.6922867298126221,320.8061218261719,5780,0.3,0.01825266,0.0003
4,200.0,20,1516.84,1069,5120,1190.7917266845702,0.0,-1.242492961883545,-0.00024179015308618547,0.10151296854019165,314.83001708984375,5790,0.3,0.0030744686,0.0003
5,200.0,21,1534.8846153846155,1067,5376,601.2157211303711,0.0,-1.4578959405422212,-0.004730538441799581,0.7367240190505981,364.3023376464844,5800,0.3,0.00612366,0.0003
5,200.0,22,1537.1785714285713,1066,5632,590.7365005493164,0.002734375,-1.3375771760940551,-0.0026403107214719055,0.6053141951560974,263.43780517578125,5810,0.3,0.004761528,0.0003
5,200.0,23,1489.3793103448277,1065,5888,904.1488601684571,0.006640625,-1.3971266806125642,-0.009080931777134538,0.6884952187538147,589.341552734375,5820,0.3,0.011148779,0.0003
5,200.0,24,1489.0,1065,6144,501.4268455505371,0.005859375,-0.7323118478059769,-0.006604677811264992,0.4983171820640564,171.29136657714844,5830,0.3,0.007200706,0.0003
6,200.0,25,1480.0625,1065,6400,794.9555267333984,0.00234375,-1.3263756096363069,-0.006216987664811313,0.6831709146499634,451.5733642578125,5840,0.3,0.006930612,0.0003
6,200.0,26,1441.6363636363637,1065,6656,398.37307052612306,0.0390625,-1.4619266986846924,-0.008191265352070331,0.711633563041687,152.22384643554688,5850,0.3,0.030773144,0.0003
6,200.0,27,1453.3823529411766,1062,6912,533.1687728881836,0.037890625,-1.5447827458381653,-0.012059813889209181,0.5929522514343262,222.46298217773438,5860,0.3,0.024815189,0.0003
6,200.0,28,1412.8,1062,7168,611.7247360229492,0.03359375,-1.4791273176670074,-0.006846475088968873,0.6897150278091431,318.5079345703125,5870,0.3,0.022022957,0.0003
6,200.0,29,1414.3783783783783,1060,7424,447.6998794555664,0.0328125,-1.472247838973999,-0.008889069082215428,0.7223053574562073,85.25907897949219,5880,0.3,0.01249608,0.0003
7,200.0,30,1372.0263157894738,1061,7680,595.6695922851562,0.00703125,-1.3119245052337647,-0.009305352834053338,0.6830834150314331,126.53376770019531,5890,0.3,0.01174915,0.0003
7,200.0,31,1380.2564102564102,1059,7936,332.25683517456054,0.01484375,-1.5542923927307128,-0.006398955965414644,0.6236828565597534,115.07765197753906,5900,0.3,0.007606323,0.0003
7,200.0,32,1379.525,1054,8192,535.6860870361328,0.027734375,-1.374509370326996,-0.01605334123596549,0.7183572053909302,263.01995849609375,5910,0.3,0.019258786,0.0003
8,200.0,33,1396.595238095238,1054,8448,747.212271118164,0.000390625,-1.2327198207378387,-0.0034801220637746154,0.692969560623169,394.9444274902344,5920,0.3,0.0015818183,0.0003
8,200.0,34,1398.6511627906978,1051,8704,581.7677673339844,0.070703125,-1.3538020849227905,-0.011873605661094189,0.7668007612228394,243.4607391357422,5930,0.3,0.03676672,0.0003
8,200.0,35,1400.4545454545455,1050,8960,760.1742889404297,0.0,-1.3758993685245513,-0.0003393358550965786,0.6280617713928223,210.2017059326172,5940,0.3,0.0019834323,0.0003
8,200.0,36,1429.0869565217392,1043,9216,538.1140182495117,0.029296875,-1.3100343346595764,-0.015081698074936867,0.7032549381256104,289.00421142578125,5950,0.3,0.022684313,0.0003
9,200.0,37,1403.8510638297873,1042,9472,870.8669067382813,0.064453125,-1.3699774146080017,-0.010494968527927995,0.7263467311859131,488.17205810546875,5960,0.3,0.033234764,0.0003
9,200.0,38,1395.875,1043,9728,761.8702789306641,0.00546875,-1.5308102667331696,0.004649841354694218,0.39101898670196533,388.322265625,5970,0.3,0.0044597024,0.0003
9,200.0,39,1398.2448979591836,1042,9984,545.5507339477539,0.006640625,-1.3136704385280609,-0.010257539572194219,0.667892575263977,288.417724609375,5980,0.3,0.009801593,0.0003
9,200.0,40,1410.6274509803923,1043,10240,635.9064804077149,0.0140625,-1.5359663903713225,-0.005713510839268565,0.7454369068145752,415.3650817871094,5990,0.3,0.015046653,0.0003
0,200.0,1,970.0,1397,256,541.6619720458984,0.012890625,-1.455114883184433,-0.007909773825667798,0.7149544954299927,207.1543426513672,6000,0.3,0.0093757035,0.0003
0,200.0,2,540.0,1227,512,404.5424270629883,0.005859375,-1.6568116247653961,-0.00619528244715184,0.7400825023651123,264.36016845703125,6010,0.3,0.007135962,0.0003
0,200.0,3,843.3333333333334,1149,768,368.94491653442384,0.067578125,-1.7448498725891113,-0.022555132489651443,0.764013946056366,199.560546875,6020,0.3,0.03428457,0.0003
0,200.0,4,788.0,1136,1024,694.7762130737304,0.003515625,-1.7525133848190309,-0.011166488751769066,0.4100666642189026,211.04837036132812,6030,0.3,0.008296488,0.0003
1,200.0,5,910.0,1098,1280,271.8516429901123,0.000390625,-1.7113349318504334,-0.0032345527317374943,0.7049751281738281,157.47421264648438,6040,0.3,0.0034693603,0.0003
1,200.0,6,935.7142857142857,1087,1536,756.0253173828125,0.011328125,-1.6361316561698913,-0.006949183251708746,0.6018294095993042,302.16839599609375,6050,0.3,0.011009769,0.0003
1,200.0,7,948.75,1081,1792,458.4794982910156,0.0,-1.675637924671173,-0.004705414758063853,0.7028619050979614,172.2137908935547,6060,0.3,0.0020614457,0.0003
1,200.0,8,991.0,1076,2048,566.5526702880859,0.006640625,-1.6997743546962738,-0.008160438761115075,0.7302060723304749,298.2867126464844,6070,0.3,0.010795108,0.0003
2,200.0,9,1060.909090909091,1079,2304,419.62322387695315,0.07890625,-1.8167397320270537,-0.01915344032458961,0.7523647546768188,159.05850219726562,6080,0.3,0.024781838,0.0003
2,200.0,10,1057.5,1072,2560,568.6320770263671,0.001953125,-1.6873487651348114,-0.004673463269136846,0.752891480922699,212.8551025390625,6090,0.3,0.003438853,0.0003
2,200.0,11,1002.8571428571429,1070,2816,390.47217216491697,0.03125,-1.8696897447109222,-0.01182130358647555,0.7663271427154541,140.70074462890625,6100,0.3,0.011464225,0.0003
2,200.0,12,989.3333333333334,1070,3072,1443.875634765625,0.003125,-1.8788616597652434,-0.010066178138367831,-0.4513741731643677,341.3829040527344,6110,0.3,0.008752063,0.0003
3,200.0,13,921.25,1066,3328,1043.6749938964845,0.0,-1.913450801372528,-0.0057001408422365785,0.2853323221206665,647.5452880859375,6120,0.3,0.0022546526,0.0003
3,200.0,14,914.1176470588235,1063,3584,374.32238616943357,0.0,-1.6482528269290924,-0.0023320297012105586,0.4249001741409302,84.93982696533203,6130,0.3,0.00055999844,0.0003
3,200.0,15,894.7368421052631,1062,3840,412.6930847167969,0.028125,-1.886954528093338,-0.017245406494475903,0.6990459561347961,216.30908203125,6140,0.3,0.018776733,0.0003
3,200.0,16,891.0,1061,4096,460.0224304199219,0.007421875,-1.8352838158607483,-0.0050521859433501955,0.6512832641601562,250.67527770996094,6150,0.3,0.0028380447,0.0003
4,200.0,17,898.5714285714286,1060,4352,314.66517333984376,0.010546875,-1.9792952954769134,-0.008078289171680807,0.7892880439758301,131.0465087890625,6160,0.3,0.012395759,0.0003
4,200.0,18,970.4347826086956,1059,4608,581.5291206359864,0.00078125,-1.8178060472011566,-0.0038989834138192236,0.6807968616485596,417.20001220703125,6170,0.3,0.0035285777,0.0003
4,200.0,19,981.6666666666666,1059,4864,594.6088363647461,0.004296875,-1.7299305737018584,-0.0062776134465821086,0.7778809666633606,321.8499450683594,6180,0.3,0.008012729,0.0003
4,200.0,20,985.2,1058,5120,490.583984375,0.003125,-1.7977734208106995,-0.004520775005221367,0.7620137929916382,237.8621063232422,6190,0.3,0.0069587175,0.0003
5,200.0,21,940.0,1055,5376,260.2510326385498,0.028515625,-1.8750097393989562,-0.012060144124552608,0.7145103216171265,89.27208709716797,6200,0.3,0.011805749,0.0003
5,200.0,22,917.1428571428571,1055,5632,1630.375747680664,0.00546875,-1.9538208782672881,-0.00100625476334244,-1.1909229755401611,330.6533203125,6210,0.3,0.0065220254,0.0003
5,200.0,23,914.8275862068965,1055,5888,350.5598876953125,0.0,-1.905167818069458,-0.0029040339752100406,0.7199543714523315,167.22190856933594,6220,0.3,0.00054950034,0.0003
5,200.0,24,877.0,1058,6144,698.8711791992188,0.0,-1.7300422489643097,-0.0014763061888515949,0.30432677268981934,153.09805297851562,6230,0.3,0.00031305524,0.0003
6,200.0,25,880.625,1056,6400,542.2103210449219,0.0,-1.757475209236145,-0.005495037452783435,0.429466187953949,294.701171875,6240,0.3,0.0026262982,0.0003
6,200.0,26,861.2121212121212,1054,6656,1055.2293884277344,0.00078125,-1.62605362534523,-0.0006712617352604866,0.40710753202438354,510.56817626953125,6250,0.3,0.00072704,0.0003
6,200.0,27,880.8823529411765,1057,6912,395.94284744262694,0.0,-1.7553398966789246,-0.0018443713197484612,0.6636888980865479,202.33404541015625,6260,0.3,0.0003360468,0.0003
6,200.0,28,858.0,1054,7168,407.34571800231936,0.02265625,-1.8691962897777556,-0.008242062991485,0.7636162638664246,144.2434844970703,6270,0.3,0.0075174635,0.0003
7,200.0,29,845.6756756756756,1052,7424,159.38585109710692,0.166015625,-2.1176864743232726,-0.02099381322041154,0.7757613658905029,25.89647102355957,6280,0.3,0.025438983,0.0003
7,200.0,30,855.7894736842105,1051,7680,450.2096633911133,0.120703125,-1.847745531797409,-0.009472929197363556,0.6767884492874146,82.57437896728516,6290,0.3,0.06314772,0.0003
7,200.0,31,867.4358974358975,1050,7936,503.691960144043,0.024609375,-1.711173814535141,-0.008706538868136705,0.7477045655250549,222.02442932128906,6300,0.3,0.010674088,0.0003
7,200.0,32,860.5,1050,8192,330.31276473999026,0.012109375,-1.7714658200740814,-0.009299154859036207,0.7244263291358948,195.300537109375,6310,0.3,0.0115835,0.0003
8,200.0,33,863.5714285714286,1050,8448,531.5672119140625,0.003515625,-1.7196060359477996,-0.0042958465637639165,0.7044159173965454,194.99099731445312,6320,0.3,0.008812506,0.0003
8,200.0,34,862.7906976744187,1050,8704,619.8903686523438,0.003515625,-1.7315829753875733,-0.007563673728145659,0.31175434589385986,250.4921112060547,6330,0.3,0.005210637,0.0003
8,200.0,35,832.5,1050,8960,322.9916061401367,0.0046875,-1.7574308931827545,-0.005962459975853563,0.6944082975387573,139.18833923339844,6340,0.3,0.011856361,0.0003
8,200.0,36,843.0434782608696,1049,9216,399.8680419921875,0.0109375,-1.7927958011627196,-0.0010742449900135397,0.5777871012687683,223.30677795410156,6350,0.3,0.0059518577,0.0003
9,200.0,37,829.1489361702128,1049,9472,411.1470687866211,0.007421875,-1.7501562118530274,-0.011633138940669596,0.7744913101196289,192.59185791015625,6360,0.3,0.010657964,0.0003
9,200.0,38,858.125,1050,9728,561.6203926086425,0.0,-1.7049082338809967,-0.0033660293673165144,0.5678138732910156,170.13250732421875,6370,0.3,0.005239038,0.0003
9,200.0,39,866.9387755102041,1048,9984,501.83922882080077,0.03984375,-1.693731564283371,-0.011025220958981664,0.7998842000961304,222.73651123046875,6380,0.3,0.021625882,0.0003
9,200.0,40,863.5294117647059,1048,10240,439.0074188232422,0.00625,-1.6907119154930115,-0.007820089627057315,0.7858647704124451,69.9301986694336,6390,0.3,0.007639494,0.0003
0,200.0,1,991.0,1496,256,270.82643966674806,0.03359375,-1.721335130929947,-0.014949155785143376,0.6758608222007751,124.08629608154297,6400,0.3,0.021625679,0.0003
0,200.0,2,638.5,1171,512,419.76263427734375,0.0296875,-1.4385651111602784,-0.01634942856617272,0.7508879899978638,281.5350036621094,6010,0.3,0.020435765,0.0003
0,200.0,3,838.3333333333334,1128,768,263.5312780380249,0.012109375,-1.0977233350276947,-0.003978157555684448,0.7443065047264099,134.88677978515625,6020,0.3,0.007651737,0.0003
0,200.0,4,473.8,1131,1024,231.5297483444214,0.048828125,-1.2337007522583008,-0.00826967729954049,0.7326760292053223,16.674055099487305,6030,0.3,0.032226212,0.0003
1,200.0,5,725.8333333333334,1107,1280,234.967862701416,0.0,-1.4116360664367675,0.001443699945230037,0.5797107219696045,73.11974334716797,6040,0.3,0.003917927,0.0003
1,200.0,6,822.1428571428571,1076,1536,647.8640563964843,0.00078125,-1.2519511163234711,-0.0038428259082138537,0.7472163438796997,319.7235107421875,6050,0.3,0.004845948,0.0003
1,200.0,7,847.0,1067,1792,371.3973274230957,0.115234375,-1.4306158483028413,-0.02328613055869937,0.7888170480728149,130.11639404296875,6060,0.3,0.0450956,0.0003
1,200.0,8,977.5,1066,2048,512.8014373779297,0.026171875,-1.2690737903118134,-0.006482306844554841,0.6890174150466919,251.60926818847656,6070,0.3,0.017159801,0.0003
2,200.0,9,1000.9090909090909,1068,2304,623.6104949951172,0.0078125,-1.2553368628025054,-0.007705058052670211,0.7400356531143188,298.4178771972656,6080,0.3,0.009892837,0.0003
2,200.0,10,1015.5,1065,2560,454.974626159668,0.004296875,-1.1754278540611267,-0.002917188825085759,0.7272216081619263,237.63583374023438,6090,0.3,0.0040202904,0.0003
2,200.0,11,1098.642857142857,1065,2816,528.8646171569824,0.0140625,-1.288565492630005,-0.005033306544646621,0.753277599811554,208.3977508544922,6100,0.3,0.015720908,0.0003
2,200.0,12,1090.7333333333333,1060,3072,417.25492095947266,0.0046875,-1.3447016656398774,-0.004232311015948653,0.767463207244873,221.46920776367188,6110,0.3,0.011778866,0.0003
3,200.0,13,1112.5625,1061,3328,350.83592376708987,0.043359375,-1.3125042557716369,-0.00947049625683576,0.7949315309524536,200.69178771972656,6120,0.3,0.020845812,0.0003
3,200.0,14,1107.5882352941176,1062,3584,436.6259735107422,0.0109375,-1.3315765798091888,-0.007150086620822549,0.7783150672912598,221.81407165527344,6130,0.3,0.01075162,0.0003
3,200.0,15,1136.3684210526317,1062,3840,346.0020584106445,0.0421875,-1.3869112491607667,-0.013798888213932515,0.7933521866798401,162.21885681152344,6140,0.3,0.027113374,0.0003
3,200.0,16,1117.05,1063,4096,593.4216522216797,0.015234375,-1.1928602933883667,-0.006945003988221288,0.690930962562561,218.34194946289062,6150,0.3,0.010439066,0.0003
4,200.0,17,1073.6666666666667,1064,4352,315.9214752197266,0.039453125,-1.3571414232254029,-0.011417405144311488,0.7485512495040894,256.0205383300781,6160,0.3,0.02094919,0.0003
4,200.0,18,1127.9130434782608,1065,4608,470.47054901123045,0.0140625,-1.3662523210048676,-0.0063305643387138845,0.6904618144035339,231.2504119873047,6170,0.3,0.013856383,0.0003
4,200.0,19,1133.125,1064,4864,595.1842247009278,0.0015625,-1.1840699315071106,-0.0053518230677582325,0.7490142583847046,450.8015441894531,6180,0.3,0.0036964405,0.0003
4,200.0,20,1155.0,1064,5120,433.6698684692383,0.075,-1.2242653250694275,-0.008177206036634743,0.7877228856086731,240.97911071777344,6190,0.3,0.029880092,0.0003
5,200.0,21,1121.2307692307693,1064,5376,362.2312644958496,0.037109375,-1.0813348114490509,-0.012681538891047239,0.8097362518310547,182.138671875,6200,0.3,0.016368233,0.0003
5,200.0,22,1114.8214285714287,1063,5632,257.73048133850097,0.041015625,-0.9330036282539368,-0.00949812880717218,0.7947382926940918,141.3255615234375,6210,0.3,0.02079071,0.0003
5,200.0,23,1076.6206896551723,1065,5888,268.5030292510986,0.0328125,-1.4737754702568053,-0.012774799391627312,0.796184778213501,168.0060272216797,6220,0.3,0.009115862,0.0003
5,200.0,24,1074.8666666666666,1063,6144,304.42834281921387,0.001171875,-1.1600950062274933,-0.004601045604795217,0.7043823003768921,84.53746032714844,6230,0.3,0.0036579757,0.0003
6,200.0,25,1092.90625,1061,6400,398.30348892211913,0.0,-1.371452671289444,-0.004331617569550872,0.7620800137519836,232.42410278320312,6240,0.3,0.004024372,0.0003
6,200.0,26,1090.2121212121212,1061,6656,460.479842376709,0.008984375,-1.3580193936824798,-0.011715215165168047,0.7675853967666626,100.08062744140625,6250,0.3,0.014275651,0.0003
6,200.0,27,1106.5882352941176,1061,6912,359.0926223754883,0.091796875,-1.3436161816120147,-0.006109079858288169,0.8005924820899963,192.40420532226562,6260,0.3,0.038115047,0.0003
6,200.0,28,1110.0285714285715,1062,7168,422.75304794311523,0.0375,-1.3799406826496123,-0.014886520570144057,0.8042225241661072,281.9974060058594,6270,0.3,0.018368842,0.0003
6,200.0,29,1159.027027027027,1061,7424,480.09461822509763,0.02890625,-1.3644228875637054,-0.012694429606199265,0.8064244389533997,256.07965087890625,6280,0.3,0.01689139,0.0003
7,200.0,30,1154.842105263158,1060,7680,537.1648147583007,0.038671875,-1.2964465081691743,-0.018118256237357855,0.7787566184997559,323.4927062988281,6290,0.3,0.022875031,0.0003
7,200.0,31,1137.923076923077,1060,7936,425.02894058227537,0.033203125,-1.2094404458999635,-0.012522861920297145,0.7049087285995483,209.58529663085938,6300,0.3,0.02678228,0.0003
7,200.0,32,1158.175,1059,8192,437.6127365112305,0.005078125,-1.2192121624946595,-0.008333037281408906,0.7471989989280701,226.43312072753906,6310,0.3,0.007237076,0.0003
7,200.0,33,1178.095238095238,1060,8448,448.2052856445313,0.03046875,-1.2474005460739135,-0.009509912179782986,0.8274425864219666,197.3404541015625,6320,0.3,0.015220422,0.0003
8,200.0,34,1158.0697674418604,1059,8704,444.4352508544922,0.044921875,-1.2089716076850892,-0.011970388330519199,0.7937226295471191,179.38148498535156,6330,0.3,0.027990282,0.0003
8,200.0,35,1149.0681818181818,1060,8960,68.1937724351883,0.028515625,-1.0886877536773683,-0.002610791497863829,0.8509927988052368,3.54681396484375,6340,0.3,0.024035452,0.0003
8,200.0,36,1163.7173913043478,1058,9216,457.2189682006836,0.05,-1.1629441261291504,-0.009450667118653656,0.8057886362075806,211.00111389160156,6350,0.3,0.012398861,0.0003
8,200.0,37,1185.9787234042553,1058,9472,334.4125389099121,0.04140625,-1.2281861305236816,-0.014021722157485783,0.8152670860290527,179.82904052734375,6360,0.3,0.030524192,0.0003
9,200.0,38,1182.5833333333333,1057,9728,583.5646545410157,0.044921875,-1.138328528404236,-0.007875573716592043,0.7865209579467773,401.4283752441406,6370,0.3,0.013678625,0.0003
9,200.0,39,1197.857142857143,1058,9984,233.31627807617187,0.0328125,-1.2458044767379761,-0.007063698908314109,0.8346560001373291,134.2201690673828,6380,0.3,0.032181647,0.0003
9,200.0,40,1219.137254901961,1057,10240,443.64723510742186,0.08828125,-1.1852252960205079,-0.00839264749083668,0.8235283493995667,228.52835083007812,6390,0.3,0.033350874,0.0003
0,200.0,1,1780.0,1291,256,469.2885986328125,0.001953125,-1.1902548730373383,-0.0034074159804731606,0.7906051874160767,91.17276763916016,6400,0.3,0.0033580242,0.0003
0,200.0,2,2115.0,1171,512,486.3205810546875,0.0,-1.6621951103210448,-0.003452490922063589,0.7868926525115967,218.80307006835938,6410,0.3,0.0061410223,0.0003
0,200.0,3,2003.3333333333333,1149,768,661.3502853393554,0.0125,-1.715807443857193,-0.005296667898073792,0.7360184192657471,294.734619140625,6420,0.3,0.00785809,0.0003
0,200.0,4,1874.0,1112,1024,563.1594512939453,0.04140625,-1.6157878518104554,-0.02028338371310383,0.7938581109046936,237.08084106445312,6430,0.3,0.025245892,0.0003
1,200.0,5,1856.6666666666667,1093,1280,446.5524871826172,0.02890625,-1.6930367529392243,-0.009287683200091124,0.7643528580665588,267.6420593261719,6440,0.3,0.017252482,0.0003
1,200.0,6,1912.857142857143,1077,1536,643.1423919677734,0.005078125,-1.6985750138759612,-0.008696219231933356,0.7735809683799744,330.034912109375,6450,0.3,0.009405494,0.0003
1,200.0,7,1867.5,1063,1792,465.0266372680664,0.033984375,-1.7444604456424713,-0.008040364924818277,0.7828801870346069,315.8206481933594,6460,0.3,0.025331445,0.0003
1,200.0,8,1851.0,1053,2048,538.6363845825196,0.008984375,-1.7234958171844483,-0.000679280562326312,0.7239373922348022,201.7199249267578,6470,0.3,0.0038452786,0.0003
2,200.0,9,1797.2727272727273,1054,2304,437.98251953125,0.0078125,-1.733689194917679,-0.006946523208171129,0.7660987973213196,304.42333984375,6480,0.3,0.009238647,0.0003
2,200.0,10,1818.3333333333333,1054,2560,570.7926788330078,0.05625,-1.6975690484046937,-0.018965917313471435,0.7849557399749756,175.57017517089844,6490,0.3,0.039927408,0.0003
2,200.0,11,1847.857142857143,1054,2816,631.3266418457031,0.000390625,-1.651987886428833,-0.003901578113436699,0.7634230852127075,232.69326782226562,6500,0.3,0.006099217,0.0003
2,200.0,12,1940.0,1052,3072,483.0727294921875,0.019140625,-1.7212371289730073,-0.009916954790242016,0.7555623054504395,313.1504211425781,6510,0.3,0.01570287,0.0003
3,200.0,13,1975.0,1051,3328,768.2989349365234,0.003125,-1.5719626903533936,-0.0043648436665534975,0.7954617142677307,442.3904113769531,6520,0.3,0.009162867,0.0003
3,200.0,14,1977.6470588235295,1049,3584,651.9108840942383,0.0,-1.5209634244441985,-0.0011603954480960965,0.7334354519844055,333.985595703125,6530,0.3,0.0013042493,0.0003
3,200.0,15,1942.6315789473683,1051,3840,476.61764907836914,0.018359375,-1.5725278317928315,-0.010297671949956566,0.797073483467102,392.5223083496094,6540,0.3,0.024554323,0.0003
3,200.0,16,1922.0,1052,4096,1098.3300354003907,0.025,-1.725410383939743,-0.0002883645473048091,0.37428051233291626,364.14349365234375,6550,0.3,0.01253662,0.0003
4,200.0,17,1928.095238095238,1049,4352,705.3614227294922,0.005078125,-1.6618719696998596,-0.00497044064104557,0.7001057267189026,318.806640625,6560,0.3,0.0060381196,0.0003
4,200.0,18,1958.695652173913,1049,4608,705.442172241211,0.01796875,-1.66655575633049,-0.006252020015381277,0.7213783264160156,475.549560546875,6570,0.3,0.005306194,0.0003
4,200.0,19,1981.6666666666667,1048,4864,567.425668334961,0.013671875,-1.5516613721847534,-0.010996660869568586,0.8013842105865479,351.2108154296875,6580,0.3,0.016080875,0.0003
4,200.0,20,1984.4,1050,5120,551.9518676757813,0.0265625,-1.621792244911194,-0.005718637816607952,0.8081060647964478,142.37606811523438,6590,0.3,0.017632375,0.0003
5,200.0,21,1912.3076923076924,1047,5376,367.8479507446289,0.00078125,-1.6471326649188995,-0.003290526836644858,0.7977010011672974,107.02324676513672,6600,0.3,0.0034314012,0.0003
5,200.0,22,1873.5714285714287,1048,5632,505.6823959350586,0.028125,-1.883806538581848,-1.6438588500022888e-05,0.1580650806427002,232.23382568359375,6610,0.3,0.009340517,0.0003
5,200.0,23,1886.2068965517242,1046,5888,579.7211547851563,0.0,-1.4744290590286255,-0.002332826564088464,0.7549121975898743,385.804443359375,6620,0.3,0.001791806,0.0003
5,200.0,24,1888.6666666666667,1049,6144,568.4035217285157,0.023828125,-1.4171061396598816,-0.005085588898509741,0.7589552998542786,391.7515869140625,6630,0.3,0.016252644,0.0003
6,200.0,25,1866.5625,1045,6400,451.3761978149414,0.0296875,-1.4862138211727143,-0.006168338423594833,0.7789765000343323,181.08154296875,6640,0.3,0.014611575,0.0003
6,200.0,26,1878.1818181818182,1043,6656,500.6383743286133,0.0,-1.4932316780090331,-0.007966147223487496,0.8063927888870239,330.8776550292969,6650,0.3,0.010472801,0.0003
6,200.0,27,1882.0588235294117,1042,6912,455.2532165527344,0.025,-1.3615935504436494,-0.010242955246940254,0.8221739530563354,247.812744140625,6660,0.3,0.02136376,0.0003
6,200.0,28,1887.142857142857,1043,7168,505.5674964904785,0.010546875,-1.4963844180107118,-0.00919282907852903,0.8268861770629883,288.4105224609375,6670,0.3,0.0068290997,0.0003
7,200.0,29,1913.2432432432433,1044,7424,551.8341041564942,0.02109375,-1.4136707544326783,-0.00866880277171731,0.7727013826370239,335.2409973144531,6680,0.3,0.011884578,0.0003
7,200.0,30,1910.0,1043,7680,498.3474807739258,0.01015625,-1.4548577964305878,-0.009512345877010376,0.8189271688461304,200.73472595214844,6690,0.3,0.012646754,0.0003
7,200.0,31,1900.7692307692307,1042,7936,423.5128921508789,0.055859375,-1.5190838634967805,-0.008194550685584546,0.8105736970901489,226.86355590820312,6700,0.3,0.029873524,0.0003
7,200.0,32,1916.5,1042,8192,432.3270736694336,0.054296875,-1.3926589488983154,-0.013680718140676618,0.8283849954605103,107.79940032958984,6710,0.3,0.021807266,0.0003
8,200.0,33,1944.047619047619,1039,8448,545.5848251342774,0.051171875,-1.5227035939693452,-0.0040511343744583424,0.7773010730743408,231.2207794189453,6720,0.3,0.019205876,0.0003
8,200.0,34,1917.4418604651162,1039,8704,582.0769332885742,0.00546875,-1.4261068642139434,-0.004660843824967742,0.8078719973564148,258.1314697265625,6730,0.3,0.009544488,0.0003
8,200.0,35,1947.2727272727273,1040,8960,427.1298667907715,0.01796875,-1.6112058937549592,-0.00505251893773675,0.8058013319969177,122.85623931884766,6740,0.3,0.017448578,0.0003
8,200.0,36,1867.391304347826,1040,9216,283.37029418945315,0.115234375,-1.6458438634872437,-0.01733697282616049,0.8338658809661865,108.14176177978516,6750,0.3,0.028084256,0.0003
9,200.0,37,1891.7021276595744,1040,9472,136.48890714645387,0.090234375,-2.1044633626937865,-0.009070318657904863,0.7746903896331787,55.91981887817383,6760,0.3,0.02421804,0.0003
9,200.0,38,1895.8333333333333,1041,9728,701.6933975219727,0.0109375,-1.1623067617416383,-0.004593363893218338,0.7935907244682312,270.7566223144531,6770,0.3,0.0080525065,0.0003
9,200.0,39,1913.6734693877552,1040,9984,1100.1799362182617,0.01484375,-1.2820016503334046,-0.010310338926501572,0.5136128664016724,381.8521728515625,6780,0.3,0.008710118,0.0003
9,200.0,40,1960.0,1041,10240,615.5097930908203,0.03359375,-1.1555566012859344,-0.014795438572764396,0.819972038269043,256.95904541015625,6790,0.3,0.023545826,0.0003
0,200.0,1,1960.0,1370,256,600.6022842407226,0.018359375,-1.2840288698673248,-0.0067498366814106705,0.8116084337234497,284.7854309082031,6800,0.3,0.016051933,0.0003
0,200.0,2,2048.5,1189,512,479.46765518188477,0.013671875,-1.1913558185100555,-0.008641791949048638,0.7987536191940308,194.29432678222656,6410,0.3,0.012097516,0.0003
0,200.0,3,2344.0,1148,768,563.6138053894043,0.015625,-1.1001252055168151,-0.0065688904840499164,0.8048931360244751,259.1687927246094,6420,0.3,0.011269134,0.0003
0,200.0,4,2149.4,1127,1024,658.1673889160156,0.00546875,-0.9702297002077103,-0.005482850270345807,0.706409215927124,288.7249755859375,6430,0.3,0.005399308,0.0003
1,200.0,5,2319.8333333333335,1123,1280,457.2106399536133,0.00234375,-1.1137955069541932,-0.003899245802313089,0.8165254592895508,278.64263916015625,6440,0.3,0.0027277647,0.0003
1,200.0,6,2437.8571428571427,1106,1536,726.7952270507812,0.003125,-1.1295129477977752,-0.0017066584900021554,0.7773892283439636,301.195068359375,6450,0.3,0.0024633731,0.0003
1,200.0,7,2468.75,1105,1792,645.9287811279297,0.048046875,-1.079962831735611,-0.009178297594189644,0.8032668828964233,366.34942626953125,6460,0.3,0.023415897,0.0003
1,200.0,8,2152.4,1093,2048,161.89094858169557,0.026171875,-0.9445867121219635,-0.006229269912000746,0.8181498050689697,76.48737335205078,6470,0.3,0.021278344,0.0003
2,200.0,9,2092.3636363636365,1093,2304,390.46640701293944,0.0328125,-1.2868457913398743,-0.009759085159748793,0.8229007124900818,157.3602294921875,6480,0.3,0.021358753,0.0003
2,200.0,10,2058.3333333333335,1086,2560,341.8877716064453,0.077734375,-1.0956176340579986,-0.00802912397775799,0.8338198661804199,110.00605773925781,6490,0.3,0.018365642,0.0003
2,200.0,11,1970.0714285714287,1083,2816,261.656681060791,0.00078125,-0.922210031747818,-0.002629223465919495,0.8105542063713074,102.74512481689453,6500,0.3,0.0019249069,0.0003
2,200.0,12,2079.2,1081,3072,791.0244934082032,0.0,-1.1952963173389435,-0.0067969099152833225,0.6756421327590942,209.21958923339844,6510,0.3,0.0053416193,0.0003
3,200.0,13,2071.4375,1075,3328,787.3494918823242,0.0125,-1.1159799933433532,-0.0056357129476964475,0.7772194743156433,467.2320251464844,6520,0.3,0.011280703,0.0003
3,200.0,14,2108.176470588235,1073,3584,561.3329849243164,0.03671875,-1.1007965803146362,-0.008084805333055556,0.8076117038726807,227.0962677001953,6530,0.3,0.01830168,0.0003
3,200.0,15,1992.6842105263158,1071,3840,488.11938629150393,0.00546875,-1.0826407492160797,-0.002567827911116183,0.802011251449585,137.97137451171875,6540,0.3,0.005966348,0.0003
3,200.0,16,2038.4,1068,4096,193.65617790222169,0.00546875,-1.2572532057762147,-0.009766851691529155,0.7909675240516663,125.90926361083984,6550,0.3,0.00693224,0.0003
4,200.0,17,2044.8095238095239,1068,4352,659.4073913574218,0.01484375,-1.1558726251125335,-0.005115981213748455,0.7894495725631714,375.80926513671875,6560,0.3,0.0055948147,0.0003
4,200.0,18,2017.5652173913043,1066,4608,197.21172885894777,0.011328125,-0.9426099717617035,-0.007059771241620183,0.838505744934082,91.57266235351562,6570,0.3,0.0076356367,0.0003
4,200.0,19,1946.75,1063,4864,654.4932312011719,0.0171875,-1.0362793564796449,-0.0026732093654572965,0.7947524785995483,227.86758422851562,6580,0.3,0.010635857,0.0003
4,200.0,20,1883.8,1065,5120,266.73123092651366,0.01640625,-0.9982323855161667,-0.009884784976020456,0.76402348279953,68.9742431640625,6590,0.3,0.026423942,0.0003
5,200.0,21,1830.7692307692307,1062,5376,1395.4996765136718,0.05,-0.6813601434230805,0.006509992340579629,-0.6774499416351318,206.57232666015625,6600,0.3,0.023363689,0.0003
5,200.0,22,1874.2142857142858,1062,5632,445.2173210144043,0.00546875,-0.9600064009428024,-0.002081128116697073,0.8090587258338928,142.28805541992188,6610,0.3,0.0048540654,0.0003
5,200.0,23,1892.5862068965516,1062,5888,494.481217956543,0.046484375,-1.1410557448863983,-0.028149176063016056,0.8315058946609497,171.2601318359375,6620,0.3,0.026337996,0.0003
5,200.0,24,1911.3,1061,6144,489.02367401123047,0.032421875,-1.0601797968149185,-0.008195242704823613,0.8264410495758057,277.57354736328125,6630,0.3,0.026837977,0.0003
6,200.0,25,1922.9375,1060,6400,566.23955078125,0.0015625,-1.0654968440532684,-0.004260314884595573,0.811313271522522,247.48643493652344,6640,0.3,0.007155308,0.0003
6,200.0,26,1945.3636363636363,1063,6656,460.70255584716796,0.014453125,-1.1089127242565155,-0.0041720951208844784,0.7873654365539551,202.6147918701172,6650,0.3,0.013860111,0.0003
6,200.0,27,1939.735294117647,1061,6912,514.9801940917969,0.00390625,-1.1121517956256866,-0.003785739978775382,0.8290289044380188,223.41653442382812,6660,0.3,0.0028959683,0.0003
6,200.0,28,1946.942857142857,1060,7168,402.0761405944824,0.0453125,-1.184015166759491,-0.011155083368066698,0.823877215385437,259.0853576660156,6670,0.3,0.026728477,0.0003
6,200.0,29,1889.5675675675675,1061,7424,523.6729461669922,0.053125,-1.03846518099308,-0.014613792044110596,0.8128240704536438,298.11492919921875,6680,0.3,0.020333342,0.0003
7,200.0,30,1840.8684210526317,1062,7680,87.03526148796081,0.04921875,-1.401086574792862,-0.014277628308627754,0.8279098272323608,67.7845230102539,6690,0.3,0.030784536,0.0003
7,200.0,31,1836.2307692307693,1060,7936,1001.0338165283204,0.035546875,-1.1475440680980682,0.00533614419400692,0.2769153118133545,389.02142333984375,6700,0.3,0.0077264803,0.0003
7,200.0,32,1850.2,1060,8192,480.0462448120117,0.041015625,-1.0032528817653656,-0.017334456136450172,0.7920086979866028,183.13902282714844,6710,0.3,0.028333172,0.0003
7,200.0,33,1781.8095238095239,1060,8448,483.4081237792969,0.021484375,-1.073461639881134,-0.0073211815441027285,0.8153836131095886,264.3489074707031,6720,0.3,0.010177719,0.0003
8,200.0,34,1796.3255813953488,1059,8704,91.52598547935486,0.109765625,-1.3315245926380157,-0.008660553442314266,0.7702982425689697,39.85052490234375,6730,0.3,0.022312805,0.0003
8,200.0,35,1816.2954545454545,1059,8960,641.9838394165039,0.019921875,-0.9948506712913513,-0.006640567583963275,0.7976411581039429,448.16571044921875,6740,0.3,0.010422103,0.0003
8,200.0,36,1812.891304347826,1058,9216,348.59305267333986,0.11171875,-1.204438751935959,-0.014575439249165356,0.8308634161949158,166.90806579589844,6750,0.3,0.0447567,0.0003
8,200.0,37,1770.3191489361702,1058,9472,452.6720855712891,0.04140625,-1.1669216275215148,-0.009102729323785752,0.8360483050346375,235.4634246826172,6760,0.3,0.018231994,0.0003
9,200.0,38,1788.0416666666667,1058,9728,153.07964859008788,0.0984375,-1.3319424867630005,-0.013125932216644287,0.8242920637130737,47.82333755493164,6770,0.3,0.027927246,0.0003
9,200.0,39,1810.2244897959183,1058,9984,577.6725494384766,0.01015625,-1.0082338750362396,-0.006780571187846363,0.8357231616973877,172.2960205078125,6780,0.3,0.012696861,0.0003
9,200.0,40,1827.764705882353,1056,10240,468.6158981323242,0.016015625,-0.9885446012020112,-0.005813923291862011,0.8365225791931152,193.89462280273438,6790,0.3,0.010097069,0.0003
0,200.0,1,2910.0,1399,256,419.6299507141113,0.019140625,-1.0230361491441726,-0.007493754825554788,0.8414319157600403,230.62420654296875,6800,0.3,0.01386437,0.0003
0,200.0,2,2360.0,1163,512,658.4533767700195,0.007421875,-1.185965746641159,-0.008712718077003957,0.7862958908081055,293.2093811035156,6810,0.3,0.011413676,0.0003
0,200.0,3,2396.6666666666665,1150,768,482.9153564453125,0.005078125,-1.2882650256156922,-0.0059983568964526056,0.7784378528594971,223.75656127929688,6820,0.3,0.004150199,0.0003
0,200.0,4,2490.0,1116,1024,646.5249435424805,0.023046875,-1.2295847117900849,-0.008557656011544169,0.8100602626800537,350.47314453125,6830,0.3,0.025275793,0.0003
1,200.0,5,2170.0,1113,1280,479.7697494506836,0.12421875,-1.3611492693424225,-0.020668697357177735,0.8259438276290894,181.34156799316406,6840,0.3,0.031184264,0.0003
1,200.0,6,2187.1428571428573,1070,1536,259.06335945129393,0.050390625,-1.442962884902954,-0.012087694043293596,0.8542519211769104,130.51132202148438,6850,0.3,0.022378396,0.0003
1,200.0,7,1957.5,1064,1792,299.08582916259763,0.15078125,-1.3120834529399872,-0.020671333512291314,0.833061695098877,179.8517608642578,6860,0.3,0.066782646,0.0003
1,200.0,8,1966.0,1065,2048,408.5841979980469,0.083984375,-1.4033904790878295,-0.009367434773594141,0.8122807741165161,248.6898193359375,6870,0.3,0.01710681,0.0003
2,200.0,9,1837.2727272727273,1068,2304,423.66563568115237,0.01015625,-1.2605425238609314,-0.005405197385698557,0.7965291738510132,217.69747924804688,6880,0.3,0.005292371,0.0003
2,200.0,10,1790.0,1069,2560,384.3656036376953,0.001953125,-1.2692711174488067,-0.0009531273506581783,0.6007047891616821,166.61790466308594,6890,0.3,0.0009519765,0.0003
2,200.0,11,1662.142857142857,1065,2816,543.0476577758789,0.005078125,-1.2171612620353698,-0.007896709907799958,0.7183202505111694,296.0157165527344,6900,0.3,0.009084899,0.0003
2,200.0,12,1652.0,1070,3072,195.64891815185547,0.0109375,-1.178127944469452,-0.0028337640047539025,0.8047593235969543,120.77457427978516,6910,0.3,0.009205539,0.0003
3,200.0,13,1675.625,1067,3328,386.18777618408205,0.005859375,-1.3422715425491334,-0.00661825523711741,0.8338404893875122,220.99261474609375,6920,0.3,0.0076283915,0.0003
3,200.0,14,1651.1764705882354,1068,3584,393.53396072387693,0.096484375,-1.3034681260585785,-0.011232401197776198,0.8457016944885254,205.5131072998047,6930,0.3,0.02532313,0.0003
3,200.0,15,1524.2105263157894,1067,3840,118.93623013496399,0.028515625,-1.342254990339279,-0.004528330406174064,0.809443473815918,45.13257598876953,6940,0.3,0.019012064,0.0003
3,200.0,16,1426.5,1064,4096,314.42001419067384,0.041015625,-1.5136982858181,-0.004435666184872389,0.6888580918312073,80.58236694335938,6950,0.3,0.013555793,0.0003
4,200.0,17,1370.952380952381,1060,4352,124.21564569473267,0.045703125,-1.8888729155063628,-0.009770876402035356,0.7185307741165161,68.93096160888672,6960,0.3,0.016977306,0.0003
4,200.0,18,1376.9565217391305,1058,4608,221.3708595275879,0.03046875,-1.492936259508133,-0.003430581884458661,0.8358595371246338,94.4129638671875,6970,0.3,0.020744342,0.0003
4,200.0,19,1385.0,1059,4864,398.9327651977539,0.01953125,-1.2986788868904113,-0.004684308380819857,0.8075783252716064,140.49609375,6980,0.3,0.009694926,0.0003
4,200.0,20,1352.0,1062,5120,309.8018714904785,0.01796875,-1.2873653829097749,-0.007112414808943868,0.8447808623313904,146.1352996826172,6990,0.3,0.00760285,0.0003
5,200.0,21,1312.3076923076924,1060,5376,214.80511627197265,0.034765625,-1.562423825263977,-0.00921571624930948,0.7844280004501343,112.38468170166016,7000,0.3,0.017904997,0.0003
5,200.0,22,1306.7857142857142,1060,5632,420.71852684020996,0.068359375,-1.7975267887115478,-0.011508104472886771,0.5429759621620178,35.708580017089844,7010,0.3,0.037223235,0.0003
5,200.0,23,1305.8620689655172,1058,5888,530.5319442749023,0.03828125,-1.5533056020736695,-0.0052996932994574305,0.7222834825515747,235.4357452392578,7020,0.3,0.014869498,0.0003
5,200.0,24,1298.0,1059,6144,394.97403182983396,0.004296875,-1.5296918511390687,-0.0068060251418501135,0.8260726928710938,206.1937713623047,7030,0.3,0.008130679,0.0003
6,200.0,25,1263.75,1057,6400,237.41265792846679,0.019140625,-1.5670211672782899,-0.0103149309521541,0.8181352615356445,106.74325561523438,7040,0.3,0.018664734,0.0003
6,200.0,26,1286.3636363636363,1056,6656,235.0438087463379,0.0,-1.6121290385723115,-0.00023883646354079248,0.7826462388038635,141.45362854003906,7050,0.3,0.004353822,0.0003
6,200.0,27,1307.9411764705883,1057,6912,370.85897903442384,0.07109375,-1.482103157043457,-0.02185918455943465,0.8298237919807434,287.5881652832031,7060,0.3,0.032532558,0.0003
6,200.0,28,1266.0,1058,7168,626.6806144714355,0.00390625,-1.666509735584259,-0.0021870752330869435,0.6958740949630737,396.8479309082031,7070,0.3,0.0065731183,0.0003
7,200.0,29,1273.7837837837837,1057,7424,174.13965167999268,0.055859375,-1.7211833477020264,-0.010452354419976473,0.8660078644752502,74.54936981201172,7080,0.3,0.03113743,0.0003
7,200.0,30,1267.6315789473683,1058,7680,305.4342628479004,0.0453125,-1.7958211183547974,-0.01987802959047258,0.8368078470230103,86.72815704345703,7090,0.3,0.020832457,0.0003
7,200.0,31,1260.7692307692307,1057,7936,259.1818786621094,0.106640625,-1.9128855049610138,-0.020107820513658226,0.8284100294113159,132.09640502929688,7100,0.3,0.039957117,0.0003
7,200.0,32,1248.0,1057,8192,1319.6394744873046,0.0,-1.7135839581489563,0.0028775599785149097,0.16150224208831787,407.7356872558594,7110,0.3,0.0027880976,0.0003
7,200.0,33,1255.0,1057,8448,533.5065048217773,0.003515625,-1.8226316630840302,-0.006338714563753456,0.7372444868087769,326.5946044921875,7120,0.3,0.0038339933,0.0003
8,200.0,34,1266.2790697674418,1057,8704,360.72857971191405,0.000390625,-1.8446125090122223,-0.0026975348824635147,0.7976802587509155,169.4403076171875,7130,0.3,0.001742838,0.0003
8,200.0,35,1271.590909090909,1057,8960,554.3460891723632,0.00625,-1.731012487411499,-0.006243418762460351,0.7547418475151062,243.82017517089844,7140,0.3,0.0038143105,0.0003
8,200.0,36,1265.6521739130435,1056,9216,280.2061058044434,0.010546875,-1.8921221256256104,-0.010902240546420217,0.8507250547409058,163.4564971923828,7150,0.3,0.012120916,0.0003
8,200.0,37,1260.8510638297873,1057,9472,259.589037322998,0.000390625,-1.8656655192375182,-0.0020542271551676093,0.835294783115387,124.5483169555664,7160,0.3,0.0047767293,0.0003
9,200.0,38,1266.0416666666667,1058,9728,301.6829238891602,0.024609375,-1.7829693734645844,-0.010650839819572867,0.8254674673080444,167.64231872558594,7170,0.3,0.016257491,0.0003
9,200.0,39,1233.469387755102,1057,9984,461.4130569458008,0.0,-1.6317303776741028,-0.0006803645752370358,0.5680223703384399,112.3786849975586,7180,0.3,0.002852079,0.0003
9,200.0,40,1239.6078431372548,1056,10240,245.26695404052734,0.003515625,-1.5811968624591828,-0.006634031189605594,0.8663325905799866,86.26419067382812,7190,0.3,0.0061807563,0.0003
0,200.0,1,981.0,1359,256,307.41384201049806,0.0078125,-1.7615382015705108,-0.004256176832132042,0.8027371168136597,156.6894989013672,7200,0.3,0.0066976184,0.0003
0,200.0,2,1206.5,1224,512,275.67602157592773,0.02109375,-1.0932486414909364,-0.009652366722002625,0.8362635374069214,169.96351623535156,6810,0.3,0.017054778,0.0003
0,200.0,3,1226.3333333333333,1139,768,285.0767063140869,0.00859375,-1.1115960419178008,-0.006655389536172151,0.8568857312202454,66.4911880493164,6820,0.3,0.009083191,0.0003
0,200.0,4,1283.8,1123,1024,328.939070892334,0.0,-1.1014278769493102,0.0016625933116301895,0.7957712411880493,120.44969177246094,6830,0.3,0.0023176838,0.0003
1,200.0,5,1199.1666666666667,1116,1280,340.30602264404297,0.0296875,-1.1271954238414765,-0.010327555378898979,0.8015154600143433,114.21289825439453,6840,0.3,0.019879235,0.0003
1,200.0,6,1237.142857142857,1108,1536,227.71655616760253,0.003515625,-1.1065708696842194,-0.003172973351320252,0.8166466355323792,138.3658905029297,6850,0.3,0.002373109,0.0003
1,200.0,7,1237.0,1093,1792,340.2773773193359,0.078125,-1.1375240862369538,-0.00964753613807261,0.8491610884666443,90.81736755371094,6860,0.3,0.034142047,0.0003
1,200.0,8,1347.4,1089,2048,298.0565612792969,0.066796875,-1.1623079240322114,-0.017938259337097407,0.8559123873710632,112.16839599609375,6870,0.3,0.030896889,0.0003
2,200.0,9,1423.090909090909,1087,2304,329.57142333984376,0.074609375,-1.1451987206935883,-0.013195391197223216,0.8798012137413025,185.05740356445312,6880,0.3,0.025001716,0.0003
2,200.0,10,1443.25,1077,2560,443.99659271240233,0.01953125,-1.1444943487644195,-0.006844754726625979,0.805766224861145,224.69131469726562,6890,0.3,0.009584116,0.0003
2,200.0,11,1398.857142857143,1079,2816,270.84263916015624,0.01171875,-1.1883762061595917,-0.008832591865211726,0.8647515773773193,109.40794372558594,6900,0.3,0.0047590495,0.0003
2,200.0,12,1420.3333333333333,1082,3072,191.7828567504883,0.0140625,-0.9219943732023239,-0.004733450268395245,0.8660774827003479,136.2422637939453,6910,0.3,0.010353917,0.0003
3,200.0,13,1396.3125,1077,3328,455.1618453979492,0.009375,-1.249202811717987,-0.0016451254719868301,0.7477458715438843,158.989013671875,6920,0.3,0.0037231888,0.0003
3,200.0,14,1372.6470588235295,1079,3584,209.34900093078613,0.001171875,-1.3089112043380737,-0.003245821176096797,0.8642150163650513,55.62420654296875,6930,0.3,0.0027836664,0.0003
3,200.0,15,1347.6842105263158,1080,3840,307.0876777648926,0.033984375,-1.2156103074550628,-0.014891669061034918,0.682304859161377,129.087890625,6940,0.3,0.03576879,0.0003
3,200.0,16,1307.05,1076,4096,329.04839248657225,0.007421875,-1.2159325182437897,-0.005311395972967148,0.8467096090316772,168.90589904785156,6950,0.3,0.0065936577,0.0003
4,200.0,17,1283.047619047619,1077,4352,2636.8092529296873,0.015625,-0.9325258612632752,-0.009509652387350798,-0.7449508905410767,1569.4208984375,6960,0.3,0.017757732,0.0003
4,200.0,18,1249.5652173913043,1078,4608,395.8941986083984,0.008203125,-0.9952653795480728,-0.0028522397624328732,0.6429861783981323,143.43663024902344,6970,0.3,0.007659503,0.0003
4,200.0,19,1248.8333333333333,1078,4864,255.71865043640136,0.01640625,-1.0733216106891632,-0.008411735109984875,0.8131656646728516,100.38976287841797,6980,0.3,0.014839684,0.0003
4,200.0,20,1221.4,1080,5120,194.50195693969727,0.087890625,-1.004865363240242,-0.010882316576316952,0.8848560452461243,96.876708984375,6990,0.3,0.024072466,0.0003
4,200.0,21,1204.3461538461538,1077,5376,158.74103507995605,0.0078125,-0.9103070616722106,-0.007533429935574531,0.8688889741897583,75.68423461914062,7000,0.3,0.014617807,0.0003
5,200.0,22,1173.357142857143,1078,5632,199.87744216918946,0.01015625,-0.7162032395601272,-0.007329104142263532,0.8717512488365173,100.86331176757812,7010,0.3,0.030801337,0.0003
5,200.0,23,1144.0344827586207,1077,5888,254.6345458984375,0.040234375,-0.7143530875444413,-0.0166541249724105,0.784318745136261,119.52310180664062,7020,0.3,0.027076297,0.0003
5,200.0,24,1132.0333333333333,1073,6144,81.4312249660492,0.003125,-0.4989765375852585,-0.003152710571885109,0.8744970560073853,48.31898498535156,7030,0.3,0.0035776081,0.0003
5,200.0,25,1068.3125,1073,6400,205.91049423217774,0.01328125,-0.4954968750476837,-0.0099114449985791,0.8112786412239075,90.08341217041016,7040,0.3,0.012745095,0.0003
6,200.0,26,1045.6969696969697,1072,6656,158.26325855255126,0.076171875,-0.5273329019546509,-0.0047634964575991035,0.8271293640136719,35.61984634399414,7050,0.3,0.009482585,0.0003
6,200.0,27,1044.8823529411766,1068,6912,79.23649640083313,0.008984375,-0.5613959163427353,-0.002373347943648696,0.8902032971382141,25.79195785522461,7060,0.3,0.008798165,0.0003
6,200.0,28,1037.4571428571428,1065,7168,218.2285469055176,0.108984375,-0.7310391992330552,-0.010595260746777057,0.8979369401931763,157.24400329589844,7070,0.3,0.021947078,0.0003
6,200.0,29,1049.972972972973,1062,7424,147.47567739486695,0.08828125,-0.8421756505966187,-0.009440718591213227,0.8517938852310181,100.55904388427734,7080,0.3,0.045981318,0.0003
7,200.0,30,1036.5526315789473,1064,7680,256.64224395751955,0.107421875,-0.9310169786214828,-0.011425751913338899,0.8830657005310059,85.70674896240234,7090,0.3,0.041702934,0.0003
7,200.0,31,1029.7692307692307,1065,7936,131.75074825286865,0.014453125,-1.0375959753990174,-0.01308568375534378,0.868554949760437,62.52378845214844,7100,0.3,0.006333757,0.0003
7,200.0,32,1051.825,1064,8192,259.5515678405762,0.033203125,-0.9319824546575546,-0.010002933302894234,0.8743483424186707,157.72035217285156,7110,0.3,0.022199208,0.0003
7,200.0,33,1042.047619047619,1066,8448,921.685546875,0.000390625,-0.982609224319458,-0.00032382553908973934,0.09327906370162964,208.39535522460938,7120,0.3,0.0011352662,0.0003
8,200.0,34,1041.3023255813953,1067,8704,340.70165100097654,0.0078125,-0.9572983354330062,-0.0022225851193070413,0.8240538835525513,166.31881713867188,7130,0.3,0.0012243062,0.0003
8,200.0,35,1045.8636363636363,1067,8960,275.7468235015869,0.000390625,-1.0097058713436127,-0.002126591466367245,0.7911924719810486,141.84580993652344,7140,0.3,0.0031920357,0.0003
8,200.0,36,1034.0652173913043,1066,9216,342.3248466491699,0.000390625,-1.0403790652751923,-0.0011277115438133479,0.7225195169448853,111.96762084960938,7150,0.3,0.0013463777,0.0003
8,200.0,37,1043.3617021276596,1065,9472,256.6308937072754,0.0,-1.0730162143707276,-0.001443436648696661,0.8159382939338684,80.58997344970703,7160,0.3,0.00079500047,0.0003
9,200.0,38,1037.2708333333333,1065,9728,222.38938903808594,0.08671875,-1.0320436984300614,-0.008975088459555991,0.8635293841362,125.28823852539062,7170,0.3,0.04099367,0.0003
9,200.0,39,1045.7142857142858,1064,9984,268.3450164794922,0.003515625,-0.9553066462278366,-0.005889585823751986,0.8770655989646912,150.88442993164062,7180,0.3,0.007992734,0.0003
9,200.0,40,1045.235294117647,1065,10240,552.2838821411133,0.072265625,-0.927253594994545,-0.014153949357569218,0.6843463182449341,215.06459045410156,7190,0.3,0.022461832,0.0003
0,200.0,1,1770.0,1405,256,402.3558158874512,0.011328125,-1.0699762046337127,-0.0002412500325590372,0.6253403425216675,95.7371597290039,7200,0.3,0.003845358,0.0003
0,200.0,2,1300.0,1188,512,294.2204013824463,0.003515625,-1.7823652505874634,-0.008477629523258656,0.85402512550354,144.527099609375,7210,0.3,0.013785228,0.0003
0,200.0,3,1063.3333333333333,1144,768,2076.3193786621096,0.0,-1.7606266021728516,0.0034529557917267082,-0.8766831159591675,697.577880859375,7220,0.3,0.007536281,0.0003
0,200.0,4,1166.0,1125,1024,399.31675720214844,0.0,-1.7820546507835389,-0.0012923012487590312,0.755346953868866,81.50495147705078,7230,0.3,0.0003471123,0.0003
1,200.0,5,1053.3333333333333,1111,1280,298.81404037475585,0.041015625,-1.6339114665985108,-0.020329281594604252,0.8374593257904053,137.9930419921875,7240,0.3,0.02836543,0.0003
1,200.0,6,1087.142857142857,1098,1536,289.57069931030276,0.028125,-1.495862317085266,-0.010467423219233751,0.7601465582847595,132.32608032226562,7250,0.3,0.019357119,0.0003
1,200.0,7,1112.5,1094,1792,261.11780700683596,0.056640625,-1.5918364584445954,-0.008129545161500574,0.8540365695953369,114.01554870605469,7260,0.3,0.036014073,0.0003
1,200.0,8,1126.0,1089,2048,699.7154586791992,0.0046875,-1.6889141917228698,-4.9250712618231776e-05,0.5974540114402771,246.90219116210938,7270,0.3,0.0084279515,0.0003
2,200.0,9,1097.2727272727273,1085,2304,219.3012325286865,0.00078125,-1.816248005628586,-0.0049284613924100995,0.8432513475418091,150.84901428222656,7280,0.3,0.005855171,0.0003
2,200.0,10,1135.0,1078,2560,280.01752548217775,0.023828125,-1.6566378474235535,-0.02046045525930822,0.8221520781517029,86.74407958984375,7290,0.3,0.023216411,0.0003
2,200.0,11,1157.142857142857,1075,2816,243.17051010131837,0.002734375,-1.7500547766685486,-0.0005555145908147097,0.8612280488014221,124.22101593017578,7300,0.3,0.00776418,0.0003
2,200.0,12,1166.0,1073,3072,278.18286476135256,0.000390625,-1.8045360147953033,-0.0004913389682769775,0.8340774178504944,111.11580657958984,7310,0.3,0.0021477018,0.0003
3,200.0,13,1218.75,1077,3328,315.34934310913087,0.00625,-1.565436339378357,-0.004975321609526873,0.8193266987800598,144.31166076660156,7320,0.3,0.016634732,0.0003
3,200.0,14,1265.2941176470588,1073,3584,321.4653915405273,0.064453125,-1.699719887971878,-0.009160233801230789,0.8729799389839172,110.36101531982422,7330,0.3,0.031390764,0.0003
3,200.0,15,1206.3157894736842,1067,3840,143.8492832183838,0.006640625,-1.6346614122390748,-0.0071382372989319265,0.868202269077301,57.74201583862305,7340,0.3,0.014189657,0.0003
3,200.0,16,1213.5,1066,4096,409.50739135742185,0.00390625,-1.6487642765045165,-0.008521631616167724,0.7766258120536804,185.43690490722656,7350,0.3,0.010801661,0.0003
4,200.0,17,1230.4761904761904,1068,4352,306.4638359069824,0.01328125,-1.6646200120449066,-0.014194529550150038,0.8383897542953491,112.18444061279297,7360,0.3,0.01233032,0.0003
4,200.0,18,1264.3478260869565,1065,4608,593.8928680419922,0.0109375,-1.7048266291618348,-0.004845353867858648,0.6835892200469971,334.9052734375,7370,0.3,0.008721724,0.0003
4,200.0,19,1306.25,1067,4864,307.1485481262207,0.0546875,-1.7021235406398774,-0.020786892110481858,0.8688181638717651,76.86294555664062,7380,0.3,0.027657878,0.0003
4,200.0,20,1344.0,1069,5120,366.63501129150393,0.026953125,-1.503894954919815,-0.012140615691896528,0.8538869023323059,134.5002899169922,7390,0.3,0.018838542,0.0003
5,200.0,21,1369.6153846153845,1066,5376,367.9829040527344,0.022265625,-1.475492686033249,-0.0051356466254219415,0.8658009767532349,176.22714233398438,7400,0.3,0.015431706,0.0003
5,200.0,22,1399.2857142857142,1067,5632,314.8882400512695,0.0171875,-1.6946723639965058,-0.005310198781080544,0.8245290517807007,114.10563659667969,7410,0.3,0.01263609,0.0003
5,200.0,23,1438.2758620689656,1068,5888,289.5688705444336,0.055859375,-1.6248201549053192,-0.01750108851119876,0.873627781867981,139.06068420410156,7420,0.3,0.030819759,0.0003
5,200.0,24,1442.0,1065,6144,343.50037384033203,0.02734375,-1.5576391041278839,-0.012279151089023799,0.8659557700157166,114.30109405517578,7430,0.3,0.01569163,0.0003
5,200.0,25,1425.3125,1068,6400,295.2877593994141,0.02109375,-1.6907171130180358,-0.01580748246051371,0.8376824259757996,113.2032699584961,7440,0.3,0.02133867,0.0003
6,200.0,26,1429.6969696969697,1066,6656,206.73400535583497,0.02109375,-1.6380111753940583,-0.014235531445592642,0.8892661333084106,110.19808959960938,7450,0.3,0.019314608,0.0003
6,200.0,27,1433.235294117647,1067,6912,238.48994903564454,0.066015625,-1.7124292075634002,-0.01776081626303494,0.8809168934822083,143.11257934570312,7460,0.3,0.043892384,0.0003
6,200.0,28,1442.857142857143,1065,7168,428.70154724121096,0.002734375,-1.6815147280693055,0.003856945049483329,0.7659313678741455,165.4359130859375,7470,0.3,0.008158317,0.0003
6,200.0,29,1446.4864864864865,1065,7424,518.1598022460937,0.0,-1.721540367603302,0.00016980899963527917,0.6851744055747986,254.61886596679688,7480,0.3,0.0010317336,0.0003
7,200.0,30,1448.6842105263158,1066,7680,313.2728988647461,0.000390625,-1.5727446675300598,-0.0005180549691431224,0.8286532163619995,195.29849243164062,7490,0.3,0.00044019846,0.0003
7,200.0,31,1432.820512820513,1066,7936,282.71358184814454,0.0,-1.7511398673057557,-0.0033304347656667233,0.825734555721283,95.07585144042969,7500,0.3,0.0022503166,0.0003
7,200.0,32,1447.25,1067,8192,244.87736434936522,0.00390625,-1.7181972861289978,-0.004552113043610006,0.8546075224876404,108.8119125366211,7510,0.3,0.004807567,0.0003
7,200.0,33,1434.047619047619,1065,8448,517.873461151123,0.0,-1.8826689720153809,-0.002026490168645978,0.5918632745742798,233.50540161132812,7520,0.3,0.0021636821,0.0003
8,200.0,34,1442.7906976744187,1062,8704,282.2451530456543,0.0,-1.9306683242321014,-0.0017050095135346054,0.7962363958358765,94.15662384033203,7530,0.3,0.001366742,0.0003
8,200.0,35,1445.909090909091,1061,8960,330.8725715637207,0.0,-1.6651546120643617,-0.003527797060087323,0.8462267518043518,105.65736389160156,7540,0.3,0.0015415293,0.0003
8,200.0,36,1454.7826086956522,1059,9216,199.23232040405273,0.0046875,-1.8749130725860597,-0.007892619702033699,0.848870575428009,74.19051361083984,7550,0.3,0.010630833,0.0003
8,200.0,37,1465.7446808510638,1056,9472,321.4241653442383,0.01484375,-1.637063354253769,-0.014819112722761929,0.8831580877304077,167.1444854736328,7560,0.3,0.011584668,0.0003
9,200.0,38,1471.4583333333333,1058,9728,283.62920837402345,0.054296875,-1.7739262938499452,-0.014600221742875874,0.8856798410415649,173.05055236816406,7570,0.3,0.02488967,0.0003
9,200.0,39,1492.2448979591836,1056,9984,306.69040298461914,0.02734375,-1.6407897174358368,-0.010511834267526865,0.8798869848251343,168.46807861328125,7580,0.3,0.0124379,0.0003
9,200.0,40,1499.6078431372548,1056,10240,326.8853050231934,0.03671875,-1.6730368554592132,-0.012507804576307536,0.8809235095977783,118.92998504638672,7590,0.3,0.023343207,0.0003
0,200.0,1,579.0,1370,256,281.7669876098633,0.01640625,-1.4324890613555907,-0.011970949894748627,0.8395152688026428,120.32705688476562,7600,0.3,0.014494652,0.0003
0,200.0,2,1050.5,1152,512,193.61705207824707,0.023046875,-1.150504034757614,-0.011474390421062708,0.8334599137306213,101.54601287841797,7210,0.3,0.018813433,0.0003
0,200.0,3,1524.0,1149,768,307.25430488586426,0.026953125,-1.092028170824051,-0.010309391468763352,0.8693349957466125,147.24378967285156,7220,0.3,0.017158426,0.0003
0,200.0,4,1889.4,1109,1024,389.20854034423826,0.015625,-1.0389512091875077,-0.004059827874880284,0.8504341840744019,177.8911590576172,7230,0.3,0.012415219,0.0003
1,200.0,5,1852.3333333333333,1098,1280,356.3511337280273,0.03984375,-1.1188695132732391,-0.01509457603096962,0.8640874028205872,144.9671630859375,7240,0.3,0.025964659,0.0003
1,200.0,6,1898.142857142857,1090,1536,263.61594161987307,0.010546875,-1.1786893725395202,-0.006434818706475198,0.8920243978500366,88.11080932617188,7250,0.3,0.004130694,0.0003
1,200.0,7,1997.0,1082,1792,405.69434814453126,0.03671875,-1.0937563478946686,-0.012713503511622547,0.861429750919342,171.34214782714844,7260,0.3,0.023426615,0.0003
1,200.0,8,2160.4,1086,2048,340.0927429199219,0.015625,-1.0332370400428772,-0.007522401073947549,0.8676562309265137,123.19552612304688,7270,0.3,0.012267215,0.0003
2,200.0,9,2183.5454545454545,1079,2304,350.8088890075684,0.044140625,-1.0755623042583466,-0.012799763795919716,0.875653862953186,211.68203735351562,7280,0.3,0.021382932,0.0003
2,200.0,10,2244.3333333333335,1060,2560,414.45904846191405,0.013671875,-1.0910821914672852,-0.0061352963442914184,0.8575023412704468,307.21600341796875,7290,0.3,0.010795406,0.0003
2,200.0,11,1998.357142857143,1060,2816,201.9135356903076,0.02890625,-1.1402708411216735,-0.00919518368318677,0.8979939818382263,100.40447235107422,7300,0.3,0.01870539,0.0003
2,200.0,12,2012.8666666666666,1061,3072,146.23997173309326,0.01171875,-1.417499941587448,-0.0044632676057517525,0.8519119024276733,41.29893493652344,7310,0.3,0.023323935,0.0003
3,200.0,13,1965.125,1066,3328,307.61506805419924,0.014453125,-1.1925006628036499,-0.010156767070293426,0.8713887929916382,156.34190368652344,7320,0.3,0.017883312,0.0003
3,200.0,14,1978.8235294117646,1061,3584,233.02095489501954,0.03125,-1.240135633945465,-0.010809488850645721,0.9056559801101685,139.313720703125,7330,0.3,0.022300452,0.0003
3,200.0,15,2011.842105263158,1065,3840,295.7335594177246,0.015234375,-1.1918315768241883,-0.006256922846660018,0.8685564994812012,123.81114959716797,7340,0.3,0.018374776,0.0003
3,200.0,16,2068.1,1061,4096,310.5540939331055,0.03515625,-1.1576171934604644,-0.014336419850587845,0.9026943445205688,129.79986572265625,7350,0.3,0.014715733,0.0003
4,200.0,17,2119.0,1064,4352,354.110774230957,0.055859375,-1.1069203197956086,-0.011966327810660005,0.8909515738487244,154.5366973876953,7360,0.3,0.021334,0.0003
4,200.0,18,2158.1304347826085,1059,4608,346.57126770019534,0.01796875,-1.0832202672958373,-0.00753912846557796,0.8883246779441833,165.76702880859375,7370,0.3,0.010073637,0.0003
4,200.0,19,2189.75,1064,4864,339.84661254882815,0.04609375,-1.103114753961563,-0.010220762994140386,0.8826354146003723,182.38914489746094,7380,0.3,0.017260615,0.0003
4,200.0,20,2198.72,1061,5120,327.2135810852051,0.03203125,-0.9320992201566696,-0.012964214244857431,0.8836038708686829,136.73313903808594,7390,0.3,0.044246923,0.0003
5,200.0,21,2198.5384615384614,1060,5376,298.30419235229493,0.01015625,-1.0331767618656158,-0.006892069661989808,0.8955716490745544,120.6524887084961,7400,0.3,0.0101805385,0.0003
5,200.0,22,2189.1785714285716,1057,5632,259.4192512512207,0.022265625,-1.0328311920166016,-0.00856228480115533,0.9001830816268921,76.07119750976562,7410,0.3,0.013342594,0.0003
5,200.0,23,2222.4827586206898,1056,5888,280.8603973388672,0.055859375,-0.9544601291418076,-0.005382984993048012,0.8735197186470032,112.87084197998047,7420,0.3,0.019819876,0.0003
5,200.0,24,2205.4666666666667,1057,6144,328.00138931274415,0.041015625,-1.0874559819698333,-0.010764953447505832,0.8843687772750854,160.052001953125,7430,0.3,0.020089712,0.0003
6,200.0,25,2212.28125,1058,6400,1108.6419891357423,0.00078125,-1.0608370840549468,-0.0016597067937254907,0.49258750677108765,294.3841552734375,7440,0.3,0.0038156267,0.0003
6,200.0,26,2233.121212121212,1054,6656,330.1500419616699,0.0,-1.1412264287471772,-0.0008354855235666037,0.8844483494758606,105.58151245117188,7450,0.3,0.0005081033,0.0003
6,200.0,27,2252.5,1055,6912,264.7650833129883,0.137109375,-1.1637479543685914,-0.024480129638686777,0.9111961126327515,139.24716186523438,7460,0.3,0.044580363,0.0003
6,200.0,28,2184.1428571428573,1055,7168,196.8522933959961,0.091015625,-1.1613213777542115,-0.008758331183344126,0.9169930219650269,100.1233139038086,7470,0.3,0.03356707,0.0003
7,200.0,29,2190.7027027027025,1055,7424,168.98525695800782,0.130859375,-1.187618887424469,-0.019853911316022276,0.9194345474243164,47.90791702270508,7480,0.3,0.048390143,0.0003
7,200.0,30,2190.6315789473683,1056,7680,194.88879852294923,0.04453125,-1.0573585093021394,-0.008035029447637499,0.9161410331726074,103.42549133300781,7490,0.3,0.021237884,0.0003
7,200.0,31,2201.153846153846,1056,7936,381.35794830322266,0.0109375,-1.0009435385465622,-0.002174380898941308,0.8526567220687866,172.63511657714844,7500,0.3,0.0035422586,0.0003
7,200.0,32,2219.5,1056,8192,286.8626655578613,0.023828125,-0.9948726177215577,-0.013573672249913215,0.9052696824073792,150.29505920410156,7510,0.3,0.017059406,0.0003
7,200.0,33,2252.1666666666665,1057,8448,335.57703018188477,0.026171875,-0.9358733266592025,-0.009213182423263789,0.8877837061882019,131.87086486816406,7520,0.3,0.016126223,0.0003
8,200.0,34,2254.6976744186045,1056,8704,268.86327667236327,0.007421875,-0.9572273582220078,-0.007765000686049461,0.9143118262290955,81.33491516113281,7530,0.3,0.013894483,0.0003
8,200.0,35,2269.2954545454545,1052,8960,262.41902389526365,0.0234375,-0.9265549570322037,-0.006147543713450432,0.9087446331977844,110.21488952636719,7540,0.3,0.006703798,0.0003
8,200.0,36,2296.413043478261,1051,9216,274.24348373413085,0.01640625,-0.9500064998865128,-0.005953863868489862,0.9116803407669067,169.8270721435547,7550,0.3,0.008489443,0.0003
9,200.0,37,2309.127659574468,1051,9472,326.82724609375,0.01875,-0.9226552098989487,-0.011186426156200469,0.8825798034667969,137.9745635986328,7560,0.3,0.013975976,0.0003
9,200.0,38,2311.9375,1051,9728,327.5779975891113,0.003125,-0.8850901901721955,-0.003358612023293972,0.888710081577301,138.00836181640625,7570,0.3,0.00577618,0.0003
9,200.0,39,2318.5714285714284,1051,9984,243.9485954284668,0.0203125,-0.8816580325365067,-0.008942735427990556,0.9141727685928345,142.2642059326172,7580,0.3,0.01668971,0.0003
9,200.0,40,2332.6666666666665,1051,10240,298.76686782836913,0.0328125,-0.8376008361577988,-0.011505768122151493,0.9058198928833008,187.04669189453125,7590,0.3,0.01538043,0.0003
0,200.0,1,2270.0,1356,256,200.81405639648438,0.0421875,-0.8296073615550995,-0.006463991990312934,0.932072103023529,96.70491027832031,7600,0.3,0.01029259,0.0003
0,200.0,2,2620.0,1162,512,322.96461181640626,0.023828125,-1.513798761367798,-0.007360340235754848,0.8845984935760498,193.8227081298828,7610,0.3,0.020497559,0.0003
0,200.0,3,2830.0,1130,768,386.85254974365233,0.030078125,-1.5179627239704132,-0.011050367425195873,0.8833523392677307,153.4990234375,7620,0.3,0.017997753,0.0003
0,200.0,4,2818.0,1107,1024,902.6473846435547,0.00234375,-1.2999740660190582,0.002605992346070707,0.5852278470993042,322.38134765625,7630,0.3,0.0016823686,0.0003
1,200.0,5,2810.0,1085,1280,361.6460891723633,0.00546875,-1.4520210087299348,-0.00441529075615108,0.8747864365577698,206.62249755859375,7640,0.3,0.004098556,0.0003
1,200.0,6,2558.5714285714284,1078,1536,401.42534866333006,0.0296875,-1.3684995412826537,-0.015564203797839581,0.8688528537750244,140.17967224121094,7650,0.3,0.021898082,0.0003
1,200.0,7,2645.0,1068,1792,330.86215591430664,0.017578125,-1.3022976517677307,-0.0024735819781199096,0.8253534436225891,172.44989013671875,7660,0.3,0.012308134,0.0003
1,200.0,8,2689.0,1058,2048,545.9961547851562,0.031640625,-1.2920269250869751,-0.00840562309604138,0.8158535361289978,285.25982666015625,7670,0.3,0.019776277,0.0003
2,200.0,9,2696.3636363636365,1052,2304,436.03743438720704,0.000390625,-1.3881709277629852,-0.0033246973529458047,0.8539751768112183,236.43075561523438,7680,0.3,0.0027600727,0.0003
2,200.0,10,2618.3333333333335,1049,2560,316.08690338134767,0.003125,-1.5017978489398955,-0.0026901102624833583,0.8676087260246277,135.75418090820312,7690,0.3,0.008706581,0.0003
2,200.0,11,2703.5714285714284,1050,2816,340.7997428894043,0.0140625,-1.2567961633205413,-0.00800572605803609,0.8865721821784973,190.593994140625,7700,0.3,0.012779761,0.0003
2,200.0,12,2609.3333333333335,1050,3072,354.0131576538086,0.042578125,-1.4341199398040771,-0.008629178442060948,0.8851351141929626,207.5699005126953,7710,0.3,0.041633606,0.0003
3,200.0,13,2542.5,1050,3328,301.1209999084473,0.008984375,-1.6068688809871674,-0.005971954576671124,0.8677821159362793,154.02676391601562,7720,0.3,0.009997673,0.0003
3,200.0,14,2555.8823529411766,1049,3584,198.0465217590332,0.0234375,-1.5723116099834442,-0.01309898707550019,0.8883012533187866,72.38089752197266,7730,0.3,0.016813047,0.0003
3,200.0,15,2614.2105263157896,1049,3840,344.15557022094725,0.020703125,-1.3989799618721008,-0.009670870611444116,0.8965180516242981,188.61614990234375,7740,0.3,0.010238387,0.0003
3,200.0,16,2535.5,1050,4096,322.75465240478513,0.011328125,-1.4615563452243805,-0.008554064529016614,0.8976345062255859,178.958984375,7750,0.3,0.010943517,0.0003
4,200.0,17,2512.3809523809523,1050,4352,267.10775299072264,0.004296875,-1.2557926654815674,-0.007702558627352118,0.8312106728553772,103.42311096191406,7760,0.3,0.007968638,0.0003
4,200.0,18,2564.3478260869565,1052,4608,307.9765571594238,0.0234375,-1.4264512300491332,-0.010321222199127077,0.8774675726890564,124.4853286743164,7770,0.3,0.01652851,0.0003
4,200.0,19,2572.0833333333335,1049,4864,356.42858123779297,0.008984375,-1.2396445333957673,-0.009825252485461533,0.8916521072387695,175.3864288330078,7780,0.3,0.0106575955,0.0003
4,200.0,20,2580.0,1050,5120,291.4320404052734,0.025,-1.1491371631622314,-0.010690262401476502,0.9084343910217285,165.30404663085938,7790,0.3,0.018719524,0.0003
5,200.0,21,2593.076923076923,1050,5376,330.8132781982422,0.030078125,-1.3648621797561646,-0.020350046455860138,0.8867344260215759,199.8300018310547,7800,0.3,0.017810388,0.0003
5,200.0,22,2613.5714285714284,1022,5632,368.77025451660154,0.0140625,-1.226228404045105,-0.010114064067602157,0.9015509486198425,102.47303009033203,7810,0.3,0.00853092,0.0003
5,200.0,23,2618.2758620689656,1021,5888,308.6027214050293,0.003515625,-1.5129064559936523,-0.004326855530962348,0.8707737326622009,131.43946838378906,7820,0.3,0.008086619,0.0003
6,200.0,24,2622.0,1022,6144,319.2000358581543,0.001953125,-1.436836165189743,-0.004419780662283301,0.9087292551994324,197.82525634765625,7830,0.3,0.004809575,0.0003
6,200.0,25,2630.0,1021,6400,307.12158203125,0.049609375,-1.5148706555366516,-0.012654319265857339,0.8950805068016052,165.03912353515625,7840,0.3,0.035933338,0.0003
6,200.0,26,2640.909090909091,1020,6656,334.60297241210935,0.0171875,-1.5838303327560426,-0.007251334795728326,0.892085075378418,209.80152893066406,7850,0.3,0.009676762,0.0003
6,200.0,27,2550.5882352941176,1018,6912,279.4123588562012,0.007421875,-1.6063470542430878,-0.00938085678499192,0.8890774846076965,161.23416137695312,7860,0.3,0.0071408534,0.0003
7,200.0,28,2548.8571428571427,1020,7168,266.10977325439455,0.001953125,-1.8572611689567566,-0.0002864450216293335,0.7010736465454102,101.93878173828125,7870,0.3,0.0040884283,0.0003
7,200.0,29,2572.162162162162,1022,7424,334.0702934265137,0.004296875,-1.4865806519985199,-0.008545013261027634,0.9017225503921509,213.88002014160156,7880,0.3,0.0057020923,0.0003
7,200.0,30,2590.0,1023,7680,335.1344650268555,0.00078125,-1.5537810027599335,-0.0062912377063184975,0.8769062757492065,160.43626403808594,7890,0.3,0.0038991414,0.0003
7,200.0,31,2594.6153846153848,1024,7936,317.687483215332,0.000390625,-1.4111444115638734,-0.004112280765548348,0.9076113104820251,136.11268615722656,7900,0.3,0.0036667625,0.0003
7,200.0,32,2599.0,1024,8192,241.6921417236328,0.01328125,-1.5498740196228027,-0.01018733629025519,0.9089516401290894,106.42520141601562,7910,0.3,0.010517764,0.0003
8,200.0,33,2617.1428571428573,1021,8448,298.10243530273436,0.11875,-1.4997023224830628,-0.01708410799037665,0.9111194014549255,122.14298248291016,7920,0.3,0.040408157,0.0003
8,200.0,34,2553.2558139534885,1018,8704,315.83946838378904,0.003515625,-1.468594354391098,-0.0035260648583061993,0.887110710144043,132.46702575683594,7930,0.3,0.0033988436,0.0003
8,200.0,35,2557.0454545454545,1017,8960,97.78387660980225,0.017578125,-1.9245306074619293,-0.011216533882543445,0.9269577264785767,41.41667175292969,7940,0.3,0.009768705,0.0003
9,200.0,36,2564.5652173913045,1018,9216,265.4049674987793,0.015625,-1.474299681186676,-0.00974679565988481,0.9140427708625793,43.098018646240234,7950,0.3,0.013329967,0.0003
9,200.0,37,2573.404255319149,1019,9472,272.81380767822264,0.007421875,-1.3793399930000305,-0.0037381445290520787,0.8974075317382812,143.55665588378906,7960,0.3,0.003119482,0.0003
9,200.0,38,2566.6666666666665,1019,9728,214.88963165283204,0.01171875,-1.5204308748245239,-0.00874084762763232,0.9235804080963135,100.36286926269531,7970,0.3,0.014524002,0.0003
9,200.0,39,2579.795918367347,1019,9984,281.423893737793,0.00234375,-1.4327039062976836,-0.002106859115883708,0.9188574552536011,169.23802185058594,7980,0.3,0.0036916658,0.0003
10,200.0,40,2584.705882352941,1020,10240,203.19076385498047,0.040625,-1.598286360502243,-0.00857495442032814,0.9222405552864075,75.65315246582031,7990,0.3,0.0161281,0.0003
0,200.0,1,2240.0,1390,256,245.9664222717285,0.016796875,-1.441648042201996,-0.017496081138961016,0.9241949915885925,181.12246704101562,8000,0.3,0.012989709,0.0003
0,200.0,2,2224.5,1216,512,199.53540115356446,0.021484375,-0.9078427016735077,-0.007309613283723593,0.9185157418251038,63.37710952758789,7610,0.3,0.015859112,0.0003
0,200.0,3,2545.6666666666665,1140,768,206.81033096313476,0.0703125,-0.8180311888456344,-0.009671076061204075,0.9302139282226562,119.90151977539062,7620,0.3,0.038184464,0.0003
0,200.0,4,2374.4,1101,1024,190.09905776977538,0.016015625,-0.7562959372997284,-0.006246811780147255,0.9267311096191406,90.71710205078125,7630,0.3,0.010014579,0.0003
1,200.0,5,2425.0,1091,1280,183.514111328125,0.066015625,-0.9174963504076004,-0.004691267805173993,0.9334466457366943,100.57312774658203,7640,0.3,0.015063502,0.0003
1,200.0,6,2463.0,1087,1536,239.4605339050293,0.04140625,-0.9298261821269989,-0.009046700550243258,0.9238258600234985,112.01504516601562,7650,0.3,0.030157428,0.0003
1,200.0,7,2403.375,1080,1792,153.43441772460938,0.1234375,-0.9779723227024079,-0.011972844041883946,0.9437306523323059,72.66796875,7660,0.3,0.054715816,0.0003
1,200.0,8,2435.1,1078,2048,163.87979125976562,0.079296875,-0.9605561763048172,-0.010015684505924582,0.9390347599983215,56.48698425292969,7670,0.3,0.012962679,0.0003
2,200.0,9,2371.6363636363635,1076,2304,204.11185302734376,0.03203125,-0.9516175508499145,-0.011706657940521836,0.931730329990387,97.90940856933594,7680,0.3,0.06714693,0.0003
2,200.0,10,2435.75,1075,2560,296.32478256225585,0.0984375,-0.9554905146360397,-0.026268778229132296,0.8322219848632812,77.35940551757812,7690,0.3,0.1283147,0.0003
2,200.0,11,2442.0714285714284,1066,2816,257.73415603637693,0.015234375,-0.922185742855072,-0.004711784562096,0.9253312349319458,123.33478546142578,7700,0.3,0.0064911423,0.0003
2,200.0,12,2409.266666666667,1066,3072,201.13050384521483,0.009375,-1.0299981385469437,-0.006997310626320541,0.923128604888916,101.77330780029297,7710,0.3,0.010952484,0.0003
3,200.0,13,2455.375,1059,3328,180.06863746643066,0.0078125,-1.0973678648471832,-0.0020631258259527384,0.9292535185813904,73.59550476074219,7720,0.3,0.008065464,0.0003
3,200.0,14,2481.529411764706,1059,3584,236.8847282409668,0.034375,-0.9889324933290482,-0.011475111078470945,0.9272734522819519,102.97661590576172,7730,0.3,0.028635234,0.0003
3,200.0,15,2552.2105263157896,1058,3840,271.9119468688965,0.00859375,-1.0060389906167984,-0.002461044257506728,0.9038273692131042,105.92121887207031,7740,0.3,0.008451914,0.0003
3,200.0,16,2559.6,1057,4096,236.78680839538575,0.031640625,-0.9754652917385102,-0.007367213303223252,0.9172254204750061,57.45603561401367,7750,0.3,0.016593963,0.0003
4,200.0,17,2564.5714285714284,1056,4352,176.20325660705566,0.01640625,-1.0677297234535217,-0.007262141210958362,0.9361788630485535,116.23880767822266,7760,0.3,0.016180117,0.0003
4,200.0,18,2624.8695652173915,1054,4608,207.26217803955078,0.062109375,-1.0384121388196945,-0.012305405549705028,0.9402920007705688,69.09735870361328,7770,0.3,0.024898984,0.0003
4,200.0,19,2558.0,1056,4864,181.56460838317872,0.118359375,-1.0011169493198395,-0.013905742578208447,0.9420031905174255,101.64852142333984,7780,0.3,0.04436949,0.0003
4,200.0,20,2582.4,1055,5120,126.20838642120361,0.034765625,-1.0785686135292054,-0.012742678169161081,0.921138346195221,48.67779541015625,7790,0.3,0.01868524,0.0003
5,200.0,21,2513.423076923077,1054,5376,199.49847335815429,0.053125,-0.9946071654558182,-0.008950479119084776,0.9276645183563232,77.75315856933594,7800,0.3,0.030001845,0.0003
5,200.0,22,2532.1785714285716,1023,5632,86.30638389587402,0.08046875,-1.101402461528778,-0.011321372352540493,0.9563829302787781,41.40985107421875,7810,0.3,0.048045382,0.0003
5,200.0,23,2520.0689655172414,1022,5888,171.6917724609375,0.0125,-0.9713578164577484,-0.011156108533032238,0.9435113072395325,88.335693359375,7820,0.3,0.018403351,0.0003
6,200.0,24,2540.8,1020,6144,161.86315574645997,0.05,-1.001807728409767,-0.009304529638029635,0.9437184929847717,75.11265563964844,7830,0.3,0.030597355,0.0003
6,200.0,25,2542.1875,1021,6400,194.97101821899415,0.005078125,-0.9622953206300735,-0.0057842787355184555,0.941570520401001,105.5596694946289,7840,0.3,0.013043735,0.0003
6,200.0,26,2568.7272727272725,1022,6656,118.97760963439941,0.029296875,-1.1428046107292176,-0.007412414415739477,0.9499093294143677,47.75548553466797,7850,0.3,0.036627166,0.0003
6,200.0,27,2557.5882352941176,1023,6912,171.32140159606934,0.028125,-1.04718374311924,-0.006180369597859681,0.9435904026031494,70.13278198242188,7860,0.3,0.013949677,0.0003
6,200.0,28,2553.8571428571427,1024,7168,147.02403755187987,0.053515625,-1.0895530879497528,-0.0125573594821617,0.9421499371528625,67.78636932373047,7870,0.3,0.025627125,0.0003
7,200.0,29,2548.5135135135133,1023,7424,1481.195492553711,0.029296875,-0.9526630580425263,0.0016757189645431937,0.3201788663864136,284.0537109375,7880,0.3,0.008313643,0.0003
7,200.0,30,2514.5526315789475,1023,7680,304.2278648376465,0.0046875,-1.021265259385109,-0.0023958621313795447,0.881045937538147,66.74430847167969,7890,0.3,0.002839285,0.0003
7,200.0,31,2511.0,1024,7936,117.29756507873535,0.0203125,-1.1949713051319122,-0.009825694374740124,0.9467803239822388,46.53916549682617,7900,0.3,0.012870204,0.0003
8,200.0,32,2521.4,1020,8192,158.24669151306153,0.028515625,-1.0653409779071807,-0.007453692704439163,0.9375376105308533,104.19561004638672,7910,0.3,0.015090453,0.0003
8,200.0,33,2540.2380952380954,1022,8448,192.03795013427734,0.016015625,-1.0458787202835083,-0.004025160521268845,0.9387522339820862,96.07869720458984,7920,0.3,0.008162981,0.0003
8,200.0,34,2543.6279069767443,1023,8704,125.95218849182129,0.04453125,-1.151540493965149,-0.016027379175648095,0.9549425840377808,82.62198638916016,7930,0.3,0.025948536,0.0003
8,200.0,35,2546.590909090909,1022,8960,158.64862251281738,0.05,-1.1178576946258545,-0.012849631509743631,0.9483713507652283,82.8011474609375,7940,0.3,0.03554492,0.0003
9,200.0,36,2548.4347826086955,1023,9216,118.09855613708496,0.0484375,-1.082188504934311,-0.01569407482165843,0.9559169411659241,55.53709030151367,7950,0.3,0.031342402,0.0003
9,200.0,37,2505.8297872340427,1024,9472,194.65183219909667,0.052734375,-1.1209663450717926,-0.015245666238479316,0.922695517539978,47.68452072143555,7960,0.3,0.031558692,0.0003
9,200.0,38,2507.3333333333335,1024,9728,85.80358638763428,0.0203125,-0.7263794392347336,-0.010377452173270286,0.9452826976776123,22.10939598083496,7970,0.3,0.008853374,0.0003
9,200.0,39,2511.4489795918366,1025,9984,184.64300041198732,0.056640625,-0.962276041507721,-0.015920864883810282,0.9298584461212158,66.07603454589844,7980,0.3,0.04535313,0.0003
9,200.0,40,2537.2156862745096,1024,10240,150.58884773254394,0.076171875,-0.8259461909532547,-0.009676252678036689,0.9496172666549683,79.74575805664062,7990,0.3,0.036840945,0.0003
0,200.0,1,3010.0,1378,256,195.9849910736084,0.111328125,-0.9203938156366348,-0.02111223831307143,0.9310206174850464,95.93238067626953,8000,0.3,0.03808095,0.0003
0,200.0,2,2505.0,1189,512,222.63327140808104,0.084375,-1.4398411333560943,-0.023576611746102573,0.9288386106491089,104.66718292236328,8010,0.3,0.03858136,0.0003
0,200.0,3,2660.0,1124,768,254.5652992248535,0.002734375,-1.4402117013931275,-0.0064291141228750345,0.896941065788269,126.34188842773438,8020,0.3,0.0044721775,0.0003
0,200.0,4,2458.0,1109,1024,622.8393859863281,0.00078125,-1.4047757148742677,-0.00428103432059288,0.7423186302185059,182.89669799804688,8030,0.3,0.0029825117,0.0003
1,200.0,5,2343.3333333333335,1094,1280,246.34930191040038,0.00078125,-1.5689963400363922,-0.005352406622841954,0.8354722857475281,99.08124542236328,8040,0.3,0.0032584514,0.0003
1,200.0,6,2294.285714285714,1083,1536,185.44132308959962,0.0,-1.6455438315868378,-0.0009078104980289936,0.8966107964515686,119.31853485107422,8050,0.3,0.0009978968,0.0003
1,200.0,7,2408.75,1079,1792,251.56005859375,0.046484375,-1.4701022684574128,-0.01083942516706884,0.9311475157737732,124.82685089111328,8060,0.3,0.023325501,0.0003
1,200.0,8,2502.0,1075,2048,226.1859130859375,0.013671875,-1.3889321565628052,-0.008034382038749755,0.9328845739364624,120.29878234863281,8070,0.3,0.014063088,0.0003
2,200.0,9,2566.3636363636365,1070,2304,201.46027450561525,0.003125,-1.413282561302185,-0.011375129199586808,0.9274505972862244,138.22682189941406,8080,0.3,0.007058076,0.0003
2,200.0,10,2600.0,1071,2560,249.35405502319335,0.001953125,-1.3046859800815582,-0.007267695188056677,0.9294627904891968,104.23170471191406,8090,0.3,0.0062493123,0.0003
2,200.0,11,2687.1428571428573,1070,2816,235.68369750976564,0.050390625,-1.3729745984077453,-0.012085097166709602,0.927118718624115,132.38064575195312,8100,0.3,0.018311497,0.0003
2,200.0,12,2659.3333333333335,1067,3072,184.63807907104493,0.068359375,-1.4793116390705108,-0.011297853430733085,0.9410703182220459,92.51171875,8110,0.3,0.024485478,0.0003
3,200.0,13,2589.375,1064,3328,176.81580276489257,0.044140625,-1.577411061525345,-0.009884423064067959,0.9272737503051758,90.80696105957031,8120,0.3,0.02452059,0.0003
3,200.0,14,2608.823529411765,1065,3584,426.3195556640625,0.0015625,-1.5917487382888793,-0.005988632922526449,0.798897922039032,198.17572021484375,8130,0.3,0.0050236927,0.0003
3,200.0,15,2572.6315789473683,1063,3840,167.93325500488282,0.0203125,-1.503239506483078,-0.007011403702199459,0.9346616864204407,66.08089447021484,8140,0.3,0.017214306,0.0003
3,200.0,16,2557.0,1063,4096,247.2627975463867,0.031640625,-1.4844170749187469,-0.007626307103782893,0.8921481966972351,85.8075180053711,8150,0.3,0.008236583,0.0003
4,200.0,17,2530.9523809523807,1059,4352,170.67251358032226,0.00546875,-1.618949717283249,-0.00786518445238471,0.934187650680542,94.13994598388672,8160,0.3,0.00871503,0.0003
4,200.0,18,2533.913043478261,1058,4608,173.93845024108887,0.01875,-1.564695382118225,-0.0064960709889419375,0.9385952353477478,86.96408081054688,8170,0.3,0.011527479,0.0003
4,200.0,19,2501.6666666666665,1057,4864,184.30047492980958,0.07890625,-1.6289557576179505,-0.011162876384332776,0.9355220198631287,81.48096466064453,8180,0.3,0.032293037,0.0003
4,200.0,20,2501.2,1058,5120,122.0978609085083,0.0765625,-1.7561655402183534,-0.011925952020101249,0.9419150352478027,41.22932052612305,8190,0.3,0.04326387,0.0003
5,200.0,21,2493.076923076923,1058,5376,217.77265853881835,0.056640625,-1.4616797864437103,-0.006607975345104933,0.9297019243240356,102.4087142944336,8200,0.3,0.012664579,0.0003
5,200.0,22,2433.214285714286,1056,5632,312.5556671142578,0.040234375,-1.5788383722305297,-0.0062783729750663046,0.8808212876319885,160.08990478515625,8210,0.3,0.013955796,0.0003
5,200.0,23,2416.551724137931,1055,5888,197.18541564941407,0.004296875,-1.5328101933002471,-0.0032887385692447423,0.8188523054122925,66.40078735351562,8220,0.3,0.004452089,0.0003
5,200.0,24,2419.0,1052,6144,239.16225357055663,0.0046875,-1.5004147708415985,-0.0044536447618156675,0.90171879529953,115.6765365600586,8230,0.3,0.004176609,0.0003
6,200.0,25,2347.8125,1051,6400,128.19169006347656,0.020703125,-1.6753419876098632,-0.011868251394480467,0.9221367835998535,57.39632034301758,8240,0.3,0.020370783,0.0003
6,200.0,26,2328.787878787879,1050,6656,136.17596683502197,0.1171875,-1.6011260986328124,-0.009480529837310315,0.9376236200332642,41.225311279296875,8250,0.3,0.017040897,0.0003
6,200.0,27,2332.3529411764707,1052,6912,136.31465911865234,0.020703125,-1.6355771541595459,-0.01423413404263556,0.9336856603622437,64.87934875488281,8260,0.3,0.016725764,0.0003
6,200.0,28,2330.5714285714284,1049,7168,221.1960418701172,0.030859375,-1.5695484399795532,-0.010564443515613675,0.9127671122550964,107.30687713623047,8270,0.3,0.013828954,0.0003
7,200.0,29,2300.5405405405404,1048,7424,220.4299045562744,0.0,-1.6448137581348419,-0.007636981667019427,0.9162616729736328,83.76786804199219,8280,0.3,0.005888897,0.0003
7,200.0,30,2265.0,1048,7680,100.6627384185791,0.11875,-1.6223896503448487,-0.021813968382775783,0.954613983631134,50.78676223754883,8290,0.3,0.033635303,0.0003
7,200.0,31,2265.641025641026,1049,7936,136.6402687072754,0.13828125,-1.532854837179184,-0.014305820898152887,0.921078622341156,56.1038932800293,8300,0.3,0.04806728,0.0003
7,200.0,32,2247.0,1049,8192,142.044087600708,0.054296875,-1.4218322873115539,-0.01255376385524869,0.9533023238182068,86.89545440673828,8310,0.3,0.028357975,0.0003
8,200.0,33,2251.6666666666665,1048,8448,148.62502365112306,0.0,-1.6667272746562958,-0.001356530748307705,0.9146890044212341,41.53181076049805,8320,0.3,0.003275801,0.0003
8,200.0,34,2269.3023255813955,1046,8704,161.72284965515138,0.01875,-1.4928852796554566,-0.00639818599447608,0.9433948397636414,79.02552032470703,8330,0.3,0.00968516,0.0003
8,200.0,35,2247.0454545454545,1043,8960,214.44666442871093,0.009765625,-1.2985910832881928,-0.004226390621624887,0.9332398772239685,106.34883880615234,8340,0.3,0.008501284,0.0003
8,200.0,36,2263.695652173913,1041,9216,98.8173550605774,0.044921875,-1.4651505470275878,-0.012962934141978622,0.9545417428016663,59.753883361816406,8350,0.3,0.018761113,0.0003
9,200.0,37,2253.6170212765956,1041,9472,133.2140956878662,0.116796875,-1.3518592596054078,-0.011345288041047752,0.9534918665885925,72.88041687011719,8360,0.3,0.03600988,0.0003
9,200.0,38,2243.75,1040,9728,229.01351470947264,0.044921875,-1.607887077331543,-0.01219156732549891,0.8855330348014832,79.4742660522461,8370,0.3,0.020974169,0.0003
9,200.0,39,2253.673469387755,1040,9984,139.71252250671387,0.039453125,-1.4836044430732727,-0.005408633034676313,0.9473923444747925,49.1702995300293,8380,0.3,0.014787149,0.0003
9,200.0,40,2268.235294117647,1040,10240,181.75195388793946,0.0,-1.1858351528644562,-0.004172336612828076,0.9430188536643982,36.612361907958984,8390,0.3,0.004547894,0.0003
0,200.0,1,2244.0,1314,256,146.70341148376465,0.0359375,-1.409713488817215,-0.004928024869877845,0.9395338892936707,65.26387023925781,8400,0.3,0.017206725,0.0003
0,200.0,2,1867.0,1228,512,117.2129695892334,0.008203125,-0.9373561412096023,-0.0055052082054317,0.9441187381744385,61.87641143798828,8010,0.3,0.003256251,0.0003
0,200.0,3,2216.6666666666665,1150,768,117.29762268066406,0.1015625,-0.9822180062532425,-0.013335092703346162,0.9384298324584961,61.07659149169922,8020,0.3,0.07302865,0.0003
0,200.0,4,2078.0,1104,1024,140.96891403198242,0.0796875,-0.9016179651021957,-0.014336453820578753,0.946868896484375,45.790809631347656,8030,0.3,0.029032957,0.0003
1,200.0,5,2302.5,1096,1280,160.73443412780762,0.016796875,-0.8603198051452636,-0.004251377936452627,0.9331864714622498,90.4122543334961,8040,0.3,0.0051443893,0.0003
1,200.0,6,2429.0,1089,1536,191.0740032196045,0.03515625,-0.8147632271051407,-0.01600931528955698,0.9462133049964905,93.43617248535156,8050,0.3,0.010412509,0.0003
1,200.0,7,2493.75,1087,1792,175.2329528808594,0.009375,-0.7972585380077362,-0.006615176470950246,0.9440569281578064,86.18114471435547,8060,0.3,0.008573434,0.0003
1,200.0,8,2533.8,1082,2048,131.62974605560302,0.032421875,-0.8925999790430069,-0.006941385054960847,0.9536080956459045,61.71079635620117,8070,0.3,0.00784403,0.0003
2,200.0,9,2544.2727272727275,1076,2304,150.50987701416017,0.010546875,-0.8431388735771179,-0.007601799676194787,0.9316732883453369,80.52230834960938,8080,0.3,0.004380136,0.0003
2,200.0,10,2573.25,1074,2560,264.81016731262207,0.012890625,-0.8029770523309707,-0.0033943802351132034,0.912126362323761,148.32257080078125,8090,0.3,0.0056077186,0.0003
2,200.0,11,2505.3571428571427,1075,2816,139.5715747833252,0.03828125,-0.7805375993251801,-0.00600739058572799,0.9584002494812012,71.00408935546875,8100,0.3,0.014959392,0.0003
2,200.0,12,2519.6666666666665,1064,3072,80.52616901397705,0.09140625,-0.8374257117509842,-0.015180160384625196,0.9631807804107666,28.551694869995117,8110,0.3,0.035895217,0.0003
3,200.0,13,2561.4375,1065,3328,156.8893093109131,0.15703125,-0.8250174194574356,-0.014615387516096234,0.9519852995872498,81.36946105957031,8120,0.3,0.05361041,0.0003
3,200.0,14,2528.529411764706,1064,3584,114.10566215515136,0.06328125,-0.8000742346048355,-0.013796479441225529,0.9641703963279724,55.180335998535156,8130,0.3,0.034690786,0.0003
3,200.0,15,2561.0526315789475,1066,3840,109.64680309295655,0.044921875,-0.8383858174085617,-0.014439121447503566,0.9534218311309814,64.31082916259766,8140,0.3,0.03141941,0.0003
3,200.0,16,2533.0,1059,4096,184.2545680999756,0.0140625,-0.8416917532682419,-0.0059428530978038905,0.9370361566543579,116.2175521850586,8150,0.3,0.0052000983,0.0003
4,200.0,17,2506.285714285714,1056,4352,83.1691541671753,0.04921875,-0.8835904866456985,-0.020810982352122663,0.9554829597473145,51.03496170043945,8160,0.3,0.035724156,0.0003
4,200.0,18,2450.1739130434785,1055,4608,104.51312503814697,0.040234375,-0.7708995461463928,-0.009690615022554994,0.9616847038269043,47.443172454833984,8170,0.3,0.026969722,0.0003
4,200.0,19,2390.6666666666665,1053,4864,66.28859844207764,0.180859375,-0.8935539573431015,-0.017345478059723973,0.9702454805374146,25.813196182250977,8180,0.3,0.010010388,0.0003
4,200.0,20,2366.04,1054,5120,122.43084564208985,0.027734375,-0.9578606575727463,-0.004417208675295115,0.9164726734161377,45.74718475341797,8190,0.3,0.012867098,0.0003
5,200.0,21,2315.0384615384614,1054,5376,87.14730396270753,0.014453125,-0.9214685022830963,-0.005643501016311348,0.9633046388626099,38.86606216430664,8200,0.3,0.01950381,0.0003
5,200.0,22,2333.8928571428573,1054,5632,115.22176971435547,0.048046875,-0.9131106257438659,-0.017657189164310694,0.9431278109550476,31.568273544311523,8210,0.3,0.017802147,0.0003
5,200.0,23,2272.7241379310344,1051,5888,102.79801158905029,0.037890625,-0.9180590152740479,-0.006573396688327193,0.9652197360992432,49.133087158203125,8220,0.3,0.030727493,0.0003
5,200.0,24,2287.0333333333333,1050,6144,49.2209550857544,0.042578125,-1.049599328637123,-0.003972070687450468,0.9673579335212708,18.520647048950195,8230,0.3,0.015452709,0.0003
6,200.0,25,2312.34375,1050,6400,113.20709419250488,0.109765625,-0.8850140064954758,-0.021914065163582564,0.9633907675743103,47.78633499145508,8240,0.3,0.13576701,0.0003
6,200.0,26,2323.5454545454545,1047,6656,168.76255645751954,0.04765625,-0.8340458303689957,-0.005588292679749429,0.9369630813598633,61.852561950683594,8250,0.3,0.018003736,0.0003
6,200.0,27,2313.1470588235293,1049,6912,122.00064392089844,0.021484375,-0.9040810137987136,-0.011531263263896108,0.9498755931854248,57.11747741699219,8260,0.3,0.010194454,0.0003
6,200.0,28,2344.2571428571428,1046,7168,105.90826301574707,0.036328125,-0.8066201210021973,-0.007502485485747457,0.9633830785751343,41.091251373291016,8270,0.3,0.03921417,0.0003
7,200.0,29,2355.2432432432433,1047,7424,123.79233818054199,0.005859375,-0.8085977107286453,-0.0012170542031526566,0.9613468647003174,51.01519775390625,8280,0.3,0.005796752,0.0003
7,200.0,30,2351.184210526316,1048,7680,86.62293453216553,0.026171875,-0.840957573056221,-0.0066173895029351115,0.9640930891036987,35.62358856201172,8290,0.3,0.044259857,0.0003
7,200.0,31,2342.2051282051284,1049,7936,151.62907333374022,0.0078125,-0.8493437528610229,-0.008611441170796753,0.9341427087783813,55.44438934326172,8300,0.3,0.0116163865,0.0003
7,200.0,32,2316.975,1049,8192,85.00769939422608,0.033203125,-0.8721827745437623,-0.007608194765634835,0.9577709436416626,26.158859252929688,8310,0.3,0.010834245,0.0003
8,200.0,33,2345.1666666666665,1044,8448,392.98380889892576,0.003125,-0.8868331342935563,-0.006196256866678596,0.7736952900886536,129.39419555664062,8320,0.3,0.0053155334,0.0003
8,200.0,34,2298.8837209302324,1042,8704,105.25624198913575,0.005859375,-0.7718615442514419,-0.004726591613143682,0.9674816131591797,39.14042663574219,8330,0.3,0.0033233946,0.0003
8,200.0,35,2302.818181818182,1042,8960,36.40080900192261,0.04453125,-0.7739688813686371,-0.00684979921206832,0.9797780513763428,10.224095344543457,8340,0.3,0.04905761,0.0003
8,200.0,36,2268.0434782608695,1042,9216,76.8215259552002,0.09140625,-0.8352222263813018,-0.006490707094781101,0.9708511829376221,38.20548629760742,8350,0.3,0.040098343,0.0003
9,200.0,37,2221.063829787234,1043,9472,52.32000102996826,0.0328125,-1.0461533606052398,-0.008927423460409045,0.9517495036125183,15.90076732635498,8360,0.3,0.006264938,0.0003
9,200.0,38,2221.5625,1043,9728,411.16810455322263,0.0125,-0.9567103892564773,0.0011002563172951342,0.5788576602935791,212.08370971679688,8370,0.3,0.0053636404,0.0003
9,200.0,39,2201.938775510204,1044,9984,105.15302448272705,0.0078125,-0.8887409389019012,-0.00523983605671674,0.9564915895462036,36.86240768432617,8380,0.3,0.0063309674,0.0003
9,200.0,40,2206.9607843137255,1042,10240,186.50181007385254,0.00390625,-0.9353002429008483,-0.007343213923741132,0.8740394115447998,53.783843994140625,8390,0.3,0.0044540977,0.0003
0,200.0,1,3010.0,1409,256,96.44118213653564,0.005859375,-0.8986960679292679,-0.004525839630514383,0.9417209029197693,60.11741638183594,8400,0.3,0.0051988335,0.0003
0,200.0,2,2510.0,1209,512,155.4840881347656,0.038671875,-1.1859300434589386,-0.008670112490653992,0.9414921402931213,61.05650329589844,8410,0.3,0.019451734,0.0003
0,200.0,3,2583.3333333333335,1121,768,132.87926483154297,0.021484375,-1.3204431414604187,-0.004437977145425975,0.9538751840591431,37.10272216796875,8420,0.3,0.01734936,0.0003
0,200.0,4,2498.0,1100,1024,117.17787628173828,0.02890625,-1.2639538168907165,-0.011851948057301342,0.9599463939666748,45.68974304199219,8430,0.3,0.026376644,0.0003
1,200.0,5,2543.3333333333335,1079,1280,115.64850311279297,0.199609375,-1.50251247882843,-0.01811555502936244,0.9524714946746826,51.3609619140625,8440,0.3,0.106258854,0.0003
1,200.0,6,2330.0,1085,1536,156.66837539672852,0.055078125,-1.4161254584789276,-0.008449110761284828,0.9519904255867004,106.71499633789062,8450,0.3,0.021715987,0.0003
1,200.0,7,2253.75,1087,1792,73.58433589935302,0.04296875,-1.686144471168518,-0.004891139338724315,0.9422600865364075,21.701297760009766,8460,0.3,0.025245693,0.0003
1,200.0,8,2257.0,1079,2048,111.10533428192139,0.010546875,-1.5909476637840272,-0.006128926749806851,0.9537326693534851,62.30918884277344,8470,0.3,0.0078543555,0.0003
2,200.0,9,2249.090909090909,1072,2304,93.09375877380371,0.06796875,-1.6084431171417237,-0.012103909440338612,0.9660620093345642,60.590415954589844,8480,0.3,0.023570966,0.0003
2,200.0,10,2161.6666666666665,1067,2560,190.94050483703614,0.0703125,-1.6260052382946015,-0.029008114570751788,0.9310441017150879,69.41048431396484,8490,0.3,0.034533575,0.0003
2,200.0,11,2105.714285714286,1069,2816,141.60230026245117,0.042578125,-1.4900103688240052,-0.014465893316082657,0.9358684420585632,65.36622619628906,8500,0.3,0.021357592,0.0003
2,200.0,12,2134.0,1060,3072,69.40663471221924,0.1203125,-1.7283588171005249,-0.020645367540419103,0.9591441750526428,24.8302001953125,8510,0.3,0.040534522,0.0003
3,200.0,13,2127.5,1062,3328,103.87401180267334,0.018359375,-1.6584697484970092,-0.0068223613779991865,0.9553005695343018,69.76911926269531,8520,0.3,0.00993378,0.0003
3,200.0,14,2078.235294117647,1052,3584,87.72498188018798,0.071484375,-1.6292046308517456,-0.014505783942877316,0.9627377390861511,27.88880729675293,8530,0.3,0.04256878,0.0003
3,200.0,15,2032.1052631578948,1041,3840,91.00958423614502,0.04453125,-1.6411912739276886,-0.011471448722295463,0.9592601656913757,38.087646484375,8540,0.3,0.014704206,0.0003
3,200.0,16,1984.0,1044,4096,137.52696075439454,0.005078125,-1.6719830453395843,-0.004710102523677051,0.9150062799453735,78.5350112915039,8550,0.3,0.0043576015,0.0003
4,200.0,17,1928.5714285714287,1048,4352,72.48215675354004,0.043359375,-1.7700644612312317,-0.013744998793117701,0.9522451758384705,17.480432510375977,8560,0.3,0.024182405,0.0003
4,200.0,18,1831.304347826087,1044,4608,29.686202788352965,0.034375,-1.9333297252655028,-0.014562488836236297,0.9549341797828674,16.099016189575195,8570,0.3,0.029912237,0.0003
4,200.0,19,1798.75,1045,4864,160.9593252182007,0.005859375,-1.7156890332698822,-0.005766402138397098,0.8513932824134827,56.34836196899414,8580,0.3,0.007128494,0.0003
4,200.0,20,1749.6,1047,5120,53.864591884613034,0.018359375,-1.8917061924934386,-0.009322723560035228,0.9646351337432861,27.23310089111328,8590,0.3,0.012667535,0.0003
5,200.0,21,1778.076923076923,1047,5376,62.175319290161134,0.02421875,-1.7676502108573913,-0.014504722412675619,0.9655295610427856,23.60568618774414,8600,0.3,0.017467054,0.0003
5,200.0,22,1743.2142857142858,1046,5632,400.22734451293945,0.021875,-1.509859961271286,-0.0009587889420799911,0.8141351342201233,194.9261016845703,8610,0.3,0.007239138,0.0003
5,200.0,23,1760.6896551724137,1047,5888,105.90623922348023,0.0,-1.7527773082256317,-0.005164080881513655,0.9425118565559387,74.13241577148438,8620,0.3,0.0016599265,0.0003
5,200.0,24,1760.6666666666667,1050,6144,134.37790184020997,0.0109375,-1.606302797794342,-0.0077802956802770495,0.9464290738105774,65.63355255126953,8630,0.3,0.009854303,0.0003
6,200.0,25,1776.25,1048,6400,179.90487174987794,0.0125,-1.585897547006607,-0.004275366198271513,0.923620879650116,94.02716064453125,8640,0.3,0.0060709566,0.0003
6,200.0,26,1709.090909090909,1050,6656,82.23559341430663,0.0234375,-1.6272989869117738,-0.008636493468657136,0.9653922319412231,33.21187210083008,8650,0.3,0.018060453,0.0003
6,200.0,27,1703.5294117647059,1051,6912,57.50846138000488,0.001171875,-1.2631971180438994,-0.002287371177226305,0.8001732230186462,12.115471839904785,8660,0.3,0.0035111592,0.0003
6,200.0,28,1711.4285714285713,1050,7168,444.3620834350586,0.0,-1.5954602539539338,-0.004572983155958355,0.7838459610939026,189.78623962402344,8670,0.3,0.0032261482,0.0003
7,200.0,29,1697.5675675675675,1051,7424,88.8647289276123,0.015625,-1.7720635652542114,-0.011108697857707739,0.9514234662055969,21.87179183959961,8680,0.3,0.015478514,0.0003
7,200.0,30,1674.2105263157894,1051,7680,117.91809844970703,0.065625,-1.6071963846683501,-0.017286270624026656,0.9495829343795776,51.205753326416016,8690,0.3,0.020484872,0.0003
7,200.0,31,1650.7692307692307,1052,7936,51.15741968154907,0.02265625,-1.6925716638565063,-0.011497432552278041,0.971256673336029,26.72005844116211,8700,0.3,0.012390172,0.0003
7,200.0,32,1617.75,1054,8192,62.0474684715271,0.141796875,-1.5853254318237304,-0.027660973672755062,0.9173582792282104,17.72332763671875,8710,0.3,0.041999154,0.0003
8,200.0,33,1637.3809523809523,1052,8448,71.797336769104,0.009765625,-1.2675282657146454,-0.003828476066701114,0.9615732431411743,42.74982833862305,8720,0.3,0.0087182,0.0003
8,200.0,34,1629.3023255813953,1052,8704,84.00376930236817,0.02265625,-1.6121896862983705,-0.00834165863925591,0.9543428421020508,55.662757873535156,8730,0.3,0.014292296,0.0003
8,200.0,35,1643.409090909091,1053,8960,76.67974224090577,0.04375,-1.5105082094669342,-0.011076841037720442,0.9641144871711731,40.91314697265625,8740,0.3,0.01813257,0.0003
8,200.0,36,1655.0,1054,9216,78.816237449646,0.0328125,-1.504856562614441,-0.004700458818115294,0.9656782150268555,40.34242630004883,8750,0.3,0.015274093,0.0003
8,200.0,37,1631.9148936170213,1053,9472,121.3015703201294,0.002734375,-1.5145615637302399,-0.004604853596538306,0.9294413924217224,66.57154083251953,8760,0.3,0.009945869,0.0003
9,200.0,38,1633.75,1053,9728,42.89582347869873,0.056640625,-1.6059140503406524,-0.015847731707617642,0.9706010818481445,15.605727195739746,8770,0.3,0.040395983,0.0003
9,200.0,39,1646.1224489795918,1054,9984,120.49234428405762,0.018359375,-1.581552302837372,-0.00832091928459704,0.9506157040596008,41.96925735473633,8780,0.3,0.014714393,0.0003
9,200.0,40,1637.8431372549019,1055,10240,145.5046895980835,0.015625,-1.6364141047000884,-0.007198945363052189,0.9354345202445984,103.2765884399414,8790,0.3,0.009461258,0.0003
0,200.0,1,1240.0,1416,256,61.39103593826294,0.0046875,-1.6279657900333404,-0.01115315342321992,0.9568544626235962,21.10044288635254,8800,0.3,0.008300694,0.0003
0,200.0,2,544.0,1225,512,38.64729700088501,0.00859375,-1.0074741423130036,-0.007982418523170054,0.9768487215042114,9.643465042114258,8410,0.3,0.005829503,0.0003
0,200.0,3,606.6666666666666,1148,768,73.55801105499268,0.00234375,-0.9705979108810425,-0.005322292307391762,0.9159179925918579,25.42315673828125,8420,0.3,0.008726051,0.0003
0,200.0,4,1108.0,1109,1024,73.98848237991334,0.015625,-1.0078396022319793,-0.00456593626877293,0.9554110765457153,22.228498458862305,8430,0.3,0.010072402,0.0003
1,200.0,5,997.3333333333334,1098,1280,118.91748027801513,0.00546875,-0.938090780377388,-0.008215489936992526,0.9412315487861633,75.90655517578125,8440,0.3,0.009000326,0.0003
1,200.0,6,1268.2857142857142,1088,1536,86.63093605041504,0.001953125,-1.0568871974945069,-0.004580312757752836,0.9491077661514282,39.770774841308594,8450,0.3,0.009582847,0.0003
1,200.0,7,1152.5,1079,1792,91.54612483978272,0.02109375,-0.9771471530199051,-0.009674731595441698,0.956290066242218,44.18571090698242,8460,0.3,0.01334595,0.0003
1,200.0,8,1218.1,1078,2048,56.0950270652771,0.018359375,-0.9775940299034118,-0.006999135762453079,0.9675813317298889,24.5662899017334,8470,0.3,0.009642399,0.0003
2,200.0,9,1284.8181818181818,1069,2304,75.25619506835938,0.000390625,-1.01514972448349,-0.001762373512610793,0.9440814256668091,24.743295669555664,8480,0.3,0.0016848266,0.0003
2,200.0,10,1436.9166666666667,1066,2560,72.28415431976319,0.04765625,-0.7718156456947327,-0.01614454439841211,0.9735966920852661,26.598960876464844,8490,0.3,0.027575403,0.0003
2,200.0,11,1546.642857142857,1059,2816,76.06981410980225,0.01796875,-0.7279485195875168,-0.008554809540510178,0.9733242392539978,32.15189743041992,8500,0.3,0.015431262,0.0003
2,200.0,12,1447.4,1062,3072,53.45215635299682,0.00234375,-0.9023860096931458,-0.0088293302571401,0.9772502779960632,19.965656280517578,8510,0.3,0.005599678,0.0003
3,200.0,13,1373.1875,1066,3328,27.34964953660965,0.247265625,-1.1748641848564148,-0.016574537567794322,0.9752566814422607,9.06434154510498,8520,0.3,0.09153794,0.0003
3,200.0,14,1379.9411764705883,1058,3584,34.81637501716614,0.032421875,-1.1439452052116394,-0.008184500015340745,0.976042628288269,16.52100372314453,8530,0.3,0.023851214,0.0003
3,200.0,15,1391.578947368421,1060,3840,40.28956851959229,0.03984375,-0.996372327208519,-0.013897241931408644,0.9800390005111694,13.009947776794434,8540,0.3,0.03383875,0.0003
3,200.0,16,1407.4,1057,4096,31.50218458175659,0.1578125,-0.913311579823494,-0.033290811348706484,0.9763699769973755,16.004344940185547,8550,0.3,0.08508928,0.0003
4,200.0,17,1479.5238095238096,1052,4352,51.5804349899292,0.020703125,-0.9233263194561004,-0.003046332998201251,0.9778874516487122,31.220706939697266,8560,0.3,0.006371226,0.0003
4,200.0,18,1528.608695652174,1053,4608,54.6567081451416,0.071484375,-0.7590692073106766,-0.012493481673300267,0.9826264381408691,26.566816329956055,8570,0.3,0.02442426,0.0003
4,200.0,19,1497.4166666666667,1050,4864,97.31801471710205,0.00703125,-0.8062400162220001,-0.004127679369412362,0.9490278959274292,26.95577621459961,8580,0.3,0.0024742717,0.0003
4,200.0,20,1487.68,1050,5120,38.50436835289001,0.005859375,-0.9634211748838425,-0.0069559381110593675,0.9765422940254211,13.679633140563965,8590,0.3,0.0074833645,0.0003
5,200.0,21,1442.076923076923,1052,5376,23.377553939819336,0.14140625,-1.081100618839264,-0.009766593435779214,0.9851463437080383,13.34227180480957,8600,0.3,0.022036087,0.0003
5,200.0,22,1502.642857142857,1051,5632,42.56843643188476,0.017578125,-0.9707984983921051,-0.004168888879939913,0.9699978828430176,30.787986755371094,8610,0.3,0.01270226,0.0003
5,200.0,23,1460.0,1046,5888,139.29189338684083,0.0359375,-0.7871143698692322,-0.008272594318259507,0.9396368861198425,81.84140014648438,8620,0.3,0.015854388,0.0003
5,200.0,24,1507.8666666666666,1049,6144,43.12851572036743,0.187890625,-1.1359695672988892,-0.01293790729250759,0.9679427742958069,4.706119060516357,8630,0.3,0.06407867,0.0003
6,200.0,25,1611.09375,1047,6400,46.032321739196775,0.095703125,-0.8096046596765518,-0.004857909958809614,0.9840015172958374,30.719375610351562,8640,0.3,0.009054067,0.0003
6,200.0,26,1634.1515151515152,1046,6656,88.16622066497803,0.040234375,-0.7402353852987289,-0.004134379071183502,0.97132807970047,28.84197425842285,8650,0.3,0.014374599,0.0003
6,200.0,27,1580.264705882353,1046,6912,40.933428573608396,0.048046875,-0.992021507024765,-0.006315415236167609,0.9825381636619568,22.91688346862793,8660,0.3,0.027581822,0.0003
6,200.0,28,1617.057142857143,1047,7168,69.93588294982911,0.094140625,-1.1561107873916625,-0.010159593657590449,0.9495286345481873,32.99787139892578,8670,0.3,0.02128749,0.0003
7,200.0,29,1578.4324324324325,1048,7424,70.50763244628907,0.029296875,-0.8626019954681396,-0.0032397112576290966,0.9702968597412109,26.097766876220703,8680,0.3,0.011011641,0.0003
7,200.0,30,1570.1315789473683,1048,7680,57.55111055374145,0.045703125,-1.003961619734764,-0.005581142916344106,0.9247118830680847,12.807019233703613,8690,0.3,0.011904747,0.0003
7,200.0,31,1556.2564102564102,1050,7936,40.46366424560547,0.028125,-0.7584118366241455,-0.006038323836401105,0.9738841652870178,16.31934356689453,8700,0.3,0.015735582,0.0003
7,200.0,32,1553.8,1050,8192,47.49710578918457,0.008203125,-0.9313437938690186,-0.0037680074572563173,0.9683418273925781,8.442549705505371,8710,0.3,0.009317485,0.0003
8,200.0,33,1561.6666666666667,1052,8448,64.5460729598999,0.030078125,-0.7392833292484283,-0.005700133461505175,0.9757451415061951,27.2648983001709,8720,0.3,0.024756841,0.0003
8,200.0,34,1598.1860465116279,1049,8704,34.93566579818726,0.080078125,-0.9973834246397019,-0.012346851552138105,0.9773623943328857,14.122180938720703,8730,0.3,0.026225094,0.0003
8,200.0,35,1611.7727272727273,1050,8960,40.5924412727356,0.0578125,-0.7297876983880996,-0.0063841397408396,0.9855759739875793,16.580495834350586,8740,0.3,0.007155778,0.0003
8,200.0,36,1652.5652173913043,1050,9216,31.070824527740477,0.143359375,-0.7763953894376755,-0.012941814656369389,0.9884783029556274,8.721814155578613,8750,0.3,0.04156901,0.0003
9,200.0,37,1612.8297872340424,1051,9472,59.17386169433594,0.018359375,-0.7799564331769944,-0.0034106340492144225,0.9772918820381165,22.92304039001465,8760,0.3,0.008063004,0.0003
9,200.0,38,1595.5208333333333,1051,9728,22.226715242862703,0.3671875,-1.3566715955734252,-0.017568028601817786,0.9748742580413818,19.71396827697754,8770,0.3,0.06837538,0.0003
9,200.0,39,1607.857142857143,1049,9984,55.710965156555176,0.009765625,-1.05283921957016,-0.006169900251552463,0.9682319760322571,21.4472599029541,8780,0.3,0.01226348,0.0003
9,200.0,40,1610.0588235294117,1049,10240,167.9135871887207,0.00390625,-0.8545846998691559,-0.005458484054543078,0.9175885915756226,67.97108459472656,8790,0.3,0.005441293,0.0003
0,200.0,1,2530.0,1361,256,46.934314823150636,0.0,-1.111902904510498,-0.003723542485386133,0.9601417779922485,27.83961296081543,8800,0.3,0.004634911,0.0003
0,200.0,2,1675.0,1203,512,95.96386547088623,0.00703125,-1.6574098706245421,-0.007868580846115946,0.9607534408569336,40.62998962402344,8810,0.3,0.008157741,0.0003
0,200.0,3,1383.3333333333333,1153,768,76.68137187957764,0.00234375,-1.5182271480560303,-0.005391872604377568,0.9444728493690491,34.3923454284668,8820,0.3,0.0023260063,0.0003
0,200.0,4,1346.0,1121,1024,109.94586086273193,0.00546875,-1.6993372857570648,-0.005139780649915338,0.9247721433639526,33.312503814697266,8830,0.3,0.008395122,0.0003
1,200.0,5,1286.6666666666667,1113,1280,15.892585802078248,0.153125,-2.0455941796302795,-0.03142305815126747,0.9788642525672913,6.679164886474609,8840,0.3,0.042822555,0.0003
1,200.0,6,1185.7142857142858,1094,1536,124.86935653686524,0.0828125,-1.4700852394104005,-0.01628798311576247,0.9304806590080261,49.09027099609375,8850,0.3,0.040659733,0.0003
1,200.0,7,1053.75,1084,1792,7065.589575195312,0.0,-0.5599268361926079,-0.0015703241107985378,-8.375639915466309,3520.39697265625,8860,0.3,0.0009438582,0.0003
1,200.0,8,1007.0,1082,2048,3336.6201507568358,0.0,-1.3338501155376434,0.00020089066820219159,-5.617496490478516,271.711669921875,8870,0.3,3.3684308e-05,0.0003
2,200.0,9,925.4545454545455,1083,2304,540.5889328002929,0.0,-1.6037400364875793,-0.0007563053630292415,0.7484564185142517,150.0606231689453,8880,0.3,0.00010422524,0.0003
2,200.0,10,895.8333333333334,1081,2560,159.1300166130066,0.00234375,-0.9092371016740799,-0.006223414791747928,0.5807324647903442,12.545771598815918,8890,0.3,0.0023626823,0.0003
2,200.0,11,846.4285714285714,1082,2816,109.90954055786133,0.000390625,-1.4943748235702514,-0.0009249317226931453,0.8592811822891235,45.6525764465332,8900,0.3,0.003624476,0.0003
2,200.0,12,876.0,1082,3072,56.48141460418701,0.01171875,-1.3939638912677765,-0.011778636509552598,0.9413225650787354,29.87436866760254,8910,0.3,0.011886165,0.0003
3,200.0,13,871.875,1082,3328,68.88495969772339,0.0,-1.5678424954414367,-0.002187274908646941,0.9529058337211609,14.883732795715332,8920,0.3,0.0037981211,0.0003
3,200.0,14,868.2352941176471,1080,3584,38.20378952026367,0.002734375,-1.4889031052589417,-0.006763054803013801,0.969190776348114,12.844891548156738,8930,0.3,0.007367441,0.0003
3,200.0,15,787.3684210526316,1080,3840,46.83455104827881,0.016015625,-0.5965129226446152,-0.00695531158708036,0.9195830225944519,5.711540699005127,8940,0.3,0.0038962706,0.0003
3,200.0,16,848.5,1078,4096,33.929221057891844,0.004296875,-1.6107383370399475,-0.005775654735043645,0.9646697640419006,12.682051658630371,8950,0.3,0.0066697514,0.0003
4,200.0,17,847.1428571428571,1078,4352,40.16362705230713,0.07890625,-1.438066118955612,-0.010608449205756187,0.9774882793426514,16.047536849975586,8960,0.3,0.037341982,0.0003
4,200.0,18,841.7391304347826,1077,4608,49.62429008483887,0.091796875,-1.1791664898395537,-0.017629528837278485,0.9754156470298767,20.060609817504883,8970,0.3,0.01811292,0.0003
4,200.0,19,830.8333333333334,1080,4864,24.559680652618407,0.0109375,-1.8169326782226562,-0.010617728321813047,0.9730388522148132,5.152277946472168,8980,0.3,0.01147211,0.0003
4,200.0,20,802.8,1077,5120,24.24949245452881,0.062890625,-1.1600514650344849,-0.020184160873759537,0.9807164072990417,13.211621284484863,8990,0.3,0.0228841,0.0003
4,200.0,21,821.9230769230769,1077,5376,122.44330282211304,0.029296875,-0.7441104888916016,0.0016832146793603897,0.8778762221336365,29.153596878051758,9000,0.3,0.016620638,0.0003
5,200.0,22,821.4285714285714,1075,5632,57.2648868560791,0.0140625,-1.0476819336414338,-0.005396430520340801,0.9639653563499451,25.59269142150879,9010,0.3,0.008109531,0.0003
5,200.0,23,829.3103448275862,1076,5888,17.385889959335326,0.02578125,-1.5927285969257354,-0.007833360880613326,0.9635416865348816,3.5009734630584717,9020,0.3,0.018280484,0.0003
5,200.0,24,844.6666666666666,1074,6144,62.69566688537598,0.025390625,-1.4122923552989959,-0.01681483662687242,0.9488318562507629,20.42043113708496,9030,0.3,0.020805154,0.0003
5,200.0,25,828.75,1075,6400,38.259967470169066,0.0328125,-1.770822536945343,-0.0006911955308169127,0.9683378338813782,2.805736541748047,9040,0.3,0.010716758,0.0003
6,200.0,26,871.8181818181819,1075,6656,38.12251796722412,0.0125,-1.6174223005771637,-0.003942209226079285,0.953692615032196,16.917322158813477,9050,0.3,0.0053159622,0.0003
6,200.0,27,865.5882352941177,1076,6912,47.39713268280029,0.0453125,-1.6022871673107146,-0.016969089349731802,0.9798803329467773,11.84643268585205,9060,0.3,0.027398938,0.0003
6,200.0,28,878.0,1075,7168,100.93503150939941,0.037890625,-1.8044088423252105,-0.015718075912445784,0.9469447731971741,36.63605880737305,9070,0.3,0.024660613,0.0003
6,200.0,29,833.7837837837837,1074,7424,254.17212371826173,0.001171875,-1.6154280841350555,0.001618482847698033,0.422756552696228,51.31797790527344,9080,0.3,0.00481418,0.0003
7,200.0,30,890.5263157894736,1070,7680,35.08038644790649,0.114453125,-1.8612049579620362,-0.01930838907137513,0.965190052986145,10.155372619628906,9090,0.3,0.05258751,0.0003
7,200.0,31,913.3333333333334,1070,7936,63.07567462921143,0.019140625,-1.299218475818634,-0.011342184478417039,0.9800838232040405,26.634124755859375,9100,0.3,0.015552621,0.0003
7,200.0,32,934.75,1072,8192,39.455185127258304,0.06796875,-1.4659962415695191,-0.013964802492409945,0.9829489588737488,29.513538360595703,9110,0.3,0.019591771,0.0003
7,200.0,33,1010.0,1070,8448,39.19515657424927,0.09921875,-1.5991660177707672,-0.014152917312458158,0.9791427254676819,10.575675010681152,9120,0.3,0.042705417,0.0003
8,200.0,34,1050.9302325581396,1068,8704,78.52499275207519,0.0171875,-1.1452875137329102,-0.005907340021803975,0.9753530025482178,31.340091705322266,9130,0.3,0.0097897425,0.0003
8,200.0,35,1083.6363636363637,1065,8960,149.56733436584472,0.007421875,-1.0938389033079148,-0.014363452058751136,0.9487223625183105,58.0883674621582,9140,0.3,0.009201614,0.0003
8,200.0,36,1129.1304347826087,1064,9216,64.36780261993408,0.016015625,-1.288522207736969,-0.005129831889644265,0.9802559018135071,21.737985610961914,9150,0.3,0.010537986,0.0003
8,200.0,37,1173.1914893617022,1064,9472,29.168392848968505,0.08671875,-1.605162686109543,-0.019458125857636333,0.9810090661048889,15.594523429870605,9160,0.3,0.03132321,0.0003
9,200.0,38,1215.625,1063,9728,220.82482681274413,0.001953125,-1.1092597842216492,-0.0004415591130964458,0.921484649181366,91.6364517211914,9170,0.3,0.0018478392,0.0003
9,200.0,39,1221.4285714285713,1063,9984,71.51457042694092,0.008984375,-1.2970762848854065,-0.007110652141273021,0.9688031673431396,21.400270462036133,9180,0.3,0.009776816,0.0003
9,200.0,40,1304.9019607843138,1062,10240,57.596343994140625,0.011328125,-1.2338435888290404,-0.007683767122216523,0.9814159870147705,31.97575569152832,9190,0.3,0.00481645,0.0003
0,200.0,1,1737.0,1446,256,58.273994827270506,0.023046875,-1.2590383768081665,-0.009006641106680036,0.9818814396858215,14.90948486328125,9200,0.3,0.011688324,0.0003
0,200.0,2,2578.5,1196,512,42.553125858306885,0.040234375,-0.7453701764345169,-0.007839228864759207,0.976508378982544,22.43891143798828,8810,0.3,0.01276193,0.0003
0,200.0,3,2215.6666666666665,1108,768,37.570897579193115,0.032421875,-0.8291307300329208,-0.006230366602540016,0.9867276549339294,15.750561714172363,8820,0.3,0.020519827,0.0003
0,200.0,4,2214.8,1102,1024,29.521996212005615,0.071484375,-0.9671241611242294,-0.005711920373141765,0.9890462160110474,15.307254791259766,8830,0.3,0.03957645,0.0003
1,200.0,5,2298.6666666666665,1101,1280,34.32802963256836,0.05078125,-0.8505399823188782,-0.006007707945536822,0.980022668838501,14.227636337280273,8840,0.3,0.018394247,0.0003
1,200.0,6,2082.285714285714,1088,1536,34.01746654510498,0.124609375,-0.9693182408809662,-0.0074806938413530585,0.9876987338066101,12.986410140991211,8850,0.3,0.026852008,0.0003
1,200.0,7,2161.25,1078,1792,24.250530338287355,0.029296875,-1.0263652622699737,-0.007497125235386193,0.9882583022117615,4.453230857849121,8860,0.3,0.017885432,0.0003
1,200.0,8,2099.9,1077,2048,65.4373589515686,0.041015625,-0.7285967916250229,-0.0068650191184133295,0.9794580340385437,38.27999496459961,8870,0.3,0.018747246,0.0003
2,200.0,9,2176.818181818182,1083,2304,25.432593393325806,0.011328125,-0.7373726040124893,-0.001347930822521448,0.9737548232078552,7.2963995933532715,8880,0.3,0.007089461,0.0003
2,200.0,10,2061.3333333333335,1075,2560,104.1312391281128,0.016015625,-0.8781004279851914,-0.00433268581982702,0.9534381628036499,41.43022537231445,8890,0.3,0.007884098,0.0003
2,200.0,11,1713.0714285714287,1080,2816,21.68398277759552,0.0,-0.9598715960979461,0.0005595740396529437,0.9499422907829285,3.3603885173797607,8900,0.3,0.0006099553,0.0003
2,200.0,12,1794.0666666666666,1078,3072,6.801240712404251,0.06171875,-1.2485151290893555,-0.007906201528385282,0.8859275579452515,0.5231667757034302,8910,0.3,0.028456181,0.0003
3,200.0,13,1789.6875,1079,3328,43.294004344940184,0.005859375,-1.0175632327795028,0.0013338438235223292,0.9838995933532715,15.083800315856934,8920,0.3,0.008642982,0.0003
3,200.0,14,1829.8235294117646,1082,3584,24.168176221847535,0.1125,-0.8343825578689575,-0.012754218163900077,0.991742730140686,11.799985885620117,8930,0.3,0.028995126,0.0003
3,200.0,15,1932.842105263158,1077,3840,36.0298885345459,0.01796875,-0.6502584874629974,-0.012886613118462264,0.9867016673088074,15.780410766601562,8940,0.3,0.01780153,0.0003
3,200.0,16,1851.6,1075,4096,115.74104452133179,0.0,-0.8719686418771744,-0.0014879386289976537,0.9503783583641052,70.18791198730469,8950,0.3,0.0012638608,0.0003
4,200.0,17,1899.1904761904761,1075,4352,8.896403849124908,0.01875,-1.0892240405082703,-0.0017267696792259812,0.9924175143241882,1.2557812929153442,8960,0.3,0.0114805065,0.0003
4,200.0,18,1978.1304347826087,1072,4608,48.426580810546874,0.00546875,-0.7082491546869278,-0.004807426314800978,0.984330952167511,23.193559646606445,8970,0.3,0.006384945,0.0003
4,200.0,19,2018.5,1068,4864,47.96314663887024,0.01484375,-0.752406433224678,-0.005930261337198317,0.981622576713562,30.199613571166992,8980,0.3,0.013282733,0.0003
4,200.0,20,2063.48,1070,5120,119.28837280273437,0.0,-0.5882810652256012,-0.0016663128277286886,0.9616814255714417,23.367902755737305,8990,0.3,0.001283434,0.0003
5,200.0,21,2105.576923076923,1068,5376,38.41426753997803,0.005859375,-0.7055823147296906,-0.005187214375473559,0.9861748218536377,20.895000457763672,9000,0.3,0.0065050256,0.0003
5,200.0,22,2103.75,1066,5632,15.613664197921754,0.060546875,-0.9401805132627488,-0.008128390647470951,0.9934985637664795,10.441895484924316,9010,0.3,0.020006023,0.0003
5,200.0,23,2139.689655172414,1066,5888,38.19557838439941,0.036328125,-0.755095374584198,-0.00802447258029133,0.9838147759437561,18.1923885345459,9020,0.3,0.024618601,0.0003
5,200.0,24,2156.633333333333,1066,6144,61.507715702056885,0.00390625,-0.6002569377422333,-0.0034791141981258987,0.967212438583374,15.038385391235352,9030,0.3,0.0039620185,0.0003
5,200.0,25,2203.9375,1066,6400,81.53101291656495,0.00859375,-0.6703632473945618,-0.007928747520782053,0.9706520438194275,31.471885681152344,9040,0.3,0.008266436,0.0003
6,200.0,26,2225.4545454545455,1066,6656,40.29376592636108,0.011328125,-0.8097555547952652,-0.013162553927395492,0.9829714894294739,10.89189624786377,9050,0.3,0.01099576,0.0003
6,200.0,27,2188.676470588235,1069,6912,24.910182666778564,0.01875,-0.7411665976047516,-0.008819346106611193,0.9914311766624451,10.437379837036133,9060,0.3,0.009807416,0.0003
6,200.0,28,2209.342857142857,1067,7168,71.04333877563477,0.0046875,-0.7405699223279953,-0.002311158482916653,0.9613149166107178,30.164892196655273,9070,0.3,0.00385787,0.0003
6,200.0,29,2248.162162162162,1067,7424,27.930893850326537,0.09375,-0.7186723440885544,-0.01374365969095379,0.9917314052581787,9.716229438781738,9080,0.3,0.039003305,0.0003
7,200.0,30,2272.7368421052633,1067,7680,27.18435492515564,0.0296875,-0.6917108833789826,-0.012007112032733858,0.9900209903717041,10.857707977294922,9090,0.3,0.0101883905,0.0003
7,200.0,31,2234.5384615384614,1067,7936,47.03856086730957,0.02265625,-0.5972459495067597,-0.0048667923780158166,0.9798399209976196,20.213302612304688,9100,0.3,0.012940593,0.0003
7,200.0,32,2192.65,1068,8192,8.52470796108246,0.088671875,-1.151746290922165,-0.008330557448789477,0.9898622632026672,1.0216233730316162,9110,0.3,0.009380015,0.0003
7,200.0,33,2241.1428571428573,1069,8448,18.52645311355591,0.05390625,-0.5394917204976082,-0.010666823014616966,0.9915816783905029,10.222277641296387,9120,0.3,0.035748795,0.0003
8,200.0,34,2267.5116279069766,1067,8704,219.6396083831787,0.02265625,-0.6820436805486679,-0.009004721650853753,0.9124892950057983,52.208980560302734,9130,0.3,0.009126159,0.0003
8,200.0,35,2292.681818181818,1066,8960,34.92819404602051,0.0078125,-0.6684300452470779,-0.004412319790571928,0.9816918969154358,9.79804801940918,9140,0.3,0.0046821567,0.0003
8,200.0,36,2268.6304347826085,1066,9216,13.01183533668518,0.101953125,-0.8694375455379486,-0.005549728474579752,0.9917461276054382,5.575638771057129,9150,0.3,0.023401268,0.0003
8,200.0,37,2262.2127659574467,1066,9472,27.24759883880615,0.03046875,-0.7025294929742814,-0.0006176112219691277,0.9882528781890869,14.25154972076416,9160,0.3,0.0062380247,0.0003
9,200.0,38,2261.1041666666665,1065,9728,176.76807956695558,0.013671875,-0.691602709889412,0.00013497070176526904,0.897599458694458,55.51494598388672,9170,0.3,0.0038395426,0.0003
9,200.0,39,2273.204081632653,1065,9984,48.242680358886716,0.01640625,-0.8654094934463501,-0.008177614631131291,0.9775875806808472,15.151162147521973,9180,0.3,0.0072570946,0.0003
9,200.0,40,2289.0392156862745,1064,10240,28.695884466171265,0.00078125,-0.5568088710308075,-0.0026052316417917607,0.988522469997406,15.612992286682129,9190,0.3,0.0033693484,0.0003
0,200.0,1,570.0,1447,256,20.141061210632323,0.04765625,-0.8022398084402085,-0.00841877916827798,0.9919036030769348,9.036590576171875,9200,0.3,0.015322544,0.0003
0,200.0,2,930.0,1202,512,16.786144924163818,0.04921875,-1.6243928134441377,-0.022272415994666516,0.9875524044036865,8.699408531188965,9210,0.3,0.030188238,0.0003
0,200.0,3,1770.0,1150,768,50.729101943969724,0.0328125,-1.4373761236667633,-0.012629939708858728,0.9739376306533813,18.47100257873535,9220,0.3,0.016151229,0.0003
0,200.0,4,2118.0,1144,1024,39.38079519271851,0.005078125,-1.4781168818473815,-0.008607888640835882,0.982714831829071,24.88078498840332,9230,0.3,0.005501795,0.0003
1,200.0,5,2020.0,1118,1280,50.221599674224855,0.045703125,-1.233797311782837,-0.017457565013319253,0.9843713045120239,15.2179536819458,9240,0.3,0.019319229,0.0003
1,200.0,6,1771.4285714285713,1099,1536,22.02625548839569,0.03046875,-1.70121728181839,-0.021543462900444864,0.9869054555892944,11.591642379760742,9250,0.3,0.018706955,0.0003
1,200.0,7,1981.25,1078,1792,39.85007095336914,0.06015625,-1.5573938369750977,-0.013773633819073438,0.978112518787384,20.593399047851562,9260,0.3,0.04884336,0.0003
1,200.0,8,2303.0,1070,2048,58.02044563293457,0.00703125,-1.0262838274240493,-0.005851979786530137,0.9812628626823425,29.150793075561523,9270,0.3,0.005668455,0.0003
2,200.0,9,2429.090909090909,1065,2304,124.35423851013184,0.00234375,-0.9464133024215698,4.118611104786396e-06,0.9602442979812622,50.2349739074707,9280,0.3,0.002291383,0.0003
2,200.0,10,2554.1666666666665,1062,2560,52.1531286239624,0.004296875,-1.0403068751096725,-0.005044625140726566,0.9822391271591187,19.97934341430664,9290,0.3,0.00629897,0.0003
2,200.0,11,2648.5714285714284,1062,2816,72.99257831573486,0.0734375,-1.0929597079753877,-0.022634161496534945,0.9762440919876099,31.058656692504883,9300,0.3,0.025070172,0.0003
2,200.0,12,2655.3333333333335,1056,3072,43.453289890289305,0.098828125,-1.1892297685146331,-0.024600216094404458,0.9854962825775146,18.798137664794922,9310,0.3,0.028522031,0.0003
3,200.0,13,2660.0,1051,3328,45.76084299087525,0.0625,-1.178926205635071,-0.011640400555916131,0.9812481999397278,22.54513931274414,9320,0.3,0.017201645,0.0003
3,200.0,14,2708.823529411765,1042,3584,29.78287935256958,0.098046875,-1.2088178992271423,-0.02019300600513816,0.9904950857162476,12.746593475341797,9330,0.3,0.023473423,0.0003
3,200.0,15,2686.315789473684,1034,3840,53.00316076278686,0.009375,-1.086483609676361,-0.006476510770153254,0.9805759191513062,21.812780380249023,9340,0.3,0.008055966,0.0003
3,200.0,16,2737.0,1033,4096,25.89295721054077,0.01875,-0.9303952574729919,-0.011068806098774076,0.986874520778656,13.534021377563477,9350,0.3,0.058690462,0.0003
4,200.0,17,2748.095238095238,1022,4352,44.37295446395874,0.03359375,-1.0579044997692109,-0.013286674674600363,0.9879432916641235,27.2860164642334,9360,0.3,0.018481342,0.0003
4,200.0,18,2746.521739130435,1027,4608,94.93229255676269,0.0109375,-1.3713933289051057,-0.00611203599255532,0.9549047946929932,37.395633697509766,9370,0.3,0.008721642,0.0003
4,200.0,19,2777.5,1027,4864,62.10450916290283,0.018359375,-1.0974932551383971,-0.014822651946451515,0.9810725450515747,27.40402603149414,9380,0.3,0.016700579,0.0003
4,200.0,20,2794.8,1028,5120,63.41047220230102,0.09921875,-1.0907899498939515,-0.01643483660882339,0.9797050356864929,24.336360931396484,9390,0.3,0.04075838,0.0003
5,200.0,21,2773.846153846154,1030,5376,20.440221643447877,0.02734375,-1.1705628335475922,-0.01766438742633909,0.9931369423866272,7.018209457397461,9400,0.3,0.019321235,0.0003
5,200.0,22,2711.785714285714,1032,5632,40.59442977905273,0.08125,-1.338583093881607,-0.016026792745105923,0.9832472205162048,23.00949478149414,9410,0.3,0.026232217,0.0003
5,200.0,23,2737.9310344827586,1034,5888,41.321020698547365,0.025,-1.5870725512504578,-0.001371920364908874,0.9722204804420471,23.55120086669922,9420,0.3,0.014028443,0.0003
5,200.0,24,2730.0,1035,6144,36.33243703842163,0.017578125,-1.1129868805408478,-0.00855242726393044,0.987999677658081,12.753223419189453,9430,0.3,0.009658524,0.0003
6,200.0,25,2716.5625,1037,6400,59.909271812438966,0.026953125,-1.1027352929115295,-0.011891797254793345,0.9797424077987671,22.05824089050293,9440,0.3,0.01012732,0.0003
6,200.0,26,2695.757575757576,1037,6656,29.282596111297607,0.09140625,-1.180275672674179,-0.011670988332480193,0.9864321947097778,5.761972904205322,9450,0.3,0.049556084,0.0003
6,200.0,27,2689.705882352941,1037,6912,31.482910633087158,0.03125,-1.266186934709549,-0.007380144507624209,0.9858171939849854,11.716163635253906,9460,0.3,0.016926762,0.0003
6,200.0,28,2657.714285714286,1037,7168,16.46620469093323,0.181640625,-1.579474002122879,-0.027724636532366276,0.9906232357025146,6.288400650024414,9470,0.3,0.059252128,0.0003
7,200.0,29,2655.135135135135,1038,7424,19.336865997314455,0.070703125,-1.1988333880901336,-0.025121863931417465,0.99199378490448,11.288651466369629,9480,0.3,0.02572802,0.0003
7,200.0,30,2676.5789473684213,1035,7680,19.42146530151367,0.065625,-1.318478924036026,-0.011563371471129357,0.9934375286102295,11.635727882385254,9490,0.3,0.0130412355,0.0003
7,200.0,31,2696.923076923077,1034,7936,21.687297677993776,0.221484375,-1.0102919965982438,-0.02448839056305587,0.992966890335083,11.467022895812988,9500,0.3,0.070925474,0.0003
7,200.0,32,2715.75,1035,8192,27.192376041412352,0.126953125,-0.9670286178588867,-0.017245494527742267,0.9919571280479431,12.112566947937012,9510,0.3,0.07474454,0.0003
8,200.0,33,2740.2380952380954,1035,8448,36.40174760818481,0.045703125,-1.2443632066249848,-0.013095392496325076,0.9839567542076111,12.011051177978516,9520,0.3,0.016651152,0.0003
8,200.0,34,2762.3255813953488,1036,8704,59.9959114074707,0.08203125,-1.066283756494522,-0.011737290991004557,0.9818633794784546,21.080833435058594,9530,0.3,0.028323624,0.0003
8,200.0,35,2777.9545454545455,1036,8960,26.65844860076904,0.126953125,-1.1423082113265992,-0.024228626396507025,0.9920535087585449,6.486225605010986,9540,0.3,0.02699012,0.0003
8,200.0,36,2714.1304347826085,1037,9216,14.168074345588684,0.10390625,-1.2128567755222321,-0.01836032106075436,0.9941188097000122,4.872350692749023,9550,0.3,0.039929785,0.0003
9,200.0,37,2720.425531914894,1037,9472,83.13900671005248,0.1921875,-1.7481931746006012,-0.006848224531859159,0.9161187410354614,17.51726531982422,9560,0.3,0.0451452,0.0003
9,200.0,38,2720.625,1038,9728,110.00634679794311,0.0,-1.1951115489006043,-0.003123820759356022,0.9514672160148621,31.25865364074707,9570,0.3,0.002114672,0.0003
9,200.0,39,2690.816326530612,1037,9984,16.231564307212828,0.107421875,-1.3589974880218505,-0.019265615218318998,0.9920622706413269,10.429231643676758,9580,0.3,0.017975353,0.0003
9,200.0,40,2702.7450980392155,1037,10240,38.10835738182068,0.069921875,-1.306854772567749,-0.015856229281052948,0.9826409816741943,18.417245864868164,9590,0.3,0.014742642,0.0003
0,200.0,1,2890.0,1383,256,23.150226402282716,0.015234375,-1.0636591911315918,-0.00804442804073915,0.9907640218734741,7.937211990356445,9600,0.3,0.008779231,0.0003
0,200.0,2,2305.0,1179,512,47.10579128265381,0.047265625,-0.6984721928834915,-0.0036813355516642334,0.977658212184906,17.305219650268555,9210,0.3,0.012216296,0.0003
0,200.0,3,2502.0,1120,768,24.659347248077392,0.060546875,-0.8291818290948868,-0.006839149445295334,0.9901175498962402,5.797680377960205,9220,0.3,0.024456985,0.0003
0,200.0,4,2665.8,1099,1024,15.810556840896606,0.06484375,-0.7979907214641571,-0.006952566676773131,0.9945144057273865,4.365559101104736,9230,0.3,0.013992729,0.0003
1,200.0,5,2708.1666666666665,1082,1280,18.289048290252687,0.052734375,-0.8959693938493729,-0.005592173873446881,0.9931686520576477,9.100147247314453,9240,0.3,0.018765733,0.0003
1,200.0,6,2603.0,1081,1536,13.330992078781128,0.042578125,-0.922540357708931,-0.012064474821090698,0.9941970109939575,6.732629299163818,9250,0.3,0.020915292,0.0003
1,200.0,7,2611.0,1068,1792,15.923417901992797,0.02265625,-0.9167368173599243,-0.007692612241953611,0.9936125874519348,8.16092586517334,9260,0.3,0.006690655,0.0003
1,200.0,8,2790.3,1061,2048,14.17720844745636,0.119921875,-0.8154921025037766,-0.011640553711913526,0.9953681230545044,4.00048828125,9270,0.3,0.048774872,0.0003
2,200.0,9,2736.2727272727275,1061,2304,16.279664087295533,0.066796875,-0.7763051062822341,-0.009690754255279899,0.9946964979171753,9.933442115783691,9280,0.3,0.02721989,0.0003
2,200.0,10,2686.6666666666665,1064,2560,21.09109377861023,0.114453125,-0.9406260401010513,-0.020840183692052962,0.9915781021118164,10.368047714233398,9290,0.3,0.029991793,0.0003
2,200.0,11,2635.214285714286,1060,2816,23.511038780212402,0.013671875,-0.9410150825977326,-0.004729496105574072,0.9844527244567871,4.153424263000488,9300,0.3,0.018350989,0.0003
2,200.0,12,2671.8,1059,3072,35.59977540969849,0.03671875,-0.8975319743156434,-0.010589744732715189,0.9871237874031067,21.57107162475586,9310,0.3,0.016941793,0.0003
3,200.0,13,2715.8125,1055,3328,41.19492721557617,0.0109375,-0.8121680676937103,-0.004536900413222611,0.9851030111312866,14.855222702026367,9320,0.3,0.006753501,0.0003
3,200.0,14,2714.9411764705883,1053,3584,14.356123089790344,0.018359375,-0.8330774158239365,-0.00870261478703469,0.9935072064399719,7.5841450691223145,9330,0.3,0.012055383,0.0003
3,200.0,15,2748.7368421052633,1050,3840,83.67772474288941,0.0328125,-0.8610079884529114,0.0009175187675282359,0.9690583944320679,16.713726043701172,9340,0.3,0.013448933,0.0003
3,200.0,16,2770.05,1053,4096,43.511387300491336,0.010546875,-0.8880399495363236,-0.006443940871395171,0.9840292930603027,26.47963523864746,9350,0.3,0.007692964,0.0003
4,200.0,17,2764.6190476190477,1048,4352,153.1968620300293,0.0328125,-0.8839293897151947,-0.005884428042918444,0.9424867033958435,18.33987045288086,9360,0.3,0.01935187,0.0003
4,200.0,18,2820.217391304348,1042,4608,22.07926368713379,0.031640625,-0.8123937100172043,-0.011226990283466876,0.9903685450553894,7.901974201202393,9370,0.3,0.026384436,0.0003
4,200.0,19,2774.2916666666665,1043,4864,42.010346746444704,0.05234375,-0.7817937970161438,-0.007172654313035309,0.9841156005859375,7.64137077331543,9380,0.3,0.012008291,0.0003
4,200.0,20,2721.96,1044,5120,20.121937656402586,0.023828125,-1.0249729752540588,-0.008554625720717014,0.9895872473716736,7.864411354064941,9390,0.3,0.007780047,0.0003
5,200.0,21,2746.653846153846,1045,5376,14.184397578239441,0.0640625,-0.9281896322965622,-0.011878613475710153,0.9934200644493103,6.193700790405273,9400,0.3,0.027404875,0.0003
5,200.0,22,2784.9285714285716,1045,5632,14.002341675758363,0.02578125,-0.778296360373497,-0.0058534394949674605,0.9960121512413025,6.495497226715088,9410,0.3,0.006489885,0.0003
5,200.0,23,2780.551724137931,1046,5888,55.622476959228514,0.017578125,-0.813165220618248,-0.0014807664323598147,0.9779791831970215,18.878807067871094,9420,0.3,0.0052032555,0.0003
5,200.0,24,2784.4,1046,6144,22.8019898891449,0.005078125,-0.8537091046571732,-0.006785156670957804,0.9889243245124817,7.067685604095459,9430,0.3,0.0065770657,0.0003
6,200.0,25,2786.03125,1047,6400,20.54687457084656,0.0546875,-0.8317405194044113,-0.013654350629076361,0.9929112195968628,9.306498527526855,9440,0.3,0.021750066,0.0003
6,200.0,26,2803.5454545454545,1049,6656,51.03639268875122,0.03984375,-0.846552437543869,-0.001837123674340546,0.9728785753250122,9.798105239868164,9450,0.3,0.013017144,0.0003
6,200.0,27,2834.6470588235293,1045,6912,95.6717529296875,0.00234375,-0.7581146270036697,-0.003416508427471854,0.9620963335037231,52.577911376953125,9460,0.3,0.0009732775,0.0003
6,200.0,28,2851.114285714286,1047,7168,25.61738305091858,0.00078125,-0.8189033240079879,-0.00370343008544296,0.9905079007148743,9.490012168884277,9470,0.3,0.0043131285,0.0003
7,200.0,29,2808.2432432432433,1046,7424,125.68229255676269,0.005078125,-0.9469584167003632,-0.0012265812605619431,0.9456904530525208,34.45134735107422,9480,0.3,0.0028034302,0.0003
7,200.0,30,2817.0789473684213,1046,7680,13.691264486312866,0.048046875,-0.9536177337169647,-0.019334680400788784,0.9946629405021667,6.801572322845459,9490,0.3,0.0541035,0.0003
7,200.0,31,2795.25641025641,1046,7936,15.417446279525757,0.106640625,-0.8303654134273529,-0.021367589943110943,0.9949565529823303,6.9576544761657715,9500,0.3,0.02729093,0.0003
7,200.0,32,2775.075,1047,8192,9.526090002059936,0.026953125,-1.2498383343219757,-0.015276500070467592,0.9931593537330627,3.905578851699829,9510,0.3,0.021428928,0.0003
8,200.0,33,2761.6666666666665,1047,8448,167.4924446105957,0.011328125,-0.8673738002777099,-0.000671108765527606,0.9123911261558533,45.1390380859375,9520,0.3,0.006565924,0.0003
8,200.0,34,2754.5116279069766,1047,8704,17.87408685684204,0.0171875,-0.9267532080411911,-0.008429459109902383,0.9937023520469666,6.5642547607421875,9530,0.3,0.014608687,0.0003
8,200.0,35,2731.181818181818,1048,8960,55.91605443954468,0.028125,-0.9431268274784088,-0.012017539865337313,0.9776808023452759,31.172882080078125,9540,0.3,0.017379854,0.0003
8,200.0,36,2755.108695652174,1048,9216,9.286329412460328,0.06015625,-0.9717188566923142,-0.019726848462596536,0.995201051235199,4.820528030395508,9550,0.3,0.023954943,0.0003
9,200.0,37,2748.063829787234,1049,9472,26.562332916259766,0.041015625,-0.777766078710556,-0.01026127953082323,0.9909077286720276,14.364043235778809,9560,0.3,0.018647678,0.0003
9,200.0,38,2761.1458333333335,1046,9728,9.227188313007355,0.037109375,-0.8361883610486984,-0.010816617961972952,0.9963085055351257,5.065704822540283,9570,0.3,0.017655723,0.0003
9,200.0,39,2773.081632653061,1045,9984,10.154213047027588,0.089453125,-0.8847811967134476,-0.011680819583125413,0.9966782927513123,3.6614465713500977,9580,0.3,0.04027162,0.0003
9,200.0,40,2746.0392156862745,1046,10240,47.30183143615723,0.12734375,-0.975696685910225,-0.02147120162844658,0.9807515144348145,22.760534286499023,9590,0.3,0.027745891,0.0003
0,200.0,1,3930.0,1425,256,13.54126741886139,0.04609375,-0.8378612965345382,-0.01294045764952898,0.9941329956054688,5.431989669799805,9600,0.3,0.017108379,0.0003
0,200.0,2,3350.0,1201,512,45.86255989074707,0.027734375,-1.2063132703304291,-0.0057085691252723334,0.9734242558479309,12.270126342773438,9610,0.3,0.027005445,0.0003
0,200.0,3,2743.3333333333335,1152,768,79.28099975585937,0.032421875,-1.3350199103355407,-0.004661881527863443,0.9689067602157593,41.601470947265625,9620,0.3,0.010503442,0.0003
0,200.0,4,2596.0,1141,1024,30.633668661117554,0.109375,-1.4545657575130462,-0.04001970360986888,0.9726357460021973,12.410562515258789,9630,0.3,0.06084972,0.0003
1,200.0,5,2418.3333333333335,1115,1280,36.29165892601013,0.016796875,-1.0209243327379227,-0.0068490551318973305,0.9865645170211792,15.244894027709961,9640,0.3,0.014070133,0.0003
1,200.0,6,2634.285714285714,1098,1536,20.94383192062378,0.078515625,-1.1022740423679351,-0.017692702077329158,0.9913004040718079,9.165109634399414,9650,0.3,0.03489902,0.0003
1,200.0,7,2676.25,1083,1792,16.04904236793518,0.037890625,-0.9981592506170273,-0.013413069606758653,0.9949187636375427,4.709547519683838,9660,0.3,0.018652014,0.0003
1,200.0,8,2830.0,1079,2048,44.77319808006287,0.08203125,-1.162041425704956,-0.020889444882050155,0.9834258556365967,22.179662704467773,9670,0.3,0.06431413,0.0003
2,200.0,9,2930.0,1080,2304,113.56306657791137,0.000390625,-1.0429028958082198,-0.0026100311195477845,0.9603769779205322,86.11272430419922,9680,0.3,0.0028286949,0.0003
2,200.0,10,2953.3333333333335,1074,2560,14.349787974357605,0.096484375,-1.003528442978859,-0.012327169277705252,0.995451807975769,3.777897357940674,9690,0.3,0.09683211,0.0003
2,200.0,11,3004.285714285714,1069,2816,52.58305015563965,0.0,-1.0749733835458755,-0.003360795462504029,0.9805273413658142,12.732748031616211,9700,0.3,0.0033019732,0.0003
2,200.0,12,3002.0,1071,3072,12.549787974357605,0.11328125,-1.1002776831388474,-0.015089630102738737,0.9945284724235535,5.795588970184326,9710,0.3,0.017112676,0.0003
3,200.0,13,2940.0,1067,3328,314.0146903991699,0.092578125,-1.2101359367370605,-0.003999293618835509,0.848638117313385,156.5257568359375,9720,0.3,0.024868276,0.0003
3,200.0,14,2970.0,1069,3584,35.00759449005127,0.001953125,-1.3959747970104217,-0.002959775133058429,0.9713338017463684,8.043305397033691,9730,0.3,0.007350436,0.0003
3,200.0,15,3010.5263157894738,1066,3840,19.451537084579467,0.03515625,-1.0652779817581177,-0.009815059881657363,0.9937567710876465,4.885147571563721,9740,0.3,0.016401947,0.0003
3,200.0,16,3021.5,1068,4096,91.48315572738647,0.004296875,-1.1917161524295807,-0.005373697145842016,0.9688863754272461,15.69197940826416,9750,0.3,0.006802791,0.0003
4,200.0,17,3053.3333333333335,1059,4352,21.470573663711548,0.012890625,-1.1784414410591126,-0.011342923808842897,0.9919885993003845,8.451089859008789,9760,0.3,0.011369621,0.0003
4,200.0,18,3036.9565217391305,1059,4608,25.981364154815672,0.02578125,-1.142697709798813,-0.009592409012839198,0.9902267456054688,7.2983622550964355,9770,0.3,0.009120427,0.0003
4,200.0,19,3045.8333333333335,1057,4864,118.78633766174316,0.048828125,-1.1978139281272888,-0.0073057151399552826,0.9488946795463562,44.01465606689453,9780,0.3,0.019684918,0.0003
4,200.0,20,3033.2,1055,5120,50.49720311164856,0.001953125,-1.105215835571289,-0.003818130167201161,0.9732157588005066,15.968879699707031,9790,0.3,0.0021992328,0.0003
5,200.0,21,3032.3076923076924,1057,5376,16.436663818359374,0.063671875,-1.2548624098300933,-0.014623502967879176,0.9940112829208374,6.140178203582764,9800,0.3,0.028022476,0.0003
5,200.0,22,3056.4285714285716,1059,5632,40.81389908790588,0.019921875,-1.038557267189026,-0.005727172526530921,0.9859866499900818,10.660248756408691,9810,0.3,0.012794504,0.0003
5,200.0,23,3062.0689655172414,1054,5888,92.66915607452393,0.0,-1.06126708984375,0.001220712810754776,0.9654743075370789,47.89115905761719,9820,0.3,0.0007421591,0.0003
5,200.0,24,3084.3333333333335,1055,6144,11.614430141448974,0.069140625,-0.9976343482732772,-0.008302711276337504,0.9941362142562866,4.839759826660156,9830,0.3,0.034356363,0.0003
6,200.0,25,3100.0,1051,6400,8.544394826889038,0.080859375,-0.9568777084350586,-0.014405809389427305,0.9973608255386353,4.653304576873779,9840,0.3,0.027006933,0.0003
6,200.0,26,3110.6060606060605,1053,6656,13.288273072242736,0.066015625,-0.8589664071798324,-0.007205982727464288,0.9952588677406311,2.8402791023254395,9850,0.3,0.016545782,0.0003
6,200.0,27,3128.823529411765,1055,6912,67.72283029556274,0.004296875,-1.0833417773246765,0.0034319550031796098,0.973676323890686,30.960433959960938,9860,0.3,0.0017629806,0.0003
6,200.0,28,3062.8571428571427,1053,7168,41.82320761680603,0.030078125,-1.0154467821121216,-0.01013724940130487,0.9853783249855042,12.98542308807373,9870,0.3,0.015273787,0.0003
7,200.0,29,3058.9189189189187,1052,7424,11.469129061698913,0.046875,-1.0276845544576645,-0.01460331364069134,0.9935975074768066,3.0059499740600586,9880,0.3,0.025372924,0.0003
7,200.0,30,3018.9473684210525,1054,7680,47.273313331604,0.0703125,-1.2785141587257385,-0.011669626319780945,0.9826166033744812,27.443531036376953,9890,0.3,0.017139355,0.0003
7,200.0,31,3017.6923076923076,1051,7936,9.446814894676208,0.04453125,-1.0470338612794876,-0.012738376692868768,0.9956700205802917,5.185266971588135,9900,0.3,0.019434145,0.0003
7,200.0,32,2992.5,1052,8192,20.493563747406007,0.075,-1.098308089375496,-0.013663744693621993,0.9911078810691833,6.983711242675781,9910,0.3,0.034802496,0.0003
8,200.0,33,3015.4761904761904,1050,8448,11.035519397258758,0.080859375,-1.1417559444904328,-0.021679225494153798,0.9958121180534363,2.5728447437286377,9920,0.3,0.031505406,0.0003
8,200.0,34,3025.5813953488373,1049,8704,94.15251083374024,0.08125,-0.9220536202192307,-0.005466894590063021,0.9680954217910767,31.4140567779541,9930,0.3,0.029834589,0.0003
8,200.0,35,3041.1363636363635,1048,8960,13.636072516441345,0.0125,-1.002392590045929,-0.004559615883044899,0.9908735156059265,2.3403513431549072,9940,0.3,0.011889521,0.0003
8,200.0,36,2987.608695652174,1048,9216,9.899487447738647,0.143359375,-0.9708915114402771,-0.02615661979652941,0.9966959357261658,3.9935357570648193,9950,0.3,0.032060478,0.0003
9,200.0,37,2982.978723404255,1048,9472,2698.0536460876465,0.0,-1.0300530046224594,0.002184508042410016,-2.7469587326049805,98.24168395996094,9960,0.3,0.0029747419,0.0003
9,200.0,38,2937.7083333333335,1048,9728,18.34201717376709,0.0125,-1.1218020558357238,-0.009275377029553056,0.9915136694908142,5.746525287628174,9970,0.3,0.014463661,0.0003
9,200.0,39,2953.265306122449,1048,9984,7.632579040527344,0.0859375,-1.569103330373764,-0.019316486187744886,0.9947091937065125,1.8855947256088257,9980,0.3,0.018803839,0.0003
9,200.0,40,2987.6470588235293,1047,10240,9.745476233959199,0.099609375,-0.986400818824768,-0.01209333201404661,0.9970776438713074,4.013065338134766,9990,0.3,0.017927222,0.0003
0,200.0,1,3144.0,1377,256,107.73850936889649,0.03515625,-1.0968582272529601,-0.0058901684125885366,0.9657314419746399,68.82268524169922,10000,0.3,0.011219598,0.0003
0,200.0,2,3278.0,1210,512,6.659574031829834,0.06015625,-0.864186805486679,-0.012719542533159257,0.9976952075958252,2.716196060180664,9610,0.3,0.0147883445,0.0003
0,200.0,3,3297.3333333333335,1146,768,46.772310733795166,0.018359375,-0.8365375518798828,-0.011178894061595201,0.9838402271270752,29.124378204345703,9620,0.3,0.010855004,0.0003
0,200.0,4,3191.8,1110,1024,9.027638554573059,0.0421875,-0.8095484495162963,-0.014936002111062408,0.9966797828674316,1.9227230548858643,9630,0.3,0.013416167,0.0003
1,200.0,5,3149.5,1091,1280,106.09191055297852,0.0484375,-0.9767771065235138,-0.009540947736240923,0.9487128257751465,34.18293380737305,9640,0.3,0.015905533,0.0003
1,200.0,6,3148.5714285714284,1066,1536,62.33344449996948,0.01796875,-0.8961383044719696,-0.008100600424222648,0.9758158326148987,30.69333839416504,9650,0.3,0.012672763,0.0003
1,200.0,7,3211.5,1064,1792,9.641909229755402,0.059765625,-0.8250967890024186,-0.009548680065199733,0.9957334399223328,1.634724736213684,9660,0.3,0.0145653095,0.0003
1,200.0,8,2989.6,1064,2048,2.712346392869949,0.0921875,-1.0226196736097335,-0.01540773743763566,0.9985242486000061,1.5935786962509155,9670,0.3,0.026887625,0.0003
2,200.0,9,3006.7272727272725,1065,2304,103.11647605895996,0.032421875,-0.7529353588819504,-0.0031839075731113554,0.9633795619010925,77.42325592041016,9680,0.3,0.014988986,0.0003
2,200.0,10,3077.3333333333335,1055,2560,46.64206676483154,0.02265625,-0.7263127565383911,-0.01165521782822907,0.9848833084106445,28.91769790649414,9690,0.3,0.008093856,0.0003
2,200.0,11,3105.6428571428573,1059,2816,9.860523700714111,0.033984375,-0.7564164400100708,-0.006856672838330269,0.9967187643051147,2.7230067253112793,9700,0.3,0.02051314,0.0003
2,200.0,12,3076.8,1054,3072,13.101449561119079,0.04921875,-0.9370927095413208,-0.014623170031700283,0.9951149225234985,7.485708713531494,9710,0.3,0.019635003,0.0003
3,200.0,13,3036.9375,1059,3328,113.04265117645264,0.000390625,-0.7822926431894303,-0.0007848100503906608,0.9505230188369751,35.867610931396484,9720,0.3,0.0008330669,0.0003
3,200.0,14,2946.8823529411766,1055,3584,35.60299382209778,0.0,-1.0235501170158385,-0.001065415982156992,0.9782618880271912,19.65223503112793,9730,0.3,0.0025785011,0.0003
3,200.0,15,2944.6315789473683,1059,3840,4.099163621664047,0.05390625,-1.003699967265129,-0.009300529025495052,0.99751877784729,0.7171106338500977,9740,0.3,0.026186604,0.0003
3,200.0,16,2966.9,1056,4096,18.98214535713196,0.066796875,-0.8694799065589904,-0.013359414506703615,0.992428719997406,6.489607810974121,9750,0.3,0.030340767,0.0003
4,200.0,17,2885.3333333333335,1056,4352,14.03903932571411,0.02265625,-0.8812014013528824,-0.013765676633920521,0.9945476651191711,5.623445510864258,9760,0.3,0.010563377,0.0003
4,200.0,18,2855.695652173913,1056,4608,5.096125662326813,0.201171875,-1.0401422500610351,-0.01884639747440815,0.9978773593902588,2.400071859359741,9770,0.3,0.057076097,0.0003
4,200.0,19,2868.75,1052,4864,72.01194181442261,0.0125,-0.8505008935928344,0.0037759440019726753,0.9675811529159546,23.4311580657959,9780,0.3,0.0051429635,0.0003
4,200.0,20,2890.4,1051,5120,98.89425201416016,0.008984375,-0.8913226038217544,-0.013576162420213223,0.9654378890991211,37.074180603027344,9790,0.3,0.005156721,0.0003
5,200.0,21,2773.6923076923076,1051,5376,89.62892780303955,0.0,-0.836473885178566,3.6604562774300574e-05,0.9425575137138367,15.507543563842773,9800,0.3,0.0006849803,0.0003
5,200.0,22,2741.464285714286,1034,5632,26.06797592639923,0.000390625,-0.8517108589410782,-0.00785210116300732,0.9772199988365173,3.0191080570220947,9810,0.3,0.0053373897,0.0003
5,200.0,23,2667.0344827586205,1034,5888,130.95810146331786,0.02421875,-1.0108383804559709,-0.015234672510996462,0.9251022934913635,74.8992691040039,9820,0.3,0.01661925,0.0003
5,200.0,24,2612.5,1036,6144,2135.946846008301,0.0,-0.899813762307167,-0.0008214263478294014,-0.8422092199325562,208.54408264160156,9830,0.3,0.0002655522,0.0003
6,200.0,25,2660.125,1036,6400,182.05052042007446,0.0,-0.8723990231752395,-0.0008209658320993185,0.9017071723937988,8.942803382873535,9840,0.3,0.00013158517,0.0003
6,200.0,26,2668.3939393939395,1035,6656,31.20853419303894,0.006640625,-0.8382536917924881,-0.003585094911977649,0.9849669337272644,5.375339984893799,9850,0.3,0.002506734,0.0003
6,200.0,27,2659.794117647059,1035,6912,93.62929735183715,0.0515625,-0.8476384937763214,-0.005640766210854053,0.96964430809021,67.41152954101562,9860,0.3,0.043267146,0.0003
6,200.0,28,2585.6857142857143,1035,7168,31.18405952453613,0.067578125,-1.2149955928325653,-0.02411798113025725,0.9813764691352844,6.936912536621094,9870,0.3,0.027108584,0.0003
7,200.0,29,2622.945945945946,1036,7424,8.17912071943283,0.00390625,-1.0794368773698806,-0.004367994912900031,0.9953619837760925,1.6458892822265625,9880,0.3,0.006627,0.0003
7,200.0,30,2549.5526315789475,1037,7680,17.506655526161193,0.05703125,-0.8504095047712326,-0.009430216392502189,0.9941946268081665,6.6450676918029785,9890,0.3,0.036714856,0.0003
7,200.0,31,2577.7179487179487,1034,7936,1.7656426548957824,0.151953125,-1.3227099537849427,-0.022284600953571498,0.9985945224761963,0.8609262108802795,9900,0.3,0.055525154,0.0003
7,200.0,32,2591.575,1033,8192,43.56392612457275,0.040234375,-0.7924771875143051,-0.010884788329713046,0.9847044944763184,26.34573745727539,9910,0.3,0.023170058,0.0003
8,200.0,33,2635.7380952380954,1034,8448,12.20434844493866,0.0359375,-0.7940532684326171,-0.012725943559780717,0.9958622455596924,4.538344383239746,9920,0.3,0.023672229,0.0003
8,200.0,34,2587.9302325581393,1030,8704,11.758072447776794,0.06640625,-0.8487409144639969,-0.015072025777772068,0.9953939318656921,4.244716644287109,9930,0.3,0.04909052,0.0003
8,200.0,35,2611.681818181818,1029,8960,20.10105233192444,0.02109375,-1.0713161945343017,-0.009719406568910927,0.9875186681747437,3.294545888900757,9940,0.3,0.010970103,0.0003
8,200.0,36,2650.0434782608695,1028,9216,90.27843630313873,0.017578125,-0.7422008663415909,-0.005326961306855083,0.9711920022964478,72.60316467285156,9950,0.3,0.011552876,0.0003
9,200.0,37,2680.8936170212764,1025,9472,94.27555065155029,0.028515625,-0.732277649641037,0.0008295068982988596,0.9675577282905579,22.663009643554688,9960,0.3,0.03501487,0.0003
9,200.0,38,2675.75,1024,9728,16.88609974384308,0.001171875,-0.7248005539178848,-0.0036236068699508905,0.9938704371452332,8.045658111572266,9970,0.3,0.00092209806,0.0003
9,200.0,39,2699.8367346938776,1024,9984,25.96902801990509,0.0171875,-0.7021109849214554,-0.013685017125681043,0.9820085167884827,5.689690113067627,9980,0.3,0.008599833,0.0003
10,200.0,40,2736.3529411764707,1023,10240,7.9409112453460695,0.010546875,-0.7910936534404754,-0.004298431100323796,0.9969888925552368,4.153830051422119,9990,0.3,0.0063177636,0.0003
0,200.0,1,3490.0,1340,256,32.54444599151611,0.1140625,-0.7930391222238541,-0.011157546145841479,0.9897919297218323,24.543102264404297,10000,0.3,0.044469476,0.0003
0,200.0,2,3715.0,1182,512,88.9581687927246,0.008984375,-1.04586341381073,-0.010405940446071326,0.9708857536315918,61.89794158935547,10010,0.3,0.0055673327,0.0003
0,200.0,3,2986.6666666666665,1120,768,115.00085678100587,0.004296875,-1.156591534614563,-0.01084830251056701,0.9598817229270935,67.70021057128906,10020,0.3,0.0051253033,0.0003
0,200.0,4,3520.0,1077,1024,9.002918100357055,0.025390625,-1.0479256004095077,-0.014988756272941828,0.9967852830886841,2.469759702682495,10030,0.3,0.011571771,0.0003
1,200.0,5,3310.0,1065,1280,98.693768119812,0.01484375,-0.9071871370077134,-0.004612119565717876,0.9700841307640076,70.91522216796875,10040,0.3,0.006189132,0.0003
1,200.0,6,3021.4285714285716,1060,1536,16.680734038352966,0.00703125,-1.0465027987957,-0.01152614657767117,0.9877673387527466,4.358509540557861,10050,0.3,0.0072068903,0.0003
1,200.0,7,2595.0,1063,1792,83.70869626998902,0.004296875,-1.2311585664749145,-0.01222548090154305,0.9016589522361755,2.918674945831299,10060,0.3,0.005919311,0.0003
1,200.0,8,2841.0,1063,2048,10.78715250492096,0.059765625,-0.7494759976863861,-0.01525937495753169,0.9966749548912048,4.406648635864258,10070,0.3,0.03223088,0.0003
2,200.0,9,2962.7272727272725,1053,2304,111.78298835754394,0.050390625,-1.1875249981880187,-0.011895502638071775,0.9596680402755737,23.637178421020508,10080,0.3,0.025792336,0.0003
2,200.0,10,3106.6666666666665,1053,2560,22.55868263244629,0.01484375,-0.7543494731187821,-0.0060260363155975934,0.9943522810935974,7.1802544593811035,10090,0.3,0.004314175,0.0003
2,200.0,11,3294.285714285714,1052,2816,19.96264328956604,0.042578125,-0.8796762943267822,-0.010516403266228736,0.9942905306816101,4.889154434204102,10100,0.3,0.023447735,0.0003
2,200.0,12,3354.0,1053,3072,15.724782514572144,0.078125,-0.835963886976242,-0.014743415312841535,0.9955542683601379,8.780099868774414,10110,0.3,0.0391123,0.0003
3,200.0,13,3377.5,1049,3328,17.040525436401367,0.05234375,-0.9822723716497421,-0.019083564588800072,0.9944311380386353,8.703508377075195,10120,0.3,0.026982382,0.0003
3,200.0,14,3412.3529411764707,1047,3584,16.65381784439087,0.0234375,-0.8749312490224839,-0.013431109511293471,0.9949532151222229,9.065601348876953,10130,0.3,0.011981389,0.0003
3,200.0,15,3445.7894736842104,1042,3840,94.92644805908203,0.00625,-0.9102256119251251,-0.00518303889548406,0.9709221124649048,22.1296443939209,10140,0.3,0.004286413,0.0003
3,200.0,16,3290.0,1037,4096,55.313102626800536,0.0,-1.1506409883499145,-0.0025018436135724187,0.9785453081130981,16.664377212524414,10150,0.3,0.0009998814,0.0003
4,200.0,17,3332.8571428571427,1037,4352,8.030750274658203,0.033984375,-1.3830843806266784,-0.011456327373161912,0.9965033531188965,3.5934979915618896,10160,0.3,0.019353602,0.0003
4,200.0,18,3428.695652173913,1038,4608,12.050112390518189,0.026953125,-0.8824994534254074,-0.010313510661944747,0.9968754649162292,6.098200798034668,10170,0.3,0.016557584,0.0003
4,200.0,19,3399.5833333333335,1037,4864,20.862480926513673,0.04453125,-0.9134587228298188,-0.008346652495674789,0.9935278296470642,6.700730800628662,10180,0.3,0.013268342,0.0003
4,200.0,20,3428.4,1034,5120,110.62268619537353,0.00625,-1.3336662292480468,-0.006312211300246418,0.957676887512207,31.652463912963867,10190,0.3,0.005222687,0.0003
5,200.0,21,3449.230769230769,1033,5376,39.648959922790525,0.0078125,-0.8326430290937423,-0.01442169725196436,0.9812943935394287,10.462376594543457,10200,0.3,0.004653548,0.0003
5,200.0,22,3466.4285714285716,1033,5632,31.743980145454408,0.04453125,-1.0851746827363968,-0.020488814590498804,0.9905880093574524,15.827807426452637,10210,0.3,0.02339913,0.0003
5,200.0,23,3450.0,1030,5888,19.017086839675905,0.033203125,-1.0668442577123642,-0.011192395351827145,0.9939588904380798,5.524965763092041,10220,0.3,0.015004292,0.0003
5,200.0,24,3366.0,1030,6144,68.30460319519042,0.009765625,-1.4532286286354066,-0.010994085459969938,0.9707546234130859,13.038810729980469,10230,0.3,0.009109881,0.0003
6,200.0,25,3403.75,1021,6400,2379.8174896240234,0.0,-0.7433268129825592,0.0008733103051781655,-0.345001220703125,453.27874755859375,10240,0.3,0.0011523042,0.0003
6,200.0,26,3413.030303030303,1022,6656,114.5700514793396,0.00078125,-0.9504983365535736,-0.004121580522041768,0.9649643301963806,32.509674072265625,10250,0.3,0.0019002967,0.0003
6,200.0,27,3427.3529411764707,1021,6912,21.515286684036255,0.0140625,-1.048166486620903,-0.012484094686806202,0.9904959201812744,9.11573314666748,10260,0.3,0.008404429,0.0003
7,200.0,28,3434.8571428571427,1022,7168,44.386292552948,0.005078125,-0.9756343334913253,-0.0014070349978283047,0.983608067035675,17.958356857299805,10270,0.3,0.003891597,0.0003
7,200.0,29,3396.7567567567567,1024,7424,44.403756046295165,0.002734375,-1.0733220815658568,-0.014054890349507332,0.9843320846557617,22.21957778930664,10280,0.3,0.0040244907,0.0003
7,200.0,30,3411.842105263158,1023,7680,57.8593828201294,0.004296875,-1.0065076410770417,-0.010046552447602154,0.9724733233451843,37.43389129638672,10290,0.3,0.006340299,0.0003
7,200.0,31,3431.2820512820513,1020,7936,134.56303787231445,0.000390625,-0.8214816749095917,-0.0014898818626534194,0.9374843239784241,21.44681739807129,10300,0.3,0.0028630171,0.0003
8,200.0,32,3450.25,1020,8192,9.517807126045227,0.02109375,-0.8732574701309204,-0.011853618232998997,0.9958930611610413,3.242539405822754,10310,0.3,0.015636988,0.0003
8,200.0,33,3416.904761904762,1019,8448,22.703411388397218,0.04453125,-0.9898343086242676,-0.016782663436606525,0.9919832944869995,10.26774787902832,10320,0.3,0.020243067,0.0003
8,200.0,34,3413.0232558139537,1020,8704,15.249244284629821,0.10234375,-1.4007329523563385,-0.020335340546444057,0.9934713244438171,7.792993545532227,10330,0.3,0.039649952,0.0003
8,200.0,35,3419.5454545454545,1019,8960,91.70186624526977,0.02265625,-0.8930872917175293,-0.01231364335399121,0.9638498425483704,48.3216667175293,10340,0.3,0.01646316,0.0003
9,200.0,36,3443.478260869565,1017,9216,19.057453155517578,0.036328125,-0.7585436284542084,-0.011620751209557056,0.9928269386291504,8.386754989624023,10350,0.3,0.0038850936,0.0003
9,200.0,37,3444.468085106383,1015,9472,116.20876331329346,0.084375,-0.9405284643173217,-0.012841854454018175,0.9641299843788147,42.93402862548828,10360,0.3,0.04900181,0.0003
9,200.0,38,3455.4166666666665,1016,9728,12.956679654121398,0.02265625,-1.1546079516410828,-0.011855219583958387,0.9954167604446411,4.330904483795166,10370,0.3,0.012746654,0.0003
9,200.0,39,3406.326530612245,1012,9984,21.341920137405396,0.036328125,-1.101632884144783,-0.016255440749228002,0.9929587841033936,6.338472843170166,10380,0.3,0.018220585,0.0003
10,200.0,40,3436.6666666666665,1012,10240,10.160802316665649,0.0390625,-0.981593132019043,-0.017378781363368033,0.9960141181945801,4.697509288787842,10390,0.3,0.02637795,0.0003
0,200.0,1,3400.0,1322,256,13.487596440315247,0.062890625,-0.9828446269035339,-0.014963490562513471,0.9959538578987122,2.4264376163482666,10400,0.3,0.03221961,0.0003
0,200.0,2,3150.5,1182,512,14.826069355010986,0.005078125,-0.7695195794105529,-0.003506076568737626,0.9926165342330933,6.362438201904297,10010,0.3,0.008046026,0.0003
0,200.0,3,3062.3333333333335,1091,768,50.91961297988892,0.032421875,-0.7509535104036331,-0.0012363492976874113,0.9768187403678894,20.424427032470703,10020,0.3,0.010622217,0.0003
0,200.0,4,3287.0,1073,1024,16.56651086807251,0.000390625,-0.7548143714666367,-0.0018608703510835766,0.9916977286338806,4.788842678070068,10030,0.3,0.002593685,0.0003
1,200.0,5,3306.1666666666665,1048,1280,93.55286264419556,0.00859375,-0.73494293987751,-0.0014484295970760286,0.9721112847328186,69.8355712890625,10040,0.3,0.0025332689,0.0003
1,200.0,6,3382.1428571428573,1039,1536,12.593896532058716,0.06015625,-0.7444351464509964,-0.01183744785375893,0.9954979419708252,5.630527973175049,10050,0.3,0.026897287,0.0003
1,200.0,7,3414.625,1023,1792,13.664835810661316,0.046875,-0.8221667736768723,-0.007660993002355098,0.995839536190033,5.578185558319092,10060,0.3,0.017511316,0.0003
2,200.0,8,3409.3,1014,2048,41.925470161437985,0.01875,-0.8882982552051544,-0.005066831386648119,0.986029326915741,13.643189430236816,10070,0.3,0.01429313,0.0003
2,200.0,9,3517.7272727272725,1005,2304,22.43852801322937,0.012890625,-0.8591069549322128,-0.0036651760805398227,0.9897493124008179,12.92959976196289,10080,0.3,0.0072788084,0.0003
2,200.0,10,3488.25,1010,2560,12.920329356193543,0.0953125,-0.9903161346912384,-0.01735446595121175,0.9958112239837646,7.580350399017334,10090,0.3,0.061891615,0.0003
2,200.0,11,3367.8571428571427,1010,2816,10.736359071731567,0.151953125,-0.9996600061655044,-0.027870800462551415,0.996517539024353,6.250103950500488,10100,0.3,0.041471824,0.0003
3,200.0,12,3367.866666666667,1004,3072,52.87876996994019,0.148046875,-1.0511433482170105,-0.015094392001628876,0.9814519286155701,33.068443298339844,10110,0.3,0.03878229,0.0003
3,200.0,13,3338.25,1008,3328,16.552163910865783,0.01953125,-0.9485331475734711,-0.01042708894237876,0.9938271641731262,8.368349075317383,10120,0.3,0.01889883,0.0003
3,200.0,14,3353.6470588235293,1010,3584,94.0478063583374,0.119140625,-1.1377678096294404,0.029385100584477186,0.9539463520050049,43.20811080932617,10130,0.3,0.035139184,0.0003
3,200.0,15,3157.4736842105262,1006,3840,97.51754817962646,0.047265625,-1.3433194756507874,-0.011214243527501822,0.9333662390708923,23.5576229095459,10140,0.3,0.012700525,0.0003
4,200.0,16,3146.4,1002,4096,57.77080078125,0.071875,-1.1137649476528169,-0.027325751027092338,0.9738067984580994,20.7877140045166,10150,0.3,0.014596355,0.0003
4,200.0,17,3110.190476190476,996,4352,261.6955799102783,0.01796875,-1.0037903159856796,-0.011050286842510105,0.8709772229194641,123.20740509033203,10160,0.3,0.0055605904,0.0003
4,200.0,18,3059.695652173913,997,4608,200.51627922058105,0.0125,-1.0520535916090012,-0.00667219483293593,0.9207174181938171,97.44461822509766,10170,0.3,0.012910304,0.0003
4,200.0,19,3043.7916666666665,998,4864,45.43934917449951,0.00703125,-1.0830126047134399,-0.006633895891718566,0.9788058996200562,15.941778182983398,10180,0.3,0.005245048,0.0003
5,200.0,20,3019.68,1000,5120,67.92237176895142,0.005078125,-0.909636777639389,-0.002014111645985395,0.9681897759437561,15.566847801208496,10190,0.3,0.0033873175,0.0003
5,200.0,21,3032.8076923076924,1002,5376,20.264226722717286,0.015234375,-0.9725561499595642,-0.015100930421613156,0.9899467825889587,4.659036636352539,10200,0.3,0.011077052,0.0003
5,200.0,22,2972.214285714286,1003,5632,461.4691749572754,0.004296875,-0.8685124099254609,-0.006414754688739777,0.7441787719726562,118.17413330078125,10210,0.3,0.0036341012,0.0003
5,200.0,23,2978.0344827586205,1003,5888,115.88853101730346,0.0,-0.7983112871646881,-0.0002624262007884681,0.9537611603736877,15.73908519744873,10220,0.3,0.00084480457,0.0003
6,200.0,24,2879.633333333333,1003,6144,19.171265649795533,0.012109375,-1.090919053554535,-0.007341646705754101,0.9891371726989746,7.122000694274902,10230,0.3,0.010884925,0.0003
6,200.0,25,2898.28125,1004,6400,18.963972187042238,0.2109375,-1.1672423183918,-0.014142343681305647,0.9927718639373779,5.588299751281738,10240,0.3,0.04850102,0.0003
6,200.0,26,2906.090909090909,1003,6656,175.83373498916626,0.048046875,-0.9259965389966964,-0.0014038112363778054,0.9369978904724121,63.086212158203125,10250,0.3,0.020296052,0.0003
6,200.0,27,2920.705882352941,1003,6912,64.70943126678466,0.004296875,-0.8685585170984268,-0.0035075607476755975,0.9799116849899292,24.36519432067871,10260,0.3,0.0026031078,0.0003
7,200.0,28,2926.657142857143,1003,7168,87.00324630737305,0.0203125,-0.9792642325162888,-0.007091521710390225,0.970734179019928,53.34669876098633,10270,0.3,0.006861657,0.0003
7,200.0,29,2919.6486486486488,1005,7424,22.591516780853272,0.022265625,-0.9383126944303513,-0.004690195480361581,0.990509033203125,5.1125407218933105,10280,0.3,0.019936083,0.0003
7,200.0,30,2931.5263157894738,1004,7680,8.031983733177185,0.041015625,-0.894345435500145,-0.012934080697596073,0.9956927299499512,2.147467851638794,10290,0.3,0.023389744,0.0003
7,200.0,31,2943.3846153846152,1005,7936,13.92156162261963,0.03828125,-0.9064491569995881,-0.013454173831269145,0.9951754212379456,5.8637285232543945,10300,0.3,0.015291746,0.0003
8,200.0,32,2960.25,1003,8192,87.0682156085968,0.0171875,-0.8123915940523148,-0.013484722492285073,0.9692809581756592,68.44840240478516,10310,0.3,0.0074641695,0.0003
8,200.0,33,2979.6666666666665,1005,8448,13.25656442642212,0.030859375,-0.8570281773805618,-0.010775791155174375,0.9930899143218994,5.054234504699707,10320,0.3,0.01552439,0.0003
8,200.0,34,2994.0232558139537,1004,8704,18.162412691116334,0.039453125,-0.8412806063890457,-0.009577846387401223,0.9920693039894104,9.194546699523926,10330,0.3,0.019022204,0.0003
8,200.0,35,3013.3636363636365,1005,8960,5.26802407503128,0.113671875,-0.8754581898450852,-0.01840921873226762,0.998146116733551,1.1722917556762695,10340,0.3,0.03868294,0.0003
9,200.0,36,3030.478260869565,1005,9216,10.845280003547668,0.11875,-0.8261801242828369,-0.0282260273816064,0.9964354038238525,3.445143461227417,10350,0.3,0.04211995,0.0003
9,200.0,37,3043.595744680851,1006,9472,21.125196075439455,0.05,-0.8151229619979858,0.0015892853261902928,0.9917089939117432,8.276753425598145,10360,0.3,0.040436745,0.0003
9,200.0,38,3041.4166666666665,1005,9728,16.660416316986083,0.02578125,-0.874290382862091,-0.006731392024084926,0.9946100115776062,13.137365341186523,10370,0.3,0.011281887,0.0003
9,200.0,39,3053.673469387755,1006,9984,90.1472993850708,0.0,-0.8547250181436539,-0.0031091051641851664,0.9689527153968811,15.24021053314209,10380,0.3,0.001897739,0.0003
10,200.0,40,3065.843137254902,1007,10240,27.271394419670106,0.001953125,-0.8843806505203247,-0.002532787108793855,0.989596962928772,2.738368272781372,10390,0.3,0.002998514,0.0003
0,200.0,1,3490.0,1266,256,9.938921236991883,0.058984375,-0.987766319513321,-0.01814491432160139,0.9964191913604736,3.9375522136688232,10400,0.3,0.027710155,0.0003
0,200.0,2,3610.0,1166,512,50.48282337188721,0.027734375,-1.1373588562011718,-0.019666085159406065,0.9830672144889832,32.92176055908203,10410,0.3,0.01852546,0.0003
0,200.0,3,3730.0,1097,768,51.055324983596805,0.070703125,-0.9759885400533677,-0.018129872949793936,0.9818254113197327,11.900467872619629,10420,0.3,0.022222243,0.0003
0,200.0,4,3616.0,1070,1024,139.71689224243164,0.0,-1.0620248347520829,-0.0017297086073085667,0.9432064890861511,60.711952209472656,10430,0.3,0.001934475,0.0003
1,200.0,5,3668.3333333333335,1061,1280,15.173114395141601,0.011328125,-1.0134816497564316,-0.011392565025016666,0.9945311546325684,3.6063361167907715,10440,0.3,0.00538529,0.0003
1,200.0,6,3711.4285714285716,1024,1536,5.72856125831604,0.065625,-1.0441939324140548,-0.01580744478851557,0.9980419278144836,1.7111307382583618,10450,0.3,0.036086597,0.0003
1,200.0,7,3438.75,1029,1792,12.925413775444031,0.05625,-1.0932870298624038,-0.015347377257421612,0.9952257871627808,4.2250237464904785,10460,0.3,0.054934885,0.0003
1,200.0,8,3587.0,1028,2048,4.637919467687607,0.1375,-1.129229861497879,-0.029287951532751322,0.9980698823928833,0.8297199010848999,10470,0.3,0.046970934,0.0003
2,200.0,9,3620.0,1010,2304,12.115051031112671,0.080859375,-0.9176429241895676,-0.010934508580248803,0.9963839054107666,5.7220988273620605,10480,0.3,0.03334152,0.0003
2,200.0,10,3689.1666666666665,1015,2560,6.581556499004364,0.16328125,-0.8603312790393829,-0.029517990816384555,0.998069167137146,2.56191086769104,10490,0.3,0.07698898,0.0003
2,200.0,11,3722.8571428571427,1016,2816,66.48699836730957,0.01484375,-0.775178050994873,-0.0028514449717476965,0.9808046221733093,38.10275650024414,10500,0.3,0.008686508,0.0003
3,200.0,12,3721.3333333333335,1009,3072,27.630116367340086,0.00390625,-0.8228499174118042,-0.005579406523611397,0.9914856553077698,9.540454864501953,10510,0.3,0.003802684,0.0003
3,200.0,13,3735.0,1010,3328,18.855398416519165,0.00546875,-0.8426326930522918,-0.009419805370271206,0.9931040406227112,7.461886405944824,10520,0.3,0.0068768547,0.0003
3,200.0,14,3791.176470588235,1008,3584,109.02480001449585,0.009765625,-0.6614057809114456,-0.0020556982708512805,0.9706699252128601,43.9698600769043,10530,0.3,0.0036150906,0.0003
3,200.0,15,3860.5263157894738,1006,3840,47.933315658569335,0.0,-0.7090013086795807,-0.0007358345435932278,0.9804434180259705,11.79854679107666,10540,0.3,0.0010605769,0.0003
4,200.0,16,3866.0,1009,4096,108.42007560729981,0.00234375,-0.9094584107398986,-0.0049573963391594585,0.9681403040885925,64.20972442626953,10550,0.3,0.0030235865,0.0003
4,200.0,17,3891.904761904762,1012,4352,64.31987781524658,0.00234375,-0.7036767959594726,-0.002156337443739176,0.9804942011833191,32.780296325683594,10560,0.3,0.0020859425,0.0003
4,200.0,18,3898.695652173913,1015,4608,17.70948920249939,0.0140625,-0.8217439353466034,-0.01117657331051305,0.9935263395309448,4.163166046142578,10570,0.3,0.005287608,0.0003
4,200.0,19,3901.6666666666665,1017,4864,26.77048501968384,0.037890625,-0.7899533927440643,-0.013463719293940812,0.9923357367515564,11.514904022216797,10580,0.3,0.01210532,0.0003
5,200.0,20,3865.2,1018,5120,14.937456512451172,0.001171875,-0.9659547358751297,-0.0044455108232796196,0.9928203225135803,6.229323387145996,10590,0.3,0.0020516864,0.0003
5,200.0,21,3886.153846153846,1014,5376,10.227916312217712,0.065625,-0.785095077753067,-0.012573482887819409,0.9970970749855042,3.792734384536743,10600,0.3,0.016896129,0.0003
5,200.0,22,3925.0,1016,5632,8.798570132255554,0.116015625,-0.721069386601448,-0.013260821672156453,0.9975740313529968,4.129934787750244,10610,0.3,0.04559363,0.0003
5,200.0,23,3932.4137931034484,1016,5888,40.68536562919617,0.030859375,-0.6917068958282471,-0.003177188546396792,0.9886050820350647,7.821596145629883,10620,0.3,0.011289243,0.0003
6,200.0,24,3948.3333333333335,1017,6144,86.85215015411377,0.015625,-0.7375579208135605,-0.005964437359943986,0.9699926972389221,33.8945198059082,10630,0.3,0.009577229,0.0003
6,200.0,25,3955.9375,1019,6400,9.51466600894928,0.01953125,-0.7398288726806641,-0.005189006892032921,0.9973422884941101,4.494752883911133,10640,0.3,0.014673111,0.0003
6,200.0,26,3963.6363636363635,1018,6656,45.961628103256224,0.032421875,-0.8182615667581559,0.00022829392692074179,0.9814357161521912,10.288519859313965,10650,0.3,0.00734797,0.0003
6,200.0,27,3963.235294117647,1018,6912,23.410348081588744,0.0265625,-0.837967523932457,-0.014334711758419872,0.992487907409668,13.502470016479492,10660,0.3,0.019109342,0.0003
7,200.0,28,3976.0,1019,7168,7.1210354447364805,0.065234375,-0.843253955245018,-0.02062174924649298,0.9977397322654724,3.6935877799987793,10670,0.3,0.030255139,0.0003
7,200.0,29,3969.189189189189,1017,7424,7.013117742538452,0.108984375,-0.769780844449997,-0.01909475037828088,0.998062014579773,3.5362422466278076,10680,0.3,0.0239577,0.0003
7,200.0,30,3968.157894736842,1016,7680,91.03104639053345,0.02578125,-1.06399447619915,-0.006319432589225471,0.9720470309257507,71.3836898803711,10690,0.3,0.010261022,0.0003
7,200.0,31,3961.025641025641,1017,7936,18.29594979286194,0.00859375,-1.1321482121944428,-0.008370352420024573,0.9921444654464722,5.7476396560668945,10700,0.3,0.008871818,0.0003
8,200.0,32,3954.25,1013,8192,11.156459164619445,0.023828125,-1.0930212199687959,-0.005977279739454389,0.993634045124054,3.1617190837860107,10710,0.3,0.0152865555,0.0003
8,200.0,33,3943.5714285714284,1015,8448,15.138027310371399,0.026171875,-0.8334433197975158,-0.0034193652449175716,0.9931761622428894,4.29359769821167,10720,0.3,0.011660371,0.0003
8,200.0,34,3938.6046511627906,1016,8704,9.71047933101654,0.190234375,-1.0338120490312577,-0.01892088698223233,0.9963127970695496,3.8990790843963623,10730,0.3,0.046822224,0.0003
8,200.0,35,3922.0454545454545,1017,8960,111.01492733955384,0.039453125,-1.060915580391884,-0.00723947323858738,0.967061460018158,26.310441970825195,10740,0.3,0.026321195,0.0003
9,200.0,36,3923.0434782608695,1019,9216,71.8290057182312,0.017578125,-1.0009304612874985,-0.0066707881167531015,0.9743689894676208,25.45096206665039,10750,0.3,0.010256119,0.0003
9,200.0,37,3938.936170212766,1019,9472,109.77899026870728,0.0,-0.8523368805646896,-0.0006234528962522745,0.9699000120162964,35.572410583496094,10760,0.3,0.00059381407,0.0003
9,200.0,38,3942.7083333333335,1019,9728,100.77535357475281,0.0,-0.6879038035869598,0.00018450053175911307,0.9679844975471497,72.96540069580078,10770,0.3,0.00035063853,0.0003
9,200.0,39,3903.469387755102,1019,9984,561.2817962646484,0.0,-1.124048101902008,-0.0015927968081086874,0.7107410430908203,115.1258316040039,10780,0.3,0.0003066915,0.0003
10,200.0,40,3909.607843137255,1020,10240,80.10829296112061,0.012890625,-1.0268230497837068,-0.013342172815464437,0.9697659611701965,50.190311431884766,10790,0.3,0.007901708,0.0003
0,200.0,1,3846.0,1360,256,8.860337519645691,0.1421875,-0.8872014909982682,-0.021212515165098013,0.9970629811286926,4.356717586517334,10800,0.3,0.026430072,0.0003
0,200.0,2,4105.0,1171,512,34.11571946144104,0.04453125,-0.8994554162025452,-0.007396860769949854,0.9860321283340454,12.60219669342041,10410,0.3,0.014824957,0.0003
0,200.0,3,4089.6666666666665,1118,768,42.283801317214966,0.021875,-0.8795421570539474,-0.005312742397654802,0.9881628155708313,13.412010192871094,10420,0.3,0.03340292,0.0003
0,200.0,4,4230.8,1108,1024,50.715828037261964,0.0234375,-0.9014441251754761,-0.00726720648817718,0.9794703125953674,10.804671287536621,10430,0.3,0.02355302,0.0003
1,200.0,5,4132.833333333333,1096,1280,15.907856225967407,0.00390625,-0.8631527185440063,-0.007651933608576656,0.9957318305969238,3.744133234024048,10440,0.3,0.005957447,0.0003
1,200.0,6,4161.857142857143,1092,1536,128.70582728385926,0.0125,-0.8710019767284394,-0.0015511259087361395,0.9552112221717834,90.37735748291016,10450,0.3,0.006223595,0.0003
1,200.0,7,3950.75,1086,1792,10.46972198486328,0.01796875,-1.0348509341478347,-0.011607488361187279,0.9965378046035767,3.2771005630493164,10460,0.3,0.014435567,0.0003
1,200.0,8,3793.8,1084,2048,104.24145338535308,0.008203125,-0.8904005944728851,-0.0006487776292487979,0.9717040657997131,75.03730773925781,10470,0.3,0.005881917,0.0003
2,200.0,9,3759.3636363636365,1083,2304,195.07428855895995,0.0,-0.9812900573015213,-0.0016028780490159988,0.9095643162727356,30.04730987548828,10480,0.3,0.00073705614,0.0003
2,200.0,10,3609.9166666666665,1076,2560,105.10702908039093,0.01484375,-1.0149412006139755,-0.008560070069506764,0.9636641144752502,3.853557586669922,10490,0.3,0.013054863,0.0003
2,200.0,11,3646.8571428571427,1067,2816,17.06491289138794,0.005078125,-0.9392086774110794,-0.00549936592578888,0.9943690299987793,3.7149810791015625,10500,0.3,0.006966443,0.0003
2,200.0,12,3692.0,1068,3072,26.914112710952757,0.000390625,-0.9148071706295013,-0.0020980124245397747,0.9892557859420776,9.618456840515137,10510,0.3,0.0020517453,0.0003
3,200.0,13,3729.5,1064,3328,10.48718421459198,0.022265625,-0.8700360178947448,-0.007725683087483048,0.9972046613693237,6.764708518981934,10520,0.3,0.012678074,0.0003
3,200.0,14,3766.705882352941,1061,3584,29.186418533325195,0.0,-0.8138889759778977,-0.0016706834780052305,0.9895522594451904,4.436516284942627,10530,0.3,0.0021581813,0.0003
3,200.0,15,3840.8947368421054,1058,3840,34.78908104896546,0.030859375,-0.8367392241954803,-0.01706761387176812,0.9900226593017578,8.7087984085083,10540,0.3,0.018074881,0.0003
3,200.0,16,3853.25,1061,4096,41.97562317848205,0.003515625,-0.8233328878879547,-0.0037452178075909615,0.987787663936615,6.472221374511719,10550,0.3,0.003501019,0.0003
4,200.0,17,3877.4285714285716,1056,4352,8.838618659973145,0.015234375,-0.8131263136863709,-0.008539771474897862,0.9975672364234924,3.084256887435913,10560,0.3,0.01097291,0.0003
4,200.0,18,3947.913043478261,1055,4608,32.01395916938782,0.05859375,-0.7473734885454177,-0.010096959257498383,0.9910125136375427,13.083162307739258,10570,0.3,0.026899785,0.0003
4,200.0,19,3975.0,1059,4864,13.765322732925416,0.009375,-0.6803052335977554,-0.008849542681127786,0.9955492615699768,6.346168518066406,10580,0.3,0.006577313,0.0003
4,200.0,20,3990.4,1057,5120,14.837214517593384,0.052734375,-0.639631861448288,-0.010401112725958228,0.9943634867668152,6.564768314361572,10590,0.3,0.033757515,0.0003
5,200.0,21,4022.230769230769,1055,5376,9.174134445190429,0.039453125,-0.5890378922224044,-0.013329165941104292,0.997787356376648,5.089179992675781,10600,0.3,0.016977223,0.0003
5,200.0,22,4071.9285714285716,1056,5632,5.532220590114593,0.075390625,-0.6079095393419266,-0.009061430185101926,0.9984076619148254,2.7130463123321533,10610,0.3,0.08157264,0.0003
5,200.0,23,3965.8275862068967,1054,5888,11.565516233444214,0.1328125,-0.6845815002918243,-0.028620861750096083,0.9965811967849731,4.346397399902344,10620,0.3,0.50047624,0.0003
5,200.0,24,3886.0,1053,6144,225.17354583740234,0.0,-0.8128333300352096,0.0020305196288973094,0.8967263102531433,50.194374084472656,10630,0.3,0.002844097,0.0003
6,200.0,25,3716.71875,1053,6400,77.16128377914428,0.001171875,-0.9145752549171448,-0.002086871094070375,0.9391770362854004,18.966394424438477,10640,0.3,0.0008819867,0.0003
6,200.0,26,3653.3636363636365,1052,6656,45.04291849136352,0.019921875,-0.7362040996551513,-0.015229477430693805,0.9788390398025513,10.793777465820312,10650,0.3,0.02301883,0.0003
6,200.0,27,3607.5,1052,6912,11.365588402748108,0.068359375,-0.7698852747678757,-0.014831447042524815,0.9946115016937256,2.9173154830932617,10660,0.3,0.009959495,0.0003
6,200.0,28,3595.6285714285714,1052,7168,25.876616144180296,0.07890625,-0.6911992877721786,-0.02139114817837253,0.9920621514320374,17.508281707763672,10670,0.3,0.33448982,0.0003
7,200.0,29,3616.6486486486488,1053,7424,75.81319904327393,0.023828125,-0.8800953090190887,-0.00032906988635659216,0.967941164970398,22.664432525634766,10680,0.3,0.0075500924,0.0003
7,200.0,30,3648.0,1052,7680,40.94404683113098,0.03046875,-0.6264205753803254,-0.006997766904532909,0.9888888001441956,24.90814971923828,10690,0.3,0.006423541,0.0003
7,200.0,31,3677.74358974359,1051,7936,9.100711464881897,0.087890625,-0.678631255030632,-0.019167114642914384,0.9974750280380249,5.235742568969727,10700,0.3,0.03435816,0.0003
7,200.0,32,3705.775,1051,8192,20.654172372817992,0.04375,-0.7660196423530579,-0.005733086611144245,0.9919973611831665,7.105100154876709,10710,0.3,0.017908879,0.0003
8,200.0,33,3735.5476190476193,1051,8448,5.673658418655395,0.0703125,-0.7847954839468002,-0.013512364542111754,0.9982715845108032,2.080526351928711,10720,0.3,0.028803859,0.0003
8,200.0,34,3754.813953488372,1051,8704,12.150960040092468,0.027734375,-0.9853113800287246,-0.010312654357403517,0.9963117241859436,4.535365104675293,10730,0.3,0.009895218,0.0003
8,200.0,35,3757.0454545454545,1050,8960,30.711444091796874,0.011328125,-0.8930887997150421,-0.00482566375285387,0.9879952073097229,8.349762916564941,10740,0.3,0.011109376,0.0003
8,200.0,36,3792.521739130435,1051,9216,13.726160955429076,0.025390625,-0.8155136227607727,-0.00742429078090936,0.9949303865432739,4.3456196784973145,10750,0.3,0.0075936895,0.0003
9,200.0,37,3762.7872340425533,1049,9472,5.068026840686798,0.069921875,-0.8396730780601501,-0.011328889802098275,0.998529851436615,2.373521089553833,10760,0.3,0.042210877,0.0003
9,200.0,38,3775.3125,1049,9728,43.82299671173096,0.082421875,-0.931440007686615,-0.004118319571716711,0.9813831448554993,8.614760398864746,10770,0.3,0.029099548,0.0003
9,200.0,39,3791.3673469387754,1049,9984,6.471083474159241,0.021484375,-0.9009308040142059,-0.010450760181993247,0.9976556301116943,2.3262734413146973,10780,0.3,0.015554192,0.0003
9,200.0,40,3799.5686274509803,1050,10240,7.647516822814941,0.134375,-0.9023648023605346,-0.025130977481603624,0.9976032972335815,2.928144931793213,10790,0.3,0.08246115,0.0003
0,200.0,1,4930.0,1379,256,39.40733394622803,0.017578125,-0.888488981127739,-0.006723771127872169,0.9874607920646667,8.86174201965332,10800,0.3,0.016013581,0.0003
0,200.0,2,4810.0,1206,512,10.733287692070007,0.058984375,-0.6749652832746506,-0.013326554861851036,0.9972606897354126,2.4671311378479004,10810,0.3,0.020984463,0.0003
0,200.0,3,4290.0,1135,768,18.458625745773315,0.1078125,-0.7392793387174607,-0.010489857429638505,0.9949390292167664,10.04207706451416,10820,0.3,0.031764988,0.0003
0,200.0,4,4202.0,1115,1024,25.66986608505249,0.05,-1.0869483709335328,-0.01822896138764918,0.9910479784011841,8.927700996398926,10830,0.3,0.025965245,0.0003
1,200.0,5,4160.0,1072,1280,17.084166991710664,0.054296875,-0.9107442080974579,-0.01351844051387161,0.9953778386116028,15.129709243774414,10840,0.3,0.019529413,0.0003
1,200.0,6,3714.285714285714,1071,1536,51.59437246322632,0.008203125,-1.0512640088796616,-0.002095917193219066,0.9785388112068176,13.78366470336914,10850,0.3,0.0065043885,0.0003
1,200.0,7,3772.5,1084,1792,13.059987545013428,0.016796875,-1.1306681632995605,-0.010644849459640681,0.9956344962120056,3.8052124977111816,10860,0.3,0.010110393,0.0003
1,200.0,8,3664.0,1071,2048,12.983065450191498,0.028515625,-0.8990135997533798,-0.019721850380301477,0.9962737560272217,10.51762580871582,10870,0.3,0.01458228,0.0003
2,200.0,9,3755.4545454545455,1065,2304,107.68649458885193,0.030078125,-1.1591328263282776,-0.006273956154473126,0.9643189907073975,6.540722370147705,10880,0.3,0.020209778,0.0003
2,200.0,10,3773.3333333333335,1068,2560,39.21059432029724,0.0,-0.6878956139087677,0.0002450220286846161,0.986653208732605,12.241795539855957,10890,0.3,0.00050811656,0.0003
2,200.0,11,3834.285714285714,1066,2816,55.03828840255737,0.005859375,-0.7084257066249847,-0.010928233480080962,0.9845815300941467,26.954328536987305,10900,0.3,0.0046781865,0.0003
2,200.0,12,3889.3333333333335,1058,3072,14.484221363067627,0.0359375,-1.0123607963323593,-0.01774456291459501,0.9948215484619141,4.164617538452148,10910,0.3,0.018767916,0.0003
3,200.0,13,3876.875,1060,3328,14.617623877525329,0.083984375,-0.7174570620059967,-0.015381136443465948,0.9959949254989624,5.948854446411133,10920,0.3,0.030889718,0.0003
3,200.0,14,3882.3529411764707,1058,3584,54.34693403244019,0.004296875,-1.0656379163265228,-0.003977151203434915,0.9705573320388794,11.525778770446777,10930,0.3,0.0042206515,0.0003
3,200.0,15,3789.4736842105262,1058,3840,10.972604393959045,0.052734375,-1.1934881865978242,-0.025783699890598654,0.99615478515625,3.6596689224243164,10940,0.3,0.02531094,0.0003
3,200.0,16,3641.0,1056,4096,42.36249198913574,0.00703125,-1.1270163416862489,-0.0019112754496745765,0.9858957529067993,24.865314483642578,10950,0.3,0.0049537704,0.0003
4,200.0,17,3599.5238095238096,1060,4352,9.769252634048462,0.07421875,-0.9619106411933899,-0.016027519665658473,0.9941555857658386,3.8486692905426025,10960,0.3,0.016082052,0.0003
4,200.0,18,3599.5652173913045,1058,4608,108.87356586456299,0.00390625,-1.0429492086172103,-0.0005752492463216186,0.9630206823348999,67.2127685546875,10970,0.3,0.0046091615,0.0003
4,200.0,19,3573.3333333333335,1057,4864,42.23082375526428,0.009765625,-1.1836454808712005,-0.0031743140192702413,0.9859840273857117,6.81352424621582,10980,0.3,0.0061988328,0.0003
4,200.0,20,3616.4,1056,5120,29.707181406021117,0.0015625,-1.0461989104747773,-0.004330352507531643,0.9827154874801636,6.931060791015625,10990,0.3,0.0038222547,0.0003
5,200.0,21,3628.4615384615386,1052,5376,10.525273990631103,0.04296875,-0.9626365303993225,-0.022166711324825884,0.9969717264175415,3.9399266242980957,11000,0.3,0.015789157,0.0003
5,200.0,22,3660.0,1050,5632,21.44283332824707,0.012890625,-0.7704501032829285,-0.01893186932429671,0.9939072728157043,6.787707805633545,11010,0.3,0.009928091,0.0003
5,200.0,23,3651.3793103448274,1050,5888,11.89259295463562,0.040234375,-0.9971419036388397,-0.021519378130324184,0.9960648417472839,5.572499752044678,11020,0.3,0.03655895,0.0003
5,200.0,24,3558.6666666666665,1042,6144,208.18705101013182,0.034375,-1.0816465407609939,0.0012437209021300077,0.9307264089584351,61.9716682434082,11030,0.3,0.008688383,0.0003
6,200.0,25,3477.8125,1043,6400,93.9114637374878,0.000390625,-0.8037965536117554,-0.0028107131132856012,0.9240515232086182,23.171913146972656,11040,0.3,0.003506091,0.0003
6,200.0,26,3426.969696969697,1044,6656,78.88969841003419,0.008984375,-1.2016914069652558,-0.012987494585104287,0.9649994969367981,28.769224166870117,11050,0.3,0.008899871,0.0003
6,200.0,27,3369.705882352941,1043,6912,404.61665802001954,0.003125,-1.206930685043335,-0.0008277209009975195,0.7639569640159607,176.41253662109375,11060,0.3,0.0027573204,0.0003
6,200.0,28,3318.8571428571427,1043,7168,610.7073036193848,0.001953125,-1.2072659075260161,-0.002741732308641076,0.5861818194389343,115.67218017578125,11070,0.3,0.00093800854,0.0003
7,200.0,29,3255.675675675676,1044,7424,954.9331310272216,0.0,-1.0681479752063752,-0.0007933867396786809,0.09773445129394531,63.72357940673828,11080,0.3,0.00021666917,0.0003
7,200.0,30,3221.842105263158,1045,7680,392.5313415527344,0.01171875,-1.147261416912079,-0.004203491460066289,0.8479471206665039,200.18125915527344,11090,0.3,0.00760547,0.0003
7,200.0,31,3191.025641025641,1044,7936,176.09189491271974,0.048828125,-1.3322636842727662,-0.008142716635484248,0.9092987179756165,46.16636276245117,11100,0.3,0.025282463,0.0003
7,200.0,32,3221.5,1044,8192,33.3148916721344,0.0,-1.062557539343834,-0.008860524278134108,0.9875600337982178,8.990842819213867,11110,0.3,0.0027643233,0.0003
8,200.0,33,3260.9523809523807,1045,8448,10.4482745885849,0.00703125,-1.0227949500083924,-0.008869453659281134,0.9952769875526428,3.39904522895813,11120,0.3,0.0056506414,0.0003
8,200.0,34,3210.4651162790697,1045,8704,11.808001685142518,0.059765625,-0.9099753081798554,-0.024998650455381723,0.9965368509292603,4.4683661460876465,11130,0.3,0.022485195,0.0003
8,200.0,35,3243.409090909091,1047,8960,111.73883090019226,0.0078125,-1.0897014617919922,-0.003997413394972682,0.9518457055091858,12.419685363769531,11140,0.3,0.005033429,0.0003
8,200.0,36,3290.217391304348,1046,9216,16.25907435417175,0.047265625,-0.8648987114429474,-0.015486548980697989,0.9952252507209778,6.387402534484863,11150,0.3,0.021276666,0.0003
9,200.0,37,3242.553191489362,1047,9472,59.81029777526855,0.00234375,-0.7425174951553345,-0.0017714841524139047,0.9734007716178894,21.07930564880371,11160,0.3,0.0017106107,0.0003
9,200.0,38,3271.875,1046,9728,7.367023003101349,0.021875,-1.4181638717651368,-0.014837096957489849,0.9956597089767456,3.2145469188690186,11170,0.3,0.018569231,0.0003
9,200.0,39,3300.816326530612,1046,9984,10.887584543228149,0.05625,-0.7915020406246185,-0.01768589571584016,0.997080385684967,6.4751811027526855,11180,0.3,0.017383914,0.0003
9,200.0,40,3331.764705882353,1044,10240,20.852313804626466,0.031640625,-0.8538351356983185,-0.007355216145515442,0.9939132928848267,8.562260627746582,11190,0.3,0.015741196,0.0003
0,200.0,1,1495.0,1335,256,180.10911731719972,0.02890625,-0.9421676933765412,-0.005776095297187566,0.9501930475234985,136.02783203125,11200,0.3,0.010613993,0.0003
0,200.0,2,2568.5,1184,512,9.058054780960083,0.008984375,-0.7090505748987198,-0.0028140278765931724,0.9930312633514404,2.1860973834991455,10810,0.3,0.0027807192,0.0003
0,200.0,3,2997.6666666666665,1118,768,35.356189250946045,0.002734375,-0.8494759559631347,-0.0024716729763895272,0.9834399819374084,9.491527557373047,10820,0.3,0.003522937,0.0003
0,200.0,4,1926.8,1097,1024,5.823606181144714,0.080859375,-0.9967081904411316,-0.017831101967021822,0.9954376220703125,2.4545226097106934,10830,0.3,0.03113097,0.0003
1,200.0,5,1579.5,1097,1280,8.636306023597717,0.034765625,-0.8216502904891968,-0.0015435394132509827,0.9899918437004089,2.1496400833129883,10840,0.3,0.016910013,0.0003
1,200.0,6,1332.0,1085,1536,3.7216737389564516,0.073046875,-1.1338864982128143,-0.01916892151348293,0.9693569540977478,0.8696305155754089,10850,0.3,0.030320901,0.0003
1,200.0,7,1292.75,1082,1792,9.750489223003388,0.07109375,-0.781313443183899,-0.01280485070310533,0.9840569496154785,3.003183126449585,10860,0.3,0.037594303,0.0003
1,200.0,8,1355.2,1078,2048,11.908671975135803,0.00546875,-1.1298493444919586,-0.0011315709445625544,0.98711758852005,2.7031092643737793,10870,0.3,0.003452406,0.0003
2,200.0,9,1341.2727272727273,1077,2304,2.5477181553840635,0.1109375,-1.0211213320493697,-0.016164695471525194,0.9986159205436707,1.1443557739257812,10880,0.3,0.029085794,0.0003
2,200.0,10,1391.8333333333333,1074,2560,38.774923992156985,0.0125,-0.7490500539541245,-0.0010970213916152716,0.9824289679527283,13.304588317871094,10890,0.3,0.0042958795,0.0003
2,200.0,11,1352.642857142857,1075,2816,19.121962690353392,0.159765625,-1.1122822046279908,-0.009029748127795756,0.9850040078163147,14.168252944946289,10900,0.3,0.1028585,0.0003
2,200.0,12,1503.0,1069,3072,33.53251466751099,0.23359375,-1.1321664869785308,-0.029243866028264166,0.9792901277542114,8.755069732666016,10910,0.3,0.067260385,0.0003
3,200.0,13,1573.875,1067,3328,11.372402787208557,0.019140625,-0.872687178850174,-0.01681035542860627,0.9941983222961426,2.4863531589508057,10920,0.3,0.016095173,0.0003
3,200.0,14,1637.4705882352941,1069,3584,21.762750720977785,0.010546875,-0.7649789065122604,-0.007677519088611006,0.991314709186554,9.89023494720459,10930,0.3,0.0065588523,0.0003
3,200.0,15,1671.2631578947369,1070,3840,2.571489602327347,0.027734375,-0.8256434470415115,-0.014966808177996426,0.99874347448349,0.9606996178627014,10940,0.3,0.01708737,0.0003
3,200.0,16,1721.6,1067,4096,6.4460724830627445,0.0421875,-0.6134940057992935,-0.012078974302858115,0.9952192306518555,1.9055007696151733,10950,0.3,0.013014778,0.0003
4,200.0,17,1722.0,1065,4352,101.51621036529541,0.016015625,-0.871433773636818,-0.004620538814924658,0.9607277512550354,71.58342742919922,10960,0.3,0.009764703,0.0003
4,200.0,18,1855.391304347826,1064,4608,8.830325365066528,0.0359375,-0.8610102891921997,-0.00818058887962252,0.9958586096763611,2.054715633392334,10970,0.3,0.02382557,0.0003
4,200.0,19,1800.4583333333333,1064,4864,2.3228348195552826,0.155859375,-0.8580453813076019,-0.017680575256235898,0.9991598725318909,1.102380633354187,10980,0.3,0.05144847,0.0003
4,200.0,20,1777.96,1062,5120,14.893195343017577,0.12578125,-0.9698832899332046,-0.00430521834641695,0.9773257374763489,3.020089626312256,10990,0.3,0.029397512,0.0003
5,200.0,21,1810.2307692307693,1059,5376,55.48131103515625,0.006640625,-0.9500770837068557,-0.014262741291895508,0.9728895425796509,22.146804809570312,11000,0.3,0.0058976943,0.0003
5,200.0,22,1803.642857142857,1061,5632,46.81903829574585,0.003515625,-1.011691641807556,-0.008357820846140385,0.97774738073349,14.465995788574219,11010,0.3,0.006667264,0.0003
5,200.0,23,1831.1724137931035,1057,5888,31.4814621925354,0.001171875,-1.1025346279144288,-0.00627651703543961,0.9715668559074402,9.474082946777344,11020,0.3,0.0036033646,0.0003
5,200.0,24,1867.9333333333334,1058,6144,144.3283314704895,0.007421875,-0.9303252339363098,-0.017132880131248383,0.9422529339790344,76.49517822265625,11030,0.3,0.003278039,0.0003
6,200.0,25,1800.78125,1056,6400,19.110543370246887,0.002734375,-1.1450488209724425,-0.005898183817043901,0.9790787696838379,5.601283073425293,11040,0.3,0.0027678038,0.0003
6,200.0,26,1784.2121212121212,1055,6656,31.369696283340453,0.00234375,-0.9558710575103759,-0.005450141429901123,0.9797548651695251,9.574176788330078,11050,0.3,0.0037837147,0.0003
6,200.0,27,1740.5588235294117,1055,6912,57.56967992782593,0.001171875,-1.1997064352035522,-0.007028537872247398,0.9365132451057434,7.999936103820801,11060,0.3,0.0026477887,0.0003
6,200.0,28,1739.4,1055,7168,24.85912013053894,0.00234375,-0.8778937995433808,-0.002835987787693739,0.9620160460472107,4.274408340454102,11070,0.3,0.0027868713,0.0003
7,200.0,29,1758.3783783783783,1051,7424,14.649554896354676,0.00234375,-1.0200314372777939,-0.009831891919020563,0.9869804382324219,1.37876558303833,11080,0.3,0.003030632,0.0003
7,200.0,30,1775.3947368421052,1049,7680,14.096099948883056,0.049609375,-0.8844346076250076,-0.021257575717754662,0.9948598742485046,2.9679083824157715,11090,0.3,0.021183461,0.0003
7,200.0,31,1810.051282051282,1050,7936,55.996637630462644,0.004296875,-0.9470298618078232,-0.005244140210561454,0.9643725156784058,7.85021448135376,11100,0.3,0.0027788028,0.0003
7,200.0,32,1843.9,1049,8192,9.033277940750121,0.076953125,-0.9186701506376267,-0.026071137655526398,0.9967833757400513,2.5825583934783936,11110,0.3,0.04806231,0.0003
8,200.0,33,1929.142857142857,1049,8448,81.55073108673096,0.04453125,-0.8362688362598419,-0.014583377516828477,0.9740748405456543,51.75859832763672,11120,0.3,0.020960677,0.0003
8,200.0,34,1930.2558139534883,1050,8704,38.96501111984253,0.00703125,-0.7817567408084869,-0.005690340138971806,0.9844276905059814,7.974803447723389,11130,0.3,0.0060382485,0.0003
8,200.0,35,1962.1136363636363,1050,8960,34.85584192276001,0.001171875,-0.77232446372509,-0.0020737244049087167,0.9800934791564941,8.805656433105469,11140,0.3,0.0018357001,0.0003
8,200.0,36,1991.2391304347825,1050,9216,8.701496136188506,0.033203125,-0.8206393033266067,-0.01365170106291771,0.9938361048698425,2.899840831756592,11150,0.3,0.015943415,0.0003
9,200.0,37,2035.595744680851,1049,9472,19.71580913066864,0.0078125,-0.82838154733181,-0.00603380681714043,0.9933008551597595,2.4687650203704834,11160,0.3,0.0067564007,0.0003
9,200.0,38,2053.8958333333335,1050,9728,5.296404612064362,0.020703125,-0.7732445538043976,-0.015476072020828725,0.9981770515441895,0.9641299247741699,11170,0.3,0.012074691,0.0003
9,200.0,39,2056.612244897959,1049,9984,4.884662437438965,0.134375,-0.8730700641870499,-0.03240015949122608,0.9976446628570557,1.9311041831970215,11180,0.3,0.058836,0.0003
9,200.0,40,2071.1176470588234,1049,10240,20.7724524974823,0.022265625,-0.5745983988046646,-0.0024935326538980005,0.9863298535346985,5.789797306060791,11190,0.3,0.009820444,0.0003
0,200.0,1,-380.0,1384,256,5.689406752586365,0.00703125,-0.714444899559021,-0.0028471660800278185,0.9975743293762207,1.7442604303359985,11200,0.3,0.0049653696,0.0003
0,200.0,2,1175.0,1178,512,61.77715663909912,0.0,-0.4118297159671783,-0.002777163847349584,0.9187833070755005,10.854601860046387,11210,0.3,0.0006802664,0.0003
0,200.0,3,1786.6666666666667,1118,768,14.95904462337494,0.006640625,-1.137861853837967,-0.007977228611707687,0.993944525718689,7.538913726806641,11220,0.3,0.005276967,0.0003
0,200.0,4,1730.0,1098,1024,43.698752117156985,0.01796875,-1.2654723346233367,-0.016141771874390542,0.9838560223579407,16.92432975769043,11230,0.3,0.011934513,0.0003
1,200.0,5,1943.3333333333333,1075,1280,101.17464790344238,0.0,-1.2564189374446868,-0.0014995039207860827,0.8824937343597412,20.223363876342773,11240,0.3,0.0037318056,0.0003
1,200.0,6,1880.0,1062,1536,48.14349422454834,0.021484375,-1.027020627260208,-0.012564100802410393,0.9834350943565369,9.433366775512695,11250,0.3,0.014020629,0.0003
1,200.0,7,2201.25,1063,1792,54.08679933547974,0.00390625,-0.9894718140363693,-0.001075032155495137,0.9755488038063049,6.323471546173096,11260,0.3,0.0015863671,0.0003
1,200.0,8,2069.0,1043,2048,93.32452611923217,0.0015625,-1.1427196145057679,-0.004799270536750555,0.9611167311668396,26.804384231567383,11270,0.3,0.0040300647,0.0003
2,200.0,9,2087.2727272727275,1046,2304,13.154694771766662,0.040625,-0.9098326921463012,-0.018388582579791545,0.9939863681793213,5.622795104980469,11280,0.3,0.03903628,0.0003
2,200.0,10,2178.3333333333335,1048,2560,11.57409884929657,0.101171875,-1.2426184237003326,-0.022410283144563437,0.9952642321586609,5.471083164215088,11290,0.3,0.028863164,0.0003
2,200.0,11,2361.4285714285716,1047,2816,41.87283277511597,0.03046875,-1.0583800226449966,-0.00851689416449517,0.9839464426040649,16.833370208740234,11300,0.3,0.012207102,0.0003
2,200.0,12,2483.3333333333335,1047,3072,249.32494506835937,0.0,-0.8204336196184159,-0.003224504878744483,0.9100728034973145,102.22440338134766,11310,0.3,0.0006156878,0.0003
3,200.0,13,2616.875,1043,3328,25.416931200027467,0.02734375,-0.8623158156871795,-0.014687226619571447,0.9915338754653931,7.806184768676758,11320,0.3,0.0102846995,0.0003
3,200.0,14,2682.3529411764707,1047,3584,30.510403442382813,0.0109375,-0.7525714099407196,-0.003070906340144575,0.9910480976104736,13.876280784606934,11330,0.3,0.005385749,0.0003
3,200.0,15,2634.2105263157896,1043,3840,48.678756189346316,0.0,-1.3255300104618073,-0.0019050338538363575,0.9643833637237549,5.6680803298950195,11340,0.3,0.0012540321,0.0003
3,200.0,16,2713.0,1044,4096,15.468569707870483,0.009765625,-1.0797876298427582,-0.006290813907980919,0.9934098124504089,5.7824788093566895,11350,0.3,0.009589224,0.0003
4,200.0,17,2807.1428571428573,1044,4352,23.380249547958375,0.013671875,-0.8841293662786484,-0.012292188266292215,0.9927749037742615,13.843168258666992,11360,0.3,0.009991627,0.0003
4,200.0,18,2781.7391304347825,1045,4608,35.15598549842834,0.004296875,-1.254674482345581,-0.002898738213116303,0.9883560538291931,10.942828178405762,11370,0.3,0.0025700862,0.0003
4,200.0,19,2779.5833333333335,1044,4864,23.904841470718384,0.015625,-1.0416480511426927,-0.005173842678777874,0.9898775219917297,7.822329521179199,11380,0.3,0.008905079,0.0003
4,200.0,20,2815.6,1044,5120,15.799111890792847,0.020703125,-1.0567644208669662,-0.01027831039391458,0.9924249053001404,4.2301716804504395,11390,0.3,0.010058351,0.0003
5,200.0,21,2858.4615384615386,1045,5376,36.992814254760745,0.009765625,-0.7921431213617325,-0.005633417214266956,0.9893632531166077,22.684572219848633,11400,0.3,0.006820347,0.0003
5,200.0,22,2997.8571428571427,1041,5632,7.938571906089782,0.015625,-0.6118335336446762,-0.011465982510708272,0.9973264336585999,2.380237340927124,11410,0.3,0.011008022,0.0003
5,200.0,23,2981.7241379310344,1042,5888,37.65101270675659,0.0125,-0.6993712574243546,-0.002366312756203115,0.9900224804878235,12.68343734741211,11420,0.3,0.0066914153,0.0003
5,200.0,24,3045.3333333333335,1042,6144,97.3492805480957,0.0015625,-0.7749100953340531,-0.0011928921332582832,0.972038745880127,83.68683624267578,11430,0.3,0.0028182801,0.0003
6,200.0,25,3071.875,1042,6400,25.383034229278564,0.003515625,-0.6729007720947265,-0.004222436458803713,0.9901315569877625,7.048734188079834,11440,0.3,0.0030814053,0.0003
6,200.0,26,3076.6666666666665,1044,6656,110.81243114471435,0.02109375,-1.033224207162857,-0.005446291598491371,0.9652215242385864,88.06539916992188,11450,0.3,0.0097042145,0.0003
6,200.0,27,3115.294117647059,1043,6912,38.78641390800476,0.059765625,-1.0145205169916154,-0.01359841253142804,0.9871919751167297,20.307098388671875,11460,0.3,0.04770019,0.0003
6,200.0,28,3160.285714285714,1045,7168,9.513418591022491,0.02734375,-0.6685489743947983,-0.00709256308618933,0.9970514178276062,4.161402702331543,11470,0.3,0.01830284,0.0003
7,200.0,29,3105.4054054054054,1044,7424,16.251933026313782,0.016796875,-1.1205718994140625,-0.006905886926688254,0.9928009510040283,8.54104995727539,11480,0.3,0.013646947,0.0003
7,200.0,30,3076.842105263158,1043,7680,48.0927496433258,0.041796875,-1.0591206073760986,-0.014867830183357,0.9832234978675842,11.040390014648438,11490,0.3,0.022423584,0.0003
7,200.0,31,3068.2051282051284,1045,7936,33.38854308128357,0.016015625,-0.9325037509202957,-0.004943294124677778,0.977961540222168,17.350095748901367,11500,0.3,0.0048193615,0.0003
7,200.0,32,3042.75,1044,8192,93.18234853744507,0.008984375,-0.9875765413045883,-0.0046509658568538725,0.9723105430603027,65.83773803710938,11510,0.3,0.009605788,0.0003
8,200.0,33,3056.4285714285716,1044,8448,58.03129458427429,0.017578125,-1.155397856235504,-0.008218609786126763,0.9697052240371704,9.403631210327148,11520,0.3,0.011908231,0.0003
8,200.0,34,3065.5813953488373,1045,8704,15.211608743667602,0.03671875,-1.0039897233247757,-0.015530259953811765,0.9942471385002136,8.382596969604492,11530,0.3,0.02000301,0.0003
8,200.0,35,3013.181818181818,1045,8960,45.75549054145813,0.018359375,-0.775766783952713,0.0016444176901131869,0.9764353036880493,13.139474868774414,11540,0.3,0.0041445205,0.0003
8,200.0,36,2933.2608695652175,1045,9216,3312.052307891846,0.00234375,-1.0324024617671967,0.0010628909571096302,-2.3205924034118652,87.88438415527344,11550,0.3,0.0015757666,0.0003
9,200.0,37,2897.659574468085,1045,9472,18.515041494369505,0.015234375,-1.1065958857536315,-0.00900150123052299,0.9888026118278503,5.62296199798584,11560,0.3,0.013944929,0.0003
9,200.0,38,2879.5833333333335,1045,9728,21.27614495754242,0.11015625,-1.172984117269516,-0.01909995749592781,0.9808473587036133,7.520407676696777,11570,0.3,0.054486845,0.0003
9,200.0,39,2822.8571428571427,1045,9984,31.081144285202026,0.015234375,-0.8720472574234008,-0.006143039185553789,0.9795857071876526,16.51167869567871,11580,0.3,0.0077825184,0.0003
9,200.0,40,2724.5098039215686,1045,10240,47.671806764602664,0.01015625,-1.2265150129795075,-0.002452088985592127,0.9310939908027649,10.035382270812988,11590,0.3,0.0074684657,0.0003
0,200.0,1,1712.0,1367,256,16.30835862159729,0.0609375,-0.9923579692840576,-0.023090752912685274,0.9776718616485596,12.500972747802734,11600,0.3,0.0137693845,0.0003
0,200.0,2,1443.5,1206,512,22.221043205261232,0.0046875,-0.6615756660699844,-0.00023342599160969257,0.9786573052406311,6.090688228607178,11210,0.3,0.002052611,0.0003
0,200.0,3,1137.0,1109,768,61.976568174362185,0.03046875,-0.7741508990526199,-0.013147120969370008,0.9655353426933289,22.90692138671875,11220,0.3,0.03757018,0.0003
0,200.0,4,877.8,1091,1024,107.00546112060547,0.012109375,-0.6578550577163697,0.003295376827009022,0.8689982295036316,38.43207550048828,11230,0.3,0.0037485345,0.0003
1,200.0,5,1244.1666666666667,1070,1280,22.088599920272827,0.018359375,-0.92144376039505,-0.014362588943913578,0.9793035984039307,6.411205768585205,11240,0.3,0.01591555,0.0003
1,200.0,6,1042.4285714285713,1066,1536,67.00441303253174,0.003515625,-0.9329787909984588,-0.0054955238476395605,0.9689585566520691,37.83539581298828,11250,0.3,0.0026334687,0.0003
1,200.0,7,863.125,1068,1792,23.263437390327454,0.015625,-0.7897576808929443,-0.00598364716861397,-0.6336207389831543,3.864015817642212,11260,0.3,0.0027540214,0.0003
1,200.0,8,1022.3,1065,2048,31.642059540748598,0.035546875,-0.7118838012218476,-0.010472352080978454,0.9554119110107422,24.2431640625,11270,0.3,0.013694102,0.0003
2,200.0,9,1088.090909090909,1065,2304,8.489951419830323,0.05,-0.7839328140020371,-0.016524907015264035,0.996361494064331,2.089416027069092,11280,0.3,0.021750715,0.0003
2,200.0,10,1141.3333333333333,1061,2560,17.939268159866334,0.03515625,-0.9980502009391785,-0.01145576760172844,0.9884318709373474,6.061603546142578,11290,0.3,0.015040865,0.0003
2,200.0,11,1275.7857142857142,1059,2816,61.355907154083255,0.00234375,-0.8732489496469498,-0.0007529021240770817,0.932601809501648,9.888713836669922,11300,0.3,0.0024774654,0.0003
2,200.0,12,1276.7333333333333,1062,3072,14.668408727645874,0.01875,-0.9113139569759369,-0.008014676533639431,0.9921232461929321,4.954360485076904,11310,0.3,0.013710299,0.0003
3,200.0,13,1244.0625,1056,3328,99.95578022003174,0.0,-1.0127266585826873,-0.0005595252849161624,0.9426931738853455,43.200008392333984,11320,0.3,0.0028945638,0.0003
3,200.0,14,1343.4117647058824,1058,3584,21.520777559280397,0.054296875,-1.0879263043403626,-0.014856487838551402,0.9876561760902405,12.518013000488281,11330,0.3,0.0259429,0.0003
3,200.0,15,1344.9473684210527,1055,3840,3.1444580018520356,0.03671875,-0.8901724696159363,-0.02909532976918854,0.9971259236335754,0.6894181966781616,11340,0.3,0.015835147,0.0003
3,200.0,16,1398.7,1056,4096,15.608487939834594,0.06328125,-0.9528762102127075,-0.014390582591295243,0.9930673241615295,5.167149066925049,11350,0.3,0.021753967,0.0003
4,200.0,17,1379.5238095238096,1054,4352,56.52039813995361,0.02109375,-0.9033458024263382,-0.006426215264946222,0.964968740940094,15.252533912658691,11360,0.3,0.015935214,0.0003
4,200.0,18,1386.304347826087,1056,4608,37.98515763282776,0.012109375,-0.7795438975095749,-0.012605493003502489,0.9719496965408325,8.036937713623047,11370,0.3,0.0070851743,0.0003
4,200.0,19,1322.2083333333333,1054,4864,29.502864837646484,0.016796875,-0.7966717153787612,-0.0041159001528285446,0.9832878112792969,7.400182723999023,11380,0.3,0.010927631,0.0003
4,200.0,20,1358.52,1056,5120,29.198532891273498,0.0046875,-0.658934262394905,0.00012483561877161265,0.9818452000617981,3.4863932132720947,11390,0.3,0.0007497214,0.0003
5,200.0,21,1381.1153846153845,1055,5376,16.31727261543274,0.09921875,-0.8839614987373352,-0.03010345227085054,0.9908995032310486,4.054594039916992,11400,0.3,0.042558767,0.0003
5,200.0,22,1507.0357142857142,1055,5632,11.016586589813233,0.0203125,-0.7131687641143799,-0.0032580252271145584,0.9927927851676941,2.8105146884918213,11410,0.3,0.013917605,0.0003
5,200.0,23,1546.448275862069,1055,5888,36.758352756500244,0.085546875,-0.7762453466653824,-0.028866842156276107,0.9835292100906372,15.620904922485352,11420,0.3,0.063017495,0.0003
5,200.0,24,1550.5666666666666,1057,6144,26.92388520240784,0.0078125,-0.8251279771327973,-0.006775882642250508,0.982697069644928,7.32748556137085,11430,0.3,0.0069635846,0.0003
6,200.0,25,1649.03125,1056,6400,609.3962097167969,0.000390625,-0.7432573914527894,-0.0017916904063895345,0.6935750246047974,82.57200622558594,11440,0.3,0.0031200906,0.0003
6,200.0,26,1678.090909090909,1055,6656,31.03685519695282,0.0,-0.7326730787754059,-0.0023379555554129184,0.9761672616004944,10.538003921508789,11450,0.3,0.001074519,0.0003
6,200.0,27,1713.6176470588234,1055,6912,20.38058638572693,0.01484375,-0.7195092648267746,-0.006697870371863246,0.9907675981521606,4.584831714630127,11460,0.3,0.008683071,0.0003
6,200.0,28,1741.5428571428572,1055,7168,13.891854190826416,0.028125,-0.7427781313657761,-0.010479451902210713,0.9935399293899536,5.261419773101807,11470,0.3,0.019741433,0.0003
7,200.0,29,1837.2702702702702,1054,7424,9.276678133010865,0.028515625,-0.6916636824607849,-0.014748838427476586,0.9957000613212585,2.474039077758789,11480,0.3,0.015040518,0.0003
7,200.0,30,1857.2894736842106,1054,7680,15.243647837638855,0.026171875,-0.6859300762414933,-0.007078738824930042,0.9926981329917908,4.888566970825195,11490,0.3,0.0113972435,0.0003
7,200.0,31,1872.6923076923076,1051,7936,18.001687145233156,0.037109375,-0.7355287492275238,-0.016705024568364025,0.9936415553092957,4.925137519836426,11500,0.3,0.012302598,0.0003
7,200.0,32,1898.275,1051,8192,1421.0102279663085,0.00703125,-0.6139814704656601,0.001302121439948678,0.19262009859085083,176.4965362548828,11510,0.3,0.004171329,0.0003
8,200.0,33,1950.7857142857142,1052,8448,57.47086133956909,0.0,-0.8326020032167435,-0.0010265946737490594,0.9645876288414001,5.711508750915527,11520,0.3,0.0006655825,0.0003
8,200.0,34,1983.046511627907,1053,8704,36.07402443885803,0.0,-0.7293295174837112,-0.0011859339196234942,0.9781503081321716,19.544891357421875,11530,0.3,0.0018918191,0.0003
8,200.0,35,2014.0227272727273,1052,8960,41.18846030235291,0.007421875,-0.786827027797699,-0.006332718790508807,0.9833048582077026,12.43642807006836,11540,0.3,0.0054043867,0.0003
8,200.0,36,2063.217391304348,1051,9216,24.05592441558838,0.006640625,-0.7500232756137848,-0.0029111891868524253,0.9881678819656372,6.610074520111084,11550,0.3,0.003758199,0.0003
9,200.0,37,2091.7021276595747,1051,9472,42.533004593849185,0.046484375,-0.7724451839923858,-0.005633558868430555,0.9845341444015503,6.257547378540039,11560,0.3,0.03200359,0.0003
9,200.0,38,2063.25,1052,9728,29.513139915466308,0.074609375,-0.9548957765102386,-0.01414171806536615,0.989649772644043,9.646709442138672,11570,0.3,0.034640282,0.0003
9,200.0,39,2079.122448979592,1050,9984,35.925397753715515,0.06953125,-1.1266973257064818,-0.016235339536797254,0.9810356497764587,23.69407844543457,11580,0.3,0.017910605,0.0003
9,200.0,40,2101.6470588235293,1049,10240,17.346637964248657,0.0015625,-0.7634519279003144,-0.005103868525475263,0.991500198841095,5.419912338256836,11590,0.3,0.0032441923,0.0003
0,200.0,1,3210.0,1374,256,19.050224208831786,0.05,-0.8432290613651275,-0.03029959760606289,0.992028534412384,6.596567153930664,11600,0.3,0.02434101,0.0003
0,200.0,2,1440.0,1176,512,64.64545860290528,0.015625,-1.2470325887203217,-0.0021160833770409227,0.9629494547843933,20.739320755004883,11610,0.3,0.007633603,0.0003
0,200.0,3,2190.0,1120,768,19.055091190338135,0.000390625,-0.5478873893618583,-0.0025008242577314378,0.9918358325958252,4.261725902557373,11620,0.3,0.001445422,0.0003
0,200.0,4,1652.0,1105,1024,14.714646673202514,0.07109375,-1.3747475087642669,-0.019347870862111448,0.9921407699584961,5.637017250061035,11630,0.3,0.0516005,0.0003
1,200.0,5,1798.3333333333333,1089,1280,203.15342388153076,0.004296875,-0.6637527048587799,0.004860759829171002,0.7788389921188354,30.916959762573242,11640,0.3,0.0013497123,0.0003
1,200.0,6,2137.1428571428573,1079,1536,15.326049256324769,0.008984375,-0.9895820856094361,-0.010261977463960648,0.995049774646759,8.055455207824707,11650,0.3,0.0118219815,0.0003
1,200.0,7,2240.0,1068,1792,25.155360889434814,0.055859375,-0.9497957438230514,-0.021132879983633758,0.9917960166931152,18.91097640991211,11660,0.3,0.026883818,0.0003
1,200.0,8,2582.0,1067,2048,43.64341297149658,0.0390625,-0.9039318680763244,-0.008414834993891418,0.9856951832771301,6.249008655548096,11670,0.3,0.012445551,0.0003
2,200.0,9,2748.181818181818,1068,2304,15.510649394989013,0.074609375,-0.8169852167367935,-0.013670027139596641,0.9951937198638916,9.054742813110352,11680,0.3,0.048888132,0.0003
2,200.0,10,2885.8333333333335,1072,2560,6.301516675949097,0.063671875,-0.7380160719156266,-0.017950594366993755,0.9982542991638184,3.5160677433013916,11690,0.3,0.025836814,0.0003
2,200.0,11,3020.714285714286,1064,2816,25.2653826713562,0.057421875,-0.7448604136705399,-0.01309506273828447,0.9927721619606018,14.898294448852539,11700,0.3,0.02017061,0.0003
3,200.0,12,3036.0,1010,3072,19.47310905456543,0.033203125,-0.9437993913888931,-0.01166127952747047,0.9933411478996277,4.825122356414795,11710,0.3,0.009805843,0.0003
3,200.0,13,3106.875,1012,3328,39.39241786003113,0.00390625,-1.0294760465621948,-0.002265549940057099,0.9852113723754883,6.78973388671875,11720,0.3,0.0037478784,0.0003
3,200.0,14,3171.764705882353,1017,3584,4.651437920331955,0.037890625,-0.6596838921308518,-0.013886094372719527,0.9983229041099548,1.9418283700942993,11730,0.3,0.009462729,0.0003
3,200.0,15,3088.9473684210525,1015,3840,27.7424560546875,0.03046875,-0.7377586781978607,-0.011987889395095408,0.9827359318733215,13.308100700378418,11740,0.3,0.008055748,0.0003
4,200.0,16,3119.0,1015,4096,8.48723064661026,0.031640625,-0.8454993724822998,-0.011289024213328957,0.9962448477745056,3.23703670501709,11750,0.3,0.014322369,0.0003
4,200.0,17,3159.5238095238096,1017,4352,7.734703516960144,0.045703125,-0.9028256207704544,-0.019825870590284466,0.9970695972442627,3.5028350353240967,11760,0.3,0.022699276,0.0003
4,200.0,18,3132.608695652174,1022,4608,6.424053263664246,0.083984375,-0.7804591238498688,-0.019949076231569052,0.997887372970581,2.8415331840515137,11770,0.3,0.011559558,0.0003
4,200.0,19,3165.8333333333335,1020,4864,205.17269859313964,0.026953125,-0.7203145563602448,0.0012288141006138176,0.890326738357544,36.065391540527344,11780,0.3,0.011287438,0.0003
5,200.0,20,3206.8,1022,5120,129.95816822052,0.0,-0.7393411248922348,-0.0004407720407471061,0.9539364576339722,16.739614486694336,11790,0.3,0.000111661386,0.0003
5,200.0,21,3254.6153846153848,1025,5376,12.719946312904359,0.048828125,-0.7131726533174515,-0.010911817522719502,0.9953762888908386,4.154295444488525,11800,0.3,0.01799677,0.0003
5,200.0,22,3270.0,1024,5632,102.04778366088867,0.022265625,-0.629642802476883,-0.007473481935448945,0.9720713496208191,69.3593521118164,11810,0.3,0.021167148,0.0003
5,200.0,23,3317.9310344827586,1026,5888,19.69496579170227,0.01328125,-0.7136057376861572,-0.0046360842417925595,0.9901456236839294,6.048928260803223,11820,0.3,0.012069063,0.0003
6,200.0,24,3370.3333333333335,1022,6144,9.84152090549469,0.0875,-0.5526706352829933,-0.019170491257682443,0.9974220991134644,4.772708892822266,11830,0.3,0.026065176,0.0003
6,200.0,25,3429.6875,1023,6400,7.202732729911804,0.105859375,-0.5494642555713654,-0.019979367428459228,0.9981238842010498,4.314559459686279,11840,0.3,0.04686165,0.0003
6,200.0,26,3457.878787878788,1025,6656,143.14990901947021,0.09921875,-0.7062180757522583,-0.020135006634518504,0.9479209184646606,63.384071350097656,11850,0.3,0.03816023,0.0003
6,200.0,27,3480.0,1025,6912,40.972526168823244,0.0078125,-0.7808052361011505,-0.0033480355748906733,0.9837982058525085,8.697404861450195,11860,0.3,0.003312815,0.0003
6,200.0,28,3507.1428571428573,1026,7168,81.75700378417969,0.017578125,-0.647372105717659,-0.0028277015197090806,0.9769307374954224,53.210731506347656,11870,0.3,0.008637269,0.0003
7,200.0,29,3510.810810810811,1026,7424,7.756883931159973,0.055859375,-0.7200157910585403,-0.011463862238451838,0.9969971776008606,3.137906074523926,11880,0.3,0.026140202,0.0003
7,200.0,30,3534.4736842105262,1027,7680,176.92222442626954,0.0203125,-0.5073432818055152,0.00013382160104811192,0.9503933191299438,68.73410034179688,11890,0.3,0.004408315,0.0003
7,200.0,31,3551.7948717948716,1028,7936,9.235732352733612,0.006640625,-0.7051016241312027,-0.002962074335664511,0.9976691007614136,1.979448676109314,11900,0.3,0.004213039,0.0003
7,200.0,32,3567.25,1028,8192,98.48010873794556,0.015234375,-0.8400256395339966,0.0002882507862523198,0.9708279371261597,62.75226974487305,11910,0.3,0.007958388,0.0003
8,200.0,33,3597.8571428571427,1029,8448,4.984750926494598,0.04609375,-0.7248603254556656,-0.01253391436766833,0.9984431266784668,1.4224233627319336,11920,0.3,0.018593527,0.0003
8,200.0,34,3616.7441860465115,1029,8704,37.60582265853882,0.04921875,-0.8288790047168731,-0.0037434259022120385,0.9883891940116882,13.680079460144043,11930,0.3,0.015998986,0.0003
8,200.0,35,3634.090909090909,1030,8960,24.35909152030945,0.0140625,-0.7782100200653076,-0.007654198678210378,0.991792619228363,6.892400741577148,11940,0.3,0.006807498,0.0003
8,200.0,36,3668.2608695652175,1030,9216,4.321789038181305,0.04140625,-0.7873483419418335,-0.0147675963351503,0.9987091422080994,1.2628366947174072,11950,0.3,0.016731918,0.0003
9,200.0,37,3684.468085106383,1030,9472,3.965336763858795,0.099609375,-0.9085746258497238,-0.026535464474000035,0.9988328218460083,2.3672072887420654,11960,0.3,0.037455626,0.0003
9,200.0,38,3619.7916666666665,1031,9728,6.275773644447327,0.054296875,-0.8428175151348114,-0.01425750544294715,0.9978783130645752,2.404982089996338,11970,0.3,0.017956052,0.0003
9,200.0,39,3626.122448979592,1031,9984,166.43130912780762,0.0078125,-0.5194824069738389,-0.0048167876899242405,0.9495820999145508,36.70992660522461,11980,0.3,0.0061538573,0.0003
9,200.0,40,3652.7450980392155,1030,10240,38.99319286346436,0.0328125,-0.7743647426366806,-0.026314332941547038,0.9878403544425964,13.45528507232666,11990,0.3,0.052100167,0.0003
0,200.0,1,2684.0,1390,256,11.267476511001586,0.05703125,-0.8707449048757553,-0.012269706162624062,0.9964795708656311,6.978279113769531,12000,0.3,0.028032739,0.0003
0,200.0,2,3270.0,1158,512,118.33534469604493,0.0,-0.8883230119943619,-0.0018287783022969961,0.9613210558891296,25.870376586914062,11610,0.3,0.0018119307,0.0003
0,200.0,3,3230.0,1105,768,25.964547443389893,0.00234375,-0.8428090959787369,-0.0037466434994712474,0.9913419485092163,6.706371784210205,11620,0.3,0.0030164393,0.0003
0,200.0,4,3587.8,1095,1024,15.693825197219848,0.005859375,-0.8620606660842896,-0.00979476177599281,0.993054986000061,4.3068318367004395,11630,0.3,0.01142868,0.0003
1,200.0,5,3717.1666666666665,1071,1280,45.17674922943115,0.0078125,-0.8715811043977737,-0.005955303832888603,0.9865257143974304,29.669719696044922,11640,0.3,0.007922641,0.0003
1,200.0,6,3802.714285714286,1062,1536,14.979886746406555,0.0015625,-0.8350708186626434,-0.00514860525727272,0.9935500025749207,5.952427864074707,11650,0.3,0.0032966596,0.0003
1,200.0,7,3813.25,1063,1792,2.5014469385147096,0.10546875,-0.859877809882164,-0.01836014250293374,0.9991692900657654,1.0937029123306274,11660,0.3,0.035245538,0.0003
1,200.0,8,3941.3,1058,2048,143.13208198547363,0.019140625,-0.8040609568357467,-0.011285392381250859,0.9462113380432129,40.6931037902832,11670,0.3,0.011705369,0.0003
2,200.0,9,3783.909090909091,1062,2304,13.056593751907348,0.0015625,-0.8848117232322693,-0.0064773351652547715,0.9963352084159851,5.250868797302246,11680,0.3,0.0036736913,0.0003
2,200.0,10,3845.9166666666665,1058,2560,95.69176354408265,0.0078125,-0.8554106414318084,-0.0032997798174619676,0.9608242511749268,11.605892181396484,11690,0.3,0.0046486845,0.0003
2,200.0,11,3833.3571428571427,1051,2816,43.055335426330565,0.0078125,-0.844899383187294,-0.017848011711612342,0.9828654527664185,12.853049278259277,11700,0.3,0.0134630455,0.0003
3,200.0,12,3883.133333333333,1000,3072,51.240653610229494,0.012890625,-0.8724707007408142,-0.0077609610045328735,0.981107234954834,14.26406478881836,11710,0.3,0.011718671,0.0003
3,200.0,13,3868.9375,1002,3328,8.788120698928832,0.01484375,-0.8196416199207306,-0.00635262974537909,0.9973266124725342,3.1180312633514404,11720,0.3,0.010899999,0.0003
3,200.0,14,3923.6470588235293,1003,3584,25.164081573486328,0.0015625,-0.7854213953018189,-0.003252942766994238,0.9888491630554199,4.820644378662109,11730,0.3,0.005133501,0.0003
3,200.0,15,3967.1052631578946,1006,3840,27.112889194488524,0.006640625,-0.8161898463964462,-0.013332508457824587,0.9905112385749817,6.52378511428833,11740,0.3,0.006963664,0.0003
4,200.0,16,3902.9,1006,4096,89.10505347251892,0.003125,-0.828884842991829,-0.0036798970308154822,0.9744880199432373,73.58522033691406,11750,0.3,0.0040772576,0.0003
4,200.0,17,3945.6190476190477,1006,4352,66.08190326690674,0.01015625,-0.9657976150512695,-0.006044218246825039,0.9702918529510498,7.045048713684082,11760,0.3,0.0045040473,0.0003
4,200.0,18,3785.0,1009,4608,29.274182653427125,0.0078125,-0.8925129175186157,-0.011081338743679225,0.9913429617881775,5.888446807861328,11770,0.3,0.0058833016,0.0003
4,200.0,19,3827.1666666666665,1012,4864,248.7622453689575,0.0,-0.9376725941896439,-0.0023301515262573957,0.8654736280441284,21.371944427490234,11780,0.3,0.00040943339,0.0003
5,200.0,20,3809.56,1012,5120,10.479574406147004,0.019140625,-0.934110289812088,-0.011553193838335574,0.9962446093559265,3.888537883758545,11790,0.3,0.014326117,0.0003
5,200.0,21,3840.0384615384614,1016,5376,2.791379576921463,0.058203125,-0.7683873623609543,-0.01817649754229933,0.9991006255149841,1.302187204360962,11800,0.3,0.017090749,0.0003
5,200.0,22,3825.535714285714,1016,5632,50.890311527252194,0.018359375,-0.8395685732364655,-0.010109496349468828,0.9854065179824829,38.816795349121094,11810,0.3,0.012608541,0.0003
5,200.0,23,3835.2758620689656,1017,5888,94.30636177062988,0.022265625,-0.7868627727031707,-0.012284077052026988,0.9725226759910583,26.910022735595703,11820,0.3,0.012677116,0.0003
6,200.0,24,3693.9666666666667,1020,6144,9.42007726430893,0.009765625,-0.7163421988487244,-0.004036268359050155,0.9953073263168335,2.1530230045318604,11830,0.3,0.0051622903,0.0003
6,200.0,25,3749.71875,1020,6400,6.258720922470093,0.079296875,-0.8949675887823105,-0.030882110726088284,0.997154712677002,1.2144043445587158,11840,0.3,0.03580855,0.0003
6,200.0,26,3782.030303030303,1020,6656,34.000142121315,0.015234375,-0.6552682787179946,-0.005981764337047934,0.9907017946243286,2.7952325344085693,11850,0.3,0.0074056247,0.0003
6,200.0,27,3735.029411764706,1022,6912,7.191809403896332,0.008203125,-0.7004995852708816,-0.00872355503961444,0.9975231289863586,1.6376951932907104,11860,0.3,0.0067426558,0.0003
7,200.0,28,3752.8,1022,7168,19.42296619415283,0.01015625,-0.8155084848403931,-0.015128428465686738,0.9926745295524597,11.13469409942627,11870,0.3,0.0065118624,0.0003
7,200.0,29,3792.189189189189,1023,7424,30.876735639572143,0.1078125,-0.7596329599618912,-0.01069281380623579,0.9907974004745483,4.891285419464111,11880,0.3,0.052955505,0.0003
7,200.0,30,3800.184210526316,1024,7680,102.89060764312744,0.029296875,-0.752533632516861,-0.009135684848297387,0.9702184796333313,84.42765808105469,11890,0.3,0.014350268,0.0003
7,200.0,31,3814.1794871794873,1025,7936,23.994839429855347,0.01484375,-0.7872238457202911,-0.008367454493418336,0.9923580884933472,4.36700439453125,11900,0.3,0.009972809,0.0003
7,200.0,32,3833.375,1026,8192,3.9016584157943726,0.0953125,-0.7724721223115921,-0.012232853122986853,0.9988088607788086,2.5888311862945557,11910,0.3,0.021791019,0.0003
8,200.0,33,3847.214285714286,1027,8448,4.820243561267853,0.036328125,-0.7737118482589722,-0.005518045974895358,0.9978339672088623,1.4098618030548096,11920,0.3,0.018792544,0.0003
8,200.0,34,3842.0697674418607,1029,8704,49.701733875274655,0.00390625,-0.8908326029777527,-0.004008766787592322,0.9836500883102417,32.909423828125,11930,0.3,0.0036188131,0.0003
8,200.0,35,3800.068181818182,1030,8960,15.54872567653656,0.003515625,-0.8422953635454178,-0.005200946307741106,0.9925518035888672,4.644522666931152,11940,0.3,0.004788774,0.0003
8,200.0,36,3833.978260869565,1030,9216,26.198847317695616,0.005859375,-0.5369630664587021,-0.0023223411059007048,0.9797613024711609,2.5094356536865234,11950,0.3,0.002800417,0.0003
9,200.0,37,3849.7021276595747,1030,9472,19.345574569702148,0.006640625,-0.8269883096218109,-0.008311703894287347,0.9934059977531433,9.926660537719727,11960,0.3,0.0034248556,0.0003
9,200.0,38,3860.2916666666665,1031,9728,5.843553388118744,0.048828125,-0.8379654318094254,-0.018395044188946486,0.9980327486991882,2.8145334720611572,11970,0.3,0.013327731,0.0003
9,200.0,39,3811.816326530612,1031,9984,11.013042223453521,0.042578125,-1.154393208026886,-0.007561991061083973,0.9955307245254517,6.938427925109863,11980,0.3,0.02079361,0.0003
9,200.0,40,3846.2549019607845,1031,10240,7.417145907878876,0.034765625,-0.9750882714986802,-0.009851524932309985,0.9967361688613892,2.1864004135131836,11990,0.3,0.015159069,0.0003
0,200.0,1,4660.0,1396,256,11.434820991754531,0.159765625,-0.9042921423912048,-0.024847280606627463,0.9968559741973877,3.4538094997406006,12000,0.3,0.03925051,0.0003
0,200.0,2,4075.0,1177,512,25.435098457336426,0.050390625,-0.799908772110939,-0.020029920781962574,0.9890493750572205,9.217609405517578,12010,0.3,0.022384752,0.0003
0,200.0,3,4346.666666666667,1082,768,133.25106887817384,0.003125,-0.7403797060251236,-0.00486501487903297,0.9549376368522644,67.88052368164062,12020,0.3,0.0026121326,0.0003
0,200.0,4,4322.0,1069,1024,20.945858430862426,0.014453125,-0.7481348484754562,-0.011741739371791482,0.9926717281341553,3.473259687423706,12030,0.3,0.008344084,0.0003
1,200.0,5,4343.333333333333,1061,1280,27.419707441329955,0.03671875,-0.9744698941707611,-0.007097432669252157,0.9899924993515015,5.535640239715576,12040,0.3,0.012144997,0.0003
1,200.0,6,4390.0,1054,1536,9.788260650634765,0.053125,-0.8463915854692459,-0.013971715793013572,0.9967262148857117,5.04024600982666,12050,0.3,0.0158415,0.0003
1,200.0,7,4277.5,1063,1792,9.59569230079651,0.053125,-0.8925563156604767,-0.012063545780256391,0.996492326259613,2.6820261478424072,12060,0.3,0.014374459,0.0003
1,200.0,8,3608.0,1058,2048,48.35911798477173,0.022265625,-0.5811169654130935,0.003616758994758129,0.9762171506881714,10.65565013885498,12070,0.3,0.008763478,0.0003
2,200.0,9,3553.6363636363635,1050,2304,10.395403015613557,0.0359375,-1.6810709655284881,-0.008754328754730523,-41.045982360839844,0.35948696732521057,12080,0.3,0.025013521,0.0003
2,200.0,10,3648.3333333333335,1058,2560,100.3930413722992,0.05546875,-0.9029524475336075,-0.0006271877093240619,0.9692020416259766,33.40155029296875,12090,0.3,0.019970901,0.0003
2,200.0,11,3551.4285714285716,1054,2816,13.104383862018585,0.017578125,-1.2317821860313416,-0.011038694623857736,0.9929739832878113,4.192002296447754,12100,0.3,0.0055438355,0.0003
2,200.0,12,3435.3333333333335,1052,3072,7.32844352722168,0.038671875,-0.9861230224370956,-0.011726651107892394,0.9975994825363159,4.0555419921875,12110,0.3,0.022886306,0.0003
3,200.0,13,3305.0,1055,3328,86.37804594039918,0.057421875,-1.4180984377861023,-0.015103449486196041,0.968341052532196,7.139434337615967,12120,0.3,0.023759067,0.0003
3,200.0,14,3144.1176470588234,1053,3584,1029.5419555664062,0.007421875,-0.6417974054813385,-0.0010865040589123965,0.13369280099868774,135.0537567138672,12130,0.3,0.0052108774,0.0003
3,200.0,15,2950.5263157894738,1055,3840,394.4365348815918,0.0,-1.1874877631664276,-0.002716604620218277,0.3037116527557373,95.31404876708984,12140,0.3,0.00041400432,0.0003
3,200.0,16,2843.5,1057,4096,361.9281753540039,0.001171875,-0.7748089611530304,-0.004327904107049108,0.7857399582862854,49.884525299072266,12150,0.3,0.0016983529,0.0003
4,200.0,17,2780.9523809523807,1052,4352,61.312101650238034,0.008984375,-1.4088032126426697,-0.009218279086053372,0.9340620636940002,14.171751976013184,12160,0.3,0.005929917,0.0003
4,200.0,18,2518.695652173913,1052,4608,1112.5395721435548,0.0,-0.651806989312172,-0.0034842637134715913,-0.35077857971191406,133.39999389648438,12170,0.3,0.00057309726,0.0003
4,200.0,19,2609.1666666666665,1052,4864,60.69789381027222,0.0171875,-1.381057858467102,-0.010139931412413716,-0.2814805507659912,30.678255081176758,12180,0.3,0.009484522,0.0003
4,200.0,20,2692.4,1051,5120,189.43848323822021,0.0,-0.7904340356588364,-0.0001884268596768379,0.9365713596343994,24.304906845092773,12190,0.3,0.0010106873,0.0003
5,200.0,21,2769.230769230769,1052,5376,36.098223972320554,0.03828125,-0.7829576671123505,-0.01470492254011333,0.9897846579551697,28.852506637573242,12200,0.3,0.016841408,0.0003
5,200.0,22,2903.5714285714284,1050,5632,10.088981080055238,0.025,-0.8617812246084213,-0.008000775985419751,0.9968905448913574,4.233513355255127,12210,0.3,0.013124039,0.0003
5,200.0,23,2940.344827586207,1053,5888,8.345643901824952,0.0046875,-0.8139601796865463,-0.00173620181158185,0.9966768026351929,2.5589346885681152,12220,0.3,0.0032660912,0.0003
5,200.0,24,2831.3333333333335,1049,6144,37.4574010848999,0.078125,-0.8263560593128204,-0.032067766832187775,0.9800972938537598,8.9977388381958,12230,0.3,0.029608032,0.0003
6,200.0,25,2772.8125,1048,6400,60.192602920532224,0.023828125,-1.0981160759925843,-0.008826676639728248,0.9445599317550659,15.431770324707031,12240,0.3,0.011031792,0.0003
6,200.0,26,2683.030303030303,1048,6656,88.01408996582032,0.003125,-0.4379964366555214,-0.0014910299563780428,0.9575197100639343,47.48432159423828,12250,0.3,0.0009746861,0.0003
6,200.0,27,2642.0588235294117,1048,6912,573.9568084716797,0.0,-0.40267415791749955,-0.0021059553138911722,0.45343101024627686,86.39950561523438,12260,0.3,0.0003972114,0.0003
6,200.0,28,2706.285714285714,1048,7168,101.05405464172364,0.003515625,-1.1561743378639222,-0.004657447163481265,0.9537907838821411,25.225648880004883,12270,0.3,0.0023946704,0.0003
7,200.0,29,2772.7027027027025,1047,7424,7.0321107625961305,0.0453125,-0.8423775762319565,-0.012451673857867718,0.995903730392456,2.0270538330078125,12280,0.3,0.026979055,0.0003
7,200.0,30,2810.2631578947367,1047,7680,4.874081242084503,0.08125,-0.8343680828809739,-0.022031615488231182,0.9985500574111938,3.1145832538604736,12290,0.3,0.050911088,0.0003
7,200.0,31,2864.102564102564,1047,7936,44.14583940505982,0.045703125,-0.7788284212350846,-0.013688545092009008,0.986208975315094,25.70064926147461,12300,0.3,0.023154115,0.0003
7,200.0,32,2793.25,1048,8192,18.48321387767792,0.023828125,-1.3533055007457733,-0.014862168370746076,0.9929730892181396,2.1816046237945557,12310,0.3,0.014498745,0.0003
8,200.0,33,2640.2380952380954,1049,8448,7.519749534130097,0.04140625,-1.356677097082138,-0.012864641472697258,0.9636010527610779,2.7566728591918945,12320,0.3,0.022306181,0.0003
8,200.0,34,2687.6744186046512,1049,8704,15.638379800319672,0.083984375,-1.68912935256958,-0.019936098228208722,0.9851721525192261,1.853646993637085,12330,0.3,0.07123125,0.0003
8,200.0,35,2650.2272727272725,1049,8960,6.126382541656494,0.09609375,-1.0988063991069794,-0.011164747970178723,0.99771648645401,2.3106698989868164,12340,0.3,0.030145941,0.0003
8,200.0,36,2679.782608695652,1050,9216,15.437830495834351,0.025,-0.8387764602899551,-0.007464963744860142,0.9945472478866577,3.2336974143981934,12350,0.3,0.009393448,0.0003
9,200.0,37,2614.255319148936,1050,9472,40.01018571853638,0.0171875,-1.1361387968063354,-0.008545485080685467,0.9806106686592102,8.044711112976074,12360,0.3,0.005106788,0.0003
9,200.0,38,2642.2916666666665,1049,9728,2.8121114790439607,0.064453125,-1.5259757101535798,-0.010978384828194975,0.9984031915664673,1.5938054323196411,12370,0.3,0.03949526,0.0003
9,200.0,39,2684.081632653061,1049,9984,49.1301383972168,0.014453125,-0.5424641102552414,-0.00021798743400722743,0.985075056552887,28.506591796875,12380,0.3,0.0046951193,0.0003
9,200.0,40,2766.6666666666665,1048,10240,15.734232950210572,0.0140625,-0.5733461529016495,-0.0069769468856975434,0.9951333403587341,5.240283012390137,12390,0.3,0.010228361,0.0003
0,200.0,1,4797.0,1383,256,86.68429660797119,0.013671875,-0.5907034426927567,-0.0024258234072476624,0.9760940074920654,63.492984771728516,12400,0.3,0.010411221,0.0003
0,200.0,2,4807.5,1192,512,2.598702538013458,0.050390625,-0.8421964198350906,-0.021093721268698573,0.9991400241851807,0.46562671661376953,12010,0.3,0.024039757,0.0003
0,200.0,3,4738.333333333333,1125,768,3.4620294272899628,0.0484375,-0.7370046079158783,-0.016660325461998582,0.9989749193191528,0.8250303864479065,12020,0.3,0.021047737,0.0003
0,200.0,4,4479.8,1093,1024,84.20218687057495,0.01953125,-0.8767931044101716,-0.00853376416489482,0.9763340950012207,9.640922546386719,12030,0.3,0.018028494,0.0003
1,200.0,5,4533.166666666667,1035,1280,16.55149507522583,0.072265625,-0.9283163398504257,-0.030347743537276983,0.9941948652267456,7.509983062744141,12040,0.3,0.06935538,0.0003
1,200.0,6,4538.142857142857,1032,1536,4.646325725317001,0.01640625,-0.8479615241289139,-0.01085316864773631,0.9978752136230469,0.6022273302078247,12050,0.3,0.011271194,0.0003
1,200.0,7,4570.625,1035,1792,4.825309574604034,0.039453125,-0.8305249124765396,-0.01761625534854829,0.9984980225563049,2.925853729248047,12060,0.3,0.02313603,0.0003
1,200.0,8,4101.8,1026,2048,31.994744956493378,0.0671875,-1.1986976742744446,-0.004720876953797415,0.9677212238311768,1.919969081878662,12070,0.3,0.016150847,0.0003
2,200.0,9,3712.7272727272725,1032,2304,7.216648042201996,0.0265625,-0.8804297864437103,-0.023791292402893304,0.9971814751625061,2.5820443630218506,12080,0.3,0.013431607,0.0003
2,200.0,10,3747.25,1025,2560,4.823891615867614,0.02421875,-1.1346795856952667,-0.013087853556498885,0.9964868426322937,1.9085603952407837,12090,0.3,0.0135002835,0.0003
2,200.0,11,3898.6428571428573,1025,2816,8.733766722679139,0.021484375,-0.7294452458620071,-0.01822448205202818,0.9970108270645142,3.015089273452759,12100,0.3,0.014135966,0.0003
2,200.0,12,3959.9333333333334,1030,3072,4.537158107757568,0.0671875,-0.710553914308548,-0.018380625918507577,0.9986650347709656,1.5873287916183472,12110,0.3,0.0333437,0.0003
3,200.0,13,4013.5625,1027,3328,1.7356836438179015,0.074609375,-0.7139038681983948,-0.015787470841314644,0.9994791746139526,0.5841552019119263,12120,0.3,0.037516594,0.0003
3,200.0,14,4004.1176470588234,1028,3584,4.221781098842621,0.0484375,-0.7533985584974289,-0.007065508281812072,0.9987542629241943,1.3405929803848267,12130,0.3,0.015469878,0.0003
3,200.0,15,4015.9473684210525,1024,3840,3.263323909044266,0.14609375,-0.8175348818302155,-0.03175935256294906,0.9991145730018616,2.215489149093628,12140,0.3,0.041709773,0.0003
3,200.0,16,4043.8,1028,4096,91.55609374046325,0.018359375,-0.8127636551856995,-0.0005887192906811834,0.9740909934043884,65.80361938476562,12150,0.3,0.006561867,0.0003
4,200.0,17,4081.5238095238096,1024,4352,7.988821315765381,0.014453125,-0.7632401496171951,-0.004729693802073598,0.997721254825592,2.9445722103118896,12160,0.3,0.007375011,0.0003
4,200.0,18,4103.608695652174,1021,4608,41.407158970832825,0.002734375,-0.8454708516597748,-0.0015926902182400227,0.9866350293159485,2.085505962371826,12170,0.3,0.0035611107,0.0003
4,200.0,19,4133.375,1020,4864,4.795021367073059,0.09609375,-0.8011094033718109,-0.015128489932976663,0.9984872341156006,1.3110861778259277,12180,0.3,0.04303383,0.0003
5,200.0,20,4142.36,1019,5120,19.41534149646759,0.038671875,-0.8301406621932983,-0.0016855489346198737,0.9927706718444824,5.84294319152832,12190,0.3,0.025356999,0.0003
5,200.0,21,4029.1153846153848,1023,5376,3386.9176635742188,0.0,-0.931221067905426,0.00042696548625826837,-0.1643204689025879,767.205078125,12200,0.3,0.0006316253,0.0003
5,200.0,22,3714.964285714286,1023,5632,5414.404406738281,0.0,-1.2180707633495331,-0.002679333556443453,-86.23992919921875,259.63323974609375,12210,0.3,0.00031581917,0.0003
5,200.0,23,3753.655172413793,1023,5888,136.68524746894838,0.0,-1.125539368391037,-0.0005276625277474522,0.780944287776947,49.61421585083008,12220,0.3,0.0042977775,0.0003
5,200.0,24,3789.733333333333,1024,6144,162.06887831687928,0.0,-0.7879175633192063,-0.00023939060047268869,0.8621752858161926,8.030303955078125,12230,0.3,0.00034922338,0.0003
6,200.0,25,3840.15625,1024,6400,42.673566937446594,0.0140625,-0.8249904334545135,-0.00484790283953771,0.9837798476219177,3.806814670562744,12240,0.3,0.007989997,0.0003
6,200.0,26,3870.3939393939395,1024,6656,15.615699100494385,0.042578125,-0.8041985005140304,-0.011753550381399691,0.995151162147522,5.281774997711182,12250,0.3,0.018815463,0.0003
6,200.0,27,3897.970588235294,1025,6912,4.489911636710167,0.03984375,-0.7754535347223281,-0.00726424790918827,0.9985135197639465,0.4087125360965729,12260,0.3,0.021418726,0.0003
6,200.0,28,3923.7428571428572,1026,7168,1.7407685369253159,0.14375,-0.8764976114034653,-0.014217074308544398,0.9994065165519714,0.3257994055747986,12270,0.3,0.043876663,0.0003
7,200.0,29,3941.027027027027,1025,7424,0.3055796042084694,0.183203125,-0.8712710589170456,-0.03948506987653673,0.9998728632926941,0.05343206226825714,12280,0.3,0.037728943,0.0003
7,200.0,30,3926.4736842105262,1026,7680,131.81635236740112,0.038671875,-0.8870914816856384,0.0016649203142151236,0.9613862633705139,87.28878784179688,12290,0.3,0.013846202,0.0003
7,200.0,31,3911.846153846154,1027,7936,36.95150947570801,0.0015625,-0.9670094817876815,-0.0070329011650756,0.9865915775299072,11.083110809326172,12300,0.3,0.0037847639,0.0003
7,200.0,32,3805.45,1027,8192,83.74659123420716,0.02421875,-0.8864740610122681,-0.009695866261608899,0.9679388999938965,10.435951232910156,12310,0.3,0.018194234,0.0003
8,200.0,33,3684.5714285714284,1028,8448,14.453197002410889,0.0609375,-1.1823417842388153,-0.02276682583615184,0.17439597845077515,8.95458984375,12320,0.3,0.01816008,0.0003
8,200.0,34,3589.1162790697676,1028,8704,29.48068997859955,0.023828125,-1.0741955012083053,-0.007629580236971379,0.97435063123703,1.982244849205017,12330,0.3,0.022568535,0.0003
8,200.0,35,3530.7272727272725,1028,8960,29.56765546798706,0.0,-1.0013436317443847,-0.00033613801933825017,0.9742940664291382,3.828641414642334,12340,0.3,0.0029091563,0.0003
8,200.0,36,3536.1739130434785,1028,9216,4.4271302163600925,0.100390625,-1.234273910522461,-0.01859401068650186,0.9971664547920227,1.2900972366333008,12350,0.3,0.031002294,0.0003
9,200.0,37,3542.978723404255,1029,9472,88.44047579765319,0.0,-0.7983430862426758,-0.0015839556697756052,0.9743809700012207,11.373881340026855,12360,0.3,0.002715954,0.0003
9,200.0,38,3460.9583333333335,1030,9728,64.82577967643738,0.000390625,-0.9586018443107605,-0.0016964918468147516,0.9711428880691528,11.284536361694336,12370,0.3,0.0010563643,0.0003
9,200.0,39,3391.8979591836733,1030,9984,16.54374134540558,0.010546875,-1.0842874705791474,-0.002320876705925912,0.9410937428474426,1.9081120491027832,12380,0.3,0.006973958,0.0003
9,200.0,40,3374.274509803922,1030,10240,11.496312582492829,0.003515625,-1.0907211422920227,-0.001292673102580011,0.9875854849815369,0.9867519736289978,12390,0.3,0.0020804452,0.0003
0,200.0,1,4660.0,1383,256,158.8527096748352,0.0,-0.882631567120552,-0.0026776109589263797,0.9531049728393555,75.43021392822266,12400,0.3,0.0009521025,0.0003
0,200.0,2,4675.0,1178,512,9.595198512077332,0.0140625,-0.6597343951463699,-0.010104042571038007,0.9968000650405884,2.8673901557922363,12410,0.3,0.014093302,0.0003
0,200.0,3,2990.0,1118,768,35.39069857597351,0.0390625,-0.6490282595157624,-0.013133452110923826,0.987436830997467,9.647004127502441,12420,0.3,0.018296055,0.0003
0,200.0,4,2902.0,1092,1024,170.95021419525148,0.003125,-1.0008056789636612,-0.006705662095919251,0.8962351083755493,76.9976806640625,12430,0.3,0.0039715073,0.0003
1,200.0,5,3160.0,1079,1280,42.64465436935425,0.000390625,-0.69240662753582,-0.0030647524632513522,0.9747183322906494,11.759662628173828,12440,0.3,0.0012538068,0.0003
1,200.0,6,3407.1428571428573,1073,1536,91.78186917304993,0.01328125,-0.6780684798955917,-0.002121187490411103,0.97470623254776,67.07646942138672,12450,0.3,0.0046311775,0.0003
1,200.0,7,3565.0,1069,1792,4.228237223625183,0.018359375,-0.6892290502786637,-0.008405696786940097,0.9989045262336731,1.8747972249984741,12460,0.3,0.008666036,0.0003
1,200.0,8,3716.0,1063,2048,5.160905766487121,0.10390625,-0.8870692402124405,-0.03510140138678253,0.9983958601951599,3.1341021060943604,12470,0.3,0.0480577,0.0003
2,200.0,9,3782.7272727272725,1059,2304,14.010852789878845,0.023046875,-0.7011084139347077,-0.0067543472221586855,0.9954537153244019,3.0157222747802734,12480,0.3,0.010425981,0.0003
2,200.0,10,3855.0,1047,2560,10.000990891456604,0.034375,-0.6343099892139434,-0.015644058166071773,0.9968520402908325,3.670250177383423,12490,0.3,0.015741527,0.0003
2,200.0,11,3767.1428571428573,1045,2816,3.9260992050170898,0.082421875,-0.5418506726622582,-0.012167704431340099,0.9987650513648987,1.533105731010437,12500,0.3,0.01889347,0.0003
2,200.0,12,3826.0,1043,3072,9.348538398742676,0.09765625,-1.0544448912143707,-0.020602790219709278,0.9951706528663635,4.085089206695557,12510,0.3,0.04673822,0.0003
3,200.0,13,3862.5,1044,3328,9.79555423259735,0.041015625,-0.42683700025081633,-0.002646749746054411,0.9964314103126526,3.2033631801605225,12520,0.3,0.006200151,0.0003
3,200.0,14,3837.6470588235293,1046,3584,76.12787475585938,0.02109375,-0.382541361451149,-0.0016115960199385882,0.9714930057525635,17.501249313354492,12530,0.3,0.010874394,0.0003
3,200.0,15,3936.842105263158,1043,3840,33.89783310890198,0.013671875,-0.46785653084516526,-0.004992584430146963,0.9897682666778564,3.471646308898926,12540,0.3,0.008685658,0.0003
3,200.0,16,3985.5,1040,4096,11.539380776882172,0.003515625,-0.48054368942976,-0.0025292209815233947,0.9963455200195312,3.711639881134033,12550,0.3,0.0015278743,0.0003
4,200.0,17,4028.5714285714284,1040,4352,3.331338942050934,0.088671875,-0.49190047532320025,-0.01850862349383533,0.9988628029823303,1.782999038696289,12560,0.3,0.023221923,0.0003
4,200.0,18,4085.217391304348,1041,4608,10.79342999458313,0.02421875,-0.48323229402303697,-0.0021264235489070415,0.9953330159187317,2.671180486679077,12570,0.3,0.008970635,0.0003
4,200.0,19,4118.75,1038,4864,92.48248360157012,0.0,-0.516107527911663,-0.0004695176845416427,0.9761255383491516,26.54966926574707,12580,0.3,0.00073363516,0.0003
4,200.0,20,4140.0,1037,5120,6.7030546307563785,0.022265625,-0.5332093417644501,-0.006643952103331685,0.9982869029045105,3.2717843055725098,12590,0.3,0.020093204,0.0003
5,200.0,21,4161.153846153846,1038,5376,5.677482652664184,0.033984375,-0.5398641511797905,-0.012951278127729893,0.9980981945991516,3.192835569381714,12600,0.3,0.014358688,0.0003
5,200.0,22,4197.5,1038,5632,7.275548899173737,0.039453125,-0.47806667238473893,-0.005383217637427151,0.9978746175765991,1.5762513875961304,12610,0.3,0.014161238,0.0003
5,200.0,23,4206.206896551724,1038,5888,89.31881053447724,0.04140625,-0.6724637866020202,-0.00645427213748917,0.9742441773414612,12.414522171020508,12620,0.3,0.039621096,0.0003
5,200.0,24,4050.0,1038,6144,136.4130449295044,0.01015625,-0.7502376109361648,-0.0066206831019371745,0.9577922224998474,44.07396697998047,12630,0.3,0.007853653,0.0003
6,200.0,25,4074.0625,1037,6400,18.70802879333496,0.01484375,-0.6984651237726212,-0.005606482992880047,0.9907593131065369,1.6336194276809692,12640,0.3,0.0036742138,0.0003
6,200.0,26,3939.090909090909,1037,6656,135.07082605361938,0.02578125,-0.673442131280899,-0.008211326319724321,0.9565484523773193,15.908172607421875,12650,0.3,0.0074942056,0.0003
6,200.0,27,3817.6470588235293,1035,6912,44.45596990585327,0.041796875,-0.7228481441736221,-0.011028039595112204,-0.7005611658096313,6.2936930656433105,12660,0.3,0.019347236,0.0003
6,200.0,28,3848.285714285714,1035,7168,68.37044134140015,0.02265625,-0.7017008781433105,-0.0020586561702657493,0.9575223922729492,20.35605239868164,12670,0.3,0.0075516524,0.0003
7,200.0,29,3892.7027027027025,1035,7424,12.686313128471374,0.014453125,-0.607141736149788,-0.014274833421222866,0.9946892857551575,3.854724407196045,12680,0.3,0.0073043015,0.0003
7,200.0,30,3907.3684210526317,1034,7680,12.628784155845642,0.042578125,-0.6565518498420715,-0.006049319147132337,0.9962380528450012,1.8038485050201416,12690,0.3,0.060462907,0.0003
7,200.0,31,3872.051282051282,1035,7936,15.384742069244385,0.159375,-0.8644963264465332,-0.05088503974257037,0.9949067234992981,7.876855373382568,12700,0.3,0.29059708,0.0003
7,200.0,32,3891.75,1035,8192,12.173245191574097,0.0109375,-0.5759414806962013,-0.002291270822752267,0.9958050847053528,6.449957847595215,12710,0.3,0.0053012376,0.0003
8,200.0,33,3918.3333333333335,1035,8448,3.2767194867134095,0.04609375,-0.5823018759489059,-0.014311060821637512,0.9990414381027222,0.6410433650016785,12720,0.3,0.02761968,0.0003
8,200.0,34,3819.5348837209303,1035,8704,102.48130903244018,0.037890625,-0.6003803461790085,-0.002082300023175776,0.9696800112724304,25.863685607910156,12730,0.3,0.03386791,0.0003
8,200.0,35,3833.181818181818,1035,8960,3.7557284951210024,0.017578125,-0.6529183924198151,-0.007928462931886315,0.9957587122917175,1.1174864768981934,12740,0.3,0.008742164,0.0003
8,200.0,36,3864.1304347826085,1036,9216,3.1420099258422853,0.148828125,-0.7641488939523697,-0.039151095179840924,0.9989651441574097,1.238365650177002,12750,0.3,0.09550682,0.0003
9,200.0,37,3876.595744680851,1035,9472,7.112324738502503,0.109375,-0.6483647495508194,-0.016831247974187134,0.9978805780410767,2.659736156463623,12760,0.3,0.059643418,0.0003
9,200.0,38,3883.5416666666665,1035,9728,18.69635558128357,0.037109375,-0.6778798282146454,-0.009086699760518967,0.993877649307251,3.200213670730591,12770,0.3,0.017497115,0.0003
9,200.0,39,3904.4897959183672,1035,9984,106.59359917640685,0.01484375,-0.7025928884744644,-0.008082939079031348,0.9669654965400696,6.112597465515137,12780,0.3,0.012959104,0.0003
9,200.0,40,3901.9607843137255,1034,10240,6.27817165851593,0.033203125,-1.0190161108970641,-0.017896185722202064,0.9970047473907471,1.5956052541732788,12790,0.3,0.020261656,0.0003
0,200.0,1,4356.0,1364,256,11.027473425865173,0.083203125,-0.7405577510595321,-0.006690227892249823,0.9963123202323914,2.176680088043213,12800,0.3,0.01713095,0.0003
0,200.0,2,4238.0,1179,512,19.603884994983673,0.002734375,-0.8601717978715897,-0.0035194338764995337,0.9912354350090027,9.496536254882812,12410,0.3,0.0016516715,0.0003
0,200.0,3,4107.0,1114,768,34.88748202323914,0.00078125,-0.8829484760761261,-0.0014688235009089113,0.9899727702140808,10.775310516357422,12420,0.3,0.0018427388,0.0003
0,200.0,4,2979.6,1097,1024,106.33988571166992,0.001171875,-0.9979432433843612,-0.0007687715580686927,0.9405876994132996,7.857284069061279,12430,0.3,0.0037381398,0.0003
1,200.0,5,3209.8333333333335,1082,1280,1256.4242080688477,0.0,-1.016581192612648,-0.0008950390620157123,0.19585907459259033,168.308349609375,12440,0.3,0.00039336458,0.0003
1,200.0,6,3265.285714285714,1074,1536,255.3494077682495,0.0,-0.8184903174638748,7.712803781032563e-05,0.903367817401886,29.513660430908203,12450,0.3,7.947441e-06,0.0003
1,200.0,7,3402.25,1067,1792,12.345495295524596,0.00078125,-0.8458729952573776,-0.0049969919142313305,0.9933478832244873,2.7144052982330322,12460,0.3,0.0022310957,0.0003
1,200.0,8,3513.9,1064,2048,44.91000723838806,0.048046875,-0.9641578108072281,-0.012588077737018467,0.9875253438949585,38.286312103271484,12470,0.3,0.025138075,0.0003
2,200.0,9,3589.181818181818,1062,2304,6.200647187232971,0.012109375,-0.9133379966020584,-0.0058904425241053104,0.9975985884666443,3.033581256866455,12480,0.3,0.0058810315,0.0003
2,200.0,10,3591.75,1058,2560,41.16285881996155,0.00234375,-0.9781481117010117,-0.004868229269050062,0.9819236397743225,5.091654300689697,12490,0.3,0.0058339853,0.0003
2,200.0,11,3665.5714285714284,1055,2816,25.537532758712768,0.0,-0.9151931703090668,-0.0042319476371631025,0.9907590746879578,9.356382369995117,12500,0.3,0.0015860491,0.0003
2,200.0,12,3599.6,1056,3072,13.559853792190552,0.026953125,-0.8691848814487457,-0.005982478731311858,0.9956260323524475,6.193029403686523,12510,0.3,0.01126867,0.0003
3,200.0,13,3659.5,1054,3328,7.413932311534881,0.032421875,-1.055130958557129,-0.011049947096034884,0.9952585697174072,1.4372470378875732,12520,0.3,0.0076205507,0.0003
3,200.0,14,3713.529411764706,1053,3584,3.150481516122818,0.0875,-0.8106609642505646,-0.017240752931684256,0.9989120364189148,0.9426820278167725,12530,0.3,0.028910136,0.0003
3,200.0,15,3628.684210526316,1053,3840,3.5799761414527893,0.023828125,-0.9374153971672058,-0.006413848302327096,0.9985551834106445,1.2485554218292236,12540,0.3,0.008212724,0.0003
3,200.0,16,3639.5,1053,4096,23.877509546279907,0.012890625,-0.917665982246399,-0.0005705525341909379,0.9905336499214172,4.232445240020752,12550,0.3,0.0059958496,0.0003
4,200.0,17,3660.7619047619046,1051,4352,6.930865287780762,0.027734375,-0.9044603556394577,-0.014210903062485158,0.9977303147315979,2.8843703269958496,12560,0.3,0.021425813,0.0003
4,200.0,18,3719.521739130435,1051,4608,9.24809947013855,0.0203125,-0.8692661195993423,-0.014330636337399482,0.9966601133346558,3.823406457901001,12570,0.3,0.011896173,0.0003
4,200.0,19,3746.0833333333335,1051,4864,99.20242843627929,0.0,-0.8332771629095077,-0.0014707169262692331,0.9712817072868347,62.234928131103516,12580,0.3,0.0009624427,0.0003
4,200.0,20,3580.52,1051,5120,125.38568115234375,0.01484375,-0.8642573714256286,-0.007175308046862483,0.9595584273338318,53.19463348388672,12590,0.3,0.014341282,0.0003
5,200.0,21,3627.653846153846,1050,5376,917.9925994873047,0.0,-0.6302400976419449,-0.00025807321071624756,0.4674915671348572,65.43722534179688,12600,0.3,0.0007745249,0.0003
5,200.0,22,3652.1071428571427,1050,5632,111.97470598220825,0.0,-0.8401146173477173,-0.00022813249379396438,0.960953414440155,4.48178243637085,12610,0.3,1.2197299e-05,0.0003
5,200.0,23,3667.344827586207,1050,5888,22.02967252731323,0.03828125,-0.9016689032316207,-0.016633603861555456,0.9908745288848877,9.312520027160645,12620,0.3,0.017584067,0.0003
5,200.0,24,3690.4333333333334,1050,6144,135.58383479118348,0.0,-0.8157634407281875,-0.0017240090179257094,0.9399383068084717,45.82607650756836,12630,0.3,0.0010697104,0.0003
6,200.0,25,3656.65625,1050,6400,51.309502029418944,0.00078125,-0.7742098152637482,-0.003812685678713024,0.983366847038269,5.860350131988525,12640,0.3,0.0012101955,0.0003
6,200.0,26,3698.4242424242425,1050,6656,60.410946464538576,0.037109375,-0.8376265376806259,-0.00947562421206385,0.9700130820274353,16.076913833618164,12650,0.3,0.0166476,0.0003
6,200.0,27,3703.705882352941,1047,6912,5.6338113903999325,0.01015625,-0.8129340648651123,-0.01356262166518718,0.997792661190033,1.539559006690979,12660,0.3,0.0137394685,0.0003
6,200.0,28,3694.942857142857,1047,7168,9.994629764556885,0.030078125,-0.8134208977222442,-0.007888161623850466,0.9961526989936829,2.898632526397705,12670,0.3,0.009883115,0.0003
7,200.0,29,3626.972972972973,1048,7424,2242.838104248047,0.002734375,-0.9855766445398331,-0.002210866590030491,0.2805308699607849,862.4031982421875,12680,0.3,0.0019240151,0.0003
7,200.0,30,3626.9210526315787,1048,7680,115.34699945449829,0.00390625,-1.0565572500228881,-0.0021558823180384936,0.9399540424346924,22.986312866210938,12690,0.3,0.001066302,0.0003
7,200.0,31,3650.7948717948716,1048,7936,15.704523730278016,0.0,-0.9023435831069946,-0.006260920129716396,0.9795987010002136,1.237990140914917,12700,0.3,0.0025860753,0.0003
7,200.0,32,3632.375,1048,8192,4.275365191698074,0.023828125,-0.989381206035614,-0.023060344392433763,0.9983068108558655,2.040412425994873,12710,0.3,0.017933605,0.0003
8,200.0,33,3542.714285714286,1048,8448,6.654500472545624,0.08515625,-1.0161105901002885,0.0006425121333450079,0.9952979683876038,2.535182476043701,12720,0.3,0.015976032,0.0003
8,200.0,34,3561.6046511627906,1047,8704,4.958768320083618,0.04609375,-0.8052306085824966,-0.020887975068762898,0.9979954361915588,1.284460425376892,12730,0.3,0.01768508,0.0003
8,200.0,35,3568.7954545454545,1047,8960,100.93808426856995,0.015625,-0.7815302908420563,-0.0028168056160211563,0.9708175659179688,63.68527603149414,12740,0.3,0.0055300407,0.0003
8,200.0,36,3478.7608695652175,1048,9216,31.724299716949464,0.003515625,-0.6855242848396301,-0.007358590979129076,0.9803824424743652,9.561494827270508,12750,0.3,0.0022739274,0.0003
9,200.0,37,3491.8936170212764,1046,9472,22.576684856414794,0.06484375,-0.9671811878681182,-0.013908900134265424,0.9868747591972351,5.983743667602539,12760,0.3,0.06738313,0.0003
9,200.0,38,3514.2291666666665,1045,9728,9.75441346168518,0.00703125,-0.7838060915470123,-0.007903096103109419,0.9958195090293884,2.7776641845703125,12770,0.3,0.004822486,0.0003
9,200.0,39,3535.591836734694,1046,9984,3.1073169350624084,0.0390625,-0.7413754671812057,-0.018515170039609074,0.9990224242210388,1.642446517944336,12780,0.3,0.028819695,0.0003
9,200.0,40,3553.078431372549,1046,10240,82.48139419555665,0.119921875,-0.7615108370780945,-0.0036502157105132937,0.9764903783798218,24.84055519104004,12790,0.3,0.011604996,0.0003
0,200.0,1,2530.0,1349,256,103.72889766693115,0.044921875,-1.0554513931274414,-0.013092844490893185,0.9553393125534058,17.28205108642578,12800,0.3,0.020091858,0.0003
0,200.0,2,1200.0,1171,512,63.416836738586426,0.059375,-0.9075660556554794,-0.01377917556092143,0.9704046845436096,18.025041580200195,12810,0.3,0.03226982,0.0003
0,200.0,3,690.0,1127,768,408.82193450927736,0.01171875,-0.8364499658346176,-0.0038262411020696164,-0.679979681968689,51.65275192260742,12820,0.3,0.0049798833,0.0003
0,200.0,4,1326.0,1106,1024,4.6306603968143465,0.058203125,-1.2605016231536865,-0.015316874254494905,-0.4932711124420166,0.6152576208114624,12830,0.3,0.026209526,0.0003
1,200.0,5,1400.0,1087,1280,14.729839992523193,0.11328125,-0.7457095295190811,0.0028912286274135114,0.9932081699371338,3.3792736530303955,12840,0.3,0.08412765,0.0003
1,200.0,6,1867.142857142857,1081,1536,167.2638069152832,0.03046875,-0.7812071979045868,0.0006561154033988715,0.9313079714775085,36.313175201416016,12850,0.3,0.00872829,0.0003
1,200.0,7,2220.0,1074,1792,26.475040102005003,0.002734375,-0.6147240668535232,-0.0023540131747722625,0.9898474216461182,6.9706034660339355,12860,0.3,0.0029476096,0.0003
1,200.0,8,2662.0,1067,2048,17.91857581138611,0.026171875,-0.5407090842723846,-0.010518770664930344,0.994593620300293,5.015248775482178,12870,0.3,0.01031043,0.0003
2,200.0,9,2846.3636363636365,1066,2304,21.558714437484742,0.04609375,-0.68189035654068,-0.008665550011210143,0.9935290813446045,13.325464248657227,12880,0.3,0.02258661,0.0003
2,200.0,10,2880.0,1065,2560,33.57481441497803,0.007421875,-0.7468364030122757,-0.011815755977295339,0.9821648001670837,10.794437408447266,12890,0.3,0.0068908264,0.0003
2,200.0,11,2980.0,1065,2816,32.20069584846497,0.044140625,-1.0113356202840804,-0.0007926641730591655,0.9898812174797058,22.739147186279297,12900,0.3,0.009694258,0.0003
2,200.0,12,3030.0,1064,3072,12.437879943847657,0.02578125,-0.8985280334949494,-0.016405548760667445,0.9947218894958496,4.081911563873291,12910,0.3,0.01699989,0.0003
3,200.0,13,3132.5,1062,3328,320.3897596359253,0.00234375,-0.6252227038145065,0.0017149002989754081,0.8945515751838684,210.47769165039062,12920,0.3,0.002243672,0.0003
3,200.0,14,2940.0,1061,3584,411.2080295562744,0.0,-0.6000669956207275,-0.0030061533907428384,0.8105204701423645,57.903076171875,12930,0.3,0.001068349,0.0003
3,200.0,15,2708.4210526315787,1060,3840,176.07848300933838,0.0,-0.5056573927402497,-0.00107452014926821,0.8710089921951294,21.161636352539062,12940,0.3,0.0005408875,0.0003
3,200.0,16,2624.0,1060,4096,88.49139008522033,0.0,-1.3335719764232636,-0.0028588581015355887,-5.017398834228516,5.411755084991455,12950,0.3,0.0018416778,0.0003
4,200.0,17,2474.7619047619046,1059,4352,869.8465255737304,0.005859375,-1.0821772009134292,-0.00203253161162138,0.2884906530380249,363.0758361816406,12960,0.3,0.0028015948,0.0003
4,200.0,18,2686.521739130435,1059,4608,172.08075942993165,0.0,-0.735862135887146,-0.00036268946714699266,0.9252452254295349,31.282588958740234,12970,0.3,0.00019821571,0.0003
4,200.0,19,2707.5,1059,4864,33.51056671142578,0.015234375,-0.6995464056730271,-0.013651091326028108,0.9874343872070312,12.53257942199707,12980,0.3,0.0068226336,0.0003
4,200.0,20,2584.0,1059,5120,76.83851852416993,0.0015625,-0.6556095123291016,-0.0045879537938162684,0.9691334962844849,21.23612403869629,12990,0.3,0.0019722271,0.0003
5,200.0,21,2471.923076923077,1056,5376,22.17617870569229,0.009375,-0.7226278334856033,-0.006675771833397448,-3.7892327308654785,3.5144526958465576,13000,0.3,0.0075151026,0.0003
5,200.0,22,2576.0714285714284,1055,5632,5.581282377243042,0.046484375,-1.0762622565031053,-0.008494751155376434,0.9977477192878723,1.767972469329834,13010,0.3,0.013222298,0.0003
5,200.0,23,2655.862068965517,1055,5888,33.64564228057861,0.021875,-0.598509457707405,-0.007042528456076979,0.9825511574745178,9.817152976989746,13020,0.3,0.0053019347,0.0003
5,200.0,24,2660.3333333333335,1054,6144,11.983840775489806,0.024609375,-0.6360528498888016,-0.006184681819286197,0.9955886006355286,4.129518985748291,13030,0.3,0.0070749624,0.0003
6,200.0,25,2760.0,1054,6400,408.20052947998045,0.009765625,-0.7957977801561356,0.0002744642784819007,0.8270431756973267,69.84515380859375,13040,0.3,0.0044342396,0.0003
6,200.0,26,2675.757575757576,1052,6656,71.02457466125489,0.001171875,-0.7686822831630706,-0.0018420642241835593,0.9714881181716919,6.944246768951416,13050,0.3,0.0019347228,0.0003
6,200.0,27,2740.8823529411766,1050,6912,714.7007751464844,0.021484375,-0.9166501581668853,0.0005916429916396737,0.5988305807113647,322.9190368652344,13060,0.3,0.011664963,0.0003
6,200.0,28,2742.285714285714,1049,7168,19.075979900360107,0.0265625,-0.638879019021988,-0.009386824234388769,0.9943373799324036,8.139601707458496,13070,0.3,0.007397876,0.0003
7,200.0,29,2820.0,1046,7424,28.190696144104002,0.01640625,-0.8631333708763123,-0.012781345890834928,0.9871178865432739,11.935176849365234,13080,0.3,0.009990815,0.0003
7,200.0,30,2736.315789473684,1045,7680,31.557942485809328,0.022265625,-0.7083868592977524,-0.005462324130348861,0.9897703528404236,9.404623031616211,13090,0.3,0.013498895,0.0003
7,200.0,31,2791.5384615384614,1044,7936,43.65435743331909,0.0,-0.6073798179626465,-0.0002378971315920353,0.9530622959136963,6.5507049560546875,13100,0.3,0.0006535277,0.0003
7,200.0,32,2724.25,1043,8192,169.81947574615478,0.00078125,-0.721762964129448,-0.0020376825938001274,0.9246419072151184,65.93431091308594,13110,0.3,0.0024393888,0.0003
8,200.0,33,2698.3333333333335,1043,8448,5.337807369232178,0.073828125,-1.0879455387592316,-0.021483719069510698,-0.4247448444366455,0.734836995601654,13120,0.3,0.05453729,0.0003
8,200.0,34,2749.767441860465,1044,8704,134.2093942642212,0.03203125,-0.6949990630149842,0.005824579438194632,0.9576462507247925,76.25691986083984,13130,0.3,0.040433813,0.0003
8,200.0,35,2792.9545454545455,1043,8960,16.909615135192873,0.0390625,-0.686974722146988,-0.009429747937247157,0.9954541921615601,4.903715133666992,13140,0.3,0.010567056,0.0003
8,200.0,36,2848.2608695652175,1043,9216,39.024921131134036,0.02265625,-0.7268685847520828,-0.00866025739815086,0.9849058985710144,15.82628345489502,13150,0.3,0.0167066,0.0003
9,200.0,37,2789.148936170213,1043,9472,20.613125848770142,0.04296875,-0.6946013987064361,-0.010785827552899719,0.9940728545188904,11.080568313598633,13160,0.3,0.013437257,0.0003
9,200.0,38,2803.75,1042,9728,20.57693145275116,0.057421875,-0.963036161661148,-0.012676929030567408,0.9722385406494141,11.580278396606445,13170,0.3,0.024879282,0.0003
9,200.0,39,2811.8367346938776,1043,9984,20.542700576782227,0.028125,-0.676245778799057,-0.009647414472419768,0.9937134981155396,10.97928524017334,13180,0.3,0.014015156,0.0003
9,200.0,40,2781.9607843137255,1042,10240,51.34112868309021,0.0,-0.9780339598655701,0.0009754974627867341,0.9029514789581299,9.993880271911621,13190,0.3,0.00083475723,0.0003
0,200.0,1,-390.0,1409,256,14.741761016845704,0.045703125,-0.8142945110797882,-0.021668580221012236,0.9950257539749146,6.246324062347412,13200,0.3,0.017923465,0.0003
0,200.0,2,-390.0,1212,512,19.64814900159836,0.0,-1.4323409974575043,-0.000710864970460534,-2.798095464706421,1.6538790464401245,12810,0.3,0.00025282777,0.0003
0,200.0,3,794.0,1154,768,341.1287982940674,0.0,-1.181309849023819,0.0022123362869024277,0.7460321187973022,50.610870361328125,12820,0.3,0.0013803518,0.0003
0,200.0,4,1363.6,1120,1024,34.31814823150635,0.012890625,-1.1563203155994415,-0.013738588569685817,0.936211884021759,8.634917259216309,12830,0.3,0.011739008,0.0003
1,200.0,5,1935.6666666666667,1107,1280,14.468925261497498,0.002734375,-0.8847893387079239,-0.0035149984061717985,0.9954360723495483,3.6296937465667725,12840,0.3,0.0009370826,0.0003
1,200.0,6,2214.0,1098,1536,26.815557336807252,0.037890625,-0.836461654305458,-0.02362374383956194,0.9859129786491394,7.779840469360352,12850,0.3,0.024069551,0.0003
1,200.0,7,2176.0,1094,1792,29.99164605140686,0.00078125,-0.8441854059696198,-0.001235524844378233,0.9900147914886475,17.074304580688477,12860,0.3,0.0019445426,0.0003
1,200.0,8,2322.8,1089,2048,60.26322431564331,0.02734375,-1.1484021902084351,-0.004749452136456967,0.9524913430213928,16.080251693725586,12870,0.3,0.012525629,0.0003
2,200.0,9,2484.909090909091,1080,2304,54.55762095451355,0.0015625,-0.8950517982244491,-0.005713737662881612,0.9786920547485352,11.742825508117676,12880,0.3,0.0019556049,0.0003
2,200.0,10,2264.5,1079,2560,15.30251386165619,0.048828125,-0.9521733492612838,-0.004516886081546545,0.9900966286659241,2.3962857723236084,12890,0.3,0.0047132205,0.0003
2,200.0,11,2526.5,1082,2816,43.868063950538634,0.03125,-1.0015695869922638,-0.0013448251294903458,0.9581319689750671,5.443668842315674,12900,0.3,0.0050227097,0.0003
2,200.0,12,2577.9333333333334,1077,3072,33.00519859790802,0.01875,-0.784865427017212,-0.0066390107851475475,0.9905673265457153,2.4297971725463867,12910,0.3,0.019242201,0.0003
3,200.0,13,2382.9375,1070,3328,284.277071762085,0.002734375,-0.94773850440979,0.001547220116481185,0.8692823648452759,89.40316772460938,12920,0.3,0.0021018405,0.0003
3,200.0,14,2499.0,1068,3584,2671.3013702392577,0.0,-0.9728971928358078,-2.3118546232581137e-05,-0.09476041793823242,919.5543823242188,12930,0.3,4.681712e-05,0.0003
3,200.0,15,2463.7368421052633,1067,3840,1005.013639831543,0.0,-1.0910260617733,-0.0007465507369488478,0.1613031029701233,146.1213836669922,12940,0.3,5.5057928e-05,0.0003
3,200.0,16,2531.15,1067,4096,477.28541984558103,0.0,-0.8277380347251893,-0.0005527781206183136,0.7803198099136353,161.1591339111328,12950,0.3,6.0551334e-05,0.0003
4,200.0,17,2390.3809523809523,1069,4352,178.18751754760743,0.0,-0.8752192586660386,-0.001168650819454342,0.9338005781173706,41.29412841796875,12960,0.3,0.00057314546,0.0003
4,200.0,18,2592.8260869565215,1065,4608,11.226874840259551,0.10546875,-1.0244500398635865,-0.018309138272888957,0.9936899542808533,3.207632064819336,12970,0.3,0.044142585,0.0003
4,200.0,19,2676.2083333333335,1063,4864,15.26484681367874,0.065234375,-0.7696104615926742,-0.015042382827959954,0.9954203963279724,10.548096656799316,12980,0.3,0.026122332,0.0003
4,200.0,20,2752.12,1063,5120,2.375387817621231,0.03125,-0.7444699138402939,-0.010773669695481658,0.9991244077682495,0.49894919991493225,12990,0.3,0.013730631,0.0003
5,200.0,21,2784.9615384615386,1061,5376,152.6156352043152,0.039453125,-0.7691446214914321,-0.005687244771979749,0.9398126006126404,19.558063507080078,13000,0.3,0.012195405,0.0003
5,200.0,22,2562.25,1061,5632,208.94686393737794,0.00234375,-0.738889080286026,0.0005341363372281194,0.9160248041152954,41.39558792114258,13010,0.3,0.00095259096,0.0003
5,200.0,23,2639.6206896551726,1060,5888,14.214526355266571,0.015234375,-1.2155870199203491,-0.00458034835755825,0.9637672901153564,4.907639026641846,13020,0.3,0.006523787,0.0003
5,200.0,24,2704.8,1061,6144,5.807739281654358,0.008984375,-0.7301778703927994,-0.011129989707842469,0.997748851776123,1.0644420385360718,13030,0.3,0.005591294,0.0003
6,200.0,25,2673.78125,1062,6400,89.0556765794754,0.00078125,-0.7109332025051117,-0.0004903532564640046,0.9750229716300964,25.954084396362305,13040,0.3,0.002318693,0.0003
6,200.0,26,2659.848484848485,1062,6656,9.720144319534302,0.028515625,-1.2654780626296998,-0.009542872337624431,0.9900387525558472,3.945727586746216,13050,0.3,0.021709312,0.0003
6,200.0,27,2695.205882352941,1062,6912,129.36668214797973,0.001171875,-1.011273553967476,-0.007064470928162337,0.9388384819030762,10.762434005737305,13060,0.3,0.002971734,0.0003
6,200.0,28,2722.057142857143,1061,7168,9.002598249912262,0.030078125,-0.7787159562110901,-0.006512204348109662,0.9959922432899475,1.4920614957809448,13070,0.3,0.014546101,0.0003
7,200.0,29,2630.108108108108,1060,7424,43.72765226364136,0.00234375,-0.8520338207483291,-0.006738420145120471,0.9827021360397339,23.587228775024414,13080,0.3,0.004207464,0.0003
7,200.0,30,2681.3684210526317,1061,7680,156.62579164505004,0.0,-1.2105336964130402,-0.0008349083131179213,0.8689814209938049,12.286094665527344,13090,0.3,0.0006192636,0.0003
7,200.0,31,2602.641025641026,1060,7936,32.62600512504578,0.0,-0.7994923114776611,-0.0026738906744867563,0.9877047538757324,1.3802969455718994,13100,0.3,0.001317652,0.0003
7,200.0,32,2657.2,1060,8192,20.22062213420868,0.02578125,-1.054393708705902,-0.00926887127570808,0.9871369004249573,1.7641682624816895,13110,0.3,0.025543777,0.0003
7,200.0,33,2585.7619047619046,1061,8448,5.3475865662097934,0.004296875,-0.7561560332775116,-0.007742429710924625,0.997786283493042,0.8679021000862122,13120,0.3,0.005629175,0.0003
8,200.0,34,2620.4651162790697,1060,8704,0.8726993456482888,0.073046875,-0.9060380220413208,-0.03393105398863554,0.9989103078842163,0.47287100553512573,13130,0.3,0.028050335,0.0003
8,200.0,35,2654.590909090909,1061,8960,2.5678663566708564,0.03671875,-0.699217900633812,-0.011921114264987409,0.9985650777816772,1.205262541770935,13140,0.3,0.027184136,0.0003
8,200.0,36,2634.413043478261,1060,9216,3.6088310539722444,0.105078125,-0.6318604856729507,-0.01613395216409117,0.9989371299743652,2.883525848388672,13150,0.3,0.036297563,0.0003
8,200.0,37,2629.404255319149,1060,9472,18.592710041999815,0.075390625,-1.1098917424678802,-0.004745100042782724,0.9842890501022339,11.86181354522705,13160,0.3,0.004034346,0.0003
9,200.0,38,2566.875,1060,9728,26.819227695465088,0.03125,-0.952223026752472,-0.012681418983265757,0.9836286902427673,4.651852130889893,13170,0.3,0.024558496,0.0003
9,200.0,39,2603.4897959183672,1059,9984,2.251270353794098,0.058984375,-1.01050243973732,-0.03707079533487558,0.9986435174942017,0.5915584564208984,13180,0.3,0.080630206,0.0003
9,200.0,40,2598.156862745098,1059,10240,29.64214096069336,0.05859375,-0.9207503229379654,-0.008885393058881164,0.9891096949577332,3.618063449859619,13190,0.3,0.015181867,0.0003
0,200.0,1,4690.0,1385,256,87.32959342002869,0.003515625,-0.890717089176178,-0.004573918139794841,0.9645705819129944,43.89373016357422,13200,0.3,0.0041542836,0.0003
0,200.0,2,3970.0,1194,512,34.63889563083649,0.02734375,-0.8484781384468079,-0.007605566107667982,0.9890420436859131,2.506533145904541,13210,0.3,0.0155696245,0.0003
0,200.0,3,4210.0,1148,768,98.2132652759552,0.0203125,-0.7228978604078293,-0.006328336580190807,0.9714556932449341,21.8906192779541,13220,0.3,0.015459799,0.0003
0,200.0,4,3906.0,1139,1024,13.43342604637146,0.05625,-0.796813678741455,-0.016342453984543683,0.9955565333366394,5.352712154388428,13230,0.3,0.013396649,0.0003
1,200.0,5,3791.6666666666665,1100,1280,17.667628741264345,0.0546875,-0.6641340672969818,-0.00714034466072917,0.9940798878669739,4.153805732727051,13240,0.3,0.01309609,0.0003
1,200.0,6,3952.8571428571427,1083,1536,16.263778710365294,0.01953125,-0.8707435756921769,-0.010028772661462427,0.992805540561676,3.620264768600464,13250,0.3,0.011896514,0.0003
1,200.0,7,4045.0,1076,1792,91.19171500205994,0.012890625,-0.7607184499502182,-0.0009847956011071802,0.9746509790420532,64.53335571289062,13260,0.3,0.0058537005,0.0003
1,200.0,8,4198.0,1066,2048,92.51064329147339,0.04375,-0.6496533870697021,-0.011946410848759114,0.9747511744499207,11.213940620422363,13270,0.3,0.032742403,0.0003
2,200.0,9,4262.727272727273,1063,2304,173.48517208099366,0.00703125,-0.6848493933677673,-0.0013893774419557303,0.9519655108451843,147.9390411376953,13280,0.3,0.004275783,0.0003
2,200.0,10,4298.333333333333,1067,2560,9.983467483520508,0.03203125,-0.6481953948736191,-0.009753598645329476,0.9972410798072815,3.0133056640625,13290,0.3,0.008123433,0.0003
2,200.0,11,4349.285714285715,1062,2816,99.89601831436157,0.0109375,-0.6883254587650299,-0.009694952983409166,0.9718441367149353,28.38251495361328,13300,0.3,0.009769544,0.0003
2,200.0,12,4030.6666666666665,1065,3072,93.6513566017151,0.0,-0.7565383046865464,-0.0009718004381284118,0.9691268801689148,24.081533432006836,13310,0.3,0.0012611742,0.0003
3,200.0,13,4071.875,1062,3328,7.492032861709594,0.0015625,-0.2701678603887558,-0.0032045483123511074,0.996825635433197,0.7543185949325562,13320,0.3,0.0021083222,0.0003
3,200.0,14,4020.5882352941176,1061,3584,48.743168926239015,0.062109375,-0.8144628793001175,-0.018102415767498315,0.9851870536804199,6.205968379974365,13330,0.3,0.029271796,0.0003
3,200.0,15,4085.7894736842104,1059,3840,33.830444192886354,0.0140625,-0.7214509963989257,-0.010710515058599412,0.9841341972351074,6.76598596572876,13340,0.3,0.008892229,0.0003
3,200.0,16,4064.5,1059,4096,4.526350182294846,0.073046875,-0.6785457342863083,-0.015988707495853304,0.9982807040214539,0.9440698623657227,13350,0.3,0.030064188,0.0003
4,200.0,17,4095.2380952380954,1058,4352,36.42564477920532,0.012890625,-0.5664389818906784,0.0008847307879477739,0.9892711639404297,13.665711402893066,13360,0.3,0.005460077,0.0003
4,200.0,18,3913.913043478261,1059,4608,165.46542797088622,0.0,-0.7261925399303436,-0.0009177870932035148,0.9305890798568726,41.025970458984375,13370,0.3,0.00058621424,0.0003
4,200.0,19,3956.25,1061,4864,14.749211168289184,0.006640625,-0.47885399460792544,-0.006886678352020681,0.9903660416603088,3.1698403358459473,13380,0.3,0.0050194506,0.0003
4,200.0,20,3995.2,1061,5120,15.289113521575928,0.04453125,-0.7353184908628464,-0.014425707433838397,0.9955820441246033,7.995804309844971,13390,0.3,0.029766683,0.0003
5,200.0,21,4030.3846153846152,1060,5376,6.767152309417725,0.03203125,-0.6911988317966461,-0.006493200873956084,0.9977796673774719,4.29938268661499,13400,0.3,0.015348977,0.0003
5,200.0,22,3888.5714285714284,1059,5632,3.557767939567566,0.012890625,-0.4769184276461601,-0.0065268987324088815,0.997826099395752,1.146316647529602,13410,0.3,0.004836588,0.0003
5,200.0,23,3924.4827586206898,1058,5888,82.10331023931504,0.04375,-0.6791490346193314,-0.018179178808350117,0.9766089916229248,67.41312408447266,13420,0.3,0.016358264,0.0003
5,200.0,24,3957.0,1058,6144,40.55340404510498,0.006640625,-0.6794642269611358,-0.0031484448816627266,0.9880771040916443,2.0840680599212646,13430,0.3,0.0023425021,0.0003
6,200.0,25,3977.1875,1057,6400,18.784203386306764,0.027734375,-0.6993466287851333,-0.012125513516366482,0.9939684867858887,5.921342372894287,13440,0.3,0.013361618,0.0003
6,200.0,26,3997.5757575757575,1055,6656,37.267105627059934,0.039453125,-0.822309598326683,-0.018594914767891168,0.9885411858558655,22.099021911621094,13450,0.3,0.023217265,0.0003
6,200.0,27,4031.470588235294,1054,6912,4.4307492852211,0.05859375,-0.7827260941267014,-0.02452535822521895,0.9984224438667297,1.8558982610702515,13460,0.3,0.03272121,0.0003
6,200.0,28,4057.1428571428573,1056,7168,3.4322679340839386,0.06015625,-0.7123900324106216,-0.014159216755069792,0.9990361928939819,2.173491954803467,13470,0.3,0.02536431,0.0003
7,200.0,29,4090.810810810811,1053,7424,16.286237287521363,0.083984375,-0.7477561056613922,-0.020273608481511475,0.9953110218048096,8.830778121948242,13480,0.3,0.072510146,0.0003
7,200.0,30,4066.5789473684213,1054,7680,13.693844151496886,0.0234375,-0.6696762055158615,-0.021096121706068515,0.9953139424324036,3.2122232913970947,13490,0.3,0.016565442,0.0003
7,200.0,31,4074.102564102564,1053,7936,43.815403413772586,0.010546875,-0.6347414344549179,-0.002750247670337558,0.9851791262626648,17.827537536621094,13500,0.3,0.0048632454,0.0003
7,200.0,32,4100.75,1054,8192,5.462381494045258,0.0109375,-0.7170517891645432,-0.005433970945887268,0.9975586533546448,1.1101576089859009,13510,0.3,0.009161545,0.0003
8,200.0,33,4108.571428571428,1052,8448,2.383012956380844,0.0796875,-0.746096596121788,-0.013362986408174038,0.9992656111717224,0.6941094398498535,13520,0.3,0.036760166,0.0003
8,200.0,34,4103.2558139534885,1052,8704,54.48991250991821,0.009765625,-0.7466236561536789,-0.004721423191949725,0.9816250205039978,15.171417236328125,13530,0.3,0.0091764275,0.0003
8,200.0,35,4122.045454545455,1051,8960,11.969045114517211,0.009375,-0.8492041677236557,-0.009568338678218425,0.996515691280365,1.8709609508514404,13540,0.3,0.007397975,0.0003
8,200.0,36,4027.1739130434785,1052,9216,285.73502082824706,0.0109375,-0.8139183253049851,-0.0028340598568320275,0.9065564274787903,68.25826263427734,13550,0.3,0.004890769,0.0003
9,200.0,37,4040.6382978723404,1051,9472,80.39268188476562,0.0,-0.734466552734375,-0.0033850202802568675,0.9303136467933655,18.920738220214844,13560,0.3,0.0013187127,0.0003
9,200.0,38,4059.1666666666665,1051,9728,107.66425404548644,0.0,-0.7735302418470382,-0.0027805213700048625,0.9642547965049744,32.29193878173828,13570,0.3,0.0010294982,0.0003
9,200.0,39,4076.938775510204,1052,9984,99.50685811042786,0.00390625,-0.7733410805463791,-0.0005236504133790731,0.9734737873077393,67.6443862915039,13580,0.3,0.002015033,0.0003
9,200.0,40,4110.392156862745,1050,10240,34.0826934337616,0.037109375,-0.7362742453813553,-0.012057680636644363,0.9903952479362488,28.78570556640625,13590,0.3,0.01598062,0.0003
0,200.0,1,4362.0,1395,256,136.69649028778076,0.037890625,-0.7708672374486923,-0.005905444710515439,0.9639696478843689,28.220312118530273,13600,0.3,0.012654088,0.0003
0,200.0,2,4578.5,1185,512,14.26265926361084,0.015234375,-0.7977771699428559,-0.011085643270052969,0.9957402944564819,9.948308944702148,13210,0.3,0.010401178,0.0003
0,200.0,3,4635.0,1151,768,16.591450798511506,0.012890625,-0.7556602567434311,-0.007571716955862939,0.9951971173286438,1.2037557363510132,13220,0.3,0.009068503,0.0003
0,200.0,4,4668.4,1113,1024,14.900507378578187,0.001953125,-0.7434204280376434,-0.004975692881271243,0.9942691326141357,2.032877206802368,13230,0.3,0.0060794186,0.0003
1,200.0,5,4526.5,1102,1280,39.955536127090454,0.009765625,-0.8587753444910049,-0.009557464229874312,0.9883149266242981,11.13875961303711,13240,0.3,0.009430858,0.0003
1,200.0,6,4533.571428571428,1091,1536,29.818446731567384,0.00546875,-0.8874434441328048,-0.007054807618260384,0.9871983528137207,6.509957313537598,13250,0.3,0.0038813225,0.0003
1,200.0,7,4535.125,1074,1792,22.216028141975404,0.007421875,-0.7764802873134613,-0.015970811434090137,0.9918373227119446,4.977703094482422,13260,0.3,0.023145922,0.0003
1,200.0,8,4453.6,1077,2048,4.49733521938324,0.062109375,-0.8533334642648697,-0.012474256195127964,0.9983866810798645,1.0023229122161865,13270,0.3,0.13598546,0.0003
2,200.0,9,4101.454545454545,1079,2304,294.56193618774415,0.243359375,-0.7965426176786423,0.0891905076801777,0.9182697534561157,123.91633605957031,13280,0.3,0.26444706,0.0003
2,200.0,10,3771.0833333333335,1072,2560,385.5594962120056,0.0,-0.2964838847517967,-0.0015481932205148041,0.7869011759757996,20.70696258544922,13290,0.3,0.00023776782,0.0003
2,200.0,11,3182.785714285714,1068,2816,234.0357192993164,0.0,-0.5549807533621788,-0.0012316829059273004,-18.693466186523438,17.07149887084961,13300,0.3,0.00057697366,0.0003
2,200.0,12,2994.5333333333333,1068,3072,51.90968952178955,0.00859375,-0.9443911045789719,-0.007928790571168066,-0.4045283794403076,9.862931251525879,13310,0.3,0.0062695295,0.0003
3,200.0,13,2874.9375,1067,3328,67.45904817581177,0.025390625,-0.5727227404713631,-0.004070326942019165,0.854405403137207,11.342429161071777,13320,0.3,0.023214953,0.0003
3,200.0,14,2889.705882352941,1068,3584,127.4702995300293,0.04765625,-0.9093223631381988,-0.033691897382959725,0.9563882946968079,52.95823669433594,13330,0.3,0.008454015,0.0003
3,200.0,15,2769.2105263157896,1065,3840,148.8679100036621,0.20703125,-1.0038382291793824,-0.0383394181728363,0.950255274772644,66.25853729248047,13340,0.3,0.03686512,0.0003
3,200.0,16,2637.55,1064,4096,805.958903503418,0.047265625,-0.5534242168068886,0.006777521315962076,0.3384416699409485,69.95459747314453,13350,0.3,0.01478643,0.0003
4,200.0,17,2717.7619047619046,1064,4352,119.67719993591308,0.0328125,-0.5224283963441849,-0.016578949824906885,0.9218521118164062,39.006290435791016,13360,0.3,0.0127039,0.0003
4,200.0,18,2767.608695652174,1066,4608,149.78366107940673,0.0234375,-1.0177495658397675,-0.005164636601693928,0.9494819641113281,60.51667022705078,13370,0.3,0.01359183,0.0003
4,200.0,19,2853.375,1063,4864,132.12097415924072,0.0046875,-0.697231549024582,-0.002365580596961081,0.9429609775543213,18.93573760986328,13380,0.3,0.00411399,0.0003
4,200.0,20,2931.16,1061,5120,48.527886390686035,0.03515625,-0.9230393558740616,-0.005959115480072797,0.9869811534881592,34.03485107421875,13390,0.3,0.005316008,0.0003
5,200.0,21,2953.346153846154,1061,5376,194.19808692932128,0.00390625,-0.9645459890365601,-0.002777306386269629,0.9336488246917725,63.56891632080078,13400,0.3,0.003516688,0.0003
5,200.0,22,3069.6428571428573,1059,5632,60.410567378997804,0.005078125,-0.9634575128555298,-0.006091629364527762,0.9748849272727966,14.703124046325684,13410,0.3,0.0040518385,0.0003
5,200.0,23,3122.310344827586,1059,5888,103.18890438079833,0.004296875,-0.9504528164863586,-0.002595611469587311,0.9629309177398682,28.98244285583496,13420,0.3,0.0027161378,0.0003
5,200.0,24,3162.1666666666665,1058,6144,22.833639240264894,0.008203125,-0.9181480139493943,-0.005217045405879616,0.9931787848472595,14.059258460998535,13430,0.3,0.002976536,0.0003
6,200.0,25,3116.84375,1056,6400,420.31565113067626,0.0234375,-0.6691084235906601,-0.0025904036359861494,0.8596552610397339,164.1790313720703,13440,0.3,0.0112272035,0.0003
6,200.0,26,3169.0,1054,6656,51.68605785369873,0.01171875,-0.7189459651708603,-0.006540029402822256,0.9862766861915588,7.18509578704834,13450,0.3,0.009009501,0.0003
6,200.0,27,3176.294117647059,1054,6912,7.373354798555374,0.060546875,-1.0252672880887985,-0.011903059459291399,0.9962520599365234,3.653669834136963,13460,0.3,0.019298827,0.0003
6,200.0,28,3223.457142857143,1053,7168,13.256390273571014,0.028125,-0.9718914985656738,-0.008358744625002145,0.9960167407989502,4.739565372467041,13470,0.3,0.017161392,0.0003
7,200.0,29,3168.054054054054,1051,7424,12.371800768375397,0.03984375,-0.8766488373279572,-0.005441462551243603,0.9965775609016418,7.288767337799072,13480,0.3,0.0323004,0.0003
7,200.0,30,3211.9736842105262,1046,7680,187.62906284332274,0.012890625,-0.7653067260980606,0.005954330891836434,0.8864556550979614,106.43075561523438,13490,0.3,0.011756915,0.0003
7,200.0,31,3118.1794871794873,1046,7936,30.495931243896486,0.001953125,-0.8389104902744293,-0.003143825102597475,0.9897656440734863,13.151345252990723,13500,0.3,0.00207737,0.0003
7,200.0,32,3136.5,1047,8192,21.933679866790772,0.003125,-0.8993169158697129,-0.009194655111059546,0.9875059723854065,8.684975624084473,13510,0.3,0.0041813487,0.0003
8,200.0,33,3216.9761904761904,1046,8448,90.49911770820617,0.00546875,-0.8202615529298782,-0.0005327506689354778,0.9751884937286377,55.769775390625,13520,0.3,0.0033509654,0.0003
8,200.0,34,3249.1162790697676,1046,8704,103.25086078643798,0.0,-0.87068090736866,-0.0007026328705251217,0.9707363843917847,88.22083282470703,13530,0.3,0.0004461275,0.0003
8,200.0,35,3284.318181818182,1047,8960,33.54337329864502,0.044921875,-0.9108463644981384,-0.009124643122777342,0.9893954992294312,4.020699977874756,13540,0.3,0.023986302,0.0003
8,200.0,36,3339.0,1048,9216,8.720763516426086,0.040625,-1.0012432247400285,-0.01890517130959779,0.9959495067596436,1.4550955295562744,13550,0.3,0.023452628,0.0003
9,200.0,37,3370.063829787234,1049,9472,37.30673732757568,0.038671875,-1.0588153541088103,-0.01357849887572229,0.9890688061714172,18.90104103088379,13560,0.3,0.020623384,0.0003
9,200.0,38,3390.75,1048,9728,4.100837504863739,0.06875,-1.0369516968727113,-0.01967868984211236,0.9983372092247009,1.1867337226867676,13570,0.3,0.024051901,0.0003
9,200.0,39,3349.8367346938776,1047,9984,145.54376964569093,0.02890625,-0.9974185436964035,-0.009193211165256798,0.954003632068634,104.30979919433594,13580,0.3,0.017048713,0.0003
9,200.0,40,3311.450980392157,1047,10240,698.2795936584473,0.0,-1.0339683681726455,-0.00026988189201802013,-0.2049928903579712,323.4930114746094,13590,0.3,0.0012091214,0.0003
0,200.0,1,4880.0,1321,256,25.18726863861084,0.0171875,-1.0631255596876144,-0.012130930926650763,0.9905949234962463,10.32873249053955,13600,0.3,0.015249808,0.0003
0,200.0,2,4880.0,1157,512,7.183082139492035,0.026953125,-0.8058218568563461,-0.018158611096441745,0.997620701789856,1.7527824640274048,13610,0.3,0.019048588,0.0003
0,200.0,3,4366.666666666667,1122,768,154.73534107208252,0.044921875,-0.8828525006771087,0.008857812825590372,0.9284018874168396,25.653079986572266,13620,0.3,0.015518479,0.0003
0,200.0,4,4482.0,1098,1024,24.600193595886232,0.00703125,-0.804685115814209,-0.00975964441895485,0.9908788800239563,3.7685866355895996,13630,0.3,0.0039104777,0.0003
1,200.0,5,4551.666666666667,1086,1280,92.61588342189789,0.0546875,-0.8099032133817673,-0.015435532783158123,0.9745001196861267,11.773665428161621,13640,0.3,0.023696143,0.0003
1,200.0,6,4462.857142857143,1070,1536,6.3670654654502865,0.046484375,-0.8055108547210693,-0.012650334695354103,0.99808669090271,2.583338737487793,13650,0.3,0.022590015,0.0003
1,200.0,7,4490.0,1074,1792,76.54985065460205,0.00625,-0.9111779570579529,-0.003880228835623711,0.949992299079895,6.036824703216553,13660,0.3,0.0052061602,0.0003
1,200.0,8,4522.0,1067,2048,27.078754115104676,0.01875,-0.8086470901966095,-0.016628243261948228,0.9924803376197815,18.10379981994629,13670,0.3,0.0072278143,0.0003
2,200.0,9,4555.454545454545,1054,2304,12.009827196598053,0.049609375,-0.884381628036499,-0.013973552361130714,0.9963933229446411,8.867554664611816,13680,0.3,0.023389105,0.0003
2,200.0,10,4545.833333333333,1056,2560,6.306105041503907,0.075390625,-0.8318406254053116,-0.01662979037500918,0.9979584217071533,1.5164014101028442,13690,0.3,0.03695525,0.0003
2,200.0,11,4525.0,1055,2816,79.91172168254852,0.009375,-0.7891496002674103,-0.007288532238453627,0.9773911833763123,46.05615234375,13700,0.3,0.007648982,0.0003
2,200.0,12,4535.333333333333,1058,3072,24.087213158607483,0.0078125,-0.8867764830589294,-0.008543679118156433,0.9889756441116333,6.645893573760986,13710,0.3,0.007064468,0.0003
3,200.0,13,4545.0,1055,3328,32.12415820360184,0.011328125,-0.6983092695474624,0.00073000593110919,0.9897278547286987,1.5459754467010498,13720,0.3,0.005543679,0.0003
3,200.0,14,4536.470588235294,1058,3584,92.0871524810791,0.03046875,-0.8061964094638825,-0.007716979063116014,0.9744164943695068,9.442069053649902,13730,0.3,0.021966707,0.0003
3,200.0,15,4576.315789473684,1056,3840,93.69438581466675,0.00390625,-0.8454185843467712,-0.0047960549127310514,0.9592663049697876,15.544917106628418,13740,0.3,0.002240498,0.0003
3,200.0,16,4592.0,1051,4096,28.862477445602416,0.003515625,-0.7924828976392746,-0.007081900117918849,0.9875431656837463,4.1437249183654785,13750,0.3,0.003065886,0.0003
4,200.0,17,4550.952380952381,1047,4352,33.74110097885132,0.0453125,-0.7539202213287354,-0.028272495465353133,0.982072114944458,7.204433441162109,13760,0.3,0.060639735,0.0003
4,200.0,18,4571.739130434783,1048,4608,14.885545659065247,0.022265625,-0.8523695766925812,-0.003143278695642948,0.9951156973838806,4.313375949859619,13770,0.3,0.007859884,0.0003
4,200.0,19,4585.0,1049,4864,7.760164737701416,0.027734375,-0.868714115023613,-0.006347657740116119,0.9977547526359558,1.1722943782806396,13780,0.3,0.012138273,0.0003
4,200.0,20,4540.8,1049,5120,0.8929067775607109,0.078515625,-0.8010603368282319,-0.018161564832553267,0.9996832609176636,0.15153686702251434,13790,0.3,0.025697704,0.0003
5,200.0,21,4396.538461538462,1049,5376,328.93664293289186,0.038671875,-0.5240550145506859,-0.0021643936168402435,0.8009687662124634,10.932588577270508,13800,0.3,0.0154959075,0.0003
5,200.0,22,4433.571428571428,1049,5632,52.300479316711424,0.0125,-0.784950265288353,-0.006836868030950427,0.9776491522789001,10.709569931030273,13810,0.3,0.00791668,0.0003
5,200.0,23,4450.3448275862065,1050,5888,103.85122289657593,0.0234375,-0.8294130057096482,-0.0025582719827070832,0.9709084630012512,27.81854820251465,13820,0.3,0.016830655,0.0003
5,200.0,24,4465.333333333333,1050,6144,10.185914230346679,0.006640625,-0.8252319127321244,-0.0038751940708607437,0.9960886240005493,1.1174591779708862,13830,0.3,0.012809398,0.0003
6,200.0,25,4351.5625,1050,6400,49.77969455718994,0.04296875,-1.0596852600574493,-0.011466902890242636,0.9847303628921509,13.394157409667969,13840,0.3,0.025468372,0.0003
6,200.0,26,4335.757575757576,1050,6656,21.754477190971375,0.0,-0.9121619522571563,-0.0004132384667173028,0.9898292422294617,1.6921952962875366,13850,0.3,0.0017477891,0.0003
6,200.0,27,4339.117647058823,1051,6912,403.9846302032471,0.02265625,-0.9325232207775116,-0.006306736636906863,0.8709217309951782,138.78993225097656,13860,0.3,0.007837252,0.0003
6,200.0,28,4362.571428571428,1052,7168,35.865671223402025,0.000390625,-0.7508619040250778,-2.1350826136767866e-05,0.9840211868286133,3.758948802947998,13870,0.3,0.00097427727,0.0003
7,200.0,29,4398.918918918919,1050,7424,11.765616655349731,0.030078125,-0.75318543612957,-0.007449453521985561,0.9964609146118164,9.643269538879395,13880,0.3,0.0062856367,0.0003
7,200.0,30,4412.894736842105,1050,7680,54.951389980316165,0.027734375,-0.7362135887145996,-0.010177663201466203,0.9793074727058411,25.9252872467041,13890,0.3,0.008368714,0.0003
7,200.0,31,4432.051282051282,1050,7936,20.063996195793152,0.012109375,-0.742233607172966,-0.0031414179073181005,0.9943196177482605,2.0999252796173096,13900,0.3,0.004792094,0.0003
7,200.0,32,4436.75,1048,8192,23.408919191360475,0.02890625,-0.6966517269611359,-0.0023936477955430746,0.9921337366104126,10.800339698791504,13910,0.3,0.006476404,0.0003
8,200.0,33,4464.761904761905,1048,8448,4.352148312330246,0.0203125,-0.7014363914728164,-0.014558840822428466,0.9984649419784546,0.8781464099884033,13920,0.3,0.021277506,0.0003
8,200.0,34,4474.883720930233,1049,8704,46.9260235786438,0.06953125,-0.6887583523988724,-0.012271607574075461,0.9864384531974792,23.224102020263672,13930,0.3,0.05434913,0.0003
8,200.0,35,4490.454545454545,1048,8960,4.297066456079483,0.07109375,-0.6794489860534668,-0.01694297567009926,0.9988142251968384,0.5649299621582031,13940,0.3,0.03479003,0.0003
8,200.0,36,4477.391304347826,1050,9216,66.45425381660462,0.020703125,-0.6621052145957946,-0.01213157766032964,0.9791548848152161,14.61359691619873,13950,0.3,0.011033506,0.0003
9,200.0,37,4486.382978723404,1049,9472,169.20724754333497,0.035546875,-0.7980165779590607,-0.008354171086102724,0.9492039084434509,59.214332580566406,13960,0.3,0.004698698,0.0003
9,200.0,38,4490.0,1050,9728,18.2962557554245,0.00234375,-0.6869503170251846,-0.006491286470554769,0.9916137456893921,3.5065395832061768,13970,0.3,0.0023947968,0.0003
9,200.0,39,4503.673469387755,1049,9984,233.40394401550293,0.0,-0.6954657971858978,-0.0020908622071146967,0.9259077906608582,135.78062438964844,13980,0.3,0.0009659822,0.0003
9,200.0,40,4520.196078431372,1049,10240,27.955934286117554,0.00234375,-0.6428150057792663,-0.005776559398509562,0.9829899668693542,2.680048704147339,13990,0.3,0.003339638,0.0003
0,200.0,1,575.0,1461,256,13.586060047149658,0.03203125,-0.6986055880784988,-0.006716142024379224,0.9954442977905273,5.871981620788574,14000,0.3,0.012758844,0.0003
0,200.0,2,2823.5,1192,512,54.17548027038574,0.023046875,-1.0510707408189774,-0.011684968112967908,0.9725586771965027,14.394181251525879,13610,0.3,0.018640114,0.0003
0,200.0,3,3327.0,1142,768,97.66920204162598,0.009765625,-0.9412256717681885,-0.008632884453982114,0.9694610238075256,36.978790283203125,13620,0.3,0.00408309,0.0003
0,200.0,4,3299.0,1120,1024,9.437146019935607,0.03046875,-0.9081670850515365,-0.015207919396925718,0.9959801435470581,4.61578369140625,13630,0.3,0.025094977,0.0003
1,200.0,5,3476.0,1094,1280,3850.4639068603515,0.265625,-1.0843692600727082,0.042480804165825246,-0.8117510080337524,382.33721923828125,13640,0.3,0.08844856,0.0003
1,200.0,6,3632.285714285714,1079,1536,258.14440498352053,0.0,-0.9705571532249451,-0.0014042206574231386,0.9193436503410339,64.1042709350586,13650,0.3,0.0025780722,0.0003
1,200.0,7,3159.5,1079,1792,426.0322658538818,0.025,-0.74146568775177,-0.010142561281099916,0.8517200350761414,228.34817504882812,13660,0.3,0.00949059,0.0003
1,200.0,8,3538.1,1056,2048,36.667938232421875,0.013671875,-0.7671270668506622,-0.010667877690866589,0.988853394985199,4.303907871246338,13670,0.3,0.009156054,0.0003
2,200.0,9,3677.5454545454545,1058,2304,85.16101269721985,0.030859375,-0.8595673412084579,-0.018483175337314604,0.9771357178688049,74.12106323242188,13680,0.3,0.018910374,0.0003
2,200.0,10,3713.0833333333335,1055,2560,133.36911344528198,0.004296875,-0.8546550065279007,-0.0016966762486845255,0.9483445882797241,16.95169448852539,13690,0.3,0.0036662163,0.0003
2,200.0,11,3712.285714285714,1055,2816,305.6604745864868,0.000390625,-0.9275238305330277,-0.004974053893238306,0.9217283725738525,180.78662109375,13700,0.3,0.0017276381,0.0003
2,200.0,12,3453.6666666666665,1061,3072,46.18873414993286,0.051953125,-0.8861673563718796,-0.01736682468908839,0.9863876700401306,22.801652908325195,13710,0.3,0.023417324,0.0003
3,200.0,13,3554.875,1052,3328,1909.8888633728027,0.0046875,-1.1180499970912934,0.00035933945327997207,-0.5335439443588257,204.37173461914062,13720,0.3,0.0034245234,0.0003
3,200.0,14,3416.823529411765,1047,3584,167.6051462173462,0.0,-1.1888664662837982,-0.006378387380391359,0.9451595544815063,76.03787231445312,13730,0.3,0.0013725541,0.0003
3,200.0,15,3552.7368421052633,1043,3840,64.63028221130371,0.065234375,-1.0026379108428956,-0.022313788114115597,0.9801232814788818,20.125694274902344,13740,0.3,0.031978376,0.0003
3,200.0,16,3627.8,1042,4096,189.58890037536622,0.00546875,-0.9019934922456742,-0.006505662342533469,0.950919508934021,125.13146209716797,13750,0.3,0.0061203185,0.0003
4,200.0,17,3706.0,1039,4352,10.842262411117554,0.051171875,-0.8105797290802002,-0.014583112322725356,0.997349739074707,3.2662742137908936,13760,0.3,0.011546686,0.0003
4,200.0,18,3770.2608695652175,1040,4608,17.187140071392058,0.05390625,-0.9656499266624451,-0.02077358604874462,0.9952986836433411,1.0946177244186401,13770,0.3,0.040795393,0.0003
4,200.0,19,3794.0416666666665,1039,4864,39.87233180999756,0.0703125,-0.9260839819908142,-0.004593371180817485,0.9891180396080017,23.70204734802246,13780,0.3,0.027788457,0.0003
4,200.0,20,3710.52,1040,5120,23.665219163894655,0.021875,-0.8706602245569229,-0.017518952314276248,0.9921001195907593,11.285079956054688,13790,0.3,0.008245947,0.0003
5,200.0,21,3762.9615384615386,1040,5376,459.6125938415527,0.0,-0.8128094494342804,-0.0013622574915643781,0.8445520997047424,290.23980712890625,13800,0.3,0.0014553883,0.0003
5,200.0,22,3779.964285714286,1042,5632,35.288390922546384,0.004296875,-0.9091086357831955,-0.012254191422834992,0.9887183308601379,13.028264999389648,13810,0.3,0.0042202882,0.0003
5,200.0,23,3667.103448275862,1042,5888,405.5431890487671,0.003515625,-0.8858614355325699,-0.00720030595548451,0.854053258895874,118.00776672363281,13820,0.3,0.0021332072,0.0003
5,200.0,24,3619.9,1042,6144,699.3222045898438,0.0,-0.6215543776750565,-0.0003447761293500662,0.5790491104125977,150.12684631347656,13830,0.3,0.00014743488,0.0003
6,200.0,25,3409.40625,1043,6400,459.1582717895508,0.0,-0.7589512586593627,-0.0018599391914904118,0.7008234262466431,190.1571044921875,13840,0.3,0.00031761476,0.0003
6,200.0,26,3421.5454545454545,1043,6656,890.5831985473633,0.0,-0.6730613380670547,0.0002665470354259014,-3.305772304534912,80.92919921875,13850,0.3,0.00012269546,0.0003
6,200.0,27,3469.735294117647,1044,6912,191.00758628845216,0.0,-0.860692486166954,-0.0005865409504622221,0.9173551797866821,73.66815185546875,13860,0.3,0.00018174411,0.0003
6,200.0,28,3521.2,1045,7168,87.3306557893753,0.005078125,-0.9125632554292679,-0.005664057831745594,0.9764012098312378,5.1993088722229,13870,0.3,0.002022599,0.0003
7,200.0,29,3496.7297297297296,1045,7424,110.3926796913147,0.00234375,-0.9225475668907166,-0.0007889241445809603,0.9509649276733398,14.319467544555664,13880,0.3,0.0031225951,0.0003
7,200.0,30,3443.0789473684213,1045,7680,48.833679389953616,0.0296875,-0.937301230430603,-0.007394734607078135,0.980725109577179,12.379161834716797,13890,0.3,0.013623407,0.0003
7,200.0,31,3484.871794871795,1045,7936,39.59796772003174,0.069140625,-0.8718200296163559,-0.017475232062861324,0.9840327501296997,4.795870304107666,13900,0.3,0.030477565,0.0003
7,200.0,32,3524.1,1045,8192,34.33286843299866,0.0578125,-0.8561538398265839,-0.008439669967629015,0.9904309511184692,26.884288787841797,13910,0.3,0.01704573,0.0003
8,200.0,33,3578.8809523809523,1045,8448,213.74357805252075,0.00703125,-0.927556848526001,-0.003919866192154587,0.9345877766609192,33.67384719848633,13920,0.3,0.0028846234,0.0003
8,200.0,34,3519.232558139535,1046,8704,43.33040180206299,0.010546875,-0.9504811018705368,-0.007899683900177479,0.9877562522888184,25.56076431274414,13930,0.3,0.0066353367,0.0003
8,200.0,35,3554.5454545454545,1045,8960,1046.4767227172852,0.002734375,-0.9633500963449478,0.0067926990566775204,0.5154693126678467,257.3506774902344,13940,0.3,0.0014631895,0.0003
8,200.0,36,3609.5652173913045,1042,9216,40.83189578056336,0.042578125,-0.9231898784637451,-0.011141582764685154,0.9873647093772888,3.400897741317749,13950,0.3,0.014007759,0.0003
9,200.0,37,3619.723404255319,1044,9472,44.01443738937378,0.01640625,-0.9698543876409531,-0.017015410866588355,0.9881711006164551,13.99841594696045,13960,0.3,0.0138216745,0.0003
9,200.0,38,3537.4791666666665,1044,9728,279.7443393707275,0.038671875,-1.0681305825710297,-0.0032519155647605658,0.8961671590805054,88.95024871826172,13970,0.3,0.011156835,0.0003
9,200.0,39,3557.8979591836733,1041,9984,187.94401741027832,0.00625,-1.1085298717021943,-0.008998216548934578,0.9228553771972656,50.766780853271484,13980,0.3,0.010286478,0.0003
9,200.0,40,3515.725490196078,1041,10240,466.1916622161865,0.02109375,-1.1684105932712554,-0.010856921086087823,0.7507373690605164,267.59954833984375,13990,0.3,0.013294766,0.0003
0,200.0,1,4640.0,1322,256,36.36772537231445,0.003125,-1.074839287996292,-0.0034988076891750096,0.9885461926460266,17.694059371948242,14000,0.3,0.0040500695,0.0003
0,200.0,2,2250.0,1137,512,152.48145599365233,0.0015625,-0.8058126032352447,-0.003022716846317053,0.9513868093490601,84.18634796142578,14010,0.3,0.005181213,0.0003
0,200.0,3,2973.3333333333335,1122,768,108.19157428741455,0.0046875,-0.880516842007637,-0.005923998518846929,0.9352903366088867,22.959415435791016,14020,0.3,0.0036007655,0.0003
0,200.0,4,2978.0,1077,1024,85.17928252220153,0.000390625,-0.6876732766628265,-0.002584836963796988,0.9699972867965698,39.94458770751953,14030,0.3,0.00058361236,0.0003
1,200.0,5,3303.3333333333335,1079,1280,1261.085610961914,0.001171875,-0.6291022509336471,0.0011230046628043055,0.22943532466888428,415.2940368652344,14040,0.3,0.00096830586,0.0003
1,200.0,6,3291.4285714285716,1064,1536,48.334499502182005,0.0,-0.8296981364488601,-0.0013922019395977258,0.9754927158355713,4.95713472366333,14050,0.3,0.0013334102,0.0003
1,200.0,7,2877.5,1064,1792,148.1046127319336,0.0078125,-0.8789130091667176,-0.002263000444509089,0.9278643727302551,33.01310348510742,14060,0.3,0.005368511,0.0003
1,200.0,8,2931.0,1062,2048,27.79421353340149,0.01328125,-0.86192986369133,-0.006402426701970399,0.9898843169212341,5.72650671005249,14070,0.3,0.0089207245,0.0003
2,200.0,9,3112.7272727272725,1060,2304,337.04974899291994,0.0015625,-0.7650710225105286,-0.002973428787663579,0.8526711463928223,104.47451782226562,14080,0.3,0.0029816406,0.0003
2,200.0,10,2926.6666666666665,1057,2560,62.971499347686766,0.002734375,-0.6544649332761765,-0.003740936517715454,0.9780274033546448,15.446552276611328,14090,0.3,0.0024925638,0.0003
2,200.0,11,2897.8571428571427,1057,2816,45.2465537071228,0.0125,-0.7343746781349182,-0.014350356976501643,0.9843310117721558,10.023098945617676,14100,0.3,0.00789603,0.0003
2,200.0,12,2966.6666666666665,1056,3072,283.7139976501465,0.015625,-0.6204434096813202,-0.011042879126034678,0.8347455263137817,89.13774108886719,14110,0.3,0.008122878,0.0003
3,200.0,13,3074.375,1056,3328,11.070530652999878,0.0296875,-0.5932147294282913,-0.008620689198141917,0.9961037039756775,4.9015655517578125,14120,0.3,0.017642396,0.0003
3,200.0,14,3181.176470588235,1053,3584,9.747401583194733,0.056640625,-0.8066628605127335,-0.016288426611572503,0.9972695708274841,7.195502758026123,14130,0.3,0.017064296,0.0003
3,200.0,15,3327.3684210526317,1053,3840,4.326868641376495,0.11171875,-0.8756534069776535,-0.017279071582015602,0.9985747337341309,2.610896587371826,14140,0.3,0.029433588,0.0003
3,200.0,16,3395.5,1053,4096,10.895798003673553,0.11640625,-0.9241820096969604,-0.016348348162136973,0.9968361854553223,4.572325229644775,14150,0.3,0.0650556,0.0003
4,200.0,17,3372.8571428571427,1052,4352,25.023583316802977,0.0171875,-0.9039813339710235,-0.013661273894831539,0.9924874901771545,10.03817367553711,14160,0.3,0.009965136,0.0003
4,200.0,18,3327.8260869565215,1054,4608,20.22727917432785,0.021875,-1.1017899066209793,-0.01639849089551717,0.9925380945205688,1.5302379131317139,14170,0.3,0.015160671,0.0003
4,200.0,19,3394.5833333333335,1052,4864,69.75518636703491,0.008984375,-1.413601779937744,-0.0072815259802155195,0.953156590461731,17.14812660217285,14180,0.3,0.008033693,0.0003
4,200.0,20,3454.4,1051,5120,12.551726806163789,0.017578125,-0.8575539618730545,-0.009487038664519786,0.9918770790100098,3.0167462825775146,14190,0.3,0.01928768,0.0003
5,200.0,21,3369.230769230769,1053,5376,39.87050676345825,0.00703125,-1.077778148651123,-0.002398305106908083,0.9833256602287292,7.405422210693359,14200,0.3,0.006802588,0.0003
5,200.0,22,3417.8571428571427,1052,5632,78.92328472137451,0.02265625,-1.1052713811397552,0.0007336440030485392,0.9632768630981445,33.74220275878906,14210,0.3,0.010877138,0.0003
5,200.0,23,3470.0,1051,5888,32.02492299079895,0.01484375,-0.8861474692821503,-0.009791322378441691,0.9903079867362976,13.337176322937012,14220,0.3,0.009616539,0.0003
5,200.0,24,3517.3333333333335,1050,6144,15.334555077552796,0.025,-0.8552022486925125,-0.009682298125699162,0.995628297328949,3.9015555381774902,14230,0.3,0.013667352,0.0003
6,200.0,25,3545.3125,1050,6400,2.1050120651721955,0.108203125,-1.0151059031486511,-0.026436017511878164,0.9989981651306152,0.6221312880516052,14240,0.3,0.038771108,0.0003
6,200.0,26,3506.060606060606,1052,6656,184.77706289291382,0.027734375,-0.883554744720459,-0.008606251375749708,0.9468486309051514,82.00562286376953,14250,0.3,0.012390899,0.0003
6,200.0,27,3546.764705882353,1051,6912,66.45907726287842,0.00078125,-1.1032933354377747,-0.0016470593633130192,0.9657779335975647,15.486611366271973,14260,0.3,0.00059986324,0.0003
6,200.0,28,3579.1428571428573,1053,7168,12.032171940803527,0.00390625,-0.9069712638854981,-0.00884082680568099,0.9940411448478699,2.161630630493164,14270,0.3,0.0055065304,0.0003
7,200.0,29,3632.162162162162,1049,7424,128.76274127960204,0.019140625,-0.863784846663475,0.001030435087159276,0.9599127769470215,86.14825439453125,14280,0.3,0.0053157634,0.0003
7,200.0,30,3526.0526315789475,1049,7680,78.80606136322021,0.001953125,-1.100271862745285,-0.005052370030898601,0.9688538312911987,19.340099334716797,14290,0.3,0.0031008543,0.0003
7,200.0,31,3561.7948717948716,1050,7936,0.9521476492285729,0.090625,-1.3537755906581879,-0.031283602118492126,0.999275803565979,0.1083422303199768,14300,0.3,0.038940094,0.0003
7,200.0,32,3595.0,1047,8192,28.321674287319183,0.079296875,-0.8227538645267487,-0.016943619539961218,0.9914069175720215,14.470016479492188,14310,0.3,0.026849173,0.0003
8,200.0,33,3645.9523809523807,1045,8448,15.803997826576232,0.002734375,-0.858574315905571,-0.002706778375431895,0.992893636226654,2.753872871398926,14320,0.3,0.0030414723,0.0003
8,200.0,34,3674.8837209302324,1046,8704,45.651102256774905,0.012109375,-0.8725419193506241,-0.00725719933398068,0.9871233105659485,27.019306182861328,14330,0.3,0.0046196226,0.0003
8,200.0,35,3675.4545454545455,1045,8960,5.459775865077972,0.01640625,-0.9931820392608642,-0.012804364576004446,0.997405469417572,1.402849793434143,14340,0.3,0.0125295045,0.0003
8,200.0,36,3713.478260869565,1046,9216,5.100386446714401,0.065625,-0.8426338076591492,-0.01107439787592739,0.9984886646270752,1.6202828884124756,14350,0.3,0.01597846,0.0003
9,200.0,37,3738.723404255319,1045,9472,88.99716863632202,0.005078125,-0.8599975258111954,0.0038364788983017207,0.9654722213745117,29.62012481689453,14360,0.3,0.0034661002,0.0003
9,200.0,38,3651.4583333333335,1045,9728,28.25433483123779,0.037890625,-1.0877856373786927,-0.014392010215669871,0.9908332824707031,8.091070175170898,14370,0.3,0.023070801,0.0003
9,200.0,39,3652.2448979591836,1045,9984,1.5213422775268555,0.11640625,-1.2572753250598907,-0.028279996057972313,0.9993261098861694,0.21388393640518188,14380,0.3,0.031166945,0.0003
9,200.0,40,3692.156862745098,1046,10240,8.353269183635712,0.06328125,-0.9505228966474533,-0.017971531220246105,0.997254490852356,2.755859136581421,14390,0.3,0.023540238,0.0003
0,200.0,1,4818.0,1349,256,25.381463050842285,0.01484375,-0.9562930941581727,-0.011377200996503235,0.9928343296051025,13.947367668151855,14400,0.3,0.008561106,0.0003
0,200.0,2,4582.0,1226,512,2.9355865955352782,0.060546875,-1.0480035901069642,-0.015536438161507248,0.9988783597946167,0.6054167151451111,14010,0.3,0.021792114,0.0003
0,200.0,3,4420.666666666667,1149,768,28.292588806152345,0.07890625,-1.0168146073818207,-0.002067878586240113,0.9893563389778137,9.023662567138672,14020,0.3,0.039820045,0.0003
0,200.0,4,3792.4,1119,1024,68.3797381401062,0.0296875,-0.9991482496261597,-0.013506284914910793,0.972578763961792,30.200031280517578,14030,0.3,0.024837507,0.0003
1,200.0,5,3922.1666666666665,1074,1280,103.45965485572815,0.035546875,-1.048566496372223,-0.009642833739053457,0.96830815076828,82.28101348876953,14040,0.3,0.013141633,0.0003
1,200.0,6,4082.5714285714284,1072,1536,10.336463785171508,0.086328125,-1.0650599598884583,-0.0289728369563818,0.9967917799949646,3.364412546157837,14050,0.3,0.04606372,0.0003
1,200.0,7,4051.875,1071,1792,2.043275699019432,0.07421875,-1.1192945539951324,-0.029151213401928545,0.9992929697036743,1.0648428201675415,14060,0.3,0.031944893,0.0003
1,200.0,8,4032.6,1076,2048,11.62628345489502,0.108203125,-1.1828558444976807,-0.0372837430331856,0.9952142238616943,3.6571314334869385,14070,0.3,0.041981652,0.0003
2,200.0,9,4016.181818181818,1064,2304,6.682320833206177,0.095703125,-1.0985803723335266,-0.024591764342039822,0.9971751570701599,2.79683256149292,14080,0.3,0.053186897,0.0003
2,200.0,10,4077.0833333333335,1065,2560,13.367605066299438,0.08203125,-1.0940275311470031,-0.018761518923565746,0.9962324500083923,2.2887871265411377,14090,0.3,0.054580487,0.0003
2,200.0,11,4202.214285714285,1054,2816,15.827261686325073,0.0625,-0.9363882809877395,-0.024725576909258962,0.9949772953987122,3.485639810562134,14100,0.3,0.019199297,0.0003
2,200.0,12,4240.866666666667,1047,3072,44.10893077850342,0.03515625,-0.9559300065040588,-0.010120288468897343,0.9886541962623596,10.548898696899414,14110,0.3,0.0209902,0.0003
3,200.0,13,4278.0,1049,3328,21.74766798019409,0.16484375,-0.8806012302637101,-0.03598070489242673,0.9941261410713196,11.432129859924316,14120,0.3,0.113438845,0.0003
3,200.0,14,4294.941176470588,1049,3584,112.12740879058838,0.00234375,-0.8897194236516952,-0.005634276289492845,0.9696674346923828,25.4197998046875,14130,0.3,0.0038504933,0.0003
3,200.0,15,4375.8421052631575,1048,3840,35.24191212654114,0.00234375,-0.8053455799818039,-0.002506542205810547,0.9905977845191956,10.869194030761719,14140,0.3,0.003352412,0.0003
3,200.0,16,4409.7,1046,4096,12.59345030784607,0.0140625,-0.8296168804168701,-0.01354700275696814,0.995468020439148,5.267733573913574,14150,0.3,0.008757747,0.0003
4,200.0,17,4427.476190476191,1045,4352,18.271391987800598,0.053125,-0.7825346320867539,-0.02204930759035051,0.9949108362197876,11.36521053314209,14160,0.3,0.031349942,0.0003
4,200.0,18,4482.826086956522,1046,4608,99.03214536905288,0.0265625,-0.8960100710391998,-0.003193434840068221,0.9742258191108704,26.878042221069336,14170,0.3,0.009434167,0.0003
4,200.0,19,4487.5,1045,4864,15.187288975715637,0.045703125,-0.9354773938655854,-0.013089568167924882,0.995619535446167,1.5148297548294067,14180,0.3,0.017115343,0.0003
4,200.0,20,4292.24,1047,5120,137.1785984992981,0.00625,-1.0490387827157974,-0.006978844362311065,0.9645238518714905,43.674869537353516,14190,0.3,0.005986926,0.0003
5,200.0,21,4313.115384615385,1046,5376,46.83337516784668,0.01953125,-1.1525024473667145,-0.00784650482237339,0.9821445345878601,15.864514350891113,14200,0.3,0.01839021,0.0003
5,200.0,22,4290.392857142857,1047,5632,173.61343746185304,0.008203125,-1.098314529657364,0.007938419841229916,0.9489650130271912,11.712747573852539,14210,0.3,0.005239236,0.0003
5,200.0,23,4308.862068965517,1047,5888,214.60590896606445,0.0,-1.083966076374054,-0.002742877998389304,0.9353248476982117,70.9813003540039,14220,0.3,0.0020795448,0.0003
5,200.0,24,4325.166666666667,1049,6144,33.417095637321474,0.071875,-0.9988977909088135,-0.021427921741269527,0.9910258650779724,21.650075912475586,14230,0.3,0.025972145,0.0003
6,200.0,25,4342.28125,1047,6400,4.785217279195786,0.05390625,-1.029009398818016,-0.01778911449946463,0.9984985589981079,0.8849882483482361,14240,0.3,0.031577647,0.0003
6,200.0,26,4357.212121212121,1048,6656,44.92653017044067,0.01171875,-1.0076151937246323,-0.007189216127153486,0.9814983606338501,10.730528831481934,14250,0.3,0.0099170245,0.0003
6,200.0,27,4349.35294117647,1051,6912,246.43650798797609,0.0,-0.9642397671937942,-6.0941194533370435e-05,0.9229352474212646,170.04324340820312,14260,0.3,0.0015043651,0.0003
6,200.0,28,4354.114285714286,1050,7168,23.35897731781006,0.01171875,-0.9299384236335755,-0.010053407121449708,0.9932014346122742,13.067745208740234,14270,0.3,0.008531114,0.0003
7,200.0,29,4380.027027027027,1051,7424,6.9146688580513,0.0234375,-0.9387853085994721,-0.011336094327270984,0.9977960586547852,4.480428695678711,14280,0.3,0.019651417,0.0003
7,200.0,30,4397.526315789473,1051,7680,181.06541814804078,0.037890625,-1.077768748998642,-0.0014510865556076169,0.9538173675537109,15.090120315551758,14290,0.3,0.025320724,0.0003
7,200.0,31,4408.820512820513,1052,7936,6.9507648229599,0.071875,-1.0637942135334015,-0.025151679245755076,0.9982419013977051,2.841728925704956,14300,0.3,0.05843994,0.0003
7,200.0,32,4419.525,1051,8192,7.735805463790894,0.163671875,-0.9919167935848237,-0.043163605779409406,0.9974071979522705,4.581326484680176,14310,0.3,0.058563385,0.0003
8,200.0,33,4437.238095238095,1050,8448,30.52997875213623,0.034765625,-0.9677497297525406,-0.02068570253904909,0.9916893243789673,12.622543334960938,14320,0.3,0.018966839,0.0003
8,200.0,34,4452.046511627907,1047,8704,14.152300715446472,0.053515625,-0.9224409312009811,-0.011500355880707502,0.9958133697509766,1.24493408203125,14330,0.3,0.017537206,0.0003
8,200.0,35,4460.704545454545,1048,8960,4.999406707286835,0.065625,-0.8807160943746567,-0.02085588506888598,0.9984081983566284,1.0720807313919067,14340,0.3,0.037642173,0.0003
8,200.0,36,4373.54347826087,1050,9216,115.44818756580352,0.0265625,-0.7734973788261413,-0.008397763036191464,0.9701186418533325,33.608924865722656,14350,0.3,0.01308969,0.0003
9,200.0,37,4388.191489361702,1049,9472,186.62635707855225,0.0125,-1.3734543740749359,-0.005752629507333041,0.910271167755127,52.06854248046875,14360,0.3,0.00903673,0.0003
9,200.0,38,4387.479166666667,1047,9728,97.94159078598022,0.003515625,-0.8362421125173569,-0.008601502981036901,0.9731776714324951,23.688322067260742,14370,0.3,0.0062865415,0.0003
9,200.0,39,4401.040816326531,1046,9984,8.676938545703887,0.009765625,-0.8252813726663589,-0.004045826871879399,0.9976155757904053,1.182923674583435,14380,0.3,0.0018454995,0.0003
9,200.0,40,4426.254901960784,1045,10240,6.3808288216590885,0.06484375,-0.7651493608951568,-0.01603517741896212,0.9978773593902588,1.1173574924468994,14390,0.3,0.03624828,0.0003
0,200.0,1,5090.0,1272,256,57.43233318328858,0.034765625,-0.7813578993082047,-0.008802870428189636,0.9828189611434937,20.811105728149414,14400,0.3,0.012133069,0.0003
0,200.0,2,2415.0,1131,512,124.78813457489014,0.004296875,-0.8782958745956421,-0.0037543971091508867,0.953430712223053,25.77838706970215,14410,0.3,0.0022244547,0.0003
0,200.0,3,3250.0,1091,768,13.009961193799972,0.026953125,-1.355249971151352,-0.020331534650176765,0.9943222999572754,2.5426528453826904,14420,0.3,0.016960654,0.0003
0,200.0,4,3920.0,1075,1024,105.59448218345642,0.00859375,-0.6658510386943817,-0.007630159996915608,0.9719366431236267,95.94656372070312,14430,0.3,0.0041730786,0.0003
1,200.0,5,4128.333333333333,1068,1280,124.99358539581299,0.003515625,-0.7112658679485321,-0.0016730135073885321,0.9672361016273499,31.422311782836914,14440,0.3,0.0027723277,0.0003
1,200.0,6,4137.142857142857,1060,1536,92.53496062755585,0.005859375,-0.6876881390810012,-0.003874265484046191,0.9734904170036316,80.25071716308594,14450,0.3,0.004950016,0.0003
1,200.0,7,4261.25,1063,1792,13.252654910087585,0.01015625,-0.6988380372524261,-0.009273024974390864,0.9950144290924072,2.4119577407836914,14460,0.3,0.015430136,0.0003
1,200.0,8,3978.0,1055,2048,382.6811981201172,0.049609375,-0.4414104238152504,-0.01225434266962111,0.7657416462898254,109.57869720458984,14470,0.3,0.016905813,0.0003
2,200.0,9,3970.0,1061,2304,3.3500313967466355,0.013671875,-0.7686737477779388,-0.008702918002381922,0.9978270530700684,0.5458800792694092,14480,0.3,0.006760247,0.0003
2,200.0,10,4068.3333333333335,1051,2560,33.773900747299194,0.0046875,-0.690608462691307,-0.0012547177262604236,0.989402174949646,13.73990535736084,14490,0.3,0.003337372,0.0003
2,200.0,11,3990.714285714286,1051,2816,7.228586995601654,0.016796875,-0.763100603222847,-0.01032097035786137,0.9962860941886902,1.4594831466674805,14500,0.3,0.013618555,0.0003
2,200.0,12,4053.3333333333335,1052,3072,137.95077667236328,0.079296875,-0.9853803157806397,-0.008164712972939015,0.9563354253768921,92.17578125,14510,0.3,0.04147346,0.0003
3,200.0,13,3940.0,1051,3328,50.85953960418701,0.00390625,-0.8650147289037704,-0.004734731279313564,0.9843249917030334,13.265120506286621,14520,0.3,0.009190448,0.0003
3,200.0,14,4010.0,1053,3584,528.7249370574951,0.0,-0.885227644443512,0.0013731184066273273,0.7556845545768738,63.973060607910156,14530,0.3,0.0004351663,0.0003
3,200.0,15,4076.842105263158,1049,3840,7.493737995624542,0.021484375,-0.7982847422361374,-0.010715453466400505,0.9965850710868835,2.196063995361328,14540,0.3,0.006965012,0.0003
3,200.0,16,4081.5,1053,4096,120.13023934364318,0.01875,-0.9735697358846664,-0.005980112636461854,0.9662642478942871,83.29051971435547,14550,0.3,0.0074255345,0.0003
4,200.0,17,4132.857142857143,1051,4352,4.954094994068146,0.057421875,-0.9719245165586472,-0.028516019694507122,0.9983267188072205,2.217285394668579,14560,0.3,0.022923172,0.0003
4,200.0,18,4116.521739130435,1051,4608,34.77038307189942,0.059375,-0.8794208079576492,-0.011135338293388485,0.9909208416938782,21.792190551757812,14570,0.3,0.024571473,0.0003
4,200.0,19,4117.916666666667,1051,4864,105.34389753341675,0.03125,-1.2764889359474183,-0.006016544625163078,0.9612805247306824,26.965099334716797,14580,0.3,0.007226183,0.0003
4,200.0,20,4157.6,1054,5120,211.34656410217286,0.001171875,-1.077671468257904,-0.003934097522869706,0.9254760146141052,76.6289291381836,14590,0.3,0.0017672917,0.0003
5,200.0,21,4080.3846153846152,1054,5376,73.92535610198975,0.004296875,-1.028307420015335,-0.006159129342995584,0.974349319934845,22.410011291503906,14600,0.3,0.0029250036,0.0003
5,200.0,22,4033.5714285714284,1053,5632,7.527452504634857,0.02421875,-1.2078809440135956,-0.015842411969788372,0.9956366419792175,0.9824673533439636,14610,0.3,0.015691567,0.0003
5,200.0,23,4072.7586206896553,1051,5888,273.75431594848635,0.04453125,-1.3311509490013123,0.003633538179565221,0.9045196175575256,58.3946647644043,14620,0.3,0.01347907,0.0003
5,200.0,24,3984.0,1050,6144,128.66307773590088,0.023046875,-1.2401248395442963,-0.014381966239307075,0.9644067883491516,40.558406829833984,14630,0.3,0.018106984,0.0003
6,200.0,25,4025.625,1049,6400,111.929372215271,0.0109375,-1.0054479092359543,-0.0028575933538377285,0.9603044986724854,69.00635528564453,14640,0.3,0.0071566286,0.0003
6,200.0,26,4031.212121212121,1049,6656,10.631096053123475,0.040234375,-0.9694623708724975,-0.021370368893258274,0.9967649579048157,2.549252510070801,14650,0.3,0.01613096,0.0003
6,200.0,27,4063.235294117647,1048,6912,109.5284206867218,0.0265625,-1.0800373196601867,-0.009481793257873506,0.9678494930267334,73.1025619506836,14660,0.3,0.01416436,0.0003
6,200.0,28,4079.1428571428573,1046,7168,39.774294757843016,0.004296875,-0.8889699965715409,-0.00784734629560262,0.9866554737091064,15.713129043579102,14670,0.3,0.0047372538,0.0003
7,200.0,29,4116.486486486487,1046,7424,207.13184623718263,0.0078125,-1.0342195868492126,-0.0035713940626010297,0.9302674531936646,33.2139892578125,14680,0.3,0.0077098776,0.0003
7,200.0,30,4143.9473684210525,1046,7680,9.836626005172729,0.064453125,-0.8502894967794419,-0.03237088923342526,0.9970617890357971,2.753023147583008,14690,0.3,0.041956168,0.0003
7,200.0,31,4170.25641025641,1045,7936,5.91508986055851,0.074609375,-0.8553371161222458,-0.004157043830491603,0.998282790184021,2.5457677841186523,14700,0.3,0.08743511,0.0003
7,200.0,32,4188.75,1046,8192,13.043641495704652,0.079296875,-1.0373093038797379,-0.009670278546400369,0.9961089491844177,7.7068352699279785,14710,0.3,0.055552416,0.0003
8,200.0,33,4204.523809523809,1045,8448,27.12954158782959,0.11484375,-0.9201410830020904,-0.03047255128622055,0.9923903942108154,12.149678230285645,14720,0.3,0.14076892,0.0003
8,200.0,34,4198.372093023256,1043,8704,36.51887245178223,0.00859375,-0.9798674374818802,3.0697602778673175e-05,0.9866775870323181,8.018044471740723,14730,0.3,0.0021107595,0.0003
8,200.0,35,4220.227272727273,1042,8960,7.423092472553253,0.0515625,-1.0308836668729782,-0.015814392850734292,0.9973720908164978,0.9393260478973389,14740,0.3,0.029574392,0.0003
8,200.0,36,4254.782608695652,1042,9216,10.04719681739807,0.102734375,-0.869970491528511,-0.01614545821212232,0.9971234202384949,5.044064998626709,14750,0.3,0.0469462,0.0003
9,200.0,37,4274.255319148936,1042,9472,29.258842992782593,0.000390625,-0.8223452061414719,-0.0009706894750706851,0.9908013939857483,7.625813007354736,14760,0.3,0.0010774962,0.0003
9,200.0,38,4282.291666666667,1043,9728,10.56644299030304,0.0109375,-0.8145612895488739,-0.003026472788769752,0.9969349503517151,2.6216228008270264,14770,0.3,0.008694888,0.0003
9,200.0,39,4304.285714285715,1042,9984,4.236863294243813,0.009375,-0.7783789664506913,-0.006365604372695089,0.9988173842430115,0.5831834077835083,14780,0.3,0.0071539124,0.0003
9,200.0,40,4323.529411764706,1042,10240,9.82785705924034,0.062890625,-0.8433302849531173,0.0009072793647646904,0.996094286441803,0.6631889939308167,14790,0.3,0.025470382,0.0003
0,200.0,1,4833.0,1388,256,212.83354606628419,0.00703125,-0.8826048702001572,-0.00044633408542722465,0.940903902053833,124.75911712646484,14800,0.3,0.0031456202,0.0003
0,200.0,2,4454.0,1146,512,19.47168517112732,0.0046875,-0.8142044425010682,-0.006172086438164115,0.9937588572502136,4.3311543464660645,14410,0.3,0.0026745722,0.0003
0,200.0,3,4572.0,1112,768,3.504459685087204,0.06640625,-0.8602624356746673,-0.0211523471865803,0.9988402128219604,0.7981677651405334,14420,0.3,0.031993426,0.0003
0,200.0,4,3617.8,1088,1024,8.314879202842713,0.01796875,-0.8719043791294098,-0.006511626509018242,0.9969522356987,1.2416677474975586,14430,0.3,0.028190237,0.0003
1,200.0,5,3820.6666666666665,1079,1280,22.63917157649994,0.1484375,-1.522997224330902,-0.013142371224239469,0.9830065369606018,8.488356590270996,14440,0.3,0.06009897,0.0003
1,200.0,6,3997.0,1065,1536,103.41169629096984,0.055078125,-0.779244390130043,-0.009696809574961662,0.9722678661346436,75.93020629882812,14450,0.3,0.041345876,0.0003
1,200.0,7,4130.375,1062,1792,4.094337928295135,0.043359375,-0.8227145075798035,-0.015746847726404667,0.9988577961921692,1.380438208580017,14460,0.3,0.016574575,0.0003
1,200.0,8,4294.3,1063,2048,7.003688657283783,0.05703125,-0.8690447330474853,-0.01852352973073721,0.9977042078971863,3.4842042922973633,14470,0.3,0.032231204,0.0003
2,200.0,9,4336.454545454545,1060,2304,42.70725765228271,0.09609375,-0.8353870570659637,-0.013003448746167124,0.9888778328895569,19.797468185424805,14480,0.3,0.032090575,0.0003
2,200.0,10,4358.583333333333,1059,2560,38.288797283172606,0.026171875,-0.9248893827199935,-0.01603358469437808,0.9881437420845032,19.835540771484375,14490,0.3,0.016398214,0.0003
2,200.0,11,4439.785714285715,1058,2816,21.20096743106842,0.033984375,-0.8579333871603012,-0.013001862028613687,0.9917675256729126,5.670745372772217,14500,0.3,0.014486924,0.0003
2,200.0,12,4338.466666666666,1058,3072,3.8512389719486237,0.07421875,-0.8798625558614731,-0.021624418604187668,0.9983752965927124,1.0019731521606445,14510,0.3,0.040180787,0.0003
3,200.0,13,4338.3125,1059,3328,42.22135136127472,0.055078125,-0.9647499829530716,0.0008409516885876656,0.9820614457130432,2.9152932167053223,14520,0.3,0.014034571,0.0003
3,200.0,14,4367.64705882353,1057,3584,5.021896231174469,0.047265625,-1.0353324294090271,-0.01645694486796856,0.9978761672973633,1.5714689493179321,14530,0.3,0.018927699,0.0003
3,200.0,15,4190.684210526316,1056,3840,16.64042419195175,0.13203125,-0.9816754162311554,-0.014366187737323344,0.9956302046775818,12.751140594482422,14540,0.3,0.042382725,0.0003
3,200.0,16,4229.8,1058,4096,83.95089111328124,0.00625,-0.4443164378404617,0.004688531463034451,0.9566325545310974,6.5791239738464355,14550,0.3,0.0030999496,0.0003
4,200.0,17,4256.9047619047615,1060,4352,16.030558049678802,0.014453125,-0.9702995091676712,-0.010189331928268075,0.995220422744751,1.1078426837921143,14560,0.3,0.012696277,0.0003
4,200.0,18,4284.217391304348,1055,4608,1.35417582988739,0.101171875,-1.024648544192314,-0.02530232281424105,0.9995533227920532,0.40545979142189026,14570,0.3,0.029412448,0.0003
4,200.0,19,4317.125,1052,4864,2.395316630601883,0.105078125,-0.9764716625213623,-0.028192489757202566,0.9992032647132874,1.0306951999664307,14580,0.3,0.047336787,0.0003
4,200.0,20,4336.64,1054,5120,13.611419188976289,0.0484375,-0.9053535044193268,-0.02862182669341564,0.9956356287002563,10.56708812713623,14590,0.3,0.035780087,0.0003
5,200.0,21,4355.923076923077,1054,5376,1.6458993405103683,0.087890625,-0.9549370169639587,-0.030466018803417684,0.9994801878929138,0.9977182149887085,14600,0.3,0.055099353,0.0003
5,200.0,22,4236.714285714285,1053,5632,86.98062705993652,0.055078125,-0.9192490816116333,-0.011722293775528669,0.9650808572769165,17.76444435119629,14610,0.3,0.034103483,0.0003
5,200.0,23,4223.379310344828,1049,5888,16.189164400100708,0.0328125,-0.8830908924341202,-0.02447345880791545,0.9940246939659119,3.147446632385254,14620,0.3,0.035316393,0.0003
5,200.0,24,4242.433333333333,1049,6144,34.64715733528137,0.047265625,-0.887468546628952,-0.009142214758321643,0.9897480607032776,19.299287796020508,14630,0.3,0.019230401,0.0003
6,200.0,25,4293.125,1049,6400,28.869011688232423,0.01171875,-0.8014728963375092,-0.015466858388390393,0.9895731210708618,14.062533378601074,14640,0.3,0.0046836943,0.0003
6,200.0,26,4316.484848484848,1048,6656,5.48883216381073,0.073046875,-0.7478858798742294,-0.020349569665268064,0.9983699321746826,1.1271333694458008,14650,0.3,0.01584327,0.0003
6,200.0,27,4337.911764705882,1051,6912,6.752529275417328,0.140625,-0.7152598381042481,-0.02459513717330992,0.9981349110603333,1.5328682661056519,14660,0.3,0.040951632,0.0003
6,200.0,28,4352.114285714286,1050,7168,2.907492625713348,0.065625,-0.7586697995662689,-0.012053703970741481,0.9988569021224976,1.0158252716064453,14670,0.3,0.0200818,0.0003
7,200.0,29,4363.378378378378,1050,7424,52.8669237613678,0.02421875,-0.8068306237459183,-0.0031435319455340506,0.9823489785194397,22.944000244140625,14680,0.3,0.0076610465,0.0003
7,200.0,30,4382.078947368421,1051,7680,101.1337517261505,0.0203125,-0.7883388847112656,-0.008332380023784936,0.9731278419494629,31.161666870117188,14690,0.3,0.0139344,0.0003
7,200.0,31,4399.820512820513,1049,7936,5.859467095136642,0.02265625,-0.8202112287282943,-0.007371493661776185,0.9983971118927002,2.5545809268951416,14700,0.3,0.009812098,0.0003
7,200.0,32,4410.275,1050,8192,10.471081390976906,0.078125,-0.789192196726799,-0.00936745700892061,0.997157633304596,7.404067516326904,14710,0.3,0.0318859,0.0003
8,200.0,33,4310.928571428572,1048,8448,4.170427256822586,0.053515625,-0.8463817983865738,-0.017666869796812534,0.9975622892379761,2.163787364959717,14720,0.3,0.020127192,0.0003
8,200.0,34,4317.697674418605,1049,8704,3.465614289045334,0.06796875,-0.8083479166030884,-0.025772211980074643,0.9991338849067688,1.2547107934951782,14730,0.3,0.052663542,0.0003
8,200.0,35,4329.068181818182,1051,8960,12.987694478034973,0.041015625,-0.8022801399230957,-0.004872588883154094,0.9958624839782715,8.54827880859375,14740,0.3,0.011308929,0.0003
8,200.0,36,4343.217391304348,1049,9216,44.892748785018924,0.040234375,-0.7981313318014145,-0.011503554461523891,0.987004280090332,21.94734001159668,14750,0.3,0.01502649,0.0003
9,200.0,37,4242.0,1051,9472,8.97215576171875,0.071875,-0.7552283078432083,-0.02499263468198478,0.9971752166748047,1.457977533340454,14760,0.3,0.04931099,0.0003
9,200.0,38,4258.729166666667,1050,9728,17.628777348995207,0.034375,-0.5211892127990723,-0.02037477612029761,0.9887713193893433,11.696101188659668,14770,0.3,0.02229204,0.0003
9,200.0,39,4259.489795918367,1049,9984,17.282980394363403,0.076953125,-0.7829219728708268,-0.029212435916997494,0.9949229955673218,4.896276473999023,14780,0.3,0.055244505,0.0003
9,200.0,40,4286.568627450981,1049,10240,4.025231805443764,0.053515625,-0.6918469369411469,-0.0114011648343876,0.9988600015640259,3.1877670288085938,14790,0.3,0.01604094,0.0003
0,200.0,1,90.0,1379,256,43.24497131109238,0.033984375,-0.7422001600265503,-1.9287969917058944e-05,0.9884340763092041,11.529465675354004,14800,0.3,0.012518153,0.0003
0,200.0,2,2390.0,1176,512,116.10741930007934,0.0,-1.2512632429599762,-0.00038616983219981195,0.9192222952842712,9.40396785736084,14810,0.3,7.82297e-05,0.0003
0,200.0,3,3236.6666666666665,1132,768,93.2624211549759,0.0,-0.8925085216760635,-0.002243147976696491,0.9592514038085938,7.886987686157227,14820,0.3,0.00033636694,0.0003
0,200.0,4,2954.0,1097,1024,38.89635996818542,0.01875,-0.7894715249538422,-0.004398298636078835,0.9893348813056946,6.671058654785156,14830,0.3,0.008221351,0.0003
1,200.0,5,3320.0,1080,1280,121.30570640563965,0.01015625,-1.2159315645694733,-0.008304220624268055,0.9230955839157104,9.848712921142578,14840,0.3,0.010867548,0.0003
1,200.0,6,3584.285714285714,1067,1536,6.333063018321991,0.02421875,-0.8097325056791306,-0.00891608358360827,0.997824490070343,2.4931252002716064,14850,0.3,0.02039591,0.0003
1,200.0,7,3778.75,1062,1792,10.587058162689209,0.065234375,-0.817416512966156,-0.005600620759651065,0.997238278388977,9.640355110168457,14860,0.3,0.028161988,0.0003
1,200.0,8,3699.0,1053,2048,155.52927589416504,0.04375,-1.2143267691135406,-0.0035132952965795995,0.9469205141067505,93.55619049072266,14870,0.3,0.020538963,0.0003
2,200.0,9,3572.7272727272725,1052,2304,294.3036624908447,0.0,-1.0044181138277053,-0.0004450627835467458,0.8566069006919861,39.928436279296875,14880,0.3,0.0003402084,0.0003
2,200.0,10,3465.8333333333335,1053,2560,364.04684219360354,0.0,-0.8893874257802963,-0.0008473701425828039,0.8367461562156677,50.93594741821289,14890,0.3,0.00012953836,0.0003
2,200.0,11,3707.1428571428573,1046,2816,134.24445419311525,0.080078125,-1.0284336477518081,-0.010280061373487115,0.9474616050720215,43.527748107910156,14900,0.3,0.027290171,0.0003
2,200.0,12,3788.0,1046,3072,9.590310370922088,0.036328125,-0.9384375870227813,-0.011510506086051465,0.9973621368408203,5.832171440124512,14910,0.3,0.01215931,0.0003
3,200.0,13,3858.125,1044,3328,16.67158031463623,0.0421875,-0.9111415475606919,-0.01103019379079342,0.9944767355918884,8.893927574157715,14920,0.3,0.017167592,0.0003
3,200.0,14,3736.470588235294,1043,3584,6.982698130607605,0.048828125,-1.0092880696058273,-0.023504624096676707,0.9978469610214233,4.373884201049805,14930,0.3,0.02098729,0.0003
3,200.0,15,3743.684210526316,1040,3840,729.789518737793,0.0,-1.0054245799779893,-0.00063180205761455,0.6726702451705933,92.11500549316406,14940,0.3,0.0058884737,0.0003
3,200.0,16,3813.0,1040,4096,231.26560697555541,0.0,-0.9398781359195709,0.0007189394207671284,0.933562159538269,13.010554313659668,14950,0.3,9.477325e-05,0.0003
4,200.0,17,3816.190476190476,1041,4352,3.7881523728370667,0.056640625,-0.9461420953273774,-0.03028282322920859,0.9985942840576172,1.6953160762786865,14960,0.3,0.03569465,0.0003
4,200.0,18,3846.521739130435,1040,4608,44.79366970062256,0.062109375,-0.9552414208650589,-0.022016875934787093,0.9870161414146423,16.460880279541016,14970,0.3,0.02931929,0.0003
4,200.0,19,3899.5833333333335,1039,4864,160.74838905334474,0.01484375,-0.7713827520608902,-0.006301028002053499,0.9513792991638184,108.27249145507812,14980,0.3,0.007826185,0.0003
4,200.0,20,3940.8,1038,5120,24.719060409069062,0.01015625,-0.8159005343914032,-0.012995496997609735,0.9935663938522339,1.5918855667114258,14990,0.3,0.010803885,0.0003
5,200.0,21,3987.6923076923076,1038,5376,34.67515807151794,0.05703125,-0.8185549706220627,-0.01191727196564898,0.990323007106781,1.5580803155899048,15000,0.3,0.034201458,0.0003
5,200.0,22,4078.214285714286,1039,5632,10.11863771378994,0.080078125,-0.8131674885749817,-0.008090917300432921,0.9973223805427551,2.981004238128662,15010,0.3,0.022744115,0.0003
5,200.0,23,4106.896551724138,1038,5888,17.841987705230714,0.032421875,-0.8579989284276962,-0.0046415673568844795,0.9938021898269653,5.861863136291504,15020,0.3,0.014373957,0.0003
5,200.0,24,4142.333333333333,1036,6144,4.825347536802292,0.091015625,-0.8339001148939132,-0.022610605449881405,0.9984781742095947,2.6999661922454834,15030,0.3,0.13195628,0.0003
6,200.0,25,4206.25,1033,6400,10.125796049833298,0.011328125,-0.768920311331749,-0.0018191406270489097,0.9974464774131775,6.73954963684082,15040,0.3,0.0073251682,0.0003
6,200.0,26,4235.454545454545,1032,6656,114.8546760559082,0.006640625,-0.753925496339798,-0.008258050377480685,0.9706322550773621,93.73202514648438,15050,0.3,0.0059392946,0.0003
6,200.0,27,4262.941176470588,1031,6912,37.32030906677246,0.007421875,-0.7332804262638092,-0.0049526606453582644,0.9898941516876221,26.682069778442383,15060,0.3,0.0027255493,0.0003
6,200.0,28,4288.285714285715,1029,7168,29.45139011144638,0.03828125,-0.753254023194313,-0.010186463675927371,0.9924383163452148,6.87922477722168,15070,0.3,0.01785398,0.0003
7,200.0,29,4340.810810810811,1028,7424,1.9089321196079254,0.034765625,-0.7518474757671356,-0.018749957717955113,0.9993069171905518,0.9245108962059021,15080,0.3,0.012045702,0.0003
7,200.0,30,4328.1578947368425,1028,7680,3.302414447069168,0.045703125,-0.7709390312433243,-0.010019800672307611,0.9990451335906982,1.2749468088150024,15090,0.3,0.019756563,0.0003
7,200.0,31,4349.48717948718,1029,7936,14.768484544754028,0.0671875,-0.7701523631811142,-0.028720253705978395,0.9946718215942383,2.9361884593963623,15100,0.3,0.027176995,0.0003
7,200.0,32,4370.0,1029,8192,12.877484738826752,0.003515625,-0.6785868853330612,-0.0060692748986184595,0.9964658617973328,1.8478964567184448,15110,0.3,0.0034413964,0.0003
8,200.0,33,4406.666666666667,1028,8448,62.04695978164673,0.0015625,-0.7259916484355926,-0.00938561512157321,0.9829941391944885,21.451326370239258,15120,0.3,0.0047336356,0.0003
8,200.0,34,4429.069767441861,1026,8704,109.2789659500122,0.03984375,-0.6959759920835495,-0.01500413278117776,0.9726811647415161,91.98658752441406,15130,0.3,0.013636821,0.0003
8,200.0,35,4445.909090909091,1026,8960,3.2931896314024924,0.004296875,-0.7082599729299546,-0.006261168140918016,0.9983040690422058,0.5850870013237,15140,0.3,0.0052160528,0.0003
8,200.0,36,4485.869565217391,1026,9216,5.37792010307312,0.01640625,-0.653022113442421,-0.004279942298308015,0.998523473739624,3.794139862060547,15150,0.3,0.005555316,0.0003
9,200.0,37,4504.468085106383,1027,9472,2.5041170358657836,0.093359375,-0.6800702065229416,-0.022784507647156716,0.9992934465408325,1.8690664768218994,15160,0.3,0.057996504,0.0003
9,200.0,38,4518.125,1027,9728,5.179194048047066,0.115234375,-0.7212233722209931,-0.022952677961438895,0.9985735416412354,2.2454817295074463,15170,0.3,0.10153082,0.0003
9,200.0,39,4535.306122448979,1028,9984,83.78072410821915,0.011328125,-0.6763128936290741,-0.010782353521790355,0.9788882732391357,75.1093521118164,15180,0.3,0.008589098,0.0003
9,200.0,40,4564.117647058823,1027,10240,2.955051359534264,0.01640625,-0.685507082939148,-0.011107251816429197,0.9989728927612305,1.093013048171997,15190,0.3,0.008351657,0.0003
0,200.0,1,3616.0,1398,256,30.569143384695053,0.031640625,-0.7559623628854751,0.0029628726886585357,0.992378294467926,9.302680969238281,15200,0.3,0.037483364,0.0003
0,200.0,2,4443.0,1170,512,59.11268081665039,0.01328125,-0.8071382999420166,-0.0012296780478209257,0.974038302898407,12.039255142211914,14810,0.3,0.0037362506,0.0003
0,200.0,3,4714.666666666667,1122,768,9.523815178871155,0.00078125,-0.7257589817047119,-0.003708286792971194,0.9956511855125427,0.885400652885437,14820,0.3,0.0015820286,0.0003
0,200.0,4,4831.4,1090,1024,23.06669192314148,0.023828125,-0.742796316742897,-0.009012733423151075,0.9939188957214355,16.318185806274414,14830,0.3,0.0059091384,0.0003
1,200.0,5,4870.166666666667,1082,1280,19.466945600509643,0.02265625,-0.7835727035999298,-0.009149365057237447,0.9939515590667725,8.35562801361084,14840,0.3,0.0094530955,0.0003
1,200.0,6,4895.857142857143,1071,1536,453.7519775390625,0.009375,-0.7978575021028519,-0.0030144969816319643,0.860505223274231,222.0279541015625,14850,0.3,0.005635254,0.0003
1,200.0,7,4858.125,1062,1792,5.2231792449951175,0.044921875,-0.762354850769043,-0.01578358868137002,0.998386561870575,1.7463266849517822,14860,0.3,0.021318467,0.0003
1,200.0,8,4873.2,1059,2048,23.893395280838014,0.0109375,-0.8127030462026597,-0.01599021265283227,0.991791844367981,10.152246475219727,14870,0.3,0.0061008623,0.0003
2,200.0,9,4888.727272727273,1049,2304,403.4623687744141,0.0,-0.8294230043888092,0.00035327726509422065,0.8793972730636597,115.55325317382812,14880,0.3,0.0012307519,0.0003
2,200.0,10,4439.0,1050,2560,44.24566731452942,0.00546875,-0.8586625397205353,-0.00786026952555403,0.9798188209533691,19.50356101989746,14890,0.3,0.007597509,0.0003
2,200.0,11,4522.642857142857,1050,2816,28.423937368392945,0.07578125,-0.7228427141904831,-0.01414820565842092,0.9913145303726196,5.636538982391357,14900,0.3,0.03531766,0.0003
2,200.0,12,4555.4,1051,3072,30.30034303665161,0.025,-0.7350842118263244,-0.013955354574136436,0.9915873408317566,8.72249984741211,14910,0.3,0.01365825,0.0003
3,200.0,13,4391.625,1047,3328,30.040953874588013,0.0109375,-0.7026594758033753,-0.004022044723387808,0.9919008612632751,14.864445686340332,14920,0.3,0.010830181,0.0003
3,200.0,14,4396.0,1040,3584,118.63269557952881,0.017578125,-0.8383956611156463,-0.0053947398904711005,0.9685890674591064,79.2790756225586,14930,0.3,0.00913115,0.0003
3,200.0,15,4188.9473684210525,1039,3840,1.9020623028278352,0.04375,-1.0097825914621352,-0.022030785959213973,0.9989928007125854,0.5469681024551392,14940,0.3,0.022286143,0.0003
3,200.0,16,4209.6,1038,4096,2.183807387948036,0.118359375,-0.8304753512144089,-0.02665434670634568,0.9992799758911133,1.063393235206604,14950,0.3,0.049698375,0.0003
4,200.0,17,4228.190476190476,1040,4352,31.139425468444824,0.1140625,-0.876157534122467,-0.017651129350997507,0.9913259148597717,20.453777313232422,14960,0.3,0.032417424,0.0003
4,200.0,18,4268.173913043478,1038,4608,87.4915071964264,0.008203125,-0.8269073456525803,-0.010925801564007997,0.9766074419021606,12.130990982055664,14970,0.3,0.008409117,0.0003
4,200.0,19,4172.583333333333,1036,4864,8.961809611320495,0.03828125,-0.8249061137437821,-0.01710180244408548,0.9966626167297363,2.564101457595825,14980,0.3,0.016228497,0.0003
4,200.0,20,3989.44,1036,5120,93.18085346221923,0.0,-1.2438282310962676,0.001164009771309793,0.9498282670974731,15.878514289855957,14990,0.3,0.0044652727,0.0003
5,200.0,21,4021.3076923076924,1037,5376,6.407146075367928,0.005078125,-0.930949279665947,-0.00909368481952697,0.9965519309043884,0.3566485643386841,15000,0.3,0.0031772894,0.0003
5,200.0,22,3703.1428571428573,1038,5632,2.5949407637119295,0.054296875,-0.9952877908945084,-0.03536295872181654,0.9981012940406799,0.49117863178253174,15010,0.3,0.04497156,0.0003
5,200.0,23,3717.206896551724,1038,5888,17.925951278209688,0.032421875,-1.0144512087106705,-0.0145271273329854,0.06790179014205933,12.255631446838379,15020,0.3,0.021002535,0.0003
5,200.0,24,3762.0333333333333,1039,6144,100.75248374640941,0.052734375,-0.8885523438453674,-0.007248677429743111,0.9741994738578796,7.6832780838012695,15030,0.3,0.023754597,0.0003
6,200.0,25,3672.71875,1040,6400,75.73426978588104,0.001171875,-0.8129327058792114,-0.007244639634154737,0.9718000292778015,53.06953048706055,15040,0.3,0.0036108373,0.0003
6,200.0,26,3656.7272727272725,1040,6656,13.254478305578232,0.0046875,-0.9330861061811447,-0.010509644844569265,0.9940128326416016,0.7626792192459106,15050,0.3,0.0051188637,0.0003
6,200.0,27,3697.794117647059,1039,6912,19.703756237030028,0.046484375,-1.0561235696077347,-0.015762826893478632,0.991360068321228,3.5257575511932373,15060,0.3,0.022661023,0.0003
6,200.0,28,3736.714285714286,1039,7168,3.834088373184204,0.04609375,-0.8068215817213058,-0.018083823332563042,0.9987403750419617,1.3368831872940063,15070,0.3,0.070962116,0.0003
7,200.0,29,3625.6216216216217,1036,7424,91.30500583648681,0.064453125,-0.9535972863435745,-0.013891525659710168,0.9753296971321106,57.05818557739258,15080,0.3,0.028292581,0.0003
7,200.0,30,3523.0,1037,7680,39.86053280830383,0.03046875,-1.1385542154312134,-0.009763171547092497,0.9661905765533447,29.561227798461914,15090,0.3,0.009179906,0.0003
7,200.0,31,3556.6153846153848,1037,7936,72.95492534637451,0.008203125,-0.9815910369157791,-0.009913139522541314,0.9606633186340332,17.625455856323242,15100,0.3,0.0074581318,0.0003
7,200.0,32,3456.65,1038,8192,38.87438044548035,0.03984375,-1.0676492035388947,-0.018640771950595082,0.9864393472671509,28.71910285949707,15110,0.3,0.027202297,0.0003
8,200.0,33,3397.404761904762,1038,8448,9.814911830425263,0.02421875,-1.1195662438869476,-0.016243426688015462,0.9932948350906372,1.4154555797576904,15120,0.3,0.015141551,0.0003
8,200.0,34,3386.5116279069766,1035,8704,2996.9136352539062,0.0640625,-0.7394506871700287,-0.002709600422531366,-0.30984699726104736,683.9507446289062,15130,0.3,0.019581411,0.0003
8,200.0,35,3413.9772727272725,1033,8960,141.10467262268065,0.0,-0.7978063344955444,-0.00024923887103796006,0.9671884179115295,37.6171875,15140,0.3,0.00045179762,0.0003
8,200.0,36,3463.695652173913,1030,9216,106.62744121551513,0.034375,-0.8054520159959793,-0.013702184997964651,0.9718689918518066,7.541971683502197,15150,0.3,0.027832061,0.0003
9,200.0,37,3492.0851063829787,1032,9472,95.71723918914795,0.01015625,-0.8758592754602432,-0.003983874432742595,0.9764378666877747,84.14824676513672,15160,0.3,0.0068191476,0.0003
9,200.0,38,3518.9166666666665,1029,9728,17.717115783691405,0.001171875,-0.8893884688615799,-0.0035905321827158334,0.993705689907074,5.2340874671936035,15170,0.3,0.0017258739,0.0003
9,200.0,39,3439.183673469388,1029,9984,1.6339691042900086,0.106640625,-0.9033991456031799,-0.023356661037541925,0.9994000792503357,0.9870383143424988,15180,0.3,0.057012692,0.0003
9,200.0,40,3503.078431372549,1030,10240,1.2604674860835074,0.12890625,-1.004301545023918,-0.025573152722790836,0.9995116591453552,0.23047401010990143,15190,0.3,0.05021057,0.0003
0,200.0,1,4690.0,1324,256,33.05912135839462,0.089453125,-0.8568978488445282,-0.013607894349843264,0.9915897846221924,20.521711349487305,15200,0.3,0.040576976,0.0003
0,200.0,2,4925.0,1175,512,7.354658639430999,0.0078125,-0.7004494488239288,-0.005135105457156897,0.9973222613334656,4.673277854919434,15210,0.3,0.0056946278,0.0003
0,200.0,3,4580.0,1128,768,15.441704273223877,0.005859375,-0.6879757285118103,-0.007614306197501719,0.99542236328125,3.461721658706665,15220,0.3,0.0036407849,0.0003
0,200.0,4,3988.0,1101,1024,60.77236785888672,0.016796875,-0.6549433141946792,-0.012766896397806704,0.9787802696228027,18.970748901367188,15230,0.3,0.010943413,0.0003
1,200.0,5,4218.333333333333,1088,1280,16.507431435585023,0.035546875,-0.655169689655304,-0.009799296618439257,0.9954934120178223,8.831222534179688,15240,0.3,0.026294671,0.0003
1,200.0,6,4352.857142857143,1080,1536,1.1042817652225494,0.047265625,-0.7468046963214874,-0.018285634857602418,0.9995740056037903,0.2400018274784088,15250,0.3,0.027864626,0.0003
1,200.0,7,4391.25,1071,1792,10.765165901184082,0.030078125,-0.7042720913887024,-0.0019990720320492983,0.9962775707244873,5.335457801818848,15260,0.3,0.009128551,0.0003
1,200.0,8,4542.0,1066,2048,7.159481501579284,0.03125,-0.7351705670356751,-0.013574289716780185,0.9974512457847595,0.874978244304657,15270,0.3,0.020628635,0.0003
2,200.0,9,4593.636363636364,1051,2304,32.08283276557923,0.0140625,-0.7189760208129883,-0.0002541883150115609,0.9917978048324585,4.288030624389648,15280,0.3,0.004203775,0.0003
2,200.0,10,4539.166666666667,1051,2560,16.989497709274293,0.0125,-0.6230553448200226,-0.007051434717141092,0.994847297668457,9.619649887084961,15290,0.3,0.008418037,0.0003
2,200.0,11,4556.428571428572,1051,2816,30.443833267688753,0.00546875,-0.7799155503511429,0.0008420039783231914,0.9829842448234558,3.3776745796203613,15300,0.3,0.0035095091,0.0003
2,200.0,12,4581.333333333333,1049,3072,5.8981902480125425,0.032421875,-0.7632475316524505,-0.01022877162322402,0.9980727434158325,1.4352611303329468,15310,0.3,0.0188502,0.0003
3,200.0,13,4617.5,1049,3328,94.85571765899658,0.0046875,-0.7993266314268113,-0.001916096149943769,0.9642902612686157,46.52838134765625,15320,0.3,0.0048572747,0.0003
3,200.0,14,4649.411764705882,1048,3584,11.041432195901871,0.02578125,-0.7262289524078369,-0.008662789594382048,0.9962142109870911,8.013739585876465,15330,0.3,0.0071728574,0.0003
3,200.0,15,4601.578947368421,1049,3840,11.869095802307129,0.001171875,-0.7062207698822022,-0.0005931590683758258,0.9969045519828796,7.853546142578125,15340,0.3,0.0019621418,0.0003
3,200.0,16,4630.0,1039,4096,90.45646483898163,0.0,-0.6035373568534851,-0.0008088217116892337,0.9745507836341858,78.8040771484375,15350,0.3,0.00040043448,0.0003
4,200.0,17,4642.857142857143,1040,4352,35.29869484901428,0.00546875,-0.7492342829704285,-0.00478913642000407,0.9900778532028198,27.87306022644043,15360,0.3,0.006197446,0.0003
4,200.0,18,4592.608695652174,1042,4608,9.839595794677734,0.01171875,-0.6276778459548951,-0.004127560276538133,0.9961075186729431,2.614738941192627,15370,0.3,0.007155858,0.0003
4,200.0,19,4576.666666666667,1041,4864,103.92472229003906,0.0015625,-0.7539408951997757,-0.0010461244964972138,0.9732385277748108,90.41300201416016,15380,0.3,0.0015299765,0.0003
4,200.0,20,4558.4,1039,5120,32.793904876708986,0.01953125,-0.7092806458473205,-0.015443251933902502,0.9891132712364197,5.190780162811279,15390,0.3,0.022022085,0.0003
5,200.0,21,4479.2307692307695,1040,5376,9.944670164585114,0.012109375,-0.541195985674858,-0.010242303693667054,0.9960101842880249,1.584957242012024,15400,0.3,0.010052543,0.0003
5,200.0,22,4535.0,1041,5632,4.456571918725968,0.008984375,-0.732787799835205,-0.003109160659369081,0.9987120628356934,2.8270773887634277,15410,0.3,0.0043047657,0.0003
5,200.0,23,4522.068965517241,1040,5888,6.800802409648895,0.027734375,-0.6509527415037155,-0.007743439078330994,0.9980890154838562,2.6775906085968018,15420,0.3,0.022777325,0.0003
5,200.0,24,4535.333333333333,1040,6144,3.332494992017746,0.042578125,-0.7389505118131637,-0.00893636136315763,0.9989348649978638,1.6559462547302246,15430,0.3,0.11671245,0.0003
6,200.0,25,4565.0,1041,6400,8.684618163108826,0.054296875,-0.8174833476543426,-0.017250934639014302,0.9975164532661438,5.457164764404297,15440,0.3,0.085543394,0.0003
6,200.0,26,4576.060606060606,1040,6656,3.1232772767543793,0.07890625,-0.8035175174474716,-0.020148711884394287,0.9989285469055176,0.7334337830543518,15450,0.3,0.03810797,0.0003
6,200.0,27,4592.941176470588,1041,6912,23.95683798789978,0.015625,-0.7333378463983535,-0.004015574976801872,0.9937729835510254,9.49410629272461,15460,0.3,0.03256321,0.0003
6,200.0,28,4608.857142857143,1038,7168,13.183769142627716,0.064453125,-0.7523147076368332,-0.011829811939969659,0.9964390993118286,2.1607635021209717,15470,0.3,0.023435747,0.0003
7,200.0,29,4514.864864864865,1039,7424,135.5433080673218,0.00078125,-1.0114085644483566,-0.0016745702130720019,0.9519227147102356,11.884308815002441,15480,0.3,0.0046263114,0.0003
7,200.0,30,4525.526315789473,1038,7680,18.982735776901244,0.014453125,-0.8266442120075226,-0.006548908376134932,0.9923614859580994,3.4559051990509033,15490,0.3,0.009083297,0.0003
7,200.0,31,4547.179487179487,1037,7936,76.7489652633667,0.00078125,-0.7379223734140397,-0.001574937696568668,0.9795333743095398,35.11813735961914,15500,0.3,0.0013887843,0.0003
7,200.0,32,4562.25,1036,8192,6.440352976322174,0.026953125,-0.6810990452766419,-0.010944720031693578,0.9980863332748413,1.660177230834961,15510,0.3,0.024870053,0.0003
8,200.0,33,4453.333333333333,1035,8448,17.234779179096222,0.010546875,-0.24586281701922416,0.009587475331500173,0.989346981048584,0.8264421224594116,15520,0.3,0.00427587,0.0003
8,200.0,34,4452.558139534884,1035,8704,35.9030665397644,0.073046875,-0.7524107366800308,-0.007122471230104566,0.9901005029678345,18.46780776977539,15530,0.3,0.026043544,0.0003
8,200.0,35,4401.590909090909,1036,8960,399.10149002075195,0.009765625,-1.0020185202360152,-0.000875607319176197,0.8504291772842407,125.6822280883789,15540,0.3,0.002306633,0.0003
8,200.0,36,4426.739130434783,1035,9216,366.2492513656616,0.002734375,-0.7477032959461212,-0.0035438415594398975,0.9145001173019409,18.57687759399414,15550,0.3,0.0023958895,0.0003
9,200.0,37,4367.234042553191,1036,9472,30.193611097335815,0.052734375,-0.7386016279459,-0.020542145427316427,0.9914256930351257,13.821533203125,15560,0.3,0.016546145,0.0003
9,200.0,38,4383.333333333333,1035,9728,158.11607551574707,0.021875,-0.5697805702686309,0.003719906439073384,0.931381106376648,55.460357666015625,15570,0.3,0.0016598529,0.0003
9,200.0,39,4384.693877551021,1035,9984,4.682772696018219,0.022265625,-0.7908920705318451,-0.01390907559543848,0.9980390667915344,1.4026062488555908,15580,0.3,0.011154423,0.0003
9,200.0,40,4376.666666666667,1035,10240,67.05895023345947,0.073046875,-0.8185167044401169,-0.004211693024262786,0.9745448231697083,21.799453735351562,15590,0.3,0.02324178,0.0003
0,200.0,1,-882.0,1389,256,38.864914417266846,0.037109375,-0.5771867245435714,-0.0033677545143291354,0.9899259805679321,27.82365608215332,15600,0.3,0.01568053,0.0003
0,200.0,2,-403.0,1224,512,80.11797122955322,0.0,-0.9537236869335175,-0.00030406753066927197,0.8894164562225342,29.21090316772461,15210,0.3,0.0019631053,0.0003
0,200.0,3,1339.3333333333333,1134,768,4.564857351779938,0.154296875,-0.7445804834365845,-0.0340513551607728,0.9968904256820679,0.7067007422447205,15220,0.3,0.06889741,0.0003
0,200.0,4,2824.8,1109,1024,17.384972238540648,0.08515625,-0.7195850610733032,-0.04376831486588344,0.9947560429573059,5.244691371917725,15230,0.3,0.053531118,0.0003
1,200.0,5,2226.1666666666665,1088,1280,14.796003460884094,0.02578125,-0.6871262967586518,-0.019776991568505764,0.9960092902183533,7.482335567474365,15240,0.3,0.012984317,0.0003
1,200.0,6,2626.714285714286,1075,1536,31.675635957717894,0.037890625,-0.9543205618858337,-0.010047343815676868,0.9766782522201538,9.335566520690918,15250,0.3,0.018835811,0.0003
1,200.0,7,2958.375,1072,1792,3.2880375415086744,0.083984375,-0.7285880506038666,-0.01330765294842422,0.9990235567092896,2.476686716079712,15260,0.3,0.030446138,0.0003
1,200.0,8,3396.1,1060,2048,4.567040725052356,0.059375,-0.7649231880903244,-0.011643227562308312,0.9988090991973877,1.3259812593460083,15270,0.3,0.017179538,0.0003
2,200.0,9,3566.4545454545455,1057,2304,63.482385182380675,0.033984375,-0.8400449097156525,-0.010395402251742781,0.983593761920929,34.9183349609375,15280,0.3,0.01962104,0.0003
2,200.0,10,3647.9166666666665,1048,2560,17.642570209503173,0.08203125,-0.8865667581558228,-0.019462447380647063,0.9952846169471741,12.501530647277832,15290,0.3,0.03351723,0.0003
2,200.0,11,3630.0714285714284,1035,2816,301.00592041015625,0.0078125,-0.7920235961675643,-0.0008216453716158867,0.908274233341217,68.73656463623047,15300,0.3,0.0033513368,0.0003
2,200.0,12,3660.4,1036,3072,10.747106152772904,0.00625,-0.8303016662597656,-0.005818175361491739,0.9922120571136475,1.104213833808899,15310,0.3,0.011283943,0.0003
3,200.0,13,3734.0,1036,3328,9.777322483062743,0.060546875,-0.8905387312173844,-0.02149274474941194,0.9963555932044983,2.9234302043914795,15320,0.3,0.025423545,0.0003
3,200.0,14,3682.9411764705883,1036,3584,24.243664979934692,0.005078125,-0.7226877272129059,-0.010281080263666809,0.9930136799812317,16.781702041625977,15330,0.3,0.0026977637,0.0003
3,200.0,15,3849.4736842105262,1036,3840,13.131689184904099,0.013671875,-0.7160319089889526,-0.00978979968931526,0.9930271506309509,3.1978421211242676,15340,0.3,0.0024885884,0.0003
3,200.0,16,3885.05,1036,4096,3.0609278857707976,0.061328125,-0.7293039381504058,-0.01839005530346185,0.9988635182380676,1.2863974571228027,15350,0.3,0.037239484,0.0003
4,200.0,17,3941.095238095238,1034,4352,138.4826108932495,0.0046875,-0.6588326275348664,-0.006294188043102622,0.9591869115829468,41.67216110229492,15360,0.3,0.0049367175,0.0003
4,200.0,18,3955.391304347826,1034,4608,18.288965648412706,0.001171875,-0.761099886894226,-0.0020158039405941963,0.9902940392494202,3.3609325885772705,15370,0.3,0.0019421426,0.0003
4,200.0,19,4010.2083333333335,1034,4864,100.97569966316223,0.0125,-0.8109074980020523,-0.003409356693737209,0.9738085269927979,23.68274688720703,15380,0.3,0.0100392625,0.0003
4,200.0,20,3817.12,1033,5120,9.937894678115844,0.019921875,-0.7602930426597595,-0.01683396059088409,0.9966934323310852,3.008530378341675,15390,0.3,0.009608257,0.0003
5,200.0,21,3865.4615384615386,1032,5376,6.386975985765457,0.003125,-0.8254954636096954,-0.006087682372890413,0.9947423338890076,0.9984031319618225,15400,0.3,0.0037720753,0.0003
5,200.0,22,3912.785714285714,1031,5632,9.561110258102417,0.031640625,-0.790778997540474,-0.013517103809863328,0.9968626499176025,2.154682159423828,15410,0.3,0.021696735,0.0003
5,200.0,23,3935.0344827586205,1031,5888,3.6489618331193925,0.048046875,-0.7898151487112045,-0.02271782692987472,0.9986575245857239,1.8487892150878906,15420,0.3,0.020680916,0.0003
5,200.0,24,3972.3333333333335,1032,6144,1.8062125205993653,0.04140625,-0.6640483558177948,-0.01710612401366234,0.9994509220123291,0.8009294271469116,15430,0.3,0.026095642,0.0003
6,200.0,25,3891.5,1031,6400,62.77676372528076,0.01875,-0.725075751543045,-0.0044470756547525525,0.9810293316841125,15.345043182373047,15440,0.3,0.006812256,0.0003
6,200.0,26,3899.030303030303,1031,6656,14.340994000434875,0.005078125,-0.8944120734930039,-0.007950615463778376,0.9933831095695496,4.826974391937256,15450,0.3,0.005923745,0.0003
6,200.0,27,3939.0588235294117,1032,6912,21.71304738521576,0.001953125,-0.804182305932045,-0.002399885910563171,0.9907712340354919,2.5161030292510986,15460,0.3,0.0023349214,0.0003
6,200.0,28,3971.457142857143,1035,7168,2.0385202944278715,0.059375,-0.7974033147096634,-0.015799939818680286,0.999403715133667,0.0980193093419075,15470,0.3,0.027762622,0.0003
7,200.0,29,4017.3783783783783,1034,7424,29.89660038948059,0.055859375,-0.9468467891216278,-0.01163101033307612,0.9923056364059448,26.643142700195312,15480,0.3,0.033214547,0.0003
7,200.0,30,4025.5789473684213,1034,7680,13.596329700946807,0.06328125,-1.1028885066509246,-0.01969408178701997,0.996181309223175,7.602409839630127,15490,0.3,0.028701164,0.0003
7,200.0,31,3912.948717948718,1032,7936,21.954114723205567,0.00703125,-0.8951956510543824,-0.007873925287276507,0.9903230667114258,4.621144771575928,15500,0.3,0.0035888576,0.0003
7,200.0,32,3929.625,1032,8192,471.7454475402832,0.24296875,-0.9673891454935074,0.030992425372824074,0.7678896188735962,119.19287109375,15510,0.3,0.20653106,0.0003
8,200.0,33,3955.095238095238,1033,8448,42.4481858253479,0.01796875,-1.075252503156662,-0.012050701957195997,0.9864110946655273,15.985410690307617,15520,0.3,0.019184876,0.0003
8,200.0,34,3974.767441860465,1033,8704,12.085602116584777,0.03203125,-1.0324550151824952,-0.018825709540396928,0.9948360323905945,4.169071197509766,15530,0.3,0.02932851,0.0003
8,200.0,35,3998.8636363636365,1032,8960,16.63337802886963,0.04375,-1.0276503384113311,-0.013649365585297345,0.9956957697868347,13.388516426086426,15540,0.3,0.017081888,0.0003
8,200.0,36,3915.0434782608695,1034,9216,13.31306757926941,0.001171875,-1.0210922956466675,-0.0031322114868089558,0.9948587417602539,4.017467975616455,15550,0.3,0.0033033576,0.0003
9,200.0,37,3924.574468085106,1032,9472,88.28187046051025,0.0,-1.353314471244812,-0.005510102235712111,0.9261284470558167,43.246482849121094,15560,0.3,0.0035393953,0.0003
9,200.0,38,3933.0625,1033,9728,125.3428783416748,0.000390625,-1.113925039768219,-0.00763611332513392,0.9652604460716248,101.16256713867188,15570,0.3,0.004134765,0.0003
9,200.0,39,3946.4897959183672,1033,9984,11.754780912399292,0.001953125,-1.009440141916275,-0.0013091332744807004,0.9966787695884705,6.463530540466309,15580,0.3,0.0020577405,0.0003
9,200.0,40,3918.1372549019607,1034,10240,253.41847610473633,0.0,-0.8257044523954391,-0.004072401789017022,0.9045081734657288,79.25743865966797,15590,0.3,0.0015289462,0.0003
0,200.0,1,4880.0,1384,256,133.06465182304382,0.00078125,-0.9577376514673233,-0.003788189054466784,0.9356113076210022,35.29342269897461,15600,0.3,0.0009614702,0.0003
0,200.0,2,2745.0,1176,512,17.25593571662903,0.054296875,-0.7559331893920899,-0.01934731947258115,0.9948165416717529,3.5936598777770996,15610,0.3,0.016508685,0.0003
0,200.0,3,3620.0,901,768,902.8656173706055,0.034375,-0.31479810625314714,0.004806998168351129,0.6837043762207031,133.33460998535156,15620,0.3,0.008662686,0.0003
1,200.0,4,4042.0,912,1024,22.25457767248154,0.00234375,-0.6367848217487335,-0.003091217507608235,0.9962912797927856,1.414910912513733,15630,0.3,0.0042332457,0.0003
1,200.0,5,4226.666666666667,923,1280,107.93167886734008,0.034375,-0.6565489679574966,-0.006938743917271495,0.9718241691589355,11.722537994384766,15640,0.3,0.040030014,0.0003
1,200.0,6,3915.714285714286,931,1536,5.473838585615158,0.03046875,-0.6285478979349136,-0.008885367121547461,0.9983984231948853,2.6118569374084473,15650,0.3,0.016344465,0.0003
1,200.0,7,4011.25,944,1792,63.88026676177979,0.0015625,-0.6362912058830261,0.0019031931646168233,0.9760876297950745,11.572999954223633,15660,0.3,0.003164664,0.0003
2,200.0,8,4137.0,950,2048,15.00162091255188,0.00390625,-0.6728130161762238,-0.0068721040850505235,0.9957612156867981,7.085244655609131,15670,0.3,0.0049316557,0.0003
2,200.0,9,4161.818181818182,958,2304,18.356209993362427,0.069140625,-0.8072905212640762,-0.024050505738705395,0.9947212934494019,7.50569486618042,15680,0.3,0.017085634,0.0003
2,200.0,10,4185.0,971,2560,11.753971195220947,0.055078125,-0.7692498356103897,-0.028619055962190033,0.9961169362068176,2.901677131652832,15690,0.3,0.028070945,0.0003
2,200.0,11,4185.714285714285,975,2816,201.9031452178955,0.020703125,-0.8082522273063659,-0.0017174135136883706,0.9341008067131042,97.17388153076172,15700,0.3,0.0076540043,0.0003
3,200.0,12,4120.0,978,3072,11.778670382499694,0.028515625,-0.7299257516860962,-0.014316498977132141,0.9964777827262878,5.937167644500732,15710,0.3,0.01887052,0.0003
3,200.0,13,4153.125,982,3328,41.43164825439453,0.01796875,-0.6975106030702591,-0.013606047281064093,0.9841638803482056,10.452143669128418,15720,0.3,0.022904824,0.0003
3,200.0,14,4142.35294117647,985,3584,4.763309729099274,0.039453125,-0.7909779757261276,-0.0188208076171577,0.9978158473968506,0.8706380128860474,15730,0.3,0.008396247,0.0003
3,200.0,15,4183.684210526316,985,3840,122.35142011642456,0.018359375,-0.822922995686531,-0.005237671453505755,0.9669135808944702,37.28877639770508,15740,0.3,0.012711107,0.0003
4,200.0,16,3991.5,986,4096,8.16671531200409,0.0359375,-0.8291550695896148,-0.012509641470387578,0.9969967007637024,2.9480140209198,15750,0.3,0.031922854,0.0003
4,200.0,17,4034.285714285714,991,4352,6.323320722579956,0.088671875,-0.7830539226531983,-0.012603535875678062,0.9972702860832214,2.8760979175567627,15760,0.3,0.032681398,0.0003
4,200.0,18,4068.2608695652175,991,4608,20.75680546760559,0.04921875,-0.7464729696512222,-0.016456185653805733,0.9941688179969788,9.200477600097656,15770,0.3,0.026793752,0.0003
4,200.0,19,4102.916666666667,995,4864,13.846891808509827,0.01328125,-0.771371865272522,-0.01250263515394181,0.995982825756073,6.180742263793945,15780,0.3,0.008971499,0.0003
5,200.0,20,4134.4,997,5120,1.962998029589653,0.06328125,-0.773414620757103,-0.02044514431618154,0.9994250535964966,1.1180554628372192,15790,0.3,0.033130042,0.0003
5,200.0,21,4126.538461538462,1000,5376,11.329616212844849,0.0734375,-0.7173339486122131,-0.01638709786348045,0.9963071346282959,2.8739726543426514,15800,0.3,0.024334885,0.0003
5,200.0,22,4199.642857142857,1004,5632,11.096158695220947,0.046875,-0.7536623477935791,-0.020537029206752776,0.9964647889137268,7.45772123336792,15810,0.3,0.023311676,0.0003
5,200.0,23,4041.3793103448274,1003,5888,11.424546360969543,0.071484375,-0.702247828245163,-0.011074510659091175,0.9969520568847656,1.4300177097320557,15820,0.3,0.05083057,0.0003
6,200.0,24,3982.0,1005,6144,22.264388537406923,0.009375,-0.5365610882639885,0.003234257991425693,0.9810216426849365,7.025269508361816,15830,0.3,0.0041832514,0.0003
6,200.0,25,3994.6875,1005,6400,101.30920886993408,0.013671875,-0.7280994206666946,-0.00438358667306602,0.9661211371421814,55.85167694091797,15840,0.3,0.00486634,0.0003
6,200.0,26,4007.2727272727275,1006,6656,49.52213525772095,0.00390625,-0.6819123178720474,-0.0037955586216412486,0.9832614064216614,6.31851863861084,15850,0.3,0.002250241,0.0003
6,200.0,27,3900.0,1004,6912,10.884769070148469,0.027734375,-0.7230210781097413,-0.009310229076072573,0.9962770938873291,4.6629533767700195,15860,0.3,0.012905215,0.0003
7,200.0,28,3915.714285714286,1007,7168,2551.6566619873047,0.0078125,-0.5284843906760216,-5.782986991107464e-05,-0.3230736255645752,402.0066223144531,15870,0.3,0.0024338537,0.0003
7,200.0,29,3843.7837837837837,1009,7424,210.08449897766113,0.0,-0.7042703032493591,-0.000676615652628243,0.940466582775116,74.38058471679688,15880,0.3,9.716302e-05,0.0003
7,200.0,30,3821.842105263158,1011,7680,21.939713418483734,0.004296875,-0.26550178974866867,-0.0038957088254392147,0.9809054136276245,4.140592098236084,15890,0.3,0.0040785987,0.0003
7,200.0,31,3855.641025641026,1014,7936,792.4914485931397,0.01015625,-0.5832961514592171,-0.00036697215400636194,0.5598828792572021,66.49474334716797,15900,0.3,0.0027756628,0.0003
8,200.0,32,3881.5,1014,8192,39.993613839149475,0.00859375,-0.6378096133470536,-0.003249069722369313,0.9809712767601013,0.9758096933364868,15910,0.3,0.014282331,0.0003
8,200.0,33,3925.0,1012,8448,30.60396877527237,0.140625,-0.5703407794237136,-0.013127434952184557,0.9910179972648621,15.47947883605957,15920,0.3,0.055840623,0.0003
8,200.0,34,3937.2093023255816,1012,8704,13.596572351455688,0.053515625,-0.5914077535271645,-0.023076426610350607,0.996002197265625,4.6201252937316895,15930,0.3,0.024977628,0.0003
8,200.0,35,3959.318181818182,1013,8960,37.08209593296051,0.067578125,-0.6282568514347077,-0.0017105089966207743,0.9898827075958252,10.312708854675293,15940,0.3,0.009488379,0.0003
9,200.0,36,3945.0,1013,9216,32.54104785919189,0.0375,-0.640873783826828,-0.00817659825552255,0.9871940016746521,10.083318710327148,15950,0.3,0.016151845,0.0003
9,200.0,37,3965.1063829787236,1011,9472,34.94948964118957,0.071875,-0.7123097032308578,-0.013188484217971563,0.9902953505516052,21.039852142333984,15960,0.3,0.043798048,0.0003
9,200.0,38,3945.0,1013,9728,3.615129315853119,0.115625,-0.7307541906833649,-0.024521195283159613,0.9989877939224243,1.4717649221420288,15970,0.3,0.04152084,0.0003
9,200.0,39,3964.081632653061,1014,9984,11.64588623046875,0.079296875,-0.658657917380333,-0.01051520339678973,0.9944979548454285,2.1889424324035645,15980,0.3,0.030828234,0.0003
10,200.0,40,3991.9607843137255,1014,10240,15.27140839099884,0.00625,-0.6929144561290741,-0.004532420914620161,0.994872510433197,3.5069334506988525,15990,0.3,0.008908083,0.0003
0,200.0,1,3354.0,1357,256,27.793571758270264,0.03203125,-0.7781772524118423,-0.009881185623817146,0.9914318919181824,15.106792449951172,16000,0.3,0.008371871,0.0003
0,200.0,2,4081.0,1215,512,18.988753443956377,0.069921875,-1.2542117834091187,-0.01534371911548078,0.9946470260620117,14.039708137512207,15610,0.3,0.03765323,0.0003
0,200.0,3,4175.0,928,768,14.669573640823364,0.062109375,-1.1342106223106385,-0.0290869046933949,0.9949500560760498,5.67608118057251,15620,0.3,0.022995122,0.0003
1,200.0,4,4477.4,955,1024,93.07010521888733,0.005078125,-1.001732486486435,-0.0017925355583429336,0.9743483662605286,78.53411102294922,15630,0.3,0.0036195253,0.0003
1,200.0,5,4334.833333333333,953,1280,8.583709943294526,0.0421875,-1.105594801902771,-0.012564294179901481,0.9974085688591003,4.298003196716309,15640,0.3,0.028321557,0.0003
1,200.0,6,4438.714285714285,958,1536,10.543975663185119,0.00859375,-1.0013413727283478,-0.004911739320959896,0.995434582233429,4.606456756591797,15650,0.3,0.0064452365,0.0003
1,200.0,7,4514.375,959,1792,12.753875803947448,0.04140625,-1.017752829194069,-0.016900387266650795,0.9964131712913513,11.502826690673828,15660,0.3,0.012022437,0.0003
2,200.0,8,4551.6,969,2048,5.063843530416489,0.0484375,-1.049938040971756,-0.019590386911295353,0.9977824687957764,1.8027998208999634,15670,0.3,0.030337157,0.0003
2,200.0,9,4529.636363636364,977,2304,7.075324821472168,0.083984375,-1.0728547632694245,-0.03993149558082223,0.9971545338630676,1.337731122970581,15680,0.3,0.034744024,0.0003
2,200.0,10,4393.75,979,2560,98.29810395240784,0.014453125,-1.1285821437835692,-0.00428393566980958,0.9733219742774963,27.881797790527344,15690,0.3,0.012492048,0.0003
2,200.0,11,4455.071428571428,984,2816,9.257058453559875,0.0234375,-0.9276705414056778,-0.009883384173735976,0.9941487908363342,0.7885966300964355,15700,0.3,0.01291501,0.0003
3,200.0,12,4479.8,989,3072,5.261064943671227,0.056640625,-0.9636393845081329,-0.012257697619497776,0.9984248876571655,3.1169657707214355,15710,0.3,0.028813105,0.0003
3,200.0,13,4487.4375,991,3328,31.051206266880037,0.019140625,-0.9671791583299637,-0.0027751880697906017,0.9915761947631836,3.201007843017578,15720,0.3,0.008638435,0.0003
3,200.0,14,4436.058823529412,993,3584,8.369567155838013,0.074609375,-1.1081126928329468,-0.021190769295208155,0.9971050024032593,2.4279119968414307,15730,0.3,0.030210964,0.0003
3,200.0,15,4436.894736842105,988,3840,11.942024111747742,0.077734375,-0.9790420383214951,-0.011680064909160136,0.996587336063385,10.062567710876465,15740,0.3,0.052876648,0.0003
4,200.0,16,4362.05,989,4096,7.838272500038147,0.051171875,-1.1167812526226044,-0.008318219566717744,0.9975317120552063,2.5996508598327637,15750,0.3,0.0306775,0.0003
4,200.0,17,4212.333333333333,992,4352,8.323872458934783,0.025,-0.9067672342061996,-0.010334879625588655,0.9959259033203125,5.040003776550293,15760,0.3,0.01547198,0.0003
4,200.0,18,4205.04347826087,995,4608,5.172947728633881,0.035546875,-1.1186265289783477,-0.00873807913158089,0.9976462125778198,0.5432406067848206,15770,0.3,0.015252342,0.0003
4,200.0,19,4220.375,1001,4864,1805.1074279785157,0.008984375,-1.1167533099651337,-0.009062961780000479,0.27485549449920654,302.0042419433594,15780,0.3,0.005085768,0.0003
5,200.0,20,4224.52,1002,5120,92.66195770502091,0.00234375,-1.1133996784687041,-0.005361816938966512,0.9319401383399963,1.14358651638031,15790,0.3,0.002786234,0.0003
5,200.0,21,4237.807692307692,1003,5376,1.5415134236216546,0.131640625,-1.146112209558487,-0.03125582836801186,0.9994044899940491,0.9948057532310486,15800,0.3,0.032523073,0.0003
5,200.0,22,4277.821428571428,1005,5632,4.301238805055618,0.058984375,-1.0541898488998414,-0.009951248532161117,0.9987809658050537,2.480125904083252,15810,0.3,0.030784354,0.0003
5,200.0,23,4296.379310344828,1007,5888,16.99609237909317,0.04453125,-1.059171634912491,-0.007568802952300757,0.99555903673172,11.153485298156738,15820,0.3,0.016192295,0.0003
6,200.0,24,4313.133333333333,1004,6144,2.841023933887482,0.078515625,-1.079526847600937,-0.018640129966661333,0.9991770386695862,1.0914934873580933,15830,0.3,0.023775265,0.0003
6,200.0,25,4314.8125,1005,6400,14.790066623687744,0.03984375,-1.075421580672264,-0.018900866340845823,0.9939086437225342,6.082902431488037,15840,0.3,0.014164329,0.0003
6,200.0,26,4329.515151515152,1009,6656,76.99353370666503,0.001171875,-1.1196391880512238,9.643689263612032e-05,0.9668013453483582,28.699893951416016,15850,0.3,0.0029290316,0.0003
6,200.0,27,4350.529411764706,1009,6912,84.90791187286376,0.003125,-1.0370067834854126,-0.008171553978172597,0.971091628074646,21.685155868530273,15860,0.3,0.002474126,0.0003
7,200.0,28,4364.371428571429,1007,7168,3.7875890702009203,0.08828125,-0.9910548508167267,-0.02424514721496962,0.9989020228385925,1.3171173334121704,15870,0.3,0.019247094,0.0003
7,200.0,29,4388.378378378378,1010,7424,102.0636114358902,0.078515625,-1.005610316991806,-0.00536348968744278,0.9736247658729553,94.18036651611328,15880,0.3,0.052462824,0.0003
7,200.0,30,4406.421052631579,1011,7680,44.350521850585935,0.032421875,-1.021960273385048,-0.01688123003114015,0.9821949005126953,8.662468910217285,15890,0.3,0.018944291,0.0003
7,200.0,31,4312.74358974359,1013,7936,26.292195010185242,0.080078125,-1.2208898723125459,-0.020076022064313293,0.992224395275116,5.703651428222656,15900,0.3,0.037767753,0.0003
8,200.0,32,4330.8,1013,8192,72.38332898616791,0.01484375,-1.1762393951416015,-0.010329743381589651,0.9778165817260742,54.141197204589844,15910,0.3,0.010312877,0.0003
8,200.0,33,4313.071428571428,1014,8448,25.46044816970825,0.001171875,-1.115890508890152,-0.005639750533737243,0.9920006394386292,2.640507936477661,15920,0.3,0.0038537136,0.0003
8,200.0,34,4324.976744186047,1015,8704,131.63548698425294,0.0015625,-1.0103697270154952,-0.007549163210205734,0.9645558595657349,47.37297439575195,15930,0.3,0.0050829537,0.0003
8,200.0,35,4335.477272727273,1015,8960,94.07125473022461,0.05234375,-1.0396711885929109,-0.017160293483175337,0.974363386631012,65.70653533935547,15940,0.3,0.027741961,0.0003
9,200.0,36,4366.521739130435,1015,9216,9.277652502059937,0.008203125,-0.9611731737852096,-0.015173365036025644,0.997155487537384,4.001834392547607,15950,0.3,0.007920289,0.0003
9,200.0,37,4380.95744680851,1016,9472,6.475897616147995,0.02109375,-0.9469871401786805,-0.0034029575064778326,0.9976796507835388,1.8465241193771362,15960,0.3,0.015120732,0.0003
9,200.0,38,4350.520833333333,1017,9728,1.0847081229090692,0.142578125,-0.8800787568092346,-0.025632020179182292,0.9996885061264038,0.6499871611595154,15970,0.3,0.042497218,0.0003
9,200.0,39,4355.183673469388,1018,9984,12.709276211261749,0.10078125,-1.0525089859962464,-0.00972393222618848,0.9953477382659912,4.067685127258301,15980,0.3,0.033753462,0.0003
10,200.0,40,4354.78431372549,1019,10240,13.21715031862259,0.0390625,-0.9777686059474945,-0.018453300441615285,0.9961284399032593,0.7419777512550354,15990,0.3,0.013852207,0.0003
0,200.0,1,4930.0,1347,256,32.941022670269014,0.033203125,-0.8904747247695923,-0.004929168149828911,0.991380512714386,2.7363288402557373,16000,0.3,0.013423992,0.0003
0,200.0,2,4450.0,1194,512,54.956054496765134,0.041796875,-0.7498287260532379,-0.004725965321995318,0.9807472825050354,7.192173480987549,16010,0.3,0.006866387,0.0003
0,200.0,3,3810.0,1138,768,18.70339596271515,0.14765625,-0.9889464884996414,-0.02687905535567552,0.9930229187011719,9.730137825012207,16020,0.3,0.16773313,0.0003
0,200.0,4,4092.0,1121,1024,113.37214908599853,0.009375,-0.8185024470090866,-0.006770582497119903,0.9547110795974731,40.106239318847656,16030,0.3,0.0047310675,0.0003
1,200.0,5,4265.0,1096,1280,12.462834024429322,0.028125,-0.8240906655788421,-0.009104276867583394,0.9947088956832886,0.8484472036361694,16040,0.3,0.021101845,0.0003
1,200.0,6,4148.571428571428,1081,1536,6.410641503334046,0.101171875,-0.907919380068779,-0.021014315355569125,0.9967639446258545,1.4557818174362183,16050,0.3,0.05638101,0.0003
1,200.0,7,3701.25,1080,1792,171.29978675842284,0.094921875,-1.063090407848358,-0.00648008119314909,0.9578536152839661,39.659324645996094,16060,0.3,0.01911787,0.0003
1,200.0,8,3991.0,1083,2048,29.297150325775146,0.073828125,-0.9844301134347916,-0.014370069443248212,0.9874390363693237,7.555005073547363,16070,0.3,0.011999816,0.0003
2,200.0,9,4073.6363636363635,1076,2304,14.111829268932343,0.086328125,-0.7605732709169388,-0.01628516523633152,0.9947162866592407,7.971501350402832,16080,0.3,0.05359772,0.0003
2,200.0,10,4165.0,1071,2560,4.390347889065742,0.076171875,-0.6918148696422577,-0.020843294635415077,0.9986879229545593,0.3972022235393524,16090,0.3,0.04429178,0.0003
2,200.0,11,4254.285714285715,1072,2816,4.327627885341644,0.078125,-0.6479614287614822,-0.014069933397695421,0.9985443949699402,2.8527719974517822,16100,0.3,0.0678103,0.0003
2,200.0,12,4315.333333333333,1068,3072,14.8112135887146,0.082421875,-0.5733462244272232,-0.012966740829870104,0.9953291416168213,5.73178768157959,16110,0.3,0.06276576,0.0003
3,200.0,13,4368.125,1061,3328,14.352542662620545,0.048046875,-0.5913423925638199,-0.011381286010146142,0.9957575798034668,4.8645243644714355,16120,0.3,0.02857411,0.0003
3,200.0,14,4413.529411764706,1061,3584,28.795838183164598,0.081640625,-0.6489856511354446,-0.008259914303198456,0.9926397204399109,19.694395065307617,16130,0.3,0.012808258,0.0003
3,200.0,15,4480.0,1059,3840,2.9326757848262788,0.06640625,-0.6305933594703674,-0.019735452672466635,0.9990648627281189,0.782787561416626,16140,0.3,0.04123784,0.0003
3,200.0,16,4501.0,1056,4096,7.45644052028656,0.143359375,-0.7179923623800277,-0.011071290541440248,0.9979322552680969,3.5043816566467285,16150,0.3,0.22277835,0.0003
4,200.0,17,4521.428571428572,1058,4352,2.2671959549188614,0.1234375,-0.6438074767589569,-0.029856252449098973,0.9993025064468384,0.7852733731269836,16160,0.3,0.08105087,0.0003
4,200.0,18,4531.739130434783,1055,4608,34.61996281147003,0.055078125,-0.6680314540863037,-0.006405372079461813,0.9900950193405151,23.787458419799805,16170,0.3,0.03495311,0.0003
4,200.0,19,4547.916666666667,1055,4864,74.63509063720703,0.00078125,-0.7789741396903992,-0.0030377854476682843,0.9670427441596985,13.977638244628906,16180,0.3,0.0014301413,0.0003
4,200.0,20,4562.8,1057,5120,32.289258778095245,0.00390625,-0.644534882903099,-0.0022328848019242285,0.9907656311988831,9.40798568725586,16190,0.3,0.0029080336,0.0003
5,200.0,21,4576.923076923077,1055,5376,31.109576201438905,0.003125,-0.6872268706560135,-0.0008507858030498028,0.9914803504943848,28.57666778564453,16200,0.3,0.0027584538,0.0003
5,200.0,22,4307.857142857143,1053,5632,140.04491672515869,0.0,-1.158939963579178,-0.0026118014007806777,0.9487834572792053,41.79558563232422,16210,0.3,0.00059467903,0.0003
5,200.0,23,4318.620689655172,1052,5888,168.20090503692626,0.000390625,-1.313877248764038,-0.008995281183160841,0.9069188833236694,42.1594352722168,16220,0.3,0.003083916,0.0003
5,200.0,24,4338.666666666667,1052,6144,20.89778996706009,0.03046875,-0.7314568758010864,-0.013789792126044632,0.9930704236030579,5.162644863128662,16230,0.3,0.0073112403,0.0003
6,200.0,25,4366.25,1050,6400,43.37964448928833,0.011328125,-0.7199755758047104,-0.008712635282427073,0.9875670671463013,13.45779037475586,16240,0.3,0.0068071084,0.0003
6,200.0,26,4345.757575757576,1049,6656,92.27383661270142,0.003515625,-0.7558209836483002,-0.0023187149665318428,0.9740308523178101,65.68814849853516,16250,0.3,0.0039113685,0.0003
6,200.0,27,4362.35294117647,1050,6912,44.98353090286255,0.001171875,-0.6070205777883529,-0.0023726815939880907,0.979607105255127,5.302731513977051,16260,0.3,0.0008183287,0.0003
6,200.0,28,4377.142857142857,1047,7168,9.717978954315186,0.005859375,-0.7544020682573318,-0.006664408720098436,0.9963451027870178,3.402771472930908,16270,0.3,0.003997784,0.0003
7,200.0,29,4405.945945945946,1046,7424,10.176254791021346,0.0078125,-0.7266813069581985,-0.005272690090350807,0.9971121549606323,8.901514053344727,16280,0.3,0.008424165,0.0003
7,200.0,30,4419.736842105263,1045,7680,30.93059630393982,0.034375,-0.7446943640708923,-0.0020814273972064256,0.9909912347793579,3.048016309738159,16290,0.3,0.013420042,0.0003
7,200.0,31,4432.820512820513,1045,7936,4.373200979828835,0.015234375,-0.6921442955732345,-0.01137670308817178,0.9985398650169373,2.9855380058288574,16300,0.3,0.004927787,0.0003
7,200.0,32,4444.25,1046,8192,11.68468474149704,0.006640625,-0.7440542459487915,-0.003411603660788387,0.9966331124305725,2.352149248123169,16310,0.3,0.007088164,0.0003
8,200.0,33,4448.0952380952385,1042,8448,11.901025032997131,0.034375,-0.712942636013031,-0.007235364848747849,0.9959371089935303,1.908996820449829,16320,0.3,0.012799475,0.0003
8,200.0,34,4459.302325581395,1041,8704,6.276169991493225,0.02109375,-0.70506811439991,-0.014946157624945045,0.9978886246681213,4.134527683258057,16330,0.3,0.010613437,0.0003
8,200.0,35,4469.090909090909,1038,8960,10.895272552967072,0.004296875,-0.7142185091972351,-0.0029430331895127894,0.9969235062599182,3.0391790866851807,16340,0.3,0.006062354,0.0003
8,200.0,36,4455.217391304348,1039,9216,16.785505843162536,0.028125,-0.8341113358736039,-0.0190308915451169,0.995006263256073,10.56662368774414,16350,0.3,0.015321391,0.0003
9,200.0,37,4459.787234042553,1039,9472,6.200975376367569,0.021875,-0.9559790998697281,-0.012826950335875154,0.9976851344108582,1.4299719333648682,16360,0.3,0.011596369,0.0003
9,200.0,38,4432.916666666667,1037,9728,18.42813789844513,0.037890625,-0.9787345767021179,-0.017584600066766144,0.9946068525314331,5.915976047515869,16370,0.3,0.02895841,0.0003
9,200.0,39,4443.061224489796,1035,9984,13.778308433294296,0.030859375,-0.6572582811117172,-0.005188076151534915,0.995859682559967,3.550088882446289,16380,0.3,0.014097157,0.0003
9,200.0,40,4461.3725490196075,1036,10240,30.990041851997375,0.01171875,-0.689110416173935,-0.0007774012512527407,0.9913502335548401,10.02470874786377,16390,0.3,0.006518743,0.0003
0,200.0,1,4837.0,1400,256,31.02065155506134,0.0046875,-0.8803036659955978,-0.0036128465551882984,0.9917131066322327,10.598254203796387,16400,0.3,0.0043161344,0.0003
0,200.0,2,4701.5,1195,512,12.239889395236968,0.06484375,-0.9249078959226609,-0.007822501449845731,0.9965807795524597,9.1085844039917,16010,0.3,0.050874405,0.0003
0,200.0,3,4507.666666666667,1146,768,7.276767778396606,0.0796875,-0.9876350998878479,-0.021089261537417768,0.9977436065673828,3.5912253856658936,16020,0.3,0.023894794,0.0003
0,200.0,4,4150.8,1118,1024,102.9801742553711,0.00859375,-1.002592459321022,-0.004502419498749077,0.9720267057418823,28.266624450683594,16030,0.3,0.008368466,0.0003
1,200.0,5,4099.666666666667,1116,1280,3.882594358921051,0.014453125,-1.1343517661094666,-0.01878243051469326,0.9987866878509521,2.067612648010254,16040,0.3,0.013902286,0.0003
1,200.0,6,4168.0,1100,1536,9.589511799812318,0.018359375,-0.9118635326623916,-0.005231391289271414,0.9960378408432007,1.4012055397033691,16050,0.3,0.008301723,0.0003
1,200.0,7,4158.75,1084,1792,1.7543775126338006,0.03984375,-0.8851767003536224,-0.00935113374143839,0.9992927312850952,0.14240509271621704,16060,0.3,0.012767251,0.0003
1,200.0,8,4264.0,1069,2048,8.83973593711853,0.0734375,-0.8360277593135834,-0.007244682125747204,0.9965255856513977,4.728941440582275,16070,0.3,0.03341507,0.0003
2,200.0,9,3987.2727272727275,1065,2304,3.3649816513061523,0.054296875,-0.9951388895511627,-0.01742595457471907,0.9989092350006104,1.5625742673873901,16080,0.3,0.028863296,0.0003
2,200.0,10,3642.8333333333335,1064,2560,17.412025439739228,0.068359375,-1.3658151745796203,-0.012945427116937936,0.9898216128349304,2.089405059814453,16090,0.3,0.03559563,0.0003
2,200.0,11,3127.4285714285716,1061,2816,64.17765462398529,0.064453125,-1.5024891555309297,0.004323833156377077,0.7494251728057861,4.076100826263428,16100,0.3,0.02801155,0.0003
2,200.0,12,2978.4666666666667,1060,3072,35.280297422409056,0.0,-1.4625934600830077,-0.0015505047223996371,0.9539539217948914,12.280031204223633,16110,0.3,0.001563499,0.0003
3,200.0,13,2944.1875,1053,3328,55.50158042907715,0.001953125,-1.2222945928573608,-0.002194539806805551,0.9720322489738464,23.2220516204834,16120,0.3,0.0023880098,0.0003
3,200.0,14,2747.235294117647,1051,3584,0.6881735697388649,0.048046875,-1.444921326637268,-0.025494163227267563,0.9995117783546448,0.20927709341049194,16130,0.3,0.018794823,0.0003
3,200.0,15,2563.842105263158,1050,3840,0.6946086622774601,0.2375,-1.4684055745601654,-0.01858582489658147,0.999260663986206,0.007026113569736481,16140,0.3,0.06973752,0.0003
3,200.0,16,2557.05,1050,4096,0.29040970280766487,0.230859375,-1.4454576432704926,-0.029107981268316506,0.9997678399085999,0.016243591904640198,16150,0.3,0.03600052,0.0003
4,200.0,17,2664.1428571428573,1048,4352,0.19319594986736774,0.100390625,-1.1330736696720123,-0.018246061448007823,0.9998904466629028,0.012998536229133606,16160,0.3,0.04426671,0.0003
4,200.0,18,2809.7391304347825,1046,4608,17.13889957666397,0.046484375,-0.9021466135978699,-0.021792380744591354,0.9948903322219849,2.4948019981384277,16170,0.3,0.016351398,0.0003
4,200.0,19,2695.5,1046,4864,31.206264686584472,0.012890625,-1.01276895403862,-0.01587679758667946,0.9913362264633179,9.770939826965332,16180,0.3,0.01108965,0.0003
4,200.0,20,2731.2,1048,5120,0.27303753346204757,0.04765625,-1.3456850171089172,-0.009939234610646963,0.9996941089630127,0.01702553778886795,16190,0.3,0.024402786,0.0003
5,200.0,21,2628.769230769231,1047,5376,19.846065759658813,0.025,-1.2704626858234405,-0.01105462983250618,0.9926859736442566,12.33812427520752,16200,0.3,0.011471305,0.0003
5,200.0,22,2581.0,1049,5632,7.295271325111389,0.0046875,-1.202812486886978,-0.01029628908727318,0.9972023963928223,4.637467384338379,16210,0.3,0.004366686,0.0003
5,200.0,23,2494.103448275862,1045,5888,0.9179018273949623,0.022265625,-1.4316379845142364,-0.021836941968649624,0.999261200428009,0.4490329623222351,16220,0.3,0.022516374,0.0003
5,200.0,24,2427.6,1047,6144,2.0506153613328935,0.0078125,-1.3214806854724883,-0.006697394466027617,0.996353805065155,0.524027943611145,16230,0.3,0.0107945455,0.0003
6,200.0,25,2502.5625,1046,6400,6.79660531282425,0.005078125,-0.6084920436143875,-0.008481266978196799,0.9966856241226196,1.2105815410614014,16240,0.3,0.0034835371,0.0003
6,200.0,26,2486.3030303030305,1045,6656,30.983268973231315,0.003125,-1.120796376466751,-0.0028477189596742393,0.9901508092880249,28.542945861816406,16250,0.3,0.0033540486,0.0003
6,200.0,27,2539.4117647058824,1044,6912,0.8267488360404969,0.029296875,-1.237301528453827,-0.01897386370692402,0.9996801018714905,0.14896944165229797,16260,0.3,0.01753898,0.0003
6,200.0,28,2605.0857142857144,1044,7168,18.3903929233551,0.043359375,-0.9095903247594833,-0.02501593332272023,0.9925236701965332,2.843780279159546,16270,0.3,0.020276267,0.0003
7,200.0,29,2511.5135135135133,1045,7424,39.13304033279419,0.0,-1.2405470490455628,-0.0016017092624679209,0.9836620092391968,6.936244010925293,16280,0.3,0.00071891956,0.0003
7,200.0,30,2509.157894736842,1044,7680,2.1036749094724656,0.022265625,-1.442500764131546,-0.019825016718823463,0.9983193874359131,0.6827675700187683,16290,0.3,0.0117648905,0.0003
7,200.0,31,2568.8205128205127,1043,7936,2.886277535557747,0.019140625,-1.0416028469800949,-0.009372238768264651,0.9983216524124146,0.8032321333885193,16300,0.3,0.009926888,0.0003
7,200.0,32,2506.1,1043,8192,30.82009950876236,0.040234375,-1.2377584517002105,-0.010466640209779143,0.9898579120635986,22.729154586791992,16310,0.3,0.019100554,0.0003
8,200.0,33,2616.595238095238,1041,8448,1.8906240701675414,0.055078125,-1.0560735493898392,-0.01875556882005185,0.9994242191314697,0.7107821702957153,16320,0.3,0.020773686,0.0003
8,200.0,34,2668.232558139535,1041,8704,96.65447759628296,0.058984375,-0.8992767184972763,-0.01067194426432252,0.9731410145759583,72.95745086669922,16330,0.3,0.027635364,0.0003
8,200.0,35,2696.4772727272725,1040,8960,12.772498416900635,0.01875,-0.8959762722253799,-0.011283886851742864,0.9963048100471497,9.359033584594727,16340,0.3,0.010144051,0.0003
8,200.0,36,2783.5434782608695,1039,9216,32.079969990253446,0.019921875,-0.8814033210277558,-0.015585798188112676,0.990005373954773,19.647281646728516,16350,0.3,0.016797047,0.0003
9,200.0,37,2827.2127659574467,1039,9472,87.67510619163514,0.019921875,-0.9141439318656921,-0.004690501885488629,0.9743094444274902,20.505985260009766,16360,0.3,0.008991894,0.0003
9,200.0,38,2767.5208333333335,1038,9728,31.82510824203491,0.0328125,-1.0156358122825622,-0.010256806551478804,0.9907215237617493,7.111123085021973,16370,0.3,0.016031973,0.0003
9,200.0,39,2809.3673469387754,1037,9984,28.739367389678954,0.063671875,-1.2915953636169433,-0.015624652896076442,0.9903963804244995,20.164390563964844,16380,0.3,0.05651184,0.0003
9,200.0,40,2887.8627450980393,1037,10240,3.6772823452949526,0.04296875,-0.8506655991077423,-0.011645191395655275,0.9989362955093384,1.1003758907318115,16390,0.3,0.02518797,0.0003
0,200.0,1,4650.0,1352,256,32.79253013134003,0.0359375,-0.8762499392032623,-0.015737589565105736,0.9910342693328857,3.7449872493743896,16400,0.3,0.01974431,0.0003
0,200.0,2,4775.0,1186,512,12.746012020111085,0.009765625,-0.7451408296823502,-0.0026155412197113037,0.9952536225318909,2.556870460510254,16410,0.3,0.006240188,0.0003
0,200.0,3,4813.333333333333,1136,768,5.866176831722259,0.05,-0.7055611819028854,-0.029562544822692872,0.9984530210494995,0.6881964802742004,16420,0.3,0.04358456,0.0003
0,200.0,4,4508.0,1109,1024,8.713836914300918,0.050390625,-0.761380872130394,-0.012712366506457328,0.9967791438102722,1.1406071186065674,16430,0.3,0.025341451,0.0003
1,200.0,5,4578.333333333333,1096,1280,11.540222138166428,0.049609375,-0.7342368006706238,-0.006714254664257169,0.9967402815818787,8.83608627319336,16440,0.3,0.018937439,0.0003
1,200.0,6,4628.571428571428,1086,1536,92.53355405330657,0.070703125,-0.640151047706604,-0.0074764987453818325,0.9746639132499695,63.81144332885742,16450,0.3,0.046940345,0.0003
1,200.0,7,4020.0,1075,1792,324.94825744628906,0.013671875,-0.8409612804651261,-0.004201741889119148,0.8276528120040894,80.59678649902344,16460,0.3,0.0032057648,0.0003
1,200.0,8,4201.0,1067,2048,112.28262920379639,0.0,-0.760258623957634,-0.0016357241198420524,0.9611028432846069,12.393653869628906,16470,0.3,0.0003786285,0.0003
2,200.0,9,4000.909090909091,1061,2304,30.826071393489837,0.033203125,-0.6704730123281479,-0.007146317139267921,0.9910157322883606,11.429532051086426,16480,0.3,0.016338943,0.0003
2,200.0,10,4078.3333333333335,1059,2560,5.580570316314697,0.010546875,-1.0611997663974762,-0.005045911855995655,0.9968651533126831,1.3916847705841064,16490,0.3,0.010595163,0.0003
2,200.0,11,4125.0,1059,2816,35.32654469013214,0.0015625,-0.6397233009338379,-0.0013390681007876993,0.9898144602775574,1.296692967414856,16500,0.3,0.002711092,0.0003
2,200.0,12,4178.666666666667,1058,3072,3.3457353949546813,0.04609375,-0.7931084543466568,-0.026728072273544966,0.9987531900405884,1.2064653635025024,16510,0.3,0.028378451,0.0003
3,200.0,13,4224.375,1055,3328,34.52664075493813,0.03359375,-0.6141957402229309,-0.0034750859253108502,0.990760087966919,29.28230857849121,16520,0.3,0.014309363,0.0003
3,200.0,14,4265.882352941177,1053,3584,35.993243193626405,0.02578125,-0.6668615430593491,-0.00845668672118336,0.9780731797218323,3.925799608230591,16530,0.3,0.02985765,0.0003
3,200.0,15,4104.210526315789,1055,3840,32.24466009140015,0.0265625,-0.6992446899414062,-0.005198531900532544,0.9913405179977417,24.386194229125977,16540,0.3,0.118282706,0.0003
3,200.0,16,4047.5,1052,4096,1.547259372472763,0.18671875,-1.3522641897201537,-0.013209962286055088,0.9991353154182434,0.3639305830001831,16550,0.3,0.06714025,0.0003
4,200.0,17,4088.095238095238,1050,4352,1.47760189473629,0.10859375,-1.0345491886138916,-0.022308414289727806,0.9995141625404358,0.6378229856491089,16560,0.3,0.044754162,0.0003
4,200.0,18,4147.826086956522,1050,4608,5.302350640296936,0.06953125,-0.7570952206850052,-0.012356883590109646,0.9984559416770935,2.424283266067505,16570,0.3,0.06367198,0.0003
4,200.0,19,4169.166666666667,1048,4864,92.51910419464112,0.01875,-0.7604854345321655,-0.004433939792215824,0.9754533767700195,16.357587814331055,16580,0.3,0.0082593765,0.0003
4,200.0,20,4178.8,1047,5120,23.754055309295655,0.02890625,-0.7206618845462799,-0.013588530477136374,0.9925106167793274,14.495023727416992,16590,0.3,0.007023966,0.0003
5,200.0,21,4095.769230769231,1047,5376,33.250071382522584,0.03515625,-1.1918965518474578,-0.011332767858402804,0.9801843762397766,6.236512660980225,16600,0.3,0.018592551,0.0003
5,200.0,22,4048.5714285714284,1048,5632,7.044645547866821,0.0375,-0.7744522362947464,-0.009163679461926222,0.9972363114356995,2.129129409790039,16610,0.3,0.010489815,0.0003
5,200.0,23,4061.7241379310344,1050,5888,18.511415696144105,0.03359375,-1.2340667605400086,-0.014106406772043556,0.9926477670669556,3.021237850189209,16620,0.3,0.013714182,0.0003
5,200.0,24,4023.6666666666665,1049,6144,6.687415289878845,0.042578125,-0.7870977073907852,-0.005891549191437662,0.9979299902915955,4.298053741455078,16630,0.3,0.009041368,0.0003
6,200.0,25,4040.3125,1046,6400,12.457027804851531,0.005859375,-1.0287461429834366,-0.008599433116614819,0.996108889579773,1.170849323272705,16640,0.3,0.0058244783,0.0003
6,200.0,26,4036.969696969697,1046,6656,89.648752784729,0.0078125,-0.8069702833890915,-0.003677888447418809,0.9719563722610474,53.82213592529297,16650,0.3,0.005561077,0.0003
6,200.0,27,3905.0,1046,6912,14.211578154563904,0.0,-1.1252295434474946,-0.0007967072539031506,0.9947980642318726,3.100456953048706,16660,0.3,0.00026697805,0.0003
6,200.0,28,3802.5714285714284,1044,7168,16.22256588935852,0.0,-1.6276504278182984,-0.005638422165066004,0.9705129861831665,1.4692076444625854,16670,0.3,0.0053547025,0.0003
7,200.0,29,3862.972972972973,1044,7424,5.274958372116089,0.01484375,-1.0173628002405166,-0.011089710053056479,0.9975426197052002,2.3166980743408203,16680,0.3,0.01521086,0.0003
7,200.0,30,3877.6315789473683,1044,7680,16.044969546794892,0.00078125,-0.6990986675024032,-0.0012673272867687047,0.9958252906799316,11.367291450500488,16690,0.3,0.002851395,0.0003
7,200.0,31,3775.128205128205,1045,7936,8.773080909252167,0.025390625,-0.9181040078401566,-0.019224611669778825,0.9953740835189819,1.8284308910369873,16700,0.3,0.03161276,0.0003
7,200.0,32,3694.75,1043,8192,33.58984810113907,0.0,-1.1780037522315978,-0.0031717428006231784,0.9138607978820801,1.7570416927337646,16710,0.3,0.0011624573,0.0003
8,200.0,33,3626.6666666666665,1042,8448,1.5157512992620468,0.06171875,-0.8637857139110565,-0.015309169236570597,0.999259889125824,0.37678971886634827,16720,0.3,0.034379765,0.0003
8,200.0,34,3553.720930232558,1041,8704,29.81458939909935,0.04765625,-1.1826253712177277,-0.00952258356846869,0.8233315944671631,18.316911697387695,16730,0.3,0.026748875,0.0003
8,200.0,35,3572.9545454545455,1041,8960,69.56273784637452,0.0671875,-0.7488359123468399,-0.017118138284422456,0.9767403602600098,24.202993392944336,16740,0.3,0.032104045,0.0003
8,200.0,36,3441.086956521739,1040,9216,6.876670074462891,0.024609375,-0.8867533922195434,-0.01492691459134221,0.9939940571784973,1.1203622817993164,16750,0.3,0.009988975,0.0003
9,200.0,37,3390.2127659574467,1041,9472,14.556102848052978,0.022265625,-1.0633631765842437,-0.010870528127998113,0.9780298471450806,2.665231704711914,16760,0.3,0.007245721,0.0003
9,200.0,38,3366.4583333333335,1041,9728,1.3216057240962982,0.06171875,-0.9466120690107346,-0.02079754010774195,0.9989698529243469,0.22642220556735992,16770,0.3,0.031015888,0.0003
9,200.0,39,3348.5714285714284,1042,9984,5.479562592506409,0.049609375,-0.9010525047779083,-0.010770115884952247,0.9965958595275879,0.5916391015052795,16780,0.3,0.016825307,0.0003
9,200.0,40,3356.078431372549,1042,10240,10.925456404685974,0.05390625,-0.9508059978485107,-0.016335988091304897,0.9952534437179565,2.2334446907043457,16790,0.3,0.022400111,0.0003
0,200.0,1,4596.0,1381,256,26.52474203109741,0.00546875,-0.8070837408304214,-0.0026764801936224104,0.9864423871040344,9.143635749816895,16800,0.3,0.0028540348,0.0003
0,200.0,2,2328.0,1139,512,36.41125020980835,0.03203125,-0.9514851748943329,-0.020379051193594934,0.9899795055389404,26.40334701538086,16410,0.3,0.016187724,0.0003
0,200.0,3,3160.0,1097,768,1.0946349993348121,0.047265625,-1.2842532634735107,-0.015293106460012496,0.9997119307518005,0.14870858192443848,16420,0.3,0.023663584,0.0003
0,200.0,4,3250.4,1069,1024,2.737010994553566,0.07890625,-1.0680479466915132,-0.0156464320840314,0.9992226958274841,0.26782435178756714,16430,0.3,0.03321132,0.0003
1,200.0,5,3340.3333333333335,1062,1280,19.490093731880187,0.0046875,-1.0314820617437364,-0.005494142905808986,0.9936918616294861,4.532605171203613,16440,0.3,0.0033853876,0.0003
1,200.0,6,3616.1428571428573,1059,1536,4.135152333974839,0.0171875,-0.927655479311943,-0.01720550828613341,0.9985233545303345,1.31907057762146,16450,0.3,0.011081094,0.0003
1,200.0,7,3610.125,1055,1792,2.8526438772678375,0.008984375,-0.8756177365779877,-0.005026078037917614,0.9988497495651245,0.6568570733070374,16460,0.3,0.008285879,0.0003
1,200.0,8,3825.8,1047,2048,10.771526908874511,0.01640625,-0.9108964413404464,-0.020592169743031262,0.9968825578689575,2.792638063430786,16470,0.3,0.0107349735,0.0003
2,200.0,9,3761.3636363636365,1042,2304,11.212038135528564,0.01171875,-0.8704709589481354,-0.007704305043444037,0.9965100884437561,7.165978908538818,16480,0.3,0.008808244,0.0003
2,200.0,10,3728.5,1045,2560,330.96112022399905,0.0,-0.952215576171875,-0.001793122012168169,0.8002815246582031,53.50764465332031,16490,0.3,0.001595459,0.0003
2,200.0,11,3796.5,1043,2816,8.149061012268067,0.001171875,-0.829079207777977,-0.0018572294618934392,0.9919219017028809,1.5443025827407837,16500,0.3,0.0010095891,0.0003
2,200.0,12,3785.6666666666665,1042,3072,1.5787315756082534,0.1,-0.9402476936578751,-0.018946600286290048,0.9994882941246033,0.4676118493080139,16510,0.3,0.03800095,0.0003
3,200.0,13,3522.1875,1045,3328,41.757008123397824,0.01171875,-1.0325831383466721,-0.004904922191053629,0.9835660457611084,20.535816192626953,16520,0.3,0.0062418403,0.0003
3,200.0,14,3571.470588235294,1041,3584,1.668316900730133,0.006640625,-1.171864879131317,-0.009783088602125645,0.9989843368530273,0.08587376773357391,16530,0.3,0.009605818,0.0003
3,200.0,15,3452.0526315789475,1040,3840,3.6169351994991303,0.02578125,-1.0380091696977616,-0.006449562683701515,0.9989293813705444,2.4107682704925537,16540,0.3,0.014019298,0.0003
3,200.0,16,3519.85,1045,4096,3.210457581281662,0.015625,-1.078127348423004,-0.012867722986266017,0.9989023804664612,1.367419958114624,16550,0.3,0.011975179,0.0003
4,200.0,17,3570.4761904761904,1042,4352,1.9358838140964507,0.03515625,-0.869268873333931,-0.015063017478678376,0.9992813467979431,1.1321429014205933,16560,0.3,0.023276245,0.0003
4,200.0,18,3442.086956521739,1039,4608,28.592307096719743,0.07109375,-0.8419407278299331,-0.005060065072029829,0.9921098351478577,8.926793098449707,16570,0.3,0.022234501,0.0003
4,200.0,19,3449.0,1040,4864,2.8454523265361784,0.09296875,-1.3940072000026702,-0.025095318723469973,0.9979069828987122,1.4103893041610718,16580,0.3,0.032358125,0.0003
4,200.0,20,3493.24,1038,5120,1.990174913406372,0.035546875,-0.8770089566707611,-0.013892882619984448,0.9990927577018738,0.4128201901912689,16590,0.3,0.021213228,0.0003
5,200.0,21,3507.730769230769,1040,5376,1.6376454889774323,0.11640625,-0.8108223706483841,-0.022613026574254035,0.999489426612854,0.478177011013031,16600,0.3,0.02533992,0.0003
5,200.0,22,3541.3214285714284,1042,5632,85.05642318725586,0.011328125,-0.776266673207283,-0.002153107803314924,0.9762464761734009,57.70863723754883,16610,0.3,0.008842522,0.0003
5,200.0,23,3502.448275862069,1039,5888,80.29296917915345,0.05625,-0.9167403995990753,-0.007706909417174756,0.9788570404052734,58.4002685546875,16620,0.3,0.019422991,0.0003
5,200.0,24,3529.9666666666667,1038,6144,6.822044789791107,0.0109375,-0.9802969038486481,-0.009248862229287624,0.9966962337493896,2.304936408996582,16630,0.3,0.0048158383,0.0003
6,200.0,25,3585.96875,1037,6400,7.9999858140945435,0.05859375,-0.9269959658384324,-0.02204989977180958,0.9975296854972839,3.019726276397705,16640,0.3,0.028998744,0.0003
6,200.0,26,3616.4848484848485,1036,6656,32.19320936203003,0.02265625,-0.8643826752901077,-0.0063038901425898075,0.9889476299285889,14.358793258666992,16650,0.3,0.010351138,0.0003
6,200.0,27,3645.235294117647,1034,6912,30.538684368133545,0.077734375,-0.8800180137157441,-0.017733020742889495,0.9909121990203857,20.854677200317383,16660,0.3,0.066553175,0.0003
6,200.0,28,3610.5714285714284,1033,7168,34.448924732208255,0.034375,-0.9415727138519288,-0.004917076323181391,0.9901734590530396,20.63117218017578,16670,0.3,0.018428054,0.0003
7,200.0,29,3637.6216216216217,1034,7424,1.231390182673931,0.042578125,-0.9957239210605622,-0.015479958755895496,0.9990445971488953,0.3490963578224182,16680,0.3,0.03362754,0.0003
7,200.0,30,3661.7368421052633,1034,7680,4.29844728410244,0.074609375,-0.8838117480278015,-0.010176814207807184,0.9988352656364441,1.5262891054153442,16690,0.3,0.012057109,0.0003
7,200.0,31,3648.0,1036,7936,81.02615585327149,0.008203125,-0.8474982440471649,-0.007428360916674137,0.9489818811416626,23.40656852722168,16700,0.3,0.0074618654,0.0003
7,200.0,32,3677.15,1036,8192,19.24101165533066,0.020703125,-0.8208260864019394,-0.014319306961260736,0.9939935803413391,13.821176528930664,16710,0.3,0.013820547,0.0003
8,200.0,33,3697.1666666666665,1032,8448,8.199946069717408,0.00546875,-0.7917092472314835,-0.01406855577370152,0.9969050884246826,2.8997490406036377,16720,0.3,0.004797763,0.0003
8,200.0,34,3699.4186046511627,1033,8704,2.917254889011383,0.0796875,-0.798157986998558,-0.0179349553771317,0.9990957975387573,2.0082035064697266,16730,0.3,0.03512774,0.0003
8,200.0,35,3714.318181818182,1032,8960,32.04213209152222,0.06796875,-0.8062017887830735,-0.008343081991188227,0.9906921982765198,6.364349842071533,16740,0.3,0.024224635,0.0003
8,200.0,36,3731.304347826087,1034,9216,77.7445520401001,0.009375,-0.7433173596858978,-0.011419816594570874,0.9773370623588562,67.79239654541016,16750,0.3,0.0053464305,0.0003
9,200.0,37,3693.404255319149,1034,9472,84.1402400970459,0.00625,-0.7419253379106522,-0.0036937688942998647,0.977890133857727,4.659538745880127,16760,0.3,0.0034538729,0.0003
9,200.0,38,3706.5208333333335,1033,9728,1.7233763575553893,0.027734375,-1.1124863564968108,-0.01667876439169049,0.9991042613983154,0.298372745513916,16770,0.3,0.009699734,0.0003
9,200.0,39,3728.714285714286,1034,9984,1.397658970952034,0.094140625,-0.8229730039834976,-0.022917808801867067,0.9995006322860718,1.0172624588012695,16780,0.3,0.05177767,0.0003
9,200.0,40,3659.764705882353,1033,10240,9.985393130779267,0.040234375,-1.1299852311611176,-0.002916991477832198,0.9901403188705444,1.7470554113388062,16790,0.3,0.0102094095,0.0003
0,200.0,1,4890.0,1349,256,2.200254946947098,0.01796875,-0.9625966519117355,-0.009244491881690919,0.9989227652549744,0.2874029874801636,16800,0.3,0.011589206,0.0003
0,200.0,2,5010.0,1204,512,2.6706301659345626,0.0546875,-0.6811758190393448,-0.010097277909517288,0.9987740516662598,0.2800358533859253,16810,0.3,0.014524482,0.0003
0,200.0,3,3220.0,1168,768,3.75531947016716,0.0265625,-0.6022199749946594,-0.0030568566406145694,0.9985195994377136,1.2533632516860962,16820,0.3,0.011984784,0.0003
0,200.0,4,2884.0,1111,1024,1.0510020155459643,0.069140625,-0.9916523069143295,-0.01377704469487071,0.5394708514213562,0.26673322916030884,16830,0.3,0.011685349,0.0003
1,200.0,5,2578.3333333333335,1104,1280,34.47580070495606,0.01875,-0.5895358413457871,-0.004854264110326767,0.9905692934989929,17.106592178344727,16840,0.3,0.008799058,0.0003
1,200.0,6,2877.1428571428573,1104,1536,37.42768716812134,0.0,-0.6207715541124343,-0.002256910188589245,0.978771448135376,9.453274726867676,16850,0.3,0.0047512082,0.0003
1,200.0,7,3161.25,1091,1792,16.66020987033844,0.003125,-0.4987945020198822,-0.00526582645252347,0.992691695690155,5.317698955535889,16860,0.3,0.0029815868,0.0003
1,200.0,8,2667.0,1085,2048,2.0996189534664156,0.197265625,-1.0662599146366118,-0.025687255524098875,0.9989076852798462,0.8225803375244141,16870,0.3,0.042358972,0.0003
2,200.0,9,2388.181818181818,1083,2304,0.43983043283224105,0.101953125,-1.353938889503479,-0.02340294225141406,0.9995090961456299,0.055481117218732834,16880,0.3,0.04741708,0.0003
2,200.0,10,2618.3333333333335,1077,2560,2.4619605779647826,0.012890625,-1.0918046176433562,-0.0007747650379315019,0.9986401796340942,0.9233801364898682,16890,0.3,0.009088948,0.0003
2,200.0,11,2960.714285714286,1079,2816,3.9807268917560577,0.028125,-0.6082452714443207,-0.005959415232064202,0.9989129900932312,3.1025116443634033,16900,0.3,0.010974885,0.0003
2,200.0,12,2947.3333333333335,1070,3072,17.531202840805054,0.063671875,-0.6343436926603317,0.001556603144854307,0.9930486679077148,6.315763473510742,16910,0.3,0.030036857,0.0003
3,200.0,13,2735.0,1069,3328,27.005565762519836,0.0625,-1.070031476020813,-0.01994322445243597,0.9880402088165283,13.618627548217773,16920,0.3,0.044263005,0.0003
3,200.0,14,2737.0588235294117,1066,3584,0.6603531539440155,0.06796875,-0.9869880557060242,-0.022296254755929112,0.999566376209259,0.10914245247840881,16930,0.3,0.040420756,0.0003
3,200.0,15,2990.5263157894738,1068,3840,5.8214682817459105,0.121875,-0.7696136891841888,-0.0007767367525957525,0.9984409213066101,4.429325580596924,16940,0.3,0.045849852,0.0003
3,200.0,16,3099.5,1064,4096,42.490587782859805,0.0328125,-0.658375722169876,-0.01338090857025236,0.9888774156570435,22.505695343017578,16950,0.3,0.024824727,0.0003
4,200.0,17,2932.8571428571427,1062,4352,4.071815481781959,0.030078125,-0.9562258392572403,-0.01006126671563834,0.9988006949424744,0.409630686044693,16960,0.3,0.015772276,0.0003
4,200.0,18,2797.391304347826,1064,4608,9.116815519332885,0.0046875,-1.264331007003784,0.003987391910050065,0.9923655986785889,2.3313992023468018,16970,0.3,0.0032204303,0.0003
4,200.0,19,2896.25,1062,4864,32.292751502990725,0.03203125,-1.0707537472248077,0.007511675031855703,0.9772007465362549,12.693225860595703,16980,0.3,0.021194525,0.0003
4,200.0,20,2976.0,1059,5120,19.756353044509886,0.002734375,-0.617748749256134,-0.01547387964092195,0.9937385320663452,1.506310224533081,16990,0.3,0.0025343813,0.0003
5,200.0,21,3059.6153846153848,1057,5376,1.7322851240634918,0.01640625,-0.6475733041763305,-0.01458366559818387,0.9994487166404724,0.8080556392669678,17000,0.3,0.012565834,0.0003
5,200.0,22,3155.3571428571427,1059,5632,3.6709495186805725,0.083984375,-0.6684883058071136,-0.007858212548308074,0.999076247215271,2.3971774578094482,17010,0.3,0.019432943,0.0003
5,200.0,23,3057.2413793103447,1056,5888,119.74760551452637,0.026171875,-0.8533656775951386,-0.005116668296977878,0.9537464380264282,26.564132690429688,17020,0.3,0.0100228675,0.0003
5,200.0,24,3126.3333333333335,1057,6144,111.82001247406006,0.00078125,-0.9980131238698959,-0.0021472565364092588,0.9548730254173279,63.08533477783203,17030,0.3,0.0014913902,0.0003
6,200.0,25,3101.25,1053,6400,2.3963832318782807,0.025390625,-1.068004733324051,-0.011691479024011641,0.9988548159599304,0.35771670937538147,17040,0.3,0.025530368,0.0003
6,200.0,26,3155.4545454545455,1052,6656,1.3291662454605102,0.100390625,-0.9980541378259659,-0.023994790576398372,0.9995866417884827,0.7074710726737976,17050,0.3,0.040558122,0.0003
6,200.0,27,3193.529411764706,1052,6912,5.567955601215362,0.040234375,-0.7320065081119538,-0.02451600341591984,0.9983311891555786,3.1761856079101562,17060,0.3,0.036642663,0.0003
6,200.0,28,3228.285714285714,1051,7168,33.808207750320435,0.014453125,-0.7566475212574005,-0.0004141024313867092,0.9830659031867981,9.380730628967285,17070,0.3,0.006535559,0.0003
7,200.0,29,3254.5945945945946,1051,7424,7.2349233508110045,0.0,-0.796184566617012,-0.002541306079365313,0.9975665807723999,1.3212089538574219,17080,0.3,0.0018226132,0.0003
7,200.0,30,3304.2105263157896,1052,7680,128.58886222839357,0.0,-0.6916852205991745,-0.0012639828957617283,0.9586272835731506,93.14137268066406,17090,0.3,0.0006977706,0.0003
7,200.0,31,3351.2820512820513,1052,7936,15.94273488521576,0.0046875,-0.767568302154541,-0.003799067530781031,0.9952408671379089,10.548410415649414,17100,0.3,0.0048019458,0.0003
7,200.0,32,3390.5,1051,8192,1.8080239802598954,0.028515625,-0.8060924112796783,-0.012755212746560574,0.9993652105331421,0.5547061562538147,17110,0.3,0.017712783,0.0003
8,200.0,33,3457.1428571428573,1052,8448,91.30702847242355,0.0125,-0.7932977974414825,-0.0007509247399866581,0.9755767583847046,60.935333251953125,17120,0.3,0.0054520895,0.0003
8,200.0,34,3485.1162790697676,1053,8704,36.51493997573853,0.0046875,-0.9136129736900329,-0.0025672669988125564,0.9898583292961121,9.4346923828125,17130,0.3,0.0019605288,0.0003
8,200.0,35,3522.5,1052,8960,15.488532137870788,0.0,-0.7725425720214844,-0.00016388671938329935,0.9923915863037109,5.743843078613281,17140,0.3,0.00026467466,0.0003
8,200.0,36,3576.9565217391305,1052,9216,2.38440326154232,0.0046875,-0.8165978938341141,-0.009039014438167214,0.9990330934524536,1.001980185508728,17150,0.3,0.006172274,0.0003
8,200.0,37,3605.531914893617,1052,9472,4.460384160280228,0.012890625,-0.8842186957597733,-0.0033977026818320156,0.9987398982048035,3.3214359283447266,17160,0.3,0.008006735,0.0003
9,200.0,38,3613.125,1052,9728,85.73121442198753,0.052734375,-0.8463892221450806,-0.004477310250513256,0.9766942858695984,74.83573150634766,17170,0.3,0.017401788,0.0003
9,200.0,39,3585.1020408163267,1053,9984,32.913146352767946,0.048828125,-1.1279676616191865,-0.009190889308229089,0.9898495674133301,7.9612202644348145,17180,0.3,0.011097592,0.0003
9,200.0,40,3513.725490196078,1052,10240,6.633370101451874,0.04296875,-1.2217288136482238,-0.022919285343959928,0.9972106218338013,2.6032862663269043,17190,0.3,0.031687777,0.0003
0,200.0,1,772.0,1426,256,28.561293363571167,0.023828125,-1.4750091433525085,-0.03006269969046116,0.946609377861023,12.038240432739258,17200,0.3,0.014263651,0.0003
0,200.0,2,2188.0,1195,512,0.6741109520196915,0.195703125,-1.1829684495925903,-0.03682495430111885,0.9996002316474915,0.12211581319570541,16810,0.3,0.059797876,0.0003
0,200.0,3,1712.3333333333333,1129,768,120.94396591186523,0.035546875,-1.1329804122447968,-0.004640030302107334,0.9517228603363037,35.605316162109375,16820,0.3,0.016059818,0.0003
0,200.0,4,1613.8,1112,1024,15.025977420806885,0.0078125,-1.201570838689804,-0.006491303164511919,0.984560489654541,1.898244857788086,16830,0.3,0.006179249,0.0003
1,200.0,5,1708.5,1093,1280,0.38271643966436386,0.176953125,-1.3982523262500763,-0.046816002624109385,0.9996466636657715,0.05259755998849869,16840,0.3,0.050134175,0.0003
1,200.0,6,1507.2857142857142,1080,1536,0.5679594159126282,0.114453125,-1.21822646856308,-0.009271674533374607,0.9996249079704285,0.13855338096618652,16850,0.3,0.04558129,0.0003
1,200.0,7,1592.375,1078,1792,109.66223239898682,0.031640625,-1.311305958032608,0.00015574332792311907,0.9324952960014343,51.97617721557617,16860,0.3,0.0143323755,0.0003
1,200.0,8,1978.9,1074,2048,26.54508547782898,0.0,-1.1105018198490142,-0.0031151734525337814,0.9833746552467346,6.97080135345459,16870,0.3,0.0010423097,0.0003
2,200.0,9,2108.3636363636365,1072,2304,68.55524926185608,0.001171875,-0.9655421614646912,-0.00629081113729626,0.9759506583213806,28.707862854003906,16880,0.3,0.0011396992,0.0003
2,200.0,10,2314.0,1070,2560,100.95936567783356,0.0,-0.9697224050760269,-0.0013137117028236389,0.9666458368301392,25.630685806274414,16890,0.3,0.00038925116,0.0003
2,200.0,11,2500.9285714285716,1070,2816,6.930107766389847,0.003125,-0.9142576694488526,-0.01053951634094119,0.997737467288971,1.560928225517273,16900,0.3,0.0046826154,0.0003
2,200.0,12,2592.866666666667,1065,3072,10.961795330047607,0.01171875,-0.9794923543930054,-0.00184439787408337,0.9948275089263916,2.997792959213257,16910,0.3,0.005537714,0.0003
3,200.0,13,2687.25,1068,3328,11.241046750545502,0.052734375,-0.9600697517395019,-0.012638900731690227,0.9965724349021912,8.029265403747559,16920,0.3,0.091138,0.0003
3,200.0,14,2743.4117647058824,1064,3584,4.8848509907722475,0.05390625,-0.9446083277463913,-0.016103837883565574,0.9983615279197693,2.4120922088623047,16930,0.3,0.01350073,0.0003
3,200.0,15,2869.9473684210525,1067,3840,13.236742639541626,0.0140625,-0.9712461650371551,-0.0026717148255556824,0.9949089288711548,6.397192001342773,16940,0.3,0.0037346256,0.0003
3,200.0,16,2908.4,1063,4096,26.975150322914125,0.003125,-0.9714969843626022,-0.003982387715950608,0.9888227581977844,6.322581768035889,16950,0.3,0.0027423585,0.0003
4,200.0,17,2966.0,1058,4352,11.858900785446167,0.037890625,-0.9424982577562332,-0.00515492600388825,0.9959806799888611,3.2181618213653564,16960,0.3,0.0142708765,0.0003
4,200.0,18,3065.304347826087,1059,4608,4.304178082942963,0.0234375,-0.9290868550539017,-0.008326703822240234,0.9987019896507263,1.4812719821929932,16970,0.3,0.013705675,0.0003
4,200.0,19,3069.2083333333335,1056,4864,6.977535283565521,0.010546875,-0.8812070190906525,-0.002026569447480142,0.99758380651474,4.437207221984863,16980,0.3,0.0029125607,0.0003
4,200.0,20,3110.24,1055,5120,80.29233779907227,0.02890625,-0.9087979376316071,-0.010243555763736367,0.9751992225646973,3.5380678176879883,16990,0.3,0.011044669,0.0003
5,200.0,21,3147.730769230769,1053,5376,2.7730099260807037,0.047265625,-0.8900032579898834,-0.009677818091586233,0.9988766312599182,0.34105435013771057,17000,0.3,0.02023187,0.0003
5,200.0,22,3163.8571428571427,1051,5632,1.4951831594109535,0.092578125,-0.8886341750621796,-0.018377345218323172,0.9995032548904419,0.2893529534339905,17010,0.3,0.0361635,0.0003
5,200.0,23,3072.0689655172414,1051,5888,1.9002712607383727,0.0703125,-1.0517351984977723,-0.01714364970102906,0.9993456602096558,0.4928743541240692,17020,0.3,0.036212593,0.0003
5,200.0,24,3089.0666666666666,1051,6144,11.766199803352356,0.0390625,-1.1815366804599763,-0.015274455095641315,0.9932161569595337,5.818962097167969,17030,0.3,0.026792921,0.0003
6,200.0,25,3019.84375,1052,6400,5.076119554042816,0.0703125,-0.9496225029230118,-0.010845417203381658,0.9972785711288452,1.1289561986923218,17040,0.3,0.031553604,0.0003
6,200.0,26,2944.7272727272725,1052,6656,1228.8933319091798,0.007421875,-1.1522860467433929,0.000660449406132102,0.21630477905273438,249.45901489257812,17050,0.3,0.0045375675,0.0003
6,200.0,27,2936.294117647059,1049,6912,44.04020218849182,0.00078125,-1.2871777832508087,-0.003799899760633707,0.9717085957527161,6.751005172729492,17060,0.3,0.00064985384,0.0003
6,200.0,28,2881.114285714286,1049,7168,2.9890291035175323,0.066015625,-1.1341056942939758,-0.01299410997889936,0.9971815943717957,0.569536566734314,17070,0.3,0.021541534,0.0003
7,200.0,29,2736.5675675675675,1050,7424,10.272098827362061,0.00546875,-1.0013633340597152,0.0003161288797855377,0.9894133806228638,1.7455044984817505,17080,0.3,0.006250727,0.0003
7,200.0,30,2660.0263157894738,1050,7680,4.962851411104202,0.076171875,-1.0871728181838989,-0.021649786457419395,0.9640383720397949,0.7752771377563477,17090,0.3,0.11107007,0.0003
7,200.0,31,2678.2051282051284,1051,7936,0.5750717431306839,0.046484375,-1.320464450120926,-0.012165557034313679,0.9991114139556885,0.03920494019985199,17100,0.3,0.023466505,0.0003
7,200.0,32,2606.8,1051,8192,1.3056256711483,0.0984375,-1.1317874133586883,-0.018434543907642365,0.9991585612297058,0.44409504532814026,17110,0.3,0.038689032,0.0003
8,200.0,33,2648.3333333333335,1051,8448,16.00177470743656,0.0296875,-0.9351205468177796,-0.0007759285741485656,0.9939533472061157,0.7450766563415527,17120,0.3,0.0031677238,0.0003
8,200.0,34,2582.6976744186045,1053,8704,26.307656240463256,0.007421875,-0.9444299161434173,-0.006533173145726323,0.9896026253700256,14.751235961914062,17130,0.3,0.0042656856,0.0003
8,200.0,35,2622.25,1053,8960,1.9585246562957763,0.050390625,-1.2072154581546783,-0.01457780550699681,0.9985167384147644,0.5005260109901428,17140,0.3,0.025522228,0.0003
8,200.0,36,2561.8478260869565,1053,9216,6.4251235783100125,0.01953125,-0.9347621351480484,-0.00852300487458706,0.9975266456604004,4.166730880737305,17150,0.3,0.013871433,0.0003
9,200.0,37,2523.978723404255,1052,9472,4.127778571844101,0.010546875,-1.1483030259609222,-0.012894411175511777,0.9959425926208496,1.470416784286499,17160,0.3,0.009935865,0.0003
9,200.0,38,2492.2708333333335,1052,9728,0.935490807890892,0.070703125,-1.1522148549556732,-0.014464009494986385,0.999413013458252,0.25047919154167175,17170,0.3,0.017326087,0.0003
9,200.0,39,2475.6938775510203,1052,9984,1.4531579494476319,0.069921875,-1.1509059250354767,-0.01712368321605027,0.9986403584480286,0.09278278797864914,17180,0.3,0.061326534,0.0003
9,200.0,40,2455.392156862745,1050,10240,0.3012286238372326,0.16484375,-1.2580368518829346,-0.0335650144610554,0.9995239973068237,0.07812484353780746,17190,0.3,0.095021546,0.0003
0,200.0,1,4210.0,1373,256,27.51479239463806,0.088671875,-0.7226675242185593,0.006157978624105454,0.9887562394142151,13.231512069702148,17200,0.3,0.037760362,0.0003
0,200.0,2,2355.0,1142,512,64.67102460861206,0.00234375,-0.936222243309021,-0.0055184961762279276,0.979011058807373,28.357179641723633,17210,0.3,0.0013372188,0.0003
0,200.0,3,2880.0,1105,768,1498.5647338867188,0.0,-0.893148323893547,-0.00033111287048086523,0.3117923140525818,404.6123352050781,17220,0.3,0.00013783015,0.0003
0,200.0,4,3262.0,1092,1024,384.85169944763186,0.0,-0.9903255045413971,-0.00036564746405929325,0.884039044380188,62.86594772338867,17230,0.3,9.0345275e-06,0.0003
1,200.0,5,3375.0,1069,1280,54.1247820854187,0.008203125,-0.9370530396699905,-0.008532490069046616,0.9754390120506287,16.326309204101562,17240,0.3,0.0061280937,0.0003
1,200.0,6,3425.714285714286,1046,1536,5.501988780498505,0.019140625,-0.988421893119812,-0.015965737181250005,0.9976922869682312,1.3536229133605957,17250,0.3,0.008824304,0.0003
1,200.0,7,3460.0,1034,1792,97.4997053384781,0.016796875,-0.9230040609836578,-0.0027475854381918906,0.9718855023384094,10.156685829162598,17260,0.3,0.0072464743,0.0003
1,200.0,8,3463.0,1027,2048,35.21098690032959,0.02421875,-0.9207284241914749,-0.014127077860757708,0.9883511066436768,3.900768756866455,17270,0.3,0.011158425,0.0003
2,200.0,9,3527.2727272727275,1028,2304,146.84737873077393,0.003125,-1.023069679737091,-0.0024527583620510994,0.9526921510696411,43.54621505737305,17280,0.3,0.0029095085,0.0003
2,200.0,10,3562.5,1026,2560,3.9761594593524934,0.0359375,-0.92508824467659,-0.013571317680180073,0.9986414909362793,1.0806626081466675,17290,0.3,0.012962276,0.0003
2,200.0,11,3563.5714285714284,1026,2816,12.528364634513855,0.01796875,-1.0647172182798386,-0.005295911210123449,0.9945999383926392,3.561331033706665,17300,0.3,0.007882598,0.0003
2,200.0,12,3500.6666666666665,1028,3072,4.625854313373566,0.047265625,-1.0745001763105393,-0.01415950539521873,0.9979062080383301,1.363824486732483,17310,0.3,0.024537776,0.0003
3,200.0,13,3498.125,1023,3328,564.3397571563721,0.001953125,-1.0642339646816255,-0.002101926086470485,0.8131817579269409,244.1315155029297,17320,0.3,0.0021688864,0.0003
3,200.0,14,3511.764705882353,1021,3584,33.896589040756226,0.00234375,-1.1378595948219299,-0.005764865665696561,0.9899990558624268,11.87423038482666,17330,0.3,0.0022836986,0.0003
3,200.0,15,3492.1052631578946,1021,3840,138.29656810760497,0.00703125,-1.0893515348434448,-0.002378457266604528,0.9528726935386658,15.290194511413574,17340,0.3,0.002730213,0.0003
4,200.0,16,3451.0,1017,4096,13.95577676296234,0.0015625,-1.2505935609340668,-0.0053522985894232985,0.9931886196136475,2.3576886653900146,17350,0.3,0.0028409706,0.0003
4,200.0,17,3439.0476190476193,1014,4352,37.52977018356323,0.011328125,-1.129506242275238,-0.00941101424396038,0.9823123812675476,15.522520065307617,17360,0.3,0.0062478324,0.0003
4,200.0,18,3471.7391304347825,1015,4608,24.762656688690186,0.019140625,-1.014692410826683,-0.013529681484214962,0.9894132614135742,5.369690895080566,17370,0.3,0.009581682,0.0003
4,200.0,19,3502.5,1017,4864,15.104607629776002,0.046484375,-1.0492690175771713,-0.01078744838014245,0.9947706460952759,5.233262062072754,17380,0.3,0.014573139,0.0003
5,200.0,20,3519.2,1016,5120,28.41466631889343,0.03203125,-0.963875126838684,-0.005976714449934662,0.9904943108558655,11.521699905395508,17390,0.3,0.014820654,0.0003
5,200.0,21,3506.153846153846,1016,5376,100.89217147827148,0.01328125,-1.1120918452739716,-0.01162194840144366,0.9651696681976318,21.982324600219727,17400,0.3,0.006923874,0.0003
5,200.0,22,3536.785714285714,1016,5632,22.196798419952394,0.00546875,-1.0400465995073318,-0.00561553476145491,0.992962658405304,7.893000602722168,17410,0.3,0.0037675635,0.0003
5,200.0,23,3490.689655172414,1014,5888,1450.8656768798828,0.003515625,-1.0124184727668761,-0.009511321713216603,0.6078062057495117,594.7738037109375,17420,0.3,0.0035536785,0.0003
6,200.0,24,3505.3333333333335,1011,6144,51.80631561279297,0.009375,-0.975760567188263,-0.009241773409303277,0.979017436504364,13.63540267944336,17430,0.3,0.008781061,0.0003
6,200.0,25,3400.0,1013,6400,118.25932102203369,0.0015625,-0.9943789333105088,-0.0030220629065297543,0.9501107335090637,39.69286346435547,17440,0.3,0.0011628317,0.0003
6,200.0,26,3401.5151515151515,1011,6656,66.09785442352295,0.000390625,-1.3753556907176971,-0.006874245312064886,0.9443660974502563,18.554969787597656,17450,0.3,0.0015808786,0.0003
6,200.0,27,3416.176470588235,1012,6912,92.10441775321961,0.0,-1.0616930902004242,-0.002630535326898098,0.9495368003845215,7.641224384307861,17460,0.3,0.001309756,0.0003
7,200.0,28,3438.8571428571427,1012,7168,30.451149225234985,0.01953125,-0.8854285895824432,-0.008834717457648366,0.9886282086372375,11.424774169921875,17470,0.3,0.005544534,0.0003
7,200.0,29,3432.4324324324325,1010,7424,7.629276692867279,0.038671875,-0.9836167246103287,-0.01444601039402187,0.9968536496162415,2.3397998809814453,17480,0.3,0.022572087,0.0003
7,200.0,30,3452.3684210526317,1007,7680,95.747412109375,0.00625,-1.0647995918989182,-0.002435036632232368,0.965263307094574,41.07441711425781,17490,0.3,0.005137194,0.0003
7,200.0,31,3458.2051282051284,1006,7936,21.451715207099916,0.00234375,-0.904178324341774,-0.005478752264752984,0.9899715185165405,4.356520175933838,17500,0.3,0.0026404497,0.0003
8,200.0,32,3458.0,1004,8192,27.81556272506714,0.028125,-1.0074901223182677,-0.008366180141456426,0.9901688694953918,16.99880599975586,17510,0.3,0.018016143,0.0003
8,200.0,33,3458.3333333333335,1005,8448,3.5968639850616455,0.03671875,-1.014979463815689,-0.009717526962049305,0.9983299374580383,1.1884994506835938,17520,0.3,0.019138737,0.0003
8,200.0,34,3475.1162790697676,1005,8704,12.821412515640258,0.024609375,-1.053812238574028,-0.0042355993762612345,0.9956406950950623,8.256402015686035,17530,0.3,0.0097993715,0.0003
8,200.0,35,3484.318181818182,1005,8960,19.25180983543396,0.054296875,-0.9264021933078765,-0.023420629557222128,0.9940253496170044,9.669384956359863,17540,0.3,0.042488553,0.0003
9,200.0,36,3509.5652173913045,1007,9216,3.1266884982585905,0.116796875,-0.8814306288957596,-0.03134261593222618,0.9989647269248962,1.0533345937728882,17550,0.3,0.038498234,0.0003
9,200.0,37,3507.872340425532,1008,9472,492.67882270812987,0.038671875,-0.7753392636775971,-0.0013113897759467364,0.8226847052574158,77.7081298828125,17560,0.3,0.009635104,0.0003
9,200.0,38,3446.25,1009,9728,297.3576232910156,0.0,-0.9822516024112702,-0.001453081937506795,0.8991912603378296,100.91029357910156,17570,0.3,0.00032587163,0.0003
9,200.0,39,3452.0408163265306,1009,9984,12.573359036445618,0.00078125,-0.6333767026662827,-0.0048911539488472044,0.9893828630447388,2.844071388244629,17580,0.3,0.0010438503,0.0003
10,200.0,40,3470.9803921568628,1009,10240,92.30307943820954,0.020703125,-0.8919571906328201,-0.009182386822067201,0.9730463027954102,7.03726053237915,17590,0.3,0.019055886,0.0003
0,200.0,1,4124.0,1369,256,151.75570964813232,0.0,-0.875909435749054,-0.0032869889750145377,0.9492101669311523,83.7130355834961,17600,0.3,0.0007405742,0.0003
0,200.0,2,4003.0,1171,512,33.70639681816101,0.0140625,-0.7399644941091538,-0.005033157160505652,0.9899085164070129,7.442949295043945,17210,0.3,0.0070326626,0.0003
0,200.0,3,4036.0,1105,768,6.13445999622345,0.01640625,-0.7528489828109741,-0.0076721819350495934,0.9968577027320862,2.931290626525879,17220,0.3,0.007704991,0.0003
0,200.0,4,3641.4,1084,1024,4.080603271722794,0.075,-0.7640302270650864,-0.022321699117310346,0.9985901117324829,0.5393555760383606,17230,0.3,0.027868625,0.0003
1,200.0,5,3754.3333333333335,1063,1280,417.39617309570315,0.016796875,-0.8203207343816757,-0.004644815996289253,0.8121107220649719,93.11727142333984,17240,0.3,0.0066229794,0.0003
1,200.0,6,3652.8571428571427,1056,1536,271.96099815368655,0.00078125,-0.7386387646198272,-0.0009397794376127422,0.9265867471694946,54.86672592163086,17250,0.3,0.000982041,0.0003
1,200.0,7,3252.875,1052,1792,205.5137481689453,0.0,-0.7614091545343399,0.0003754917299374938,0.8949798941612244,64.0756607055664,17260,0.3,2.2857683e-05,0.0003
1,200.0,8,3390.9,1037,2048,77.95598096847534,0.0,-0.7522886037826538,-0.000864897109568119,0.9623812437057495,14.353696823120117,17270,0.3,0.0003948775,0.0003
2,200.0,9,3435.3636363636365,1038,2304,63.35236940383911,0.0015625,-0.7679885506629944,-0.0047245796769857405,0.973517894744873,18.671268463134766,17280,0.3,0.0015496258,0.0003
2,200.0,10,3410.9166666666665,1039,2560,12.436323809623719,0.013671875,-0.7665701180696487,-0.011375969974324107,0.9957957863807678,2.918527603149414,17290,0.3,0.010659753,0.0003
2,200.0,11,3524.0714285714284,1040,2816,2.831134968996048,0.04296875,-0.9107968062162399,-0.020998045150190593,0.9986138939857483,0.6419238448143005,17300,0.3,0.01258315,0.0003
2,200.0,12,3432.4,1032,3072,5.982006311416626,0.030859375,-0.7772752553224563,-0.00842388584278524,0.9980672597885132,1.4936894178390503,17310,0.3,0.020848872,0.0003
3,200.0,13,3472.5625,1034,3328,46.218201065063475,0.0375,-0.8912452727556228,-0.012823744979687034,0.9766130447387695,2.088970899581909,17320,0.3,0.018350076,0.0003
3,200.0,14,3522.1176470588234,1032,3584,3.086224091053009,0.03359375,-0.8222813367843628,-0.019366737594828008,0.998735785484314,0.8474409580230713,17330,0.3,0.020545615,0.0003
3,200.0,15,3567.157894736842,1029,3840,10.915379822254181,0.0421875,-0.7811422556638717,-0.016784036112949253,0.9960834383964539,6.49853515625,17340,0.3,0.016814677,0.0003
3,200.0,16,3606.8,1024,4096,3.4245739042758943,0.05,-0.8124256879091263,-0.011793378368020057,0.9989181756973267,0.7220059037208557,17350,0.3,0.025288701,0.0003
4,200.0,17,3608.285714285714,1024,4352,86.39966070652008,0.03203125,-0.8494729161262512,-0.0073390858946368095,0.9754173159599304,58.57461929321289,17360,0.3,0.02781955,0.0003
4,200.0,18,3437.1739130434785,1027,4608,39.855321407318115,0.004296875,-0.8901056319475174,-0.00499135407153517,0.9832941889762878,13.816452980041504,17370,0.3,0.0038107873,0.0003
4,200.0,19,3358.25,1028,4864,374.64540710449216,0.0015625,-1.0028808206319808,-0.0016299037262797356,0.7989255785942078,52.979862213134766,17380,0.3,0.0015881357,0.0003
4,200.0,20,3387.36,1028,5120,57.958706855773926,0.01171875,-0.5521447598934174,-0.012569574476219713,0.972699761390686,28.68764305114746,17390,0.3,0.0063247317,0.0003
5,200.0,21,3432.6923076923076,1025,5376,168.93558902740477,0.000390625,-0.8394360035657883,-0.001109771546907723,0.9370737075805664,48.07010269165039,17400,0.3,0.0013445087,0.0003
5,200.0,22,3486.75,1022,5632,5.413065749406814,0.02421875,-0.8178666651248931,-0.007894976390525698,0.9979901909828186,0.9038982391357422,17410,0.3,0.012246976,0.0003
5,200.0,23,3516.689655172414,1023,5888,12.064445996284485,0.008984375,-0.7771862655878067,-0.0074620932340621945,0.9951409697532654,3.0949277877807617,17420,0.3,0.0041481154,0.0003
5,200.0,24,3536.0666666666666,1024,6144,80.5193074464798,0.014453125,-0.7824964225292206,-0.0060302713885903355,0.976686954498291,65.16741943359375,17430,0.3,0.014683269,0.0003
6,200.0,25,3534.6875,1025,6400,3.7499357581138613,0.02421875,-0.815173727273941,-0.008165012148674577,0.998303234577179,1.2549062967300415,17440,0.3,0.011716837,0.0003
6,200.0,26,3558.3333333333335,1024,6656,5.303036630153656,0.026171875,-0.8357173472642898,-0.009471607231535017,0.997995138168335,2.5468084812164307,17450,0.3,0.02252191,0.0003
6,200.0,27,3572.676470588235,1024,6912,3.1804375886917113,0.056640625,-0.7295360743999482,-0.01683074878528714,0.9990406632423401,0.4231988787651062,17460,0.3,0.028105415,0.0003
6,200.0,28,3493.542857142857,1025,7168,153.688720703125,0.00078125,-0.8101776629686356,-0.0009240694809705019,0.935326099395752,38.94142532348633,17470,0.3,0.003091678,0.0003
7,200.0,29,3485.891891891892,1026,7424,31.236000776290894,0.001171875,-0.7675917983055115,-0.0063413095311261715,0.9857481718063354,8.158547401428223,17480,0.3,0.0026373304,0.0003
7,200.0,30,3462.7368421052633,1027,7680,111.89130725860596,0.014453125,-0.822616097331047,-0.014603620860725641,0.9610801935195923,19.735597610473633,17490,0.3,0.0072920304,0.0003
7,200.0,31,3467.102564102564,1028,7936,136.6423176765442,0.00234375,-0.7706634134054184,-0.0037224790081381797,0.9322869777679443,54.15581512451172,17500,0.3,0.0022442564,0.0003
7,200.0,32,3456.125,1028,8192,118.29615087509156,0.00859375,-0.7832282841205597,-0.011450511240400373,0.9621121287345886,28.787498474121094,17510,0.3,0.009601436,0.0003
8,200.0,33,3467.9285714285716,1028,8448,27.038955163955688,0.009375,-0.8972041189670563,-0.00679689843673259,0.9885173439979553,11.745523452758789,17520,0.3,0.0036423313,0.0003
8,200.0,34,3494.1162790697676,1023,8704,17.045658159255982,0.0046875,-0.8008633315563202,-0.005070358235388994,0.9937295913696289,3.3757359981536865,17530,0.3,0.005466991,0.0003
8,200.0,35,3518.409090909091,1023,8960,6.638733088970184,0.002734375,-0.7464004814624786,-0.002507455972954631,0.9971899390220642,3.7578649520874023,17540,0.3,0.003895305,0.0003
9,200.0,36,3446.804347826087,1022,9216,4.512470138072968,0.03203125,-1.1477023363113403,-0.012325887661427259,0.9966645240783691,1.3202799558639526,17550,0.3,0.014273328,0.0003
9,200.0,37,3375.3829787234044,1016,9472,29.723285031318664,0.005078125,-0.9508124172687531,-0.003846296644769609,0.9907150268554688,8.34754467010498,17560,0.3,0.0036103919,0.0003
9,200.0,38,3400.7916666666665,1016,9728,12.070952713489532,0.0,-1.1933728754520416,-0.0018735310062766076,0.9803269505500793,1.6215816736221313,17570,0.3,0.0019160293,0.0003
9,200.0,39,3429.2448979591836,1015,9984,100.38826830387116,0.024609375,-0.8048583596944809,-0.008784570312127472,0.9725469946861267,67.12700653076172,17580,0.3,0.012438383,0.0003
10,200.0,40,3389.2156862745096,1016,10240,1.8723512232303618,0.033203125,-1.1115051865577699,-0.01518930373713374,0.9992697238922119,1.0461775064468384,17590,0.3,0.022246523,0.0003
0,200.0,1,3450.0,1381,256,33.12110548019409,0.018359375,-0.9350478649139404,-0.0027094216784462333,0.9867311716079712,13.56135082244873,17600,0.3,0.009808905,0.0003
0,200.0,2,2025.0,1212,512,9.035523295402527,0.00546875,-1.0524438261985778,-0.008127700304612517,0.9963912963867188,2.7601194381713867,17610,0.3,0.0046967,0.0003
0,200.0,3,2820.0,1146,768,6.253775745630264,0.0234375,-0.9792152941226959,-0.01108356707263738,0.9952489733695984,0.6712915897369385,17620,0.3,0.01484409,0.0003
0,200.0,4,2212.0,1113,1024,12.683205151557923,0.105078125,-1.1499104917049408,-0.015016047237440943,0.9922835230827332,4.85276460647583,17630,0.3,0.03838758,0.0003
1,200.0,5,2376.6666666666665,1081,1280,41.043110370635986,0.0140625,-0.8872541964054108,0.0027630079071968793,0.981629490852356,5.336221218109131,17640,0.3,0.009309162,0.0003
1,200.0,6,2495.714285714286,1080,1536,182.53524951934816,0.041015625,-0.9046107739210129,-0.006705127377063036,0.937728762626648,103.8295669555664,17650,0.3,0.03009414,0.0003
1,200.0,7,2793.75,1059,1792,3.5454777479171753,0.0578125,-0.8493481338024139,-0.013746561435982584,0.9980031847953796,0.6787188649177551,17660,0.3,0.06535447,0.0003
1,200.0,8,3192.0,1043,2048,4.7742881059646605,0.03359375,-0.7272224217653275,-0.005899631208740175,0.998232364654541,2.1413490772247314,17670,0.3,0.015708305,0.0003
2,200.0,9,3341.818181818182,1033,2304,38.28576531410217,0.00703125,-0.7640864342451096,-0.00783464489504695,0.9895654320716858,7.9517412185668945,17680,0.3,0.005366113,0.0003
2,200.0,10,3473.3333333333335,1021,2560,4.626295959949493,0.021484375,-0.7244791209697723,-0.01323020989075303,0.9979354739189148,1.0416946411132812,17690,0.3,0.011857103,0.0003
2,200.0,11,3544.285714285714,1024,2816,99.76204509735108,0.003125,-0.7354789853096009,-0.004612426925450564,0.9728360176086426,79.33502960205078,17700,0.3,0.0031289419,0.0003
3,200.0,12,3620.6666666666665,1007,3072,788.5989219665528,0.0,-0.7039864033460617,-0.0012862907256931066,0.6099455952644348,118.89820861816406,17710,0.3,0.00016146014,0.0003
3,200.0,13,3686.875,1008,3328,44.96996178627014,0.0,-0.7516075223684311,-0.000703504157718271,0.9877668023109436,4.831097602844238,17720,0.3,0.00011167838,0.0003
3,200.0,14,3700.5882352941176,1006,3584,7.678736090660095,0.00625,-0.7059803754091263,-0.005371574964374304,0.9971926808357239,3.907841444015503,17730,0.3,0.004557685,0.0003
3,200.0,15,3817.3684210526317,1007,3840,3.2381600975990295,0.021875,-0.7070763498544693,-0.006653524143621326,0.9989726543426514,1.1438026428222656,17740,0.3,0.011584081,0.0003
4,200.0,16,3848.5,1008,4096,34.15637888908386,0.021875,-0.7104486763477326,-0.010343992058187724,0.990837037563324,4.422501564025879,17750,0.3,0.016901873,0.0003
4,200.0,17,3898.095238095238,1011,4352,14.553428483009338,0.016796875,-0.6782025396823883,-0.009404559852555394,0.99599289894104,2.1480331420898438,17760,0.3,0.01142457,0.0003
4,200.0,18,3912.1739130434785,1011,4608,125.44456310272217,0.0078125,-0.6373658508062363,0.0034225893672555686,0.954383373260498,40.20254135131836,17770,0.3,0.0029178082,0.0003
4,200.0,19,3952.5,1013,4864,74.75690622329712,0.0,-0.6352640748023987,-0.0024695951491594315,0.9798523187637329,45.419761657714844,17780,0.3,0.0002013375,0.0003
5,200.0,20,3990.0,1010,5120,5.831876635551453,0.005859375,-0.6043363034725189,-0.00475276866927743,0.9977798461914062,2.121967315673828,17790,0.3,0.0056428765,0.0003
5,200.0,21,4024.6153846153848,1008,5376,4.461207783222198,0.028515625,-0.6530618965625763,-0.0043779294937849045,0.9984285831451416,1.0490763187408447,17800,0.3,0.011973407,0.0003
5,200.0,22,4087.5,1005,5632,3.5665674448013305,0.00546875,-0.6566011130809783,-0.0033234303467907012,0.999081015586853,0.6766221523284912,17810,0.3,0.004288369,0.0003
5,200.0,23,4083.448275862069,1007,5888,6.005435717105866,0.06171875,-0.7827427327632904,-0.016420805221423508,0.9979900121688843,2.9423015117645264,17820,0.3,0.024395347,0.0003
6,200.0,24,4103.0,1008,6144,29.92473030090332,0.020703125,-0.663578450679779,-0.0037775534903630613,0.9871100783348083,7.519044876098633,17830,0.3,0.011148521,0.0003
6,200.0,25,4145.3125,1007,6400,3.2152712106704713,0.025,-0.7250086098909378,-0.010870856093242764,0.9989253878593445,1.877512812614441,17840,0.3,0.013899261,0.0003
6,200.0,26,4168.181818181818,1009,6656,11.634146547317505,0.0234375,-0.6928833663463593,-0.00207484420388937,0.9967537522315979,9.717568397521973,17850,0.3,0.013888725,0.0003
6,200.0,27,4190.588235294118,1006,6912,4.746932411193848,0.04453125,-0.7499151438474655,-0.009734941634815187,0.9987125992774963,2.7108495235443115,17860,0.3,0.015149131,0.0003
7,200.0,28,4210.571428571428,1005,7168,13.842682719230652,0.030859375,-0.7379776418209076,-0.015447120927274228,0.9960857629776001,8.190102577209473,17870,0.3,0.020860024,0.0003
7,200.0,29,4234.054054054054,1006,7424,3.6193327724933626,0.005078125,-0.7563744962215424,-0.003792878839885816,0.9988825917243958,1.4246225357055664,17880,0.3,0.006421538,0.0003
7,200.0,30,4252.368421052632,1007,7680,3.2982543230056764,0.030859375,-0.7945418268442154,-0.007261836918769404,0.9985932111740112,0.7784731388092041,17890,0.3,0.01823124,0.0003
7,200.0,31,4263.076923076923,1004,7936,7.773738718032837,0.021875,-0.7263331681489944,-0.0032621246995404364,0.9978898763656616,2.7575643062591553,17900,0.3,0.009227074,0.0003
8,200.0,32,4285.0,1004,8192,12.98232934474945,0.10234375,-0.7269146531820297,-0.011160047072917224,0.9965739846229553,5.022133827209473,17910,0.3,0.02960366,0.0003
8,200.0,33,4314.523809523809,1005,8448,7.714230418205261,0.041015625,-0.7067003935575485,-0.010770166269503533,0.9979124665260315,2.54117751121521,17920,0.3,0.02749791,0.0003
8,200.0,34,4328.604651162791,1003,8704,98.61932241916656,0.025390625,-0.7578500598669052,-0.0002500956179574132,0.9737278819084167,83.51898193359375,17930,0.3,0.0092196325,0.0003
8,200.0,35,4341.590909090909,1003,8960,58.610443639755246,0.01875,-0.7961966872215271,-0.005927522107958794,0.9839649796485901,5.170619010925293,17940,0.3,0.0058341837,0.0003
9,200.0,36,4351.521739130435,1003,9216,9.451772332191467,0.027734375,-0.748125997185707,-0.014207782340236008,0.9966129660606384,2.5666725635528564,17950,0.3,0.013864442,0.0003
9,200.0,37,4358.297872340426,1002,9472,66.26674907207489,0.025,-0.7364405423402787,-0.0062032514717429875,0.9819748401641846,22.843061447143555,17960,0.3,0.021711316,0.0003
9,200.0,38,4369.166666666667,1002,9728,10.304911398887635,0.0140625,-0.6781066685914994,-0.0032040075748227537,0.9972339272499084,5.261396408081055,17970,0.3,0.0038522917,0.0003
9,200.0,39,4379.7959183673465,1000,9984,4.7138207912445065,0.026953125,-0.6973658800125122,-0.0036169119412079453,0.9986722469329834,1.796869158744812,17980,0.3,0.018431675,0.0003
10,200.0,40,4405.294117647059,1001,10240,1.712168312072754,0.075,-0.7325062185525895,-0.016555971885100006,0.9994415044784546,0.7318355441093445,17990,0.3,0.027895838,0.0003
0,200.0,1,4556.0,1400,256,16.714648044109346,0.075,-0.7827781587839127,-0.005587095394730568,0.9953117966651917,11.318686485290527,18000,0.3,0.020964418,0.0003
0,200.0,2,4553.5,1156,512,6.737730407714844,0.07109375,-0.8705383241176605,-0.040667575458064674,0.9980005025863647,2.790210485458374,17610,0.3,0.04224856,0.0003
0,200.0,3,4717.333333333333,1113,768,4.7011516213417055,0.048828125,-0.8507810294628143,-0.016947876755148174,0.9979411959648132,0.6765293478965759,17620,0.3,0.028125443,0.0003
0,200.0,4,4854.0,1067,1024,3.2017937690019607,0.087890625,-0.7027892738580703,-0.018744108453392982,0.9991492629051208,1.392108678817749,17630,0.3,0.038767513,0.0003
1,200.0,5,4851.0,1059,1280,6.470928367972374,0.021875,-0.7528340488672256,-0.004759798030136153,0.9981592297554016,2.7486460208892822,17640,0.3,0.015442694,0.0003
1,200.0,6,4905.142857142857,1047,1536,50.7468243598938,0.0234375,-0.7166942358016968,-0.006215533590875566,0.986853301525116,13.553810119628906,17650,0.3,0.008850077,0.0003
1,200.0,7,4921.375,1053,1792,4.755425351858139,0.028125,-0.7024108678102493,-0.018973819632083177,0.9987079501152039,0.557142972946167,17660,0.3,0.013899904,0.0003
1,200.0,8,4896.6,1043,2048,8.690361285209656,0.0953125,-0.7883677572011948,-0.012542145233601332,0.9973272085189819,6.146638870239258,17670,0.3,0.031988665,0.0003
2,200.0,9,4912.545454545455,1046,2304,28.663409841060638,0.05390625,-0.8147111117839814,-0.02334965035552159,0.9926379323005676,7.162853240966797,17680,0.3,0.02623567,0.0003
2,200.0,10,4924.333333333333,1044,2560,82.87131686210633,0.00390625,-0.7777183353900909,-0.004082253924570978,0.9782459139823914,73.43159484863281,17690,0.3,0.0045024324,0.0003
2,200.0,11,4944.857142857143,1041,2816,4.048925387859344,0.027734375,-0.77745121717453,-0.017294935416430235,0.9986713528633118,1.148550033569336,17700,0.3,0.008050747,0.0003
2,200.0,12,4967.2,1040,3072,55.96561815738678,0.02890625,-0.8214098453521729,-0.011351461173035204,0.9862350225448608,21.367006301879883,17710,0.3,0.026252693,0.0003
3,200.0,13,4972.0625,1037,3328,2.1117735624313356,0.0359375,-0.8303143292665481,-0.009704016894102097,0.9993818998336792,0.8758758306503296,17720,0.3,0.020659408,0.0003
3,200.0,14,4977.823529411765,1036,3584,1.049657716229558,0.145703125,-0.8304013729095459,-0.021511106425896286,0.9997013211250305,0.87769615650177,17730,0.3,0.093210265,0.0003
3,200.0,15,4872.789473684211,1041,3840,85.5292428970337,0.04609375,-0.8289235472679138,0.0012087536044418812,0.9783744812011719,24.09756851196289,17740,0.3,0.013711572,0.0003
3,200.0,16,4609.55,1032,4096,49.024078130722046,0.0,-0.7889682680368424,0.0010552359279245138,0.9789034128189087,3.821671485900879,17750,0.3,0.002271106,0.0003
4,200.0,17,4619.0,1032,4352,17.71227009296417,0.012109375,-1.3501563310623168,-0.01283527621999383,0.991174042224884,7.9413161277771,17760,0.3,0.017085848,0.0003
4,200.0,18,4646.565217391304,1034,4608,4.641010594367981,0.012109375,-0.9270147085189819,-0.009639536030590534,0.9982214570045471,1.6219007968902588,17770,0.3,0.007617674,0.0003
4,200.0,19,4664.333333333333,1037,4864,5.5674778580665585,0.064453125,-0.9175751030445098,-0.020037241652607916,0.9982869625091553,2.778350830078125,17780,0.3,0.022510128,0.0003
4,200.0,20,4680.24,1036,5120,29.055199599266054,0.021875,-0.8879280537366867,-0.011652637366205454,0.9925577044487,21.088117599487305,17790,0.3,0.014730203,0.0003
5,200.0,21,4695.384615384615,1037,5376,27.392628222703934,0.068359375,-0.9071792840957642,-0.01241174100432545,0.9928824305534363,1.8493613004684448,17800,0.3,0.009367513,0.0003
5,200.0,22,4729.0,1038,5632,9.58927791416645,0.021484375,-0.9100362300872803,-0.006929137744009495,0.9974465370178223,0.42189523577690125,17810,0.3,0.0067172907,0.0003
5,200.0,23,4740.482758620689,1038,5888,83.84994096755982,0.0,-0.8991852074861526,0.0007664630655199289,0.9785556793212891,8.634588241577148,17820,0.3,0.00064512575,0.0003
5,200.0,24,4751.266666666666,1039,6144,80.51171782016755,0.041015625,-0.950652864575386,-0.00956371104111895,0.9795055389404297,55.23725128173828,17830,0.3,0.020886224,0.0003
6,200.0,25,4761.8125,1040,6400,21.03547077178955,0.014453125,-0.9653279155492782,-0.011965796037111431,0.9940361976623535,9.285515785217285,17840,0.3,0.0087143155,0.0003
6,200.0,26,4770.939393939394,1036,6656,5.703014251589775,0.03984375,-0.9655288726091384,-0.017943052016198634,0.9983352422714233,4.402153491973877,17850,0.3,0.021260884,0.0003
6,200.0,27,4779.558823529412,1037,6912,81.64409742355346,0.083203125,-0.9368443548679352,0.0019768208265304567,0.9795562028884888,25.11928367614746,17860,0.3,0.02475917,0.0003
6,200.0,28,4787.657142857143,1038,7168,3.5354011595249175,0.076171875,-0.9548680931329727,-0.02293385562952608,0.9989961385726929,0.134390190243721,17870,0.3,0.021766596,0.0003
7,200.0,29,4599.054054054054,1039,7424,69.10250091552734,0.01015625,-0.8583914071321488,-0.005385222262702882,0.9746344089508057,13.316729545593262,17880,0.3,0.0064173816,0.0003
7,200.0,30,4577.815789473684,1039,7680,454.53891830444337,0.0,-1.0447788476943969,-0.0008709863759577274,0.7079413533210754,153.337890625,17890,0.3,0.00024101231,0.0003
7,200.0,31,4583.589743589743,1040,7936,53.88578958511353,0.0,-0.9377247452735901,-0.0015463393880054354,0.9730623364448547,14.5696439743042,17900,0.3,0.0004092271,0.0003
7,200.0,32,4587.35,1042,8192,230.18991775512694,0.00078125,-0.9377580970525742,-0.005957428645342588,0.9285740256309509,107.984375,17910,0.3,0.0019068534,0.0003
8,200.0,33,4609.714285714285,1042,8448,36.08422298431397,0.0015625,-0.9310222893953324,-0.0012226712191477419,0.9785338640213013,0.6236538887023926,17920,0.3,0.0024935305,0.0003
8,200.0,34,4609.395348837209,1039,8704,133.774400138855,0.0203125,-0.9563019841909408,-0.00820157325360924,0.9663189053535461,91.53956604003906,17930,0.3,0.011814933,0.0003
8,200.0,35,4614.090909090909,1039,8960,404.4551315307617,0.0,-1.0036120414733887,-0.004099465277977288,0.8710435628890991,170.193359375,17940,0.3,0.0012553686,0.0003
8,200.0,36,4628.108695652174,1038,9216,139.10256099700928,0.0,-0.9771496295928955,-0.0028390590101480483,0.9580675959587097,44.26603698730469,17950,0.3,0.0005754512,0.0003
9,200.0,37,4632.574468085107,1039,9472,6.518359714746476,0.02421875,-0.9705108523368835,-0.010651293583214283,0.9980301260948181,0.9228289723396301,17960,0.3,0.013206535,0.0003
9,200.0,38,4631.4375,1039,9728,12.659112071990966,0.012890625,-0.9619855523109436,-0.0047165410709567365,0.99600750207901,3.335721731185913,17970,0.3,0.01000992,0.0003
9,200.0,39,4634.959183673469,1040,9984,4.236190041899681,0.057421875,-0.925096184015274,-0.009746193327009678,0.9988148808479309,1.2083758115768433,17980,0.3,0.022930067,0.0003
9,200.0,40,4646.686274509804,1040,10240,7.043382358551026,0.08515625,-0.9052714318037033,-0.017127738147974015,0.997685432434082,4.686709880828857,17990,0.3,0.026968181,0.0003
0,200.0,1,5150.0,1347,256,33.78404047489166,0.02578125,-0.8941046833992005,-0.008471135655418039,0.9909859299659729,5.043252468109131,18000,0.3,0.008217555,0.0003
0,200.0,2,4530.0,1174,512,172.78358612060546,0.003515625,-0.8083994925022125,-0.002667330577969551,0.9537178874015808,116.89197540283203,18010,0.3,0.003473016,0.0003
0,200.0,3,4650.0,1128,768,263.59962577819823,0.0,-0.8367690771818161,-0.0012512586778029799,0.9081571698188782,85.6512680053711,18020,0.3,0.0006628034,0.0003
0,200.0,4,4804.0,1095,1024,5.400180959701538,0.03984375,-0.8277179390192032,-0.01849393886514008,0.9967256784439087,0.2771216332912445,18030,0.3,0.027047664,0.0003
1,200.0,5,4825.0,1084,1280,9.815809512138367,0.074609375,-0.8791602075099945,-0.008391115674749016,0.9972642064094543,4.549499034881592,18040,0.3,0.019368328,0.0003
1,200.0,6,4835.714285714285,1085,1536,101.44215319156646,0.026953125,-0.8752863675355911,-0.010922244074754417,0.9732794761657715,73.87633514404297,18050,0.3,0.013531724,0.0003
1,200.0,7,4788.75,1071,1792,13.586644172668457,0.02578125,-0.888739264011383,-0.018529970711097122,0.9960716366767883,6.621007442474365,18060,0.3,0.027639747,0.0003
1,200.0,8,4836.0,1070,2048,76.06582183837891,0.011328125,-0.8220158725976944,-0.006872953660786152,0.9685788750648499,29.384870529174805,18070,0.3,0.006492241,0.0003
2,200.0,9,4862.727272727273,1063,2304,14.261555176973342,0.01015625,-0.8326750308275223,-0.005204599280841648,0.9951463937759399,0.8669095039367676,18080,0.3,0.007858606,0.0003
2,200.0,10,4685.833333333333,1051,2560,1.3187000930309296,0.133984375,-0.8401832669973374,-0.03394484908785671,0.9996159076690674,0.11042898148298264,18090,0.3,0.1720322,0.0003
2,200.0,11,4046.4285714285716,1050,2816,81.7605672121048,0.00546875,-0.18497442528605462,-0.005888412555214018,0.9625756740570068,4.90344762802124,18100,0.3,0.0030627453,0.0003
2,200.0,12,3766.6666666666665,1052,3072,20.02806398868561,0.0,-0.39297626465559005,-0.0003099660621955991,0.9715730547904968,5.729599952697754,18110,0.3,0.0018862986,0.0003
3,200.0,13,3593.75,1053,3328,0.8053724013268948,0.019140625,-0.1488154150545597,-0.011029426392633468,0.9955777525901794,0.20525376498699188,18120,0.3,0.0026253639,0.0003
3,200.0,14,3358.823529411765,1052,3584,42.36498703956604,0.04296875,-0.37119934260845183,-0.008574851881712675,0.9472013115882874,15.853498458862305,18130,0.3,0.035809048,0.0003
3,200.0,15,3374.7368421052633,1052,3840,44.94227232933044,0.04296875,-0.716795203089714,-0.02355009438470006,0.9802798628807068,13.752381324768066,18140,0.3,0.023642309,0.0003
3,200.0,16,3424.5,1050,4096,107.97205896377564,0.006640625,-0.863852658867836,-0.0037757193436846136,0.966921865940094,67.8447494506836,18150,0.3,0.0037450166,0.0003
4,200.0,17,3491.4285714285716,1047,4352,32.65211720466614,0.030859375,-0.8009181886911392,-0.01745722572086379,0.9896268248558044,13.134995460510254,18160,0.3,0.023039952,0.0003
4,200.0,18,3625.6521739130435,1047,4608,10.410674834251404,0.03828125,-0.8178907990455627,-0.024460159381851553,0.9964512586593628,3.2512433528900146,18170,0.3,0.024902487,0.0003
4,200.0,19,3626.25,1048,4864,10.177503514289857,0.025390625,-0.8127696633338928,-0.014746332308277488,0.997002124786377,6.008028507232666,18180,0.3,0.01021747,0.0003
4,200.0,20,3678.4,1047,5120,85.1229645729065,0.006640625,-0.8919638007879257,-0.001159003982320428,0.9712318778038025,50.396968841552734,18190,0.3,0.002350636,0.0003
5,200.0,21,3704.6153846153848,1046,5376,54.23986473083496,0.0,-0.9478089064359665,-0.001241860375739634,0.9817923903465271,27.668296813964844,18200,0.3,0.00084363366,0.0003
5,200.0,22,3789.285714285714,1045,5632,2.727008716762066,0.0421875,-0.8411632001399993,-0.026750509394332767,0.9989063739776611,1.042273759841919,18210,0.3,0.033764817,0.0003
5,200.0,23,3827.9310344827586,1047,5888,37.94448094367981,0.03125,-0.7807353228330612,-0.010712230089120566,0.9899699091911316,2.1801955699920654,18220,0.3,0.013751088,0.0003
5,200.0,24,3864.0,1045,6144,4.895445582270622,0.07109375,-0.8024631261825561,-0.013119392190128564,0.9986459612846375,3.7304775714874268,18230,0.3,0.03167094,0.0003
6,200.0,25,3929.6875,1045,6400,11.917414951324464,0.00234375,-0.8389423787593842,-0.002190315490588546,0.9950952529907227,4.865818977355957,18240,0.3,0.0046514347,0.0003
6,200.0,26,3959.090909090909,1045,6656,15.475884795188904,0.023828125,-0.8479797720909119,-0.00489894391503185,0.9957765936851501,3.9043242931365967,18250,0.3,0.007733617,0.0003
6,200.0,27,3987.6470588235293,1045,6912,6.688344079256058,0.046875,-0.8441875338554382,-0.01644807429984212,0.9981323480606079,3.1675233840942383,18260,0.3,0.025398307,0.0003
6,200.0,28,4014.5714285714284,1046,7168,12.113473990559578,0.02890625,-0.8598143637180329,-0.0031043377006426454,0.9968801140785217,3.24951434135437,18270,0.3,0.013271654,0.0003
7,200.0,29,4041.891891891892,1045,7424,6.329384189844132,0.071875,-0.8741652488708496,-0.018201701575890183,0.9982786178588867,3.0501818656921387,18280,0.3,0.047313243,0.0003
7,200.0,30,4065.0,1044,7680,62.203310108184816,0.020703125,-0.9012780129909516,-0.00613327156752348,0.9836969375610352,11.96158218383789,18290,0.3,0.0049171867,0.0003
7,200.0,31,4085.3846153846152,1045,7936,15.113701987266541,0.004296875,-0.8664221853017807,-0.0028088171500712635,0.9962644577026367,1.3763840198516846,18300,0.3,0.0027918424,0.0003
7,200.0,32,4033.25,1045,8192,16.51488127708435,0.026171875,-0.9462721884250641,-0.011821729876101018,0.9947508573532104,5.940859317779541,18310,0.3,0.016348228,0.0003
8,200.0,33,4081.4285714285716,1045,8448,1.9581736326217651,0.059375,-1.0055333018302917,-0.023059831070713698,0.9990407228469849,0.37015610933303833,18320,0.3,0.025181215,0.0003
8,200.0,34,4106.7441860465115,1045,8704,138.03860063552855,0.05234375,-0.8211981803178787,-0.0073179206112399696,0.9638761281967163,103.16094207763672,18330,0.3,0.02354542,0.0003
8,200.0,35,4130.909090909091,1044,8960,29.496853816509248,0.0265625,-0.8443602055311203,-0.006522996013518423,0.9925752282142639,27.351247787475586,18340,0.3,0.00932386,0.0003
8,200.0,36,4165.217391304348,1044,9216,10.232016772031784,0.089453125,-0.9368364930152893,-0.011886600824072956,0.9971887469291687,0.39928603172302246,18350,0.3,0.022996569,0.0003
9,200.0,37,4181.489361702128,1044,9472,228.05909233093263,0.070703125,-0.8426264256238938,-0.01200603023171425,0.9299853444099426,106.83146667480469,18360,0.3,0.032353893,0.0003
9,200.0,38,4197.083333333333,1043,9728,12.493219113349914,0.0125,-0.8663402706384659,-0.011366721498779953,0.9965529441833496,10.083868026733398,18370,0.3,0.008788245,0.0003
9,200.0,39,4216.734693877551,1042,9984,5.259857207536697,0.009375,-0.86313656270504,-0.006839642045088112,0.9985327124595642,0.6061673760414124,18380,0.3,0.008684423,0.0003
9,200.0,40,4243.529411764706,1044,10240,82.26703459620475,0.030859375,-0.8614842861890792,-0.010052499733865261,0.9785492420196533,72.1996078491211,18390,0.3,0.014994434,0.0003
0,200.0,1,4826.0,1354,256,104.47198123931885,0.027734375,-0.8289431035518646,-0.00950129411648959,0.9733306765556335,11.528804779052734,18400,0.3,0.012055627,0.0003
0,200.0,2,4945.0,1123,512,34.74486126899719,0.050390625,-0.9354959487915039,-0.00018633008003234863,0.9907945990562439,22.592927932739258,18010,0.3,0.008783547,0.0003
0,200.0,3,4978.0,1094,768,3.879263940453529,0.079296875,-0.9191098392009736,-0.011578367213951423,0.9987897872924805,1.8079588413238525,18020,0.3,0.026825922,0.0003
0,200.0,4,5004.0,1074,1024,3.901957666873932,0.039453125,-0.9036853700876236,-0.006732920883223414,0.998848557472229,2.5566956996917725,18030,0.3,0.026275009,0.0003
1,200.0,5,5046.666666666667,1069,1280,99.40315628051758,0.0234375,-0.8757407456636429,-0.007154390239156783,0.9748417139053345,30.565031051635742,18040,0.3,0.010881079,0.0003
1,200.0,6,4275.142857142857,1061,1536,34.39667434692383,0.09921875,-1.0590703576803207,-0.017103513679467143,0.9892144203186035,20.925674438476562,18050,0.3,0.017687734,0.0003
1,200.0,7,4400.75,1041,1792,12.571722030639648,0.00625,-0.9950098276138306,-0.011952493130229414,0.9902666211128235,0.8399547338485718,18060,0.3,0.0083705485,0.0003
1,200.0,8,4552.9,1040,2048,1.7510782092809678,0.058203125,-0.8578606337308884,-0.016981181548908354,0.9995127320289612,0.1952751874923706,18070,0.3,0.027505865,0.0003
2,200.0,9,4577.909090909091,1041,2304,83.4638409614563,0.111328125,-0.8872255027294159,-0.011669593956321478,0.9782153367996216,61.07376480102539,18080,0.3,0.0931603,0.0003
2,200.0,10,4599.5,1046,2560,11.725643038749695,0.02890625,-0.9207472741603852,-0.014968109526671469,0.9961212873458862,2.4316866397857666,18090,0.3,0.012538981,0.0003
2,200.0,11,4645.5,1038,2816,11.665930873155594,0.0140625,-0.8951025664806366,-0.003535728482529521,0.9967942237854004,9.90554141998291,18100,0.3,0.010725332,0.0003
2,200.0,12,4403.733333333334,1037,3072,2.978146994113922,0.155078125,-0.8656062930822372,-0.034327450394630435,0.9991243481636047,1.0239332914352417,18110,0.3,0.05194521,0.0003
3,200.0,13,4429.0,1035,3328,294.9414680480957,0.00703125,-0.8244732260704041,0.0017991433618590237,0.8816216588020325,29.847753524780273,18120,0.3,0.003915216,0.0003
3,200.0,14,4452.35294117647,1037,3584,8.239847964048385,0.021875,-0.8420248955488205,-0.011881096300203352,0.9977186322212219,4.162151336669922,18130,0.3,0.0148899695,0.0003
3,200.0,15,4217.1578947368425,1039,3840,39.49270830154419,0.023046875,-1.1719931542873383,-0.0031137398909777403,0.9770819544792175,25.23689842224121,18140,0.3,0.011765145,0.0003
3,200.0,16,4259.0,1036,4096,7.244319653511047,0.025,-0.8598339200019837,-0.014666112791746854,0.9979361891746521,2.978830099105835,18150,0.3,0.016656324,0.0003
4,200.0,17,4295.857142857143,1032,4352,4.569216692447663,0.0125,-0.7669851154088974,-0.00883261205162853,0.9987078309059143,0.4202345609664917,18160,0.3,0.018830553,0.0003
4,200.0,18,4361.347826086957,1033,4608,1.9720702424645424,0.13125,-0.7429630994796753,-0.02429487151093781,0.999445915222168,0.16177070140838623,18170,0.3,0.03293287,0.0003
4,200.0,19,4381.208333333333,1031,4864,8.68590431213379,0.026171875,-0.7070103168487549,-0.013478969084098935,0.9968575835227966,2.399308443069458,18180,0.3,0.02018621,0.0003
4,200.0,20,4416.76,1034,5120,6.118736028671265,0.030078125,-0.6703412592411041,-0.01125233699567616,0.998204231262207,4.246994495391846,18190,0.3,0.015424961,0.0003
5,200.0,21,4449.192307692308,1033,5376,1.3301486879587174,0.098828125,-0.6359335124492645,-0.017811369616538286,0.9996393918991089,0.2220703661441803,18200,0.3,0.047563307,0.0003
5,200.0,22,4499.821428571428,1034,5632,1.2536167457699776,0.120703125,-0.7317635267972946,-0.022884731576777995,0.9996364712715149,0.7526296377182007,18210,0.3,0.045467243,0.0003
5,200.0,23,4526.379310344828,1034,5888,2.335728180408478,0.055859375,-0.7270934969186783,-0.018215898936614395,0.9992039203643799,0.6189472675323486,18220,0.3,0.01792539,0.0003
5,200.0,24,4527.766666666666,1035,6144,12.258974313735962,0.021875,-0.7130742043256759,-0.0052698800340294834,0.9955126643180847,4.6561079025268555,18230,0.3,0.0035957692,0.0003
6,200.0,25,4567.40625,1035,6400,4.8886897504329685,0.043359375,-0.6901602238416672,-0.01831233298871666,0.9986804723739624,1.2561166286468506,18240,0.3,0.023251027,0.0003
6,200.0,26,4582.727272727273,1034,6656,5.076325213909149,0.058203125,-0.6871096521615982,-0.00995228432584554,0.9985913038253784,1.9406697750091553,18250,0.3,0.025918204,0.0003
6,200.0,27,4597.176470588235,1034,6912,28.844665092229842,0.05390625,-0.7327313482761383,-0.009579383325763047,0.992631196975708,21.78449249267578,18260,0.3,0.020346671,0.0003
6,200.0,28,4597.314285714286,1036,7168,9.435239750146867,0.1171875,-0.8301538467407227,-0.006211237562820315,0.997559666633606,0.7802925705909729,18270,0.3,0.02778086,0.0003
7,200.0,29,4589.405405405405,1035,7424,11.790835189819337,0.05078125,-0.8791632533073426,-0.03100371374748647,0.9958507418632507,6.431347370147705,18280,0.3,0.02104597,0.0003
7,200.0,30,4538.631578947368,1035,7680,8.659168756008148,0.016015625,-0.8154395192861557,-0.012875740323215723,0.9971340298652649,3.355592966079712,18290,0.3,0.009127211,0.0003
7,200.0,31,4551.589743589743,1034,7936,0.8619360670447349,0.0515625,-0.9379499971866607,-0.0214733119122684,0.9995885491371155,0.08376207202672958,18300,0.3,0.026740273,0.0003
7,200.0,32,4427.325,1036,8192,18.50161281824112,0.020703125,-1.1761237382888794,-0.005829955637454987,0.9928323030471802,13.589418411254883,18310,0.3,0.0108217625,0.0003
8,200.0,33,4446.261904761905,1034,8448,2.07016858458519,0.03125,-0.9893422096967697,-0.012108585657551884,0.999038815498352,0.1659066528081894,18320,0.3,0.01960895,0.0003
8,200.0,34,4455.046511627907,1034,8704,65.88033561706543,0.0265625,-0.8157670944929123,-0.002841605362482369,0.9818448424339294,17.505861282348633,18330,0.3,0.009150952,0.0003
8,200.0,35,4344.295454545455,1035,8960,14.752358984947204,0.02734375,-1.0201607376337052,-0.013841159455478192,0.9954565167427063,7.4762725830078125,18340,0.3,0.015728496,0.0003
8,200.0,36,4291.95652173913,1034,9216,181.5797191619873,0.0,-1.2641950786113738,0.0003471478819847107,0.8371021151542664,29.95567512512207,18350,0.3,0.0029039462,0.0003
9,200.0,37,4312.808510638298,1033,9472,8.21512992978096,0.00390625,-0.8819003909826278,-0.007344814576208591,0.9975422620773315,0.5754766464233398,18360,0.3,0.0056373756,0.0003
9,200.0,38,4215.375,1033,9728,3.0030959784984588,0.03515625,-0.8846321493387223,-0.007937917695380747,0.9989265203475952,0.56022709608078,18370,0.3,0.009381579,0.0003
9,200.0,39,4222.959183673469,1034,9984,1.0224784687161446,0.140625,-1.0949146449565887,-0.021773263067007064,0.9992817640304565,0.3319287896156311,18380,0.3,0.052889027,0.0003
9,200.0,40,4148.686274509804,1034,10240,12.86878535747528,0.030078125,-0.705330491065979,-0.009464741020929068,0.9964104890823364,2.7961838245391846,18390,0.3,0.006473598,0.0003
0,200.0,1,5160.0,1390,256,11.452610868215562,0.004296875,-1.4281803727149964,-0.011372884805314242,0.9768801331520081,7.048854827880859,18400,0.3,0.0061301054,0.0003
0,200.0,2,5165.0,1177,512,7.967672443389892,0.0375,-0.7525688081979751,-0.0066915093222633,0.9961260557174683,0.7120572924613953,18410,0.3,0.022337541,0.0003
0,200.0,3,5163.333333333333,1126,768,3.966081051528454,0.04375,-0.7290591895580292,-0.008009606110863387,0.9987877011299133,2.9259588718414307,18420,0.3,0.045109715,0.0003
0,200.0,4,5248.0,1102,1024,9.92249453663826,0.039453125,-0.6613475054502487,-0.0007528573507443071,0.9974429607391357,6.586630344390869,18430,0.3,0.027881015,0.0003
1,200.0,5,5266.666666666667,1089,1280,2.4745124220848083,0.1140625,-0.7326548516750335,-0.023502959217876197,0.9993057250976562,0.38415753841400146,18440,0.3,0.04520341,0.0003
1,200.0,6,5252.857142857143,1077,1536,1.8882263541221618,0.10390625,-0.626310533285141,-0.024676524149253965,0.9994778037071228,0.9194157123565674,18450,0.3,0.085145146,0.0003
1,200.0,7,5088.75,1074,1792,3.449930316209793,0.06015625,-0.6567589461803436,-0.009179850516375154,0.9990870952606201,2.914041519165039,18460,0.3,0.022159893,0.0003
1,200.0,8,4016.0,1074,2048,40.44948935508728,0.0109375,-0.21414459347724915,-0.0003303810488432646,0.9688054919242859,9.411005020141602,18470,0.3,0.010273639,0.0003
2,200.0,9,4139.090909090909,1078,2304,2.7302440494298934,0.1703125,-1.150459635257721,-0.015766284614801406,0.9964410662651062,0.5182831883430481,18480,0.3,0.015619466,0.0003
2,200.0,10,4225.0,1066,2560,0.7927490048110485,0.023046875,-0.6983390241861344,-0.0068296366836875675,0.9996417164802551,0.12086692452430725,18490,0.3,0.037170622,0.0003
2,200.0,11,4358.571428571428,1061,2816,17.507131624221802,0.072265625,-0.7070834845304489,-0.00470299138687551,0.9955111742019653,4.5538554191589355,18500,0.3,0.039580517,0.0003
2,200.0,12,4410.666666666667,1059,3072,114.00010185241699,0.014453125,-0.7194897592067718,-0.0036648323060944677,0.9709276556968689,95.82366180419922,18510,0.3,0.0058745616,0.0003
3,200.0,13,4458.125,1060,3328,25.402036237716676,0.040625,-0.7822328567504883,-0.0024122549686580895,0.9931701421737671,8.370583534240723,18520,0.3,0.025670033,0.0003
3,200.0,14,4499.411764705882,1059,3584,28.866381084918977,0.0046875,-0.7221811920404434,-0.005328894406557083,0.992505669593811,6.852236747741699,18530,0.3,0.007129197,0.0003
3,200.0,15,4568.9473684210525,1058,3840,84.20711776018143,0.02578125,-0.7972318083047867,-0.004030462680384516,0.9789871573448181,75.64997863769531,18540,0.3,0.0032328754,0.0003
3,200.0,16,4608.5,1057,4096,160.12983140945434,0.0,-0.766502034664154,-0.007367463735863567,0.9591556787490845,133.26443481445312,18550,0.3,0.002788481,0.0003
4,200.0,17,4371.9047619047615,1057,4352,7.717932641506195,0.00078125,-0.9157663702964782,-0.0026517551741562784,0.9960541129112244,2.0615079402923584,18560,0.3,0.0031916765,0.0003
4,200.0,18,4450.0,1058,4608,1.0916028931736945,0.0828125,-0.9847094535827636,-0.024234597873874008,0.9995494484901428,0.09347915649414062,18570,0.3,0.07613048,0.0003
4,200.0,19,4479.583333333333,1056,4864,88.81433477401734,0.0328125,-0.7588742882013321,-0.0018665738287381827,0.9778493046760559,11.928135871887207,18580,0.3,0.016040478,0.0003
4,200.0,20,4506.8,1056,5120,10.151626291871072,0.044140625,-0.6919308781623841,-0.005347952363081276,0.9974023699760437,9.181062698364258,18590,0.3,0.019601136,0.0003
5,200.0,21,4327.307692307692,1051,5376,86.46682009994984,0.06015625,-1.062306496500969,-0.005199802224524319,0.9740336537361145,8.213783264160156,18600,0.3,0.022464033,0.0003
5,200.0,22,4401.785714285715,1048,5632,5.450469559431076,0.015625,-1.0213716685771943,-0.005227898084558547,0.9977339506149292,0.8648645877838135,18610,0.3,0.024402725,0.0003
5,200.0,23,4427.931034482759,1048,5888,2.5415104985237122,0.126953125,-0.7992087930440903,-0.02128484573913738,0.9992842674255371,1.2501516342163086,18620,0.3,0.05489368,0.0003
5,200.0,24,4452.333333333333,1048,6144,85.7234743282199,0.01953125,-0.7382004618644714,-0.0012899096589535474,0.9783070087432861,62.45084762573242,18630,0.3,0.011275558,0.0003
6,200.0,25,4502.5,1050,6400,84.0298710823059,0.015234375,-0.7800221264362335,-0.0018238551216199993,0.9790651202201843,8.231734275817871,18640,0.3,0.006078626,0.0003
6,200.0,26,4528.787878787879,1047,6656,5.970573318004608,0.0375,-0.7846857249736786,-0.017208267957903443,0.9982324242591858,2.245314359664917,18650,0.3,0.015806194,0.0003
6,200.0,27,4547.35294117647,1047,6912,1.7076694309711455,0.1203125,-0.8212145954370499,-0.029714164230972527,0.999576210975647,0.22173532843589783,18660,0.3,0.040269367,0.0003
6,200.0,28,4570.857142857143,1044,7168,15.10230312347412,0.037109375,-0.8389797568321228,-0.000670711463317275,0.9956913590431213,10.457237243652344,18670,0.3,0.018605607,0.0003
7,200.0,29,4602.7027027027025,1047,7424,0.5153364464640617,0.0640625,-0.8995124757289886,-0.02102206228300929,0.999872624874115,0.026866383850574493,18680,0.3,0.13985553,0.0003
7,200.0,30,4604.210526315789,1045,7680,115.43017444610595,0.15390625,-0.8553723514080047,-0.007456140778958798,0.9708559513092041,16.63789939880371,18690,0.3,0.06093466,0.0003
7,200.0,31,4611.794871794872,1045,7936,11.822519254684448,0.038671875,-0.8438091367483139,-0.016374419489875437,0.9961329102516174,5.121124267578125,18700,0.3,0.008697423,0.0003
7,200.0,32,4600.5,1044,8192,12.521781396865844,0.028125,-0.7657735973596573,-0.014914694568142295,0.9961560964584351,5.921818733215332,18710,0.3,0.022349913,0.0003
8,200.0,33,4621.428571428572,1046,8448,1.2553936332464217,0.087890625,-0.7716051250696182,-0.026348711783066393,0.9996395707130432,0.29186055064201355,18720,0.3,0.067181215,0.0003
8,200.0,34,4515.813953488372,1042,8704,98.32159857749939,0.016015625,-0.8821568459272384,-0.0010463193757459521,0.974207878112793,10.637896537780762,18730,0.3,0.007909378,0.0003
8,200.0,35,4530.0,1043,8960,0.9568247690796852,0.075390625,-1.2853536188602448,-0.021537176426500083,0.9993571639060974,0.18812082707881927,18740,0.3,0.030535992,0.0003
8,200.0,36,4541.739130434783,1044,9216,2.150290396809578,0.062109375,-0.8109789520502091,-0.01174817921128124,0.999199390411377,1.19538414478302,18750,0.3,0.02419762,0.0003
9,200.0,37,4549.787234042553,1044,9472,120.25322332382203,0.019140625,-0.7751445502042771,-0.0065963805420324205,0.9696139097213745,102.65049743652344,18760,0.3,0.017464068,0.0003
9,200.0,38,4566.666666666667,1044,9728,34.21829141378403,0.01015625,-0.8028418213129044,-0.006133359670639038,0.9912543892860413,3.5573489665985107,18770,0.3,0.0051548644,0.0003
9,200.0,39,4510.2040816326535,1044,9984,100.64815845489503,0.0,-0.7988641798496247,-0.002700654836371541,0.972908079624176,27.053207397460938,18780,0.3,0.0010174897,0.0003
9,200.0,40,4535.686274509804,1043,10240,56.92226209640503,0.0,-0.7830676704645156,-0.0028085474856197833,0.980072021484375,8.625338554382324,18790,0.3,0.0009599463,0.0003
0,200.0,1,5074.0,1271,256,19.70257396697998,0.0,-0.7889838725328445,-0.002597246831282973,0.9907607436180115,2.1772236824035645,18800,0.3,0.0005180009,0.0003
0,200.0,2,4105.5,1128,512,37.03382244110107,0.00625,-0.7479060083627701,-0.002959096129052341,0.9885998964309692,19.600879669189453,18410,0.3,0.005121745,0.0003
0,200.0,3,4490.666666666667,1097,768,582.0360507965088,0.00234375,-0.7921594917774201,-0.0003048429265618324,0.683564305305481,81.89068603515625,18420,0.3,0.0015248805,0.0003
0,200.0,4,4719.8,1096,1024,8.622910046577454,0.00078125,-0.7343477845191956,-0.0015611256007105113,0.9937219023704529,0.5146693587303162,18430,0.3,0.00044639455,0.0003
1,200.0,5,4737.333333333333,1080,1280,37.4701652765274,0.084765625,-0.7715514957904815,-0.019983257725834848,0.9905142784118652,19.736602783203125,18440,0.3,0.03208437,0.0003
1,200.0,6,4233.571428571428,1082,1536,100.82914916276931,0.01640625,-0.9448439657688141,-0.007903880160301923,0.9717853665351868,96.28793334960938,18450,0.3,0.0065506957,0.0003
1,200.0,7,4334.875,1072,1792,8.656911045312881,0.025,-0.9006487637758255,-0.014623308298178017,0.9966796636581421,0.644554078578949,18460,0.3,0.014841861,0.0003
1,200.0,8,4456.9,1068,2048,2.2968930542469024,0.10546875,-0.7233653038740158,-0.017943464405834674,0.9992476105690002,0.9381388425827026,18470,0.3,0.03595729,0.0003
2,200.0,9,4512.090909090909,1065,2304,86.5783362030983,0.05078125,-0.6842927426099777,-0.008279950823634863,0.9778612852096558,11.327949523925781,18480,0.3,0.03186392,0.0003
2,200.0,10,4537.416666666667,1065,2560,4.726060152053833,0.027734375,-0.7138849347829819,-0.009292264457326383,0.9987300038337708,0.8639407753944397,18490,0.3,0.01346553,0.0003
2,200.0,11,4609.214285714285,1057,2816,1.3254497677087784,0.08046875,-0.7330375164747238,-0.017054856452159584,0.9995914101600647,0.8497582077980042,18500,0.3,0.03984095,0.0003
2,200.0,12,4652.6,1056,3072,1.8275258898735047,0.15078125,-0.7098590821027756,-0.027241139311809093,0.9994949102401733,1.0331170558929443,18510,0.3,0.10003662,0.0003
3,200.0,13,4678.9375,1055,3328,1.0814428821206092,0.143359375,-0.7871559262275696,-0.024612813349813224,0.9996601343154907,0.8163083791732788,18520,0.3,0.079651445,0.0003
3,200.0,14,4713.705882352941,1054,3584,13.60767233967781,0.073828125,-0.7557707726955414,-0.028436794877052307,0.9957802295684814,3.659903049468994,18530,0.3,0.03447017,0.0003
3,200.0,15,4760.315789473684,1053,3840,1.412199003994465,0.06015625,-0.7647907942533493,-0.027393456757999958,0.9994912147521973,0.07864201068878174,18540,0.3,0.027362747,0.0003
3,200.0,16,4785.35,1052,4096,1.9921784460544587,0.0984375,-0.7190281420946121,-0.013440443994477391,0.9994755983352661,0.7145782709121704,18550,0.3,0.027494155,0.0003
4,200.0,17,4798.571428571428,1052,4352,3.670559450984001,0.0609375,-0.7034062147140503,-0.030090628657490015,0.998985230922699,2.061042547225952,18560,0.3,0.030644083,0.0003
4,200.0,18,4831.478260869565,1050,4608,29.161335891485216,0.00625,-0.7149797558784485,-0.00867637051269412,0.9926455616950989,9.23312759399414,18570,0.3,0.0029584176,0.0003
4,200.0,19,4839.958333333333,1049,4864,11.191802394390105,0.005859375,-0.7180182933807373,-0.006860934104770422,0.9971376657485962,3.71282958984375,18580,0.3,0.004974059,0.0003
4,200.0,20,4848.08,1046,5120,3.31530482172966,0.03046875,-0.7224045187234879,-0.021474931621924043,0.9990672469139099,1.2939121723175049,18590,0.3,0.030857222,0.0003
5,200.0,21,4864.346153846154,1046,5376,2.5165309056639673,0.036328125,-0.7627927094697953,-0.022556225094012915,0.9990209937095642,0.8026531934738159,18600,0.3,0.017046485,0.0003
5,200.0,22,4870.821428571428,1045,5632,4.654277783632279,0.041015625,-0.7462296187877655,-0.02199358984362334,0.9987112283706665,3.1862847805023193,18610,0.3,0.035542503,0.0003
5,200.0,23,4884.241379310345,1042,5888,38.86712081432343,0.0171875,-0.7673955202102661,-0.00524825241882354,0.9902174472808838,11.383227348327637,18620,0.3,0.0065880157,0.0003
5,200.0,24,4889.566666666667,1043,6144,1.415555352717638,0.05234375,-0.7729968816041947,-0.016376608004793524,0.9996265172958374,0.07142311334609985,18630,0.3,0.031046197,0.0003
6,200.0,25,4906.28125,1042,6400,3.55418818295002,0.04453125,-0.721136748790741,-0.015291607705876231,0.9989964365959167,3.088675022125244,18640,0.3,0.04449297,0.0003
6,200.0,26,4911.30303030303,1040,6656,4.087401121854782,0.076953125,-0.7339200556278229,-0.015754487761296333,0.9989495873451233,3.347649574279785,18650,0.3,0.03296344,0.0003
6,200.0,27,4908.735294117647,1041,6912,83.78697459697723,0.001953125,-0.7554263681173324,-0.0033500013407319782,0.9781636595726013,18.799528121948242,18660,0.3,0.0034411892,0.0003
6,200.0,28,4913.114285714286,1040,7168,38.03348114490509,0.04453125,-0.7607597678899765,-0.017512842803262173,0.9897520542144775,6.185506820678711,18670,0.3,0.010668496,0.0003
7,200.0,29,4926.8378378378375,1042,7424,82.86022279262542,0.031640625,-0.7330617576837539,-0.007721697038505226,0.979418933391571,73.47990417480469,18680,0.3,0.007189713,0.0003
7,200.0,30,4935.631578947368,1040,7680,28.453307765722275,0.00234375,-0.7492301553487778,-0.0021161656361073254,0.9925900101661682,21.553001403808594,18690,0.3,0.0027647563,0.0003
7,200.0,31,4944.2307692307695,1040,7936,1.2036990895867348,0.05234375,-0.7891661673784256,-0.01806691768579185,0.9995205402374268,0.22538067400455475,18700,0.3,0.022001162,0.0003
7,200.0,32,4947.475,1040,8192,0.9860854431986809,0.046484375,-0.8213946640491485,-0.0161143037956208,0.999687910079956,0.5254856944084167,18710,0.3,0.030883279,0.0003
8,200.0,33,4957.476190476191,1039,8448,12.03101424574852,0.026171875,-0.8799435704946518,-0.011447252216748893,0.9969213008880615,1.3387835025787354,18720,0.3,0.016440872,0.0003
8,200.0,34,4898.883720930233,1041,8704,5.608462995290756,0.022265625,-0.8991869181394577,-0.010358889610506595,0.9977421164512634,0.7845293879508972,18730,0.3,0.008072257,0.0003
8,200.0,35,4902.840909090909,1041,8960,1.6066899806261064,0.028125,-1.0730019450187682,-0.034307888522744176,0.9993001818656921,0.330294668674469,18740,0.3,0.02384641,0.0003
8,200.0,36,4909.760869565217,1040,9216,82.18859195709229,0.01484375,-0.8395505964756012,-0.002827848424203694,0.9786927103996277,57.701839447021484,18750,0.3,0.008311201,0.0003
9,200.0,37,4912.63829787234,1039,9472,85.57014429569244,0.02265625,-0.8576099455356598,-0.008302626106888056,0.9784016609191895,80.19438934326172,18760,0.3,0.010715175,0.0003
9,200.0,38,4915.583333333333,1039,9728,3.7139571070671082,0.006640625,-0.8718397796154023,-0.013415982853621245,0.9989585280418396,0.797042965888977,18770,0.3,0.007239102,0.0003
9,200.0,39,4918.0204081632655,1041,9984,4.454227551817894,0.0546875,-0.8486485987901687,-0.01615373130189255,0.9986923336982727,3.2969720363616943,18780,0.3,0.020246018,0.0003
9,200.0,40,4923.921568627451,1039,10240,21.59821240901947,0.021484375,-0.8733832120895386,-0.015487455448601395,0.9940218329429626,5.223387718200684,18790,0.3,0.011001523,0.0003
0,200.0,1,5370.0,1409,256,33.182573521137236,0.020703125,-0.8594581991434097,-0.006131489877589047,0.9912789463996887,9.523310661315918,18800,0.3,0.012818508,0.0003
0,200.0,2,5365.0,1181,512,4.213359302282333,0.009375,-0.8088166236877441,-0.007116058771498501,0.9988861680030823,1.054526925086975,18810,0.3,0.010155548,0.0003
0,200.0,3,5116.666666666667,1107,768,25.185607719421387,0.01953125,-0.7699862718582153,-0.001485130563378334,0.9895435571670532,7.881123065948486,18820,0.3,0.007444814,0.0003
0,200.0,4,5034.0,1081,1024,100.11901693344116,0.0,-0.8765494495630264,-0.00022539556957781314,0.9377327561378479,22.146610260009766,18830,0.3,0.00025116536,0.0003
1,200.0,5,5053.333333333333,1083,1280,89.74300268888473,0.01484375,-0.8558069437742233,-0.00535095235100016,0.9759213328361511,66.42350769042969,18840,0.3,0.017934699,0.0003
1,200.0,6,5097.142857142857,1073,1536,5.710926645994187,0.04453125,-0.8207702845335006,-0.024618157441727816,0.9982889890670776,2.8214688301086426,18850,0.3,0.024019986,0.0003
1,200.0,7,5105.0,1044,1792,1.253837426006794,0.1171875,-0.8159891068935394,-0.03008451350033283,0.9996112585067749,0.14259454607963562,18860,0.3,0.062673986,0.0003
1,200.0,8,5137.0,1038,2048,84.62338483035565,0.009375,-0.776578950881958,-0.005782803148031234,0.9783867001533508,74.81267547607422,18870,0.3,0.007593916,0.0003
2,200.0,9,5140.0,1038,2304,29.177382975816727,0.023046875,-0.8388915240764618,-0.005164351896382868,0.9924191236495972,19.058141708374023,18880,0.3,0.011731728,0.0003
2,200.0,10,5140.0,1038,2560,41.33200216293335,0.0,-0.8445019721984863,-0.0014448484405875206,0.9892571568489075,10.99972915649414,18890,0.3,0.0015676643,0.0003
2,200.0,11,5107.142857142857,1036,2816,6.619685560464859,0.005859375,-0.8616832762956619,-0.005708460896858014,0.9977792501449585,0.5463230013847351,18900,0.3,0.005571218,0.0003
2,200.0,12,5111.333333333333,1034,3072,89.77180362939835,0.029296875,-0.9508580505847931,-0.0014125240093562752,0.9755674004554749,84.34939575195312,18910,0.3,0.015904631,0.0003
3,200.0,13,5111.875,1034,3328,4.626005151867867,0.034765625,-0.9174285978078842,-0.008091320027597248,0.9985666871070862,0.4354134500026703,18920,0.3,0.009978492,0.0003
3,200.0,14,5114.705882352941,1033,3584,0.37962185479700566,0.215234375,-0.9412184238433838,-0.0375469378195703,0.999873697757721,-0.03140055760741234,18930,0.3,0.1195057,0.0003
3,200.0,15,4863.1578947368425,1032,3840,39.85941505432129,0.149609375,-1.0676719486713409,0.013747704681009054,0.9888070225715637,8.899189949035645,18940,0.3,0.04261452,0.0003
3,200.0,16,4612.0,1031,4096,7.588394051790237,0.034765625,-1.5165576994419099,-0.01114440793171525,0.9914722442626953,1.2671583890914917,18950,0.3,0.016476516,0.0003
4,200.0,17,4440.476190476191,1031,4352,1.7342605382204055,0.083203125,-1.5604504823684693,-0.032412896701134744,0.9975801706314087,0.5381453037261963,18960,0.3,0.023554303,0.0003
4,200.0,18,4246.95652173913,1034,4608,34.602846670150754,0.00546875,-1.5471442639827728,-0.004614950250834226,0.9622413516044617,18.016592025756836,18970,0.3,0.009485176,0.0003
4,200.0,19,4101.666666666667,1031,4864,19.484452867507933,0.00859375,-1.2041223526000977,-0.011405352700967342,0.9925757050514221,5.618055820465088,18980,0.3,0.007782623,0.0003
4,200.0,20,4124.8,1030,5120,7.437730693817139,0.04921875,-1.3548538208007812,-0.013183667697012425,0.9961881041526794,1.7754472494125366,18990,0.3,0.02658825,0.0003
5,200.0,21,3978.4615384615386,1028,5376,20.3581351518631,0.03515625,-0.9974440425634384,-0.01221844383981079,0.9919439554214478,11.059985160827637,19000,0.3,0.009323125,0.0003
5,200.0,22,4011.0714285714284,1029,5632,1.854769966006279,0.12265625,-1.1671616673469543,-0.027158048748970032,0.9988585710525513,0.3929711580276489,19010,0.3,0.10289727,0.0003
5,200.0,23,4041.7241379310344,1032,5888,87.67869644165039,0.010546875,-0.9440844476222991,-0.01072521130554378,0.9761946201324463,62.942413330078125,19020,0.3,0.009956902,0.0003
5,200.0,24,4070.3333333333335,1032,6144,5.548535561561584,0.008984375,-0.9664547920227051,-0.0089421181473881,0.9985085129737854,3.2165687084198,19030,0.3,0.0073098005,0.0003
6,200.0,25,4130.0,1029,6400,1.660495972633362,0.125,-0.998111042380333,-0.022673449479043484,0.9994718432426453,0.3382280170917511,19040,0.3,0.07211128,0.0003
6,200.0,26,4161.212121212121,1030,6656,99.63859536647797,0.081640625,-1.0102849006652832,-0.004429295286536216,0.9732382297515869,95.4468002319336,19050,0.3,0.024218202,0.0003
6,200.0,27,4182.35294117647,1031,6912,31.315185570716856,0.01953125,-0.9920003175735473,-0.006726802280172706,0.9916564226150513,21.111997604370117,19060,0.3,0.011517199,0.0003
6,200.0,28,4203.428571428572,1031,7168,0.7654366016387939,0.105078125,-1.0456382900476455,-0.02908718828111887,0.9997912049293518,0.09646835923194885,19070,0.3,0.062178917,0.0003
7,200.0,29,4169.189189189189,1030,7424,85.42651376724243,0.03359375,-1.0367308020591737,-0.005671561928465962,0.9785360097885132,64.95269012451172,19080,0.3,0.014686233,0.0003
7,200.0,30,4200.526315789473,1032,7680,9.863088095188141,0.003125,-1.2531469106674193,-0.008354956330731512,0.9945833683013916,2.160295009613037,19090,0.3,0.0052113384,0.0003
7,200.0,31,4224.615384615385,1031,7936,0.9826625943183899,0.096875,-1.0022492587566376,-0.02782601146027446,0.9997242093086243,0.1763649582862854,19100,0.3,0.034364425,0.0003
7,200.0,32,4248.25,1032,8192,1.4934725269675255,0.112109375,-0.9830980598926544,-0.021561866207048298,0.9995733499526978,0.9411011338233948,19110,0.3,0.03875466,0.0003
8,200.0,33,4296.9047619047615,1031,8448,107.36401233673095,0.003125,-0.9395411431789398,-0.0014634629478678107,0.9722172617912292,68.64630889892578,19120,0.3,0.0048163664,0.0003
8,200.0,34,4321.860465116279,1032,8704,16.987162923812868,0.0,-0.9372033178806305,-0.0017892289906740189,0.9928884506225586,5.554337501525879,19130,0.3,0.001498437,0.0003
8,200.0,35,4340.0,1033,8960,3.2953397065401075,0.05859375,-0.9658545941114426,-0.02179698501713574,0.999135434627533,1.62177312374115,19140,0.3,0.028686035,0.0003
8,200.0,36,4364.347826086957,1033,9216,0.3150083526968956,0.115625,-1.0408054262399673,-0.039151421771384774,0.999866247177124,0.02037142962217331,19150,0.3,0.038765647,0.0003
9,200.0,37,4371.063829787234,1031,9472,100.35063452720642,0.091015625,-1.0235733926296233,-0.004957536852452904,0.9741315245628357,6.960920333862305,19160,0.3,0.03416176,0.0003
9,200.0,38,4306.875,1032,9728,487.6377571105957,0.0,-1.03505400121212,-0.003514436399564147,0.7761134505271912,125.25434112548828,19170,0.3,0.000626198,0.0003
9,200.0,39,4308.775510204082,1033,9984,174.0111092567444,0.0,-1.3896575450897217,-0.0038818512577563523,0.9223254919052124,17.30164337158203,19180,0.3,0.000868242,0.0003
9,200.0,40,4224.509803921569,1033,10240,78.15633916854858,0.0,-0.4458984136581421,-0.0010950230527669192,0.9609314799308777,7.676986217498779,19190,0.3,0.0003993474,0.0003
0,200.0,1,4834.0,1377,256,78.93077478408813,0.0,-0.9562101393938065,-0.0034688348532654345,0.9734801650047302,26.529170989990234,19200,0.3,0.00034447876,0.0003
0,200.0,2,4939.0,1159,512,17.379278135299682,0.0015625,-0.8615123629570007,-0.004995060473447666,0.9943886995315552,11.852983474731445,18810,0.3,0.0018617315,0.0003
0,200.0,3,4650.666666666667,1118,768,72.6500394821167,0.0,-0.8495522469282151,-0.0015763821778818966,0.9739986062049866,42.414283752441406,18820,0.3,0.00071905926,0.0003
0,200.0,4,4623.4,1094,1024,6.839832162857055,0.00859375,-0.8875645518302917,-0.005180068127810955,0.9940497279167175,0.4824727773666382,18830,0.3,0.009847717,0.0003
1,200.0,5,4616.5,1072,1280,102.95266718864441,0.008984375,-0.8278462648391723,-0.006098061066586525,0.9706268310546875,11.814386367797852,18840,0.3,0.010362003,0.0003
1,200.0,6,4442.428571428572,1068,1536,17.728872990608217,0.020703125,-0.8081198871135712,-0.0065809753723442554,0.9940586090087891,10.86062240600586,18850,0.3,0.0070060235,0.0003
1,200.0,7,4461.625,1061,1792,9.986710715293885,0.00703125,-0.8113227784633636,-0.0036165179219096897,0.9969506859779358,4.329682350158691,18860,0.3,0.013532681,0.0003
1,200.0,8,4338.9,1060,2048,110.23798131942749,0.0,-0.8811975121498108,-0.0026854790979996324,0.9616870880126953,48.69944763183594,18870,0.3,0.0007020612,0.0003
2,200.0,9,3907.909090909091,1070,2304,267.0483238220215,0.0,-1.0153287410736085,-0.0003989298362284899,0.9077671766281128,133.125732421875,18880,0.3,8.5874926e-05,0.0003
2,200.0,10,3924.5,1062,2560,52.82233016490936,0.0,-1.0859203815460206,-0.003020389098674059,0.9541864395141602,6.556990623474121,18890,0.3,0.00025040237,0.0003
2,200.0,11,4068.0714285714284,1061,2816,260.92322425842286,0.0,-0.9049267113208771,-0.002467265701852739,0.9213703274726868,67.62110900878906,18900,0.3,0.00031605572,0.0003
2,200.0,12,3833.8,1063,3072,27.211245632171632,0.0,-0.89834124147892,-0.003505400847643614,0.9914768934249878,4.590867042541504,18910,0.3,0.0009806498,0.0003
3,200.0,13,3908.4375,1060,3328,49.94175853729248,0.002734375,-1.1747396528720855,-0.0006907865637913347,0.9593392014503479,3.2132680416107178,18920,0.3,0.0010166052,0.0003
3,200.0,14,3973.8823529411766,1058,3584,2.636505016684532,0.030078125,-0.8782122135162354,-0.01665690140798688,0.9979853630065918,0.9516191482543945,18930,0.3,0.035789527,0.0003
3,200.0,15,4061.8947368421054,1060,3840,0.8135485038161278,0.02265625,-0.8474538773298264,-0.00486487194430083,0.9996849894523621,0.14369012415409088,18940,0.3,0.008499919,0.0003
3,200.0,16,4100.1,1057,4096,99.34817638397217,0.01328125,-0.9219941318035125,-0.002376048848964274,0.9746932983398438,93.39775085449219,18950,0.3,0.008978753,0.0003
4,200.0,17,4132.857142857143,1056,4352,30.478817760944366,0.0171875,-0.9052908331155777,-0.0074484254117123784,0.9917759299278259,22.544282913208008,18960,0.3,0.005298377,0.0003
4,200.0,18,4057.478260869565,1055,4608,8.194668817520142,0.00703125,-0.9497592717409133,-0.002853397384751588,0.9965438842773438,2.6393163204193115,18970,0.3,0.0037233797,0.0003
4,200.0,19,4088.6666666666665,1053,4864,30.415923628211022,0.052734375,-1.0204364836215973,-0.01641773560550064,0.9898971319198608,9.388223648071289,18980,0.3,0.054567806,0.0003
4,200.0,20,4107.84,1054,5120,7.647696387767792,0.024609375,-0.8886013954877854,-0.014540847251191735,0.9965577721595764,1.4431135654449463,18990,0.3,0.011949512,0.0003
5,200.0,21,4134.653846153846,1056,5376,1.620007511973381,0.068359375,-0.8690927863121033,-0.021968114795163272,0.999499499797821,1.0101873874664307,19000,0.3,0.0363932,0.0003
5,200.0,22,3966.964285714286,1054,5632,37.95625004768372,0.058984375,-1.3243677616119385,0.0012163902050815524,0.9827993512153625,7.130837440490723,19010,0.3,0.025135368,0.0003
5,200.0,23,3986.5172413793102,1054,5888,44.5495943069458,0.0375,-0.9652709782123565,-0.027631638036109508,0.9833299517631531,14.967954635620117,19020,0.3,0.036023274,0.0003
5,200.0,24,3998.4,1052,6144,4.417795407772064,0.02265625,-0.8796585232019425,-0.012963561154901982,0.9983630180358887,1.169676423072815,19030,0.3,0.009508757,0.0003
6,200.0,25,3848.9375,1052,6400,288.5909996032715,0.015625,-0.8760938316583633,-0.0020514225121587514,0.9123476147651672,139.66229248046875,19040,0.3,0.004496916,0.0003
6,200.0,26,3871.181818181818,1052,6656,2.7272090941667555,0.0953125,-1.1429226875305176,-0.01302116927690804,0.997616171836853,0.8693829774856567,19050,0.3,0.044749126,0.0003
6,200.0,27,3877.5588235294117,1048,6912,30.579219818115234,0.0234375,-0.8463058620691299,0.007919081137515604,0.9861089587211609,7.567246437072754,19060,0.3,0.007875857,0.0003
6,200.0,28,3809.0,1050,7168,81.32419919967651,0.0,-1.025445818901062,-0.003125884337350726,0.9677095413208008,27.780216217041016,19070,0.3,0.0017972905,0.0003
7,200.0,29,3811.675675675676,1048,7424,67.116916847229,0.015625,-1.0762301087379456,-0.013400521781295537,0.9778969287872314,35.4768180847168,19080,0.3,0.0060558748,0.0003
7,200.0,30,3844.8947368421054,1048,7680,2.59312584400177,0.015234375,-0.9246428787708283,-0.008927913359366357,0.9988023042678833,0.9629535675048828,19090,0.3,0.017529761,0.0003
7,200.0,31,3870.2820512820513,1046,7936,4.78295921087265,0.055859375,-0.8189794063568115,-0.015612840978428721,0.9986113905906677,2.546295404434204,19100,0.3,0.021256775,0.0003
7,200.0,32,3899.075,1047,8192,98.44999868869782,0.002734375,-0.8609123378992081,-0.0016474414383992552,0.9747689962387085,2.2019033432006836,19110,0.3,0.0030165473,0.0003
8,200.0,33,3778.4523809523807,1045,8448,2.7572788119316103,0.03125,-1.0502311021089554,-0.018380791461095215,0.9990590214729309,1.7817296981811523,19120,0.3,0.026574902,0.0003
8,200.0,34,3681.139534883721,1046,8704,4.1745204597711565,0.00703125,-1.4319396376609803,-0.0143889588303864,0.9749624133110046,0.21870912611484528,19130,0.3,0.0053941365,0.0003
8,200.0,35,3658.159090909091,1048,8960,0.8530565500259399,0.03671875,-1.2481774151325227,-0.011116054444573819,0.9994436502456665,0.13305264711380005,19140,0.3,0.032756213,0.0003
8,200.0,36,3508.8478260869565,1048,9216,1.7518917590379715,0.055859375,-1.3771564602851867,-0.01717247096821666,0.9935915470123291,0.37880855798721313,19150,0.3,0.023481406,0.0003
9,200.0,37,3425.2978723404253,1048,9472,4.714622038602829,0.04609375,-1.2842043697834016,-0.008394972700625659,0.994490385055542,2.398226022720337,19160,0.3,0.0077770688,0.0003
9,200.0,38,3345.3125,1048,9728,14.448777347803116,0.1328125,-1.3895282983779906,-0.01522058064583689,0.3106977343559265,1.3309452533721924,19170,0.3,0.07294692,0.0003
9,200.0,39,3370.6326530612246,1049,9984,14.462001293897629,0.02265625,-1.128348034620285,0.0005119816050864756,0.994051992893219,12.362452507019043,19180,0.3,0.01817153,0.0003
9,200.0,40,3352.764705882353,1048,10240,31.066005682945253,0.00234375,-1.154185700416565,-0.0023515187436714768,0.9889890551567078,9.137253761291504,19190,0.3,0.0049712136,0.0003
0,200.0,1,-410.0,1351,256,45.286566495895386,0.00390625,-0.9346005171537399,-0.005936294374987483,0.9874222874641418,30.46323013305664,19200,0.3,0.004076577,0.0003
0,200.0,2,195.0,1167,512,26.47693908214569,0.00859375,-1.6138996958732605,-0.00470362373162061,0.9703758358955383,3.178743362426758,19210,0.3,0.007533218,0.0003
0,200.0,3,1763.3333333333333,1115,768,3.5545464754104614,0.005078125,-1.2907994151115418,-0.003346428251825273,0.9981026649475098,1.8633625507354736,19220,0.3,0.012847765,0.0003
0,200.0,4,1972.0,1099,1024,9.76576623916626,0.0296875,-0.9439802139997482,-0.005440662847831845,0.9964714050292969,5.050727844238281,19230,0.3,0.007604754,0.0003
1,200.0,5,1616.6666666666667,1087,1280,35.51469315290451,0.035546875,-1.5094242870807648,-0.0029716551303863525,0.9656132459640503,2.8208017349243164,19240,0.3,0.01632392,0.0003
1,200.0,6,1471.4285714285713,1096,1536,1.4714371725916862,0.07109375,-1.6241315305233002,-0.013718446344137191,0.5154620409011841,0.189499169588089,19250,0.3,0.030127615,0.0003
1,200.0,7,1242.5,1082,1792,84.74978046417236,0.084765625,-1.3986127436161042,-0.0020138709573075176,0.9179427623748779,74.23428344726562,19260,0.3,0.042513777,0.0003
1,200.0,8,1611.0,1076,2048,127.37788162231445,0.000390625,-1.4523788928985595,-0.003869968606159091,0.8715584874153137,27.872634887695312,19270,0.3,0.0013402479,0.0003
2,200.0,9,1909.090909090909,1078,2304,4.6641700744628904,0.00234375,-0.9982987105846405,-0.005173933412879706,0.9971341490745544,0.6158604621887207,19280,0.3,0.005147901,0.0003
2,200.0,10,1720.0,1073,2560,12.038525342941284,0.016015625,-1.1787572145462035,-0.019328258326277138,0.9939456582069397,3.19893217086792,19290,0.3,0.009522999,0.0003
2,200.0,11,1845.7142857142858,1065,2816,3.0783514797687532,0.025390625,-1.1305439174175262,-0.019957364047877492,0.998336672782898,0.3085407316684723,19300,0.3,0.0136886,0.0003
2,200.0,12,2080.0,1065,3072,27.040796160697937,0.005078125,-1.459198349714279,-0.00588608852121979,0.9842753410339355,11.863020896911621,19310,0.3,0.010082449,0.0003
3,200.0,13,1926.25,1064,3328,23.91202003955841,0.01640625,-0.8108816623687745,-0.007824318762868644,0.9896306395530701,4.639174938201904,19320,0.3,0.014193948,0.0003
3,200.0,14,1888.235294117647,1063,3584,1.5328627467155456,0.055078125,-1.3439124047756195,-0.02566704680211842,0.9987407922744751,0.26406264305114746,19330,0.3,0.039857596,0.0003
3,200.0,15,1849.4736842105262,1059,3840,0.21155405063182114,0.253515625,-1.3126462876796723,-0.04209280116483569,-7.181362152099609,-0.040124066174030304,19340,0.3,0.06524283,0.0003
3,200.0,16,1846.0,1060,4096,3.681432783603668,0.148828125,-0.9615515232086181,-0.012169778719544411,0.9984342455863953,1.0690332651138306,19350,0.3,0.05090231,0.0003
4,200.0,17,1968.5714285714287,1057,4352,470.73685150146486,0.010546875,-1.0548281788825988,-0.0023554889019578697,0.7675402164459229,58.96836853027344,19360,0.3,0.0047374154,0.0003
4,200.0,18,1930.0,1054,4608,109.2267397403717,0.0,-0.712147569656372,-0.0007704435382038354,0.9605797529220581,23.565746307373047,19370,0.3,0.00011417945,0.0003
4,200.0,19,2063.75,1054,4864,60.45867290496826,0.0015625,-1.019248542189598,-0.00450261493679136,0.9298884868621826,8.942153930664062,19380,0.3,0.0018481044,0.0003
4,200.0,20,1974.8,1054,5120,5.908050543069839,0.009765625,-1.0370347410440446,-0.0076239148387685415,0.9977608919143677,0.752505898475647,19390,0.3,0.012268852,0.0003
5,200.0,21,2049.230769230769,1056,5376,99.44070596694947,0.04453125,-1.3028983116149901,-0.0076830246252939105,0.9592974185943604,9.75497055053711,19400,0.3,0.033067636,0.0003
5,200.0,22,1909.2857142857142,1054,5632,162.06440544128418,0.01015625,-1.1982222557067872,-0.008973615104332566,0.9350847601890564,17.158100128173828,19410,0.3,0.011325772,0.0003
5,200.0,23,2003.7931034482758,1053,5888,28.06081004142761,0.003515625,-1.5365890502929687,-0.0031161482445895674,0.9336707592010498,10.844734191894531,19420,0.3,0.0020711957,0.0003
5,200.0,24,2003.6666666666667,1052,6144,71.41414270401,0.001171875,-0.9603649973869324,-0.00531000035116449,0.9767299294471741,22.763338088989258,19430,0.3,0.0033080715,0.0003
6,200.0,25,2019.6875,1054,6400,0.5492041941732169,0.04453125,-1.2444372832775117,-0.010808292147703468,-31.994976043701172,-0.04050761088728905,19440,0.3,0.016259529,0.0003
6,200.0,26,2106.3636363636365,1053,6656,108.95656423568725,0.03046875,-1.0473341763019561,-0.0012955826008692385,0.9693834781646729,10.821910858154297,19450,0.3,0.014736737,0.0003
6,200.0,27,2174.1176470588234,1051,6912,373.0213857650757,0.0078125,-0.8752010822296142,-0.002776921121403575,0.8137575387954712,38.5894889831543,19460,0.3,0.0035781215,0.0003
6,200.0,28,2259.4285714285716,1048,7168,20.250278103351594,0.00234375,-0.848502030968666,-0.003687872551381588,0.9918639063835144,4.3654985427856445,19470,0.3,0.00265642,0.0003
7,200.0,29,2266.7567567567567,1048,7424,4.325261521339416,0.03203125,-0.843701633810997,-0.007918545533902943,0.9988484978675842,2.5172841548919678,19480,0.3,0.013677029,0.0003
7,200.0,30,2197.6315789473683,1048,7680,2.96658673286438,0.041796875,-1.4295761585235596,-0.010747991944663226,0.9966608881950378,0.7496795654296875,19490,0.3,0.022751398,0.0003
7,200.0,31,2273.5897435897436,1047,7936,0.6739093914628029,0.042578125,-1.4241086304187776,-0.01900055827572942,0.9995341300964355,0.015272572636604309,19500,0.3,0.018644426,0.0003
7,200.0,32,2345.75,1047,8192,47.88740978240967,0.028515625,-0.8717302650213241,-0.010718324454501271,0.9874328970909119,32.1434440612793,19510,0.3,0.0140652135,0.0003
8,200.0,33,2474.285714285714,1044,8448,85.21449949741364,0.00078125,-0.8518177062273026,-0.003730910539161414,0.9781816005706787,3.3548543453216553,19520,0.3,0.0025687949,0.0003
8,200.0,34,2536.046511627907,1025,8704,40.97414165735245,0.0015625,-0.88773894906044,-0.0006164271617308259,0.9893790483474731,23.42498207092285,19530,0.3,0.0012341249,0.0003
8,200.0,35,2595.681818181818,1027,8960,3.161337423324585,0.0328125,-0.8812922179698944,-0.017980299657210708,0.9990605115890503,1.0438950061798096,19540,0.3,0.020062573,0.0003
8,200.0,36,2586.086956521739,1026,9216,43.68330879211426,0.0109375,-1.3123210549354554,-0.006006514700129628,0.9830164909362793,30.3387508392334,19550,0.3,0.015511826,0.0003
9,200.0,37,2635.31914893617,1026,9472,30.465259742736816,0.03125,-1.0801084905862808,-0.008077429607510567,0.9912158250808716,18.879987716674805,19560,0.3,0.014040412,0.0003
9,200.0,38,2572.0833333333335,1027,9728,7.808190107345581,0.019140625,-1.0570026516914368,-0.010526111675426364,0.9975996613502502,5.842554092407227,19570,0.3,0.013707128,0.0003
9,200.0,39,2560.408163265306,1028,9984,2.7786082088947297,0.020703125,-1.2494964957237245,-0.022519889613613488,0.9972538948059082,0.5348172783851624,19580,0.3,0.03597319,0.0003
9,200.0,40,2554.1176470588234,1030,10240,1.29955253303051,0.01484375,-1.0273957550525665,-0.009544345340691507,0.999531090259552,0.06805611401796341,19590,0.3,0.007821035,0.0003
0,200.0,1,5045.0,1334,256,40.94653329849243,0.0140625,-1.483847540616989,0.0022693696198984982,0.9509769082069397,3.0245912075042725,19600,0.3,0.01111339,0.0003
0,200.0,2,4935.0,1205,512,3.755487060546875,0.021484375,-0.8810312956571579,-0.013713036640547216,0.9989041090011597,1.814578890800476,19210,0.3,0.0125302635,0.0003
0,200.0,3,4977.666666666667,1138,768,98.87079875469207,0.002734375,-0.8618811786174774,-0.0013312027789652348,0.9744947552680969,87.81392669677734,19220,0.3,0.002902183,0.0003
0,200.0,4,2844.4,1106,1024,46.71231484413147,0.005078125,-1.1609260380268096,-0.008841657836455852,0.9791979193687439,29.844646453857422,19230,0.3,0.0085699605,0.0003
1,200.0,5,3045.5,1092,1280,48.861228942871094,0.002734375,-1.31075422167778,-0.009910882683470845,0.7845271825790405,7.6997904777526855,19240,0.3,0.003677774,0.0003
1,200.0,6,3332.4285714285716,1088,1536,91.69001617431641,0.0015625,-0.915061029791832,-0.00368742790305987,0.9687732458114624,2.5154521465301514,19250,0.3,0.0024144286,0.0003
1,200.0,7,3550.0,1083,1792,4.150869378447533,0.01640625,-0.9142159640789032,-0.012771593220531941,0.9987061023712158,3.0965354442596436,19260,0.3,0.013796496,0.0003
1,200.0,8,2970.3,1080,2048,45.22866859436035,0.00859375,-1.1320239186286927,-0.0037951336475089193,0.9832162857055664,32.22946548461914,19270,0.3,0.012551582,0.0003
2,200.0,9,3075.3636363636365,1082,2304,15.251690661907196,0.06015625,-1.2858522653579711,-0.011411206657066941,0.984434187412262,1.4609200954437256,19280,0.3,0.021156387,0.0003
2,200.0,10,3241.8333333333335,1077,2560,8.206589996814728,0.003125,-0.7806148678064346,-0.002952483342960477,0.9977530837059021,4.095585346221924,19290,0.3,0.0034781136,0.0003
2,200.0,11,3279.8571428571427,1065,2816,29.236444234848022,0.032421875,-1.1068225145339965,-0.014349777088500559,0.9905755519866943,26.687442779541016,19300,0.3,0.04904648,0.0003
2,200.0,12,3399.4666666666667,1064,3072,6.866485530138016,0.03359375,-0.9120722264051437,-0.010944385221228004,0.9981516599655151,0.547361433506012,19310,0.3,0.016458042,0.0003
3,200.0,13,3489.1875,1064,3328,3.6532620787620544,0.02109375,-0.9526248008012772,-0.008671649254392833,0.9990072846412659,0.5121220946311951,19320,0.3,0.009021636,0.0003
3,200.0,14,3580.705882352941,1063,3584,100.19583864212036,0.03671875,-0.9061965942382812,-0.015344127034768461,0.9748965501785278,3.8746392726898193,19330,0.3,0.0143888425,0.0003
3,200.0,15,3713.0,1062,3840,2.259844034910202,0.036328125,-0.8967723816633224,-0.01766243058955297,0.9993690252304077,0.2579817771911621,19340,0.3,0.033697158,0.0003
3,200.0,16,3518.65,1063,4096,85.97109553813934,0.1,-1.0398582339286804,-0.00957489546854049,0.9775921106338501,81.1427230834961,19350,0.3,0.038664535,0.0003
4,200.0,17,3581.3809523809523,1062,4352,19.59721623659134,0.012109375,-1.3097194850444793,-0.005325802811421454,0.9894347786903381,7.4516119956970215,19360,0.3,0.007276015,0.0003
4,200.0,18,3472.478260869565,1064,4608,34.519575119018555,0.056640625,-0.9246731609106064,-0.012090844986960291,0.9909632205963135,29.096820831298828,19370,0.3,0.015660752,0.0003
4,200.0,19,3313.25,1060,4864,20.159185421466827,0.0515625,-1.316389548778534,-0.013985171541571617,0.9775099158287048,1.1883270740509033,19380,0.3,0.028973654,0.0003
4,200.0,20,3353.72,1058,5120,454.0716293334961,0.004296875,-1.4246972143650054,-0.009426091122440994,0.534532904624939,51.84393310546875,19390,0.3,0.003029269,0.0003
5,200.0,21,3409.653846153846,1053,5376,121.6656224489212,0.0,-0.9491730988025665,-0.0010585375130176544,0.9269146919250488,10.4974365234375,19400,0.3,0.00043878122,0.0003
5,200.0,22,3502.535714285714,1053,5632,5.570047360658646,0.06640625,-0.9071480631828308,-0.014275400759652257,0.9984827637672424,3.9630074501037598,19410,0.3,0.062373113,0.0003
5,200.0,23,3547.2758620689656,1052,5888,10.620118284225464,0.1015625,-0.8864356130361557,-0.031969974376261236,0.9971160888671875,5.426967144012451,19420,0.3,0.023712162,0.0003
5,200.0,24,3423.3,1053,6144,95.98997554779052,0.02734375,-1.0391613960266113,-0.000765705032972619,0.965693473815918,66.71009826660156,19430,0.3,0.009004391,0.0003
6,200.0,25,3346.6875,1048,6400,6.1899291515350345,0.013671875,-1.0614339470863343,-0.013951564976014196,0.9978688955307007,3.871107339859009,19440,0.3,0.006828759,0.0003
6,200.0,26,3377.060606060606,1047,6656,14.997757577896119,0.02109375,-1.1458047211170197,-0.012235786626115441,0.9898273348808289,8.783105850219727,19450,0.3,0.015469647,0.0003
6,200.0,27,3426.970588235294,1047,6912,82.74639768600464,0.039453125,-0.802515310049057,-0.01073147680144757,0.9786348342895508,8.198046684265137,19460,0.3,0.018713988,0.0003
6,200.0,28,3458.1428571428573,1046,7168,22.922572231292726,0.04921875,-0.8022201180458068,-0.0225348184350878,0.9937284588813782,11.715177536010742,19470,0.3,0.019229773,0.0003
7,200.0,29,3249.810810810811,1047,7424,15.181377577781678,0.05234375,-1.144074296951294,-0.013778024748899043,0.9931671023368835,8.001421928405762,19480,0.3,0.02332225,0.0003
7,200.0,30,3297.0526315789475,1047,7680,1.085914459824562,0.03515625,-1.3142176032066346,-0.019064571033231913,0.9972530603408813,0.17513605952262878,19490,0.3,0.024452757,0.0003
7,200.0,31,3342.5897435897436,1049,7936,1.8854364663362504,0.08671875,-0.770715844631195,-0.021530964784324168,0.9993863105773926,0.861108660697937,19500,0.3,0.04044323,0.0003
7,200.0,32,3373.925,1048,8192,38.6190767288208,0.068359375,-0.744649538397789,-0.0062591124325990675,0.9871999025344849,2.913255453109741,19510,0.3,0.0439526,0.0003
8,200.0,33,3448.1190476190477,1047,8448,16.707209992408753,0.0328125,-0.656042817234993,-0.011768233077600599,0.9953495264053345,8.05282211303711,19520,0.3,0.009779909,0.0003
8,200.0,34,3480.3720930232557,1029,8704,162.46411914825438,0.0,-0.7524797946214676,-0.0003199885133653879,0.9578016996383667,68.15939331054688,19530,0.3,0.0016584035,0.0003
8,200.0,35,3391.8636363636365,1029,8960,114.78059644699097,0.0015625,-0.9812463670969009,-0.0034634088398888705,0.9664961099624634,15.091442108154297,19540,0.3,0.0033087018,0.0003
8,200.0,36,3454.1739130434785,1027,9216,17.461684715747833,0.0078125,-1.0249256134033202,-0.007087902701459825,0.9937661290168762,10.10693073272705,19550,0.3,0.0059693833,0.0003
9,200.0,37,3463.3617021276596,1027,9472,11.782051306962966,0.055078125,-0.801090756058693,-0.015689029288478196,0.9967923760414124,2.738238573074341,19560,0.3,0.019377692,0.0003
9,200.0,38,3487.0625,1026,9728,127.36736259460449,0.00390625,-0.8370958894491196,-0.0021021150343585758,0.9592157602310181,88.701171875,19570,0.3,0.0026744574,0.0003
9,200.0,39,3406.2244897959185,1027,9984,45.473666715621945,0.00703125,-1.052390730381012,-0.00786828309064731,0.985332190990448,10.260894775390625,19580,0.3,0.007849603,0.0003
9,200.0,40,3471.627450980392,1029,10240,2.007968211174011,0.020703125,-0.9449850171804428,-0.013942100340500474,0.9995310306549072,0.42153292894363403,19590,0.3,0.011260934,0.0003
0,200.0,1,-160.0,1343,256,18.604996657371522,0.009765625,-0.8287659674882889,-0.006345167814288288,0.9951852560043335,6.804884910583496,19600,0.3,0.009122448,0.0003
0,200.0,2,-260.0,1164,512,2.6923197597265243,0.009375,-1.357335102558136,-0.00811767999548465,0.9707674384117126,0.534428060054779,19610,0.3,0.010344164,0.0003
0,200.0,3,1546.6666666666667,1120,768,0.4125579558312893,0.148828125,-1.275428831577301,-0.016235294309444724,0.9997828006744385,0.05709141492843628,19620,0.3,0.02413927,0.0003
0,200.0,4,778.0,1108,1024,34.722649639844896,0.00859375,-0.5190079241991044,-0.002314206538721919,0.9858237504959106,1.8333148956298828,19630,0.3,0.004139292,0.0003
1,200.0,5,581.6666666666666,1094,1280,7.687351268529892,0.129296875,-1.5466607809066772,-0.014108070242218673,0.5433865189552307,1.2586719989776611,19640,0.3,0.01945714,0.0003
1,200.0,6,447.14285714285717,1070,1536,0.9281452499330044,0.00859375,-1.4044924437999726,-0.008666049654129893,0.7031561136245728,0.5325757265090942,19650,0.3,0.012061689,0.0003
1,200.0,7,938.75,1061,1792,2.3567495316267015,0.096484375,-1.2531850814819336,-0.021874335408210755,0.9988229274749756,0.4845687747001648,19660,0.3,0.034727123,0.0003
1,200.0,8,1584.0,1058,2048,48.834294486045835,0.00703125,-0.759401673078537,-0.006704528909176588,0.9863486289978027,22.91546058654785,19670,0.3,0.007479812,0.0003
2,200.0,9,1907.2727272727273,1052,2304,14.13900306224823,0.003515625,-0.9060936391353607,-0.008554464858025312,0.9953593015670776,2.2143588066101074,19680,0.3,0.002880228,0.0003
2,200.0,10,2178.3333333333335,1047,2560,3.6637417793273928,0.003125,-0.8223919421434402,-0.007122838718350977,0.9987869262695312,0.6631977558135986,19690,0.3,0.0055044414,0.0003
2,200.0,11,2210.0,1047,2816,29.457568830251695,0.02578125,-0.8539285719394684,-0.0084455234115012,0.9923371076583862,2.425678253173828,19700,0.3,0.01115877,0.0003
2,200.0,12,2406.0,1047,3072,80.42480478286743,0.001171875,-1.4847231805324554,-0.006565694452729076,0.9485870003700256,51.16679382324219,19710,0.3,0.0032327813,0.0003
3,200.0,13,2577.5,1046,3328,5.8806690096855165,0.01171875,-0.8735131025314331,-0.0156735101249069,0.9985626935958862,1.5028257369995117,19720,0.3,0.0064852526,0.0003
3,200.0,14,2701.764705882353,1045,3584,3.874340757727623,0.02890625,-0.8597412049770355,-0.006775789428502321,0.9988530278205872,2.3914506435394287,19730,0.3,0.01446045,0.0003
3,200.0,15,2678.9473684210525,1046,3840,15.210943353176116,0.030078125,-0.877381345629692,-0.01211064332164824,0.9952102303504944,12.112171173095703,19740,0.3,0.018340582,0.0003
3,200.0,16,2791.0,1046,4096,1.1478341579437257,0.05859375,-1.1167052328586577,-0.02135267308913171,0.9991710782051086,0.07777347415685654,19750,0.3,0.034797534,0.0003
4,200.0,17,2638.5714285714284,1046,4352,102.34649682044983,0.129296875,-1.1341572821140289,-0.0030726408353075386,0.970188558101654,95.15203857421875,19760,0.3,0.022608114,0.0003
4,200.0,18,2858.2608695652175,1045,4608,3.8802573144435883,0.01484375,-1.2036518633365632,-0.02128012661123648,0.9985139966011047,1.0580402612686157,19770,0.3,0.013992667,0.0003
4,200.0,19,2862.5,1045,4864,112.55120468139648,0.010546875,-0.8924846589565277,-0.00902882448863238,0.9721976518630981,84.09156036376953,19780,0.3,0.0067263916,0.0003
4,200.0,20,2944.8,1043,5120,5.981740641593933,0.055078125,-1.091584289073944,-0.029979023011401297,0.9981443285942078,2.413630485534668,19790,0.3,0.035535067,0.0003
5,200.0,21,3029.6153846153848,1042,5376,101.72283272743225,0.02890625,-0.8801777333021163,-0.00685291311237961,0.9736557006835938,90.34972381591797,19800,0.3,0.009337438,0.0003
5,200.0,22,3156.4285714285716,1039,5632,4.663760602474213,0.05703125,-0.8605013757944107,-0.007259451178833842,0.9986875057220459,3.7066597938537598,19810,0.3,0.014310762,0.0003
5,200.0,23,3165.1724137931033,1037,5888,100.76319689750672,0.005078125,-0.914425078034401,-0.003979448578320444,0.9745811820030212,67.80237579345703,19820,0.3,0.003847694,0.0003
5,200.0,24,3047.6666666666665,1037,6144,35.630257594585416,0.003515625,-0.9436886221170425,-0.000999092683196068,0.9849367141723633,7.962804794311523,19830,0.3,0.0015750132,0.0003
6,200.0,25,3043.125,1037,6400,1.3202192023396493,0.048828125,-1.2005604207515717,-0.022179259569384158,0.9995580315589905,0.12859255075454712,19840,0.3,0.01647032,0.0003
6,200.0,26,3113.6363636363635,1037,6656,21.804856312274932,0.04609375,-0.5086632505059242,-0.00402781548909843,0.9898114204406738,1.6266045570373535,19850,0.3,0.023584966,0.0003
6,200.0,27,3010.294117647059,1038,6912,0.9356757998466492,0.052734375,-0.8902909338474274,-0.01803385270759463,0.9995797276496887,0.2823306620121002,19860,0.3,0.029430158,0.0003
6,200.0,28,3071.714285714286,1037,7168,2.3381797462701797,0.16796875,-1.093588650226593,-0.022062729764729738,0.9991000890731812,0.407484769821167,19870,0.3,0.069224104,0.0003
7,200.0,29,3176.7567567567567,1038,7424,4.975265407562256,0.023046875,-0.8343073427677155,-0.005229011201299727,0.9984074234962463,2.834926128387451,19880,0.3,0.019889504,0.0003
7,200.0,30,3229.2105263157896,1037,7680,10.717805111408234,0.03359375,-0.861901444196701,-0.019870495656505227,0.9970847964286804,3.320220470428467,19890,0.3,0.016090345,0.0003
7,200.0,31,3283.846153846154,1037,7936,86.05319474935531,0.0,-0.7975475251674652,-0.003109525330364704,0.9782471060752869,64.97962951660156,19900,0.3,0.0015242558,0.0003
7,200.0,32,3330.75,1036,8192,1.132921150326729,0.03203125,-0.8131229609251023,-0.017909364379011094,0.9997586011886597,0.3439590632915497,19910,0.3,0.018477198,0.0003
8,200.0,33,3417.6190476190477,1037,8448,10.459468472003937,0.090625,-0.8097281128168106,-0.0037833388894796373,0.997359573841095,0.9907225370407104,19920,0.3,0.046033174,0.0003
8,200.0,34,3401.6279069767443,1037,8704,13.160824608802795,0.0578125,-0.8834484875202179,-0.006670204922556877,0.9966912269592285,5.554502010345459,19930,0.3,0.10305286,0.0003
8,200.0,35,3392.0454545454545,1036,8960,39.11672124862671,0.05546875,-0.728445166349411,-0.02156859776005149,0.9851374626159668,11.847721099853516,19940,0.3,0.04137758,0.0003
8,200.0,36,3426.9565217391305,1035,9216,38.84099235534668,0.04375,-0.8189846277236938,-0.016652021347545086,0.9854029417037964,13.630929946899414,19950,0.3,0.02824378,0.0003
9,200.0,37,3463.8297872340427,1035,9472,22.253854990005493,0.008984375,-0.8471212685108185,-0.008382207131944597,0.9923275709152222,5.154383659362793,19960,0.3,0.004412424,0.0003
9,200.0,38,3383.3333333333335,1036,9728,37.13232507705688,0.001171875,-0.8071817278861999,-0.0019024964887648821,0.9886789321899414,6.333976745605469,19970,0.3,0.001366066,0.0003
9,200.0,39,3419.591836734694,1036,9984,4.3924849152565,0.0,-0.4377292230725288,-0.00044025585521012545,0.9961113333702087,0.6344971656799316,19980,0.3,0.00067423005,0.0003
9,200.0,40,3482.3529411764707,1036,10240,28.92517246603966,0.008984375,-0.8335209310054779,-0.009918787062633782,0.9928895831108093,1.156570315361023,19990,0.3,0.008103248,0.0003
0,200.0,1,5270.0,1331,256,34.104040956497194,0.005859375,-0.8465581893920898,-0.006362960627302528,0.9912015199661255,11.062287330627441,20000,0.3,0.0029829314,0.0003
0,200.0,2,3373.5,1175,512,3.0055140405893326,0.016015625,-0.8831325352191925,-0.013910576328635215,0.9991375803947449,1.0734730958938599,19610,0.3,0.011497498,0.0003
0,200.0,3,2097.6666666666665,1121,768,11.541014420986176,0.027734375,-1.2427732646465302,-0.014553588349372149,0.9913762807846069,1.835471749305725,19620,0.3,0.022909898,0.0003
0,200.0,4,2279.0,1090,1024,9.7492860019207,0.00078125,-1.420462691783905,-0.0041384068550542,0.9260528087615967,0.9874095320701599,19630,0.3,0.0053382833,0.0003
1,200.0,5,1870.1666666666667,1083,1280,5.680898368358612,0.008984375,-0.8404320687055588,-0.0013970977626740933,0.9969314932823181,1.0874805450439453,19640,0.3,0.005489669,0.0003
1,200.0,6,1544.4285714285713,1077,1536,9.621582162380218,0.016015625,-1.2927269756793975,-0.00997254210524261,0.9197371006011963,0.5208332538604736,19650,0.3,0.011288555,0.0003
1,200.0,7,1984.375,1073,1792,5.054053831100464,0.023828125,-1.1294644236564637,-0.02270633019506931,0.9976082444190979,2.0913195610046387,19660,0.3,0.02315281,0.0003
1,200.0,8,2552.1,1069,2048,28.122101950645447,0.119921875,-0.8521032840013504,-0.013804653519764542,0.9929338693618774,1.7662925720214844,19670,0.3,0.054485794,0.0003
2,200.0,9,2738.2727272727275,1065,2304,32.13814082145691,0.04296875,-0.8575927138328552,-0.01978149430360645,0.991048276424408,20.972858428955078,19680,0.3,0.019187383,0.0003
2,200.0,10,2912.25,1058,2560,81.92510914802551,0.0328125,-0.8256937205791474,-0.0011973213870078326,0.978502094745636,73.38314819335938,19690,0.3,0.0063339206,0.0003
2,200.0,11,3150.4285714285716,1053,2816,55.05872373580932,0.00859375,-0.8338475823402405,-0.004478251747786999,0.9844537377357483,19.77048110961914,19700,0.3,0.0055644056,0.0003
2,200.0,12,3261.6,1046,3072,101.87317464351653,0.00546875,-0.8652707457542419,-0.005705669242888689,0.9734137058258057,3.269258975982666,19710,0.3,0.0049597714,0.0003
3,200.0,13,3166.5,1036,3328,2.807024022936821,0.048046875,-0.8447354823350907,-0.025547884567640722,0.9990975856781006,1.236456274986267,19720,0.3,0.019310921,0.0003
3,200.0,14,2955.8823529411766,1038,3584,155.90248107910156,0.024609375,-0.7753539770841599,0.004697377444244921,0.49679625034332275,24.39017677307129,19730,0.3,0.0066737486,0.0003
3,200.0,15,2916.9473684210525,1038,3840,20.944379878044128,0.00234375,-0.7290570884943008,-0.007843872858211398,0.9916933178901672,4.984956741333008,19740,0.3,0.0027589547,0.0003
3,200.0,16,3012.4,1037,4096,13.18415093421936,0.008984375,-0.6332880139350892,-0.005212699994444847,0.994185209274292,7.991870880126953,19750,0.3,0.0067103854,0.0003
4,200.0,17,2997.904761904762,1038,4352,49.12962927818298,0.060546875,-0.7362103432416915,-0.015096632856875658,0.9844369292259216,25.607078552246094,19760,0.3,0.016682545,0.0003
4,200.0,18,2939.0,1039,4608,35.095673960447314,0.001171875,-1.0382886052131652,-0.0008374934317544102,0.9847923517227173,1.6413973569869995,19770,0.3,0.002558865,0.0003
4,200.0,19,3017.625,1040,4864,4.5440402865409855,0.00625,-0.9011099606752395,-0.011536352196708321,0.9985371828079224,1.8413646221160889,19780,0.3,0.006661172,0.0003
4,200.0,20,3099.44,1040,5120,33.105449962615964,0.000390625,-0.7381222248077393,-0.00033747629495337603,0.9906877279281616,3.4969518184661865,19790,0.3,0.0021156222,0.0003
5,200.0,21,3164.3846153846152,1040,5376,96.67715654373168,0.0078125,-0.7131875991821289,-0.010694189346395433,0.9746494889259338,6.476474761962891,19800,0.3,0.004317213,0.0003
5,200.0,22,3097.6428571428573,1041,5632,3.3878359660506248,0.0078125,-0.7498216509819031,-0.00810666095931083,0.9991463422775269,0.20685307681560516,19810,0.3,0.0067690155,0.0003
5,200.0,23,3148.448275862069,1041,5888,36.640037500858305,0.003515625,-1.189762431383133,0.0007759490050375462,0.9742832779884338,7.990373611450195,19820,0.3,0.003604494,0.0003
5,200.0,24,3196.233333333333,1038,6144,19.55056838989258,0.017578125,-0.7330113500356674,-0.011257141991518439,0.9930994510650635,9.178553581237793,19830,0.3,0.015179507,0.0003
6,200.0,25,3135.15625,1037,6400,9.329702973365784,0.009765625,-0.6953899264335632,-0.008760036947205663,0.9967893958091736,5.300455570220947,19840,0.3,0.005938127,0.0003
6,200.0,26,3199.5757575757575,1037,6656,17.721020793914796,0.030859375,-1.1160332560539246,-0.012103583058342337,0.9821683764457703,4.092675685882568,19850,0.3,0.01801657,0.0003
6,200.0,27,3254.4117647058824,1036,6912,2.628320096433163,0.03046875,-0.7149140506982803,-0.015825003013014795,0.9991125464439392,1.827722430229187,19860,0.3,0.015226629,0.0003
6,200.0,28,3311.7428571428572,1036,7168,3.0314811050891874,0.04453125,-0.7374268144369125,-0.006598229892551899,0.9992390275001526,0.09714911133050919,19870,0.3,0.01801746,0.0003
7,200.0,29,3392.135135135135,1037,7424,0.9546018034219742,0.076171875,-0.8245692729949952,-0.027835472696460785,0.999707043170929,0.2045346349477768,19880,0.3,0.039290905,0.0003
7,200.0,30,3423.2105263157896,1035,7680,948.5214767456055,0.014453125,-0.8530797064304352,-0.0035495353396981953,0.6964815855026245,132.57057189941406,19890,0.3,0.0057570725,0.0003
7,200.0,31,3470.3333333333335,1032,7936,39.498262119293216,0.0,-0.8346076071262359,-0.0006240769987925887,0.9859440922737122,5.422563076019287,19900,0.3,0.00022254349,0.0003
7,200.0,32,3510.175,1032,8192,1.5761218279600144,0.023046875,-0.8553724825382233,-0.01162003600038588,0.9995056986808777,0.2175276279449463,19910,0.3,0.019393303,0.0003
8,200.0,33,3476.095238095238,1032,8448,50.877268123626706,0.019921875,-0.7970329314470291,-0.007817664719186723,0.9786083102226257,5.198530197143555,19920,0.3,0.0076295882,0.0003
8,200.0,34,3496.093023255814,1032,8704,37.83675618171692,0.026953125,-0.7931760787963867,-0.01597593198530376,0.9898977279663086,22.20926284790039,19930,0.3,0.023637537,0.0003
8,200.0,35,3536.2045454545455,1032,8960,15.645450544357299,0.0171875,-0.7711328983306884,-0.008267500251531602,0.9950770139694214,5.240433216094971,19940,0.3,0.010123571,0.0003
8,200.0,36,3592.4565217391305,1032,9216,3.6727311432361605,0.0234375,-0.8259099364280701,-0.0011411636136472226,0.9987984299659729,0.26383572816848755,19950,0.3,0.02032281,0.0003
9,200.0,37,3628.148936170213,1032,9472,202.33356628417968,0.028515625,-0.784043550491333,0.004202559357509017,0.9474481344223022,155.70774841308594,19960,0.3,0.007932385,0.0003
9,200.0,38,3652.6875,1032,9728,13.194578337669373,0.01015625,-0.7714465975761413,-0.007890635076910258,0.996428370475769,6.339615345001221,19970,0.3,0.006455403,0.0003
9,200.0,39,3681.6938775510203,1032,9984,6.190770518779755,0.0171875,-0.7879234224557876,-0.016958354064263402,0.9981643557548523,2.215906858444214,19980,0.3,0.008629909,0.0003
9,200.0,40,3730.4901960784314,1032,10240,3.858495998382568,0.035546875,-0.7616516798734665,-0.01998486026423052,0.9987865686416626,1.801702857017517,19990,0.3,0.016994484,0.0003
