rollout/ep_rew_mean,time/fps,time/iterations,time/time_elapsed,time/total_timesteps,rollout/ep_len_mean,train/clip_fraction,train/explained_variance,train/clip_range,train/loss,train/policy_gradient_loss,train/n_updates,train/approx_kl,train/value_loss,train/learning_rate,train/entropy_loss
-740.0,1048,1,0,256,200.0,,,,,,,,,,
-815.0,1035,2,0,512,200.0,0.0,-0.0025026798248291016,0.3,277.1009216308594,-0.011412673769518733,10,0.0020280296,736.9104125976562,0.0003,-2.5642839431762696
-806.6666666666666,1040,3,0,768,200.0,0.0,0.0019376277923583984,0.3,630.6592407226562,-0.006072690384462476,20,0.0012776214,1276.2478271484374,0.0003,-2.560466265678406
-708.0,1023,4,1,1024,200.0,0.0,0.005458533763885498,0.3,457.2628173828125,-0.003520068060606718,30,0.0006329573,986.0140014648438,0.0003,-2.5589447379112245
-735.0,1000,5,1,1280,200.0,0.0,-0.0011730194091796875,0.3,314.054931640625,-0.0033690687734633682,40,0.00063849124,555.5475128173828,0.0003,-2.5576698660850523
-744.2857142857143,1003,6,1,1536,200.0,0.0,0.00040352344512939453,0.3,409.2771911621094,-0.00505470777861774,50,0.0010815514,824.2784851074218,0.0003,-2.5504030585289
-645.0,1004,7,1,1792,200.0,0.0,0.0013372302055358887,0.3,724.481201171875,-0.011238973354920745,60,0.005299125,1397.5048065185547,0.0003,-2.546075367927551
-632.0,1007,8,2,2048,200.0,0.0,0.020309031009674072,0.3,507.1622314453125,-0.001475952984765172,70,0.0008089964,969.6528289794921,0.0003,-2.538014256954193
-638.1818181818181,1007,9,2,2304,200.0,0.0,0.05196118354797363,0.3,516.3901977539062,-0.0027923878747969865,80,0.00047492096,1063.6727752685547,0.0003,-2.5389267444610595
-623.3333333333334,1013,10,2,2560,200.0,0.0,0.0555192232131958,0.3,512.3795776367188,-0.0051175139378756285,90,0.0015278899,851.3086029052735,0.0003,-2.5327154755592347
-602.8571428571429,1018,11,2,2816,200.0,0.0,0.00998610258102417,0.3,627.8917846679688,-0.007300799340009689,100,0.0024486976,1049.2904571533204,0.0003,-2.5193423867225646
-606.0,1023,12,3,3072,200.0,0.0,0.005110263824462891,0.3,149.83517456054688,-0.009873081184923648,110,0.0055719046,287.382795715332,0.0003,-2.5027731895446776
-575.625,1025,13,3,3328,200.0,0.0,-0.04562819004058838,0.3,186.95758056640625,-0.005386583227664232,120,0.0029455982,422.5150543212891,0.0003,-2.460396432876587
-577.6470588235294,1028,14,3,3584,200.0,0.0,0.009532034397125244,0.3,697.6553344726562,-0.006615346786566079,130,0.0039773816,1373.2783752441405,0.0003,-2.4638285040855408
-547.3684210526316,1027,15,3,3840,200.0,0.0,0.0010849833488464355,0.3,538.9219360351562,-0.004961100220680237,140,0.0028582537,1100.365530395508,0.0003,-2.457939827442169
-523.5,1027,16,3,4096,200.0,0.0,0.06112313270568848,0.3,771.8409423828125,-0.012495548860169948,150,0.0072225216,1285.1969665527345,0.0003,-2.4370053887367247
-520.4761904761905,1030,17,4,4352,200.0,0.0,0.0032663345336914062,0.3,579.8165283203125,-0.007695895526558161,160,0.005250782,1419.0648681640625,0.0003,-2.385088789463043
-528.2608695652174,1032,18,4,4608,200.0,0.0,0.040739476680755615,0.3,529.7008666992188,-0.008824753575026989,170,0.0034883176,1117.597915649414,0.0003,-2.3634580254554747
-521.25,1031,19,4,4864,200.0,0.0,0.14867258071899414,0.3,498.2232360839844,-0.004792639194056392,180,0.0026345875,845.6358627319336,0.0003,-2.3180190324783325
-518.8,1033,20,4,5120,200.0,0.05625,0.0011853575706481934,0.3,278.2750244140625,-0.015904725529253483,190,0.02270501,732.9495010375977,0.0003,-2.2531903266906737
-518.0769230769231,1036,21,5,5376,200.0,0.0,-0.2854360342025757,0.3,144.8059539794922,-0.004793695674743503,200,0.004807127,269.00737380981445,0.0003,-2.167713451385498
-512.1428571428571,1036,22,5,5632,200.0,0.0,-0.28608548641204834,0.3,60.037567138671875,-0.00762920833658427,210,0.012157652,168.17894706726074,0.0003,-2.1239992141723634
-520.3448275862069,1036,23,5,5888,200.0,0.079296875,-0.0003107786178588867,0.3,516.3773803710938,-0.016143981833010912,220,0.035433784,851.6442474365234,0.0003,-2.115496742725372
-513.3333333333334,1036,24,5,6144,200.0,0.026171875,1.8298625946044922e-05,0.3,486.205322265625,-0.010353298811241984,230,0.016846808,1007.3911651611328,0.0003,-2.0887280344963073
-505.9375,1037,25,6,6400,200.0,0.064453125,8.934736251831055e-05,0.3,207.3170623779297,-0.016136552300304176,240,0.029720584,716.2899185180664,0.0003,-2.113636827468872
-496.969696969697,1037,26,6,6656,200.0,0.07890625,-5.507469177246094e-05,0.3,94.24679565429688,-0.0019926654873415827,250,0.030088779,154.94146728515625,0.0003,-2.137854444980621
-505.5882352941176,1039,27,6,6912,200.0,0.0,0.03233712911605835,0.3,447.6296081542969,-0.00565072923200205,260,0.0026786963,944.43583984375,0.0003,-2.2524696826934814
-499.42857142857144,1038,28,6,7168,200.0,0.0,0.0008739233016967773,0.3,109.76842498779297,-0.006785397231578827,270,0.0027041752,303.79658966064454,0.0003,-2.3007201552391052
-504.86486486486484,1038,29,7,7424,200.0,0.0,0.07179480791091919,0.3,174.2786865234375,-0.002150168502703309,280,0.00065458217,598.5212310791015,0.0003,-2.3280909657478333
-500.0,1039,30,7,7680,200.0,0.0,0.03368353843688965,0.3,112.33960723876953,-0.002697263937443495,290,0.0008501187,231.46672515869142,0.0003,-2.3072700262069703
-501.02564102564105,1040,31,7,7936,200.0,0.0,0.20683538913726807,0.3,433.4252624511719,-0.000823501858394593,300,0.0003935101,620.0287094116211,0.0003,-2.2868583679199217
-492.5,1041,32,7,8192,200.0,0.002734375,0.07307982444763184,0.3,89.08221435546875,-0.011095672496594489,310,0.00748112,188.107022857666,0.0003,-2.2702885985374452
-496.6666666666667,1041,33,8,8448,200.0,0.00078125,0.25706392526626587,0.3,430.3817443847656,-0.0017028899805154652,320,0.0026365079,612.9346496582032,0.0003,-2.2704110503196717
-487.2093023255814,1040,34,8,8704,200.0,0.007421875,0.06259512901306152,0.3,124.25778198242188,-0.0091884711291641,330,0.004227432,281.3278518676758,0.0003,-2.298449695110321
-489.54545454545456,1039,35,8,8960,200.0,0.0,0.2682027816772461,0.3,393.7644958496094,-0.005356326512992382,340,0.001764494,956.4365081787109,0.0003,-2.3170668959617613
-479.5652173913044,1039,36,8,9216,200.0,0.0,-0.07604074478149414,0.3,468.26263427734375,-0.0038316022604703904,350,0.002143472,858.7023376464844,0.0003,-2.3189215779304506
-483.40425531914894,1040,37,9,9472,200.0,0.0,0.18469393253326416,0.3,253.8325653076172,-0.0012072425743099302,360,0.00053850026,553.6344299316406,0.0003,-2.3902693033218383
-477.2916666666667,1040,38,9,9728,200.0,0.0,0.002578437328338623,0.3,157.28640747070312,-0.003528090286999941,370,0.0015315616,311.90424728393555,0.0003,-2.402738165855408
-470.40816326530614,1040,39,9,9984,200.0,0.0,0.0025978684425354004,0.3,697.78515625,-0.007729367329739034,380,0.003048072,1070.440737915039,0.0003,-2.40064013004303
-469.80392156862746,1040,40,9,10240,200.0,0.0,0.09044903516769409,0.3,876.5726928710938,-0.0017399975564330815,390,0.0007359106,1258.251235961914,0.0003,-2.4057603597640993
-1950.0,1342,1,0,256,200.0,0.0,0.04886651039123535,0.3,384.6705017089844,-0.002320746867917478,400,0.00059621735,614.0636627197266,0.0003,-2.4181699752807617
-2070.0,1166,2,0,512,200.0,0.0,-0.00011289119720458984,0.3,2573.28662109375,-0.005075173382647335,10,0.00039496878,5466.3905029296875,0.0003,-2.564795529842377
-1896.6666666666667,1132,3,0,768,200.0,0.0,0.0014402270317077637,0.3,1971.5372314453125,-0.003591070743277669,20,0.00043253065,4380.418640136719,0.0003,-2.563911533355713
-1864.0,1108,4,0,1024,200.0,0.0,-0.0012099742889404297,0.3,2072.013671875,-0.0029192228568717836,30,0.0002874895,3825.0096923828123,0.0003,-2.562743139266968
-1825.0,1088,5,1,1280,200.0,0.0,0.0007113218307495117,0.3,1963.390380859375,-0.001803330658003688,40,0.0001947917,4157.548681640625,0.0003,-2.561555802822113
-1865.7142857142858,1086,6,1,1536,200.0,0.0,-0.0005218982696533203,0.3,1925.898681640625,-0.0029006053460761904,50,0.00037911697,3621.461865234375,0.0003,-2.5606491923332215
-1858.75,1083,7,1,1792,200.0,0.0,0.0002079606056213379,0.3,2670.73291015625,-0.005642203451134265,60,0.00059491815,4942.724536132812,0.0003,-2.5586457014083863
-1881.0,1076,8,1,2048,200.0,0.0,0.0003171563148498535,0.3,2416.25439453125,-0.0039069909369573,70,0.00041906582,4814.242651367187,0.0003,-2.556302344799042
-1892.7272727272727,1076,9,2,2304,200.0,0.0,3.4570693969726562e-06,0.3,1715.505615234375,-0.0061331373173743485,80,0.00088173454,3168.490478515625,0.0003,-2.5526715874671937
-1869.1666666666667,1072,10,2,2560,200.0,0.0,-0.0001666545867919922,0.3,2292.7255859375,-0.002724561095237732,90,0.00053013023,4144.47431640625,0.0003,-2.548409712314606
-1825.0,1071,11,2,2816,200.0,0.0,-6.437301635742188e-05,0.3,1643.890869140625,-0.004946301761083305,100,0.0007859529,3559.9818115234375,0.0003,-2.5404369711875914
-1832.6666666666667,1069,12,2,3072,200.0,0.0,-0.00020873546600341797,0.3,1334.413330078125,-0.004865770973265171,110,0.0011781605,2497.0661682128907,0.0003,-2.5326738119125367
-1836.875,1068,13,3,3328,200.0,0.0,-0.00010514259338378906,0.3,2049.973388671875,-0.003463556617498398,120,0.0007621518,4129.534851074219,0.0003,-2.522848868370056
-1832.3529411764705,1070,14,3,3584,200.0,0.0,-4.601478576660156e-05,0.3,1759.4305419921875,-0.006508568930439651,130,0.0014665446,3549.0669067382814,0.0003,-2.5085983991622927
-1774.2105263157894,1070,15,3,3840,200.0,0.0,-4.649162292480469e-05,0.3,775.0048828125,-0.009394000377506017,140,0.0028986859,1731.8066467285157,0.0003,-2.4962199091911317
-1751.0,1070,16,3,4096,200.0,0.0,-0.00018477439880371094,0.3,1017.2402954101562,-0.004754362511448562,150,0.0016965896,2214.465124511719,0.0003,-2.498748016357422
-1744.2857142857142,1067,17,4,4352,200.0,0.0,-9.238719940185547e-05,0.3,1229.6553955078125,-0.004014088166877627,160,0.0016916881,2955.9942138671877,0.0003,-2.485650050640106
-1723.9130434782608,1068,18,4,4608,200.0,0.0,-0.0001016855239868164,0.3,1079.83447265625,-0.005369408684782684,170,0.0017944488,2104.6926147460936,0.0003,-2.4849655508995054
-1706.25,1067,19,4,4864,200.0,0.0,-9.655952453613281e-06,0.3,1359.398193359375,-0.010097921174019576,180,0.0030794672,2976.8745361328124,0.0003,-2.458587372303009
-1677.6,1068,20,4,5120,200.0,0.0,-7.522106170654297e-05,0.3,904.95068359375,-0.012192854704335333,190,0.006009821,1980.3285034179687,0.0003,-2.432102394104004
-1661.5384615384614,1069,21,5,5376,200.0,0.0,-3.1828880310058594e-05,0.3,852.9127807617188,-0.007809562468901276,200,0.0075855926,1910.1845092773438,0.0003,-2.3830984234809875
-1630.7142857142858,1068,22,5,5632,200.0,0.0,-5.054473876953125e-05,0.3,1134.1055908203125,-0.011305392580106854,210,0.007132409,2255.7991455078127,0.0003,-2.316995108127594
-1623.103448275862,1068,23,5,5888,200.0,0.03203125,-1.621246337890625e-05,0.3,652.0880126953125,-0.019810650520958005,220,0.021299617,1375.8833068847657,0.0003,-2.219414746761322
-1600.0,1067,24,5,6144,200.0,0.0,-4.76837158203125e-06,0.3,660.861083984375,-0.011409191554412246,230,0.011849169,1559.74501953125,0.0003,-2.0809481859207155
-1572.1875,1068,25,5,6400,200.0,0.1296875,-7.712841033935547e-05,0.3,377.56695556640625,-0.02641978582832962,240,0.03960435,677.6741439819336,0.0003,-1.892449563741684
-1551.5151515151515,1068,26,6,6656,200.0,0.007421875,-2.5987625122070312e-05,0.3,674.7742309570312,-0.01792469620704651,250,0.012026958,1482.1709350585938,0.0003,-1.7051332652568818
-1530.5882352941176,1068,27,6,6912,200.0,0.071484375,-3.445148468017578e-05,0.3,433.1285705566406,-0.034982194378972056,260,0.040611006,756.4892150878907,0.0003,-1.445036232471466
-1506.2857142857142,1069,28,6,7168,200.0,0.04296875,-2.2649765014648438e-06,0.3,154.1325225830078,-0.018587393802590668,270,0.037804067,305.5369934082031,0.0003,-1.1582097172737122
-1445.945945945946,1070,29,6,7424,200.0,0.1171875,-1.0848045349121094e-05,0.3,239.03041076660156,-0.015162661601789296,280,0.011990673,591.33232421875,0.0003,-1.0900166571140288
-1420.7894736842106,1070,30,7,7680,200.0,0.016796875,2.378225326538086e-05,0.3,49.82851028442383,-0.010136695625260473,290,0.008487104,88.83366203308105,0.0003,-0.9810254812240601
-1395.128205128205,1072,31,7,7936,200.0,0.021484375,-0.00013935565948486328,0.3,51.30240249633789,-0.013042057165876031,300,0.015203293,88.89170455932617,0.0003,-0.7955619066953659
-1374.75,1072,32,7,8192,200.0,0.000390625,-5.3882598876953125e-05,0.3,101.50064086914062,-0.004158725985325873,310,0.0015674178,155.91018714904786,0.0003,-0.6926536053419113
-1329.2857142857142,1072,33,7,8448,200.0,0.024609375,1.704692840576172e-05,0.3,34.20186996459961,-0.009991189395077527,320,0.014369782,87.09612731933593,0.0003,-0.602533358335495
-1310.2325581395348,1071,34,8,8704,200.0,0.073828125,1.5854835510253906e-05,0.3,17.02156639099121,-0.013452148274518549,330,0.011199838,60.13953847885132,0.0003,-0.6144989222288132
-1291.1363636363637,1070,35,8,8960,200.0,0.00859375,8.344650268554688e-07,0.3,98.46257781982422,-0.004918084177188575,340,0.0027100889,169.4681011199951,0.0003,-0.6401677876710892
-1255.2173913043478,1071,36,8,9216,200.0,0.0015625,0.00018554925918579102,0.3,20.32267951965332,-0.010542342904955149,350,0.0022754457,45.399021530151366,0.0003,-0.6305120140314102
-1236.595744680851,1070,37,8,9472,200.0,0.039453125,8.016824722290039e-05,0.3,38.79957962036133,-0.0087222459143959,360,0.012359038,57.66464691162109,0.0003,-0.6826633185148239
-1219.1666666666667,1071,38,9,9728,200.0,0.10546875,2.5212764739990234e-05,0.3,10.85754108428955,-0.013120505306869746,370,0.020103272,20.784420871734618,0.0003,-0.8083555400371552
-1202.4489795918366,1070,39,9,9984,200.0,0.215625,5.21540641784668e-05,0.3,2.063464641571045,-0.013214798597618937,380,0.06913598,4.47167809009552,0.0003,-0.6852755218744278
-1174.313725490196,1070,40,9,10240,200.0,0.011328125,4.744529724121094e-05,0.3,25.853546142578125,-0.005011317878961563,390,0.008313655,63.473016834259035,0.0003,-0.6554397702217102
-360.0,1418,1,0,256,200.0,0.002734375,-4.172325134277344e-05,0.3,36.78036117553711,-0.0014461326529271901,400,0.0011985281,92.90257396697999,0.0003,-0.7148332178592682
-405.0,1247,2,0,512,200.0,0.0,-2.771634817123413,0.3,98.87982177734375,-0.001659583649598062,410,0.0003034342,206.5552230834961,0.0003,-2.4399745583534242
-420.0,1179,3,0,768,200.0,0.005859375,0.000984489917755127,0.3,33.29770278930664,-0.018694679159671067,420,0.012378499,44.987515163421634,0.0003,-2.465099799633026
-412.0,1138,4,0,1024,200.0,0.034375,-0.00027108192443847656,0.3,24.949209213256836,-0.02092120093293488,430,0.025911957,39.959785556793214,0.0003,-2.4390828013420105
-410.0,1126,5,1,1280,200.0,0.27109375,-5.4717063903808594e-05,0.3,2.0914716720581055,-0.03620946255978197,440,0.050881654,8.054536521434784,0.0003,-2.3999285221099855
-407.14285714285717,1118,6,1,1536,200.0,0.03515625,0.0003737211227416992,0.3,1.137396216392517,-0.01699668513610959,450,0.025967224,4.3517701625823975,0.0003,-2.379345512390137
-412.5,1111,7,1,1792,200.0,0.00703125,0.003654658794403076,0.3,11.077620506286621,0.004512981465086341,460,0.0071137873,42.43482494354248,0.0003,-2.3546948790550233
-409.0,1109,8,1,2048,200.0,0.087890625,-0.003778219223022461,0.3,1.4727754592895508,-0.020189089793711902,470,0.018168084,5.664175200462341,0.0003,-2.3421849489212034
-411.8181818181818,1102,9,2,2304,200.0,0.049609375,0.00040143728256225586,0.3,12.779622077941895,-0.008396476227790117,480,0.021880474,45.6395227432251,0.0003,-2.363405430316925
-410.8333333333333,1092,10,2,2560,200.0,0.042578125,-0.0008485317230224609,0.3,2.630253314971924,-0.014807754242792726,490,0.017978597,5.679029881954193,0.0003,-2.310128378868103
-406.42857142857144,1084,11,2,2816,200.0,0.003515625,0.28932613134384155,0.3,9.233211517333984,-0.005610576388426125,500,0.004414212,23.005977201461793,0.0003,-2.3440927863121033
-403.3333333333333,1083,12,2,3072,200.0,0.0,-2.454500675201416,0.3,4.661571025848389,0.0004290838493034244,510,0.000886644,48.52693779468537,0.0003,-2.321935260295868
-400.0,1077,13,3,3328,200.0,0.007421875,-2.4539215564727783,0.3,5.083169937133789,-0.005989039200358093,520,0.013218001,21.85450267791748,0.0003,-2.3694849610328674
-385.88235294117646,1073,14,3,3584,200.0,0.019921875,0.05901944637298584,0.3,8.377604484558105,-0.011066320305690169,530,0.0047528557,27.913791465759278,0.0003,-2.3821316957473755
-384.7368421052632,1068,15,3,3840,200.0,0.001171875,0.030106544494628906,0.3,295.49737548828125,-0.0014916229411028326,540,0.0024517328,537.8860275268555,0.0003,-2.356516969203949
-383.0,1068,16,3,4096,200.0,0.0046875,0.34075140953063965,0.3,2.255136728286743,-0.005087034357711673,550,0.0071344026,7.21442744731903,0.0003,-2.3613184571266173
-381.42857142857144,1070,17,4,4352,200.0,0.005859375,-0.8685153722763062,0.3,29.183603286743164,-0.0037874558474868536,560,0.009833886,47.228856563568115,0.0003,-2.301990234851837
-383.04347826086956,1070,18,4,4608,200.0,0.107421875,0.1253090500831604,0.3,1.9844377040863037,-0.029356396733783187,570,0.07191597,4.691445863246917,0.0003,-2.321805214881897
-381.6666666666667,1072,19,4,4864,200.0,0.255859375,-1.537799835205078e-05,0.3,5.160617828369141,-0.02899214643985033,580,0.044353753,8.03293194770813,0.0003,-2.17698050737381
-384.4,1073,20,4,5120,200.0,0.048046875,0.05662935972213745,0.3,4.0819993019104,-0.0140950336586684,590,0.009344235,11.772669172286987,0.0003,-2.3518826961517334
-386.9230769230769,1074,21,5,5376,200.0,0.008984375,-0.008236527442932129,0.3,37.18915557861328,-0.0023636153899133207,600,0.005080032,81.86183338165283,0.0003,-2.3719183564186097
-387.85714285714283,1075,22,5,5632,200.0,0.146484375,0.0026794075965881348,0.3,2.129033088684082,-0.02087893788702786,610,0.024644382,4.300606745481491,0.0003,-2.288734292984009
-386.55172413793105,1075,23,5,5888,200.0,0.030078125,-0.0003629922866821289,0.3,6.170106410980225,-0.018070533825084566,620,0.019140515,8.351056361198426,0.0003,-2.3235161304473877
-378.3333333333333,1075,24,5,6144,200.0,0.044921875,-0.022187471389770508,0.3,8.94364070892334,-0.015778754139319062,630,0.022216268,26.530600023269653,0.0003,-2.3249865770339966
-378.125,1075,25,5,6400,200.0,0.016796875,0.029105663299560547,0.3,349.9266357421875,-0.010119212255813182,640,0.012438201,578.5871505737305,0.0003,-2.255202078819275
-378.7878787878788,1075,26,6,6656,200.0,0.01328125,0.10199981927871704,0.3,4.32927131652832,-0.014524681284092367,650,0.008481888,9.760266375541686,0.0003,-2.2791784763336183
-377.94117647058823,1076,27,6,6912,200.0,0.0125,0.11275637149810791,0.3,8.146882057189941,-0.010160850430838763,660,0.01315778,20.758605432510375,0.0003,-2.2201154232025146
-371.42857142857144,1076,28,6,7168,200.0,0.010546875,-0.07401585578918457,0.3,8.16797924041748,-0.011530490289442242,670,0.014194591,19.73233036994934,0.0003,-2.1767839789390564
-371.0810810810811,1077,29,6,7424,200.0,0.00390625,0.05824345350265503,0.3,228.2406463623047,-0.004722097842022777,680,0.005366175,542.0987483978272,0.0003,-2.2193571090698243
-364.2105263157895,1077,30,7,7680,200.0,0.030078125,0.04747319221496582,0.3,7.522943496704102,-0.014643517276272177,690,0.011793217,19.893574953079224,0.0003,-2.2138951301574705
-363.84615384615387,1077,31,7,7936,200.0,0.04296875,0.02872145175933838,0.3,455.58154296875,-0.006778538273647427,700,0.014256243,595.2793647766114,0.0003,-2.227997934818268
-364.75,1078,32,7,8192,200.0,0.000390625,0.07201164960861206,0.3,14.463518142700195,-0.003881390090100467,710,0.004919404,29.39757318496704,0.0003,-2.147799289226532
-364.04761904761904,1077,33,7,8448,200.0,0.01640625,0.22691041231155396,0.3,14.210448265075684,-0.01204492230899632,720,0.017384036,22.82708258628845,0.0003,-2.0374921202659606
-366.04651162790697,1078,34,8,8704,200.0,0.003515625,0.19406509399414062,0.3,8.157962799072266,-0.010767627158202231,730,0.0122128,20.521748495101928,0.0003,-2.105934965610504
-365.6818181818182,1078,35,8,8960,200.0,0.0,-0.012773990631103516,0.3,20.826011657714844,-0.0013170227990485727,740,0.0019961793,43.42156724929809,0.0003,-1.968041431903839
-367.17391304347825,1078,36,8,9216,200.0,0.0,0.11517375707626343,0.3,28.07077980041504,-0.0056930396938696505,750,0.0023263665,65.59423236846924,0.0003,-1.948532122373581
-367.8723404255319,1078,37,8,9472,200.0,0.058203125,0.09459733963012695,0.3,3.688724994659424,-0.011605338007211686,760,0.012272207,7.966360688209534,0.0003,-1.8573826491832732
-367.5,1078,38,9,9728,200.0,0.033984375,0.11268085241317749,0.3,14.174956321716309,-0.011028626770712435,770,0.0129473135,27.615613985061646,0.0003,-1.8575378060340881
-369.18367346938777,1079,39,9,9984,200.0,0.0,-0.18011045455932617,0.3,2.8606817722320557,-0.0032643872778862714,780,0.0031210042,8.83604555130005,0.0003,-1.8157524704933166
-369.4117647058824,1079,40,9,10240,200.0,0.003125,0.029487133026123047,0.3,29.938297271728516,-0.0037439113250002263,790,0.0063535594,61.584231567382815,0.0003,-1.9223223686218263
-400.0,1425,1,0,256,200.0,0.091015625,0.16843324899673462,0.3,2.537062406539917,-0.018674587504938243,800,0.03183051,6.919334459304809,0.0003,-1.8596501290798186
-400.0,1283,2,0,512,200.0,0.040625,0.0001417398452758789,0.3,2.6445789337158203,-0.008821275713853539,410,0.024360234,4.68506475687027,0.0003,-0.6539910942316055
-393.3333333333333,1214,3,0,768,200.0,0.030859375,0.00018602609634399414,0.3,1.8088561296463013,-0.004198386147618294,420,0.013943189,4.516780239343643,0.0003,-0.4893335461616516
-390.0,1149,4,0,1024,200.0,0.001171875,-3.7670135498046875e-05,0.3,11.81475830078125,-0.002580051438417286,430,0.0018863638,21.372094202041627,0.0003,-0.43502893298864365
-391.6666666666667,1125,5,1,1280,200.0,0.004296875,3.522634506225586e-05,0.3,20.618501663208008,-0.005663687735795975,440,0.0054725655,35.32487955093384,0.0003,-0.4917381390929222
-390.0,1137,6,1,1536,200.0,0.057421875,-7.2479248046875e-05,0.3,2.648646831512451,-0.004143366124480963,450,0.010678372,4.409267842769623,0.0003,-0.5960949957370758
-387.5,1123,7,1,1792,200.0,0.1,-2.4199485778808594e-05,0.3,16.674365997314453,-0.017147797672078014,460,0.030268105,28.87986536026001,0.0003,-0.5147723212838173
-390.0,1118,8,1,2048,200.0,0.00234375,0.0001080632209777832,0.3,10.773676872253418,-0.003963052481412888,470,0.0019956164,26.745626592636107,0.0003,-0.4585833474993706
-390.90909090909093,1123,9,2,2304,200.0,0.01171875,-1.990795135498047e-05,0.3,5.937916278839111,-0.008115566393826157,480,0.004837978,19.389623975753786,0.0003,-0.4865197390317917
-391.6666666666667,1116,10,2,2560,200.0,0.084375,-4.3511390686035156e-05,0.3,3.4443862438201904,-0.009717796533368527,490,0.02189514,4.384255772829055,0.0003,-0.5725341632962226
-392.85714285714283,1111,11,2,2816,200.0,0.090625,1.9490718841552734e-05,0.3,2.601346969604492,-0.007478203997015953,500,0.032034688,4.313414946198463,0.0003,-0.5514600783586502
-393.3333333333333,1116,12,2,3072,200.0,0.0,-0.00014460086822509766,0.3,3.2938010692596436,-0.00033480399288237094,510,0.00044663553,8.327312636375428,0.0003,-0.4558608591556549
-393.75,1115,13,2,3328,200.0,0.010546875,3.9637088775634766e-05,0.3,1.469037413597107,-0.0007935715373605489,520,0.0049708076,4.34095122218132,0.0003,-0.4853793442249298
-394.11764705882354,1110,14,3,3584,200.0,0.0234375,3.635883331298828e-06,0.3,2.140998601913452,-0.0028015071875415742,530,0.016509071,4.327106750011444,0.0003,-0.4978529244661331
-394.7368421052632,1108,15,3,3840,200.0,0.0,-0.0002639293670654297,0.3,2.493527412414551,4.5507028698921206e-05,540,0.0003111558,4.3525495529174805,0.0003,-0.4113290965557098
-395.0,1103,16,3,4096,200.0,0.0,0.0002987980842590332,0.3,3.778658866882324,0.0004360484192147851,550,0.0002260087,8.401482391357423,0.0003,-0.4425803482532501
-395.23809523809524,1103,17,3,4352,200.0,0.0,0.00012451410293579102,0.3,2.3221356868743896,-0.0022851034300401807,560,0.0054304944,4.35287658572197,0.0003,-0.4125237241387367
-394.3478260869565,1104,18,4,4608,200.0,0.00234375,0.00012093782424926758,0.3,21.237014770507812,-0.0019683524500578643,570,0.00078221667,36.69475765228272,0.0003,-0.3441132664680481
-394.5833333333333,1103,19,4,4864,200.0,0.0,0.0001488327980041504,0.3,4.789235591888428,4.5644538477063176e-05,580,0.0005637889,8.165705287456513,0.0003,-0.3411766096949577
-394.8,1103,20,4,5120,200.0,0.0,0.00029730796813964844,0.3,1.9375221729278564,-0.0007116009946912527,590,0.0013412235,4.364194273948669,0.0003,-0.3065891250967979
-395.0,1101,21,4,5376,200.0,0.016015625,5.0127506256103516e-05,0.3,1.6455051898956299,-0.0023899151477962733,600,0.005053808,4.311611193418503,0.0003,-0.3174780115485191
-398.2142857142857,1103,22,5,5632,200.0,0.0,3.415346145629883e-05,0.3,39.900760650634766,-0.002165588247589767,610,0.00016510091,83.49637451171876,0.0003,-0.37251818627119065
-398.2758620689655,1100,23,5,5888,200.0,0.0,0.0008502006530761719,0.3,5.069530010223389,-9.331738110631704e-05,620,0.00013604783,8.691237616539002,0.0003,-0.3790963917970657
-397.0,1099,24,5,6144,200.0,0.0,0.0001417994499206543,0.3,19.145132064819336,-0.0009799686260521412,630,0.00016415725,31.566836833953857,0.0003,-0.39005395770072937
-397.1875,1098,25,5,6400,200.0,0.0703125,0.000441133975982666,0.3,5.874423980712891,-0.001388845918700099,640,0.0072485106,9.146431136131287,0.0003,-0.4316012769937515
-398.7878787878788,1096,26,6,6656,200.0,0.044921875,0.0034676790237426758,0.3,3.8338277339935303,-0.006331840762868524,650,0.0121564325,7.930837714672089,0.0003,-0.3678235411643982
-399.11764705882354,1093,27,6,6912,200.0,0.0,0.003473997116088867,0.3,20.898406982421875,0.0004447827930562198,660,5.9192535e-06,42.08303747177124,0.0003,-0.312242129445076
-402.0,1093,28,6,7168,200.0,0.0,0.0009655952453613281,0.3,59.08156204223633,-0.003815748309716582,670,0.00039929827,92.57622966766357,0.0003,-0.32503312677145
-400.0,1093,29,6,7424,200.0,0.0,0.01605701446533203,0.3,42.26137924194336,-0.0006054119672626257,680,0.00010393397,98.2287811279297,0.0003,-0.3344434127211571
-399.2105263157895,1093,30,7,7680,200.0,0.022265625,0.2547180652618408,0.3,3.347989320755005,-0.0036879687337204813,690,0.008960631,6.316659986972809,0.0003,-0.375814226269722
-399.2307692307692,1093,31,7,7936,200.0,0.000390625,0.14135408401489258,0.3,9.993091583251953,-0.004934062575921416,700,0.0066748327,18.989030122756958,0.0003,-0.4845145419239998
-399.25,1093,32,7,8192,200.0,0.0,0.11640113592147827,0.3,1.5731769800186157,-0.0017913205781951546,710,0.0045268186,3.973758506774902,0.0003,-0.49932818561792375
-399.2857142857143,1094,33,7,8448,200.0,0.0296875,-0.07716226577758789,0.3,1.2135908603668213,-0.00691971923224628,720,0.0121576805,4.59385045170784,0.0003,-0.39369675815105437
-399.30232558139534,1093,34,7,8704,200.0,0.0,0.06975501775741577,0.3,3.062654972076416,-0.0013508571544662118,730,0.0022076287,7.295345139503479,0.0003,-0.3199891924858093
-399.3181818181818,1094,35,8,8960,200.0,0.0,0.14912104606628418,0.3,1.9334484338760376,-0.00035499182995408775,740,0.00023855222,4.705148780345917,0.0003,-0.289010526239872
-398.69565217391306,1091,36,8,9216,200.0,0.0171875,-0.054169654846191406,0.3,2.229001760482788,-0.004259987408295274,750,0.00830145,4.280898404121399,0.0003,-0.3153494939208031
-398.72340425531917,1091,37,8,9472,200.0,0.03515625,0.1387072205543518,0.3,7.5262627601623535,-0.01601018845103681,760,0.007989982,27.574693489074708,0.0003,-0.43802876621484754
-397.9166666666667,1090,38,8,9728,200.0,0.0,0.17164379358291626,0.3,6.088836193084717,-0.00048048640601336954,770,0.00011708401,21.430977869033814,0.0003,-0.48244809061288835
-397.9591836734694,1089,39,9,9984,200.0,0.0,-0.6886420249938965,0.3,2.634377956390381,-4.4949166476726535e-05,780,1.3121404e-05,10.051511216163636,0.0003,-0.48056986182928085
-399.01960784313724,1090,40,9,10240,200.0,0.0,0.06158733367919922,0.3,16.145509719848633,4.545440897345543e-05,790,7.030903e-05,43.16892566680908,0.0003,-0.48773389458656313
-400.0,1395,1,0,256,200.0,0.0,0.1014978289604187,0.3,3.000290870666504,-0.0016045350581407546,800,0.0022514327,7.43842259645462,0.0003,-0.47479318380355834
-400.0,1241,2,0,512,200.0,0.1125,0.16122686862945557,0.3,0.8248504996299744,-0.015181992668658495,810,0.024671456,3.608011156320572,0.0003,-2.0468482196331026
-400.0,1189,3,0,768,200.0,0.03046875,-0.367232084274292,0.3,3.094235420227051,-0.005946891661733389,820,0.006140099,4.925544321537018,0.0003,-2.0295559585094454
-400.0,1162,4,0,1024,200.0,0.145703125,-5.0187110900878906e-05,0.3,2.4567244052886963,-0.020706256572157144,830,0.05158692,4.388027751445771,0.0003,-1.8322823882102965
-400.0,1139,5,1,1280,200.0,0.015625,-0.00020301342010498047,0.3,4.917670249938965,-0.00877123922109604,840,0.012440749,8.421407449245454,0.0003,-1.713600367307663
-400.0,1132,6,1,1536,200.0,0.116015625,4.8279762268066406e-05,0.3,1.2203224897384644,-0.016057606134563685,850,0.027890837,4.342635506391526,0.0003,-1.7151861488819122
-400.0,1125,7,1,1792,200.0,0.08984375,-4.410743713378906e-06,0.3,1.5996463298797607,-0.01498330698814243,860,0.0355072,4.330722761154175,0.0003,-1.8039611399173736
-400.0,1113,8,1,2048,200.0,0.01484375,-5.125999450683594e-06,0.3,0.7735705971717834,-0.008469030493870378,870,0.029694736,4.3519500374794005,0.0003,-1.7901907861232758
-400.0,1115,9,2,2304,200.0,0.065625,-1.8477439880371094e-05,0.3,4.7649102210998535,-0.014400271279737354,880,0.025531087,8.184010875225066,0.0003,-1.6911056518554688
-400.0,1108,10,2,2560,200.0,0.069921875,6.079673767089844e-05,0.3,1.5108686685562134,-0.011986184446141124,890,0.025804147,4.34346027970314,0.0003,-1.539315927028656
-396.42857142857144,1106,11,2,2816,200.0,0.000390625,0.13331562280654907,0.3,7.706480979919434,-0.0048589891288429495,900,0.0037638915,16.701362800598144,0.0003,-1.3382897078990936
-396.6666666666667,1105,12,2,3072,200.0,0.0390625,0.028497934341430664,0.3,4.273359298706055,-0.013234488759189844,910,0.011544304,7.6731983661651615,0.0003,-1.562880402803421
-396.875,1103,13,3,3328,200.0,0.005859375,-0.04345405101776123,0.3,2.548213005065918,-0.0030902490485459565,920,0.0052284836,4.432729482650757,0.0003,-1.5372159659862519
-397.05882352941177,1103,14,3,3584,200.0,0.14765625,-0.00037038326263427734,0.3,1.640514850616455,-0.01562663447111845,930,0.03009741,4.327412617206574,0.0003,-1.6694228887557983
-397.36842105263156,1096,15,3,3840,200.0,0.216796875,-0.00042891502380371094,0.3,2.450484275817871,-0.0210186650743708,940,0.055362284,4.3474780976772305,0.0003,-1.5870479881763457
-397.5,1097,16,3,4096,200.0,0.030859375,-6.842613220214844e-05,0.3,2.871973991394043,-0.0031854955479502676,950,0.007821766,8.400664114952088,0.0003,-1.6828612327575683
-397.6190476190476,1096,17,3,4352,200.0,0.10546875,-0.0006846189498901367,0.3,3.639174461364746,-0.013187905447557569,960,0.03167608,4.339388710260391,0.0003,-1.7046745121479034
-395.6521739130435,1097,18,4,4608,200.0,0.12265625,-0.019460558891296387,0.3,1.4318839311599731,-0.014378865016624331,970,0.038998485,4.391029757261276,0.0003,-1.6298342883586883
-395.8333333333333,1101,19,4,4864,200.0,0.00234375,0.1463516354560852,0.3,9.144403457641602,-0.0016077666659839451,980,0.0016520678,17.96046915054321,0.0003,-1.5280504405498505
-396.0,1101,20,4,5120,200.0,0.0234375,0.0005204677581787109,0.3,2.89094877243042,-0.0134243841515854,990,0.006376342,4.3383116066455845,0.0003,-1.5623448193073273
-396.15384615384613,1101,21,4,5376,200.0,0.02578125,0.0061075687408447266,0.3,1.6729378700256348,-0.010176427382975816,1000,0.022595983,4.233640956878662,0.0003,-1.534480345249176
-395.0,1100,22,5,5632,200.0,0.025390625,0.36849504709243774,0.3,5.540430545806885,-0.010188868304248899,1010,0.011972957,9.789907908439636,0.0003,-1.3914621114730834
-393.44827586206895,1100,23,5,5888,200.0,0.047265625,0.10548073053359985,0.3,2.4690823554992676,-0.01281827244674787,1020,0.02381759,7.313128209114074,0.0003,-1.440325003862381
-393.6666666666667,1100,24,5,6144,200.0,0.030859375,0.5387595891952515,0.3,6.335824966430664,-0.011208255076780915,1030,0.028585127,11.00464141368866,0.0003,-1.5235602140426636
-394.0625,1101,25,5,6400,200.0,0.0640625,-0.03726601600646973,0.3,2.6646995544433594,-0.018203775491565467,1040,0.036838815,4.389248722791672,0.0003,-1.6015871047973633
-395.75757575757575,1096,26,6,6656,200.0,0.05703125,-0.0025358200073242188,0.3,4.095738410949707,-0.019528097100555898,1050,0.031288225,8.337706542015075,0.0003,-1.7885051906108855
-395.88235294117646,1094,27,6,6912,200.0,0.040234375,-0.013255596160888672,0.3,26.69478988647461,0.000779552198946476,1060,0.019252919,42.40552253723145,0.0003,-1.8637586295604707
-396.0,1093,28,6,7168,200.0,0.10390625,-0.00363004207611084,0.3,2.217533588409424,-0.013752328976988793,1070,0.049445584,4.367315208911895,0.0003,-1.7908790409564972
-394.5945945945946,1093,29,6,7424,200.0,0.013671875,0.0052207112312316895,0.3,2.590163230895996,-0.009822863200679422,1080,0.015631737,4.319762933254242,0.0003,-1.6977541029453278
-394.7368421052632,1092,30,7,7680,200.0,0.01328125,0.338187038898468,0.3,7.01634407043457,-0.007800335460342467,1090,0.016667165,16.724608755111696,0.0003,-1.7066018223762511
-394.87179487179486,1094,31,7,7936,200.0,0.03203125,0.0181732177734375,0.3,2.7424564361572266,-0.013646423479076474,1100,0.035122216,4.33385939002037,0.0003,-1.7752025723457336
-395.0,1094,32,7,8192,200.0,0.0,0.12161201238632202,0.3,0.9819191098213196,-0.000813500233925879,1110,0.00591065,3.5851343244314196,0.0003,-1.7524868190288543
-395.23809523809524,1094,33,7,8448,200.0,0.0,-2.382176399230957,0.3,6.064866542816162,0.00012033460661768914,1120,0.0009220841,27.20856122970581,0.0003,-1.7361198365688324
-395.3488372093023,1094,34,7,8704,200.0,0.0,0.4034172296524048,0.3,3.9607653617858887,-0.0029319102177396417,1130,0.0018340356,5.586059248447418,0.0003,-1.7817622244358062
-395.45454545454544,1092,35,8,8960,200.0,0.0578125,-0.00041115283966064453,0.3,1.6504583358764648,-0.013510115863755345,1140,0.028528556,4.411784890294075,0.0003,-1.7931760251522064
-395.6521739130435,1092,36,8,9216,200.0,0.00625,-0.03044593334197998,0.3,2.899334669113159,-0.006956118578091264,1150,0.010495421,4.385181391239167,0.0003,-1.6050716996192933
-394.8936170212766,1092,37,8,9472,200.0,0.0015625,0.00026404857635498047,0.3,4.684689044952393,-0.0028790337266400455,1160,0.008434033,8.416478323936463,0.0003,-1.5587864458560943
-395.0,1092,38,8,9728,200.0,0.00546875,0.5210062265396118,0.3,2.7268309593200684,-0.0051907951477915045,1170,0.003990631,7.288155627250672,0.0003,-1.5552319943904878
-395.1020408163265,1094,39,9,9984,200.0,0.129296875,0.028500378131866455,0.3,1.8047032356262207,-0.014530264749191701,1180,0.029972918,4.278010499477387,0.0003,-1.6794322788715363
-396.27450980392155,1094,40,9,10240,200.0,0.02734375,-0.08597862720489502,0.3,2.200425863265991,-0.0076750040287151934,1190,0.012535581,4.448000955581665,0.0003,-1.6726308405399322
-400.0,1489,1,0,256,200.0,0.025390625,-0.02287125587463379,0.3,11.825643539428711,-0.012557948194444179,1200,0.009581042,46.10972356796265,0.0003,-1.6262618243694305
-400.0,1227,2,0,512,200.0,0.0421875,0.12501436471939087,0.3,2.673779249191284,-0.006288373097777367,810,0.01399347,3.8251758456230163,0.0003,-0.3762886509299278
-400.0,1201,3,0,768,200.0,0.0,-0.001219630241394043,0.3,3.7611753940582275,4.1549524758011104e-05,820,0.00091883703,4.54301370382309,0.0003,-0.31236120611429213
-400.0,1173,4,0,1024,200.0,0.0,-1.2546486854553223,0.3,2.156977415084839,0.0001545659266412258,830,3.1624688e-05,9.95393899679184,0.0003,-0.2910927549004555
-400.0,1149,5,1,1280,200.0,0.0,0.1974163055419922,0.3,3.123128652572632,-0.00048669269308447837,840,0.0010594467,6.878939390182495,0.0003,-0.3082025796175003
-400.0,1146,6,1,1536,200.0,0.01484375,0.0020328164100646973,0.3,3.795510768890381,-0.0023970464710146187,850,0.006382967,4.34338755607605,0.0003,-0.29229268729686736
-400.0,1139,7,1,1792,200.0,0.0,-0.01673102378845215,0.3,2.4734902381896973,-0.0004824425210244954,860,0.00083082076,4.268624633550644,0.0003,-0.22509921342134476
-402.0,1133,8,1,2048,200.0,0.0,-0.04513347148895264,0.3,1.6878855228424072,-0.0005385692697018385,870,0.00048578763,4.448607486486435,0.0003,-0.2034078411757946
-401.8181818181818,1128,9,2,2304,200.0,0.002734375,0.002550959587097168,0.3,3.5881597995758057,-0.003261533076874912,880,0.0010727565,8.042491888999939,0.0003,-0.18153505325317382
-401.6666666666667,1125,10,2,2560,200.0,0.0,0.00036406517028808594,0.3,2.336153507232666,-0.00045781873632222414,890,0.00043331482,4.349134206771851,0.0003,-0.17262156829237937
-399.2857142857143,1130,11,2,2816,200.0,0.0,0.19324219226837158,0.3,8.432818412780762,-0.003981453669257462,900,0.0011006943,17.637790632247924,0.0003,-0.14521719068288802
-399.3333333333333,1126,12,2,3072,200.0,0.0,0.2544957995414734,0.3,2.95097279548645,-0.0002716525923460722,910,0.00023301272,6.138761985301971,0.0003,-0.12584639713168144
-399.375,1124,13,2,3328,200.0,0.0,0.005101919174194336,0.3,3.147484540939331,-7.730391807854175e-05,920,0.00019146875,4.298797583580017,0.0003,-0.12623580768704415
-399.4117647058824,1124,14,3,3584,200.0,0.0,0.011999905109405518,0.3,3.7213621139526367,-0.0006766513222828507,930,0.00077690906,4.253893408179283,0.0003,-0.14946051836013793
-399.4736842105263,1122,15,3,3840,200.0,0.0,-0.06550681591033936,0.3,2.4932215213775635,0.0001972694881260395,940,7.930212e-07,4.488635647296905,0.0003,-0.16621681898832322
-399.5,1123,16,3,4096,200.0,0.0,-0.00016164779663085938,0.3,5.287607669830322,-1.806016080081463e-05,950,0.000117750606,8.504131364822388,0.0003,-0.1631457984447479
-399.5238095238095,1117,17,3,4352,200.0,0.0,0.1852562427520752,0.3,1.8100861310958862,0.0005873590591363609,960,0.00011393125,3.614031356573105,0.0003,-0.18457139953970908
-399.5652173913044,1117,18,4,4608,200.0,0.0,-0.16682112216949463,0.3,1.6508264541625977,-0.00014669355005025864,970,0.00025106408,4.55509215593338,0.0003,-0.19021341800689698
-399.5833333333333,1115,19,4,4864,200.0,0.0,0.010268807411193848,0.3,4.0630011558532715,-0.000609420333057642,980,0.0014424883,8.066984844207763,0.0003,-0.2200758673250675
-400.4,1116,20,4,5120,200.0,0.031640625,0.008323371410369873,0.3,3.4926538467407227,-0.005654310598038137,990,0.008345924,4.27860996723175,0.0003,-0.2977070800960064
-400.38461538461536,1114,21,4,5376,200.0,0.000390625,0.005064666271209717,0.3,1.381700873374939,-0.003421985497698188,1000,0.00033947383,1.7236037313938142,0.0003,-0.3441552072763443
-400.35714285714283,1114,22,5,5632,200.0,0.015625,-0.002119302749633789,0.3,2.267042875289917,-0.0014116969192400574,1010,0.0062878435,4.492530861496926,0.0003,-0.3739189922809601
-400.6896551724138,1114,23,5,5888,200.0,0.026953125,0.004889845848083496,0.3,8.10408878326416,-0.006395191187039018,1020,0.0087306835,14.544064664840699,0.0003,-0.45279626697301867
-402.3333333333333,1114,24,5,6144,200.0,0.0609375,0.05915564298629761,0.3,3.401947021484375,-0.008993790950626135,1030,0.024098752,4.983416223526001,0.0003,-0.5342853233218193
-402.1875,1113,25,5,6400,200.0,0.0,0.02624344825744629,0.3,14.952554702758789,0.0006561533315107227,1040,0.00011421554,40.69546728134155,0.0003,-0.6074055671691895
-402.1212121212121,1113,26,5,6656,200.0,0.0,0.038222432136535645,0.3,4.133010387420654,4.2054825462400915e-05,1050,0.00014605979,8.132852828502655,0.0003,-0.5842452228069306
-402.05882352941177,1112,27,6,6912,200.0,0.0,0.2045385241508484,0.3,1.3770921230316162,-0.0012306909076869488,1060,0.0035420328,3.1402745485305785,0.0003,-0.6063093334436417
-402.0,1111,28,6,7168,200.0,0.053515625,0.23074668645858765,0.3,2.075808048248291,-0.0031348853604868054,1070,0.017079081,3.4330030202865602,0.0003,-0.6832625567913055
-402.7027027027027,1111,29,6,7424,200.0,0.071875,-0.10828983783721924,0.3,3.3666467666625977,-0.013557548634707928,1080,0.033779975,4.708232980966568,0.0003,-0.747746828198433
-402.63157894736844,1109,30,6,7680,200.0,0.0,-1.2778844833374023,0.3,6.884130001068115,0.00027983062900602815,1090,0.0002682216,20.161753177642822,0.0003,-0.777611780166626
-402.56410256410254,1105,31,7,7936,200.0,0.0,0.0813947319984436,0.3,1.739830493927002,-0.0015598139027133584,1100,0.010451514,4.032471078634262,0.0003,-0.7566791415214539
-403.75,1107,32,7,8192,200.0,0.0,-0.008040070533752441,0.3,29.054941177368164,0.0002739820396527648,1110,0.00060855853,41.07254886627197,0.0003,-0.7384699940681457
-404.04761904761904,1104,33,7,8448,200.0,0.0,0.1357790231704712,0.3,2.307100772857666,-0.0010025873372796923,1120,0.006093774,3.7008145272731783,0.0003,-0.7598982721567153
-403.95348837209303,1103,34,7,8704,200.0,0.000390625,-0.10107660293579102,0.3,4.2256646156311035,-0.00927676607389003,1130,0.015629614,7.012407612800598,0.0003,-0.7686797529459
-403.8636363636364,1103,35,8,8960,200.0,0.0,0.009023129940032959,0.3,2.396061420440674,-0.0006021636538207531,1140,0.0073427767,4.563124251365662,0.0003,-0.7510259062051773
-403.69565217391306,1104,36,8,9216,200.0,0.0,0.052790820598602295,0.3,1.8777884244918823,-0.0022216353099793196,1150,0.0061149765,3.7652705878019335,0.0003,-0.7470630377531051
-403.6170212765957,1104,37,8,9472,200.0,0.0,-0.13138747215270996,0.3,4.113669395446777,-0.005770892696455121,1160,0.010696767,8.482864809036254,0.0003,-0.7751292556524276
-403.5416666666667,1105,38,8,9728,200.0,0.0,0.06707346439361572,0.3,1.2231245040893555,0.00017475932836532592,1170,0.0039755655,4.127742832899093,0.0003,-0.7788349777460098
-403.46938775510205,1104,39,9,9984,200.0,0.0,-0.15318429470062256,0.3,1.0872985124588013,-0.0008565795375034213,1180,0.0021064605,4.588539585471153,0.0003,-0.7793837636709213
-403.3333333333333,1103,40,9,10240,200.0,0.0,0.4186052083969116,0.3,0.5877751708030701,-0.009546618722379208,1190,0.017014908,1.8649465531110763,0.0003,-0.7692793071269989
-400.0,1602,1,0,256,200.0,0.001953125,-0.02738809585571289,0.3,23.078807830810547,-0.0054602902615442876,1200,0.003299738,76.6179334640503,0.0003,-0.7478156358003616
-400.0,1252,2,0,512,200.0,0.193359375,3.510713577270508e-05,0.3,0.8717176914215088,-0.0238021747674793,1210,0.067177944,4.4451401174068454,0.0003,-1.7342562258243561
-400.0,1200,3,0,768,200.0,0.03359375,0.0014756321907043457,0.3,2.6375479698181152,-0.013912412663921713,1220,0.013984765,4.385022991895676,0.0003,-1.9142227113246917
-400.0,1189,4,0,1024,200.0,0.2265625,-0.0001838207244873047,0.3,2.1009795665740967,-0.026571611734107138,1230,0.032167554,4.359453022480011,0.0003,-1.7415620684623718
-400.0,1171,5,1,1280,200.0,0.092578125,0.0003281831741333008,0.3,5.506670951843262,-0.009349437756463885,1240,0.017144073,8.378673529624939,0.0003,-1.7811175227165221
-400.0,1158,6,1,1536,200.0,0.084375,-0.0029261112213134766,0.3,2.749053716659546,-0.017476180172525346,1250,0.033459883,4.3378760576248165,0.0003,-1.7897078692913055
-401.25,1149,7,1,1792,200.0,0.00390625,-1.0027601718902588,0.3,10.979170799255371,0.003898914949968457,1260,0.0029145563,22.956740188598634,0.0003,-1.7453907072544097
-401.0,1142,8,1,2048,200.0,0.0,-0.014292001724243164,0.3,20.30007553100586,-0.0023950472706928847,1270,0.0007361891,44.88665647506714,0.0003,-1.7367696583271026
-400.90909090909093,1145,9,2,2304,200.0,0.0,0.00019854307174682617,0.3,6.725660800933838,-0.0031297674868255854,1280,0.0015781228,8.542628741264343,0.0003,-1.692471992969513
-398.3333333333333,1132,10,2,2560,200.0,0.009375,0.02834409475326538,0.3,4.771779537200928,-0.00731965871527791,1290,0.0085627735,9.941144013404847,0.0003,-1.683955717086792
-398.57142857142856,1130,11,2,2816,200.0,0.041796875,0.26140260696411133,0.3,1.8730703592300415,-0.0070819420972839,1300,0.005036641,4.212308478355408,0.0003,-1.7123471975326539
-398.6666666666667,1126,12,2,3072,200.0,0.0,0.012461721897125244,0.3,4.692502975463867,-0.005430561862885952,1310,0.0049215197,8.024118614196777,0.0003,-1.6936054289340974
-398.75,1122,13,2,3328,200.0,0.0,-0.04313015937805176,0.3,1.3987547159194946,-0.005209456966258586,1320,0.0057700416,4.529614877700806,0.0003,-1.6313609838485719
-398.8235294117647,1116,14,3,3584,200.0,0.058984375,0.023850083351135254,0.3,1.655904769897461,-0.013380962633527815,1330,0.026075259,4.2301143407821655,0.0003,-1.6895800232887268
-397.89473684210526,1114,15,3,3840,200.0,0.118359375,0.035137176513671875,0.3,3.0022003650665283,-0.00865258825942874,1340,0.024708511,4.118921238183975,0.0003,-1.6810955643653869
-398.0,1113,16,3,4096,200.0,0.0,0.1595219373703003,0.3,4.363404750823975,-0.0030599736608564855,1350,0.008286647,11.473315095901489,0.0003,-1.6661721408367156
-398.0952380952381,1114,17,3,4352,200.0,0.023046875,-0.016173243522644043,0.3,3.125730514526367,-0.012667472055181862,1360,0.01965538,4.373843562602997,0.0003,-1.6204235792160033
-398.2608695652174,1115,18,4,4608,200.0,0.15078125,0.021610260009765625,0.3,1.3405017852783203,-0.0220100368373096,1370,0.049693137,4.154311543703079,0.0003,-1.5955189645290375
-398.3333333333333,1114,19,4,4864,200.0,0.007421875,-0.015615463256835938,0.3,4.349854469299316,-0.006237027514725923,1380,0.0050244047,8.377105450630188,0.0003,-1.5636526465415954
-398.0,1113,20,4,5120,200.0,0.021484375,0.057868242263793945,0.3,2.6947150230407715,-0.009620620124042033,1390,0.019503927,4.127361088991165,0.0003,-1.5776393413543701
-398.0769230769231,1116,21,4,5376,200.0,0.03515625,0.08753025531768799,0.3,2.274260997772217,-0.017734644084703176,1400,0.01898393,5.2699329376220705,0.0003,-1.7716560661792755
-396.7857142857143,1113,22,5,5632,200.0,0.018359375,0.03495746850967407,0.3,1.7370370626449585,-0.010864873696118594,1410,0.008994239,4.065620577335357,0.0003,-1.8209615111351014
-398.62068965517244,1112,23,5,5888,200.0,0.00234375,0.07786697149276733,0.3,31.466575622558594,-0.008796152798458934,1420,0.005099903,50.901961994171145,0.0003,-1.8917868077754973
-398.6666666666667,1111,24,5,6144,200.0,0.037890625,-0.012015461921691895,0.3,2.812530279159546,-0.01016972460784018,1430,0.023161015,4.514422070980072,0.0003,-1.8660382390022279
-398.75,1100,25,5,6400,200.0,0.04453125,0.021093308925628662,0.3,2.3540549278259277,-0.0070866827154532075,1440,0.016987722,4.146515023708344,0.0003,-1.9925299823284148
-398.7878787878788,1097,26,6,6656,200.0,0.062890625,-0.0036923885345458984,0.3,4.173307418823242,-0.022833968000486492,1450,0.034602903,8.294480395317077,0.0003,-2.0671303987503054
-398.8235294117647,1096,27,6,6912,200.0,0.039453125,-0.02023637294769287,0.3,2.3548455238342285,-0.012080772034823894,1460,0.01993775,4.352466589212417,0.0003,-2.1334989070892334
-398.85714285714283,1086,28,6,7168,200.0,0.0515625,0.04205256700515747,0.3,2.4358623027801514,-0.012129967706277967,1470,0.023110937,4.002870100736618,0.0003,-2.0489717602729796
-398.9189189189189,1086,29,6,7424,200.0,0.0234375,0.09204262495040894,0.3,1.6875712871551514,-0.013691241247579455,1480,0.021750987,3.9283746421337127,0.0003,-2.0117092430591583
-398.94736842105266,1086,30,7,7680,200.0,0.049609375,0.09114056825637817,0.3,3.52109432220459,-0.004908466018969193,1490,0.026694905,7.590366137027741,0.0003,-1.8198110342025757
-398.97435897435895,1089,31,7,7936,200.0,0.007421875,0.08752292394638062,0.3,1.652905821800232,-0.006108632124960422,1500,0.008136349,4.032243168354034,0.0003,-1.7551012992858888
-399.0,1087,32,7,8192,200.0,0.00859375,0.026900768280029297,0.3,1.2420566082000732,-0.004826151672750712,1510,0.012259563,4.187365424633026,0.0003,-1.7462686955928803
-399.04761904761904,1086,33,7,8448,200.0,0.0,0.05627673864364624,0.3,2.2934417724609375,-0.007952969195321203,1520,0.015554943,4.060894900560379,0.0003,-1.6197770416736603
-397.90697674418607,1086,34,8,8704,200.0,0.001953125,0.19746655225753784,0.3,2.083770513534546,0.00206025370862335,1530,0.0031056574,8.032521748542786,0.0003,-1.5756751894950867
-397.95454545454544,1085,35,8,8960,200.0,0.0,0.20973718166351318,0.3,3.420450210571289,-0.002922545443288982,1540,0.0029987267,10.55247004032135,0.0003,-1.6797518491744996
-398.04347826086956,1086,36,8,9216,200.0,0.037890625,0.16405999660491943,0.3,1.4761247634887695,-0.009321426181122661,1550,0.019680396,3.799454593658447,0.0003,-1.4776962339878081
-398.0851063829787,1086,37,8,9472,200.0,0.0,0.052544236183166504,0.3,3.0814125537872314,-0.008519600611180067,1560,0.006481099,7.900416326522827,0.0003,-1.581389981508255
-397.5,1086,38,8,9728,200.0,0.007421875,0.26214516162872314,0.3,1.4982848167419434,-0.004659494874067605,1570,0.009089685,5.1309962451457976,0.0003,-1.7343325912952423
-397.55102040816325,1087,39,9,9984,200.0,0.0,0.20377373695373535,0.3,3.810547351837158,-0.0003645840100944042,1580,0.00074943947,7.79372820854187,0.0003,-1.8177442967891693
-398.62745098039215,1087,40,9,10240,200.0,0.0,0.00810784101486206,0.3,2.132868528366089,-0.0015203471994027495,1590,0.0030160125,4.641742378473282,0.0003,-1.7802740514278412
-400.0,1395,1,0,256,200.0,0.0,-0.12794458866119385,0.3,23.90696907043457,-0.0011529691983014345,1600,0.0017363855,44.967259883880615,0.0003,-1.7764462411403656
-400.0,1209,2,0,512,200.0,0.0,8.434057235717773e-05,0.3,2.8613979816436768,-0.0005164113827049732,1210,0.0018392061,4.717164433002472,0.0003,-0.7346690505743027
-400.0,1149,3,0,768,200.0,0.00234375,0.0006579756736755371,0.3,1.0480561256408691,-0.000230587855912745,1220,0.0018531762,4.51220418214798,0.0003,-0.7198443204164505
-400.0,1121,4,0,1024,200.0,0.216015625,0.0006306767463684082,0.3,1.7891907691955566,-0.02280958634801209,1230,0.06030839,4.388765943050385,0.0003,-0.7522276341915131
-400.0,1126,5,1,1280,200.0,0.001171875,0.11090457439422607,0.3,6.343373775482178,-0.0016640080837532877,1240,0.0024393455,15.707038736343383,0.0003,-0.7709107249975204
-394.2857142857143,1127,6,1,1536,200.0,0.0,0.1443060040473938,0.3,5.748895645141602,-0.0018626598408445715,1250,0.00082644005,18.337573528289795,0.0003,-0.7743000566959382
-395.0,1108,7,1,1792,200.0,0.0,-0.12546014785766602,0.3,1.2075324058532715,0.00014342712238430978,1260,0.00035510422,5.928593623638153,0.0003,-0.7715222865343094
-403.0,1113,8,1,2048,200.0,0.001953125,0.05234479904174805,0.3,22.347131729125977,-0.0009195657563395798,1270,0.00062281033,41.14409923553467,0.0003,-0.7783877223730087
-402.72727272727275,1116,9,2,2304,200.0,0.0,-0.8752330541610718,0.3,4.650059700012207,-0.0009523267857730388,1280,0.0003292889,16.83495740890503,0.0003,-0.7890889078378678
-402.5,1107,10,2,2560,200.0,0.005078125,0.0033211112022399902,0.3,3.762120008468628,-0.001298727304674685,1290,0.009465407,4.445549583435058,0.0003,-0.7875596761703492
-402.14285714285717,1107,11,2,2816,200.0,0.0,0.053999245166778564,0.3,0.9593477845191956,-0.00022669597528874875,1300,0.0021182462,4.141547572612763,0.0003,-0.7715800523757934
-405.3333333333333,1107,12,2,3072,200.0,0.015625,0.09116542339324951,0.3,3.767017126083374,-0.013052425347268581,1310,0.028604794,7.255998325347901,0.0003,-0.7691105842590332
-405.0,1108,13,3,3328,200.0,0.0,-0.10643982887268066,0.3,25.590023040771484,-0.002418186911381781,1320,0.012448823,45.93495945930481,0.0003,-0.7462847799062728
-404.70588235294116,1103,14,3,3584,200.0,0.002734375,0.002662181854248047,0.3,2.181257486343384,-0.002393303602002561,1330,0.011486343,4.453525656461716,0.0003,-0.708478930592537
-404.2105263157895,1102,15,3,3840,200.0,0.133203125,-0.022336840629577637,0.3,1.0631139278411865,-0.009864136250689626,1340,0.036428083,4.399579226970673,0.0003,-0.5905293315649033
-404.0,1101,16,3,4096,200.0,0.001171875,-0.0015484094619750977,0.3,5.725311756134033,-0.00040725814178586004,1350,0.000789925,8.410464310646057,0.0003,-0.5325704127550125
-403.8095238095238,1102,17,3,4352,200.0,0.00078125,0.00017142295837402344,0.3,1.896381139755249,-0.0007636724039912224,1360,0.0040330486,4.347832906246185,0.0003,-0.541054156422615
-402.17391304347825,1091,18,4,4608,200.0,0.001171875,-1.7881393432617188e-05,0.3,2.2909977436065674,-0.001327405241318047,1370,0.0069976537,4.329518342018128,0.0003,-0.5718353897333145
-400.8333333333333,1088,19,4,4864,200.0,0.0171875,0.17921459674835205,0.3,10.814441680908203,-0.011500160652212798,1380,0.011954233,28.970901107788087,0.0003,-0.44645034372806547
-400.8,1085,20,4,5120,200.0,0.0,0.36369526386260986,0.3,5.1775689125061035,-0.002172512630932033,1390,0.0005794207,17.225178289413453,0.0003,-0.3893336087465286
-400.7692307692308,1081,21,4,5376,200.0,0.0,0.07197332382202148,0.3,0.7462379336357117,-0.00039873598143458366,1400,0.0013617673,4.114607465267182,0.0003,-0.3634607955813408
-402.5,1080,22,5,5632,200.0,0.0,0.011667490005493164,0.3,22.79694938659668,0.0002488880651071668,1410,3.885245e-06,41.75707540512085,0.0003,-0.34084040224552153
-402.41379310344826,1083,23,5,5888,200.0,0.0,0.0015729665756225586,0.3,5.447625160217285,-0.0004616634454578161,1420,0.00043076067,8.872652649879456,0.0003,-0.3543100833892822
-402.3333333333333,1084,24,5,6144,200.0,0.0,0.005592286586761475,0.3,1.8569620847702026,5.069668404757977e-05,1430,0.00011419924,4.360256177186966,0.0003,-0.36438208669424055
-402.1875,1087,25,5,6400,200.0,0.0,0.04802358150482178,0.3,2.2935292720794678,-0.0019922633888199925,1440,0.0058853654,4.155002361536026,0.0003,-0.32767958790063856
-395.1515151515151,1081,26,6,6656,200.0,0.0,-0.0031256675720214844,0.3,4.4004106521606445,-0.0027480792719870805,1450,0.0028967748,8.624821627140046,0.0003,-0.2579987831413746
-395.29411764705884,1082,27,6,6912,200.0,0.0,0.13384121656417847,0.3,188.21652221679688,-0.0013540102634578943,1460,0.00046043377,481.7793685913086,0.0003,-0.2199331097304821
-396.85714285714283,1083,28,6,7168,200.0,0.0,5.3942203521728516e-05,0.3,1.0519046783447266,-0.0007001702673733234,1470,0.0006501144,4.248104864358902,0.0003,-0.20132536068558693
-397.02702702702703,1083,29,6,7424,200.0,0.0,-0.00277864933013916,0.3,12.361145973205566,-0.0009429100202396512,1480,0.0002670593,39.26113801002502,0.0003,-0.1752520576119423
-397.10526315789474,1082,30,7,7680,200.0,0.0,0.0028612613677978516,0.3,4.672977924346924,-6.115125725045801e-05,1490,1.80637e-05,8.983885645866394,0.0003,-0.16572740599513053
-397.1794871794872,1083,31,7,7936,200.0,0.0,0.012523472309112549,0.3,1.5060529708862305,-0.0003791608498431742,1500,0.0002695904,4.205647563934326,0.0003,-0.15795295014977456
-397.25,1082,32,7,8192,200.0,0.0,0.03591424226760864,0.3,2.30751371383667,-0.0002850239863619208,1510,0.00010802457,3.923016881942749,0.0003,-0.14294319748878478
-397.3809523809524,1078,33,7,8448,200.0,0.0,-0.02672421932220459,0.3,2.5114753246307373,-0.0002300039166584611,1520,8.3723105e-05,4.371170717477798,0.0003,-0.13367070257663727
-398.6046511627907,1078,34,8,8704,200.0,0.00546875,-0.019312500953674316,0.3,6.536210536956787,-0.0030578822363168,1530,0.0016992737,8.081198263168336,0.0003,-0.14312120527029037
-399.77272727272725,1081,35,8,8960,200.0,0.0,-0.002021193504333496,0.3,24.43205451965332,2.0014122128486634e-07,1540,0.0002966514,42.02611517906189,0.0003,-0.1769901357591152
-400.8695652173913,1079,36,8,9216,200.0,0.0,0.01634901762008667,0.3,37.1415901184082,4.3177069164812566e-05,1550,3.4174882e-06,76.99382190704345,0.0003,-0.183950574696064
-400.8510638297872,1080,37,8,9472,200.0,0.0,0.03806459903717041,0.3,3.2633159160614014,-0.0002653699368238449,1560,5.485816e-05,8.527134108543397,0.0003,-0.18693625777959824
-400.8333333333333,1081,38,8,9728,200.0,0.000390625,-0.16192662715911865,0.3,1.1071103811264038,-0.00022884071804583073,1570,0.0003506858,5.754434469342232,0.0003,-0.194747244566679
-400.81632653061223,1081,39,9,9984,200.0,0.0,-0.0016829967498779297,0.3,1.2402392625808716,-0.0003718335181474686,1580,0.0008466521,4.482915699481964,0.0003,-0.18805551677942275
-400.7843137254902,1081,40,9,10240,200.0,0.0,-0.021812915802001953,0.3,0.7774419188499451,-0.00012021076399832964,1590,0.00022348622,4.351096791028977,0.0003,-0.16682699993252753
-400.0,1400,1,0,256,200.0,0.0,-0.16081345081329346,0.3,2.282989263534546,-0.003178438497707248,1600,0.0015745691,8.45359010696411,0.0003,-0.17695670425891877
-400.0,1224,2,0,512,200.0,0.026953125,0.005084633827209473,0.3,1.7207964658737183,-0.009995274059474469,1610,0.014617029,4.414308986067772,0.0003,-1.7651159942150116
-400.0,1181,3,0,768,200.0,0.0375,0.0013598203659057617,0.3,2.6769819259643555,-0.02067566227633506,1620,0.03235,4.351137888431549,0.0003,-1.7271360337734223
-400.0,1179,4,0,1024,200.0,0.0765625,-0.003845810890197754,0.3,3.5892348289489746,-0.008783787256106734,1630,0.01631318,4.385102099180221,0.0003,-1.6309278011322021
-400.0,1145,5,1,1280,200.0,0.01171875,0.005016922950744629,0.3,4.2753424644470215,-0.007695556874386967,1640,0.011251255,8.325634217262268,0.0003,-1.6776544868946075
-400.0,1135,6,1,1536,200.0,0.037109375,0.006624579429626465,0.3,0.8281759023666382,-0.008438751520588993,1650,0.007900074,4.2339258849620816,0.0003,-1.7698424756526947
-400.0,1130,7,1,1792,200.0,0.18671875,0.0025787353515625,0.3,3.535144805908203,-0.025756244198419154,1660,0.04644451,4.340558981895446,0.0003,-1.7991153240203857
-400.0,1125,8,1,2048,200.0,0.028125,0.0015248656272888184,0.3,0.7497618198394775,-0.00819612992927432,1670,0.018655557,4.276723003387451,0.0003,-1.9048794627189636
-400.0,1123,9,2,2304,200.0,0.0046875,0.00514906644821167,0.3,4.177667617797852,-0.009416601341217756,1680,0.018058497,7.845825874805451,0.0003,-1.929005116224289
-400.0,1120,10,2,2560,200.0,0.102734375,0.008894085884094238,0.3,3.5670361518859863,-0.01407596180215478,1690,0.03680162,4.312918096780777,0.0003,-1.8565132021903992
-400.0,1115,11,2,2816,200.0,0.055078125,-0.034766435623168945,0.3,2.310641050338745,-0.010157511592842639,1700,0.020758241,4.3796996712684635,0.0003,-1.9024787724018097
-400.0,1116,12,2,3072,200.0,0.011328125,0.007944822311401367,0.3,3.6724560260772705,-0.00613770978525281,1710,0.0124502415,8.227580630779267,0.0003,-1.8933421492576599
-400.0,1110,13,2,3328,200.0,0.0734375,0.0029525160789489746,0.3,1.9954458475112915,-0.013491407642140985,1720,0.026323395,4.367985641956329,0.0003,-1.9080479621887207
-400.0,1102,14,3,3584,200.0,0.05,-0.008929252624511719,0.3,1.3435548543930054,-0.014266188256442547,1730,0.024251811,4.340782254934311,0.0003,-1.853814071416855
-400.0,1101,15,3,3840,200.0,0.060546875,0.041570425033569336,0.3,3.410313367843628,-0.014904294465668499,1740,0.023863867,4.134161329269409,0.0003,-1.7797256290912629
-400.0,1105,16,3,4096,200.0,0.0,0.0012167692184448242,0.3,4.087106704711914,-0.006640818016603589,1750,0.0043096766,8.487766861915588,0.0003,-1.706213790178299
-400.0,1105,17,3,4352,200.0,0.04453125,-0.0033425092697143555,0.3,1.3688905239105225,-0.01774591919966042,1760,0.039536092,4.364121079444885,0.0003,-1.5876062393188477
-400.0,1104,18,4,4608,200.0,0.039453125,0.022291481494903564,0.3,1.1046390533447266,-0.007728751888498664,1770,0.011537654,4.2241659283638,0.0003,-1.4844324350357057
-399.5833333333333,1098,19,4,4864,200.0,0.005859375,0.005463898181915283,0.3,3.7320849895477295,-0.004155559930950403,1780,0.008107586,8.294503021240235,0.0003,-1.4774349808692933
-399.6,1099,20,4,5120,200.0,0.011328125,0.28417229652404785,0.3,1.6322684288024902,-0.003691982198506594,1790,0.011219913,4.619737815856934,0.0003,-1.6443871080875396
-399.61538461538464,1100,21,4,5376,200.0,0.076953125,0.017348945140838623,0.3,1.5155577659606934,-0.011158265685662628,1800,0.026582252,4.225449055433273,0.0003,-1.6366467118263244
-399.64285714285717,1098,22,5,5632,200.0,0.11328125,-0.020341038703918457,0.3,2.822207450866699,-0.017057874193415045,1810,0.033906363,4.4109336853027346,0.0003,-1.549934494495392
-399.6551724137931,1099,23,5,5888,200.0,0.002734375,-0.00021064281463623047,0.3,5.277278423309326,-0.007926298445090652,1820,0.01183429,8.388846254348755,0.0003,-1.5533028542995453
-399.3333333333333,1096,24,5,6144,200.0,0.016796875,0.0073975324630737305,0.3,2.9526658058166504,-0.008741728030145168,1830,0.017644167,4.315784585475922,0.0003,-1.5901030480861664
-399.375,1096,25,5,6400,200.0,0.003515625,0.18957149982452393,0.3,0.4465257227420807,-0.00844707302749157,1840,0.0083900485,4.164887112379074,0.0003,-1.6406814575195312
-399.3939393939394,1096,26,6,6656,200.0,0.0,0.008421659469604492,0.3,4.019572734832764,-0.0038590666372328997,1850,0.003700615,8.452462887763977,0.0003,-1.6724598467350007
-399.4117647058824,1093,27,6,6912,200.0,0.0,-0.0026177167892456055,0.3,2.349034070968628,1.9478169269859792e-05,1860,0.0027874105,4.349203324317932,0.0003,-1.7184866428375245
-399.42857142857144,1090,28,6,7168,200.0,0.001953125,0.0014744400978088379,0.3,1.2619253396987915,-0.006472617667168379,1870,0.009387014,4.301152300834656,0.0003,-1.6989007532596587
-399.4594594594595,1090,29,6,7424,200.0,0.0140625,0.026342332363128662,0.3,2.9146151542663574,-0.009009149670600892,1880,0.012506472,4.2312095165252686,0.0003,-1.7222565531730651
-399.4736842105263,1090,30,7,7680,200.0,0.004296875,0.002778351306915283,0.3,4.201383113861084,-0.009329157788306475,1890,0.01277752,8.321328675746917,0.0003,-1.7863910973072052
-400.7692307692308,1091,31,7,7936,200.0,0.0,-0.0009609460830688477,0.3,15.69027042388916,-0.009745166031643748,1900,0.007568456,41.746256828308105,0.0003,-1.7919360637664794
-400.75,1092,32,7,8192,200.0,0.00234375,0.11040985584259033,0.3,1.596428632736206,-0.0032931980909779667,1910,0.001968993,4.1148037821054455,0.0003,-1.7632559776306151
-400.7142857142857,1093,33,7,8448,200.0,0.0,0.03900432586669922,0.3,1.9510066509246826,-0.003965296293608844,1920,0.005595448,4.17545844912529,0.0003,-1.7928725898265838
-400.69767441860466,1089,34,7,8704,200.0,0.0,0.004676401615142822,0.3,4.648955345153809,-0.003866889816708863,1930,0.008568647,8.187824320793151,0.0003,-1.8014587104320525
-400.6818181818182,1088,35,8,8960,200.0,0.0,0.022443830966949463,0.3,0.5139525532722473,-0.00509712474886328,1940,0.006367173,4.194388538599014,0.0003,-1.792805975675583
-401.7391304347826,1089,36,8,9216,200.0,0.0015625,-0.009683489799499512,0.3,16.858659744262695,-0.004113125347066671,1950,0.0018285862,41.132247591018675,0.0003,-1.7428872525691985
-401.70212765957444,1088,37,8,9472,200.0,0.0,0.004590272903442383,0.3,4.00423002243042,-0.0007447009673342108,1960,0.0019210279,9.899396800994873,0.0003,-1.7093762278556823
-401.6666666666667,1087,38,8,9728,200.0,0.0,-0.0011878013610839844,0.3,1.922623634338379,-0.009637832245789468,1970,0.014355326,4.650096601247787,0.0003,-1.673348033428192
-401.6326530612245,1088,39,9,9984,200.0,0.08515625,0.025006532669067383,0.3,2.096359968185425,-0.016968300845474005,1980,0.023961725,4.134081566333771,0.0003,-1.5764478623867035
-401.5686274509804,1087,40,9,10240,200.0,0.00078125,0.1894209384918213,0.3,0.700189471244812,-0.005449450202286243,1990,0.001837193,3.094228819012642,0.0003,-1.5612425625324249
-400.0,1464,1,0,256,200.0,0.0,0.01742333173751831,0.3,4.108042240142822,0.0007989516016095877,2000,0.00013023405,8.762023663520813,0.0003,-1.5043133914470672
-400.0,1246,2,0,512,200.0,0.024609375,0.0022945404052734375,0.3,1.1907601356506348,-0.008784101321361959,1610,0.011365866,4.340615153312683,0.0003,-0.2706938423216343
-400.0,1189,3,0,768,200.0,0.00234375,-0.008916616439819336,0.3,2.2762367725372314,-0.0009675978915765881,1620,0.0019556794,4.36077241897583,0.0003,-0.30481223165988924
-400.0,1160,4,0,1024,200.0,0.0,0.019128859043121338,0.3,2.0241997241973877,-8.058096282184123e-05,1630,0.00017645233,4.207603645324707,0.0003,-0.2791844293475151
-400.0,1161,5,1,1280,200.0,0.03359375,0.0011444091796875,0.3,4.257561206817627,-0.005110651021823287,1640,0.007986365,8.319042491912843,0.0003,-0.32988514602184293
-400.0,1138,6,1,1536,200.0,0.012109375,-0.006347179412841797,0.3,1.1181507110595703,-0.003221341292373836,1650,0.008354208,4.323843610286713,0.0003,-0.3440361931920052
-400.0,1127,7,1,1792,200.0,0.0,0.15622752904891968,0.3,1.6068732738494873,-0.0011337915435433387,1660,0.0015774628,3.79738535284996,0.0003,-0.2564381152391434
-400.0,1113,8,1,2048,200.0,0.0,0.008395493030548096,0.3,1.46944260597229,-0.0012502029538154602,1670,0.0014514478,4.323381853103638,0.0003,-0.2205187387764454
-400.0,1112,9,2,2304,200.0,0.0,0.05925107002258301,0.3,1.9051729440689087,-0.00038712411187589166,1680,0.00030001858,7.442115557193756,0.0003,-0.18927800729870797
-404.1666666666667,1111,10,2,2560,200.0,0.0,-0.128454327583313,0.3,16.96852684020996,-3.60935227945447e-05,1690,1.4769845e-05,51.34169244766235,0.0003,-0.18003595396876335
-403.57142857142856,1100,11,2,2816,200.0,0.0,0.24045449495315552,0.3,1.8941959142684937,-0.0003265485865995288,1700,0.00038612005,3.5169282615184785,0.0003,-0.18632792085409164
-403.3333333333333,1095,12,2,3072,200.0,0.0140625,0.05900198221206665,0.3,4.421494960784912,-0.005652451189234853,1710,0.003608467,8.02870512008667,0.0003,-0.2253873236477375
-403.125,1095,13,3,3328,200.0,0.019921875,0.015700161457061768,0.3,2.995401382446289,-0.0011014191200956701,1720,0.004975013,4.209002703428268,0.0003,-0.28619624078273775
-402.94117647058823,1090,14,3,3584,200.0,0.0,-0.014432549476623535,0.3,2.5522501468658447,-0.001111410791054368,1730,0.0016686923,4.383368992805481,0.0003,-0.31167571544647216
-400.5263157894737,1090,15,3,3840,200.0,0.0015625,0.2836158275604248,0.3,10.552886009216309,-0.004144194163382053,1740,0.0013876245,29.666312313079835,0.0003,-0.2672830164432526
-403.0,1090,16,3,4096,200.0,0.000390625,0.32274770736694336,0.3,7.193169593811035,-0.002111641806550324,1750,0.00027237972,20.253126096725463,0.0003,-0.25329663753509524
-402.85714285714283,1091,17,3,4352,200.0,0.0,-0.3310145139694214,0.3,6.625429153442383,-4.8386165872216225e-05,1760,1.4749821e-06,47.111145401000975,0.0003,-0.2530324473977089
-402.60869565217394,1087,18,4,4608,200.0,0.0,-0.008480548858642578,0.3,2.4815962314605713,-0.0004922222811728716,1770,0.00039393897,4.465580922365189,0.0003,-0.2425171673297882
-402.5,1086,19,4,4864,200.0,0.0,0.0043926239013671875,0.3,5.535623073577881,-0.0007801860570907593,1780,0.0006600672,8.413008689880371,0.0003,-0.21191206872463225
-402.4,1088,20,4,5120,200.0,0.0,0.008804559707641602,0.3,0.8054560422897339,-0.0004470977233722806,1790,0.00046101795,4.282280147075653,0.0003,-0.19086597561836244
-402.3076923076923,1088,21,4,5376,200.0,0.00859375,0.007701754570007324,0.3,2.9943928718566895,-0.0007923012599349022,1800,0.0024134791,4.262431204319,0.0003,-0.19898603707551957
-402.14285714285717,1085,22,5,5632,200.0,0.0,0.011481285095214844,0.3,2.484727382659912,0.0001497882418334484,1810,2.3581088e-06,4.275855320692062,0.0003,-0.23724630996584892
-402.0689655172414,1086,23,5,5888,200.0,0.0,0.07952255010604858,0.3,3.8191492557525635,-0.0010823548072949052,1820,0.0007645369,7.448765611648559,0.0003,-0.24393022060394287
-402.0,1086,24,5,6144,200.0,0.0,-0.014620065689086914,0.3,1.3130862712860107,5.945658776909113e-05,1830,0.00025132764,4.333157142996788,0.0003,-0.26285451650619507
-401.875,1086,25,5,6400,200.0,0.0,0.009806215763092041,0.3,2.065791130065918,2.283998765051365e-05,1840,3.1914096e-06,4.115071940422058,0.0003,-0.24924337565898896
-401.8181818181818,1084,26,6,6656,200.0,0.0,0.0973849892616272,0.3,4.104572772979736,-5.056608933955431e-05,1850,0.0001230319,7.5019670009613035,0.0003,-0.2530927874147892
-401.7647058823529,1084,27,6,6912,200.0,0.0,0.052124083042144775,0.3,1.99369215965271,-0.000384227279573679,1860,0.0003585266,3.9673514276742936,0.0003,-0.22678178921341896
-401.7142857142857,1085,28,6,7168,200.0,0.0,-0.043460845947265625,0.3,3.2186245918273926,-0.00016859970055520533,1870,4.279567e-05,4.496516048908234,0.0003,-0.2139881134033203
-401.6216216216216,1085,29,6,7424,200.0,0.0,-0.012796521186828613,0.3,2.326887607574463,-0.00035695666447281836,1880,0.0002065925,4.316219192743302,0.0003,-0.20500515699386596
-401.57894736842104,1084,30,7,7680,200.0,0.0,0.06122833490371704,0.3,3.0394670963287354,-7.225526496767998e-06,1890,0.00026808376,7.575581383705139,0.0003,-0.20049761459231377
-401.53846153846155,1084,31,7,7936,200.0,0.00078125,-0.07187807559967041,0.3,2.2425594329833984,-0.0010471121873706578,1900,0.0009980004,4.4371220648288725,0.0003,-0.20130125433206558
-401.5,1084,32,7,8192,200.0,0.0,-0.021594882011413574,0.3,2.6264967918395996,-0.0005754316225647926,1910,0.00046156836,4.2782904505729675,0.0003,-0.16504827812314032
-401.42857142857144,1084,33,7,8448,200.0,0.0,-0.05744624137878418,0.3,2.2239208221435547,-0.0004565560258924961,1920,0.00022371393,3.9429566740989683,0.0003,-0.148049233853817
-401.3953488372093,1084,34,8,8704,200.0,0.00078125,0.05780649185180664,0.3,4.4251227378845215,-0.0019352461444213987,1930,0.0005332134,7.696996760368347,0.0003,-0.15599957406520842
-401.3636363636364,1085,35,8,8960,200.0,0.0,0.04842698574066162,0.3,1.0811352729797363,0.0003890625201165676,1940,0.00015455298,4.039226442575455,0.0003,-0.19490337893366813
-401.30434782608694,1082,36,8,9216,200.0,0.00234375,0.19919836521148682,0.3,1.3905404806137085,-0.0007098176749423147,1950,0.0011931623,3.516559547185898,0.0003,-0.19438968151807784
-403.40425531914894,1083,37,8,9472,200.0,0.0,0.07409161329269409,0.3,4.017667770385742,-0.0002302199602127075,1960,0.00020272005,7.446660494804382,0.0003,-0.1793320320546627
-403.3333333333333,1083,38,8,9728,200.0,0.0,0.0372428297996521,0.3,26.187908172607422,4.6551786363124846e-05,1970,5.5024866e-06,71.7601531982422,0.0003,-0.17494682222604752
-403.265306122449,1082,39,9,9984,200.0,0.0,0.2865225672721863,0.3,0.34667688608169556,-0.00015228178817778827,1980,0.00010885089,3.2717103153467177,0.0003,-0.17482898011803627
-403.1372549019608,1079,40,9,10240,200.0,0.0,-0.4655684232711792,0.3,0.8738999962806702,-0.00012288563884794713,1990,6.5999804e-05,5.3650717556476595,0.0003,-0.1629294827580452
-400.0,1532,1,0,256,200.0,0.0,0.10841900110244751,0.3,3.0513367652893066,-0.0005134254228323698,2000,0.00040256628,7.508419990539551,0.0003,-0.15468676537275314
-400.0,1231,2,0,512,200.0,0.068359375,-0.012125372886657715,0.3,1.4844831228256226,-0.015471043344587088,2010,0.04398755,4.4093926548957825,0.0003,-1.548310399055481
-400.0,1182,3,0,768,200.0,0.044921875,-0.0008782148361206055,0.3,2.8745086193084717,-0.009702386753633618,2020,0.027683092,4.351452241837978,0.0003,-1.4945912480354309
-400.0,1141,4,0,1024,200.0,0.07265625,0.004579126834869385,0.3,3.132847785949707,-0.01786299857776612,2030,0.046988383,4.311764377355575,0.0003,-1.2569068491458892
-400.0,1146,5,1,1280,200.0,0.0,-0.007563233375549316,0.3,6.6221466064453125,-0.003119820076972246,2040,0.004260378,8.337637972831725,0.0003,-1.034249049425125
-400.0,1128,6,1,1536,200.0,0.0,0.00926065444946289,0.3,3.186859607696533,-0.002403598139062524,2050,0.00221387,4.298048204183578,0.0003,-0.9649863958358764
-400.0,1132,7,1,1792,200.0,0.0,0.0005292892456054688,0.3,2.1465892791748047,-0.003099460364319384,2060,0.0069970875,4.316639733314514,0.0003,-0.9432782590389251
-400.0,1117,8,1,2048,200.0,0.0,0.03729867935180664,0.3,1.6869555711746216,-0.0011305231600999832,2070,0.0012561418,4.031253606081009,0.0003,-0.8025239884853363
-398.1818181818182,1115,9,2,2304,200.0,0.0,0.05336529016494751,0.3,2.9218380451202393,-0.0004677958320826292,2080,0.00034433394,7.5129748463630674,0.0003,-0.7893266379833221
-398.3333333333333,1114,10,2,2560,200.0,0.0,0.3221784830093384,0.3,3.8952412605285645,-0.0010545120341703296,2090,0.000208718,7.734453105926514,0.0003,-0.7964746534824372
-398.57142857142856,1105,11,2,2816,200.0,0.00078125,0.07657742500305176,0.3,0.5037906765937805,-0.004356825398281217,2100,0.0018664431,3.8190985321998596,0.0003,-0.811961230635643
-398.6666666666667,1110,12,2,3072,200.0,0.0,0.12474733591079712,0.3,3.8917884826660156,-0.0003429534612223506,2110,0.00011498062,7.229456496238709,0.0003,-0.8468279331922531
-398.75,1096,13,3,3328,200.0,0.0,0.12710237503051758,0.3,1.9275672435760498,-0.0016009701415896417,2120,0.0013997147,3.9921705603599547,0.0003,-0.8686450362205506
-398.8235294117647,1096,14,3,3584,200.0,0.0,0.017251968383789062,0.3,1.058034896850586,-0.0030921620316803457,2130,0.005226339,3.882539504766464,0.0003,-0.8921860367059707
-397.89473684210526,1091,15,3,3840,200.0,0.00390625,-0.43908607959747314,0.3,2.027071475982666,-0.00046731748152524234,2140,0.0067999475,5.342527282238007,0.0003,-1.1526681244373322
-398.0,1086,16,3,4096,200.0,0.00703125,0.24451762437820435,0.3,5.149041175842285,-0.004286273475736379,2150,0.003769794,12.699637079238892,0.0003,-0.9312847137451172
-398.0952380952381,1086,17,4,4352,200.0,0.0,0.10743111371994019,0.3,2.5523221492767334,-0.003724391548894346,2160,0.0022495755,3.930308187007904,0.0003,-0.8655825763940811
-398.2608695652174,1086,18,4,4608,200.0,0.0,0.05200010538101196,0.3,2.6828255653381348,-0.005587384360842407,2170,0.008811612,4.228777807950974,0.0003,-0.8216605454683303
-398.3333333333333,1088,19,4,4864,200.0,0.0,0.07118940353393555,0.3,5.21325159072876,-0.001418289914727211,2180,0.0033653986,7.90125447511673,0.0003,-0.7389197319746017
-398.4,1092,20,4,5120,200.0,0.0,0.003842949867248535,0.3,1.38591730594635,-0.0028060392010957,2190,0.0007207466,4.389993834495544,0.0003,-0.7111869603395462
-398.46153846153845,1089,21,4,5376,200.0,0.00546875,0.0021224021911621094,0.3,1.3280707597732544,-0.003917006263509393,2200,0.0024555437,4.352656906843185,0.0003,-0.7334172993898391
-398.57142857142856,1087,22,5,5632,200.0,0.013671875,0.05507802963256836,0.3,1.7298848628997803,-0.004409795091487467,2210,0.0043339236,4.011128789186477,0.0003,-0.8389790862798691
-398.62068965517244,1086,23,5,5888,200.0,0.0,0.04770785570144653,0.3,3.4271457195281982,-0.0020417287945747376,2220,0.00105108,7.7469608068466185,0.0003,-0.8470551490783691
-398.6666666666667,1085,24,5,6144,200.0,0.026171875,-0.02506887912750244,0.3,1.825971245765686,-0.009592450177296995,2230,0.010426708,4.45052798986435,0.0003,-0.8246486186981201
-398.75,1086,25,5,6400,200.0,0.002734375,0.03957098722457886,0.3,3.4804160594940186,-0.0028505366761237385,2240,0.0063037416,4.098376923799515,0.0003,-0.9340521931648255
-398.7878787878788,1088,26,6,6656,200.0,0.026171875,-0.035561203956604004,0.3,3.9776246547698975,-0.0055369267938658595,2250,0.011991245,8.393110871315002,0.0003,-1.108311766386032
-398.8235294117647,1087,27,6,6912,200.0,0.031640625,0.0014569759368896484,0.3,3.5153512954711914,-0.003539618488866836,2260,0.015993979,4.305087047815323,0.0003,-1.2540759086608886
-398.85714285714283,1086,28,6,7168,200.0,0.0,0.061928629875183105,0.3,2.313019037246704,-0.001104391016997397,2270,0.0021809991,4.147387576103211,0.0003,-1.289629727602005
-398.9189189189189,1085,29,6,7424,200.0,0.0,-0.02454853057861328,0.3,0.37845924496650696,0.0003791176714003086,2280,0.0008508398,4.438782036304474,0.0003,-1.2254034399986267
-398.94736842105266,1080,30,7,7680,200.0,0.037109375,0.07157599925994873,0.3,3.743981122970581,-0.007642458518967032,2290,0.0133372005,7.644336843490601,0.0003,-1.3146667659282685
-400.2564102564103,1079,31,7,7936,200.0,0.003125,0.03963202238082886,0.3,1.1133900880813599,-0.004581904248334467,2300,0.009282032,4.245295071601868,0.0003,-1.4044905722141265
-400.25,1079,32,7,8192,200.0,0.001171875,-0.0507962703704834,0.3,17.872520446777344,-0.006221761938650161,2310,0.004768106,43.86784286499024,0.0003,-1.3738643527030945
-400.23809523809524,1077,33,7,8448,200.0,0.03984375,-0.1329416036605835,0.3,4.213230609893799,-0.014577952004037798,2320,0.028370615,4.886759579181671,0.0003,-1.4536756515502929
-400.2325581395349,1078,34,8,8704,200.0,0.009765625,0.13553303480148315,0.3,2.848945379257202,-0.008992398809641599,2330,0.0037969782,7.3735175132751465,0.0003,-1.4424633383750916
-400.22727272727275,1076,35,8,8960,200.0,0.005078125,0.03881549835205078,0.3,1.1903148889541626,-0.00691069676540792,2340,0.012230672,4.221489655971527,0.0003,-1.362037342786789
-400.2173913043478,1076,36,8,9216,200.0,0.05234375,-0.02665865421295166,0.3,1.836702823638916,-0.004779530176892877,2350,0.01257996,4.404093301296234,0.0003,-1.3040627241134644
-400.21276595744683,1077,37,8,9472,200.0,0.01171875,0.004236161708831787,0.3,5.1102681159973145,-0.008737010974436998,2360,0.016101312,8.391986149549485,0.0003,-1.2963641941547395
-400.2083333333333,1078,38,9,9728,200.0,0.0,0.0007291436195373535,0.3,1.751668095588684,-0.0011858719633892178,2370,0.01249466,4.341350626945496,0.0003,-1.4077237904071809
-400.2040816326531,1076,39,9,9984,200.0,0.026953125,-0.0022122859954833984,0.3,3.7526519298553467,-0.0043742161244153975,2380,0.014410779,4.335622251033783,0.0003,-1.3612517595291138
-400.19607843137254,1077,40,9,10240,200.0,0.02109375,0.02081584930419922,0.3,0.9057695865631104,-0.009557571588084101,2390,0.010541917,4.058252230286598,0.0003,-1.3979029953479767
-400.0,1451,1,0,256,200.0,0.0,0.060231566429138184,0.3,2.912820816040039,-0.01044167218497023,2400,0.018704973,7.565510034561157,0.0003,-1.2909839034080506
-400.0,1251,2,0,512,200.0,0.0,0.032135844230651855,0.3,3.3701696395874023,-9.61704645305872e-05,2010,1.7945422e-05,4.239695912599563,0.0003,-0.1400298424065113
-400.0,1109,3,0,768,200.0,0.009375,0.13891392946243286,0.3,1.3720273971557617,-0.0048205323284491895,2020,0.003366298,3.859788978099823,0.0003,-0.16162008419632912
-400.0,1104,4,0,1024,200.0,0.0,-0.005897641181945801,0.3,3.2965638637542725,0.00020931400358676911,2030,0.00018464029,4.540091359615326,0.0003,-0.22279573157429694
-400.0,1093,5,1,1280,200.0,0.003515625,0.15690213441848755,0.3,4.0236711502075195,-0.0009091198444366455,2040,0.0008751701,6.98969863653183,0.0003,-0.24680723249912262
-400.0,1102,6,1,1536,200.0,0.01171875,0.4114612936973572,0.3,1.0242599248886108,-0.01077356527093798,2050,0.0080471365,2.319557636976242,0.0003,-0.293378247320652
-400.0,1078,7,1,1792,200.0,0.00078125,-0.3575403690338135,0.3,2.059384822845459,-0.0026669684215448798,2060,0.00041972776,6.61517288684845,0.0003,-0.33051672875881194
-400.0,1079,8,1,2048,200.0,0.0,0.02939528226852417,0.3,1.8087762594223022,-0.001311903796158731,2070,0.0024436568,4.567992877960205,0.0003,-0.3163923814892769
-400.0,1072,9,2,2304,200.0,0.030859375,0.0320548415184021,0.3,2.9634907245635986,-0.00397632741369307,2080,0.010915196,7.745148384571076,0.0003,-0.3389346554875374
-400.0,1069,10,2,2560,200.0,0.0,0.03479480743408203,0.3,1.1606156826019287,-0.00019624328706413507,2090,0.0003717614,4.200166511535644,0.0003,-0.3999370276927948
-400.0,1070,11,2,2816,200.0,0.0046875,0.10008889436721802,0.3,1.9791812896728516,-0.002183671132661402,2100,0.0036894365,3.9570377290248873,0.0003,-0.3403450444340706
-400.0,1072,12,2,3072,200.0,0.0,0.15397554636001587,0.3,3.7608633041381836,-0.0002251868601888418,2110,0.0002598695,6.74170287847519,0.0003,-0.2868629351258278
-400.0,1069,13,3,3328,200.0,0.0,-0.09916305541992188,0.3,0.7325007319450378,-0.0003814667579717934,2120,5.5116136e-05,5.078349369764328,0.0003,-0.2786418855190277
-400.0,1071,14,3,3584,200.0,0.026171875,-0.2109365463256836,0.3,2.7513394355773926,-0.004818994551897049,2130,0.0053563453,4.981403565406799,0.0003,-0.3295989692211151
-400.0,1072,15,3,3840,200.0,0.0,0.08934909105300903,0.3,2.4920451641082764,-0.0010243069380521774,2140,0.0011002347,4.023872888088226,0.0003,-0.34383551478385926
-400.0,1074,16,3,4096,200.0,0.005078125,0.022721588611602783,0.3,3.749047040939331,-0.0016463742358610034,2150,0.0024914467,8.208983278274536,0.0003,-0.3248741924762726
-400.0,1073,17,4,4352,200.0,0.008203125,0.10606330633163452,0.3,1.319303274154663,-0.000407588598318398,2160,0.003964166,3.9748974680900573,0.0003,-0.40854973196983335
-400.0,1075,18,4,4608,200.0,0.03359375,0.06634122133255005,0.3,0.6654521226882935,-0.004961344692856073,2170,0.014352834,4.1029944837093355,0.0003,-0.3801034227013588
-400.8333333333333,1069,19,4,4864,200.0,0.0375,0.012436866760253906,0.3,3.3625547885894775,-0.007261826121248305,2180,0.009046434,7.915404057502746,0.0003,-0.3468710407614708
-400.8,1063,20,4,5120,200.0,0.00234375,0.05647796392440796,0.3,4.707701683044434,-0.005652512054075487,2190,0.0025934228,6.543650484085083,0.0003,-0.3542306825518608
-400.7692307692308,1063,21,5,5376,200.0,0.0,0.007128715515136719,0.3,1.8987230062484741,-0.0010715498821809888,2200,0.0007132117,4.600069743394852,0.0003,-0.3203969284892082
-400.7142857142857,1064,22,5,5632,200.0,0.0,0.0205916166305542,0.3,1.8832743167877197,-0.00040648886933922765,2210,0.0002711257,4.211102318763733,0.0003,-0.29126306921243666
-400.6896551724138,1064,23,5,5888,200.0,0.0,0.03571295738220215,0.3,4.0262532234191895,0.0001393220853060484,2220,0.000119003234,7.855307245254517,0.0003,-0.2796069040894508
-400.6666666666667,1066,24,5,6144,200.0,0.0,0.1287781000137329,0.3,1.3865151405334473,-0.00015560986939817668,2230,6.557489e-05,3.894554781913757,0.0003,-0.27343677878379824
-400.625,1067,25,5,6400,200.0,0.00390625,0.0327296257019043,0.3,1.716732144355774,-0.0032237185863777996,2240,0.0027748204,4.295828890800476,0.0003,-0.2694938197731972
-400.6060606060606,1066,26,6,6656,200.0,0.0,-0.00042450428009033203,0.3,4.851878643035889,-0.0006824843003414571,2250,0.0004624799,7.907562410831451,0.0003,-0.25540472790598867
-400.5882352941176,1068,27,6,6912,200.0,0.0,0.02062666416168213,0.3,1.5688830614089966,-0.00010225162841379643,2260,0.00023964816,4.2589243113994595,0.0003,-0.2403736010193825
-400.57142857142856,1067,28,6,7168,200.0,0.0,0.05052924156188965,0.3,1.7292739152908325,-0.0003375132568180561,2270,0.0004039402,4.164567664265633,0.0003,-0.23589689731597902
-400.81081081081084,1065,29,6,7424,200.0,0.0,0.2605520486831665,0.3,7.365889072418213,-0.0012149044196121395,2280,0.00037862407,22.540177297592162,0.0003,-0.21287428289651872
-400.7894736842105,1066,30,7,7680,200.0,0.001171875,0.04498404264450073,0.3,10.777862548828125,-0.005532141868025064,2290,0.0011277928,25.61882073879242,0.0003,-0.2186470314860344
-400.7692307692308,1064,31,7,7936,200.0,0.015625,0.15684694051742554,0.3,2.525583267211914,-0.003855131450109184,2300,0.0065763006,3.7812666833400725,0.0003,-0.27396405711770055
-400.75,1066,32,7,8192,200.0,0.012109375,0.08909857273101807,0.3,2.0731313228607178,-0.005750508094206452,2310,0.004869907,4.025633716583252,0.0003,-0.39063559770584105
-400.95238095238096,1060,33,7,8448,200.0,0.00078125,0.028267741203308105,0.3,4.532954216003418,-0.0036971714347600938,2320,0.0034517176,10.036644911766052,0.0003,-0.4900516584515572
-400.93023255813955,1059,34,8,8704,200.0,0.0,0.04898422956466675,0.3,3.244359016418457,-0.0014353759121149777,2330,0.0032018502,7.3443715333938595,0.0003,-0.5026359662413598
-400.90909090909093,1062,35,8,8960,200.0,0.0125,0.009352266788482666,0.3,2.094481945037842,-0.0020008916268125176,2340,0.0037302768,4.273111343383789,0.0003,-0.5453042984008789
-400.8695652173913,1062,36,8,9216,200.0,0.0,0.09943675994873047,0.3,3.0225226879119873,-0.0043569541536271576,2350,0.005452576,3.9445123970508575,0.0003,-0.48703213930130007
-400.8510638297872,1064,37,8,9472,200.0,0.0,0.4134141802787781,0.3,1.9097440242767334,0.000277276081033051,2360,0.0012292883,4.411262178421021,0.0003,-0.4256551653146744
-400.8333333333333,1066,38,9,9728,200.0,0.0,0.032543182373046875,0.3,2.870731830596924,-0.0015615634387359024,2370,0.002518195,4.2738674759864805,0.0003,-0.4023896440863609
-400.81632653061223,1067,39,9,9984,200.0,0.0,-0.00572967529296875,0.3,0.6930733919143677,-0.00042016583029180765,2380,0.00069601135,4.065583574771881,0.0003,-0.3407986000180244
-400.7843137254902,1067,40,9,10240,200.0,0.0,0.2248828411102295,0.3,1.466270089149475,0.00020736067090183498,2390,3.455463e-05,3.312519645690918,0.0003,-0.3401599541306496
-400.0,1517,1,0,256,200.0,0.0,0.008211731910705566,0.3,4.890989303588867,-0.0011224618181586265,2400,0.001180971,8.568654012680053,0.0003,-0.31972924768924715
-400.0,1275,2,0,512,200.0,0.009375,0.1206405758857727,0.3,1.6589086055755615,-0.009822452813386917,2410,0.009295663,3.8063150227069853,0.0003,-1.2713266611099243
-400.0,1183,3,0,768,200.0,0.018359375,-0.006657004356384277,0.3,2.3806357383728027,-0.0046160028548911216,2420,0.011263582,4.373316127061844,0.0003,-1.2688145279884337
-400.0,1153,4,0,1024,200.0,0.005859375,0.05426555871963501,0.3,1.307236671447754,-0.009479282610118388,2430,0.024410639,4.055887061357498,0.0003,-1.2674245238304138
-400.0,1144,5,1,1280,200.0,0.008203125,0.021070659160614014,0.3,3.287660598754883,-0.0030702060321345925,2440,0.008146731,8.108492159843445,0.0003,-1.1918022334575653
-400.0,1137,6,1,1536,200.0,0.0453125,0.050630807876586914,0.3,1.0938798189163208,-0.006970654602628201,2450,0.023394538,4.146377384662628,0.0003,-1.2881728887557984
-400.0,1131,7,1,1792,200.0,0.0,0.02032470703125,0.3,0.9414733052253723,-0.004264852358028292,2460,0.008346333,4.206773167848587,0.0003,-1.320720648765564
-400.0,1110,8,1,2048,200.0,0.0,0.044153451919555664,0.3,2.4122846126556396,-0.0014276353176683187,2470,0.0035098053,4.053173851966858,0.0003,-1.2880566596984864
-400.0,1109,9,2,2304,200.0,0.0,-0.004649162292480469,0.3,4.74891471862793,-0.005431212112307548,2480,0.008268323,8.001849341392518,0.0003,-1.309855318069458
-400.0,1106,10,2,2560,200.0,0.069921875,-0.004498004913330078,0.3,1.4491547346115112,-0.0067772923968732355,2490,0.026623804,4.321732877194881,0.0003,-1.2359305262565612
-398.57142857142856,1101,11,2,2816,200.0,0.01171875,-0.20992398262023926,0.3,5.595983505249023,-0.010420290718320757,2500,0.0070242593,10.578714966773987,0.0003,-1.4390435874462129
-398.6666666666667,1101,12,2,3072,200.0,0.03984375,0.10918086767196655,0.3,2.6469173431396484,-0.013542314805090428,2510,0.011303071,7.224747884273529,0.0003,-1.4406354188919068
-398.75,1103,13,3,3328,200.0,0.064453125,-0.004858732223510742,0.3,1.6249432563781738,-0.010157511802390218,2520,0.038904708,4.289552339911461,0.0003,-1.3805648684501648
-398.8235294117647,1103,14,3,3584,200.0,0.035546875,-0.03632521629333496,0.3,2.762467622756958,-0.003559398162178695,2530,0.01941982,4.394427028298378,0.0003,-1.3907154858112336
-398.94736842105266,1101,15,3,3840,200.0,0.090234375,0.032955706119537354,0.3,2.554990291595459,-0.01536758947186172,2540,0.03899803,4.233212614059449,0.0003,-1.2103828847408296
-399.0,1099,16,3,4096,200.0,0.0,0.047941505908966064,0.3,5.099799633026123,-0.0021048364229500293,2550,0.00314215,8.24085283279419,0.0003,-1.074361300468445
-399.04761904761904,1100,17,3,4352,200.0,0.01015625,0.024739742279052734,0.3,1.6698297262191772,-0.005157819204032421,2560,0.003990962,4.167447769641877,0.0003,-1.0655603229999542
-399.1304347826087,1102,18,4,4608,200.0,0.023828125,0.04977768659591675,0.3,1.6582839488983154,-0.005079091433435679,2570,0.017450945,4.199773940443992,0.0003,-0.9912751466035843
-399.1666666666667,1102,19,4,4864,200.0,0.0,0.029214859008789062,0.3,5.22463846206665,-0.000635057024192065,2580,0.0010979441,8.064203321933746,0.0003,-0.8641038477420807
-399.2,1101,20,4,5120,200.0,0.0,0.030073821544647217,0.3,2.7351629734039307,-0.004043597844429314,2590,0.008409139,4.19097512960434,0.0003,-0.8442978113889694
-399.2307692307692,1099,21,4,5376,200.0,0.00390625,0.0187075138092041,0.3,1.2007237672805786,-0.005057757394388318,2600,0.006708603,4.260874474048615,0.0003,-0.6671284019947052
-399.2857142857143,1098,22,5,5632,200.0,0.01484375,0.02706688642501831,0.3,3.337353467941284,-0.002932757744565606,2610,0.007363131,4.210500514507293,0.0003,-0.725948628783226
-399.3103448275862,1097,23,5,5888,200.0,0.0,0.0431056022644043,0.3,30.515371322631836,-0.0025571267236955465,2620,0.0011332238,60.125575637817384,0.0003,-0.7967844992876053
-399.3333333333333,1097,24,5,6144,200.0,0.0,0.011099755764007568,0.3,2.720790386199951,-0.0008679136401042343,2630,0.00040326477,4.368149590492249,0.0003,-0.702601182460785
-399.375,1096,25,5,6400,200.0,0.0,0.028284728527069092,0.3,1.8006843328475952,-0.004357252269983292,2640,0.006115944,4.217007134854794,0.0003,-0.6312634080648423
-399.3939393939394,1095,26,6,6656,200.0,0.0,0.010456621646881104,0.3,2.158480644226074,-0.000806102144997567,2650,0.0004899644,8.0388920545578,0.0003,-0.5093570306897164
-399.4117647058824,1096,27,6,6912,200.0,0.0,0.02680373191833496,0.3,0.61504727602005,-0.0016253759269602597,2660,0.0016610345,3.9950795412063598,0.0003,-0.5054703161120415
-399.42857142857144,1096,28,6,7168,200.0,0.0,0.12696945667266846,0.3,1.8968477249145508,1.918490743264556e-05,2670,7.059565e-05,3.399789634346962,0.0003,-0.5346367806196213
-398.1081081081081,1095,29,6,7424,200.0,0.0671875,0.00786292552947998,0.3,1.3339450359344482,-0.013676159549504519,2680,0.025833283,4.30777325630188,0.0003,-0.5904217928647995
-398.1578947368421,1094,30,7,7680,200.0,0.001171875,0.03564721345901489,0.3,12.29184627532959,-0.0018665885785594583,2690,0.0025881785,30.127429842948914,0.0003,-0.976007056236267
-398.20512820512823,1093,31,7,7936,200.0,0.0,0.11375248432159424,0.3,2.0923192501068115,-0.0009574555093422532,2700,0.0003874856,4.503814715147018,0.0003,-0.8263773053884507
-398.25,1092,32,7,8192,200.0,0.0359375,0.0396462082862854,0.3,2.1725401878356934,-0.006936114141717553,2710,0.011195648,4.1646090865135195,0.0003,-0.8120311945676804
-398.3333333333333,1091,33,7,8448,200.0,0.028125,0.04067552089691162,0.3,2.0010175704956055,-0.007326236506924033,2720,0.006230359,4.160698795318604,0.0003,-0.9665026366710663
-397.90697674418607,1090,34,7,8704,200.0,0.002734375,0.2635641098022461,0.3,2.2051281929016113,-0.007255450962111354,2730,0.0066431747,5.746786093711853,0.0003,-1.055884176492691
-396.8181818181818,1090,35,8,8960,200.0,0.03515625,0.1126091480255127,0.3,3.7953906059265137,-0.01019766490207985,2740,0.0146914255,8.831024122238158,0.0003,-1.2691151201725006
-396.30434782608694,1087,36,8,9216,200.0,0.0,0.14196527004241943,0.3,10.876424789428711,-0.0019375501200556756,2750,0.0010767698,25.622529125213624,0.0003,-1.303178209066391
-396.3829787234043,1087,37,8,9472,200.0,0.106640625,-0.06389725208282471,0.3,5.220129013061523,-0.018167379219084977,2760,0.016208215,13.541747522354125,0.0003,-1.5404318392276763
-396.4583333333333,1088,38,8,9728,200.0,0.023828125,0.03360593318939209,0.3,0.8987224102020264,-0.015504311211407185,2770,0.0061325626,4.315228891372681,0.0003,-1.317893487215042
-396.53061224489795,1087,39,9,9984,200.0,0.034375,0.010974586009979248,0.3,1.4642715454101562,-0.0075650654733181,2780,0.01546405,4.413461166620254,0.0003,-1.3146676898002625
-396.6666666666667,1086,40,9,10240,200.0,0.01171875,0.12002170085906982,0.3,0.9843544960021973,-0.003979457588866353,2790,0.0074842265,3.8508088111877443,0.0003,-1.3111273109912873
-400.0,1436,1,0,256,200.0,0.012890625,-0.007111549377441406,0.3,3.917268753051758,-0.0035245445324108005,2800,0.011458549,8.158474040031432,0.0003,-1.3687094748020172
-400.0,1235,2,0,512,200.0,0.000390625,0.0975944995880127,0.3,2.7835402488708496,-0.0014342605834826827,2410,0.0019413757,4.053480154275894,0.0003,-0.31335522383451464
-400.0,1178,3,0,768,200.0,0.0,0.21725213527679443,0.3,0.5862835645675659,0.00011038770899176597,2420,0.00058101,3.340480548143387,0.0003,-0.3570989653468132
-410.0,1144,4,0,1024,200.0,0.0,-0.31292831897735596,0.3,2.334245443344116,-0.0031025213189423083,2430,0.0020331447,5.3733849167823795,0.0003,-0.3036195129156113
-408.3333333333333,1133,5,1,1280,200.0,0.0,-0.8028494119644165,0.3,27.47834587097168,-0.0004922371823340655,2440,0.0003657348,188.38047142028807,0.0003,-0.26766681373119355
-407.14285714285717,1123,6,1,1536,200.0,0.0,0.1473860740661621,0.3,1.3783001899719238,-0.001524389674887061,2450,0.00200929,3.8663158655166625,0.0003,-0.2427500829100609
-406.25,1120,7,1,1792,200.0,0.0,0.005561888217926025,0.3,2.754422426223755,-0.0005090633872896433,2460,0.000303444,4.440742373466492,0.0003,-0.19958908408880233
-405.0,1106,8,1,2048,200.0,0.0,0.0467839241027832,0.3,1.8095353841781616,-6.628874689340591e-05,2470,2.968777e-05,4.014113175868988,0.0003,-0.1866162747144699
-404.54545454545456,1104,9,2,2304,200.0,0.0,0.07916134595870972,0.3,3.05887770652771,-2.066148445010185e-05,2480,7.7229924e-05,7.656926369667053,0.0003,-0.19269269555807114
-404.1666666666667,1104,10,2,2560,200.0,0.0,0.014916777610778809,0.3,1.4012545347213745,-0.0001412085723131895,2490,5.1036477e-05,4.972818195819855,0.0003,-0.18995377272367478
-403.57142857142856,1099,11,2,2816,200.0,0.0015625,0.014905571937561035,0.3,2.7658627033233643,-0.00031476018484681844,2500,0.00071005966,4.243112468719483,0.0003,-0.18566521406173705
-403.3333333333333,1099,12,2,3072,200.0,0.0,0.1151876449584961,0.3,5.305186748504639,-0.000573903857730329,2510,0.0001948243,7.944794487953186,0.0003,-0.1907698042690754
-403.125,1098,13,3,3328,200.0,0.0109375,0.05436509847640991,0.3,2.3033194541931152,-0.00896236109547317,2520,0.00507713,4.11928424835205,0.0003,-0.23459156602621078
-402.94117647058823,1098,14,3,3584,200.0,0.002734375,0.016943693161010742,0.3,0.7528682351112366,-0.00028895377181470394,2530,0.0021383653,4.277453657984734,0.0003,-0.3218887344002724
-408.42105263157896,1097,15,3,3840,200.0,0.0,-0.3711693286895752,0.3,40.9616813659668,-0.00032337689772248267,2540,0.00035515265,113.44898567199706,0.0003,-0.36876152008771895
-410.5,1096,16,3,4096,200.0,0.0,0.42622947692871094,0.3,2.0643060207366943,-0.00043533521238714457,2550,0.0004054366,5.337490737438202,0.0003,-0.3741158708930016
-413.8095238095238,1095,17,3,4352,200.0,0.001953125,0.027840912342071533,0.3,69.53526306152344,-0.00378322028554976,2560,0.0007055567,107.29163703918456,0.0003,-0.3372097879648209
-412.60869565217394,1095,18,4,4608,200.0,0.0,0.14790046215057373,0.3,1.538308024406433,-0.0013565373606979846,2570,0.0038303689,3.9214412331581117,0.0003,-0.3099220633506775
-413.75,1094,19,4,4864,200.0,0.0,0.0030121207237243652,0.3,2.3789358139038086,0.000503981625661254,2580,0.00031489716,8.725913596153259,0.0003,-0.25748974829912186
-413.2,1094,20,4,5120,200.0,0.001171875,0.07539582252502441,0.3,53.925575256347656,-0.004358887043781579,2590,0.0022505883,95.45095901489258,0.0003,-0.3088760018348694
-412.6923076923077,1093,21,4,5376,200.0,0.0046875,0.024423718452453613,0.3,2.300025224685669,-0.0011027764528989791,2600,0.0021358826,4.236005356907844,0.0003,-0.3461332589387894
-411.7857142857143,1092,22,5,5632,200.0,0.0,0.11586761474609375,0.3,2.153174638748169,-0.0008243382442742586,2610,0.0006996135,3.9663133680820466,0.0003,-0.37759381234645845
-411.37931034482756,1093,23,5,5888,200.0,0.03125,0.2190069556236267,0.3,2.605196714401245,0.0005195755045861005,2620,0.0055310344,6.285358029603958,0.0003,-0.4741073861718178
-411.0,1094,24,5,6144,200.0,0.01328125,-0.06400632858276367,0.3,2.0099310874938965,-0.008384789200499653,2630,0.009032365,5.1344504117965695,0.0003,-0.5453614711761474
-410.3125,1093,25,5,6400,200.0,0.001171875,0.025027751922607422,0.3,3.0354769229888916,0.0005060933995991945,2640,0.0026020003,4.240698128938675,0.0003,-0.6888347685337066
-410.0,1090,26,6,6656,200.0,0.070703125,0.07169312238693237,0.3,3.496987819671631,-0.003117187833413482,2650,0.013515541,7.821655058860779,0.0003,-0.7327784270048141
-409.70588235294116,1089,27,6,6912,200.0,0.188671875,0.05514484643936157,0.3,1.3281539678573608,-0.019471121951937675,2660,0.06965235,4.137436419725418,0.0003,-0.6097992330789566
-409.42857142857144,1088,28,6,7168,200.0,0.044921875,0.02218496799468994,0.3,1.1855735778808594,-0.00225281345192343,2670,0.013053985,4.258047968149185,0.0003,-0.557546865940094
-408.9189189189189,1087,29,6,7424,200.0,0.053125,0.03995394706726074,0.3,3.053199052810669,-0.005311667267233133,2680,0.022677,4.232857796549797,0.0003,-0.6721203625202179
-408.6842105263158,1086,30,7,7680,200.0,0.0796875,0.05149686336517334,0.3,3.5351691246032715,-0.01110349022783339,2690,0.031356417,7.893593907356262,0.0003,-0.778857609629631
-410.0,1085,31,7,7936,200.0,0.00078125,0.06043344736099243,0.3,2.400958776473999,0.000356090278364718,2700,0.000654218,4.130128955841064,0.0003,-0.8428171008825303
-409.75,1087,32,7,8192,200.0,0.0015625,0.08175855875015259,0.3,17.99078369140625,-0.005969449132680893,2710,0.0013133171,58.45715627670288,0.0003,-0.8239532142877579
-409.2857142857143,1088,33,7,8448,200.0,0.01640625,-0.0010074377059936523,0.3,1.2800213098526,-0.005978906876407564,2720,0.019261818,4.328621119260788,0.0003,-0.8258774638175964
-409.06976744186045,1088,34,7,8704,200.0,0.0,0.030988335609436035,0.3,4.452090740203857,0.00029161018319427966,2730,0.0012432819,8.023280429840089,0.0003,-0.7833673864603042
-408.8636363636364,1088,35,8,8960,200.0,0.0,0.006410181522369385,0.3,1.5177984237670898,-0.0016194343334063888,2740,0.017180141,4.317914247512817,0.0003,-0.8149919897317887
-408.4782608695652,1088,36,8,9216,200.0,0.0,0.04126232862472534,0.3,2.5465891361236572,-0.003897981881164014,2750,0.023962565,4.224693785607815,0.0003,-0.8064866572618484
-408.29787234042556,1087,37,8,9472,200.0,0.004296875,0.01338726282119751,0.3,3.8281641006469727,-0.0032079019118100406,2760,0.009780651,8.180101317167281,0.0003,-0.7506850153207779
-407.5,1086,38,8,9728,200.0,0.0,0.023984134197235107,0.3,1.971500277519226,-0.0009391678031533957,2770,0.0020830478,4.241368734836579,0.0003,-0.7332343906164169
-407.3469387755102,1084,39,9,9984,200.0,0.004296875,0.1922285556793213,0.3,14.90224838256836,-0.0029400810599327087,2780,0.0028578297,26.03135814666748,0.0003,-0.7100763291120529
-406.47058823529414,1083,40,9,10240,200.0,0.001953125,0.02033132314682007,0.3,2.3498525619506836,-0.0004955323878675699,2790,0.002808229,4.1878858506679535,0.0003,-0.7182203382253647
-390.0,1435,1,0,256,200.0,0.0015625,0.33624279499053955,0.3,6.389830112457275,-0.008144411002285778,2800,0.0035972921,17.54286217689514,0.0003,-0.7469019711017608
-395.0,1227,2,0,512,200.0,0.0390625,0.1112479567527771,0.3,5.3854660987854,-0.013295477069914342,2810,0.00880635,9.165735161304474,0.0003,-1.4197492897510529
-396.6666666666667,1169,3,0,768,200.0,0.098828125,0.06342566013336182,0.3,2.855801820755005,-0.01352887072134763,2820,0.049316708,4.023177015781402,0.0003,-1.242340898513794
-394.0,1132,4,0,1024,200.0,0.005078125,0.04540610313415527,0.3,3.1915230751037598,-0.005292143346741796,2830,0.0056838,4.321797800064087,0.0003,-1.230362606048584
-395.0,1107,5,1,1280,200.0,0.006640625,0.15121853351593018,0.3,4.399385452270508,-0.009623102680779993,2840,0.0056590345,9.974966502189636,0.0003,-1.1484774887561797
-395.7142857142857,1099,6,1,1536,200.0,0.060546875,-0.022098779678344727,0.3,1.6728053092956543,-0.011831279844045639,2850,0.016803417,4.33539143204689,0.0003,-1.1789786040782928
-396.25,1095,7,1,1792,200.0,0.016796875,0.05621159076690674,0.3,2.253237009048462,-0.0007564052939414978,2860,0.022513526,4.128655850887299,0.0003,-1.2132256984710694
-397.0,1091,8,1,2048,200.0,0.00390625,0.21569150686264038,0.3,8.639202117919922,-0.00024392118211835623,2870,0.0014756769,15.60846209526062,0.0003,-1.2174388289451599
-397.27272727272725,1093,9,2,2304,200.0,0.006640625,0.03218424320220947,0.3,33.550498962402344,-0.01022853043396026,2880,0.004916398,45.155911922454834,0.0003,-1.3115813314914704
-395.8333333333333,1093,10,2,2560,200.0,0.05,0.07745754718780518,0.3,0.7889813184738159,-0.005572992423549294,2890,0.03242236,3.864957922697067,0.0003,-1.3319558560848237
-396.42857142857144,1091,11,2,2816,200.0,0.0015625,-0.14308631420135498,0.3,4.082813739776611,-0.00570652618771419,2900,0.0048115393,9.193156504631043,0.0003,-1.2205626904964446
-396.6666666666667,1092,12,2,3072,200.0,0.0,0.10072249174118042,0.3,3.1574954986572266,-0.005469541973434388,2910,0.0071810493,7.966965365409851,0.0003,-1.275896281003952
-396.875,1087,13,3,3328,200.0,0.001171875,0.3112441301345825,0.3,2.0210459232330322,-0.001299635786563158,2920,0.0055905893,3.0220003008842466,0.0003,-1.2263775169849396
-397.05882352941177,1087,14,3,3584,200.0,0.0171875,0.30474311113357544,0.3,0.27642205357551575,-0.008213308709673583,2930,0.018204568,3.2712069749832153,0.0003,-1.2352627873420716
-397.36842105263156,1085,15,3,3840,200.0,0.009375,0.06946861743927002,0.3,3.3564040660858154,0.00083659787196666,2940,0.009954505,4.053222519159317,0.0003,-1.4527785718441009
-400.0,1084,16,3,4096,200.0,0.005859375,0.057026565074920654,0.3,4.051127910614014,-0.0020991801284253597,2950,0.008753883,7.783236861228943,0.0003,-1.471675407886505
-402.3809523809524,1086,17,4,4352,200.0,0.004296875,-0.011774539947509766,0.3,35.721683502197266,-0.002130983071401715,2960,0.004522121,76.99139471054077,0.0003,-1.524474424123764
-404.3478260869565,1087,18,4,4608,200.0,0.009765625,-0.06208455562591553,0.3,14.589923858642578,-0.013008418679237365,2970,0.008748002,41.410083866119386,0.0003,-1.453048402070999
-404.1666666666667,1087,19,4,4864,200.0,0.0109375,0.17452770471572876,0.3,35.96022415161133,-0.00893746893852949,2980,0.012852181,53.67369213104248,0.0003,-1.4695810556411744
-404.0,1087,20,4,5120,200.0,0.00625,0.30616891384124756,0.3,0.8048918843269348,-0.0064669475890696045,2990,0.0024456794,3.14348304271698,0.0003,-1.2650947153568268
-403.84615384615387,1088,21,4,5376,200.0,0.007421875,-0.008836507797241211,0.3,3.870164394378662,-0.0023533386643975972,3000,0.010850358,4.681595722585916,0.0003,-1.4178928434848785
-403.57142857142856,1088,22,5,5632,200.0,0.051171875,0.011247038841247559,0.3,1.8325337171554565,-0.006727935723029077,3010,0.01410923,4.398129802942276,0.0003,-1.575388365983963
-403.44827586206895,1089,23,5,5888,200.0,0.09375,-0.00344240665435791,0.3,3.3399951457977295,-0.012738332035951316,3020,0.05240361,7.702493596076965,0.0003,-1.762511944770813
-405.0,1089,24,5,6144,200.0,0.019921875,-0.023775100708007812,0.3,21.3349666595459,-0.009101073048077524,3030,0.0103353355,41.26708884239197,0.0003,-1.6675265192985536
-409.375,1089,25,5,6400,200.0,0.03828125,-0.00035822391510009766,0.3,1.438049554824829,-0.004879586887545884,3040,0.015501259,4.855390202999115,0.0003,-1.662311953306198
-409.09090909090907,1089,26,6,6656,200.0,0.00390625,-0.0006940364837646484,0.3,54.49287414550781,-0.0051244004745967684,3050,0.0036196366,118.08991603851318,0.0003,-1.6890015363693238
-413.2352941176471,1088,27,6,6912,200.0,0.046484375,0.0001614093780517578,0.3,3.993988037109375,-0.014945449191145599,3060,0.020382755,4.826085656881332,0.0003,-1.832733392715454
-412.85714285714283,1088,28,6,7168,200.0,0.017578125,-8.237361907958984e-05,0.3,61.74797058105469,-0.010245226882398128,3070,0.0061505847,104.67505531311035,0.0003,-1.8324153184890748
-414.86486486486484,1088,29,6,7424,200.0,0.0078125,-6.198883056640625e-06,0.3,17.74588966369629,-0.0094657743582502,3080,0.004948806,40.60852336883545,0.0003,-1.781224149465561
-417.10526315789474,1088,30,7,7680,200.0,0.073828125,0.000544130802154541,0.3,15.01247787475586,-0.023145867697894573,3090,0.030531714,45.65184059143066,0.0003,-1.8694443643093108
-417.94871794871796,1087,31,7,7936,200.0,0.01015625,-0.00019240379333496094,0.3,59.46150207519531,-0.011813999386504292,3100,0.010021269,110.74297523498535,0.0003,-1.7986458957195282
-418.75,1087,32,7,8192,200.0,0.00625,-0.0017760992050170898,0.3,2.1045780181884766,-0.009021035884507,3110,0.005217412,5.988826787471771,0.0003,-1.7546611070632934
-417.85714285714283,1087,33,7,8448,200.0,0.171875,-0.00028002262115478516,0.3,24.745742797851562,-0.02730613467283547,3120,0.062991634,37.54054946899414,0.0003,-1.9137386322021483
-417.4418604651163,1087,34,8,8704,200.0,0.010546875,0.1405564546585083,0.3,2.540504217147827,-0.0098072204971686,3130,0.0069271363,8.764605581760406,0.0003,-1.9283177077770233
-417.04545454545456,1087,35,8,8960,200.0,0.021484375,0.18111878633499146,0.3,0.639672040939331,-0.0085567113943398,3140,0.015528129,3.7763885229825975,0.0003,-1.883420366048813
-416.30434782608694,1087,36,8,9216,200.0,0.063671875,-0.25222694873809814,0.3,2.179375648498535,-0.01285048802383244,3150,0.026013423,5.044313740730286,0.0003,-1.955450713634491
-415.9574468085106,1087,37,8,9472,200.0,0.0203125,0.14085209369659424,0.3,3.999630928039551,-0.01068644248880446,3160,0.010553755,7.5469278454780575,0.0003,-1.9034916937351227
-412.5,1086,38,8,9728,200.0,0.01953125,0.019054830074310303,0.3,16.926965713500977,-0.005199411022476852,3170,0.010071514,40.43223128318787,0.0003,-1.8020092844963074
-412.2448979591837,1085,39,9,9984,200.0,0.0,0.06258225440979004,0.3,292.9577331542969,-0.0013743139686994254,3180,0.0003574714,556.8164817810059,0.0003,-1.8051024496555328
-411.7647058823529,1085,40,9,10240,200.0,0.000390625,-0.3157569169998169,0.3,2.7556958198547363,-0.006907548871822655,3190,0.0047327494,4.9272493600845335,0.0003,-1.6968765318393708
-400.0,1414,1,0,256,200.0,0.0,0.015428364276885986,0.3,13.472451210021973,-0.00538125701714307,3200,0.0021012928,44.734974002838136,0.0003,-1.6507615745067596
-400.0,1235,2,0,512,200.0,0.0,0.23201262950897217,0.3,1.3283933401107788,0.0005250174086540938,2810,0.00046782917,4.212233370542526,0.0003,-0.772757089138031
-400.0,1181,3,0,768,200.0,0.0,-0.06074953079223633,0.3,2.4213225841522217,-0.0006571145146153867,2820,0.0011023851,4.69878122806549,0.0003,-0.7743587106466293
-400.0,1149,4,0,1024,200.0,0.00234375,-0.12251389026641846,0.3,2.123547077178955,-0.0059148826636374,2830,0.002911402,4.521978855133057,0.0003,-0.757776540517807
-413.3333333333333,1141,5,1,1280,200.0,0.0,0.07869982719421387,0.3,4.2552385330200195,-0.00042713787406682967,2840,0.0007851196,7.685151195526123,0.0003,-0.7670948773622512
-411.42857142857144,1132,6,1,1536,200.0,0.0015625,-0.04791069030761719,0.3,20.876256942749023,-0.0017694759648293258,2850,0.0010564269,41.31714305877686,0.0003,-0.7987256556749344
-410.0,1127,7,1,1792,200.0,0.006640625,-0.00654757022857666,0.3,2.7094223499298096,-0.003558151645120233,2860,0.0036366608,4.434471529722214,0.0003,-0.8115728437900543
-415.0,1120,8,1,2048,200.0,0.036328125,0.14383792877197266,0.3,2.005762815475464,-0.011912943981587886,2870,0.03571888,3.7995549559593202,0.0003,-0.9985287517309189
-413.6363636363636,1116,9,2,2304,200.0,0.0,-0.20194458961486816,0.3,25.717195510864258,0.0015447926940396427,2880,0.00032513845,58.60542640686035,0.0003,-1.1164565086364746
-417.5,1116,10,2,2560,200.0,0.00859375,0.017645061016082764,0.3,47.856990814208984,-0.01167240662034601,2890,0.009058803,58.73087997436524,0.0003,-1.1157784461975098
-417.85714285714283,1116,11,2,2816,200.0,0.00546875,0.09166300296783447,0.3,3.3771591186523438,-0.011556989490054547,2900,0.01938536,9.49123785495758,0.0003,-1.1666191816329956
-418.0,1116,12,2,3072,200.0,0.001171875,0.04814702272415161,0.3,3.970648765563965,-0.0011259965831413865,2910,0.0011498646,9.973406958580018,0.0003,-1.1749176859855652
-416.875,1114,13,2,3328,200.0,0.005078125,0.05685591697692871,0.3,6.633610248565674,-0.011483902961481362,2920,0.013851327,9.479964399337769,0.0003,-1.1035251021385193
-415.88235294117646,1112,14,3,3584,200.0,0.0,0.2911282181739807,0.3,0.564202606678009,-5.3877977188676594e-05,2930,0.00097652315,3.1693809270858764,0.0003,-1.0476165771484376
-415.2631578947368,1112,15,3,3840,200.0,0.02890625,0.008398592472076416,0.3,2.159902334213257,-0.0033377012237906455,2940,0.015648585,4.549807929992676,0.0003,-1.056886887550354
-415.0,1109,16,3,4096,200.0,0.020703125,0.1333330273628235,0.3,5.7875189781188965,-0.012005835527088494,2950,0.012927622,12.29540729522705,0.0003,-1.0417196929454804
-414.2857142857143,1109,17,3,4352,200.0,0.00078125,-0.12818825244903564,0.3,5.079911708831787,-0.003834075853228569,2960,0.0035495632,15.62181077003479,0.0003,-1.0048120737075805
-415.2173913043478,1104,18,4,4608,200.0,0.0,-1.0855135917663574,0.3,28.06221580505371,-0.0010201601777225732,2970,0.0006618346,65.96769371032715,0.0003,-1.0038499265909195
-414.5833333333333,1103,19,4,4864,200.0,0.0,0.12939780950546265,0.3,4.981791019439697,-0.0014554152265191078,2980,0.0020301638,7.444550704956055,0.0003,-1.0128617644309998
-414.0,1104,20,4,5120,200.0,0.001953125,0.00640261173248291,0.3,3.6808133125305176,-0.002715665497817099,2990,0.0063768355,4.357647091150284,0.0003,-0.9948734283447266
-415.0,1105,21,4,5376,200.0,0.00546875,-0.014329195022583008,0.3,11.00198745727539,-0.007773196371272206,3000,0.0062948097,16.461312079429625,0.0003,-0.9291875690221787
-413.92857142857144,1106,22,5,5632,200.0,0.00625,0.004383087158203125,0.3,2.9320602416992188,-0.0109988943208009,3010,0.024102367,4.613609540462494,0.0003,-0.9198955297470093
-413.44827586206895,1105,23,5,5888,200.0,0.00390625,0.0060307979583740234,0.3,4.010537147521973,0.0008385482244193554,3020,0.009230128,8.215897965431214,0.0003,-0.922452425956726
-413.0,1103,24,5,6144,200.0,0.0578125,-0.017158031463623047,0.3,3.501007080078125,-0.010004237061366439,3030,0.034703568,4.350683665275573,0.0003,-0.8961918026208877
-414.0625,1104,25,5,6400,200.0,0.0,-0.06839799880981445,0.3,17.466150283813477,0.0006743487203493715,3040,0.0028601212,47.96323184967041,0.0003,-0.8339982062578202
-415.1515151515151,1102,26,6,6656,200.0,0.0,0.11445736885070801,0.3,3.4128577709198,-0.0014088882599025965,3050,0.001189709,7.622438907623291,0.0003,-0.8186035841703415
-414.70588235294116,1102,27,6,6912,200.0,0.0,0.0008859634399414062,0.3,25.038984298706055,-0.0012335325824096798,3060,0.0011650443,29.417076063156127,0.0003,-0.7592145174741745
-414.2857142857143,1100,28,6,7168,200.0,0.0,0.0016708970069885254,0.3,2.4597532749176025,-0.0009334380738437176,3070,0.0014521717,4.593205618858337,0.0003,-0.7513583660125732
-414.86486486486484,1094,29,6,7424,200.0,0.001953125,0.0038950443267822266,0.3,25.49888801574707,-0.003306292206980288,3080,0.0016376337,70.89175491333008,0.0003,-0.8090810120105744
-414.4736842105263,1093,30,7,7680,200.0,0.003125,0.004010200500488281,0.3,4.076711654663086,-0.005443460028618574,3090,0.0033598703,8.800284099578857,0.0003,-0.8087078213691712
-414.1025641025641,1093,31,7,7936,200.0,0.00625,-0.0008665323257446289,0.3,3.262669086456299,-0.0015792602906003594,3100,0.0034408586,4.398324959725142,0.0003,-0.8396889418363571
-415.0,1092,32,7,8192,200.0,0.03125,-0.001338362693786621,0.3,2.1788222789764404,-0.00766187310218811,3110,0.016505685,4.377600789070129,0.0003,-0.7745504975318909
-415.4761904761905,1092,33,7,8448,200.0,0.000390625,0.07059335708618164,0.3,36.55408477783203,-0.0013391814660280942,3120,0.0030308976,97.83426418304444,0.0003,-0.7102451145648956
-415.1162790697674,1093,34,7,8704,200.0,0.0,0.13549810647964478,0.3,4.281684398651123,-0.0011751641519367694,3130,0.00070564426,7.245974814891815,0.0003,-0.6910156816244125
-414.77272727272725,1092,35,8,8960,200.0,0.0,-0.001590728759765625,0.3,1.8736493587493896,-0.0008384937420487404,3140,0.001599577,4.380891042947769,0.0003,-0.6672836422920227
-415.2173913043478,1092,36,8,9216,200.0,0.045703125,0.03507810831069946,0.3,1.2850197553634644,-0.006519644847139716,3150,0.01829803,4.192537429928779,0.0003,-0.6445917636156082
-415.531914893617,1091,37,8,9472,200.0,0.0,-0.016308307647705078,0.3,12.40615177154541,-0.0017287230119109153,3160,0.0018557077,41.3447829246521,0.0003,-0.7060405433177948
-415.2083333333333,1091,38,8,9728,200.0,0.036328125,-0.006384491920471191,0.3,9.35584831237793,-0.014285668963566422,3170,0.015786234,17.589578199386597,0.0003,-0.5904483914375305
-414.8979591836735,1091,39,9,9984,200.0,0.0,5.996227264404297e-05,0.3,2.7371106147766113,-3.208849811926484e-05,3180,4.1604275e-05,4.906488204002381,0.0003,-0.5244146704673767
-414.3137254901961,1091,40,9,10240,200.0,0.0125,-0.01624763011932373,0.3,1.2714482545852661,-0.0033410008531063796,3190,0.0062430217,4.621685603260994,0.0003,-0.5495262742042542
-400.0,1436,1,0,256,200.0,0.0,0.04138338565826416,0.3,3.750579833984375,-0.0006134031573310494,3200,0.0018192381,8.206247425079345,0.0003,-0.6135172545909882
-400.0,1237,2,0,512,200.0,0.00078125,-1.769622564315796,0.3,1.6094545125961304,-0.00038312491960823536,3210,0.0019935896,10.540386736392975,0.0003,-1.712627500295639
-400.0,1196,3,0,768,200.0,0.01015625,0.10210788249969482,0.3,0.8145846128463745,-0.008897453919053078,3220,0.018594125,3.47660910487175,0.0003,-1.7732714474201203
-400.0,1167,4,0,1024,200.0,0.00625,0.10216891765594482,0.3,0.717836856842041,-0.009723571129143238,3230,0.0068440847,3.1828551471233366,0.0003,-1.754545158147812
-400.0,1148,5,1,1280,200.0,0.0046875,0.046537697315216064,0.3,4.987135410308838,-0.009199700877070427,3240,0.007628181,8.088625955581666,0.0003,-1.8167936682701111
-400.0,1139,6,1,1536,200.0,0.03515625,0.04676187038421631,0.3,1.053255319595337,-0.002597005304414779,3250,0.014892182,4.130438983440399,0.0003,-1.7211297571659088
-400.0,1134,7,1,1792,200.0,0.217578125,-0.009169936180114746,0.3,1.4479888677597046,-0.008697154559195041,3260,0.049229134,4.339102166891098,0.0003,-1.6974607586860657
-400.0,1133,8,1,2048,200.0,0.0796875,0.06600689888000488,0.3,1.7104955911636353,-0.01306526642292738,3270,0.03159785,4.083565974235535,0.0003,-1.5648942112922668
-400.0,1123,9,2,2304,200.0,0.012109375,-0.0067566633224487305,0.3,3.9171764850616455,-0.004766726493835449,3280,0.009187868,8.317930316925048,0.0003,-1.466108065843582
-400.0,1115,10,2,2560,200.0,0.0,0.003218233585357666,0.3,0.1322864592075348,-0.0020636954461224375,3290,0.008125638,4.3093367397785185,0.0003,-1.4295529305934906
-400.0,1115,11,2,2816,200.0,0.0,0.0543554425239563,0.3,0.8566110134124756,-9.641074575483799e-06,3300,0.001890202,4.008468797802925,0.0003,-1.3258460462093353
-400.0,1117,12,2,3072,200.0,0.0,-0.007148385047912598,0.3,3.7856945991516113,0.00012597362510859966,3310,0.001624505,8.648708367347718,0.0003,-1.3221740305423737
-400.0,1113,13,2,3328,200.0,0.0,0.015855252742767334,0.3,0.7022379040718079,-0.0049535393249243494,3320,0.014795186,4.244741576910019,0.0003,-1.2936505019664764
-400.0,1113,14,3,3584,200.0,0.025390625,7.450580596923828e-06,0.3,2.088714838027954,-0.006960201030597091,3330,0.01715397,4.34513151049614,0.0003,-1.3096648693084716
-400.0,1107,15,3,3840,200.0,0.05703125,0.003713667392730713,0.3,2.0336432456970215,-0.006511357869021595,3340,0.043643445,4.328899598121643,0.0003,-1.2543469488620758
-400.0,1111,16,3,4096,200.0,0.0015625,-0.03490030765533447,0.3,3.9926533699035645,-0.003738429071381688,3350,0.0061269426,8.673740315437318,0.0003,-1.240562802553177
-400.0,1106,17,3,4352,200.0,0.039453125,0.07283562421798706,0.3,2.062490224838257,-0.008129596267826856,3360,0.01684061,3.8675253033638,0.0003,-1.2685862600803375
-400.0,1106,18,4,4608,200.0,0.0,0.056761205196380615,0.3,1.8581132888793945,-0.010088108200579881,3370,0.035107847,4.151845228672028,0.0003,-1.371893149614334
-400.0,1105,19,4,4864,200.0,0.005859375,-0.00231325626373291,0.3,4.96129035949707,-0.009389357501640916,3380,0.013086823,8.703909754753113,0.0003,-1.454193764925003
-400.0,1103,20,4,5120,200.0,0.058984375,0.018830180168151855,0.3,3.6289315223693848,-0.014907886460423469,3390,0.032787398,4.319244784116745,0.0003,-1.4843843221664428
-400.0,1102,21,4,5376,200.0,0.150390625,0.056102454662323,0.3,3.1578564643859863,-0.014077881234697998,3400,0.060669985,4.08869760632515,0.0003,-1.4991326749324798
-400.0,1102,22,5,5632,200.0,0.0109375,0.1189236044883728,0.3,1.0697263479232788,-0.0036287444876506925,3410,0.010489815,3.9039456486701964,0.0003,-1.456238454580307
-400.0,1103,23,5,5888,200.0,0.0015625,-2.3245811462402344e-05,0.3,3.6929495334625244,-0.004419057606719434,3420,0.016423784,8.706126761436462,0.0003,-1.3713240563869475
-400.0,1104,24,5,6144,200.0,0.028515625,0.0003606081008911133,0.3,2.186077833175659,-0.01002222802489996,3430,0.012645391,4.328938007354736,0.0003,-1.3936708390712738
-401.5625,1102,25,5,6400,200.0,0.06015625,-0.0021229982376098633,0.3,3.7210049629211426,-0.012272044946439565,3440,0.0256967,4.341366386413574,0.0003,-1.4908501565456391
-401.5151515151515,1103,26,6,6656,200.0,0.001171875,0.022210240364074707,0.3,25.775014877319336,-0.014256502292118967,3450,0.0128300795,45.3270980834961,0.0003,-1.3897527754306793
-401.47058823529414,1102,27,6,6912,200.0,0.0015625,-0.0013895034790039062,0.3,0.9512302875518799,-0.003429054655134678,3460,0.002789496,4.4596221327781675,0.0003,-1.3347109854221344
-401.42857142857144,1100,28,6,7168,200.0,0.02421875,-0.01545095443725586,0.3,2.094413995742798,-0.008150006388314068,3470,0.02180221,4.412616240978241,0.0003,-1.4163946509361267
-401.35135135135135,1102,29,6,7424,200.0,0.009375,0.010229647159576416,0.3,2.2142159938812256,-0.0068448023870587345,3480,0.008275436,4.275385326147079,0.0003,-1.3959462821483613
-401.3157894736842,1101,30,6,7680,200.0,0.003515625,-0.09584653377532959,0.3,3.01908016204834,-0.006247967854142189,3490,0.00852565,8.194794034957885,0.0003,-1.3629069685935975
-401.28205128205127,1101,31,7,7936,200.0,0.0125,0.00045245885848999023,0.3,1.682593584060669,-0.012641383474692703,3500,0.025064245,4.406505298614502,0.0003,-1.23622527718544
-401.25,1102,32,7,8192,200.0,0.01796875,0.0011200308799743652,0.3,0.9282252788543701,-0.007366180932149291,3510,0.014078221,4.30073127746582,0.0003,-1.0983703851699829
-401.1904761904762,1103,33,7,8448,200.0,0.003125,0.0014125704765319824,0.3,2.9329066276550293,-0.0020383242983371018,3520,0.004255739,4.33531938791275,0.0003,-1.0297832548618318
-401.16279069767444,1101,34,7,8704,200.0,0.0,-0.002360105514526367,0.3,4.935847282409668,-0.0009954067645594478,3530,0.0009259796,8.184813511371612,0.0003,-0.9683021247386933
-401.1363636363636,1101,35,8,8960,200.0,0.0,0.0009297728538513184,0.3,2.7188870906829834,-0.004228648263961077,3540,0.008599432,4.333344215154648,0.0003,-0.9440576791763305
-401.0869565217391,1101,36,8,9216,200.0,0.0,-0.0009975433349609375,0.3,1.4853806495666504,-0.0049492150079458955,3550,0.0072223945,4.336957141757011,0.0003,-0.7902786523103714
-401.06382978723406,1102,37,8,9472,200.0,0.0,0.0008485913276672363,0.3,5.2300004959106445,-0.0015207382384687662,3560,0.0028726773,8.34827094078064,0.0003,-0.7727021813392639
-401.0416666666667,1098,38,8,9728,200.0,0.00859375,0.0005436539649963379,0.3,1.9208800792694092,-0.0077971808146685365,3570,0.0051248367,4.339075118303299,0.0003,-0.6885787695646286
-401.0204081632653,1098,39,9,9984,200.0,0.020703125,0.0026972293853759766,0.3,0.4965810775756836,-0.0035110654775053264,3580,0.0033402385,4.305053973197937,0.0003,-0.7173242658376694
-400.98039215686276,1098,40,9,10240,200.0,0.00078125,0.009910523891448975,0.3,1.8042560815811157,-0.004313881974667311,3590,0.0064409385,4.264106905460357,0.0003,-0.629165780544281
-400.0,1465,1,0,256,200.0,0.009375,-0.023555397987365723,0.3,3.5625739097595215,-0.0031646103598177433,3600,0.0067744004,8.483840274810792,0.0003,-0.5828627228736878
-400.0,1305,2,0,512,200.0,0.006640625,-0.010661482810974121,0.3,2.2295923233032227,-0.005090444581583142,3210,0.0038474863,4.37493588924408,0.0003,-0.6883161634206771
-400.0,1207,3,0,768,200.0,0.068359375,-0.0017021894454956055,0.3,0.4668145775794983,-0.008769200975075364,3220,0.022942057,4.351286810636521,0.0003,-0.8019178718328476
-400.0,1180,4,0,1024,200.0,0.13046875,0.007536590099334717,0.3,2.5535123348236084,-0.007119278097525239,3230,0.03630066,4.249619132280349,0.0003,-0.9019579201936722
-400.0,1167,5,1,1280,200.0,0.0,0.00728452205657959,0.3,3.742125988006592,-0.0009066000115126371,3240,0.0008512761,8.042536211013793,0.0003,-0.9074231028556824
-400.0,1159,6,1,1536,200.0,0.019140625,0.0571475625038147,0.3,2.1959965229034424,-0.007836752664297819,3250,0.031315785,4.084744238853455,0.0003,-0.8594300359487533
-400.0,1160,7,1,1792,200.0,0.04765625,0.05955713987350464,0.3,3.187626838684082,-0.005566913029178977,3260,0.034334943,4.110111987590789,0.0003,-0.7976582854986191
-400.0,1152,8,1,2048,200.0,0.0,-0.2922481298446655,0.3,2.493863582611084,0.0021491257240995763,3270,0.007777335,5.090551495552063,0.0003,-0.8862100809812545
-400.0,1144,9,2,2304,200.0,0.0,0.05758601427078247,0.3,3.043668746948242,-0.0006790930405259132,3280,0.0004221988,7.795147252082825,0.0003,-0.9052460134029389
-400.0,1131,10,2,2560,200.0,0.0,0.00030994415283203125,0.3,1.8420320749282837,-0.00017046332359313965,3290,0.00067137415,4.341362404823303,0.0003,-0.9085198014974594
-400.0,1129,11,2,2816,200.0,0.0,0.008737742900848389,0.3,2.0777721405029297,-0.0013658739626407623,3300,0.0039365403,4.304766416549683,0.0003,-0.8827070653438568
-400.0,1125,12,2,3072,200.0,0.0,0.018131911754608154,0.3,4.063012599945068,-0.004717216896824539,3310,0.016619021,8.08375804424286,0.0003,-0.8471892416477204
-400.0,1130,13,2,3328,200.0,0.0,0.13593190908432007,0.3,2.204730749130249,-0.0008993113762699068,3320,0.0039778315,3.7612962067127227,0.0003,-0.8022663742303848
-400.0,1123,14,3,3584,200.0,0.0,-0.07785296440124512,0.3,1.5891402959823608,-9.452234953641892e-05,3330,0.0013191868,4.452598261833191,0.0003,-0.7896220237016678
-400.0,1121,15,3,3840,200.0,0.07109375,-0.0031969547271728516,0.3,2.79728102684021,-0.012396634090691805,3340,0.04330613,4.384619724750519,0.0003,-0.7738567650318146
-400.0,1118,16,3,4096,200.0,0.0,-0.0003317594528198242,0.3,2.6748952865600586,-0.003715615114197135,3350,0.010523664,8.4054265499115,0.0003,-0.6344772100448608
-400.0,1115,17,3,4352,200.0,0.0,0.01512378454208374,0.3,1.122904658317566,-0.0015734807588160039,3360,0.0023225965,4.301152837276459,0.0003,-0.5683092176914215
-400.0,1116,18,4,4608,200.0,0.0,0.0029560327529907227,0.3,2.1989948749542236,-0.0007269767578691244,3370,0.0010929501,4.284862899780274,0.0003,-0.515301688015461
-400.0,1110,19,4,4864,200.0,0.0,0.017887771129608154,0.3,2.3868050575256348,-0.0018103475566022098,3380,0.0011507983,8.06468687057495,0.0003,-0.47699999511241914
-400.0,1108,20,4,5120,200.0,0.0,0.10934180021286011,0.3,1.2065391540527344,-0.0022766079753637316,3390,0.0034973067,3.880621337890625,0.0003,-0.4385132357478142
-400.0,1109,21,4,5376,200.0,0.0,-0.08203458786010742,0.3,2.2334818840026855,-0.0013838237384334207,3400,0.0010196599,4.540933358669281,0.0003,-0.38563755601644517
-400.0,1106,22,5,5632,200.0,0.0,-0.0016776323318481445,0.3,3.8460118770599365,-0.00010819281451404094,3410,4.1902065e-05,4.395584207773209,0.0003,-0.36697303503751755
-400.0,1106,23,5,5888,200.0,0.0,0.023701965808868408,0.3,2.240753412246704,-0.0004379855003207922,3420,0.00024404936,7.993622756004333,0.0003,-0.3649406135082245
-400.0,1106,24,5,6144,200.0,0.0,0.09270679950714111,0.3,0.7553942203521729,-0.000615976785775274,3430,0.0002990351,4.043335866928101,0.0003,-0.33965058624744415
-400.0,1106,25,5,6400,200.0,0.0,-0.16541504859924316,0.3,0.8457841873168945,-1.4372734585776926e-05,3440,3.150897e-06,4.778833836317062,0.0003,-0.3261185273528099
-400.0,1106,26,6,6656,200.0,0.0,0.0033592581748962402,0.3,5.257073879241943,-9.841544087976217e-05,3450,0.00011538551,8.559108126163483,0.0003,-0.3325015053153038
-400.0,1105,27,6,6912,200.0,0.0,0.03972482681274414,0.3,3.0832231044769287,-0.00015570996329188346,3460,7.34122e-05,4.239684745669365,0.0003,-0.3425427973270416
-400.0,1106,28,6,7168,200.0,0.0,0.040753185749053955,0.3,1.9240585565567017,-0.0011132926098071038,3470,0.0016733445,4.1515857636928555,0.0003,-0.35888862162828444
-400.0,1105,29,6,7424,200.0,0.0,-0.13100922107696533,0.3,1.6655960083007812,-0.0009453668724745512,3480,0.0021361115,4.539973224699497,0.0003,-0.42098161280155183
-400.0,1100,30,6,7680,200.0,0.0,0.0027243494987487793,0.3,4.782234191894531,-0.0009840792277827858,3490,0.0013675143,8.561171436309815,0.0003,-0.46734571307897566
-400.0,1099,31,7,7936,200.0,0.052734375,-0.0034279823303222656,0.3,1.6333715915679932,-0.007558325189165771,3500,0.019910447,4.360533118247986,0.0003,-0.43284718245267867
-400.0,1098,32,7,8192,200.0,0.0125,0.025535285472869873,0.3,2.1540145874023438,-0.0038803324801847338,3510,0.0046744104,4.151675605773926,0.0003,-0.37818378657102586
-400.0,1097,33,7,8448,200.0,0.064453125,0.010682880878448486,0.3,1.9325923919677734,-0.004548843018710613,3520,0.012249157,4.301587051153183,0.0003,-0.49743901044130323
-400.0,1087,34,8,8704,200.0,0.0,-0.032219767570495605,0.3,4.194063186645508,-0.004307374870404601,3530,0.0029345148,8.493207597732544,0.0003,-0.5012664943933487
-400.0,1085,35,8,8960,200.0,0.033984375,0.01565927267074585,0.3,2.8867852687835693,-0.002228117687627673,3540,0.011520203,4.294013184309006,0.0003,-0.5325985282659531
-400.0,1086,36,8,9216,200.0,0.0,0.029191017150878906,0.3,3.12494158744812,-0.0033705290406942368,3550,0.007167197,4.225453865528107,0.0003,-0.5604365259408951
-400.0,1084,37,8,9472,200.0,0.0,-0.0032231807708740234,0.3,4.930386543273926,-0.0010193808004260064,3560,0.001506482,8.58843789100647,0.0003,-0.47272065579891204
-400.0,1085,38,8,9728,200.0,0.0,-0.07422327995300293,0.3,3.077791690826416,-0.002253078715875745,3570,0.003389959,4.476920920610428,0.0003,-0.43022834956645967
-400.0,1086,39,9,9984,200.0,0.005078125,-0.01748061180114746,0.3,2.345301389694214,-0.0015314757358282805,3580,0.0035417434,4.371807855367661,0.0003,-0.39932897686958313
-400.0,1087,40,9,10240,200.0,0.001171875,0.011080563068389893,0.3,0.9468308687210083,-2.250545658171177e-05,3590,0.0004922005,4.307845813035965,0.0003,-0.47239135205745697
-400.0,1503,1,0,256,200.0,0.032421875,0.00036728382110595703,0.3,3.8700110912323,-0.005235578492283821,3600,0.010834503,8.25856148004532,0.0003,-0.5057526811957359
-400.0,1276,2,0,512,200.0,0.0,0.013331234455108643,0.3,2.5172293186187744,0.0017894332762807609,3610,0.00015630224,4.235815715789795,0.0003,-0.7071240752935409
-400.0,1212,3,0,768,200.0,0.009765625,0.031787216663360596,0.3,1.5907113552093506,-0.0048664829460904006,3620,0.009701813,4.1766530811786655,0.0003,-0.5812351942062378
-400.0,1180,4,0,1024,200.0,0.0,-0.03290438652038574,0.3,1.450407862663269,-0.0017798743559978903,3630,0.0022470246,4.428880250453949,0.0003,-0.45797819644212723
-400.0,1162,5,1,1280,200.0,0.0,0.1139601469039917,0.3,6.030158519744873,-0.0006951026618480683,3640,0.00023592939,7.838600504398346,0.0003,-0.41663571149110795
-400.0,1132,6,1,1536,200.0,0.019921875,0.06363576650619507,0.3,2.429934024810791,-0.005893211299553514,3650,0.005615879,4.048624962568283,0.0003,-0.44529161751270296
-400.0,1117,7,1,1792,200.0,0.0,-0.09534990787506104,0.3,2.24353289604187,-0.0003806499298661947,3660,8.745422e-05,4.616693842411041,0.0003,-0.4968283399939537
-400.0,1123,8,1,2048,200.0,0.0,0.05432462692260742,0.3,2.80664324760437,-0.0013492841739207507,3670,0.00087760156,4.043355619907379,0.0003,-0.46685050129890443
-400.0,1118,9,2,2304,200.0,0.0,0.004694521427154541,0.3,3.2191827297210693,-0.0010187938576564192,3680,0.0006577207,8.040537452697754,0.0003,-0.42092851400375364
-400.0,1114,10,2,2560,200.0,0.0,0.13513588905334473,0.3,2.522878885269165,-0.0005441086599603295,3690,0.00017966307,3.7320641577243805,0.0003,-0.3872734770178795
-400.0,1110,11,2,2816,200.0,0.0,-0.043709635734558105,0.3,1.5482549667358398,-0.0006071980576962232,3700,0.00020407676,4.529020619392395,0.0003,-0.369915309548378
-400.0,1114,12,2,3072,200.0,0.0,0.029709935188293457,0.3,3.0325801372528076,-0.0006274341838434338,3710,0.00035276427,7.894972944259644,0.0003,-0.3558270797133446
-400.0,1112,13,2,3328,200.0,0.00703125,0.04273271560668945,0.3,2.6966209411621094,-0.005226283427327871,3720,0.0025762948,4.133309802412986,0.0003,-0.3847331449389458
-400.0,1116,14,3,3584,200.0,0.007421875,-0.0015015602111816406,0.3,2.373288869857788,-0.001113314414396882,3730,0.003036809,4.377723687887192,0.0003,-0.4602651745080948
-400.0,1105,15,3,3840,200.0,0.0078125,0.09718364477157593,0.3,1.5951075553894043,-0.0021082227816805244,3740,0.0030177573,3.9701748967170714,0.0003,-0.5220758005976677
-400.0,1103,16,3,4096,200.0,0.0,0.07315504550933838,0.3,6.048680305480957,8.626838680356741e-05,3750,0.0007912617,7.823347449302673,0.0003,-0.5869472831487655
-400.0,1096,17,3,4352,200.0,0.0,-0.0029964447021484375,0.3,2.0074033737182617,-0.0002107848646119237,3760,0.00014325115,4.434939026832581,0.0003,-0.6059157907962799
-400.0,1098,18,4,4608,200.0,0.0,0.0030714869499206543,0.3,3.050102710723877,-0.0006959825055673719,3770,0.0004249299,4.3090185761451725,0.0003,-0.6094496816396713
-400.0,1096,19,4,4864,200.0,0.0,-0.0058324337005615234,0.3,4.492535591125488,-0.002011738205328584,3780,0.0024995888,8.325381684303284,0.0003,-0.6485461592674255
-400.0,1094,20,4,5120,200.0,0.025390625,0.0010001063346862793,0.3,3.2531938552856445,-0.004076142841950059,3790,0.007832573,4.299838399887085,0.0003,-0.766618064045906
-400.0,1095,21,4,5376,200.0,0.055859375,-0.00364530086517334,0.3,2.6506271362304688,-0.006722590769641101,3800,0.011372605,4.36249024271965,0.0003,-0.9256729871034622
-400.0,1095,22,5,5632,200.0,0.0609375,0.0025638341903686523,0.3,2.2736616134643555,-0.00583745923358947,3810,0.02312644,4.3277763545513155,0.0003,-1.035480347275734
-400.0,1094,23,5,5888,200.0,0.0,0.012369871139526367,0.3,4.38291072845459,-0.002959595946595073,3820,0.0068389634,8.31243851184845,0.0003,-1.135823667049408
-400.0,1095,24,5,6144,200.0,0.03125,0.0048288702964782715,0.3,2.6195268630981445,-0.008400256838649511,3830,0.018932614,4.325054490566254,0.0003,-1.05800142288208
-400.0,1096,25,5,6400,200.0,0.044921875,0.015886664390563965,0.3,1.638710379600525,-0.009206729638390244,3840,0.02424868,4.28607919216156,0.0003,-1.059152403473854
-400.0,1094,26,6,6656,200.0,0.0,0.02450096607208252,0.3,4.45890998840332,-0.0003138883039355278,3850,0.0033871902,8.114203238487244,0.0003,-1.1947665452957152
-400.0,1093,27,6,6912,200.0,0.039453125,0.02416139841079712,0.3,2.8303534984588623,-0.00955868917517364,3860,0.019214625,4.211253869533539,0.0003,-1.1244888067245484
-400.0,1094,28,6,7168,200.0,0.00546875,0.008722364902496338,0.3,0.8649477958679199,-0.006162832630798221,3870,0.010681097,4.290313732624054,0.0003,-1.0473813116550446
-400.0,1094,29,6,7424,200.0,0.0,-0.00856006145477295,0.3,1.810497522354126,-0.00022419225424528122,3880,0.00030177762,4.374254277348518,0.0003,-0.9606015235185623
-400.0,1094,30,7,7680,200.0,0.0,-0.006598114967346191,0.3,3.9451372623443604,-0.004777495912276208,3890,0.013581944,8.407400727272034,0.0003,-0.959216320514679
-400.0,1073,31,7,7936,200.0,0.00625,-0.00567018985748291,0.3,2.623600482940674,-0.0012067415751516818,3900,0.0048763943,4.316494584083557,0.0003,-0.8914797991514206
-400.0,1069,32,7,8192,200.0,0.077734375,0.003463268280029297,0.3,2.380539894104004,-0.005217086710035801,3910,0.026758071,4.33813863992691,0.0003,-1.0634974479675292
-400.0,1069,33,7,8448,200.0,0.09140625,0.001872718334197998,0.3,3.105876922607422,-0.018771689757704733,3920,0.060308088,4.341456556320191,0.0003,-1.1354841411113739
-400.0,1069,34,8,8704,200.0,0.0015625,0.003078281879425049,0.3,3.6550440788269043,-0.002909067738801241,3930,0.0068222824,8.150822949409484,0.0003,-1.2181034445762635
-400.0,1071,35,8,8960,200.0,0.045703125,-0.00438845157623291,0.3,1.1226699352264404,-0.0189051266759634,3940,0.04138702,4.3423925817012785,0.0003,-1.2768598735332488
-400.0,1071,36,8,9216,200.0,0.05625,0.0017293095588684082,0.3,0.7084946632385254,-0.01592178433202207,3950,0.015919168,4.332606369256974,0.0003,-1.2949860095977783
-400.0,1072,37,8,9472,200.0,0.01875,0.000757753849029541,0.3,3.066636562347412,-0.006860628072172403,3960,0.009404232,8.368679189682007,0.0003,-1.3564192056655884
-400.0,1073,38,9,9728,200.0,0.0,0.049549639225006104,0.3,2.554488182067871,-0.004234219156205654,3970,0.007209434,4.272568494081497,0.0003,-1.3895315766334533
-400.0,1073,39,9,9984,200.0,0.061328125,0.0013694167137145996,0.3,0.653486430644989,-0.008046122174710036,3980,0.023058392,4.325944930315018,0.0003,-1.3830971240997314
-400.0,1075,40,9,10240,200.0,0.1203125,0.0014683008193969727,0.3,0.6818095445632935,-0.017289117677137256,3990,0.051179767,4.353006529808044,0.0003,-1.3193403720855712
-400.0,1337,1,0,256,200.0,0.0,0.0037254691123962402,0.3,5.130692005157471,0.001359368534758687,4000,0.0014433514,8.38475935459137,0.0003,-1.2570034205913543
-400.0,1180,2,0,512,200.0,0.0,0.0466616153717041,0.3,1.884079098701477,-0.0003278340678662062,3610,0.00037927413,4.210398101806641,0.0003,-0.5773795157670975
-400.0,1121,3,0,768,200.0,0.0015625,0.007523655891418457,0.3,2.5558524131774902,-0.0007250348804518581,3620,0.0075848065,4.284669896960258,0.0003,-0.6273427903652191
-400.0,1105,4,0,1024,200.0,0.0,0.0005924701690673828,0.3,2.928413152694702,-0.0004900847095996141,3630,0.0016059391,4.349182748794556,0.0003,-0.6568110555410385
-400.0,1110,5,1,1280,200.0,0.0,-0.0017670392990112305,0.3,2.474109172821045,-0.0020868769381195305,3640,0.0014363914,8.425585985183716,0.0003,-0.5958538979291916
-400.0,1107,6,1,1536,200.0,0.0,-0.012438297271728516,0.3,3.5157482624053955,-0.0017633185954764486,3650,0.0061035845,4.361154800653457,0.0003,-0.6272761076688766
-400.0,1106,7,1,1792,200.0,0.0,0.06745147705078125,0.3,1.1420351266860962,0.0012682399014011026,3660,0.0008507082,3.9407176315784453,0.0003,-0.6946508377790451
-400.0,1109,8,1,2048,200.0,0.0,0.16349947452545166,0.3,1.63503897190094,-0.007038442580960691,3670,0.013966985,3.699354362487793,0.0003,-0.6485402852296829
-400.0,1094,9,2,2304,200.0,0.0,-0.0026235580444335938,0.3,3.8784737586975098,0.003533185040578246,3680,0.00054263254,8.451929438114167,0.0003,-0.5448401749134064
-400.0,1100,10,2,2560,200.0,0.0,-0.08495569229125977,0.3,0.8148193359375,0.0005491435993462801,3690,0.0001918727,4.49065288901329,0.0003,-0.5798339158296585
-403.57142857142856,1092,11,2,2816,200.0,0.0015625,0.03916323184967041,0.3,27.318315505981445,-0.0038186483550816776,3700,0.0014071371,60.748648166656494,0.0003,-0.5684939533472061
-403.3333333333333,1077,12,2,3072,200.0,0.0,0.14240694046020508,0.3,4.131875038146973,-0.0011675884947180749,3710,0.0022620587,7.475700545310974,0.0003,-0.5760310471057892
-408.75,1074,13,3,3328,200.0,0.0671875,0.0067119598388671875,0.3,4.001979351043701,-0.0023064570035785437,3720,0.011121061,4.346087649464607,0.0003,-0.6717391282320022
-408.2352941176471,1076,14,3,3584,200.0,0.0015625,0.011555194854736328,0.3,57.347679138183594,-0.0066922973026521506,3730,0.0039737215,93.12366676330566,0.0003,-0.6676193445920944
-412.10526315789474,1072,15,3,3840,200.0,0.0,-0.0008202791213989258,0.3,3.71167254447937,2.12428392842412e-05,3740,9.670621e-06,4.5870872139930725,0.0003,-0.6399814665317536
-416.0,1069,16,3,4096,200.0,0.003125,0.025745391845703125,0.3,97.37008666992188,-0.008195457817055284,3750,0.0014510565,162.3965591430664,0.0003,-0.6340825259685516
-415.23809523809524,1063,17,4,4352,200.0,0.0,-0.012120485305786133,0.3,2.8894379138946533,-0.0007610928500071168,3760,0.0015126299,6.121684749424458,0.0003,-0.6156972736120224
-416.0869565217391,1057,18,4,4608,200.0,0.0,0.023352205753326416,0.3,2.0951075553894043,-0.0010192471090704203,3770,0.0017396712,4.273035228252411,0.0003,-0.5937411785125732
-415.4166666666667,1062,19,4,4864,200.0,0.0,-0.004353880882263184,0.3,23.886966705322266,-0.0029149224050343038,3780,0.0063104476,45.84063482284546,0.0003,-0.657090961933136
-414.8,1060,20,4,5120,200.0,0.0,-0.003350496292114258,0.3,2.33148193359375,-0.001412068516947329,3790,0.004465983,4.6226297378540036,0.0003,-0.7164875954389572
-414.2307692307692,1065,21,5,5376,200.0,0.0,0.004758298397064209,0.3,2.041400194168091,-0.0010162928607314824,3800,0.004319373,4.427909231185913,0.0003,-0.727340218424797
-413.2142857142857,1065,22,5,5632,200.0,0.005078125,-0.00582575798034668,0.3,3.9096906185150146,-0.0044695594348013405,3810,0.0027887868,4.385424989461899,0.0003,-0.69058458507061
-412.7586206896552,1068,23,5,5888,200.0,0.005859375,-0.0013163089752197266,0.3,3.1877081394195557,-0.005387389985844493,3820,0.005741542,8.391032648086547,0.0003,-0.7537272363901139
-412.3333333333333,1069,24,5,6144,200.0,0.04375,0.0003606081008911133,0.3,3.1839241981506348,-0.007583277206867934,3830,0.029799102,4.355954241752625,0.0003,-0.7641092866659165
-411.5625,1068,25,5,6400,200.0,0.0,0.002222299575805664,0.3,2.067518711090088,-0.00023178656119853257,3840,0.0010629885,4.311652117967606,0.0003,-0.6576239913702011
-411.2121212121212,1071,26,6,6656,200.0,0.053515625,-0.007909774780273438,0.3,4.259805679321289,-0.008798373932950198,3850,0.015367053,8.346953296661377,0.0003,-0.7345542490482331
-413.52941176470586,1072,27,6,6912,200.0,0.044921875,0.003402233123779297,0.3,1.8774319887161255,-0.007899898267351092,3860,0.028075393,4.331532150506973,0.0003,-0.8007733047008514
-413.14285714285717,1072,28,6,7168,200.0,0.001953125,0.0002962350845336914,0.3,54.285011291503906,-0.0027537163579836486,3870,0.0027654911,103.725630569458,0.0003,-0.8390237420797348
-417.2972972972973,1071,29,6,7424,200.0,0.001953125,0.00044280290603637695,0.3,53.09587097167969,-0.007448953483253718,3880,0.0013274436,110.65827045440673,0.0003,-0.8341161519289017
-416.8421052631579,1072,30,7,7680,200.0,0.001953125,0.0040811896324157715,0.3,70.7961654663086,-0.00558281121775508,3890,0.0007744811,114.06552906036377,0.0003,-0.8265903294086456
-416.4102564102564,1051,31,7,7936,200.0,0.0,-0.0014864206314086914,0.3,2.684232473373413,-0.00028648502193391324,3900,0.00018143468,5.668254506587982,0.0003,-0.8200869470834732
-416.25,1051,32,7,8192,200.0,0.002734375,-0.005564332008361816,0.3,3.7464234828948975,-0.009380185464397072,3910,0.013678993,10.492392110824586,0.0003,-0.8185067594051361
-415.4761904761905,1052,33,8,8448,200.0,0.0,0.06473493576049805,0.3,3.0513904094696045,0.005982492864131927,3920,0.0035617491,5.3046653270721436,0.0003,-0.8087060004472733
-415.1162790697674,1053,34,8,8704,200.0,0.0,-0.0001347064971923828,0.3,5.706789016723633,-0.002768293162807822,3930,0.0048003057,8.391414284706116,0.0003,-0.8258742094039917
-414.77272727272725,1055,35,8,8960,200.0,0.0,-0.006697297096252441,0.3,2.6052262783050537,-6.068176589906216e-05,3940,0.0015266666,4.302922427654266,0.0003,-0.8470911294221878
-414.1304347826087,1056,36,8,9216,200.0,0.005078125,0.02904820442199707,0.3,0.6744883060455322,-0.011637154803611337,3950,0.035971686,4.167821764945984,0.0003,-0.8295924335718154
-413.82978723404256,1054,37,8,9472,200.0,0.0,0.013505637645721436,0.3,3.8677608966827393,-0.007675001863390207,3960,0.021756615,8.365667581558228,0.0003,-0.7575922399759293
-413.5416666666667,1055,38,9,9728,200.0,0.0,0.007424354553222656,0.3,2.029892683029175,0.0011421259958297014,3970,0.0005695382,4.275416898727417,0.0003,-0.6721201330423355
-413.265306122449,1056,39,9,9984,200.0,0.0,-0.005192160606384277,0.3,3.7230286598205566,-0.0011083718156442047,3980,0.0062792692,4.371355140209198,0.0003,-0.698593208193779
-412.7450980392157,1057,40,9,10240,200.0,0.0,0.010253071784973145,0.3,2.420593738555908,-0.00018511323723942042,3990,0.0016898899,4.304248821735382,0.0003,-0.5927410751581192
-400.0,1421,1,0,256,200.0,0.0,-0.002161860466003418,0.3,4.273015975952148,-0.0004242164082825184,4000,0.00035840296,8.33248302936554,0.0003,-0.5766212612390518
-400.0,1194,2,0,512,200.0,0.0,0.0008551478385925293,0.3,2.310988664627075,-0.003967951284721494,4010,0.011823319,4.341874957084656,0.0003,-1.2801874935626985
-400.0,1132,3,0,768,200.0,0.101953125,0.0016514062881469727,0.3,3.082502603530884,-0.016405912942718714,4020,0.050898302,4.31888844370842,0.0003,-1.2490400075912476
-400.0,1081,4,0,1024,200.0,0.115625,-0.0004400014877319336,0.3,1.119900107383728,-0.01998285686131567,4030,0.054367002,4.353213649988175,0.0003,-1.0269464522600174
-400.0,1068,5,1,1280,200.0,0.0,0.0062697529792785645,0.3,2.0250816345214844,-0.00013914576265960932,4040,0.002487702,8.345036625862122,0.0003,-0.8382875233888626
-400.0,1061,6,1,1536,200.0,0.001953125,0.002476334571838379,0.3,2.645737886428833,-0.0042131262132897975,4050,0.005880192,4.3080657660961155,0.0003,-0.8432053953409195
-400.0,1040,7,1,1792,200.0,0.0,0.03961765766143799,0.3,3.557161331176758,-0.0002506936201825738,4060,0.0016489602,4.121624174714088,0.0003,-0.9091245979070663
-400.0,1051,8,1,2048,200.0,0.0,0.08612567186355591,0.3,2.975907802581787,-0.0008524768287315965,4070,0.001377573,3.929005044698715,0.0003,-0.8313943535089493
-404.54545454545456,1064,9,2,2304,200.0,0.0,0.0009372234344482422,0.3,2.8577940464019775,-0.0018337676534429192,4080,0.0017740168,8.165969669818878,0.0003,-0.8489957243204117
-404.1666666666667,1060,10,2,2560,200.0,0.00234375,0.0017871260643005371,0.3,25.00324821472168,-0.008068897016346454,4090,0.0017578139,40.79028730392456,0.0003,-0.8598167687654495
-401.42857142857144,1067,11,2,2816,200.0,0.0,0.001798093318939209,0.3,2.9076316356658936,-0.00046243390534073114,4100,0.00016608089,4.652881121635437,0.0003,-0.8343026608228683
-401.3333333333333,1066,12,2,3072,200.0,0.0,0.3305196762084961,0.3,8.199381828308105,-0.00014144573360681535,4110,2.0513777e-05,19.310690212249757,0.0003,-0.8215121656656266
-401.25,1074,13,3,3328,200.0,0.0,-0.26585423946380615,0.3,1.5030325651168823,-0.00013684160076081752,4120,0.00010700617,10.611141073703767,0.0003,-0.8209234952926636
-404.11764705882354,1076,14,3,3584,200.0,0.0,0.0003959536552429199,0.3,26.777435302734375,0.000881432881578803,4130,9.874231e-05,41.57307090759277,0.0003,-0.7898984909057617
-406.3157894736842,1068,15,3,3840,200.0,0.0,0.0005211830139160156,0.3,22.140722274780273,-0.0012279511778615416,4140,0.0007961907,36.942520475387575,0.0003,-0.7948232263326644
-406.0,1073,16,3,4096,200.0,0.0,-0.0006861686706542969,0.3,4.976424694061279,-0.0007736796047538519,4150,0.00063536223,9.416964125633239,0.0003,-0.8155620574951172
-405.7142857142857,1070,17,4,4352,200.0,0.0,0.00438380241394043,0.3,2.6553313732147217,-0.0014157244469970465,4160,0.0023960317,4.417976824939251,0.0003,-0.8492209404706955
-405.2173913043478,1071,18,4,4608,200.0,0.006640625,0.007176697254180908,0.3,1.917178988456726,-0.005261016427539289,4170,0.0083581265,4.326475843787193,0.0003,-0.9284492880105972
-405.0,1073,19,4,4864,200.0,0.02890625,0.013421297073364258,0.3,4.935913562774658,-0.007650239393115044,4180,0.009157232,8.236882305145263,0.0003,-1.0184907406568526
-404.8,1074,20,4,5120,200.0,0.0,0.06715285778045654,0.3,1.4219523668289185,-0.0027221539290621876,4190,0.0023125673,4.4435313701629635,0.0003,-0.9928411334753037
-404.61538461538464,1063,21,5,5376,200.0,0.0,0.0029889345169067383,0.3,3.039456605911255,-0.0035046446602791546,4200,0.005755121,4.321908709406853,0.0003,-0.9289808660745621
-404.2857142857143,1066,22,5,5632,200.0,0.0,0.022248446941375732,0.3,2.0849995613098145,-0.0023142930120229723,4210,0.00395557,4.206154227256775,0.0003,-0.9085079044103622
-404.13793103448273,1065,23,5,5888,200.0,0.0,0.0019503235816955566,0.3,1.4953233003616333,-0.0025727352360263465,4220,0.0013901545,8.803186178207397,0.0003,-0.9149118572473526
-404.0,1067,24,5,6144,200.0,0.0,-0.030730009078979492,0.3,3.2986366748809814,-0.003356758737936616,4230,0.00536427,4.386445999145508,0.0003,-0.8704740315675735
-403.75,1069,25,5,6400,200.0,0.01640625,0.0007584095001220703,0.3,1.4300252199172974,-0.006468583340756595,4240,0.015203217,4.349492806196213,0.0003,-0.7433517575263977
-403.6363636363636,1069,26,6,6656,200.0,0.0,-2.491474151611328e-05,0.3,2.691905975341797,-0.006612493167631328,4250,0.0064272927,8.404559850692749,0.0003,-0.5650344431400299
-403.52941176470586,1063,27,6,6912,200.0,0.0,4.035234451293945e-05,0.3,2.199984312057495,-0.0015302636893466115,4260,0.0016708984,4.3401249051094055,0.0003,-0.47451047599315643
-404.85714285714283,1067,28,6,7168,200.0,0.0,8.732080459594727e-05,0.3,2.230222702026367,-0.0013292915187776088,4270,0.00088329846,4.332609492540359,0.0003,-0.4327426955103874
-404.5945945945946,1066,29,6,7424,200.0,0.0,-4.279613494873047e-05,0.3,11.293780326843262,0.0008765381411649287,4280,0.00030448707,25.65474405288696,0.0003,-0.440498910844326
-404.4736842105263,1068,30,7,7680,200.0,0.0,-5.328655242919922e-05,0.3,3.7678592205047607,-0.0007630199659615755,4290,0.00024197344,8.73114197254181,0.0003,-0.4530433818697929
-404.35897435897436,1067,31,7,7936,200.0,0.0,0.00011235475540161133,0.3,2.7384276390075684,-0.0020415244391188024,4300,0.002869003,4.37384569644928,0.0003,-0.43572758436203
-404.25,1068,32,7,8192,200.0,0.008984375,0.00022077560424804688,0.3,2.3733060359954834,-0.003815232589840889,4310,0.0063219387,4.3418769359588625,0.0003,-0.33432684242725375
-404.04761904761904,1068,33,7,8448,200.0,0.0,0.005281686782836914,0.3,1.6974151134490967,-0.0005778162507340312,4320,0.0005989345,4.250248444080353,0.0003,-0.2708469182252884
-403.95348837209303,1069,34,8,8704,200.0,0.0,0.02660137414932251,0.3,5.939145088195801,-0.00027327113784849646,4330,8.134567e-05,7.760693514347077,0.0003,-0.2516744814813137
-403.8636363636364,1072,35,8,8960,200.0,0.00078125,0.080660879611969,0.3,2.5249714851379395,-0.0008502365788444876,4340,0.0007567494,4.060746037960053,0.0003,-0.23588832244277
-403.69565217391306,1073,36,8,9216,200.0,0.0,0.07504236698150635,0.3,2.5543465614318848,-0.00024355635978281497,4350,0.00012204121,4.116750079393387,0.0003,-0.22123659029603004
-404.6808510638298,1072,37,8,9472,200.0,0.0,0.08603262901306152,0.3,2.5557706356048584,-0.001461101556196809,4360,0.00066137896,7.752996802330017,0.0003,-0.2476785212755203
-404.5833333333333,1071,38,9,9728,200.0,0.0,-0.07162225246429443,0.3,26.008325576782227,-0.0002514794236049056,4370,0.00015120604,42.54592518806457,0.0003,-0.28025644868612287
-404.48979591836735,1072,39,9,9984,200.0,0.0,0.0025485754013061523,0.3,0.8576151728630066,0.0001343554351478815,4380,1.7287675e-05,4.753767359256744,0.0003,-0.2964013531804085
-404.3137254901961,1073,40,9,10240,200.0,0.0,4.5239925384521484e-05,0.3,3.928664445877075,-0.0003276824252679944,4390,0.0002187877,4.524639040231705,0.0003,-0.28801212161779405
-400.0,1413,1,0,256,200.0,0.0,2.0563602447509766e-05,0.3,2.971219062805176,-0.000854306248947978,4400,0.00028027198,8.537271881103516,0.0003,-0.2788792550563812
-400.0,1224,2,0,512,200.0,0.0,0.007785916328430176,0.3,2.741323232650757,-0.0030862798914313315,4010,0.0055984883,4.262752324342728,0.0003,-0.6003260225057602
-400.0,1165,3,0,768,200.0,0.03359375,0.008303999900817871,0.3,2.9235641956329346,-0.0024124282877892255,4020,0.013488008,4.3008080422878265,0.0003,-0.6762638092041016
-400.0,1116,4,0,1024,200.0,0.027734375,0.014477670192718506,0.3,1.787186622619629,-0.007215624232776463,4030,0.024315279,4.278052908182144,0.0003,-0.6465461850166321
-400.0,1109,5,1,1280,200.0,0.0,0.014067351818084717,0.3,1.8586041927337646,0.0009311331901699305,4040,0.0012129517,8.173329365253448,0.0003,-0.5310066103935241
-400.0,1094,6,1,1536,200.0,0.0015625,0.029948890209197998,0.3,3.219825267791748,-0.002028146618977189,4050,0.004577266,4.18553279042244,0.0003,-0.5727488815784454
-400.0,1098,7,1,1792,200.0,0.024609375,0.05211913585662842,0.3,1.3593103885650635,-0.006052605994045735,4060,0.018710837,4.1345349788665775,0.0003,-0.5724688738584518
-400.0,1105,8,1,2048,200.0,0.0,0.1380620002746582,0.3,1.17775297164917,0.0014468727400526404,4070,0.00012021302,3.4077171087265015,0.0003,-0.4839878961443901
-400.0,1101,9,2,2304,200.0,0.0,0.15985679626464844,0.3,2.6545097827911377,-0.0030739571899175643,4080,0.004374099,6.65576868057251,0.0003,-0.5485489457845688
-400.0,1101,10,2,2560,200.0,0.0,-0.09493422508239746,0.3,2.171121120452881,0.00022237508092075585,4090,0.00018516462,4.809039688110351,0.0003,-0.5809940695762634
-400.0,1091,11,2,2816,200.0,0.0,0.07917213439941406,0.3,2.377957344055176,0.00018743120599538088,4100,8.11636e-05,3.968180114030838,0.0003,-0.5533446997404099
-400.0,1094,12,2,3072,200.0,0.0,0.04458135366439819,0.3,1.9693137407302856,-0.0007618464063853025,4110,0.005614383,7.980541396141052,0.0003,-0.5940169662237167
-400.0,1094,13,3,3328,200.0,0.0,0.05873900651931763,0.3,2.7403643131256104,0.00037538562901318073,4120,0.000105579384,4.208472645282745,0.0003,-0.6375585198402405
-400.0,1090,14,3,3584,200.0,0.03359375,0.014874517917633057,0.3,1.903273582458496,-0.007334933592937886,4130,0.01893194,4.266951537132263,0.0003,-0.6707551449537277
-400.0,1093,15,3,3840,200.0,0.001953125,0.05420905351638794,0.3,1.808226466178894,-0.001154252392007038,4140,0.000702068,4.156379652023316,0.0003,-0.7545058190822601
-400.0,1092,16,3,4096,200.0,0.0,0.07009994983673096,0.3,1.9432767629623413,-0.0009729070588946342,4150,0.0026046657,7.813625752925873,0.0003,-0.7456027895212174
-400.0,1091,17,3,4352,200.0,0.0,-0.0017608404159545898,0.3,2.0479350090026855,-0.0009657335001975297,4160,0.004744027,4.348522084951401,0.0003,-0.7418062150478363
-400.0,1088,18,4,4608,200.0,0.0046875,0.03060084581375122,0.3,2.6399269104003906,-0.0036815552972257136,4170,0.009520354,4.235293900966644,0.0003,-0.7683721631765366
-400.0,1088,19,4,4864,200.0,0.00625,0.05582493543624878,0.3,4.580006122589111,-0.0021960334735922514,4180,0.0015305025,7.657758712768555,0.0003,-0.7236815482378006
-400.0,1089,20,4,5120,200.0,0.0,-0.02830195426940918,0.3,2.829533338546753,-0.001387415616773069,4190,0.004734882,4.459776788949966,0.0003,-0.7440446048974991
-400.0,1088,21,4,5376,200.0,0.007421875,-0.004024386405944824,0.3,2.493502616882324,-0.004067162331193685,4200,0.0048215566,4.369346970319748,0.0003,-0.7033431202173233
-403.2142857142857,1092,22,5,5632,200.0,0.001171875,-0.003712177276611328,0.3,63.330936431884766,-0.008247691113501788,4210,0.0049136784,111.1986530303955,0.0003,-0.7838462322950364
-403.1034482758621,1093,23,5,5888,200.0,0.0,0.006259739398956299,0.3,7.442312717437744,-0.000592125952243805,4220,0.0001518859,8.937965166568755,0.0003,-0.8034009605646133
-403.0,1095,24,5,6144,200.0,0.009375,0.02627718448638916,0.3,2.393709421157837,-0.0037740244762971996,4230,0.0027167231,4.278045064210891,0.0003,-0.8176957637071609
-405.625,1094,25,5,6400,200.0,0.0,-0.10109758377075195,0.3,3.2624199390411377,-0.0019184138625860214,4240,0.0032873529,4.518665516376496,0.0003,-0.8117597609758377
-405.45454545454544,1095,26,6,6656,200.0,0.0015625,0.006262242794036865,0.3,53.372589111328125,-0.005939352582208813,4250,0.0015892426,115.42968883514405,0.0003,-0.7538089543581009
-405.29411764705884,1096,27,6,6912,200.0,0.0,0.10087227821350098,0.3,3.6377716064453125,-5.334642482921481e-05,4260,3.638724e-05,4.437287205457688,0.0003,-0.7397060364484787
-405.14285714285717,1096,28,6,7168,200.0,0.0,0.00976109504699707,0.3,2.833407402038574,-0.0005814531119540334,4270,0.0014803091,4.357093572616577,0.0003,-0.7180414080619812
-404.86486486486484,1095,29,6,7424,200.0,0.0015625,-0.005153536796569824,0.3,3.177189826965332,-0.0020157367922365665,4280,0.0058803,4.354324382543564,0.0003,-0.6751631528139115
-404.7368421052632,1092,30,7,7680,200.0,0.0,0.01835465431213379,0.3,4.56751823425293,-0.00729331464972347,4290,0.008715674,8.292695951461791,0.0003,-0.5738856315612793
-404.61538461538464,1090,31,7,7936,200.0,0.034375,0.0039030909538269043,0.3,2.2339730262756348,-0.006285237008705735,4300,0.0144491475,4.320064407587052,0.0003,-0.45739025473594663
-404.5,1088,32,7,8192,200.0,0.0,0.01061946153640747,0.3,1.6350535154342651,-0.0014474195893853902,4310,0.0007555678,4.292621213197708,0.0003,-0.3827093169093132
-404.2857142857143,1088,33,7,8448,200.0,0.026171875,0.03656136989593506,0.3,1.7902642488479614,-0.005907930876128375,4320,0.008102428,4.166752177476883,0.0003,-0.4161263987421989
-404.1860465116279,1091,34,7,8704,200.0,0.0,0.0016818642616271973,0.3,4.743544101715088,-0.0014817562885582447,4330,0.0034723273,8.122736382484437,0.0003,-0.5053254783153533
-404.54545454545456,1090,35,8,8960,200.0,0.0015625,0.0017320513725280762,0.3,2.3984532356262207,-0.0010487718507647514,4340,0.0017906046,4.3280677706003186,0.0003,-0.5636716485023499
-404.3478260869565,1091,36,8,9216,200.0,0.00234375,0.08523225784301758,0.3,6.283923149108887,-0.005199823994189501,4350,0.0013648623,9.966670322418214,0.0003,-0.6037430584430694
-404.25531914893617,1090,37,8,9472,200.0,0.0,0.03414410352706909,0.3,6.185936450958252,-0.002784602262545377,4360,0.0009859647,8.36919322013855,0.0003,-0.6047020494937897
-404.1666666666667,1092,38,8,9728,200.0,0.0,0.0046956539154052734,0.3,1.9183247089385986,-0.0006558177061378956,4370,0.0012419326,4.353332054615021,0.0003,-0.6170811623334884
-404.0816326530612,1094,39,9,9984,200.0,0.0,0.023512721061706543,0.3,1.6083217859268188,-0.0001469454262405634,4380,0.0017875358,3.9642985850572585,0.0003,-0.6163486957550048
-403.921568627451,1092,40,9,10240,200.0,0.0,0.03755056858062744,0.3,2.3283090591430664,-0.00033745598047971723,4390,0.0012396951,4.211013770103454,0.0003,-0.6714024037122727
-400.0,1507,1,0,256,200.0,0.0,0.10337239503860474,0.3,2.930741310119629,-0.000928900926373899,4400,0.0023888233,7.549776458740235,0.0003,-0.7195250630378723
-400.0,1248,2,0,512,200.0,0.00390625,4.464387893676758e-05,0.3,3.3382680416107178,0.0008503066375851632,4410,0.00087646116,4.347182250022888,0.0003,-0.35181702077388766
-416.6666666666667,1208,3,0,768,200.0,0.0,-1.1920928955078125e-05,0.3,3.01623272895813,-0.001225768169388175,4420,0.0009177276,4.333007264137268,0.0003,-0.3189756616950035
-404.0,1167,4,0,1024,200.0,0.0,1.2218952178955078e-05,0.3,13.402535438537598,-0.0012284595286473632,4430,0.00029213028,41.67393579483032,0.0003,-0.26619450002908707
-403.3333333333333,1158,5,1,1280,200.0,0.0,-1.4296154975891113,0.3,9.671321868896484,-5.205662455409765e-05,4440,7.3048286e-06,42.983369731903075,0.0003,-0.26178511679172517
-402.85714285714283,1148,6,1,1536,200.0,0.000390625,3.24249267578125e-05,0.3,3.1880714893341064,-0.001628342247568071,4450,0.0011089058,4.445947575569153,0.0003,-0.29764869511127473
-402.5,1130,7,1,1792,200.0,0.0,7.706880569458008e-05,0.3,3.028103828430176,0.0003840092569589615,4460,0.00021236902,4.383072447776795,0.0003,-0.31822090297937394
-402.0,1124,8,1,2048,200.0,0.00234375,7.569789886474609e-06,0.3,2.0712485313415527,-0.0019352500326931476,4470,0.003049038,4.35858416557312,0.0003,-0.31043307930231095
-401.8181818181818,1123,9,2,2304,200.0,0.0421875,7.271766662597656e-06,0.3,3.661046028137207,0.0024026589002460242,4480,0.014599399,8.183417880535126,0.0003,-0.6765016824007034
-401.6666666666667,1127,10,2,2560,200.0,0.003125,8.195638656616211e-05,0.3,3.635169744491577,-0.0017877261387184262,4490,0.0016376288,4.339999502897262,0.0003,-0.4463683575391769
-399.2857142857143,1119,11,2,2816,200.0,0.031640625,4.845857620239258e-05,0.3,2.8811633586883545,-0.0009024482220411301,4500,0.0029939874,4.331276723742485,0.0003,-0.45939473658800123
-401.3333333333333,1116,12,2,3072,200.0,0.0328125,0.25279223918914795,0.3,9.300410270690918,-0.0015210648998618126,4510,0.0094265845,19.820449590682983,0.0003,-0.4641050726175308
-399.375,1116,13,2,3328,200.0,0.000390625,-0.4989125728607178,0.3,46.154571533203125,-0.000861873454414308,4520,0.0003156315,109.8027774810791,0.0003,-0.2574307516217232
-399.4117647058824,1118,14,3,3584,200.0,0.0,-0.8861228227615356,0.3,1.7504544258117676,-0.0003213739488273859,4530,0.00025597285,12.066437423229218,0.0003,-0.3514437675476074
-399.4736842105263,1116,15,3,3840,200.0,0.0140625,0.0002847909927368164,0.3,2.7630207538604736,-0.0037868220824748278,4540,0.00480825,4.333957952260971,0.0003,-0.37903453409671783
-398.0,1120,16,3,4096,200.0,0.00234375,0.06646811962127686,0.3,8.28233814239502,0.0002841784618794918,4550,0.0015304021,18.346128749847413,0.0003,-0.3818030312657356
-398.0952380952381,1118,17,3,4352,200.0,0.000390625,0.04800117015838623,0.3,2.641627788543701,-0.0003064966760575771,4560,0.00086995773,6.339738583564758,0.0003,-0.606874531507492
-398.2608695652174,1121,18,4,4608,200.0,0.008203125,0.005011141300201416,0.3,2.7397611141204834,-0.002378728473559022,4570,0.006544441,4.321096336841583,0.0003,-0.3867716610431671
-398.3333333333333,1118,19,4,4864,200.0,0.0,0.009942770004272461,0.3,4.9698591232299805,-0.00017894492484629154,4580,0.00042599533,8.301848149299621,0.0003,-0.33144772350788115
-397.2,1115,20,4,5120,200.0,0.00546875,0.05696511268615723,0.3,1.269120454788208,-0.00024693363811820743,4590,0.0021392135,3.729004994034767,0.0003,-0.4883718952536583
-397.3076923076923,1116,21,4,5376,200.0,0.01015625,0.20066028833389282,0.3,7.582800388336182,-0.0015970304841175676,4600,0.006905085,12.203415751457214,0.0003,-0.4730681419372559
-397.5,1113,22,5,5632,200.0,0.017578125,0.22475683689117432,0.3,1.4979966878890991,-0.0027514798333868385,4610,0.0030445813,3.4344701707363128,0.0003,-0.39232936352491377
-397.58620689655174,1113,23,5,5888,200.0,0.003125,0.0013160109519958496,0.3,2.538700819015503,-0.003985469555482268,4620,0.0013337112,8.666962289810181,0.0003,-0.5213177546858787
-397.6666666666667,1112,24,5,6144,200.0,0.014453125,-0.025527477264404297,0.3,2.045152425765991,-0.0006952486466616393,4630,0.0048989393,4.355060923099518,0.0003,-0.5479685246944428
-397.8125,1111,25,5,6400,200.0,0.0109375,-0.00032460689544677734,0.3,2.749159574508667,-0.0017723473720252514,4640,0.0045572887,4.344793197512627,0.0003,-0.3795401379466057
-397.8787878787879,1110,26,5,6656,200.0,0.0,0.00011038780212402344,0.3,3.292747735977173,-2.5021773763000964e-05,4650,0.000296348,8.39585919380188,0.0003,-0.2990841373801231
-397.94117647058823,1110,27,6,6912,200.0,0.0046875,6.198883056640625e-06,0.3,3.93497371673584,-0.004140946664847434,4660,0.0016898622,4.351363971829414,0.0003,-0.4144501745700836
-398.0,1110,28,6,7168,200.0,0.0125,0.0002968907356262207,0.3,1.9931315183639526,-0.008527693664655089,4670,0.0040870924,4.324455189704895,0.0003,-0.40761931985616684
-398.1081081081081,1109,29,6,7424,200.0,0.035546875,1.2934207916259766e-05,0.3,1.2140476703643799,-0.01090404880233109,4680,0.007356208,4.348577415943145,0.0003,-0.6125194787979126
-397.36842105263156,1108,30,6,7680,200.0,0.006640625,-0.00242459774017334,0.3,3.0749738216400146,-0.001764723565429449,4690,0.00243273,8.390036010742188,0.0003,-0.47505279034376147
-397.43589743589746,1107,31,7,7936,200.0,0.0,0.008958697319030762,0.3,6.922476291656494,-0.00024099641013890504,4700,0.000100533245,14.299290418624878,0.0003,-0.45247339755296706
-397.5,1108,32,7,8192,200.0,0.0,0.0009424090385437012,0.3,2.884570598602295,-0.0009226258844137192,4710,0.0009909517,4.31481693983078,0.0003,-0.41543876975774763
-396.9047619047619,1107,33,7,8448,200.0,0.01953125,-0.004992246627807617,0.3,0.5520164966583252,-0.008217441942542791,4720,0.016108938,4.348757547140122,0.0003,-0.44536805897951126
-396.9767441860465,1107,34,7,8704,200.0,0.000390625,0.027072548866271973,0.3,10.963909149169922,0.00014696544967591764,4730,0.00069457106,17.252095794677736,0.0003,-0.4169325098395348
-397.04545454545456,1107,35,8,8960,200.0,0.010546875,1.5437602996826172e-05,0.3,1.2484211921691895,-0.0006740191951394081,4740,0.008478705,4.35593917965889,0.0003,-0.4601442366838455
-397.17391304347825,1109,36,8,9216,200.0,0.04453125,0.00045609474182128906,0.3,2.7126948833465576,-0.005158265726640821,4750,0.04961427,4.322789651155472,0.0003,-0.44694783389568327
-397.2340425531915,1108,37,8,9472,200.0,0.103125,1.1265277862548828e-05,0.3,3.7421562671661377,-0.00463526388630271,4760,0.24360977,8.358767461776733,0.0003,-0.7445839613676071
-397.2916666666667,1108,38,8,9728,200.0,0.016796875,0.00039082765579223633,0.3,1.8652234077453613,-7.436010055243969e-05,4770,0.0020010697,4.345747256278992,0.0003,-0.6767409712076187
-397.3469387755102,1106,39,9,9984,200.0,0.08359375,0.0004494190216064453,0.3,1.8159459829330444,-0.014370534988120198,4780,0.041621126,4.322612822055817,0.0003,-1.0742416441440583
-397.45098039215685,1107,40,9,10240,200.0,0.121875,4.589557647705078e-06,0.3,2.637688398361206,-0.007710433658212423,4790,0.031885866,4.35000119805336,0.0003,-0.6548334538936615
-400.0,1492,1,0,256,200.0,0.013671875,2.586841583251953e-05,0.3,2.875856876373291,-0.004113081539981067,4800,0.012202057,8.409340107440949,0.0003,-0.7221659511327744
-400.0,1306,2,0,512,200.0,0.0,-0.05189836025238037,0.3,0.7167758941650391,-0.0009422661503776907,4410,0.0024909512,4.991507589817047,0.0003,-0.7651899009943008
-400.0,1186,3,0,768,200.0,0.0,-0.002993464469909668,0.3,1.6277761459350586,-0.005894383834674955,4420,0.011951277,4.346446323394775,0.0003,-0.7470335394144059
-400.0,1168,4,0,1024,200.0,0.0015625,0.06852805614471436,0.3,1.8913984298706055,-0.002868421608582139,4430,0.0052281837,4.18433027267456,0.0003,-0.632885268330574
-400.0,1149,5,1,1280,200.0,0.033984375,0.021692276000976562,0.3,3.2498984336853027,-0.004298518924042582,4440,0.008017525,8.068771505355835,0.0003,-0.7025613158941268
-400.0,1143,6,1,1536,200.0,0.0,0.05319434404373169,0.3,1.2263612747192383,0.0009136539418250322,4450,0.0077117737,4.1942617952823635,0.0003,-0.7835160732269287
-406.25,1134,7,1,1792,200.0,0.001953125,0.08034276962280273,0.3,22.435375213623047,-0.005431180167943239,4460,0.0022785661,52.21617002487183,0.0003,-0.8566034704446792
-405.0,1132,8,1,2048,200.0,0.0,0.3138556480407715,0.3,0.8250603675842285,-0.0013544331304728985,4470,0.0013738009,3.37909649014473,0.0003,-0.8613117784261703
-404.54545454545456,1136,9,2,2304,200.0,0.0,-0.02319955825805664,0.3,3.151970624923706,-0.0020207213470712303,4480,0.003371877,8.611613559722901,0.0003,-0.813012170791626
-404.1666666666667,1127,10,2,2560,200.0,0.0109375,0.0013413429260253906,0.3,2.2688591480255127,-0.006864314200356603,4490,0.0033130613,4.311889058351516,0.0003,-0.7967098891735077
-403.57142857142856,1129,11,2,2816,200.0,0.0,0.0425034761428833,0.3,1.652500867843628,-0.0018154095858335495,4500,0.003599188,4.187114572525024,0.0003,-0.8178729772567749
-403.3333333333333,1121,12,2,3072,200.0,0.028515625,-0.045717835426330566,0.3,4.140778541564941,-0.008399937255308031,4510,0.013357317,8.390021657943725,0.0003,-0.8051415801048278
-406.25,1120,13,2,3328,200.0,0.0,0.03668409585952759,0.3,2.0531787872314453,-1.573893241584301e-05,4520,0.0021892088,4.205274158716202,0.0003,-0.8961671888828278
-405.88235294117646,1111,14,3,3584,200.0,0.001171875,0.10956358909606934,0.3,29.01424789428711,-0.005195559724234045,4530,0.005494971,52.395523357391355,0.0003,-0.8617543846368789
-405.2631578947368,1112,15,3,3840,200.0,0.005859375,0.027118444442749023,0.3,1.8565208911895752,-0.0035964932292699816,4540,0.011121034,4.323447197675705,0.0003,-0.8898453056812287
-405.0,1111,16,3,4096,200.0,0.0515625,0.02773350477218628,0.3,1.7627311944961548,-0.009529921691864729,4550,0.019721359,8.288008439540864,0.0003,-1.0023444503545762
-404.76190476190476,1109,17,3,4352,200.0,0.10390625,0.06455057859420776,0.3,1.203559398651123,-0.012149407574906946,4560,0.034391917,4.1325837761163715,0.0003,-0.9940613776445388
-406.5217391304348,1111,18,4,4608,200.0,0.074609375,0.02678084373474121,0.3,0.9015201926231384,-0.017234367970377206,4570,0.05013487,4.211610323190689,0.0003,-0.9685475140810013
-406.25,1105,19,4,4864,200.0,0.0015625,0.07435804605484009,0.3,30.353660583496094,-0.008009546075481922,4580,0.009642639,57.404591941833495,0.0003,-0.9433535814285279
-409.6,1106,20,4,5120,200.0,0.083203125,0.009297847747802734,0.3,2.0597620010375977,-0.015087114879861474,4590,0.035007365,4.3508821576833725,0.0003,-0.9057854890823365
-409.2307692307692,1109,21,4,5376,200.0,0.001953125,-0.000532984733581543,0.3,57.93766403198242,-0.010224629193544388,4600,0.005058611,111.70381584167481,0.0003,-0.841779887676239
-409.2857142857143,1107,22,5,5632,200.0,0.002734375,0.019442737102508545,0.3,4.340000629425049,-0.0073602064047008755,4610,0.0026564114,9.862835335731507,0.0003,-0.8204917788505555
-408.9655172413793,1108,23,5,5888,200.0,0.0,0.05562490224838257,0.3,3.995818614959717,-0.0008706776425242424,4620,0.0012633919,8.663437104225158,0.0003,-0.8714855313301086
-408.6666666666667,1107,24,5,6144,200.0,0.028515625,0.007022261619567871,0.3,1.1888809204101562,-0.007537559373304248,4630,0.0138703715,4.337178790569306,0.0003,-0.9200919270515442
-408.125,1105,25,5,6400,200.0,0.002734375,0.024161159992218018,0.3,1.3230944871902466,-0.0017898913705721498,4640,0.004955288,4.296268129348755,0.0003,-0.9838456898927689
-407.8787878787879,1106,26,6,6656,200.0,0.016796875,-0.004408836364746094,0.3,5.554458141326904,-0.00933583757141605,4650,0.022447288,8.275724828243256,0.0003,-1.0177280277013778
-407.6470588235294,1101,27,6,6912,200.0,0.014453125,0.03173273801803589,0.3,2.4395899772644043,-0.004150701919570565,4660,0.022306245,4.2163758993148805,0.0003,-1.1774663507938385
-407.42857142857144,1101,28,6,7168,200.0,0.0,-0.00871288776397705,0.3,1.1868107318878174,0.00012146811932325363,4670,0.0044556935,4.510962390899659,0.0003,-1.1582303047180176
-407.02702702702703,1102,29,6,7424,200.0,0.0,0.0003116726875305176,0.3,0.9854272603988647,-0.0030253013595938683,4680,0.0074230153,4.34205402135849,0.0003,-1.1365422129631042
-408.1578947368421,1101,30,6,7680,200.0,0.0,0.03493458032608032,0.3,3.453878164291382,0.0007223668973892928,4690,0.004630262,8.151921617984772,0.0003,-1.0560648143291473
-407.94871794871796,1100,31,7,7936,200.0,0.0,-0.02017080783843994,0.3,8.099029541015625,0.0023956093937158585,4700,0.0025905827,43.39695463180542,0.0003,-1.0845647692680358
-407.75,1099,32,7,8192,200.0,0.030859375,0.0007385611534118652,0.3,2.4052748680114746,-0.014948914526030421,4710,0.038279023,4.309177505970001,0.0003,-1.0334691673517227
-407.3809523809524,1099,33,7,8448,200.0,0.012890625,0.1199883222579956,0.3,2.0494277477264404,-0.006384046189486981,4720,0.021224998,4.088282750546933,0.0003,-0.8150969266891479
-407.2093023255814,1097,34,7,8704,200.0,0.0,-0.02914738655090332,0.3,3.44037127494812,-0.004303198028355837,4730,0.0064987084,8.338899022340774,0.0003,-0.6742491602897644
-407.04545454545456,1092,35,8,8960,200.0,0.0,-0.0005736351013183594,0.3,1.5891987085342407,0.00046142740175127985,4740,1.9008294e-05,4.391157978773117,0.0003,-0.6304285854101181
-406.7391304347826,1092,36,8,9216,200.0,0.028125,-0.0020815134048461914,0.3,3.069915533065796,-0.0058691395912319425,4750,0.013339914,4.31080709695816,0.0003,-0.7034278601408005
-406.59574468085106,1090,37,8,9472,200.0,0.0,0.00775909423828125,0.3,3.5296854972839355,-0.0003046130761504173,4760,0.0005345121,8.35272034406662,0.0003,-0.7892659425735473
-406.4583333333333,1090,38,8,9728,200.0,0.027734375,0.08346790075302124,0.3,0.4093689024448395,-0.007747249747626484,4770,0.00961595,3.960176023840904,0.0003,-0.8451316505670547
-406.3265306122449,1091,39,9,9984,200.0,0.0,0.0009516477584838867,0.3,2.5400938987731934,0.00026846579276025296,4780,0.0015737244,4.389389646053314,0.0003,-0.9279379636049271
-406.078431372549,1092,40,9,10240,200.0,0.0140625,-0.0003807544708251953,0.3,0.3221292197704315,-0.005606026481837034,4790,0.013119444,4.305862644314766,0.0003,-0.8893565565347672
-400.0,1592,1,0,256,200.0,0.0,0.04798078536987305,0.3,3.6188127994537354,-0.0023258031345903874,4800,0.0021372638,8.25012378692627,0.0003,-0.7894553691148758
-400.0,1291,2,0,512,200.0,0.021875,-1.430511474609375e-06,0.3,2.3067688941955566,-0.003020132496021688,4810,0.006228455,4.348491191864014,0.0003,-0.47907017171382904
-400.0,1229,3,0,768,200.0,0.009375,1.3113021850585938e-05,0.3,2.180640459060669,-0.0015879301587119698,4820,0.0028364044,4.326665914058685,0.0003,-0.36266343742609025
-394.0,1178,4,0,1024,200.0,0.0,0.08039802312850952,0.3,6.894493579864502,-0.0013045514468103647,4830,0.00039342674,13.420122432708741,0.0003,-0.38887265920639036
-395.0,1167,5,1,1280,200.0,0.05703125,0.033215105533599854,0.3,3.5161991119384766,-0.0052288264967501165,4840,0.016583342,7.295309436321259,0.0003,-0.7491985648870468
-395.7142857142857,1156,6,1,1536,200.0,0.002734375,-0.01648879051208496,0.3,2.171971559524536,-0.0012323766248300671,4850,0.0019211313,4.349628376960754,0.0003,-0.763999006152153
-396.25,1145,7,1,1792,200.0,0.013671875,-0.03053462505340576,0.3,2.4590835571289062,-0.0001400890527293086,4860,0.0057654744,4.510426616668701,0.0003,-1.0369211852550506
-397.0,1140,8,1,2048,200.0,0.342578125,0.0020837783813476562,0.3,2.654066324234009,-0.013735060580074787,4870,0.34909552,4.268616402149201,0.0003,-1.0774641364812851
-397.27272727272725,1135,9,2,2304,200.0,0.079296875,-0.03920578956604004,0.3,4.096736907958984,-0.006991289230063558,4880,0.012003565,8.134318697452546,0.0003,-1.61051065325737
-397.5,1127,10,2,2560,200.0,0.004296875,0.07835471630096436,0.3,0.9332495927810669,-0.003638000227510929,4890,0.004054893,4.134066975116729,0.0003,-1.3075254559516907
-401.42857142857144,1124,11,2,2816,200.0,0.142578125,-0.17049789428710938,0.3,1.4836310148239136,-0.014826766750775277,4900,0.10076401,4.697164648771286,0.0003,-1.2431674659252168
-401.3333333333333,1125,12,2,3072,200.0,0.038671875,-0.009149551391601562,0.3,24.437198638916016,-0.01726500131189823,4910,0.010042646,46.281897735595706,0.0003,-1.00034718811512
-401.25,1123,13,2,3328,200.0,0.030078125,0.0073441267013549805,0.3,2.945035934448242,-0.00723665589466691,4920,0.013019813,4.3585546016693115,0.0003,-0.8908031016588212
-401.1764705882353,1115,14,3,3584,200.0,0.245703125,-0.007065296173095703,0.3,1.3556073904037476,-0.015680516371503472,4930,0.08966355,4.398467087745667,0.0003,-1.169148337841034
-401.05263157894734,1114,15,3,3840,200.0,0.104296875,0.0017622709274291992,0.3,2.132375478744507,-0.011325482884421945,4940,0.024709634,4.347002112865448,0.0003,-1.309525340795517
-401.0,1112,16,3,4096,200.0,0.05390625,0.011845886707305908,0.3,4.96019172668457,-0.010929284943267703,4950,0.018342018,8.25539609193802,0.0003,-1.6082269549369812
-400.95238095238096,1106,17,3,4352,200.0,0.203515625,0.02207958698272705,0.3,2.089308500289917,-0.027715356182307006,4960,0.028229263,4.2115377455949785,0.0003,-1.398279505968094
-399.1304347826087,1097,18,4,4608,200.0,0.023828125,0.01786959171295166,0.3,0.2644273638725281,-0.012286690715700387,4970,0.011611085,4.224288186430931,0.0003,-1.5551208913326264
-398.75,1097,19,4,4864,200.0,0.021875,0.018377721309661865,0.3,6.838803291320801,-0.005234307376667857,4980,0.017442249,17.5142728805542,0.0003,-1.6004053890705108
-400.8,1093,20,4,5120,200.0,0.0,-1.0012569427490234,0.3,3.9273087978363037,-0.001725285081192851,4990,0.0021949618,13.367344963550568,0.0003,-0.9691850334405899
-400.7692307692308,1091,21,4,5376,200.0,0.001171875,-0.06064403057098389,0.3,22.481609344482422,-0.005757204035762698,5000,0.002295858,44.26531858444214,0.0003,-1.2965276956558227
-400.35714285714283,1094,22,5,5632,200.0,0.132421875,-0.0003268718719482422,0.3,2.108447313308716,-0.013871679897420108,5010,0.08509639,4.311819458007813,0.0003,-1.025463792681694
-400.3448275862069,1093,23,5,5888,200.0,0.0,0.2517281770706177,0.3,3.3521108627319336,-0.0036662076599895954,5020,0.0040031434,7.4967406511306764,0.0003,-0.8788765519857407
-400.3333333333333,1093,24,5,6144,200.0,0.0140625,-0.0012369155883789062,0.3,2.1427407264709473,-0.0024268921464681626,5030,0.008664878,4.345102739334107,0.0003,-0.9525561690330505
-400.3125,1093,25,5,6400,200.0,0.0703125,0.0998043417930603,0.3,1.657686710357666,-0.01487537594512105,5040,0.030179726,3.911407834291458,0.0003,-1.3585407614707947
-401.8181818181818,1091,26,6,6656,200.0,0.027734375,0.06677329540252686,0.3,3.2018158435821533,-0.010202528513036668,5050,0.009739298,8.483093667030335,0.0003,-1.170961356163025
-401.7647058823529,1092,27,6,6912,200.0,0.0,-0.027353763580322266,0.3,26.086528778076172,-0.004649703111499548,5060,0.0024391392,42.86198558807373,0.0003,-1.509434586763382
-401.7142857142857,1091,28,6,7168,200.0,0.1578125,0.0027253031730651855,0.3,1.7900389432907104,-0.020411239401437343,5070,0.12657113,4.467792904376983,0.0003,-1.3412545382976533
-401.6216216216216,1092,29,6,7424,200.0,0.24375,0.02036106586456299,0.3,2.71278715133667,-0.015045882249251009,5080,0.034538902,4.260168647766113,0.0003,-1.4366767823696136
-401.57894736842104,1090,30,7,7680,200.0,0.0390625,0.10753190517425537,0.3,4.210632801055908,-0.0072861808817833666,5090,0.02103848,7.805255174636841,0.0003,-1.5354881823062896
-401.53846153846155,1088,31,7,7936,200.0,0.0296875,0.07894736528396606,0.3,2.4091830253601074,-0.008808671380393207,5100,0.028215285,4.056035333871842,0.0003,-1.5880001604557037
-402.75,1088,32,7,8192,200.0,0.1046875,0.03853154182434082,0.3,3.2350711822509766,-0.01662033433094621,5110,0.025224146,4.136131301522255,0.0003,-1.8040453493595123
-402.6190476190476,1089,33,7,8448,200.0,0.00390625,-0.012948989868164062,0.3,23.335582733154297,-0.01442920845001936,5120,0.0033240686,38.3172947883606,0.0003,-1.2636383175849915
-402.5581395348837,1089,34,7,8704,200.0,0.0,0.00038129091262817383,0.3,2.1867470741271973,0.0003760966006666422,5130,0.00078178244,8.998892974853515,0.0003,-1.2055529475212097
-402.5,1087,35,8,8960,200.0,0.002734375,5.245208740234375e-06,0.3,3.0672850608825684,-0.0022622507065534593,5140,0.0043303436,4.499302220344544,0.0003,-1.1221558451652527
-402.39130434782606,1086,36,8,9216,200.0,0.133203125,1.6093254089355469e-06,0.3,2.4397501945495605,-0.018444059824105352,5150,0.11522196,4.390581780672074,0.0003,-0.9190621793270111
-402.3404255319149,1086,37,8,9472,200.0,0.0015625,0.00027745962142944336,0.3,5.121220588684082,-0.0015546028502285481,5160,0.0039063487,8.417117547988891,0.0003,-0.6902663260698318
-402.2916666666667,1086,38,8,9728,200.0,0.0,6.496906280517578e-06,0.3,1.9732755422592163,-0.0009027767227962613,5170,0.000617414,4.341515690088272,0.0003,-0.482975161075592
-402.2448979591837,1086,39,9,9984,200.0,0.002734375,4.5299530029296875e-06,0.3,1.6727746725082397,-0.0009675045032054186,5180,0.0012614571,4.334560540318489,0.0003,-0.40883980691432953
-402.15686274509807,1086,40,9,10240,200.0,0.019921875,-0.0003299713134765625,0.3,1.5520472526550293,-0.001765944669023156,5190,0.0037246095,4.354159235954285,0.0003,-0.575921019911766
-400.0,1469,1,0,256,200.0,0.009375,0.00026339292526245117,0.3,5.3879899978637695,-0.0033178110839799046,5200,0.004348855,8.406195378303527,0.0003,-0.6515946716070176
-400.0,1258,2,0,512,200.0,0.0,0.004111766815185547,0.3,2.8441050052642822,-0.001318597630597651,4810,0.003705188,4.333187162876129,0.0003,-0.823034581542015
-400.0,1202,3,0,768,200.0,0.005859375,0.010941028594970703,0.3,3.0514581203460693,-0.002197734033688903,4820,0.0079595735,4.284734380245209,0.0003,-0.6824578940868378
-400.0,1170,4,0,1024,200.0,0.0,0.008970141410827637,0.3,2.9619874954223633,-0.000564547604881227,4830,0.00077203196,4.3115549147129055,0.0003,-0.6385060250759125
-403.3333333333333,1154,5,1,1280,200.0,0.0,0.01309579610824585,0.3,5.326725006103516,-0.004245260031893849,4840,0.0020406547,8.262947404384613,0.0003,-0.6039070338010788
-402.85714285714283,1136,6,1,1536,200.0,0.001953125,0.058147430419921875,0.3,4.0864386558532715,-0.005320929444860667,4850,0.0020012439,10.452976369857788,0.0003,-0.608286252617836
-402.5,1134,7,1,1792,200.0,0.0,-0.018248558044433594,0.3,1.8655354976654053,-0.0017281453823670746,4860,0.001979093,4.36148319542408,0.0003,-0.5885189682245254
-402.0,1130,8,1,2048,200.0,0.01171875,0.0017197132110595703,0.3,1.868371605873108,-0.004288018844090402,4870,0.005027285,4.333791691064834,0.0003,-0.5433627724647522
-401.8181818181818,1123,9,2,2304,200.0,0.0,0.01718282699584961,0.3,4.907896995544434,-0.0007878806442022324,4880,0.0015260694,8.103979682922363,0.0003,-0.5681513667106628
-401.6666666666667,1122,10,2,2560,200.0,0.071875,0.010254502296447754,0.3,1.937363624572754,-8.318028412759304e-05,4890,0.010986067,4.280810898542404,0.0003,-0.7074932277202606
-401.42857142857144,1119,11,2,2816,200.0,0.03046875,0.006909608840942383,0.3,1.6690564155578613,-0.005523946578614413,4900,0.01534077,4.299882769584656,0.0003,-0.6718524754047394
-401.3333333333333,1116,12,2,3072,200.0,0.0,0.06327265501022339,0.3,4.849550247192383,-0.00029996519442647694,4910,0.0010957317,8.333537173271178,0.0003,-0.5514266163110733
-401.25,1109,13,2,3328,200.0,0.0,0.07448309659957886,0.3,1.9320471286773682,-0.00038343900814652443,4920,0.00018017087,3.911751651763916,0.0003,-0.5264515727758408
-401.1764705882353,1113,14,3,3584,200.0,0.0078125,-0.00016105175018310547,0.3,1.9642378091812134,-0.0047030632849782705,4930,0.0038587297,4.3556910932064055,0.0003,-0.5275105029344559
-401.05263157894734,1109,15,3,3840,200.0,0.076171875,0.006571352481842041,0.3,2.0732438564300537,-0.01175073254853487,4940,0.021150747,4.309178340435028,0.0003,-0.6947884500026703
-401.0,1108,16,3,4096,200.0,0.0109375,0.015787959098815918,0.3,4.135610103607178,-0.004027987620793283,4950,0.013678167,8.194292235374451,0.0003,-0.753590190410614
-400.95238095238096,1108,17,3,4352,200.0,0.0,0.04442095756530762,0.3,0.5251151919364929,-0.003999438579194247,4960,0.0068605393,4.035572302341461,0.0003,-0.6124591410160065
-400.8695652173913,1107,18,4,4608,200.0,0.0,0.13412612676620483,0.3,1.0413281917572021,-0.001905932545196265,4970,0.00237746,3.8020995259284973,0.0003,-0.5403994351625443
-400.8333333333333,1107,19,4,4864,200.0,0.0,0.0002906918525695801,0.3,3.905207872390747,-0.00028487537056207655,4980,9.471923e-05,7.952016067504883,0.0003,-0.4992610886693001
-404.8,1106,20,4,5120,200.0,0.001953125,0.046118974685668945,0.3,5.273626804351807,-0.00429846573388204,4990,0.0007434923,8.91622097492218,0.0003,-0.4926206886768341
-404.61538461538464,1103,21,4,5376,200.0,0.0,-0.03924429416656494,0.3,12.6768798828125,-0.0005046696169301867,5000,0.00017534313,26.976623153686525,0.0003,-0.5098411023616791
-404.2857142857143,1102,22,5,5632,200.0,0.0,0.0008046627044677734,0.3,2.4116125106811523,-0.0002544418442994356,5010,0.00017177616,5.179123973846435,0.0003,-0.5288369804620743
-404.13793103448273,1101,23,5,5888,200.0,0.0,-0.0032486915588378906,0.3,5.311514377593994,-0.0007129159988835454,5020,0.00032165158,9.614103138446808,0.0003,-0.5492522686719894
-404.0,1100,24,5,6144,200.0,0.0,-0.01687014102935791,0.3,2.0202903747558594,-0.001722804270684719,5030,0.0043355124,4.505431056022644,0.0003,-0.597277820110321
-403.75,1100,25,5,6400,200.0,0.026953125,0.004215717315673828,0.3,3.397042989730835,-0.0025429273722693325,5040,0.009518563,4.304394197463989,0.0003,-0.7229586362838745
-403.6363636363636,1099,26,6,6656,200.0,0.0,-0.041075825691223145,0.3,5.356274604797363,-0.0007122326642274857,5050,0.0012459776,8.631329202651978,0.0003,-0.8051666527986526
-403.52941176470586,1099,27,6,6912,200.0,0.0296875,-0.010476946830749512,0.3,2.136836290359497,-0.007210706896148622,5060,0.017038558,4.327063703536988,0.0003,-0.8732656121253968
-404.85714285714283,1099,28,6,7168,200.0,0.002734375,0.015932977199554443,0.3,4.400452136993408,-0.004285763762891292,5070,0.005756285,9.847482538223266,0.0003,-0.9912310242652893
-404.5945945945946,1098,29,6,7424,200.0,0.003515625,0.10491466522216797,0.3,17.570297241210938,-0.002022848604246974,5080,0.00063399575,23.915577983856203,0.0003,-1.0252213776111603
-404.4736842105263,1098,30,6,7680,200.0,0.0,0.007992029190063477,0.3,5.275115013122559,-0.0014457909390330314,5090,0.00070261117,9.092280876636504,0.0003,-1.0188735723495483
-404.35897435897436,1097,31,7,7936,200.0,0.0609375,0.0032621026039123535,0.3,1.8557960987091064,-0.00852702537085861,5100,0.010575603,4.423034369945526,0.0003,-1.0336005806922912
-404.25,1098,32,7,8192,200.0,0.084375,0.016893208026885986,0.3,1.5450642108917236,-0.006095097353681922,5110,0.029471686,4.310740154981613,0.0003,-0.9751161605119705
-404.04761904761904,1097,33,7,8448,200.0,0.0,0.013728499412536621,0.3,2.98827862739563,-0.0044888915494084355,5120,0.012476316,4.2986763417720795,0.0003,-0.8623108178377151
-405.1162790697674,1097,34,7,8704,200.0,0.0,0.011377453804016113,0.3,3.3516337871551514,0.0006328159244731069,5130,0.0025453563,8.063724935054779,0.0003,-0.7561730027198792
-405.0,1097,35,8,8960,200.0,0.0,0.08397150039672852,0.3,17.7830867767334,-0.0031966179492883386,5140,0.00019512023,47.05362186431885,0.0003,-0.7360945641994476
-404.7826086956522,1096,36,8,9216,200.0,0.0,-8.26120376586914e-05,0.3,1.54099702835083,-0.00030052035581320526,5150,0.00019725389,4.6546578198671344,0.0003,-0.7361638307571411
-404.6808510638298,1095,37,8,9472,200.0,0.0,0.006850779056549072,0.3,3.6596362590789795,-0.0005568752763792873,5160,0.0026489033,8.402812004089355,0.0003,-0.7679036408662796
-404.5833333333333,1095,38,8,9728,200.0,0.0,0.03313976526260376,0.3,1.7229807376861572,-0.001787084515672177,5170,0.0047685206,4.372074270248413,0.0003,-0.8273148030042649
-404.48979591836735,1094,39,9,9984,200.0,0.00078125,-0.021180033683776855,0.3,1.5831806659698486,-0.00012636837782338263,5180,0.0055953236,4.3088787317276,0.0003,-0.8625354498624802
-404.3137254901961,1095,40,9,10240,200.0,0.0,0.03152775764465332,0.3,1.7146937847137451,-0.000896270980592817,5190,0.0011793661,4.155531433224678,0.0003,-0.8267742604017257
-400.0,1387,1,0,256,200.0,0.0,-0.004143118858337402,0.3,4.88141393661499,-0.002873798552900553,5200,0.009071751,8.330659472942353,0.0003,-0.8411048859357834
-400.0,1228,2,0,512,200.0,0.01484375,0.00011867284774780273,0.3,3.4935476779937744,-0.009137981687672436,5210,0.017729163,4.347040578722954,0.0003,-1.2824399888515472
-400.0,1182,3,0,768,200.0,0.055078125,0.00021851062774658203,0.3,0.8111883997917175,-0.008007201412692667,5220,0.030473195,4.32599264383316,0.0003,-0.9960891962051391
-400.0,1145,4,0,1024,200.0,0.141015625,0.001743018627166748,0.3,1.850372076034546,-0.010121192852966487,5230,0.026561774,4.333190590143204,0.0003,-1.0995964914560319
-400.0,1136,5,1,1280,200.0,0.00703125,-0.000990748405456543,0.3,5.115168571472168,-0.0027614728547632693,5240,0.005098244,8.385241365432739,0.0003,-1.1320624828338623
-400.0,1128,6,1,1536,200.0,0.3015625,-0.012282609939575195,0.3,2.688868522644043,-0.023799227131530643,5250,0.044519305,4.337786436080933,0.0003,-1.52392720580101
-400.0,1121,7,1,1792,200.0,0.036328125,0.002708911895751953,0.3,0.8099117875099182,-0.010487552802078425,5260,0.021762438,4.324144464731217,0.0003,-1.4632798492908479
-400.0,1114,8,1,2048,200.0,0.13203125,-0.004288315773010254,0.3,0.5489622354507446,-0.013395977043546736,5270,0.07069025,4.360222464799881,0.0003,-1.4352119147777558
-400.0,1107,9,2,2304,200.0,0.036328125,0.0003591775894165039,0.3,5.233071327209473,-0.009495202079415321,5280,0.019678162,8.186201357841492,0.0003,-1.4729966163635253
-404.1666666666667,1103,10,2,2560,200.0,0.109765625,-2.1219253540039062e-05,0.3,3.4436380863189697,-0.015231589041650295,5290,0.048146106,4.339637553691864,0.0003,-1.6193023145198822
-407.14285714285717,1103,11,2,2816,200.0,0.00078125,0.00013381242752075195,0.3,39.22502899169922,-0.007187966210767627,5300,0.0077375127,64.70530548095704,0.0003,-1.6514113783836364
-406.6666666666667,1099,12,2,3072,200.0,0.012890625,0.0018522143363952637,0.3,5.958717346191406,-0.006140492763370276,5310,0.006579469,8.685416316986084,0.0003,-1.603771197795868
-406.25,1095,13,3,3328,200.0,0.033984375,0.0008966922760009766,0.3,1.7142727375030518,-0.010701830382458866,5320,0.019483212,4.365878409147262,0.0003,-1.4589874982833861
-408.8235294117647,1093,14,3,3584,200.0,0.0,0.0023476481437683105,0.3,20.812891006469727,-0.005034314817748964,5330,0.0038731524,41.73489580154419,0.0003,-1.3912376403808593
-407.89473684210526,1090,15,3,3840,200.0,0.047265625,0.004026353359222412,0.3,0.8524647951126099,-0.008620560821145772,5340,0.015775546,4.353377050161361,0.0003,-1.3288124203681946
-407.5,1089,16,3,4096,200.0,0.159765625,0.022219717502593994,0.3,3.8394131660461426,-0.016373675595968962,5350,0.05340609,8.11659505367279,0.0003,-1.6173785507678986
-407.14285714285717,1088,17,3,4352,200.0,0.000390625,0.015512645244598389,0.3,1.3748162984848022,-0.0009347452083602548,5360,0.00413685,4.379966151714325,0.0003,-1.1972106456756593
-408.69565217391306,1085,18,4,4608,200.0,0.0,0.02919137477874756,0.3,2.0340702533721924,-0.00033304078970104457,5370,0.0014106138,4.1183710396289825,0.0003,-1.0679667234420775
-408.3333333333333,1085,19,4,4864,200.0,0.028515625,-0.014273524284362793,0.3,16.072298049926758,-0.00825142947724089,5380,0.021586232,46.05646777153015,0.0003,-1.465359205007553
-408.0,1084,20,4,5120,200.0,0.09921875,-0.0001729726791381836,0.3,2.257230520248413,-0.018069283850491048,5390,0.04071205,4.602886688709259,0.0003,-1.652476304769516
-411.53846153846155,1082,21,4,5376,200.0,0.036328125,0.0003260970115661621,0.3,27.7468204498291,-0.013736305152997374,5400,0.012598359,41.282261562347415,0.0003,-1.4317170917987823
-412.5,1081,22,5,5632,200.0,0.02578125,-6.449222564697266e-05,0.3,48.71271514892578,-0.011611566506326198,5410,0.0084038535,76.75975723266602,0.0003,-1.6319016337394714
-412.0689655172414,1079,23,5,5888,200.0,0.0,0.0003616809844970703,0.3,4.984941482543945,-0.0005019429139792919,5420,0.00014317501,9.898319935798645,0.0003,-1.5188729822635652
-415.0,1079,24,5,6144,200.0,0.00390625,0.0013592243194580078,0.3,39.160804748535156,-0.01027229754254222,5430,0.0024832194,76.83694591522217,0.0003,-1.4343439221382142
-415.625,1078,25,5,6400,200.0,0.0,0.0006750822067260742,0.3,1.6532384157180786,-0.0015777876600623132,5440,0.0013248059,4.983296644687653,0.0003,-1.7276326596736908
-415.1515151515151,1077,26,6,6656,200.0,0.0640625,0.0012280941009521484,0.3,23.812875747680664,-0.022513241227716207,5450,0.04588172,45.243509674072264,0.0003,-1.400412094593048
-414.70588235294116,1077,27,6,6912,200.0,0.06015625,0.020692169666290283,0.3,2.08065128326416,-0.00998599303420633,5460,0.020715963,4.293800473213196,0.0003,-1.1640704810619353
-414.2857142857143,1076,28,6,7168,200.0,0.003125,0.04727381467819214,0.3,2.311338186264038,-0.0029575042775832117,5470,0.0069422815,4.2524402916431425,0.0003,-1.3029714107513428
-413.5135135135135,1074,29,6,7424,200.0,0.051953125,0.01859802007675171,0.3,0.8887416124343872,-0.0050130838761106135,5480,0.007445204,4.395689004659653,0.0003,-1.3676998376846314
-413.1578947368421,1075,30,7,7680,200.0,0.010546875,-0.040434956550598145,0.3,3.979891777038574,-0.013230927125550806,5490,0.0100754015,8.727603709697723,0.0003,-1.3561511039733887
-412.8205128205128,1072,31,7,7936,200.0,0.058203125,0.0023215413093566895,0.3,2.3939590454101562,-0.0009573844959959388,5500,0.00844109,4.340443480014801,0.0003,-1.361224788427353
-412.5,1070,32,7,8192,200.0,0.015234375,0.05837106704711914,0.3,2.1429524421691895,-0.005849292920902372,5510,0.013975376,4.127498209476471,0.0003,-1.421990656852722
-413.0952380952381,1069,33,7,8448,200.0,0.0265625,0.010211944580078125,0.3,18.539230346679688,-0.010011946619488298,5520,0.01829138,40.98322873115539,0.0003,-1.5583205103874207
-412.7906976744186,1070,34,8,8704,200.0,0.0,0.03262889385223389,0.3,3.4734888076782227,-0.0003677696455270052,5530,0.0024847125,8.089058518409729,0.0003,-1.4610615491867065
-412.5,1070,35,8,8960,200.0,0.224609375,0.029932856559753418,0.3,2.248704671859741,-0.005483872536569834,5540,0.058700882,4.227377307415009,0.0003,-1.4630340874195098
-413.04347826086956,1070,36,8,9216,200.0,0.0453125,-0.14507818222045898,0.3,0.8404215574264526,-0.006654523662291467,5550,0.01221936,4.731433387100696,0.0003,-1.4839712142944337
-412.7659574468085,1071,37,8,9472,200.0,0.087890625,0.021787643432617188,0.3,35.07936096191406,-0.024259363976307215,5560,0.07600691,45.171780014038085,0.0003,-1.3495102107524872
-412.5,1070,38,9,9728,200.0,0.006640625,-0.07950484752655029,0.3,0.7608546018600464,-0.013406239286996424,5570,0.0051815878,4.629870104789734,0.0003,-1.3671505808830262
-412.2448979591837,1070,39,9,9984,200.0,0.018359375,-0.018023133277893066,0.3,1.8189713954925537,-0.0011422963812947272,5580,0.015464406,4.421586906909942,0.0003,-1.1956762611865996
-411.7647058823529,1070,40,9,10240,200.0,0.301171875,0.00798332691192627,0.3,2.6142497062683105,-0.010925044631585478,5590,0.033858,4.33928479552269,0.0003,-1.182643437385559
-420.0,1377,1,0,256,200.0,0.003515625,0.01871049404144287,0.3,3.756596326828003,-0.00624395499471575,5600,0.0077801757,8.282317328453065,0.0003,-1.3290448248386384
-410.0,1227,2,0,512,200.0,0.001953125,0.11028826236724854,0.3,3.8857836723327637,-0.004945094790309667,5210,0.0061985506,9.436716747283935,0.0003,-0.8905185878276825
-406.6666666666667,1173,3,0,768,200.0,0.075,0.0037786364555358887,0.3,2.253277063369751,-0.007613431662321091,5220,0.037901603,4.327566695213318,0.0003,-0.9084450006484985
-424.0,1149,4,0,1024,200.0,0.0,0.01383751630783081,0.3,2.3038341999053955,-0.0016149983974173665,5230,0.0036406356,4.118613058328629,0.0003,-0.8993664145469665
-420.0,1131,5,1,1280,200.0,0.0,-0.022956490516662598,0.3,47.906410217285156,-0.003361341683194041,5240,0.0015570151,102.2230396270752,0.0003,-0.8765707314014435
-417.14285714285717,1122,6,1,1536,200.0,0.0,0.0010200738906860352,0.3,2.925644636154175,-0.00027385528665035963,5250,0.00016448274,4.507653200626374,0.0003,-0.86426540017128
-416.25,1118,7,1,1792,200.0,0.00234375,0.02810966968536377,0.3,5.822587490081787,-0.005237916420446709,5260,0.0017944067,10.017365431785583,0.0003,-0.8510832607746124
-413.0,1106,8,1,2048,200.0,0.0,0.31182217597961426,0.3,1.494518756866455,-0.0036565959453582764,5270,0.009281132,3.773210257291794,0.0003,-0.8639279663562774
-411.8181818181818,1101,9,2,2304,200.0,0.00390625,0.01775991916656494,0.3,4.562476634979248,-0.004938160697929561,5280,0.00947157,8.281077027320862,0.0003,-0.9085466831922531
-410.8333333333333,1100,10,2,2560,200.0,0.0,0.0024874210357666016,0.3,0.8918864727020264,-0.0003597074188292027,5290,0.003385731,4.336718279123306,0.0003,-0.9413783431053162
-412.85714285714283,1096,11,2,2816,200.0,0.00234375,0.04229879379272461,0.3,1.9714062213897705,-0.003731462359428406,5300,0.004869933,4.044304513931275,0.0003,-0.9650748878717422
-412.0,1092,12,2,3072,200.0,0.0,0.0430983304977417,0.3,25.14790916442871,-0.004648086591623723,5310,0.0030371011,54.73886613845825,0.0003,-1.0113009959459305
-411.25,1090,13,3,3328,200.0,0.0,0.003944694995880127,0.3,3.735697031021118,0.00042306596878916025,5320,0.00013688486,4.655744963884354,0.0003,-1.0316547214984895
-410.5882352941176,1088,14,3,3584,200.0,0.0,0.0010595917701721191,0.3,2.0216424465179443,-0.003346178610809147,5330,0.0067531187,4.4110513687133786,0.0003,-0.9887431263923645
-409.4736842105263,1083,15,3,3840,200.0,0.0,0.005423843860626221,0.3,0.6138002872467041,-0.0031233357498422266,5340,0.009260558,4.337376201152802,0.0003,-0.9199689537286758
-409.0,1081,16,3,4096,200.0,0.0,0.01841294765472412,0.3,4.855916976928711,-4.1672214865684507e-05,5350,0.0052721095,8.356943225860595,0.0003,-0.9041434437036514
-408.57142857142856,1081,17,4,4352,200.0,0.0,-0.004715681076049805,0.3,2.3079752922058105,-0.004228967288509011,5360,0.014442693,4.340045309066772,0.0003,-0.8988684356212616
-407.82608695652175,1081,18,4,4608,200.0,0.108984375,-0.028043150901794434,0.3,1.4495726823806763,-0.01360628022812307,5370,0.046479195,4.206753742694855,0.0003,-0.8126583427190781
-407.5,1080,19,4,4864,200.0,0.0,0.010820329189300537,0.3,5.040781021118164,1.4254916459321976e-05,5380,5.5582263e-05,8.09734890460968,0.0003,-0.7312062978744507
-407.2,1081,20,4,5120,200.0,0.0,0.009290575981140137,0.3,2.01383900642395,-0.0005236749420873821,5390,0.0011200362,4.363248020410538,0.0003,-0.7458594292402267
-406.9230769230769,1080,21,4,5376,200.0,0.0140625,-0.057403564453125,0.3,3.2872939109802246,-0.0063794297631829975,5400,0.0070837494,4.499146610498428,0.0003,-0.7901928544044494
-406.42857142857144,1080,22,5,5632,200.0,0.0,0.0059926509857177734,0.3,3.427124500274658,-0.002717595128342509,5410,0.0047670295,4.289700371026993,0.0003,-0.8215888947248459
-406.2068965517241,1079,23,5,5888,200.0,0.0,0.0164945125579834,0.3,2.483746290206909,-0.004821205534972251,5420,0.0112175355,8.259233403205872,0.0003,-0.773089024424553
-406.0,1079,24,5,6144,200.0,0.006640625,0.0051119327545166016,0.3,3.057933807373047,-0.001682184007950127,5430,0.0028147988,4.313777053356171,0.0003,-0.7242676794528962
-405.625,1079,25,5,6400,200.0,0.09375,0.0100938081741333,0.3,1.6414010524749756,-0.006157571030780673,5440,0.014804629,4.292364335060119,0.0003,-0.8426237314939499
-405.45454545454544,1078,26,6,6656,200.0,0.0,0.007562577724456787,0.3,3.2379555702209473,0.0003549764631316066,5450,0.0008938643,8.309212183952331,0.0003,-0.8399176657199859
-405.29411764705884,1078,27,6,6912,200.0,0.00703125,0.00575786828994751,0.3,2.2267117500305176,-0.0010060662170872092,5460,0.002808111,4.3054035902023315,0.0003,-0.8718906670808793
-405.14285714285717,1078,28,6,7168,200.0,0.026171875,0.03758859634399414,0.3,3.112802505493164,-0.010886874981224537,5470,0.017077498,4.226599153876305,0.0003,-0.9225581467151642
-404.86486486486484,1077,29,6,7424,200.0,0.0,0.013733506202697754,0.3,1.9203795194625854,-0.0016998959705233573,5480,0.008038335,4.381663739681244,0.0003,-0.8585455566644669
-404.7368421052632,1077,30,7,7680,200.0,0.0,-0.029919743537902832,0.3,2.5549097061157227,-0.0023404776584357023,5490,0.001481585,8.675213074684143,0.0003,-0.7915976911783218
-404.61538461538464,1076,31,7,7936,200.0,0.0,0.010456204414367676,0.3,2.045407772064209,0.00019077013712376356,5500,3.7750928e-05,4.325357180833817,0.0003,-0.7775581181049347
-404.5,1076,32,7,8192,200.0,0.0421875,0.009149610996246338,0.3,1.1832435131072998,-0.007296613440848887,5510,0.015331734,4.258253639936447,0.0003,-0.8395249009132385
-404.76190476190476,1076,33,7,8448,200.0,0.0,-0.02047574520111084,0.3,2.6406772136688232,-0.0004546066978946328,5520,0.0013915224,4.375522726774216,0.0003,-0.9178273290395736
-404.6511627906977,1076,34,8,8704,200.0,0.002734375,0.015231013298034668,0.3,7.454020977020264,-0.006043375458102673,5530,0.0029168953,13.50991086959839,0.0003,-0.8670700699090957
-406.59090909090907,1074,35,8,8960,200.0,0.062109375,-0.02196347713470459,0.3,2.4854252338409424,-0.010417270427569746,5540,0.021417761,4.406137382984161,0.0003,-0.9095178812742233
-408.2608695652174,1074,36,8,9216,200.0,0.00390625,-0.0046651363372802734,0.3,86.77748107910156,-0.008480183128267527,5550,0.0018210141,185.37301635742188,0.0003,-0.9555623292922973
-408.0851063829787,1074,37,8,9472,200.0,0.0,0.0036983489990234375,0.3,4.417824745178223,-0.0018137340899556874,5560,0.0015240321,8.833354306221008,0.0003,-0.9647120505571365
-407.9166666666667,1075,38,9,9728,200.0,0.0,0.002724885940551758,0.3,0.4502324163913727,-0.0007363926619291305,5570,0.0019106467,4.380650225281715,0.0003,-0.9770625859498978
-407.7551020408163,1074,39,9,9984,200.0,0.0,-0.002841472625732422,0.3,2.8722472190856934,-3.680579829961062e-05,5580,0.0010489691,4.3614581823349,0.0003,-0.9807881563901901
-409.2156862745098,1075,40,9,10240,200.0,0.002734375,-6.4373016357421875e-06,0.3,3.293503761291504,-0.004810408630874008,5590,0.0043747965,4.350748006999493,0.0003,-0.9695102453231812
-400.0,1448,1,0,256,200.0,0.001953125,-0.0014498233795166016,0.3,52.635433197021484,-0.004086418589577079,5600,0.0027806559,104.09349136352539,0.0003,-0.9831038147211075
-400.0,1231,2,0,512,200.0,0.0484375,0.00045746564865112305,0.3,2.981074333190918,-0.013078247965313494,5610,0.026195396,4.294361400604248,0.0003,-1.3783489227294923
-400.0,1170,3,0,768,200.0,0.0,0.0016765594482421875,0.3,0.5843502283096313,-0.0028241068590432405,5620,0.004231341,4.312061220407486,0.0003,-1.0118450224399567
-410.0,1136,4,0,1024,200.0,0.0,0.0025725364685058594,0.3,0.811996579170227,-0.0011151718907058239,5630,0.0011981842,4.3285999417304994,0.0003,-0.9443603008985519
-408.3333333333333,1114,5,1,1280,200.0,0.0,-0.004657149314880371,0.3,24.505556106567383,-0.001261495752260089,5640,0.0020132666,45.94153985977173,0.0003,-1.28466237783432
-407.14285714285717,1106,6,1,1536,200.0,0.00078125,0.010106563568115234,0.3,2.415769338607788,-0.0046982088591903445,5650,0.0102247875,4.396678239107132,0.0003,-0.8461460113525391
-406.25,1098,7,1,1792,200.0,0.034375,0.0072824954986572266,0.3,2.771911859512329,-0.0072777193738147615,5660,0.014335088,4.360973513126373,0.0003,-0.8207405716180801
-405.0,1087,8,1,2048,200.0,0.001171875,0.009779870510101318,0.3,1.3970133066177368,-0.002334411279298365,5670,0.0005753266,4.264106547832489,0.0003,-0.6465144902467728
-404.54545454545456,1079,9,2,2304,200.0,0.007421875,-0.0002745389938354492,0.3,3.2913053035736084,-0.008079352136701346,5680,0.004204967,8.203900873661041,0.0003,-0.9851339668035507
-408.3333333333333,1078,10,2,2560,200.0,0.0,0.013865411281585693,0.3,1.9231772422790527,0.0005197148304432631,5690,0.00027969317,4.287809526920318,0.0003,-0.7946453183889389
-410.7142857142857,1083,11,2,2816,200.0,0.0,-0.0008810758590698242,0.3,23.056968688964844,0.001398077525664121,5700,0.00011949218,38.64174590110779,0.0003,-0.6372857809066772
-410.0,1081,12,2,3072,200.0,0.00625,-0.004026293754577637,0.3,17.92728614807129,-0.002132883155718446,5710,0.002146463,45.67639398574829,0.0003,-0.7305180877447128
-409.375,1078,13,3,3328,200.0,0.0,0.02277129888534546,0.3,2.3713114261627197,-0.0013395373709499836,5720,0.0008699305,4.326571440696716,0.0003,-0.8282631933689117
-408.8235294117647,1072,14,3,3584,200.0,0.037109375,-0.030547499656677246,0.3,1.141262173652649,-0.012601339630782605,5730,0.011233984,4.535955369472504,0.0003,-1.0550289303064346
-407.89473684210526,1071,15,3,3840,200.0,0.0,0.026337027549743652,0.3,2.6001927852630615,-0.0015598691999912262,5740,0.0015016347,4.254364490509033,0.0003,-0.9705334901809692
-407.5,1073,16,3,4096,200.0,0.0,0.0233040452003479,0.3,5.651005268096924,-0.004125263798050583,5750,0.002380828,8.427825140953065,0.0003,-1.0282086730003357
-407.14285714285717,1070,17,4,4352,200.0,0.0375,-0.01174461841583252,0.3,2.12445068359375,-0.01317594489082694,5760,0.014900849,4.403597348928452,0.0003,-0.9347675740718842
-406.5217391304348,1068,18,4,4608,200.0,0.05,0.019350171089172363,0.3,0.717104434967041,-0.006644153874367476,5770,0.015108917,4.219314563274383,0.0003,-1.3652479350566864
-406.25,1066,19,4,4864,200.0,0.001953125,0.0006342530250549316,0.3,5.269219398498535,-0.005362662952393293,5780,0.0040253857,8.209484076499939,0.0003,-1.3676287531852722
-406.0,1066,20,4,5120,200.0,0.0765625,0.016907691955566406,0.3,1.40972900390625,-0.010143687576055526,5790,0.021909172,4.248224824666977,0.0003,-1.4499362051486968
-405.7692307692308,1067,21,5,5376,200.0,0.0,0.007890820503234863,0.3,3.366626739501953,-0.0029932982986792924,5800,0.009882557,4.332135301828385,0.0003,-1.3128591418266295
-405.35714285714283,1068,22,5,5632,200.0,0.030859375,0.006811261177062988,0.3,3.354801893234253,-0.010118581401184202,5810,0.012912811,4.3345536410808565,0.0003,-1.4063012301921844
-405.17241379310343,1070,23,5,5888,200.0,0.00703125,-0.01963973045349121,0.3,5.237131118774414,-0.0045675553381443025,5820,0.007839529,8.220053267478942,0.0003,-1.4787065625190734
-405.0,1069,24,5,6144,200.0,0.0,0.007672727108001709,0.3,1.8649449348449707,-0.0008239209884777666,5830,0.004067427,4.355705541372299,0.0003,-1.6084445655345916
-404.6875,1070,25,5,6400,200.0,0.116796875,0.010375797748565674,0.3,2.221430540084839,-0.02192813369911164,5840,0.04504054,4.273222875595093,0.0003,-1.8404424488544464
-404.54545454545456,1073,26,6,6656,200.0,0.001171875,0.004548370838165283,0.3,3.6325936317443848,-0.0036905257496982814,5850,0.014103396,8.274980890750886,0.0003,-1.4611746609210967
-404.4117647058824,1071,27,6,6912,200.0,0.0203125,0.024585187435150146,0.3,2.4593822956085205,-0.01076748468913138,5860,0.01519318,4.252494060993195,0.0003,-1.5772975265979767
-404.2857142857143,1071,28,6,7168,200.0,0.015625,0.028412461280822754,0.3,2.3992512226104736,-0.008620052505284548,5870,0.02725799,4.240437018871307,0.0003,-1.5638994455337525
-405.4054054054054,1072,29,6,7424,200.0,0.023828125,0.05843484401702881,0.3,2.2316348552703857,-0.010638444987125694,5880,0.018261801,4.1691245317459105,0.0003,-1.8194491803646087
-405.2631578947368,1071,30,7,7680,200.0,0.005078125,0.002218008041381836,0.3,15.97222900390625,-0.004944370640441775,5890,0.0048309434,43.69714097976684,0.0003,-1.6634959816932677
-407.6923076923077,1070,31,7,7936,200.0,0.08125,-0.016927480697631836,0.3,2.547919988632202,-0.023683591559529305,5900,0.060601283,4.301370799541473,0.0003,-1.60541330575943
-408.75,1069,32,7,8192,200.0,0.11171875,-0.006098628044128418,0.3,47.940277099609375,-0.011825988534837961,5910,0.065582536,79.11339712142944,0.0003,-1.9617315649986267
-410.7142857142857,1066,33,7,8448,200.0,0.001171875,-0.006961464881896973,0.3,56.96394348144531,-0.00885344399139285,5920,0.0015915958,107.51117782592773,0.0003,-1.9928786993026733
-413.72093023255815,1065,34,8,8704,200.0,0.02578125,0.008848011493682861,0.3,33.071876525878906,-0.00925413507502526,5930,0.01583482,45.094344997406004,0.0003,-1.7480648756027222
-413.40909090909093,1062,35,8,8960,200.0,0.032421875,-0.2765275239944458,0.3,23.21173858642578,-0.016788450349122287,5940,0.015383587,80.83359375,0.0003,-1.7247311174869537
-415.0,1062,36,8,9216,200.0,0.03671875,-0.046619415283203125,0.3,13.95744800567627,-0.015333082189317792,5950,0.0138242245,42.00375719070435,0.0003,-1.748210424184799
-414.6808510638298,1059,37,8,9472,200.0,0.045703125,6.020069122314453e-06,0.3,15.163505554199219,-0.029193146107718348,5960,0.021644048,46.333867931365965,0.0003,-1.7064266800880432
-414.375,1059,38,9,9728,200.0,0.009375,-0.0030612945556640625,0.3,3.3618175983428955,-0.0027348787989467382,5970,0.00922879,5.911803138256073,0.0003,-1.7687679827213287
-414.0816326530612,1059,39,9,9984,200.0,0.0125,-0.00019550323486328125,0.3,3.3517868518829346,-0.00397827283013612,5980,0.00922331,5.27010760307312,0.0003,-1.8168961107730865
-414.5098039215686,1059,40,9,10240,200.0,0.028515625,0.00023603439331054688,0.3,8.728458404541016,-0.011882142350077628,5990,0.02200548,40.7384250164032,0.0003,-1.9738089859485626
-400.0,1411,1,0,256,200.0,0.027734375,0.001048445701599121,0.3,3.2781283855438232,-0.010793367540463806,6000,0.008984602,9.645638120174407,0.0003,-2.021235978603363
-400.0,1211,2,0,512,200.0,0.0,0.004802048206329346,0.3,2.3366715908050537,-0.0019095418741926552,5610,0.0028236953,4.4541465759277346,0.0003,-0.9733779311180115
-400.0,1190,3,0,768,200.0,0.0,0.006799101829528809,0.3,1.0614196062088013,-0.0008682843763381243,5620,0.0014353581,4.354383444786071,0.0003,-0.936442705988884
-400.0,1139,4,0,1024,200.0,0.063671875,0.006085097789764404,0.3,3.1754655838012695,-0.008894426096230746,5630,0.036922924,4.328087854385376,0.0003,-0.9193916290998458
-408.3333333333333,1131,5,1,1280,200.0,0.0,0.03776425123214722,0.3,3.756854295730591,0.0012041642563417553,5640,0.0030337223,8.308864617347718,0.0003,-0.8929221957921982
-408.57142857142856,1122,6,1,1536,200.0,0.000390625,0.21364706754684448,0.3,24.029184341430664,-0.004948618728667498,5650,0.0008324445,60.373099613189694,0.0003,-0.8842592090368271
-413.75,1111,7,1,1792,200.0,0.0,0.06275409460067749,0.3,23.982547760009766,-0.0005462163826450706,5660,0.0001393389,52.88257722854614,0.0003,-0.8850867569446563
-411.0,1109,8,1,2048,200.0,0.008984375,0.01965242624282837,0.3,0.9068767428398132,-0.004826275678351521,5670,0.0034007665,4.395402264595032,0.0003,-0.9053123325109482
-410.0,1107,9,2,2304,200.0,0.0078125,0.03478580713272095,0.3,2.494030714035034,-0.0019312906544655562,5680,0.0035319014,8.046672117710113,0.0003,-0.9668573498725891
-409.1666666666667,1106,10,2,2560,200.0,0.002734375,0.013413786888122559,0.3,1.6127638816833496,-0.00552691905759275,5690,0.013702465,4.209191650152206,0.0003,-1.0016537815332414
-407.85714285714283,1100,11,2,2816,200.0,0.14921875,0.022067785263061523,0.3,0.8061708211898804,-0.014628969971090556,5700,0.042251207,4.3340244248509405,0.0003,-0.9709947317838669
-407.3333333333333,1098,12,2,3072,200.0,0.034765625,-0.034799933433532715,0.3,4.089047431945801,-0.00778836861718446,5710,0.010021275,8.226564884185791,0.0003,-1.00439091026783
-407.5,1092,13,3,3328,200.0,0.0,0.008184075355529785,0.3,1.9211242198944092,-0.010860137222334743,5720,0.016237937,4.359614539146423,0.0003,-0.8722635298967362
-407.05882352941177,1089,14,3,3584,200.0,0.00234375,0.1658453345298767,0.3,3.16694974899292,-0.0032071424182504417,5730,0.0018103865,9.92773129940033,0.0003,-0.7543931305408478
-406.3157894736842,1088,15,3,3840,200.0,0.000390625,0.05393260717391968,0.3,2.3146941661834717,-0.0004183415789157152,5740,0.00062135,4.20367077589035,0.0003,-0.7595464885234833
-406.0,1092,16,3,4096,200.0,0.0,0.11193037033081055,0.3,3.870830535888672,0.0003275700379163027,5750,5.1406212e-05,7.924768304824829,0.0003,-0.738413542509079
-410.0,1088,17,3,4352,200.0,0.001171875,0.013068914413452148,0.3,72.5074691772461,-0.005199163453653455,5760,0.0010324179,107.03536367416382,0.0003,-0.7721344918012619
-409.1304347826087,1086,18,4,4608,200.0,0.00234375,0.08341383934020996,0.3,1.5785136222839355,-0.0021419065073132516,5770,0.0054647857,4.056594568490982,0.0003,-0.7601797580718994
-408.75,1089,19,4,4864,200.0,0.0,-0.042146921157836914,0.3,2.967982053756714,-0.002589852875098586,5780,0.003692126,8.321167922019958,0.0003,-0.6922900676727295
-410.4,1086,20,4,5120,200.0,0.0,-0.04819369316101074,0.3,2.3793795108795166,-0.0021921743638813494,5790,0.0028659056,4.47682982981205,0.0003,-0.6347646445035935
-410.0,1084,21,4,5376,200.0,0.0,-0.005069136619567871,0.3,35.52971649169922,0.00046654395991936327,5800,0.0005464202,41.67353401184082,0.0003,-0.5636483669281006
-411.07142857142856,1084,22,5,5632,200.0,0.0,-0.010733485221862793,0.3,2.179375171661377,-0.0003014955203980207,5810,0.0011243168,4.470900851488113,0.0003,-0.5754495739936829
-410.6896551724138,1082,23,5,5888,200.0,0.0234375,0.00011020898818969727,0.3,25.015274047851562,-0.006547956308349967,5820,0.008545771,45.89096822738647,0.0003,-0.6599573493003845
-410.3333333333333,1084,24,5,6144,200.0,0.0,0.00463026762008667,0.3,2.2424848079681396,0.0004920646082609892,5830,3.6107143e-05,4.292459535598755,0.0003,-0.7321588605642319
-411.25,1082,25,5,6400,200.0,0.0,-0.0317234992980957,0.3,2.3734867572784424,-0.004755430831573903,5840,0.00757094,4.406522440910339,0.0003,-0.6641618430614471
-410.90909090909093,1082,26,6,6656,200.0,0.0,0.032864511013031006,0.3,27.44294548034668,-0.0003063838114030659,5850,0.00063537806,44.805505228042605,0.0003,-0.5857227742671967
-413.2352941176471,1082,27,6,6912,200.0,0.00546875,0.07866215705871582,0.3,5.941104412078857,-0.00848370771855116,5860,0.0026038205,13.018694305419922,0.0003,-0.6046901732683182
-412.85714285714283,1081,28,6,7168,200.0,0.009375,-0.022627592086791992,0.3,30.269546508789062,-0.002565927430987358,5870,0.003300218,40.76302909851074,0.0003,-0.6533193528652191
-412.1621621621622,1083,29,6,7424,200.0,0.0,-0.0007179975509643555,0.3,2.9388504028320312,-0.0015242893481627108,5880,0.00067195133,5.306938141584396,0.0003,-0.6777759611606597
-411.8421052631579,1081,30,7,7680,200.0,0.0,0.0650511384010315,0.3,4.320653438568115,-0.000921922642737627,5890,0.00042722444,8.712962675094605,0.0003,-0.6905580043792725
-411.53846153846155,1079,31,7,7936,200.0,0.0,-0.061177849769592285,0.3,1.2431721687316895,-0.00012456774711608887,5900,0.00030667498,4.611792325973511,0.0003,-0.6967198103666306
-411.25,1079,32,7,8192,200.0,0.0,0.14769041538238525,0.3,1.7852240800857544,-0.0026746711693704127,5910,0.002127073,3.4547811150550842,0.0003,-0.6883406400680542
-410.7142857142857,1080,33,7,8448,200.0,0.001953125,0.17634207010269165,0.3,1.1386785507202148,-0.004495946248061955,5920,0.006802908,3.502981221675873,0.0003,-0.6741136580705642
-410.4651162790698,1078,34,8,8704,200.0,0.0,0.05073672533035278,0.3,1.9149067401885986,0.0005799278849735856,5930,0.0008612925,7.715974307060241,0.0003,-0.5590103596448899
-410.6818181818182,1078,35,8,8960,200.0,0.019921875,-0.14209675788879395,0.3,2.7915456295013428,-0.0059408463537693025,5940,0.0067902273,4.582599329948425,0.0003,-0.5980239421129226
-410.2173913043478,1078,36,8,9216,200.0,0.0015625,-0.003964662551879883,0.3,2.7471728324890137,-0.005282569397240877,5950,0.0021583473,10.125375461578368,0.0003,-0.6671980768442154
-410.0,1078,37,8,9472,200.0,0.0,0.004062831401824951,0.3,4.455419540405273,-0.0005935447523370385,5960,0.0008300522,8.488709998130798,0.0003,-0.7009267807006836
-409.7916666666667,1078,38,9,9728,200.0,0.0,0.006184220314025879,0.3,0.6358743906021118,-0.0003137383610010147,5970,0.00082471105,4.220558148622513,0.0003,-0.689976093173027
-410.61224489795916,1078,39,9,9984,200.0,0.0,0.01688063144683838,0.3,25.94301414489746,-0.000888010230846703,5980,0.00019610953,40.589205265045166,0.0003,-0.6616925120353698
-410.19607843137254,1078,40,9,10240,200.0,0.0,-0.09541332721710205,0.3,0.8158429861068726,-0.00028707331512123346,5990,0.0011333339,4.572644126415253,0.0003,-0.6884568482637405
-400.0,1456,1,0,256,200.0,0.0,0.04860424995422363,0.3,4.7661027908325195,-0.0005139688844792544,6000,0.000983713,8.278572535514831,0.0003,-0.7277290046215057
-380.0,1250,2,0,512,200.0,0.0734375,-0.08402454853057861,0.3,3.610368490219116,-0.020888798078522085,6010,0.028053269,4.424100106954574,0.0003,-2.0875071406364443
-386.6666666666667,1194,3,0,768,200.0,0.039453125,-0.0056955814361572266,0.3,8.487255096435547,-0.008804263826459647,6020,0.012966737,16.090818452835084,0.0003,-2.085573971271515
-392.0,1139,4,0,1024,200.0,0.0,-0.005074620246887207,0.3,1.471038579940796,-0.005780563503503799,6030,0.0054361694,4.543718051910401,0.0003,-2.037760579586029
-393.3333333333333,1119,5,1,1280,200.0,0.1640625,-0.0036497116088867188,0.3,3.5789153575897217,-0.028299477649852633,6040,0.03384597,8.036322760581971,0.0003,-2.0430307269096373
-394.2857142857143,1115,6,1,1536,200.0,0.0234375,-0.0001932382583618164,0.3,1.425024390220642,-0.006988741760142148,6050,0.014585197,4.396699392795563,0.0003,-2.0049837052822115
-395.0,1110,7,1,1792,200.0,0.121484375,-0.0002237558364868164,0.3,1.2604551315307617,-0.02775328061543405,6060,0.028162848,4.313317736983299,0.0003,-1.9115389227867126
-396.0,1106,8,1,2048,200.0,0.1109375,0.000380098819732666,0.3,1.8339327573776245,-0.026221904065459968,6070,0.03830944,4.327466678619385,0.0003,-2.0309037923812867
-405.45454545454544,1105,9,2,2304,200.0,0.0359375,0.0023671984672546387,0.3,4.562572956085205,-0.005701790284365416,6080,0.011324851,8.171537458896637,0.0003,-2.0778420329093934
-405.0,1101,10,2,2560,200.0,0.030859375,0.0002333521842956543,0.3,44.6729850769043,-0.021961204707622528,6090,0.018345743,76.4056610107422,0.0003,-2.0281633019447325
-401.42857142857144,1102,11,2,2816,200.0,0.051953125,0.0007947683334350586,0.3,1.7460228204727173,-0.013640461326576769,6100,0.012206236,4.617240914702416,0.0003,-1.9856739699840547
-401.3333333333333,1098,12,2,3072,200.0,0.05859375,0.003172576427459717,0.3,9.432243347167969,0.003701009647920728,6110,0.021367162,20.560092735290528,0.0003,-1.9483485221862793
-401.25,1102,13,3,3328,200.0,0.140625,0.0003540515899658203,0.3,1.9254932403564453,-0.020703907869756222,6120,0.056883235,4.367168891429901,0.0003,-1.85119686126709
-401.1764705882353,1095,14,3,3584,200.0,0.11171875,-0.0009871721267700195,0.3,1.6054584980010986,-0.021706207748502494,6130,0.04612705,4.346343982219696,0.0003,-1.7424031794071198
-406.3157894736842,1079,15,3,3840,200.0,0.030859375,0.0038507580757141113,0.3,2.6128969192504883,-0.010973903071135282,6140,0.016899385,4.296635150909424,0.0003,-1.5142904818058014
-408.5,1075,16,3,4096,200.0,0.01953125,0.0014687180519104004,0.3,42.47000503540039,-0.0021464462392032147,6150,0.009032482,84.79886951446534,0.0003,-1.376366090774536
-412.85714285714283,1073,17,4,4352,200.0,0.00546875,0.0035725831985473633,0.3,33.6278076171875,-0.006006810744293034,6160,0.0045300163,75.97041625976563,0.0003,-1.4220169126987456
-413.9130434782609,1075,18,4,4608,200.0,0.0,-0.0004690885543823242,0.3,39.382137298583984,-0.0051515159429982305,6170,0.0009830073,76.00555171966553,0.0003,-1.366459310054779
-415.4166666666667,1071,19,4,4864,200.0,0.0,-0.0003657341003417969,0.3,4.622260570526123,-0.0031726574525237083,6180,0.0013969846,10.449565625190735,0.0003,-1.34078049659729
-416.8,1069,20,4,5120,200.0,0.00859375,0.002156972885131836,0.3,14.42114543914795,-0.011392956785857677,6190,0.0098707,40.513499927520755,0.0003,-1.4132405936717987
-416.15384615384613,1067,21,5,5376,200.0,0.048828125,0.005803704261779785,0.3,24.668420791625977,-0.01525335293263197,6200,0.02908507,36.425470638275144,0.0003,-1.4237017452716827
-415.0,1064,22,5,5632,200.0,0.07734375,0.019737303256988525,0.3,1.9271330833435059,-0.018381463922560216,6210,0.020352555,4.6988494977355,0.0003,-1.5922646403312684
-414.48275862068965,1068,23,5,5888,200.0,0.073046875,0.041753411293029785,0.3,3.103344678878784,-0.010239178803749383,6220,0.022198986,8.001279091835022,0.0003,-1.5440226554870606
-414.0,1064,24,5,6144,200.0,0.048046875,0.057462990283966064,0.3,1.801753044128418,-0.007401622470933944,6230,0.019125067,4.158100271224976,0.0003,-1.497822368144989
-414.6875,1065,25,6,6400,200.0,0.139453125,0.03794211149215698,0.3,0.7479991316795349,-0.019005679851397873,6240,0.03741478,4.1491013944149016,0.0003,-1.4847270905971528
-414.24242424242425,1063,26,6,6656,200.0,0.0328125,0.020923733711242676,0.3,28.48320770263672,-0.004789113742299378,6250,0.015396039,44.280734634399415,0.0003,-1.3334150433540344
-413.8235294117647,1063,27,6,6912,200.0,0.078515625,0.2875205874443054,0.3,0.9266374111175537,-0.003747380990535021,6260,0.0030669088,2.884992611408234,0.0003,-1.4889355182647706
-413.42857142857144,1063,28,6,7168,200.0,0.13125,-0.23061609268188477,0.3,1.0309031009674072,-0.022616847371682524,6270,0.02865731,4.6537284553050995,0.0003,-1.5362406075000763
-414.05405405405406,1063,29,6,7424,200.0,0.018359375,0.01679915189743042,0.3,7.64184045791626,-0.009235208749305456,6280,0.010539748,40.27251219749451,0.0003,-1.4839760422706605
-413.6842105263158,1063,30,7,7680,200.0,0.062109375,-0.01071774959564209,0.3,4.379366397857666,-0.009805935341864825,6290,0.011627711,9.045950210094452,0.0003,-1.4834370076656342
-413.3333333333333,1064,31,7,7936,200.0,0.097265625,-0.014774918556213379,0.3,1.7591361999511719,-0.015295347571372986,6300,0.020019278,4.357265734672547,0.0003,-1.6634301602840424
-414.25,1062,32,7,8192,200.0,0.077734375,-0.02013981342315674,0.3,3.7963333129882812,-0.01910867588594556,6310,0.025240812,4.350546038150787,0.0003,-1.7188948333263396
-413.57142857142856,1062,33,7,8448,200.0,0.0,7.081031799316406e-05,0.3,14.741242408752441,0.0012149222660809756,6320,0.0034876058,40.97994375228882,0.0003,-1.7216147840023042
-413.25581395348837,1063,34,8,8704,200.0,0.0171875,0.0011019110679626465,0.3,3.458916664123535,-0.00972366933710873,6330,0.013216712,8.471401405334472,0.0003,-1.716747796535492
-412.95454545454544,1063,35,8,8960,200.0,0.113671875,0.00021004676818847656,0.3,0.9648162722587585,-0.020271930331364273,6340,0.030230245,4.37807389497757,0.0003,-1.809231960773468
-412.39130434782606,1062,36,8,9216,200.0,0.048046875,0.002843022346496582,0.3,1.440161108970642,-0.010870835976675153,6350,0.02013145,4.327557057142258,0.0003,-1.8209820985794067
-412.1276595744681,1063,37,8,9472,200.0,0.09453125,0.007427215576171875,0.3,3.465627908706665,-0.015548548894003034,6360,0.02748406,8.127812242507934,0.0003,-1.867585051059723
-411.875,1062,38,9,9728,200.0,0.108984375,0.0024173855781555176,0.3,2.4804883003234863,-0.015594515483826399,6370,0.052782353,4.2920315861701965,0.0003,-1.6837756037712097
-411.6326530612245,1064,39,9,9984,200.0,0.060546875,-0.03711235523223877,0.3,1.0969679355621338,-0.013316964730620384,6380,0.023238514,4.342597252130508,0.0003,-1.7567655384540557
-411.1764705882353,1060,40,9,10240,200.0,0.049609375,0.002650022506713867,0.3,1.4049432277679443,-0.01487880190834403,6390,0.018141016,4.335994845628738,0.0003,-1.8360995531082154
-400.0,1439,1,0,256,200.0,0.14921875,0.002372264862060547,0.3,6.297455787658691,-0.02805504803545773,6400,0.056685023,8.29288477897644,0.0003,-1.798199188709259
-410.0,1242,2,0,512,200.0,0.028515625,0.019024193286895752,0.3,3.3009674549102783,-0.008963248366490007,6010,0.0078568645,4.0872487962245945,0.0003,-0.7811118930578231
-423.3333333333333,1159,3,0,768,200.0,0.000390625,0.00863569974899292,0.3,36.17194747924805,0.0008902715169824659,6020,0.00039490825,46.13311767578125,0.0003,-0.8447454154491425
-414.0,1128,4,0,1024,200.0,0.0,-0.011797308921813965,0.3,1.9828377962112427,-0.003194326860830188,6030,0.0027930276,5.46748925447464,0.0003,-0.7962324053049088
-411.6666666666667,1114,5,1,1280,200.0,0.0,0.013579010963439941,0.3,4.831636905670166,0.000326745817437768,6040,5.36819e-05,9.267257475852967,0.0003,-0.7710525274276734
-410.0,1107,6,1,1536,200.0,0.0375,0.012018263339996338,0.3,0.6744347214698792,-0.005656533618457615,6050,0.014017839,4.249191635847092,0.0003,-0.8324341624975204
-408.75,1100,7,1,1792,200.0,0.094921875,-0.0905601978302002,0.3,3.5360589027404785,-0.01307534626685083,6060,0.031810913,4.3904671490192415,0.0003,-0.9953932583332061
-411.0,1098,8,1,2048,200.0,0.002734375,-0.012467503547668457,0.3,10.96809196472168,-0.00785621169488877,6070,0.005808062,21.824269485473632,0.0003,-1.0911467254161835
-410.0,1097,9,2,2304,200.0,0.0,0.00021898746490478516,0.3,6.546474933624268,0.0005291207460686564,6080,0.005144763,8.979280495643616,0.0003,-1.109544426202774
-409.1666666666667,1089,10,2,2560,200.0,0.001171875,0.00020951032638549805,0.3,0.6116563081741333,-0.0030482999049127103,6090,0.005360659,4.49478799700737,0.0003,-1.0962578237056733
-407.85714285714283,1089,11,2,2816,200.0,0.038671875,-0.0010737180709838867,0.3,2.5623064041137695,-0.011422025202773512,6100,0.040789858,4.384620589017868,0.0003,-0.9765514343976974
-407.3333333333333,1091,12,2,3072,200.0,0.0,0.00020301342010498047,0.3,4.438432693481445,-0.0025011246092617513,6110,0.00488267,8.366147518157959,0.0003,-0.8583250045776367
-406.875,1085,13,3,3328,200.0,0.002734375,0.02990955114364624,0.3,2.6132020950317383,-0.004449740285053849,6120,0.012721668,4.080662357807159,0.0003,-0.8704474985599517
-406.47058823529414,1083,14,3,3584,200.0,0.0,-0.028463006019592285,0.3,2.3824267387390137,0.00020589493797160686,6130,0.0018816863,4.3271997511386875,0.0003,-0.9307294309139251
-405.7894736842105,1075,15,3,3840,200.0,0.108984375,0.0007237792015075684,0.3,1.6874321699142456,-0.008765051886439324,6140,0.051005147,4.347416579723358,0.0003,-0.837102222442627
-405.5,1073,16,3,4096,200.0,0.015234375,-0.0007780790328979492,0.3,3.9867563247680664,-0.005428719730116427,6150,0.012979226,8.389817905426025,0.0003,-0.7960250437259674
-405.23809523809524,1070,17,4,4352,200.0,0.139453125,0.0020518898963928223,0.3,3.3263514041900635,-0.012578497594222426,6160,0.029137872,4.331629902124405,0.0003,-0.9875729501247406
-405.2173913043478,1069,18,4,4608,200.0,0.001953125,-0.07621169090270996,0.3,7.640466690063477,-0.011913445289246738,6170,0.012585671,13.592036771774293,0.0003,-1.0341254591941833
-405.0,1069,19,4,4864,200.0,0.0,0.08106523752212524,0.3,4.278841495513916,-0.0043297214433550835,6180,0.01288263,7.554461705684662,0.0003,-0.9934163272380829
-404.8,1070,20,4,5120,200.0,0.0,0.035521507263183594,0.3,1.1153572797775269,-1.767368521541357e-05,6190,0.0007689304,4.138950347900391,0.0003,-0.9340207725763321
-404.61538461538464,1067,21,5,5376,200.0,0.0,-0.10885143280029297,0.3,2.664548873901367,-0.0073182153515517715,6200,0.009924823,4.505620634555816,0.0003,-0.878569096326828
-404.2857142857143,1069,22,5,5632,200.0,0.001953125,0.004871368408203125,0.3,2.0197436809539795,-0.003397104563191533,6210,0.0052513108,4.357040363550186,0.0003,-0.7742860943078995
-404.13793103448273,1070,23,5,5888,200.0,0.0,0.006605207920074463,0.3,3.6587769985198975,0.0012182175414636731,6220,0.0008075328,8.09081027507782,0.0003,-0.7852303177118302
-404.0,1068,24,5,6144,200.0,0.009375,0.008333981037139893,0.3,1.6324268579483032,-0.003617191594094038,6230,0.0026197261,3.9423860013484955,0.0003,-0.7518622606992722
-405.3125,1069,25,5,6400,200.0,0.001953125,0.006862223148345947,0.3,2.719403028488159,-0.001672559604048729,6240,0.0024376062,4.151872462034225,0.0003,-0.7757024198770524
-405.1515151515151,1067,26,6,6656,200.0,0.00234375,0.05228555202484131,0.3,16.138113021850586,-0.00793517017737031,6250,0.0021436156,33.061837100982665,0.0003,-0.7016606748104095
-406.47058823529414,1065,27,6,6912,200.0,0.00859375,-0.0006082057952880859,0.3,0.22583653032779694,-0.005269185971701518,6260,0.0025499114,4.501981158554554,0.0003,-0.704070457816124
-406.2857142857143,1065,28,6,7168,200.0,0.0,-0.023386716842651367,0.3,19.786865234375,-0.0006091570132412017,6270,0.0005910597,39.19313306808472,0.0003,-0.6901814758777618
-405.94594594594594,1064,29,6,7424,200.0,0.0,-0.0028911828994750977,0.3,3.1104464530944824,-0.002047296077944338,6280,0.0020884017,4.511474007368088,0.0003,-0.6527322202920913
-405.7894736842105,1065,30,7,7680,200.0,0.0,0.04423165321350098,0.3,5.320314884185791,-0.003719516098499298,6290,0.0051540835,7.845666766166687,0.0003,-0.5607297867536545
-405.64102564102564,1067,31,7,7936,200.0,0.0,0.04518294334411621,0.3,1.401822805404663,-0.0025400003883987664,6300,0.0034418271,4.123980218172074,0.0003,-0.4751394301652908
-405.5,1065,32,7,8192,200.0,0.0,0.007854342460632324,0.3,1.5629245042800903,-0.00187082439661026,6310,0.0019647782,4.294542640447617,0.0003,-0.39680986255407336
-405.23809523809524,1066,33,7,8448,200.0,0.0,-0.32368695735931396,0.3,1.7338192462921143,-0.0002252036822028458,6320,0.0001118714,4.637593120336533,0.0003,-0.3593167155981064
-405.1162790697674,1067,34,8,8704,200.0,0.0,-0.04131639003753662,0.3,1.942240595817566,2.2818800061941148e-06,6330,5.3707976e-05,7.3291123628616335,0.0003,-0.36003022491931913
-405.0,1067,35,8,8960,200.0,0.0,0.0011199116706848145,0.3,2.3451991081237793,-0.0011518040671944618,6340,0.00024936907,4.409377574920654,0.0003,-0.3601300045847893
-404.7826086956522,1069,36,8,9216,200.0,0.0,0.06429886817932129,0.3,2.7004477977752686,1.7111096531152727e-05,6350,0.00015214854,3.8405091524124146,0.0003,-0.3570005029439926
-404.6808510638298,1068,37,8,9472,200.0,0.0,0.437932550907135,0.3,2.108307123184204,5.2498199511319396e-05,6360,1.9861385e-05,4.64898796081543,0.0003,-0.3479296058416367
-404.5833333333333,1068,38,9,9728,200.0,0.0,-0.0035141706466674805,0.3,3.4771251678466797,-0.00024790323805063964,6370,9.544077e-05,4.464601516723633,0.0003,-0.34197046160697936
-404.48979591836735,1069,39,9,9984,200.0,0.0,-0.013428807258605957,0.3,2.0693349838256836,-0.00015484713949263096,6380,0.00015772018,4.2854392528533936,0.0003,-0.3350060999393463
-404.3137254901961,1068,40,9,10240,200.0,0.0,-0.11888456344604492,0.3,1.0852831602096558,-3.649047575891018e-05,6390,0.00042103417,4.401137012243271,0.0003,-0.3565951228141785
-400.0,1356,1,0,256,200.0,0.0,-0.005255460739135742,0.3,5.400500774383545,-0.0005079212831333279,6400,0.0006274297,8.020126914978027,0.0003,-0.3138120800256729
-400.0,1179,2,0,512,200.0,0.0125,0.004857122898101807,0.3,1.880261778831482,-0.002628959622234106,6410,0.0117510725,4.335903894901276,0.0003,-1.68146470785141
-400.0,1122,3,0,768,200.0,0.06953125,0.03460794687271118,0.3,0.5920644998550415,-0.017407964449375868,6420,0.037663095,4.199108511209488,0.0003,-1.7584732353687287
-428.0,1104,4,0,1024,200.0,0.01875,-0.00578761100769043,0.3,47.35882568359375,-0.0030539427883923055,6430,0.0074346373,122.59742107391358,0.0003,-1.7279525220394134
-423.3333333333333,1097,5,1,1280,200.0,0.049609375,0.021254658699035645,0.3,4.22057580947876,-0.011880168691277504,6440,0.019138847,9.66220314502716,0.0003,-1.653840297460556
-420.0,1096,6,1,1536,200.0,0.01484375,-0.0016034841537475586,0.3,1.3039261102676392,-0.002871489292010665,6450,0.0032567792,4.452185833454132,0.0003,-1.4995985567569732
-417.5,1096,7,1,1792,200.0,0.11875,-0.0005966424942016602,0.3,2.0015664100646973,-0.018671953398734332,6460,0.033942558,4.372899532318115,0.0003,-1.6330271124839784
-414.0,1093,8,1,2048,200.0,0.110546875,0.002826988697052002,0.3,2.7073731422424316,-0.020567613933235408,6470,0.021409646,4.342282980680466,0.0003,-1.4784460961818695
-412.72727272727275,1090,9,2,2304,200.0,0.1,-0.0016984939575195312,0.3,4.671243667602539,-0.011982606654055417,6480,0.033858087,8.182444453239441,0.0003,-1.663095736503601
-411.6666666666667,1087,10,2,2560,200.0,0.04140625,0.1253979206085205,0.3,2.345673084259033,-0.011520804464817047,6490,0.021635663,3.6205654799938203,0.0003,-1.8868923902511596
-408.57142857142856,1082,11,2,2816,200.0,0.150390625,0.0014339685440063477,0.3,2.822941780090332,-0.01929741897620261,6500,0.043007065,4.318685281276703,0.0003,-1.9383455574512483
-411.3333333333333,1083,12,2,3072,200.0,0.010546875,0.021074891090393066,0.3,6.215218544006348,-0.007979921158403158,6510,0.014004219,12.365162897109986,0.0003,-1.9761147975921631
-410.625,1083,13,3,3328,200.0,0.0,-0.004053831100463867,0.3,17.052570343017578,-0.004482217505574227,6520,0.0019790577,43.28021292686462,0.0003,-1.9479570865631104
-410.0,1081,14,3,3584,200.0,0.03828125,-0.010210633277893066,0.3,1.2382183074951172,-0.014722806424833835,6530,0.019534927,4.308135133981705,0.0003,-1.9757640659809113
-408.94736842105266,1082,15,3,3840,200.0,0.032421875,-0.0004019737243652344,0.3,2.146024227142334,-0.007640073099173606,6540,0.016363744,4.341250991821289,0.0003,-1.935964000225067
-408.5,1083,16,3,4096,200.0,0.001953125,0.0777624249458313,0.3,3.983689308166504,-0.008386894641444088,6550,0.007496784,7.0113977789878845,0.0003,-1.884456890821457
-408.0952380952381,1082,17,4,4352,200.0,0.020703125,0.14929473400115967,0.3,0.763572633266449,-0.01464154722634703,6560,0.015353141,3.9386229693889616,0.0003,-1.933669650554657
-407.39130434782606,1082,18,4,4608,200.0,0.170703125,0.0006080269813537598,0.3,2.978087902069092,-0.021460093487985433,6570,0.04092549,4.355758374929428,0.0003,-1.8139102458953857
-407.0833333333333,1081,19,4,4864,200.0,0.01328125,0.014059305191040039,0.3,4.192440509796143,-0.011030291067436337,6580,0.016476149,7.882758069038391,0.0003,-1.9131074786186217
-408.8,1078,20,4,5120,200.0,0.001953125,0.13125300407409668,0.3,20.967180252075195,-0.00036270900163799525,6590,0.0030628783,43.23249263763428,0.0003,-1.9229974687099456
-408.46153846153845,1078,21,4,5376,200.0,0.048046875,0.00044524669647216797,0.3,1.8331313133239746,-0.011357573047280311,6600,0.022161206,4.372262895107269,0.0003,-1.8611629962921143
-407.85714285714283,1081,22,5,5632,200.0,0.10546875,0.0016155838966369629,0.3,2.059008836746216,-0.02166688849683851,6610,0.084289,4.364847379922867,0.0003,-1.820814996957779
-407.58620689655174,1082,23,5,5888,200.0,0.04609375,-0.05631732940673828,0.3,4.0794267654418945,-0.022245446499437094,6620,0.02626969,8.211154365539551,0.0003,-1.8892057955265045
-407.3333333333333,1078,24,5,6144,200.0,0.021875,0.00035828351974487305,0.3,1.8773953914642334,-0.019940738414879887,6630,0.019898932,4.34696860909462,0.0003,-1.847129124403
-406.875,1079,25,5,6400,200.0,0.06484375,-0.029529571533203125,0.3,1.697780966758728,-0.014146380405873061,6640,0.0152092995,4.385674065351486,0.0003,-1.8802949070930481
-406.6666666666667,1078,26,6,6656,200.0,0.002734375,6.872415542602539e-05,0.3,4.0592360496521,-0.0072274471167474985,6650,0.0052204756,8.411924469470978,0.0003,-1.8766552090644837
-406.47058823529414,1077,27,6,6912,200.0,0.085546875,1.823902130126953e-05,0.3,2.3837740421295166,-0.012669258704409003,6660,0.033800393,4.3575954049825665,0.0003,-1.8654365420341492
-406.2857142857143,1076,28,6,7168,200.0,0.0703125,7.992982864379883e-05,0.3,2.669684410095215,-0.02367397155612707,6670,0.030620279,4.323203140497208,0.0003,-1.7388980567455292
-405.94594594594594,1075,29,6,7424,200.0,0.131640625,-0.014952659606933594,0.3,2.7455596923828125,-0.028028414770960807,6680,0.048592005,4.363164842128754,0.0003,-1.7319973051548003
-405.7894736842105,1076,30,7,7680,200.0,0.013671875,0.003041386604309082,0.3,3.2834174633026123,-0.004319520853459835,6690,0.0063534435,8.387491750717164,0.0003,-1.7619778633117675
-405.64102564102564,1078,31,7,7936,200.0,0.046875,0.0001373887062072754,0.3,2.1469147205352783,-0.013116583880037069,6700,0.021820217,4.344943237304688,0.0003,-1.7472751915454865
-405.5,1077,32,7,8192,200.0,0.18984375,-9.775161743164062e-06,0.3,2.400909185409546,-0.014118600427173078,6710,0.031865265,4.328692811727524,0.0003,-1.8545320630073547
-405.23809523809524,1077,33,7,8448,200.0,0.059765625,-0.0028280019760131836,0.3,3.4798026084899902,-0.01989902383647859,6720,0.016092952,4.357503581047058,0.0003,-1.8116990447044372
-405.1162790697674,1077,34,8,8704,200.0,0.010546875,0.0012894272804260254,0.3,1.8287708759307861,-0.014808341907337309,6730,0.010422168,8.182683551311493,0.0003,-1.7936996519565582
-405.0,1077,35,8,8960,200.0,0.03984375,5.996227264404297e-05,0.3,1.647058367729187,-0.014181994972750545,6740,0.021587327,4.342738522589206,0.0003,-1.8099529325962067
-404.7826086956522,1079,36,8,9216,200.0,0.06640625,0.0016648173332214355,0.3,0.44585922360420227,-0.016373953130096198,6750,0.022828743,4.322930580377578,0.0003,-1.8893204927444458
-404.6808510638298,1078,37,8,9472,200.0,0.01484375,0.0005738735198974609,0.3,5.376765251159668,-0.015370420599356293,6760,0.010510977,8.391947507858276,0.0003,-1.827875703573227
-404.5833333333333,1079,38,9,9728,200.0,0.09375,0.00016957521438598633,0.3,2.4635820388793945,-0.015332238934934139,6770,0.038909197,4.346671611070633,0.0003,-1.826090407371521
-404.48979591836735,1079,39,9,9984,200.0,0.020703125,0.00038111209869384766,0.3,2.268261432647705,-0.007820814056321979,6780,0.022684291,4.325385448336601,0.0003,-1.752555286884308
-404.3137254901961,1080,40,9,10240,200.0,0.14609375,-0.0005103349685668945,0.3,2.223202705383301,-0.02301576263271272,6790,0.036791556,4.351216831803322,0.0003,-1.7199417889118194
-400.0,1299,1,0,256,200.0,0.02578125,0.002606809139251709,0.3,4.726899147033691,-0.016775179049000145,6800,0.028969545,8.391836047172546,0.0003,-1.563105720281601
-400.0,1187,2,0,512,200.0,0.00234375,0.14579778909683228,0.3,1.437808871269226,-0.0019058195408433675,6410,0.0018492227,3.7757423758506774,0.0003,-0.3055580735206604
-400.0,1139,3,0,768,200.0,0.003515625,0.16104120016098022,0.3,2.1103017330169678,-0.0033395861508324744,6420,0.0036221081,3.7519119560718535,0.0003,-0.2723353669047356
-400.0,1130,4,0,1024,200.0,0.0,-0.012394905090332031,0.3,1.3204230070114136,-0.0018223091494292021,6430,0.0017796017,4.5601328134536745,0.0003,-0.21021039336919783
-400.0,1120,5,1,1280,200.0,0.0,0.004185914993286133,0.3,4.644002914428711,-0.000591295026242733,6440,0.00018950691,8.55663537979126,0.0003,-0.18211924508213997
-407.14285714285717,1113,6,1,1536,200.0,0.0046875,-0.07583367824554443,0.3,3.282306432723999,-0.002614196517970413,6450,0.0016866662,4.431008177995682,0.0003,-0.18415467366576194
-406.25,1106,7,1,1792,200.0,0.0,-0.0005013942718505859,0.3,13.808171272277832,-4.237217362970114e-05,6460,0.0012295896,38.53928184509277,0.0003,-0.22957453429698943
-405.0,1105,8,1,2048,200.0,0.005078125,0.0011540651321411133,0.3,2.633528709411621,-7.1461312472820285e-06,6470,0.0011609655,4.399378317594528,0.0003,-0.25713640823960304
-404.54545454545456,1104,9,2,2304,200.0,0.00859375,0.010892271995544434,0.3,4.9327802658081055,-0.0031618719454854726,6480,0.0026297707,7.838041532039642,0.0003,-0.29874430894851683
-404.1666666666667,1099,10,2,2560,200.0,0.00625,0.005964338779449463,0.3,2.351179599761963,-0.003451060480438173,6490,0.001740565,4.296075171232223,0.0003,-0.34990445971488954
-407.14285714285717,1102,11,2,2816,200.0,0.0,0.05539137125015259,0.3,22.117446899414062,0.0002516178181394935,6500,0.00023452402,41.083904504776,0.0003,-0.34140136688947675
-406.6666666666667,1092,12,2,3072,200.0,0.0,-0.012438654899597168,0.3,3.8369204998016357,-0.00011084259022027254,6510,6.293645e-05,8.386151015758514,0.0003,-0.34512397199869155
-406.25,1090,13,3,3328,200.0,0.0,0.11565673351287842,0.3,2.5276808738708496,-0.0007053355686366559,6520,0.0004158162,3.8928478240966795,0.0003,-0.3409434512257576
-405.88235294117646,1089,14,3,3584,200.0,0.0,-0.004863739013671875,0.3,3.2107253074645996,-0.0011841591680422426,6530,0.0017927759,4.460102206468582,0.0003,-0.30586005598306654
-405.2631578947368,1088,15,3,3840,200.0,0.0,-0.0007568597793579102,0.3,1.5491814613342285,-0.00048729414120316503,6540,0.00049434626,4.3646737933158875,0.0003,-0.27704998701810835
-405.0,1089,16,3,4096,200.0,0.0,0.014767289161682129,0.3,2.3925676345825195,-0.0016882133670151234,6550,0.001635951,8.107271599769593,0.0003,-0.24448964670300483
-404.76190476190476,1091,17,3,4352,200.0,0.0,0.005637645721435547,0.3,3.0452685356140137,-0.0007853225106373429,6560,0.00023678783,4.29797255396843,0.0003,-0.22113678902387618
-406.5217391304348,1089,18,4,4608,200.0,0.0,0.02284526824951172,0.3,1.9542946815490723,0.00019787386991083623,6570,7.673842e-05,4.152118641138077,0.0003,-0.23811931237578393
-406.25,1091,19,4,4864,200.0,0.0015625,0.04443633556365967,0.3,55.0844841003418,-0.004982189438305795,6580,0.0006050151,87.28134212493896,0.0003,-0.23422657549381257
-409.6,1087,20,4,5120,200.0,0.025390625,0.06982004642486572,0.3,2.2216851711273193,-0.009236294496804475,6590,0.007837378,4.077565127611161,0.0003,-0.2795834980905056
-409.2307692307692,1087,21,4,5376,200.0,0.001953125,0.002085089683532715,0.3,39.601531982421875,-0.004849537904374301,6600,0.000571399,76.3060516357422,0.0003,-0.33797537535429
-408.57142857142856,1088,22,5,5632,200.0,0.0,0.0012583732604980469,0.3,1.8259786367416382,-0.0009964664815925062,6610,0.00024408707,5.020478665828705,0.0003,-0.34131811559200287
-408.2758620689655,1087,23,5,5888,200.0,0.0,0.003262937068939209,0.3,3.6334619522094727,-4.162916447967291e-05,6620,0.00016353792,9.3712087392807,0.0003,-0.3640120819211006
-408.0,1089,24,5,6144,200.0,0.01875,-0.004388213157653809,0.3,1.3997222185134888,-0.0022402898408472537,6630,0.005259701,4.47555376291275,0.0003,-0.40895732790231704
-407.5,1087,25,5,6400,200.0,0.022265625,-0.0026655197143554688,0.3,1.2764978408813477,-0.004394706198945641,6640,0.009203533,4.377503579854965,0.0003,-0.3883588969707489
-406.6666666666667,1087,26,6,6656,200.0,0.0,0.009747326374053955,0.3,2.2867307662963867,-0.00017197225242853164,6650,0.00033354736,8.199526286125183,0.0003,-0.3206268951296806
-406.47058823529414,1088,27,6,6912,200.0,0.00234375,0.2582958936691284,0.3,7.311147212982178,-0.003547129570506513,6660,0.0017368749,19.523529052734375,0.0003,-0.3708371758460999
-406.2857142857143,1085,28,6,7168,200.0,0.0,0.022317051887512207,0.3,3.701052665710449,-0.0010896621737629176,6670,0.0012888876,4.22718021273613,0.0003,-0.3730850651860237
-405.94594594594594,1086,29,6,7424,200.0,0.0,-0.077750563621521,0.3,2.706461191177368,-0.0003881222568452358,6680,0.0005663908,4.400031286478042,0.0003,-0.32873126566410066
-405.7894736842105,1085,30,7,7680,200.0,0.0,-0.013585686683654785,0.3,4.3357157707214355,-0.0006184891797602176,6690,0.00031820755,8.42211217880249,0.0003,-0.3147300690412521
-405.64102564102564,1084,31,7,7936,200.0,0.008984375,0.01870208978652954,0.3,1.7372957468032837,-0.003718202724121511,6700,0.0023210875,4.206465417146683,0.0003,-0.29856667667627335
-405.5,1086,32,7,8192,200.0,0.0,0.012491106986999512,0.3,1.9153683185577393,-0.0006500327726826072,6710,0.0006383355,4.202715957164765,0.0003,-0.326945099234581
-406.1904761904762,1085,33,7,8448,200.0,0.0,-0.21686303615570068,0.3,3.645956516265869,-0.0010913962498307229,6720,0.0007053553,4.691587126255035,0.0003,-0.36955917030572893
-406.04651162790697,1084,34,8,8704,200.0,0.003515625,0.01740396022796631,0.3,8.366045951843262,-0.004737392079550773,6730,0.002004036,22.338841485977174,0.0003,-0.39907530397176744
-405.90909090909093,1085,35,8,8960,200.0,0.012890625,-0.12163698673248291,0.3,3.084876775741577,-0.003967690025456249,6740,0.0059986534,4.495730358362198,0.0003,-0.4531573787331581
-405.6521739130435,1087,36,8,9216,200.0,0.057421875,0.0283241868019104,0.3,1.203026533126831,-0.003822306857910007,6750,0.006432438,4.219062554836273,0.0003,-0.5912850856781006
-405.531914893617,1085,37,8,9472,200.0,0.0,-0.0019147396087646484,0.3,5.420441627502441,-0.0016624374315142632,6760,0.0017555372,8.674345588684082,0.0003,-0.5637959629297257
-405.4166666666667,1085,38,8,9728,200.0,0.0125,0.02349632978439331,0.3,2.696758508682251,-0.003917589364573359,6770,0.0034429706,4.247689539194107,0.0003,-0.5688731461763382
-405.3061224489796,1085,39,9,9984,200.0,0.042578125,0.03147000074386597,0.3,2.1221096515655518,-0.004632070218212903,6780,0.009632981,4.187678444385528,0.0003,-0.66257244348526
-405.0980392156863,1086,40,9,10240,200.0,0.01796875,0.027777552604675293,0.3,3.157712936401367,-0.0065612014383077625,6790,0.0068052886,4.176890802383423,0.0003,-0.7181434214115143
-400.0,1428,1,0,256,200.0,0.0,0.024195313453674316,0.3,4.865388870239258,0.0001367008313536644,6800,0.0010818562,8.127057361602784,0.0003,-0.7781307309865951
-400.0,1207,2,0,512,200.0,0.00546875,0.0002951622009277344,0.3,1.4338712692260742,-0.012801710935309529,6810,0.0057947836,4.336400723457336,0.0003,-1.472961163520813
-400.0,1162,3,0,768,200.0,0.048828125,0.00414198637008667,0.3,1.1165266036987305,-0.01748600493883714,6820,0.01941007,4.313681823015213,0.0003,-1.5714682459831237
-400.0,1155,4,0,1024,200.0,0.017578125,-0.000639796257019043,0.3,2.3953797817230225,-0.007976003061048686,6830,0.017710526,4.348734873533249,0.0003,-1.5412982404232025
-400.0,1129,5,1,1280,200.0,0.004296875,0.0035608410835266113,0.3,4.7164225578308105,0.0002973009366542101,6840,0.008311968,8.374842071533203,0.0003,-1.3425547242164613
-400.0,1122,6,1,1536,200.0,0.0296875,0.0007699131965637207,0.3,1.8324520587921143,-0.005353101692162454,6850,0.009189151,4.3494171559810635,0.0003,-1.2257918298244477
-400.0,1111,7,1,1792,200.0,0.01796875,0.0049173831939697266,0.3,1.4665700197219849,-0.004236314934678376,6860,0.009092511,4.287436431646347,0.0003,-1.2532289445400238
-400.0,1110,8,1,2048,200.0,0.076953125,-0.0035175085067749023,0.3,1.9425688982009888,-0.021060140174813568,6870,0.020379037,4.362899821996689,0.0003,-1.4397258758544922
-400.0,1104,9,2,2304,200.0,0.041015625,0.005394399166107178,0.3,5.849308490753174,-0.006914013996720314,6880,0.015337131,8.124738931655884,0.0003,-1.5251524031162262
-400.0,1103,10,2,2560,200.0,0.003515625,0.0008264780044555664,0.3,3.398562431335449,-0.003392495750449598,6890,0.005639505,4.327825421094895,0.0003,-1.4063227355480195
-400.0,1103,11,2,2816,200.0,0.01640625,-0.0014863014221191406,0.3,2.3712873458862305,-0.012981951562687754,6900,0.008230304,4.334350778162479,0.0003,-1.3574948489665986
-400.0,1109,12,2,3072,200.0,0.01640625,-0.0012761354446411133,0.3,2.332883834838867,-0.01091693276539445,6910,0.01587138,8.243795192241668,0.0003,-1.5474470734596253
-400.0,1108,13,3,3328,200.0,0.05859375,-0.0002884864807128906,0.3,2.708859443664551,-0.003923427267000079,6920,0.007187823,4.366717952489853,0.0003,-1.4718191623687744
-400.0,1101,14,3,3584,200.0,0.07421875,-0.0011528730392456055,0.3,4.161121845245361,-0.009461453626863658,6930,0.008560728,4.328856213390827,0.0003,-1.2167139768600463
-400.0,1101,15,3,3840,200.0,0.041796875,0.00043827295303344727,0.3,1.6755720376968384,-0.011355802160687744,6940,0.026582101,4.343816903233528,0.0003,-1.2229404747486115
-400.0,1102,16,3,4096,200.0,0.01171875,0.026459455490112305,0.3,3.571504592895508,-0.006267517060041428,6950,0.007005199,7.5029513239860535,0.0003,-0.970789197087288
-400.0,1105,17,3,4352,200.0,0.0171875,-0.22443175315856934,0.3,2.520726442337036,-0.0032362738740630446,6960,0.0072448724,5.997212886810303,0.0003,-0.7746819734573365
-400.0,1105,18,4,4608,200.0,0.008984375,-0.05029571056365967,0.3,2.853545904159546,-0.007656843028962612,6970,0.003359034,4.34472938477993,0.0003,-0.7165185153484345
-402.0833333333333,1104,19,4,4864,200.0,0.00078125,0.0005565285682678223,0.3,4.49839973449707,-0.0020387161988765,6980,0.0010230311,8.416568982601166,0.0003,-0.7771132171154023
-402.0,1104,20,4,5120,200.0,0.0,0.0002250075340270996,0.3,15.574942588806152,-0.0007379437796771526,6990,0.0003954894,42.30903172492981,0.0003,-0.8439335286617279
-401.9230769230769,1105,21,4,5376,200.0,0.031640625,-0.0032018423080444336,0.3,2.101990222930908,-0.013806722266599536,7000,0.011256646,4.352254009246826,0.0003,-1.0130780339241028
-401.7857142857143,1104,22,5,5632,200.0,0.01796875,0.0009535551071166992,0.3,1.6662461757659912,-0.015147913759574295,7010,0.013025535,4.353064799308777,0.0003,-1.042923602461815
-401.7241379310345,1105,23,5,5888,200.0,0.015234375,-0.00011610984802246094,0.3,4.545825004577637,-0.011938454210758209,7020,0.009955892,8.413660597801208,0.0003,-1.2213132500648498
-401.6666666666667,1105,24,5,6144,200.0,0.0421875,0.0010617375373840332,0.3,1.8298029899597168,-0.014724575844593347,7030,0.01833556,4.342135342955589,0.0003,-1.4318719148635863
-401.5625,1103,25,5,6400,200.0,0.0390625,-8.821487426757812e-05,0.3,2.2917840480804443,-0.010510268667712808,7040,0.015968984,4.327108627557754,0.0003,-1.5604127824306488
-401.5151515151515,1102,26,6,6656,200.0,0.0640625,0.0006763339042663574,0.3,5.305157661437988,-0.013572546606883406,7050,0.021663342,8.385479021072388,0.0003,-1.6647487163543702
-401.47058823529414,1100,27,6,6912,200.0,0.053125,0.053625643253326416,0.3,2.6340227127075195,-0.009442958142608404,7060,0.01804454,4.18908406496048,0.0003,-1.6121850967407227
-401.42857142857144,1101,28,6,7168,200.0,0.03203125,-0.0016927719116210938,0.3,2.71147084236145,-0.0076536158565431835,7070,0.014572065,4.332752060890198,0.0003,-1.5768891513347625
-401.35135135135135,1098,29,6,7424,200.0,0.068359375,-0.0002243518829345703,0.3,1.3457355499267578,-0.019601767975836994,7080,0.02002342,4.3537533223629,0.0003,-1.5987726211547852
-401.3157894736842,1098,30,6,7680,200.0,0.03046875,-0.00040090084075927734,0.3,1.7708343267440796,-0.016752878902480006,7090,0.012697586,8.402788937091827,0.0003,-1.6575514316558837
-401.28205128205127,1096,31,7,7936,200.0,0.03828125,0.0011430978775024414,0.3,3.0218846797943115,-0.017274929117411374,7100,0.026914515,4.335818767547607,0.0003,-1.6761549830436706
-401.25,1095,32,7,8192,200.0,0.01640625,0.004126489162445068,0.3,2.7729859352111816,-0.01559781392570585,7110,0.029412318,4.30357241332531,0.0003,-1.5811514377593994
-401.1904761904762,1094,33,7,8448,200.0,0.066015625,-0.0016748905181884766,0.3,1.9931544065475464,-0.015390291111543775,7120,0.031838514,4.358995711803436,0.0003,-1.421872866153717
-401.16279069767444,1094,34,7,8704,200.0,0.003515625,0.0015941858291625977,0.3,4.0575480461120605,-0.003057072218507528,7130,0.0032237598,8.186256504058838,0.0003,-1.234048306941986
-401.1363636363636,1094,35,8,8960,200.0,0.023828125,0.0041190385818481445,0.3,2.3695852756500244,-0.012567632412537933,7140,0.012406779,4.283167046308518,0.0003,-1.2150605082511903
-401.0869565217391,1094,36,8,9216,200.0,0.0625,-0.0022749900817871094,0.3,3.5275824069976807,-0.020283734193071723,7150,0.032545283,4.352690529823303,0.0003,-1.2441733717918395
-401.06382978723406,1093,37,8,9472,200.0,0.02265625,0.006470799446105957,0.3,3.863647937774658,-0.017447685031220315,7160,0.011689593,8.282132863998413,0.0003,-1.2886200368404388
-402.0833333333333,1092,38,8,9728,200.0,0.012109375,0.0031585693359375,0.3,1.7792659997940063,0.0007739520631730556,7170,0.005163021,4.321970874071122,0.0003,-1.4895206212997436
-402.0408163265306,1092,39,9,9984,200.0,0.0,-0.004616141319274902,0.3,15.823030471801758,-0.003282278566621244,7180,0.001125775,39.88769216537476,0.0003,-1.466528022289276
-401.96078431372547,1091,40,9,10240,200.0,0.00859375,-0.0009223222732543945,0.3,3.931699752807617,-0.011060988157987594,7190,0.007062073,4.52224488556385,0.0003,-1.533726304769516
-400.0,1410,1,0,256,200.0,0.1125,0.0015733838081359863,0.3,5.046274185180664,-0.01811747853644192,7200,0.05575663,8.637949335575104,0.0003,-1.581601506471634
-400.0,1217,2,0,512,200.0,0.0,0.031252264976501465,0.3,3.6828653812408447,-4.641080740839243e-05,6810,0.00070322724,4.152523443102837,0.0003,-0.7356375426054
-416.6666666666667,1155,3,0,768,200.0,0.0,-0.04286849498748779,0.3,27.53913116455078,0.00035107024013996123,6820,6.024493e-05,42.01412332057953,0.0003,-0.7285138249397278
-410.0,1140,4,0,1024,200.0,0.0,0.014429867267608643,0.3,3.347661018371582,-0.00042829269077628853,6830,0.0020777034,4.340623742341995,0.0003,-0.7532789945602417
-408.3333333333333,1131,5,1,1280,200.0,0.041796875,-0.011330246925354004,0.3,2.3641064167022705,-0.0074996512150391935,6840,0.019923758,8.363559007644653,0.0003,-0.8478106796741486
-407.14285714285717,1125,6,1,1536,200.0,0.0,0.0242120623588562,0.3,3.050602674484253,0.00042323844972997905,6850,0.00062020286,4.284361696243286,0.0003,-0.9511278927326202
-406.25,1132,7,1,1792,200.0,0.078515625,-0.012838244438171387,0.3,2.9111156463623047,-0.011861178069375455,6860,0.03961432,4.335055708885193,0.0003,-0.8513081789016723
-410.0,1119,8,1,2048,200.0,0.0,0.0011899471282958984,0.3,22.987531661987305,-0.0076869588461704556,6870,0.006042361,41.690096855163574,0.0003,-0.6824533015489578
-409.09090909090907,1116,9,2,2304,200.0,0.0,0.0071697235107421875,0.3,2.1309494972229004,-0.0027409798931330442,6880,0.0017758149,8.39904773235321,0.0003,-0.6658459514379501
-408.3333333333333,1115,10,2,2560,200.0,0.027734375,-0.0006458759307861328,0.3,1.704575777053833,-0.006406725198030472,6890,0.01957354,4.383568495512009,0.0003,-0.660266375541687
-407.14285714285717,1113,11,2,2816,200.0,0.0,0.013858616352081299,0.3,0.47991839051246643,-0.0007705691503360867,6900,0.0040257853,4.121312350034714,0.0003,-0.4618769124150276
-406.6666666666667,1110,12,2,3072,200.0,0.0,0.09334099292755127,0.3,2.723733425140381,-0.0013229883275926112,6910,0.0006843617,6.781073451042175,0.0003,-0.44823455065488815
-406.25,1115,13,2,3328,200.0,0.0,-0.06057024002075195,0.3,1.858959436416626,-0.0010932021192274987,6920,0.0017901799,4.500766849517822,0.0003,-0.4952030971646309
-408.8235294117647,1111,14,3,3584,200.0,0.0,0.002491295337677002,0.3,0.8724251985549927,-0.00043492335826158526,6930,0.0005768938,4.372338199615479,0.0003,-0.5138220652937889
-407.89473684210526,1113,15,3,3840,200.0,0.0,-0.0016057491302490234,0.3,27.748598098754883,-0.003642173088155687,6940,0.0035125604,41.27992210388184,0.0003,-0.43906143605709075
-407.5,1110,16,3,4096,200.0,0.0,0.023841798305511475,0.3,4.813654899597168,-0.0003829781664535403,6950,0.0002868825,9.264924883842468,0.0003,-0.39236177057027816
-407.14285714285717,1109,17,3,4352,200.0,0.0,-0.004497528076171875,0.3,1.4506343603134155,-0.0006104957778006792,6960,0.0007714748,4.47243754863739,0.0003,-0.3710636332631111
-408.69565217391306,1110,18,4,4608,200.0,0.00546875,-0.002190232276916504,0.3,1.230203628540039,-0.0028221266111359,6970,0.0022515487,4.370632898807526,0.0003,-0.3500662535429001
-408.3333333333333,1108,19,4,4864,200.0,0.0,0.0014047622680664062,0.3,19.17345428466797,0.000960436905734241,6980,0.00017372775,45.89506721496582,0.0003,-0.3826857253909111
-408.0,1108,20,4,5120,200.0,0.0109375,0.0010270476341247559,0.3,2.333728313446045,-0.0036648833891376855,6990,0.0034399335,4.443879064917565,0.0003,-0.4110669672489166
-407.6923076923077,1107,21,4,5376,200.0,0.003515625,8.147954940795898e-05,0.3,3.2039215564727783,-0.0019409190397709608,7000,0.0036592036,4.392825019359589,0.0003,-0.4360295578837395
-407.14285714285717,1107,22,5,5632,200.0,0.003515625,-0.0012040138244628906,0.3,2.795673131942749,-0.0013838727958500386,7010,0.0034724046,4.3795878171920775,0.0003,-0.4145327672362328
-406.8965517241379,1104,23,5,5888,200.0,0.033203125,0.14048218727111816,0.3,2.2623708248138428,-0.00558666461147368,7020,0.0070064804,6.710397005081177,0.0003,-0.5112533017992973
-406.6666666666667,1104,24,5,6144,200.0,0.0,-0.3777141571044922,0.3,3.0176823139190674,-0.0012456428026780485,7030,0.0017401925,4.890883004665374,0.0003,-0.5584362745285034
-406.25,1106,25,5,6400,200.0,0.0390625,-0.0003629922866821289,0.3,3.2099030017852783,-0.007937654620036483,7040,0.015460245,4.349747723340988,0.0003,-0.691091188788414
-406.06060606060606,1102,26,6,6656,200.0,0.010546875,0.000725865364074707,0.3,4.85872745513916,-0.007367666834034026,7050,0.0058086887,8.376216101646424,0.0003,-0.7615413337945938
-405.88235294117646,1102,27,6,6912,200.0,0.036328125,-0.0013647079467773438,0.3,1.7565644979476929,-0.006576824886724353,7060,0.009580899,4.350137194991111,0.0003,-0.8112720370292663
-405.7142857142857,1101,28,6,7168,200.0,0.056640625,0.0013921856880187988,0.3,1.7446370124816895,-0.005724606476724148,7070,0.015269742,4.320340794324875,0.0003,-0.9518883496522903
-405.4054054054054,1101,29,6,7424,200.0,0.0,-0.0011076927185058594,0.3,1.3282854557037354,-0.0014326226897537707,7080,0.00436976,4.353240191936493,0.0003,-1.0255102634429931
-405.2631578947368,1099,30,6,7680,200.0,0.0,0.0012687444686889648,0.3,4.948996067047119,0.0010990732349455356,7090,0.00052938657,8.380871963500976,0.0003,-1.045404666662216
-405.12820512820514,1101,31,7,7936,200.0,0.0,0.019824504852294922,0.3,2.519927740097046,-0.005127074499614537,7100,0.009225888,4.083168214559555,0.0003,-0.9881437361240387
-405.0,1099,32,7,8192,200.0,0.002734375,0.0013046860694885254,0.3,2.097996473312378,-0.003987570479512215,7110,0.001561533,4.134059578180313,0.0003,-0.9262863516807556
-405.95238095238096,1099,33,7,8448,200.0,0.0078125,0.017850816249847412,0.3,2.1235480308532715,-0.005904597998596728,7120,0.003263992,4.020426738262176,0.0003,-0.9715310603380203
-405.8139534883721,1098,34,7,8704,200.0,0.0,0.006451010704040527,0.3,11.749430656433105,-0.006426550704054535,7130,0.003566163,44.84704294204712,0.0003,-0.9556701570749283
-405.6818181818182,1098,35,8,8960,200.0,0.0,0.22849762439727783,0.3,1.7029658555984497,-0.004643949586898089,7140,0.0048587825,3.153751492500305,0.0003,-0.9220108151435852
-405.4347826086956,1097,36,8,9216,200.0,0.00234375,0.38529300689697266,0.3,1.8719749450683594,-0.0025497227208688853,7150,0.009714303,2.751048767566681,0.0003,-0.9919565379619598
-405.3191489361702,1098,37,8,9472,200.0,0.000390625,0.018200933933258057,0.3,3.719208002090454,0.0007347684120759368,7160,0.0003627846,7.983454477787018,0.0003,-1.0642349481582642
-405.2083333333333,1096,38,8,9728,200.0,0.0,-0.10098206996917725,0.3,1.7762479782104492,-0.002763715456239879,7170,0.0042440305,4.699819076061249,0.0003,-1.0017260491847992
-405.1020408163265,1094,39,9,9984,200.0,0.0375,0.009968101978302002,0.3,2.0735299587249756,-0.006894910079427064,7180,0.021429628,4.250931423902512,0.0003,-0.8907950639724731
-404.9019607843137,1093,40,9,10240,200.0,0.0,0.2682603597640991,0.3,1.1227608919143677,-0.004612801899202168,7190,0.0062814215,3.2446269154548646,0.0003,-0.809428259730339
-400.0,1460,1,0,256,200.0,0.0515625,-0.13109350204467773,0.3,5.317500591278076,-0.0053904541535303,7200,0.018165927,8.544560599327088,0.0003,-1.0222631454467774
-400.0,1248,2,0,512,200.0,0.14765625,-0.03163588047027588,0.3,3.6961047649383545,-0.026166231324896216,7210,0.042756148,4.402572441101074,0.0003,-1.5708824396133423
-400.0,1190,3,0,768,200.0,0.016796875,0.0024628639221191406,0.3,1.105491042137146,-0.018594082328490913,7220,0.021705918,4.336241692304611,0.0003,-1.554565042257309
-400.0,1170,4,0,1024,200.0,0.044921875,0.0008016228675842285,0.3,0.8272870182991028,-0.010403752699494362,7230,0.014310038,4.34460719525814,0.0003,-1.5730482399463654
-400.0,1153,5,1,1280,200.0,0.0046875,-0.001618504524230957,0.3,3.114839553833008,-0.003510284936055541,7240,0.0065879906,8.322688770294189,0.0003,-1.6782330989837646
-400.0,1143,6,1,1536,200.0,0.0140625,0.0015751123428344727,0.3,0.4461992383003235,-0.007769065210595727,7250,0.009177802,4.331211447715759,0.0003,-1.6823368966579437
-400.0,1133,7,1,1792,200.0,0.025,0.0035594701766967773,0.3,1.409976840019226,-0.013404074450954795,7260,0.02306803,4.320909523963929,0.0003,-1.7241141736507415
-400.0,1131,8,1,2048,200.0,0.0484375,-0.0019550323486328125,0.3,1.3806490898132324,-0.01820447142235935,7270,0.03263901,4.345710116624832,0.0003,-1.6308384120464325
-400.0,1122,9,2,2304,200.0,0.001953125,0.00257265567779541,0.3,1.9657096862792969,0.00018060044385492802,7280,0.002609387,8.11835744380951,0.0003,-1.6902098894119262
-400.0,1123,10,2,2560,200.0,0.0109375,0.009878993034362793,0.3,2.506356954574585,-0.010543071408756077,7290,0.014639423,4.278106659650803,0.0003,-1.6777593612670898
-400.0,1121,11,2,2816,200.0,0.08203125,-0.0074310302734375,0.3,2.360548496246338,-0.018914442416280507,7300,0.029555071,4.3615651488304135,0.0003,-1.6104507267475128
-400.0,1106,12,2,3072,200.0,0.001171875,0.009528696537017822,0.3,5.369776725769043,-0.007229411113075912,7310,0.007880646,8.260702514648438,0.0003,-1.6112873196601867
-400.0,1101,13,3,3328,200.0,0.001953125,0.02513664960861206,0.3,2.19533371925354,-0.0058157711522653695,7320,0.007106214,4.249876230955124,0.0003,-1.6104670703411101
-400.0,1099,14,3,3584,200.0,0.03046875,0.04438596963882446,0.3,3.276688814163208,-0.009495303826406598,7330,0.01952007,4.057900872826576,0.0003,-1.567399126291275
-400.0,1098,15,3,3840,200.0,0.0,0.05151259899139404,0.3,0.6125025749206543,-0.005873458227142692,7340,0.0052302997,3.9474740505218504,0.0003,-1.4566935896873474
-400.0,1096,16,3,4096,200.0,0.0265625,0.04007214307785034,0.3,4.5940093994140625,-0.01365931173786521,7350,0.01255185,7.930795168876648,0.0003,-1.4765220522880553
-402.3809523809524,1095,17,3,4352,200.0,0.010546875,0.016527295112609863,0.3,0.8439417481422424,-0.009958009026013315,7360,0.010241671,4.21742049753666,0.0003,-1.5822251975536346
-402.17391304347825,1098,18,4,4608,200.0,0.00078125,-0.02792525291442871,0.3,16.284271240234375,-0.002459659683518112,7370,0.0043599894,31.90804705619812,0.0003,-1.6386510133743286
-404.1666666666667,1094,19,4,4864,200.0,0.00546875,0.005361795425415039,0.3,2.487272262573242,-0.0024108786717988552,7380,0.0024500953,9.966515505313874,0.0003,-1.584433728456497
-404.0,1094,20,4,5120,200.0,0.0,-0.00016391277313232422,0.3,21.6055908203125,-0.002866016700863838,7390,0.0013214138,40.8317307472229,0.0003,-1.5648646116256715
-403.84615384615387,1094,21,4,5376,200.0,0.0,0.0022010207176208496,0.3,3.4206366539001465,-0.0030699603725224734,7400,0.0011539178,5.0008852005004885,0.0003,-1.5472908794879914
-403.57142857142856,1094,22,5,5632,200.0,0.000390625,0.001491248607635498,0.3,2.675929069519043,-0.00858953632414341,7410,0.0066486876,4.6737415254116055,0.0003,-1.4987555503845216
-403.44827586206895,1092,23,5,5888,200.0,0.00703125,0.0014022588729858398,0.3,3.492629051208496,-0.0024137202184647323,7420,0.007540395,8.710493469238282,0.0003,-1.5279580950737
-402.3333333333333,1090,24,5,6144,200.0,0.001171875,0.04551655054092407,0.3,2.2789056301116943,-0.010274687921628356,7430,0.011847068,4.1963388323783875,0.0003,-1.5412778675556182
-402.1875,1090,25,5,6400,200.0,0.004296875,0.23866522312164307,0.3,2.9618136882781982,-0.009245250793173908,7440,0.0076422575,8.034986233711242,0.0003,-1.4953985154628753
-402.1212121212121,1090,26,6,6656,200.0,0.001953125,0.029054701328277588,0.3,3.2616164684295654,-0.010133941564708948,7450,0.00832337,7.73455319404602,0.0003,-1.4963127851486206
-402.05882352941177,1089,27,6,6912,200.0,0.024609375,0.0492701530456543,0.3,2.022503137588501,-0.009832253772765398,7460,0.018428383,3.9160902082920073,0.0003,-1.4801709353923798
-402.0,1092,28,6,7168,200.0,0.001953125,-0.24432826042175293,0.3,1.5300463438034058,-0.0026675716741010546,7470,0.0053506265,4.661176031827926,0.0003,-1.3951625049114227
-401.8918918918919,1089,29,6,7424,200.0,0.01640625,0.01473468542098999,0.3,2.8726649284362793,-0.006273378804326058,7480,0.008842664,4.2437711477279665,0.0003,-1.3902690291404725
-401.8421052631579,1089,30,7,7680,200.0,0.022265625,-0.005486607551574707,0.3,3.678483247756958,-0.012453811708837748,7490,0.022217378,8.268386578559875,0.0003,-1.3131400883197784
-401.79487179487177,1089,31,7,7936,200.0,0.001171875,-0.006311655044555664,0.3,2.0597167015075684,-0.003295216057449579,7500,0.00659272,4.352073839306831,0.0003,-1.184509527683258
-401.75,1089,32,7,8192,200.0,0.013671875,-0.00035500526428222656,0.3,1.5821880102157593,-0.010270530241541564,7510,0.0072944732,4.3274725958704945,0.0003,-1.1523799479007721
-401.6666666666667,1090,33,7,8448,200.0,0.0,0.08042925596237183,0.3,1.137894868850708,-0.004841647343710065,7520,0.004963395,3.636284214258194,0.0003,-1.2251287579536438
-401.6279069767442,1089,34,7,8704,200.0,0.014453125,0.07248234748840332,0.3,3.0187714099884033,-0.004058664804324508,7530,0.0033643038,6.8874186992645265,0.0003,-1.2169310390949248
-401.59090909090907,1090,35,8,8960,200.0,0.0,0.07683295011520386,0.3,1.750353217124939,-0.004786076187156141,7540,0.0047373045,4.496407026052475,0.0003,-1.1892629146575928
-401.5217391304348,1090,36,8,9216,200.0,0.005078125,-0.14505958557128906,0.3,1.026361346244812,-0.0060573967406526204,7550,0.008255012,4.57813550233841,0.0003,-1.1346506536006928
-401.48936170212767,1092,37,8,9472,200.0,0.05390625,0.029831349849700928,0.3,5.422057628631592,-0.007998105138540268,7560,0.0159005,7.823595476150513,0.0003,-1.2499497354030609
-401.4583333333333,1091,38,8,9728,200.0,0.004296875,0.104900062084198,0.3,1.5542349815368652,-0.00533694897312671,7570,0.0040353546,3.7580808222293856,0.0003,-1.0479197800159454
-401.42857142857144,1093,39,9,9984,200.0,0.196875,0.01992940902709961,0.3,1.9169869422912598,-0.005762951076030731,7580,0.08524563,4.196805161237717,0.0003,-1.2200118958950044
-401.37254901960785,1093,40,9,10240,200.0,0.0,-0.14998102188110352,0.3,2.15832257270813,-0.0010044503957033156,7590,0.0014997497,4.6319711923599245,0.0003,-1.3296821057796477
-400.0,1172,1,0,256,200.0,0.03046875,0.024606287479400635,0.3,3.133606433868408,-0.003662950755096972,7600,0.02015536,8.145327627658844,0.0003,-1.7002967238426208
-400.0,1127,2,0,512,200.0,0.02578125,-0.007812976837158203,0.3,1.8418220281600952,-0.0035237864358350635,7210,0.009417135,4.440159410238266,0.0003,-1.1099181652069092
-400.0,1123,3,0,768,200.0,0.0640625,0.0015711188316345215,0.3,2.169956922531128,-0.005217281123623252,7220,0.018164054,4.366073679924011,0.0003,-1.0776837289333343
-400.0,1107,4,0,1024,200.0,0.0,-0.002700209617614746,0.3,1.5924032926559448,-0.0028874883195385338,7230,0.005815926,4.363145738840103,0.0003,-1.0607396125793458
-400.0,1102,5,1,1280,200.0,0.0,0.0011919736862182617,0.3,3.1961848735809326,-0.0010159203317016362,7240,0.005064411,8.391004812717437,0.0003,-1.0580666840076447
-400.0,1109,6,1,1536,200.0,0.1296875,0.0008087754249572754,0.3,2.9078452587127686,-0.009185512736439704,7250,0.011085919,4.345539128780365,0.0003,-1.162360268831253
-400.0,1097,7,1,1792,200.0,0.030078125,-0.0011709928512573242,0.3,1.4105024337768555,-0.006078963750042021,7260,0.01803194,4.32841557264328,0.0003,-1.131758463382721
-400.0,1095,8,1,2048,200.0,0.104296875,0.0013764500617980957,0.3,2.5352792739868164,-0.008218596992082893,7270,0.0364717,4.344040447473526,0.0003,-1.2182844936847688
-408.1818181818182,1090,9,2,2304,200.0,0.003515625,-2.0742416381835938e-05,0.3,14.715909957885742,-0.007819086499512195,7280,0.010884909,45.25142850875854,0.0003,-1.3448598444461823
-407.5,1089,10,2,2560,200.0,0.002734375,-0.00021791458129882812,0.3,9.513051986694336,-0.00556968804448843,7290,0.0022096895,18.178080105781554,0.0003,-1.3848208665847779
-406.42857142857144,1086,11,2,2816,200.0,0.0,-0.002697467803955078,0.3,3.629643201828003,-0.0035287291975691915,7300,0.00533632,4.724869868159294,0.0003,-1.368306291103363
-406.0,1089,12,2,3072,200.0,0.0,0.0012597441673278809,0.3,4.770923614501953,-0.0025457160372752696,7310,0.0021247554,8.943508863449097,0.0003,-1.3635060608386993
-405.625,1084,13,3,3328,200.0,0.0046875,0.0008438825607299805,0.3,1.836839199066162,-0.002489979052916169,7320,0.009284062,4.383445227146149,0.0003,-1.3697440445423126
-405.29411764705884,1079,14,3,3584,200.0,0.137890625,-0.002645254135131836,0.3,2.1832478046417236,-0.0185579945333302,7330,0.05644791,4.35839381814003,0.0003,-1.4494028389453888
-420.5263157894737,1081,15,3,3840,200.0,0.10625,0.0012184381484985352,0.3,1.3855056762695312,-0.022727463790215553,7340,0.040179007,4.3496918946504595,0.0003,-1.486515963077545
-420.5,1081,16,3,4096,200.0,0.002734375,-0.0006278753280639648,0.3,168.96133422851562,0.011630938714370131,7350,0.0031460484,289.5142578125,0.0003,-1.5082100570201873
-424.76190476190476,1082,17,4,4352,200.0,0.00546875,0.01251828670501709,0.3,3.1085190773010254,-0.013909601955674589,7360,0.00949287,9.908939409255982,0.0003,-1.5002527356147766
-428.69565217391306,1078,18,4,4608,200.0,0.001953125,0.04778695106506348,0.3,41.927940368652344,-0.008087657461874186,7370,0.0032849999,82.92325019836426,0.0003,-1.51945818066597
-430.8333333333333,1080,19,4,4864,200.0,0.00625,-0.0005657672882080078,0.3,34.2158088684082,-0.01009286290500313,7380,0.002999714,71.17057399749756,0.0003,-1.4882360994815826
-431.2,1080,20,4,5120,200.0,0.026171875,-0.0009778738021850586,0.3,9.574082374572754,-0.01751411664299667,7390,0.027649766,26.061948204040526,0.0003,-1.4208937764167786
-430.0,1081,21,4,5376,200.0,0.03984375,-5.364418029785156e-06,0.3,11.891951560974121,-0.025969696114771068,7400,0.031639032,19.924126815795898,0.0003,-1.2972295343875886
-427.85714285714283,1078,22,5,5632,200.0,0.0,0.00179976224899292,0.3,3.5337705612182617,-0.0009401630843058229,7410,0.007871924,5.299490493535996,0.0003,-1.149029129743576
-428.62068965517244,1079,23,5,5888,200.0,0.0,-0.0001169443130493164,0.3,3.418912410736084,-0.00027243723161518574,7420,0.00013910723,9.630295467376708,0.0003,-1.1051253080368042
-432.0,1080,24,5,6144,200.0,0.0,-0.001845717430114746,0.3,21.236835479736328,-0.003516683238558471,7430,0.0013196778,41.068181133270265,0.0003,-1.0853369891643525
-431.25,1080,25,5,6400,200.0,0.00390625,-5.543231964111328e-05,0.3,62.820579528808594,-0.008906322601251303,7440,0.0019666166,169.6813186645508,0.0003,-1.0509926617145537
-430.3030303030303,1080,26,6,6656,200.0,0.003125,-0.0015575885772705078,0.3,8.86723518371582,-0.011626816028729082,7450,0.011831386,12.238086414337157,0.0003,-1.0906126260757447
-429.4117647058824,1080,27,6,6912,200.0,0.0,-0.0025461912155151367,0.3,3.1163265705108643,0.0016790087101981044,7460,0.0012530799,4.982403361797333,0.0003,-1.1781939744949341
-428.57142857142856,1079,28,6,7168,200.0,0.03203125,-4.744529724121094e-05,0.3,0.7572717070579529,-0.014170876424759626,7470,0.017159857,4.64163634814322,0.0003,-1.2106957614421845
-427.02702702702703,1078,29,6,7424,200.0,0.106640625,-0.00011813640594482422,0.3,3.103198289871216,-0.017403327394276857,7480,0.04197716,4.455064272880554,0.0003,-1.3024608016014099
-426.3157894736842,1078,30,7,7680,200.0,0.0,0.00018966197967529297,0.3,4.295934677124023,-0.00030815424397587774,7490,0.0014419546,8.50384693145752,0.0003,-1.3276627480983734
-425.64102564102564,1078,31,7,7936,200.0,0.0,0.0005412697792053223,0.3,3.154599666595459,-0.0059720307355746625,7500,0.019800909,4.343692898750305,0.0003,-1.3163717150688172
-428.0,1078,32,7,8192,200.0,0.001171875,-0.0033234357833862305,0.3,38.34518814086914,-0.010371909395325929,7510,0.00822279,102.24318370819091,0.0003,-1.2387747645378113
-426.6666666666667,1079,33,7,8448,200.0,0.0,-0.0002225637435913086,0.3,2.9170150756835938,-0.0010569759644567967,7520,0.0044733277,4.413191390037537,0.0003,-1.2225913941860198
-426.04651162790697,1078,34,8,8704,200.0,0.0,-5.1856040954589844e-05,0.3,5.082427978515625,-0.008829358126968145,7530,0.018097013,8.272615528106689,0.0003,-1.2568889081478118
-425.45454545454544,1078,35,8,8960,200.0,0.04296875,0.00027823448181152344,0.3,2.977736473083496,-0.0038732096552848818,7540,0.018590193,4.341041240096092,0.0003,-1.33129625916481
-424.3478260869565,1078,36,8,9216,200.0,0.08125,0.0007598400115966797,0.3,2.5653939247131348,-0.010029244259931147,7550,0.04110652,4.331487661600113,0.0003,-1.3373719513416291
-423.82978723404256,1079,37,8,9472,200.0,0.0,0.0005234479904174805,0.3,5.039760112762451,-0.01028782334178686,7560,0.011829737,8.39336256980896,0.0003,-1.270814710855484
-423.3333333333333,1078,38,9,9728,200.0,0.0015625,0.0007867813110351562,0.3,1.4795756340026855,-0.0063359268940985205,7570,0.015257802,4.338038372993469,0.0003,-1.2036565959453582
-422.85714285714283,1078,39,9,9984,200.0,0.0,0.0007996559143066406,0.3,2.3863422870635986,-0.005740566179156303,7580,0.02584948,4.3302074551582335,0.0003,-1.1182244837284088
-424.9019607843137,1079,40,9,10240,200.0,0.00078125,0.04095333814620972,0.3,91.1442642211914,0.0023126797284930946,7590,0.002927714,181.95871810913087,0.0003,-1.076124083995819
-400.0,1454,1,0,256,200.0,0.0,0.035642027854919434,0.3,5.25100040435791,-0.0007753258803859353,7600,0.0010429551,7.756471073627472,0.0003,-1.0786122381687164
-400.0,1249,2,0,512,200.0,0.01875,0.0025179386138916016,0.3,1.7025121450424194,-0.011577786691486836,7610,0.016503038,4.0866798788309096,0.0003,-1.4812897622585297
-400.0,1190,3,0,768,200.0,0.0984375,-0.14034783840179443,0.3,2.7163751125335693,-0.00842658979818225,7620,0.057602502,4.484678256511688,0.0003,-1.4842639148235321
-400.0,1152,4,0,1024,200.0,0.1109375,-0.007698535919189453,0.3,1.2831482887268066,-0.02201610815245658,7630,0.072385594,4.349391770362854,0.0003,-1.5635454177856445
-400.0,1114,5,1,1280,200.0,0.124609375,0.0012705326080322266,0.3,4.921950340270996,-0.012333189323544502,7640,0.036180526,8.356756901741027,0.0003,-1.4257326960563659
-400.0,1100,6,1,1536,200.0,0.0375,0.0015588998794555664,0.3,2.47381591796875,-0.010214338777586818,7650,0.025390256,4.347587430477143,0.0003,-1.3075046360492706
-400.0,1064,7,1,1792,200.0,0.06875,0.004532873630523682,0.3,1.1068158149719238,-0.01691129244863987,7660,0.021171374,4.2928783118724825,0.0003,-1.0010451704263688
-400.0,1062,8,1,2048,200.0,0.11171875,0.0432857871055603,0.3,2.0068061351776123,-0.01495784306898713,7670,0.095647335,4.120559197664261,0.0003,-1.235174012184143
-400.0,1054,9,2,2304,200.0,0.04296875,0.08199828863143921,0.3,1.4014644622802734,-0.012641929835081101,7680,0.029064652,7.185583317279816,0.0003,-1.4485798954963685
-400.0,1056,10,2,2560,200.0,0.03515625,-0.06918203830718994,0.3,0.8030163049697876,-0.007240423653274775,7690,0.01829204,4.407006627321243,0.0003,-1.4552320182323455
-400.0,1055,11,2,2816,200.0,0.03203125,-0.001140594482421875,0.3,2.634181022644043,-0.007076999684795737,7700,0.009837374,4.36213960647583,0.0003,-1.2906025052070618
-400.0,1059,12,2,3072,200.0,0.078125,0.00012809038162231445,0.3,5.1112871170043945,-0.0034323793603107332,7710,0.015282913,8.362216067314147,0.0003,-1.089676097035408
-400.0,1063,13,3,3328,200.0,0.109765625,-0.0007901191711425781,0.3,1.3275748491287231,-0.016442465409636498,7720,0.033561792,4.293817740678787,0.0003,-1.3380086719989777
-400.0,1065,14,3,3584,200.0,0.003125,0.00030684471130371094,0.3,3.627054214477539,-0.003173698601312935,7730,0.0053828917,4.333627134561539,0.0003,-0.8390321344137192
-400.0,1066,15,3,3840,200.0,0.341796875,0.0010927319526672363,0.3,1.3121649026870728,-0.02768749613314867,7740,0.12874125,4.343788725137711,0.0003,-1.306982731819153
-400.0,1067,16,3,4096,200.0,0.1453125,-0.0015103816986083984,0.3,2.8547394275665283,-0.008196300733834505,7750,0.011603922,8.363559770584107,0.0003,-1.569174236059189
-400.0,1068,17,4,4352,200.0,0.04296875,-0.0036940574645996094,0.3,1.7843271493911743,-0.0023312083445489406,7760,0.008578662,4.302965402603149,0.0003,-1.413586640357971
-400.0,1068,18,4,4608,200.0,0.1375,0.017063796520233154,0.3,1.619249939918518,-0.015226125391200185,7770,0.02079116,3.898430460691452,0.0003,-1.5317053616046905
-400.0,1064,19,4,4864,200.0,0.0953125,0.06344848871231079,0.3,2.485978364944458,-0.01516880551353097,7780,0.024560064,7.3582558870315555,0.0003,-1.4178217232227326
-400.0,1061,20,4,5120,200.0,0.001953125,-0.2816038131713867,0.3,1.9718356132507324,-0.001323223439976573,7790,0.0065380796,4.7930139064788815,0.0003,-1.554372787475586
-400.0,1055,21,5,5376,200.0,0.02265625,0.06059539318084717,0.3,1.185570478439331,-0.008358854800462723,7800,0.014730779,3.9258964359760284,0.0003,-1.6890663743019103
-399.64285714285717,1022,22,5,5632,200.0,0.00703125,0.22305285930633545,0.3,3.761918544769287,-0.014629914658144116,7810,0.011290077,6.205119788646698,0.0003,-1.7022589325904847
-399.6551724137931,1019,23,5,5888,200.0,0.008984375,0.165826678276062,0.3,2.4637649059295654,-0.005790286883711815,7820,0.0085263755,6.6364641189575195,0.0003,-1.5497572660446166
-399.6666666666667,1020,24,6,6144,200.0,0.121875,-0.003162860870361328,0.3,1.5555192232131958,-0.011781217763200402,7830,0.04023455,4.409444254636765,0.0003,-1.6073558628559113
-399.6875,1020,25,6,6400,200.0,0.103515625,0.0005903244018554688,0.3,3.1113758087158203,-0.017314915522001685,7840,0.025103051,4.3271798372268675,0.0003,-1.627264380455017
-399.6969696969697,1021,26,6,6656,200.0,0.12578125,0.1317726969718933,0.3,3.974613904953003,-0.022218569088727234,7850,0.016678251,7.2567503452301025,0.0003,-1.6745377242565156
-399.70588235294116,1020,27,6,6912,200.0,0.083984375,0.029607057571411133,0.3,2.737575054168701,-0.01867690037470311,7860,0.040119935,4.201637953519821,0.0003,-1.8035005748271942
-399.7142857142857,1022,28,7,7168,200.0,0.08828125,-0.0032538175582885742,0.3,0.9749437570571899,-0.013170481473207474,7870,0.019988334,4.3551686882972716,0.0003,-1.8532414197921754
-399.72972972972974,1022,29,7,7424,200.0,0.084375,0.052137553691864014,0.3,2.7330784797668457,-0.01410202137194574,7880,0.022663094,4.002488380670547,0.0003,-1.6998493313789367
-399.7368421052632,1024,30,7,7680,200.0,0.017578125,0.11043310165405273,0.3,3.576528787612915,-0.005677114566788077,7890,0.011821192,7.355702495574951,0.0003,-1.7997551381587982
-399.7435897435897,1025,31,7,7936,200.0,0.096484375,0.006403148174285889,0.3,1.9819704294204712,-0.013311975402757525,7900,0.0440436,4.229898339509964,0.0003,-1.8424056351184845
-399.75,1026,32,7,8192,200.0,0.128125,0.026554524898529053,0.3,3.2048139572143555,-0.025641576619818807,7910,0.05575836,4.138579189777374,0.0003,-1.9098659813404084
-399.76190476190476,1026,33,8,8448,200.0,0.0125,-0.11418318748474121,0.3,3.029020309448242,-0.0038264179369434715,7920,0.013478695,4.483103108406067,0.0003,-1.9866995453834533
-399.7674418604651,1026,34,8,8704,200.0,0.01875,0.07619553804397583,0.3,3.849672555923462,-0.008694150135852396,7930,0.014503962,7.17209746837616,0.0003,-2.0193164348602295
-399.77272727272725,1026,35,8,8960,200.0,0.026171875,0.21856987476348877,0.3,1.8328591585159302,-0.013630308979190885,7940,0.02533586,3.178625303506851,0.0003,-2.0206317782402037
-399.7826086956522,1027,36,8,9216,200.0,0.042578125,0.30874747037887573,0.3,1.9214974641799927,-0.027030467125587165,7950,0.025455818,3.1036453247070312,0.0003,-1.9906809866428374
-399.78723404255317,1027,37,9,9472,200.0,0.00234375,0.020311594009399414,0.3,4.355618000030518,-0.008639467530883849,7960,0.010447632,8.183887541294098,0.0003,-1.987116700410843
-399.7916666666667,1028,38,9,9728,200.0,0.01953125,-0.3009214401245117,0.3,3.39084529876709,-0.013121131481602788,7970,0.019439137,5.073855996131897,0.0003,-1.9881172895431518
-399.7959183673469,1030,39,9,9984,200.0,0.05625,0.013980090618133545,0.3,1.8549975156784058,-0.012280267849564552,7980,0.021244898,4.2280526638031,0.0003,-2.0265114068984986
-399.80392156862746,1031,40,9,10240,200.0,0.032421875,-0.0191500186920166,0.3,1.746196985244751,-0.0215551245957613,7990,0.018049445,4.285582888126373,0.0003,-1.9926026523113252
-400.0,1434,1,0,256,200.0,0.06484375,0.03577154874801636,0.3,4.577236175537109,-0.01220461199991405,8000,0.018245865,7.992996168136597,0.0003,-2.0136998891830444
-400.0,1228,2,0,512,200.0,0.007421875,0.03291213512420654,0.3,2.469672203063965,-0.017390209110453726,7610,0.01959546,4.1121285319328305,0.0003,-1.1545360147953034
-400.0,1154,3,0,768,200.0,0.0,0.0009628534317016602,0.3,2.3594770431518555,0.0002796430140733719,7620,0.003792838,4.381556218862533,0.0003,-1.207592499256134
-412.0,1138,4,0,1024,200.0,0.0140625,-0.0005788803100585938,0.3,2.3776473999023438,-0.0038074711337685585,7630,0.004393983,4.369325840473175,0.0003,-1.202485489845276
-410.0,1127,5,1,1280,200.0,0.0015625,0.0004736781120300293,0.3,10.703450202941895,-0.008106201514601707,7640,0.0013465337,26.98593897819519,0.0003,-1.225589746236801
-408.57142857142856,1119,6,1,1536,200.0,0.0,0.00031387805938720703,0.3,1.611829161643982,-0.0030326883075758814,7650,0.007932471,4.45033495426178,0.0003,-1.2128700852394103
-407.5,1114,7,1,1792,200.0,0.0,0.0016998648643493652,0.3,2.309187650680542,-0.001361114578321576,7660,0.0028741125,4.380975449085236,0.0003,-1.1824877202510833
-406.0,1112,8,1,2048,200.0,0.02265625,-0.01855778694152832,0.3,3.26481032371521,-0.010244132322259247,7670,0.012962732,4.37120995670557,0.0003,-1.153829962015152
-405.45454545454544,1107,9,2,2304,200.0,0.0,0.01825845241546631,0.3,2.9420738220214844,-0.005971549171954393,7680,0.01079073,7.293346929550171,0.0003,-1.159184592962265
-405.0,1099,10,2,2560,200.0,0.0,0.08599931001663208,0.3,1.8184670209884644,-0.004881871840916574,7690,0.0069341026,4.156652200222015,0.0003,-1.1102806389331819
-404.2857142857143,1096,11,2,2816,200.0,0.0,-0.06353926658630371,0.3,1.4633139371871948,-0.004915850982069969,7700,0.014465695,4.425381892919541,0.0003,-1.0266925185918807
-404.0,1090,12,2,3072,200.0,0.0,0.04105257987976074,0.3,4.881968975067139,-0.0028981676558032634,7710,0.004780501,7.8479068040847775,0.0003,-0.91386598944664
-403.75,1088,13,3,3328,200.0,0.0,-0.012040495872497559,0.3,3.197889566421509,-0.0018873271998018025,7720,0.0020151827,4.439666569232941,0.0003,-0.8834072560071945
-403.52941176470586,1086,14,3,3584,200.0,0.0,0.04419279098510742,0.3,1.2727948427200317,-0.00020865013357251883,7730,0.0042083096,4.078346148133278,0.0003,-0.9018525570631027
-403.1578947368421,1085,15,3,3840,200.0,0.0,-0.03621077537536621,0.3,0.6758793592453003,-0.0011898850556463004,7740,0.0026712455,4.302813118696212,0.0003,-0.9437246024608612
-403.0,1085,16,3,4096,200.0,0.03984375,0.07621800899505615,0.3,3.0778329372406006,-0.009810878871940076,7750,0.015340482,7.83106689453125,0.0003,-1.001702007651329
-402.85714285714283,1083,17,4,4352,200.0,0.037109375,0.1578255295753479,0.3,2.230867624282837,-0.015539267240092159,7760,0.036281794,3.660429571568966,0.0003,-1.07767693400383
-402.60869565217394,1082,18,4,4608,200.0,0.0,0.025780081748962402,0.3,3.250643014907837,0.0011204014997929334,7770,0.004894537,4.188273704051971,0.0003,-1.1426463961601256
-402.5,1083,19,4,4864,200.0,0.0,-0.07767534255981445,0.3,2.1834604740142822,-0.0005444878013804555,7780,0.0009730903,8.47100260257721,0.0003,-1.150094211101532
-402.4,1083,20,4,5120,200.0,0.0,0.002288520336151123,0.3,2.6867101192474365,-0.005223418097011745,7790,0.015386437,4.400771601498127,0.0003,-1.1279743432998657
-402.3076923076923,1082,21,4,5376,200.0,0.12421875,-0.018331170082092285,0.3,2.2647950649261475,-0.014613204775378108,7800,0.0466418,4.368948459625244,0.0003,-1.070833396911621
-402.14285714285717,1051,22,5,5632,200.0,0.05625,0.00025093555450439453,0.3,2.459749460220337,-0.01007647782098502,7810,0.028726954,4.356766378879547,0.0003,-0.9875547796487808
-402.0689655172414,1052,23,5,5888,200.0,0.0,0.0020665526390075684,0.3,2.7282326221466064,0.0021019921405240893,7820,0.0015127549,8.360531902313232,0.0003,-0.825962296128273
-402.0,1052,24,5,6144,200.0,0.0,0.002031087875366211,0.3,3.7456064224243164,0.0004220556118525565,7830,0.00028430414,4.336191189289093,0.0003,-0.8475941896438599
-402.1875,1053,25,6,6400,200.0,0.0015625,-0.03805363178253174,0.3,3.9730474948883057,-0.007498369086533785,7840,0.0035653703,12.648754858970642,0.0003,-0.8180607438087464
-402.1212121212121,1052,26,6,6656,200.0,0.026171875,0.16266393661499023,0.3,1.8988361358642578,-0.01097461166791618,7850,0.017931275,6.929691588878631,0.0003,-0.7081786155700683
-402.05882352941177,1054,27,6,6912,200.0,0.0,0.00976485013961792,0.3,1.0903770923614502,0.000374825787730515,7860,0.00019728555,4.263380199670792,0.0003,-0.5885848194360733
-402.0,1052,28,6,7168,200.0,0.0,0.03046196699142456,0.3,3.2008912563323975,-0.0011041182326152921,7870,0.00082946685,4.255114895105362,0.0003,-0.6033704519271851
-401.8918918918919,1052,29,7,7424,200.0,0.0,0.25689423084259033,0.3,1.580748200416565,0.00020205422770231963,7880,0.00011502579,3.4958827257156373,0.0003,-0.5694391638040542
-401.8421052631579,1053,30,7,7680,200.0,0.0,0.05282515287399292,0.3,3.151372194290161,-0.001034260424785316,7890,0.00039772107,7.244799840450287,0.0003,-0.5856270968914032
-401.79487179487177,1055,31,7,7936,200.0,0.0,0.07476955652236938,0.3,0.9241287112236023,0.0001556813542265445,7900,5.1291892e-05,4.352892261743546,0.0003,-0.6083721041679382
-403.0,1054,32,7,8192,200.0,0.0,-0.008259177207946777,0.3,1.2856738567352295,-0.0003455861937254667,7910,0.00038881996,4.381985929608345,0.0003,-0.6164910167455673
-403.0952380952381,1055,33,8,8448,200.0,0.0078125,-0.0028061866760253906,0.3,0.5256531238555908,-0.0018744756816886365,7920,0.004783431,14.342541754245758,0.0003,-0.6801545858383179
-403.0232558139535,1056,34,8,8704,200.0,0.001953125,0.1784651279449463,0.3,21.078651428222656,-0.0034144839504733683,7930,0.0011409582,55.398432064056394,0.0003,-0.7489668846130371
-402.95454545454544,1056,35,8,8960,200.0,0.0,0.04242056608200073,0.3,3.031339645385742,-0.00030820660758763553,7940,0.0004025728,4.066739839315415,0.0003,-0.7481269717216492
-402.82608695652175,1055,36,8,9216,200.0,0.0,-0.20679843425750732,0.3,2.11814284324646,-0.0009347302839159966,7950,0.0015874458,5.003014659881591,0.0003,-0.7360606998205185
-402.7659574468085,1056,37,8,9472,200.0,0.0,0.09206831455230713,0.3,5.3998494148254395,-0.0006172708002850413,7960,0.0074189655,7.899392223358154,0.0003,-0.8277617543935776
-402.7083333333333,1057,38,9,9728,200.0,0.03984375,0.03516066074371338,0.3,3.338500499725342,-0.00399094857275486,7970,0.011472926,4.1696503281593325,0.0003,-0.9244961082935333
-402.6530612244898,1058,39,9,9984,200.0,0.0,0.02222996950149536,0.3,1.3099322319030762,-0.0038026584894396364,7980,0.012250999,4.239125084877014,0.0003,-0.978980752825737
-402.7450980392157,1059,40,9,10240,200.0,0.0,-0.12773346900939941,0.3,3.8292951583862305,-0.0035666266921907663,7990,0.0061527127,4.625670093297958,0.0003,-1.0207511514425278
-400.0,1463,1,0,256,200.0,0.00234375,0.0663602352142334,0.3,7.983386516571045,-0.002868774835951626,8000,0.0012093585,14.780168342590333,0.0003,-0.9654699444770813
-400.0,1227,2,0,512,200.0,0.098828125,0.024353504180908203,0.3,2.403259038925171,-0.012342509021982551,8010,0.019021843,4.244522732496262,0.0003,-1.9474005699157715
-400.0,1163,3,0,768,200.0,0.01796875,-0.03756237030029297,0.3,2.8487815856933594,-0.018121925136074423,8020,0.017744549,4.3814017415046695,0.0003,-1.971333372592926
-400.0,1144,4,0,1024,200.0,0.05078125,0.13590437173843384,0.3,1.9987226724624634,-0.015304063633084296,8030,0.01659754,3.503729909658432,0.0003,-2.0304802894592284
-400.0,1125,5,1,1280,200.0,0.009765625,0.012076854705810547,0.3,2.0904617309570312,-0.007922353455796838,8040,0.007263352,8.581783282756806,0.0003,-2.0243521332740784
-414.2857142857143,1121,6,1,1536,200.0,0.0015625,0.0819275975227356,0.3,54.132930755615234,-0.0017925742780789734,8050,0.0030336345,79.1275478363037,0.0003,-2.0390881061553956
-412.5,1112,7,1,1792,200.0,0.065234375,0.03307652473449707,0.3,2.1353907585144043,-0.012443615554366261,8060,0.024197731,4.330959403514862,0.0003,-2.014363169670105
-410.0,1104,8,1,2048,200.0,0.096875,-0.00330197811126709,0.3,2.2644906044006348,-0.01766692865639925,8070,0.026633058,4.346976435184478,0.0003,-2.0717731952667235
-409.09090909090907,1101,9,2,2304,200.0,0.042578125,0.03932976722717285,0.3,3.6842756271362305,-0.013877957873046399,8080,0.026327714,7.923739194869995,0.0003,-1.983067125082016
-408.3333333333333,1093,10,2,2560,200.0,0.005859375,0.04233330488204956,0.3,1.4650896787643433,-0.007837619353085756,8090,0.0053280443,4.113961094617844,0.0003,-2.013132506608963
-407.14285714285717,1092,11,2,2816,200.0,0.064453125,-0.042722463607788086,0.3,1.7534282207489014,-0.021333356853574514,8100,0.028721906,4.431083250045776,0.0003,-1.9799382448196412
-406.6666666666667,1090,12,2,3072,200.0,0.03203125,0.06377661228179932,0.3,5.265116214752197,-0.009999813139438629,8110,0.012821296,7.983141803741455,0.0003,-2.030669319629669
-406.25,1091,13,3,3328,200.0,0.0421875,0.02691042423248291,0.3,2.105074882507324,-0.008757746359333397,8120,0.01747097,4.214419192075729,0.0003,-1.8512372076511383
-405.88235294117646,1088,14,3,3584,200.0,0.035546875,0.0942009687423706,0.3,2.752249240875244,-0.015521538350731135,8130,0.012641213,3.7634551167488097,0.0003,-1.8404128074645996
-405.2631578947368,1087,15,3,3840,200.0,0.00859375,-0.0877307653427124,0.3,0.9885286092758179,-0.008270671730861068,8140,0.0055312724,4.690471744537353,0.0003,-2.019380521774292
-405.0,1088,16,3,4096,200.0,0.0125,0.00826418399810791,0.3,3.610380172729492,-0.005161880468949676,8150,0.010387985,8.330918145179748,0.0003,-1.943357092142105
-404.76190476190476,1087,17,4,4352,200.0,0.07734375,-0.037198543548583984,0.3,1.1893001794815063,-0.013495464669540524,8160,0.024274718,4.482323861122131,0.0003,-2.0436376333236694
-404.3478260869565,1085,18,4,4608,200.0,0.03984375,0.04981398582458496,0.3,3.232865810394287,-0.015804926748387516,8170,0.030709874,4.016023254394531,0.0003,-2.017163020372391
-404.1666666666667,1085,19,4,4864,200.0,0.02265625,0.27814531326293945,0.3,2.867079496383667,-0.010010440787300467,8180,0.012976887,5.915001666545868,0.0003,-1.8295938849449158
-404.0,1080,20,4,5120,200.0,0.003125,0.49347543716430664,0.3,1.02414071559906,-0.004261850798502565,8190,0.0067854123,2.578483709692955,0.0003,-1.7482094943523407
-403.84615384615387,1079,21,4,5376,200.0,0.008203125,0.20587170124053955,0.3,1.0189118385314941,-0.009036809206008911,8200,0.014517834,3.3299930334091186,0.0003,-1.8866314589977264
-403.57142857142856,1079,22,5,5632,200.0,0.04453125,0.030344784259796143,0.3,1.7039707899093628,-0.010661497199907898,8210,0.018152269,4.06548181772232,0.0003,-1.9239018440246582
-403.44827586206895,1079,23,5,5888,200.0,0.0,-0.07486891746520996,0.3,3.846505641937256,-0.004013292957097292,8220,0.0046793707,8.28191523551941,0.0003,-1.8212119698524476
-403.3333333333333,1078,24,5,6144,200.0,0.00390625,-0.002661585807800293,0.3,0.9525021910667419,-0.007285573612898588,8230,0.0043900367,4.328531670570373,0.0003,-1.8645304560661315
-403.125,1078,25,5,6400,200.0,0.0265625,-0.11275053024291992,0.3,0.7898708581924438,-0.012717363890260458,8240,0.016805876,4.584728312492371,0.0003,-1.8593477010726929
-404.54545454545456,1078,26,6,6656,200.0,0.02421875,-0.020087718963623047,0.3,4.258394718170166,-0.015755195822566747,8250,0.015172595,8.528194308280945,0.0003,-1.8308391749858857
-404.4117647058824,1076,27,6,6912,200.0,0.0,0.004373669624328613,0.3,15.096489906311035,-0.005040622060187161,8260,0.0035055496,42.16715259552002,0.0003,-1.8209545314311981
-404.2857142857143,1077,28,6,7168,200.0,0.04921875,0.01807039976119995,0.3,2.242570161819458,-0.013809254439547659,8270,0.030635042,4.270152449607849,0.0003,-1.6568087577819823
-404.05405405405406,1076,29,6,7424,200.0,0.0078125,0.07182568311691284,0.3,2.1232612133026123,-0.00885447054170072,8280,0.0073395288,3.7618912726640703,0.0003,-1.597269105911255
-403.94736842105266,1078,30,7,7680,200.0,0.0,0.06843757629394531,0.3,2.7178244590759277,-0.002906243270263076,8290,0.001443174,7.393477129936218,0.0003,-1.5029073178768158
-403.84615384615387,1078,31,7,7936,200.0,0.05625,0.03522825241088867,0.3,1.4223743677139282,-0.016780893411487342,8300,0.028720899,4.175449538230896,0.0003,-1.3829405963420869
-403.75,1076,32,7,8192,200.0,0.026953125,0.07335740327835083,0.3,2.7946367263793945,-0.007016910519450903,8310,0.015483336,4.0680497825145725,0.0003,-1.225388765335083
-403.57142857142856,1074,33,7,8448,200.0,0.001171875,0.05352973937988281,0.3,0.6198427677154541,-0.006708893831819296,8320,0.005115249,3.9770596385002137,0.0003,-1.1395451366901397
-403.48837209302326,1074,34,8,8704,200.0,0.026953125,0.06909358501434326,0.3,2.872354745864868,-0.006858759187161922,8330,0.015941638,7.582718920707703,0.0003,-1.0488905012607574
-403.40909090909093,1076,35,8,8960,200.0,0.012890625,0.21838128566741943,0.3,0.8256814479827881,-0.004731041914783418,8340,0.00907567,3.4077946066856386,0.0003,-1.125913828611374
-403.2608695652174,1075,36,8,9216,200.0,0.00390625,0.32033658027648926,0.3,0.7375245690345764,-0.006132596172392368,8350,0.004252179,3.1769962310791016,0.0003,-1.1373533725738525
-403.1914893617021,1075,37,8,9472,200.0,0.061328125,0.11698520183563232,0.3,4.991870403289795,-0.012880724878050387,8360,0.04246483,7.695277392864227,0.0003,-1.12734956741333
-403.125,1074,38,9,9728,200.0,0.069140625,-0.001542210578918457,0.3,2.945221424102783,-0.012581101153045893,8370,0.024708394,4.41923965215683,0.0003,-1.2312118113040924
-403.0612244897959,1074,39,9,9984,200.0,0.024609375,0.0025922060012817383,0.3,1.9212145805358887,-0.00444053781684488,8380,0.0097747445,4.3485069334506985,0.0003,-1.2899968206882477
-402.94117647058823,1074,40,9,10240,200.0,0.1203125,0.004148006439208984,0.3,1.0244665145874023,-0.012762574246153235,8390,0.049126808,4.280882167816162,0.0003,-1.1786825716495515
-400.0,1400,1,0,256,200.0,0.00859375,0.08549916744232178,0.3,2.924037456512451,-0.003381497273221612,8400,0.0053549875,6.9892219543457035,0.0003,-0.979008886218071
-400.0,1157,2,0,512,200.0,0.0796875,-0.02114236354827881,0.3,3.307901620864868,-0.009556756308302283,8010,0.0331513,4.4505344271659855,0.0003,-1.0368766129016875
-400.0,1117,3,0,768,200.0,0.0,0.0015869140625,0.3,2.295402765274048,-0.0009824177715927363,8020,0.0015874626,4.625458735227585,0.0003,-1.1017110645771027
-400.0,1116,4,0,1024,200.0,0.0,0.03835386037826538,0.3,1.2950555086135864,-0.0013563567772507668,8030,0.0015324308,4.072326362133026,0.0003,-1.1182432115077972
-400.0,1117,5,1,1280,200.0,0.0,0.11050534248352051,0.3,2.619459390640259,-0.00020855185575783253,8040,0.0013682062,7.809648430347442,0.0003,-1.1426086843013763
-400.0,1114,6,1,1536,200.0,0.0,-0.028959274291992188,0.3,1.1219552755355835,-0.00019668214954435826,8050,0.000916888,4.51480787396431,0.0003,-1.137978047132492
-400.0,1120,7,1,1792,200.0,0.04453125,0.004776656627655029,0.3,1.3056552410125732,-0.014043177431449293,8060,0.032711618,4.361296001076698,0.0003,-1.1579263031482696
-409.0,1115,8,1,2048,200.0,0.0171875,0.012800097465515137,0.3,1.727645993232727,-0.007144121988676489,8070,0.026871977,4.288447540998459,0.0003,-1.202377086877823
-408.1818181818182,1111,9,2,2304,200.0,0.00234375,0.002335965633392334,0.3,59.50315856933594,-0.00780699155293405,8080,0.0036909631,110.54233531951904,0.0003,-1.2075526297092438
-407.5,1112,10,2,2560,200.0,0.0,-0.0006674528121948242,0.3,2.6599204540252686,-0.003952733101323247,8090,0.0021160939,4.651630705595016,0.0003,-1.2207722663879395
-406.42857142857144,1103,11,2,2816,200.0,0.0,0.0012964606285095215,0.3,1.174715518951416,-0.0014422935433685779,8100,0.003471638,4.364179986715317,0.0003,-1.244996225833893
-406.0,1096,12,2,3072,200.0,0.0,0.07880830764770508,0.3,4.2355780601501465,-0.0046705319313332435,8110,0.006751979,7.578653466701508,0.0003,-1.2408503651618958
-405.625,1096,13,3,3328,200.0,0.0,0.09616738557815552,0.3,2.371856212615967,-0.004809739207848907,8120,0.010420859,3.8898154318332674,0.0003,-1.2128703594207764
-408.2352941176471,1091,14,3,3584,200.0,0.00859375,-0.005858421325683594,0.3,2.815157175064087,-0.004949383065104484,8130,0.01909396,4.434379804134369,0.0003,-1.208183217048645
-407.36842105263156,1091,15,3,3840,200.0,0.0,0.006141483783721924,0.3,7.901578426361084,-0.005677386489696801,8140,0.006079293,41.12795987129211,0.0003,-1.1410365223884582
-407.0,1084,16,3,4096,200.0,0.0,0.015008032321929932,0.3,4.78210973739624,-0.004973926907405257,8150,0.0046657133,8.481397879123687,0.0003,-1.0750210583209991
-406.6666666666667,1084,17,4,4352,200.0,0.0,0.0664016604423523,0.3,2.1749682426452637,-0.0001589644467458129,8160,0.00070714694,4.303705114126205,0.0003,-1.0198201417922974
-406.0869565217391,1084,18,4,4608,200.0,0.05078125,0.025673508644104004,0.3,2.1360111236572266,-0.01510749312583357,8170,0.015435049,4.242088103294373,0.0003,-1.0717589616775514
-405.8333333333333,1088,19,4,4864,200.0,0.0,0.01322084665298462,0.3,3.546092987060547,-0.000833046087063849,8180,0.0030107377,8.014248251914978,0.0003,-1.141888052225113
-405.6,1084,20,4,5120,200.0,0.0,0.1476711630821228,0.3,2.7398345470428467,-0.004655304830521345,8190,0.008601832,3.723785424232483,0.0003,-1.1159730494022368
-405.38461538461536,1083,21,4,5376,200.0,0.0,0.08935695886611938,0.3,1.8141663074493408,-0.0006296389969065785,8200,0.0021144445,4.054832810163498,0.0003,-1.0471051514148713
-405.0,1082,22,5,5632,200.0,0.0,0.1127481460571289,0.3,1.622438907623291,-0.0021514002233743667,8210,0.007030059,3.9762317657470705,0.0003,-1.084304004907608
-404.82758620689657,1083,23,5,5888,200.0,0.0,0.13361787796020508,0.3,4.758442401885986,-0.004691938962787389,8220,0.010803845,7.441798508167267,0.0003,-0.9125995695590973
-404.6666666666667,1080,24,5,6144,200.0,0.0,0.284526526927948,0.3,0.8508533835411072,-0.002091537113301456,8230,0.0020472389,2.635296583175659,0.0003,-0.8798048019409179
-404.375,1078,25,5,6400,200.0,0.020703125,0.132889986038208,0.3,2.9822819232940674,-0.006981107196770609,8240,0.017290328,4.0495043903589245,0.0003,-0.969042056798935
-404.24242424242425,1075,26,6,6656,200.0,0.0,0.06395822763442993,0.3,4.066985607147217,0.0014434556826017797,8250,0.0015681142,7.8425865650177,0.0003,-1.086862462759018
-404.11764705882354,1076,27,6,6912,200.0,0.0,0.15766113996505737,0.3,1.128225326538086,-0.000513143721036613,8260,0.0006609475,3.933019885420799,0.0003,-1.0897017180919648
-404.0,1073,28,6,7168,200.0,0.0,0.0481717586517334,0.3,1.5949662923812866,-0.0019799304194748403,8270,0.0017376139,3.4563206791877747,0.0003,-1.0701647639274596
-403.7837837837838,1073,29,6,7424,200.0,0.0,-0.35842788219451904,0.3,2.9839065074920654,-0.0007063244585879147,8280,0.0004731645,6.899200391769409,0.0003,-1.0337823510169983
-403.6842105263158,1075,30,7,7680,200.0,0.0,0.3351936340332031,0.3,2.4146385192871094,-0.0024699925677850844,8290,0.0024981375,5.439355647563934,0.0003,-1.0055918753147126
-403.5897435897436,1073,31,7,7936,200.0,0.0,-0.02116096019744873,0.3,2.0354859828948975,3.076903522014618e-06,8300,0.0009315752,5.436010885238647,0.0003,-0.9619697839021683
-403.5,1073,32,7,8192,200.0,0.0,0.01255887746810913,0.3,2.051264762878418,-0.0029621082823723553,8310,0.004804311,4.375195723772049,0.0003,-0.9175169974565506
-403.3333333333333,1073,33,7,8448,200.0,0.0,-0.005805373191833496,0.3,3.22885799407959,-0.0033284315140917897,8320,0.005514482,4.262284135818481,0.0003,-0.8571597129106522
-404.4186046511628,1071,34,8,8704,200.0,0.0453125,0.01893746852874756,0.3,3.0545926094055176,-0.0020178534090518952,8330,0.014805285,7.812518620491028,0.0003,-0.9567289471626281
-404.3181818181818,1071,35,8,8960,200.0,0.0,-0.007405996322631836,0.3,34.40301513671875,-0.0020566673367284237,8340,0.0010398121,41.79402585029602,0.0003,-1.0209169924259185
-404.1304347826087,1071,36,8,9216,200.0,0.0,0.01478874683380127,0.3,1.2825301885604858,-0.002603085385635495,8350,0.0047504925,4.527907744050026,0.0003,-0.9971672087907791
-404.0425531914894,1070,37,8,9472,200.0,0.0,0.018402695655822754,0.3,4.2307562828063965,-0.007203018059954047,8360,0.0146671785,8.165096402168274,0.0003,-0.8995670258998871
-404.5833333333333,1070,38,9,9728,200.0,0.00234375,0.4076026678085327,0.3,5.550221920013428,-0.005280566681176424,8370,0.0029206402,12.255378556251525,0.0003,-0.8025994926691056
-404.48979591836735,1070,39,9,9984,200.0,0.0,0.16791701316833496,0.3,43.28042221069336,6.193340523168445e-05,8380,2.5421614e-05,71.39045600891113,0.0003,-0.7905219525098801
-404.3137254901961,1070,40,9,10240,200.0,0.002734375,-0.002590775489807129,0.3,2.058180809020996,-0.004172939760610461,8390,0.009285661,4.234203439950943,0.0003,-0.8506526172161102
-400.0,1401,1,0,256,200.0,0.0,0.0060048699378967285,0.3,4.283865928649902,-0.0041162800043821335,8400,0.005035107,7.830309331417084,0.0003,-0.9593804985284805
-400.0,1222,2,0,512,200.0,0.026953125,0.3959208130836487,0.3,0.8605391979217529,-0.0038791308004874738,8410,0.018787168,2.759593427181244,0.0003,-1.157180017232895
-400.0,1184,3,0,768,200.0,0.0046875,0.04279571771621704,0.3,3.0270440578460693,-0.002061758213676512,8420,0.0071509746,4.20965085029602,0.0003,-0.991789847612381
-400.0,1145,4,0,1024,200.0,0.008203125,-0.02420783042907715,0.3,0.8818549513816833,-0.006182091007940471,8430,0.006716527,4.184236630797386,0.0003,-0.95423783659935
-400.0,1124,5,1,1280,200.0,0.04140625,0.1754683256149292,0.3,2.642746686935425,-0.00956757585518062,8440,0.016781015,6.809564524888993,0.0003,-1.0173851519823074
-400.0,1125,6,1,1536,200.0,0.069140625,-0.029969334602355957,0.3,2.356191396713257,-0.016273510176688433,8450,0.014349554,4.4677681684494015,0.0003,-1.1712699115276337
-400.0,1106,7,1,1792,200.0,0.005078125,0.1506686806678772,0.3,2.002046585083008,-0.0048197225201874975,8460,0.005299421,3.9906733691692353,0.0003,-1.194339209794998
-400.0,1102,8,1,2048,200.0,0.008984375,0.2812560200691223,0.3,2.5699477195739746,-0.00641079074703157,8470,0.008783506,3.4060975074768067,0.0003,-1.141273021697998
-400.0,1094,9,2,2304,200.0,0.008203125,0.013807356357574463,0.3,5.603415012359619,0.00013667442835867404,8480,0.0029499072,8.5457359790802,0.0003,-1.1216883778572082
-400.0,1098,10,2,2560,200.0,0.083984375,0.05606275796890259,0.3,1.3552043437957764,-0.019574662065133454,8490,0.032221943,3.8384841829538345,0.0003,-1.1833988308906556
-400.0,1087,11,2,2816,200.0,0.000390625,-0.42398202419281006,0.3,2.412320137023926,-0.0015155647532083094,8500,0.0011513398,6.086288714408875,0.0003,-1.2649384975433349
-400.0,1085,12,2,3072,200.0,0.0125,0.16299766302108765,0.3,1.4543886184692383,-0.006855938956141472,8510,0.0059756115,7.306851661205291,0.0003,-1.2817747294902802
-400.0,1086,13,3,3328,200.0,0.08203125,0.09876781702041626,0.3,3.01166033744812,-0.015386050147935749,8520,0.032877535,3.8964099049568177,0.0003,-1.1079915761947632
-400.0,1084,14,3,3584,200.0,0.04921875,0.022446155548095703,0.3,1.6678519248962402,-0.008469865610823035,8530,0.012386249,4.256552529335022,0.0003,-1.0448296666145325
-400.0,1081,15,3,3840,200.0,0.00625,0.029607415199279785,0.3,2.4622981548309326,-0.012641190947033466,8540,0.0042596217,4.306100368499756,0.0003,-1.1267747461795807
-400.0,1077,16,3,4096,200.0,0.005078125,0.17556816339492798,0.3,2.7314672470092773,0.002698001777753234,8550,0.0008156111,6.716187334060669,0.0003,-1.1952140152454376
-400.0,1079,17,4,4352,200.0,0.008203125,0.06988441944122314,0.3,1.9690518379211426,-0.005849494435824454,8560,0.00229658,4.927761363983154,0.0003,-1.2244927406311035
-400.0,1075,18,4,4608,200.0,0.00390625,0.0655701756477356,0.3,0.5863842368125916,-0.011153700901195407,8570,0.014268757,4.138969206809998,0.0003,-1.1968996405601502
-400.0,1071,19,4,4864,200.0,0.0078125,0.19561755657196045,0.3,3.6447439193725586,-0.006348016974516213,8580,0.0061569866,6.902811789512635,0.0003,-1.2318315744400024
-400.0,1070,20,4,5120,200.0,0.007421875,-0.0028324127197265625,0.3,3.683589458465576,0.00024320571683347225,8590,0.0021621466,4.718673777580261,0.0003,-1.1400374829769135
-400.0,1065,21,5,5376,200.0,0.0078125,0.0029570460319519043,0.3,2.9033913612365723,-0.002509043295867741,8600,0.009640206,4.729016506671906,0.0003,-1.4497686922550201
-400.0,1064,22,5,5632,200.0,0.030078125,0.2669377326965332,0.3,1.0393821001052856,-0.0077854454517364505,8610,0.015538371,3.4838692367076876,0.0003,-1.252801650762558
-400.0,1063,23,5,5888,200.0,0.0140625,0.0686652660369873,0.3,4.000151634216309,-0.008759009023196995,8620,0.010076383,8.276878881454468,0.0003,-1.4999132931232453
-400.0,1060,24,5,6144,200.0,0.062890625,0.16282004117965698,0.3,1.8623967170715332,-0.010448021464981139,8630,0.022110902,3.8077942371368407,0.0003,-1.4491661190986633
-400.0,1060,25,6,6400,200.0,0.008984375,0.165691077709198,0.3,1.49647855758667,-0.007135544996708631,8640,0.009349901,3.7268906772136687,0.0003,-1.432305246591568
-400.0,1059,26,6,6656,200.0,0.00234375,0.011211395263671875,0.3,2.2462289333343506,-0.0025048937648534777,8650,0.0028504515,8.837493467330933,0.0003,-1.4181881666183471
-400.0,1058,27,6,6912,200.0,0.011328125,0.4376213550567627,0.3,0.8217244148254395,-0.016249652416445316,8660,0.0061075864,2.105650720000267,0.0003,-1.441978883743286
-400.0,1060,28,6,7168,200.0,0.057421875,0.3611290454864502,0.3,0.7960066199302673,-0.010445908736437559,8670,0.033301644,2.8086201429367064,0.0003,-1.4245756268501282
-401.35135135135135,1062,29,6,7424,200.0,0.01796875,0.013492941856384277,0.3,17.686094284057617,-0.008690220396965742,8680,0.009376865,40.76227955818176,0.0003,-1.395609599351883
-401.3157894736842,1060,30,7,7680,200.0,0.028125,0.0004105567932128906,0.3,3.16015625,-0.00863638638984412,8690,0.017065912,9.64499056339264,0.0003,-1.4749233841896057
-401.28205128205127,1062,31,7,7936,200.0,0.02734375,0.0015885233879089355,0.3,2.760483980178833,-0.015430452628061175,8700,0.023525696,4.552016812562942,0.0003,-1.438467514514923
-402.5,1061,32,7,8192,200.0,0.006640625,0.03250938653945923,0.3,14.118124961853027,-0.009218435105867683,8710,0.016363293,39.38282423019409,0.0003,-1.5708968102931977
-403.57142857142856,1060,33,7,8448,200.0,0.0,-0.022709250450134277,0.3,27.093994140625,-0.00896270489320159,8720,0.005127227,41.352947330474855,0.0003,-1.6148616969585419
-403.48837209302326,1060,34,8,8704,200.0,0.0,0.004367828369140625,0.3,3.238619089126587,-0.0021150353830307724,8730,0.0022042359,9.316865408420563,0.0003,-1.5477460682392121
-403.40909090909093,1061,35,8,8960,200.0,0.0546875,0.011323869228363037,0.3,1.5843366384506226,-0.019839943526312707,8740,0.034241043,4.5114418640732765,0.0003,-1.5935650229454041
-403.2608695652174,1061,36,8,9216,200.0,0.06171875,-0.046646952629089355,0.3,2.594409465789795,-0.014642017055302858,8750,0.011392868,4.3796178728342054,0.0003,-1.5606402695178985
-404.25531914893617,1063,37,8,9472,200.0,0.008203125,0.03127974271774292,0.3,4.480628967285156,-0.0008111331728287042,8760,0.0048655136,7.523468124866485,0.0003,-1.594945216178894
-404.1666666666667,1063,38,9,9728,200.0,0.012109375,0.0071427226066589355,0.3,24.43535041809082,-0.006204129895195365,8770,0.007797518,40.74554672241211,0.0003,-1.60130495429039
-404.0816326530612,1065,39,9,9984,200.0,0.011328125,0.24376946687698364,0.3,2.376830816268921,-0.010080183460377156,8780,0.010049871,3.299854651093483,0.0003,-1.595124888420105
-403.921568627451,1064,40,9,10240,200.0,0.007421875,-0.18399381637573242,0.3,3.72908353805542,-0.002116235694848001,8790,0.003601461,5.600556361675262,0.0003,-1.561153393983841
-400.0,1342,1,0,256,200.0,0.00546875,0.2670462131500244,0.3,3.141857385635376,-0.010080985492095351,8800,0.0051443772,6.710443305969238,0.0003,-1.5799739062786102
-400.0,1210,2,0,512,200.0,0.0,-0.2809532880783081,0.3,2.5062637329101562,0.00081730205565691,8410,0.00041542435,4.860412138700485,0.0003,-1.0033183187246322
-400.0,1162,3,0,768,200.0,0.0,-1.3265137672424316,0.3,1.6552684307098389,-0.001040453719906509,8420,0.00049928343,10.82083274424076,0.0003,-0.9931994944810867
-400.0,1146,4,0,1024,200.0,0.0,0.10919189453125,0.3,1.2394272089004517,-0.005593747063539922,8430,0.004089319,3.991855835914612,0.0003,-0.9886351436376571
-400.0,1112,5,1,1280,200.0,0.0,0.08469098806381226,0.3,6.040954113006592,0.00042422262486070396,8440,0.0032377595,7.703316617012024,0.0003,-1.0256698459386826
-400.0,1100,6,1,1536,200.0,0.025,0.05115783214569092,0.3,1.6207282543182373,-0.006686391937546432,8450,0.012811821,3.897768807411194,0.0003,-1.1248694896697997
-400.0,1096,7,1,1792,200.0,0.0,-0.11323952674865723,0.3,2.1793198585510254,-0.0014323653420433402,8460,0.0018694582,4.515718758106232,0.0003,-1.1811887085437776
-400.0,1095,8,1,2048,200.0,0.084375,0.04849541187286377,0.3,0.6371031403541565,-0.018601430160924793,8470,0.037666716,4.161491462588311,0.0003,-1.11802539229393
-400.0,1096,9,2,2304,200.0,0.0,0.03846275806427002,0.3,2.1943275928497314,0.0004085722961463034,8480,0.0048384997,7.926775336265564,0.0003,-1.0059130430221557
-400.0,1095,10,2,2560,200.0,0.005859375,-0.025336503982543945,0.3,3.453573226928711,-0.0030129249207675457,8490,0.0056677014,4.389793521165847,0.0003,-0.9917878895998001
-403.57142857142856,1088,11,2,2816,200.0,0.0,-0.2380295991897583,0.3,1.3183280229568481,-0.00019412586698308587,8500,0.0024051818,4.627577531337738,0.0003,-1.06332888007164
-403.3333333333333,1083,12,2,3072,200.0,0.0,0.0014529228210449219,0.3,23.538711547851562,-0.002583556855097413,8510,0.0018174017,45.5771068572998,0.0003,-1.063744729757309
-403.125,1082,13,3,3328,200.0,0.007421875,0.0001265406608581543,0.3,1.7875579595565796,-0.004816467082127929,8520,0.015459872,4.404825842380523,0.0003,-1.0048298209905624
-402.94117647058823,1081,14,3,3584,200.0,0.07578125,-0.0027838945388793945,0.3,0.8777828812599182,-0.007345406524837017,8530,0.01718871,4.374120771884918,0.0003,-0.9551832854747773
-402.63157894736844,1085,15,3,3840,200.0,0.069140625,-0.0017131567001342773,0.3,1.1845169067382812,-0.01036828183569014,8540,0.038945533,4.35988267660141,0.0003,-1.0313865661621093
-402.5,1083,16,3,4096,200.0,0.005078125,0.015399277210235596,0.3,3.61492657661438,-0.002469895174726844,8550,0.005169573,8.00747046470642,0.0003,-1.1401284396648408
-402.3809523809524,1082,17,4,4352,200.0,0.006640625,0.001648247241973877,0.3,1.544860601425171,-0.0010740539291873574,8560,0.0055880407,4.332561504840851,0.0003,-1.178649628162384
-402.17391304347825,1083,18,4,4608,200.0,0.0,2.6881694793701172e-05,0.3,2.566995620727539,-0.002433196688070893,8570,0.0060500484,4.3441121816635135,0.0003,-1.1660824060440063
-402.0833333333333,1083,19,4,4864,200.0,0.0,-0.0010428428649902344,0.3,3.9171371459960938,-0.005002732947468757,8580,0.008129831,8.400156807899474,0.0003,-1.0974469423294066
-402.0,1083,20,4,5120,200.0,0.0,-0.0008448362350463867,0.3,0.8860405683517456,-4.042899236083031e-05,8590,0.0012942746,4.350101339817047,0.0003,-1.0728058636188507
-401.9230769230769,1085,21,4,5376,200.0,0.0,0.0006819963455200195,0.3,3.3463399410247803,-0.007366211246699094,8600,0.022196144,4.325375097990036,0.0003,-1.0332822263240815
-401.7857142857143,1079,22,5,5632,200.0,0.02734375,-0.0006350278854370117,0.3,2.687476873397827,-0.00844121229602024,8610,0.008450946,4.354430216550827,0.0003,-1.0231046468019485
-401.7241379310345,1078,23,5,5888,200.0,0.0,0.0003629326820373535,0.3,4.199955463409424,0.00040220925584435465,8620,6.854581e-05,8.40933542251587,0.0003,-1.0508708953857422
-401.6666666666667,1080,24,5,6144,200.0,0.003515625,-0.05686330795288086,0.3,1.5701578855514526,-0.0052862673765048385,8630,0.0077925147,4.348336720466614,0.0003,-1.0557606399059296
-401.5625,1080,25,5,6400,200.0,0.0328125,-0.0002206563949584961,0.3,2.3767788410186768,-0.0176078052027151,8640,0.021971345,4.3227182030677795,0.0003,-1.1261729657649995
-401.5151515151515,1079,26,6,6656,200.0,0.0,5.900859832763672e-05,0.3,3.358030080795288,0.004894150281324982,8650,0.0034407729,8.372247564792634,0.0003,-1.195645010471344
-401.47058823529414,1080,27,6,6912,200.0,0.201171875,-0.00010597705841064453,0.3,2.451237201690674,-0.027289449330419303,8660,0.05477947,4.345748895406723,0.0003,-1.2362820267677308
-401.42857142857144,1081,28,6,7168,200.0,0.0,-0.0002511739730834961,0.3,0.8206494450569153,-0.006520699569955468,8670,0.011202391,4.328355026245117,0.0003,-1.184475952386856
-401.35135135135135,1079,29,6,7424,200.0,0.0,0.003291010856628418,0.3,2.5652618408203125,-0.0032968971179798247,8680,0.014454112,4.3310675621032715,0.0003,-1.1111863136291504
-401.3157894736842,1080,30,7,7680,200.0,0.0,0.00039005279541015625,0.3,3.3876781463623047,-0.0012119453982450067,8690,0.0040678116,8.365616106987,0.0003,-1.0907579064369202
-401.28205128205127,1080,31,7,7936,200.0,0.0,0.00860506296157837,0.3,1.7998920679092407,0.003040314617101103,8700,0.0008860212,4.310626536607742,0.0003,-1.0814191937446593
-401.25,1078,32,7,8192,200.0,0.0,0.13513433933258057,0.3,0.8958238959312439,-0.0003929705359041691,8710,0.00043298863,3.1157808721065523,0.0003,-1.066753727197647
-402.3809523809524,1078,33,7,8448,200.0,0.0,0.036199212074279785,0.3,1.4980037212371826,-0.0012418249621987342,8720,0.00077900477,4.115744265913963,0.0003,-1.0426485657691955
-402.3255813953488,1076,34,8,8704,200.0,0.0,-0.0011444091796875,0.3,18.76327133178711,-0.0009991018567234277,8730,0.00046783523,45.90224723815918,0.0003,-1.0289082050323486
-402.27272727272725,1076,35,8,8960,200.0,0.0,-0.0712817907333374,0.3,0.3820919692516327,-0.0014596802648156881,8740,0.0011352254,4.732077658176422,0.0003,-1.0137184023857118
-402.17391304347825,1078,36,8,9216,200.0,0.0,0.00018084049224853516,0.3,3.4556002616882324,-0.0041232714895159004,8750,0.007598929,4.499417930841446,0.0003,-0.9907646626234055
-402.1276595744681,1079,37,8,9472,200.0,0.0,-0.00019562244415283203,0.3,4.626348972320557,0.0029458121862262487,8760,0.00048054452,8.454681301116944,0.0003,-0.9514413267374039
-402.0833333333333,1079,38,9,9728,200.0,0.0125,-0.00013935565948486328,0.3,3.5244743824005127,-0.010559748066589237,8770,0.009616243,4.354860964417457,0.0003,-0.9847127586603165
-402.0408163265306,1080,39,9,9984,200.0,0.0,0.03130209445953369,0.3,0.8304784893989563,0.0010376747231930494,8780,0.002680467,4.155607968568802,0.0003,-0.9908144235610962
-401.96078431372547,1077,40,9,10240,200.0,0.0,0.011088550090789795,0.3,3.5280778408050537,-0.0001158635364845395,8790,0.0001577735,4.213378369808197,0.0003,-0.9883888214826584
-380.0,1529,1,0,256,200.0,0.001953125,0.10805869102478027,0.3,6.493268966674805,-0.00600822928827256,8800,0.0017840664,17.117348146438598,0.0003,-0.9632363110780716
-390.0,1278,2,0,512,200.0,0.035546875,0.11364328861236572,0.3,1.5774611234664917,-0.014662714721634985,8810,0.01658367,5.358195567131043,0.0003,-1.5988811433315278
-393.3333333333333,1202,3,0,768,200.0,0.0,-0.01637554168701172,0.3,1.3930842876434326,-0.001509041548706591,8820,0.0014914877,6.100587224960327,0.0003,-1.2358680486679077
-396.0,1178,4,0,1024,200.0,0.04609375,-0.016298532485961914,0.3,1.1362789869308472,-0.012964149471372366,8830,0.014625681,4.25514375269413,0.0003,-1.5428531467914581
-396.6666666666667,1145,5,1,1280,200.0,0.041015625,0.04209250211715698,0.3,3.663409948348999,-0.00799200451001525,8840,0.02805642,7.937623381614685,0.0003,-1.5010996222496034
-404.2857142857143,1133,6,1,1536,200.0,0.0,0.03162944316864014,0.3,23.803775787353516,-0.0020559041062369944,8850,0.0012988043,40.50242457389832,0.0003,-1.4201792418956756
-403.75,1118,7,1,1792,200.0,0.0015625,0.22356027364730835,0.3,0.9702337980270386,-0.00787494727410376,8860,0.008288376,3.3413218200206756,0.0003,-1.2514383733272552
-403.0,1113,8,1,2048,200.0,0.006640625,0.08190661668777466,0.3,0.37663426995277405,-0.0056007696548476815,8870,0.009524335,3.98315549492836,0.0003,-1.3195357739925384
-402.72727272727275,1116,9,2,2304,200.0,0.099609375,0.056587278842926025,0.3,3.272216320037842,-0.01662264042533934,8880,0.04582557,7.710583877563477,0.0003,-1.2482218027114869
-406.6666666666667,1112,10,2,2560,200.0,0.0,0.045401930809020996,0.3,8.032838821411133,-0.0021743357181549074,8890,0.0011379602,40.73201141357422,0.0003,-1.0123720228672028
-409.2857142857143,1094,11,2,2816,200.0,0.012109375,0.026895999908447266,0.3,1.6106886863708496,-0.005594671377912164,8900,0.011911518,4.347021222114563,0.0003,-1.1655184745788574
-408.6666666666667,1102,12,2,3072,200.0,0.012890625,-0.002970457077026367,0.3,25.30719757080078,-0.00835889340378344,8910,0.0117096715,45.832633876800536,0.0003,-1.0188072592020034
-408.125,1095,13,3,3328,200.0,0.0,0.16207647323608398,0.3,2.372669219970703,-0.0013293440453708172,8920,0.0013321536,3.765139031410217,0.0003,-0.7862622112035751
-407.6470588235294,1096,14,3,3584,200.0,0.00234375,0.014329969882965088,0.3,2.6652913093566895,-0.002975562959909439,8930,0.0024655738,4.695832931995392,0.0003,-1.0275193989276885
-406.8421052631579,1101,15,3,3840,200.0,0.017578125,-0.028554916381835938,0.3,2.459317684173584,-0.0037656173342838885,8940,0.009922385,4.473615992069244,0.0003,-0.9705953091382981
-406.5,1096,16,3,4096,200.0,0.01328125,0.002210676670074463,0.3,3.4925436973571777,-0.005751634482294321,8950,0.0072527523,8.436370730400085,0.0003,-0.7849056243896484
-406.1904761904762,1095,17,3,4352,200.0,0.0,-8.463859558105469e-06,0.3,1.2298054695129395,-0.002117618732154369,8960,0.0016247493,4.347487378120422,0.0003,-0.7842056840658188
-405.6521739130435,1094,18,4,4608,200.0,0.005078125,-0.0004825592041015625,0.3,1.1749145984649658,-0.004099628329277039,8970,0.0068786955,4.333096584677696,0.0003,-0.6829125642776489
-405.4166666666667,1096,19,4,4864,200.0,0.0,-0.0002484321594238281,0.3,3.978945732116699,-0.001848197099752724,8980,0.0014455311,8.403289985656738,0.0003,-0.6541500836610794
-405.2,1096,20,4,5120,200.0,0.051953125,9.1552734375e-05,0.3,3.4200947284698486,-0.0071478152181953195,8990,0.06150061,4.334753847122192,0.0003,-0.7437351256608963
-405.0,1096,21,4,5376,200.0,0.0796875,0.0013412237167358398,0.3,3.407740592956543,-0.0034651176305487753,9000,0.017617874,4.21255584359169,0.0003,-0.8100808084011077
-404.64285714285717,1099,22,5,5632,200.0,0.179296875,-0.00547182559967041,0.3,1.9491708278656006,-0.010762605955824256,9010,0.06628988,4.3224254727363585,0.0003,-0.8668168008327484
-404.48275862068965,1099,23,5,5888,200.0,0.028515625,0.05464047193527222,0.3,3.037083625793457,0.0009418188128620386,9020,0.0044802506,7.4537284016609195,0.0003,-0.7261757761240005
-404.3333333333333,1099,24,5,6144,200.0,0.030859375,0.0802772045135498,0.3,2.957791566848755,-0.002151976339519024,9030,0.016186748,4.019014000892639,0.0003,-0.7750028908252716
-404.0625,1099,25,5,6400,200.0,0.034765625,0.024430513381958008,0.3,2.5582175254821777,-0.004743521939963103,9040,0.029655827,4.29622842669487,0.0003,-0.7250880420207977
-403.93939393939394,1098,26,6,6656,200.0,0.016796875,0.10805493593215942,0.3,3.5881290435791016,-0.00064160639885813,9050,0.014352266,6.913147532939911,0.0003,-0.6917965352535248
-403.8235294117647,1098,27,6,6912,200.0,0.0,0.0011438727378845215,0.3,1.5620970726013184,-0.0003437721868976951,9060,0.00031016488,4.469048953056335,0.0003,-0.7559771120548249
-403.7142857142857,1098,28,6,7168,200.0,0.031640625,0.12974536418914795,0.3,2.2370033264160156,-0.001998037099838257,9070,0.023222128,3.659334421157837,0.0003,-0.7823650956153869
-403.5135135135135,1097,29,6,7424,200.0,0.01484375,0.14981359243392944,0.3,2.4993228912353516,-0.003646798862610012,9080,0.010788518,3.6770696341991425,0.0003,-0.7514502346515656
-403.42105263157896,1097,30,7,7680,200.0,0.029296875,0.12146538496017456,0.3,3.607398271560669,-0.007388426770921797,9090,0.011210758,7.427518916130066,0.0003,-0.6631332963705063
-403.3333333333333,1098,31,7,7936,200.0,0.00703125,0.009845376014709473,0.3,1.784873604774475,-0.0034123870311304925,9100,0.0052144965,4.519035685062408,0.0003,-0.8099382758140564
-403.25,1096,32,7,8192,200.0,0.0,0.04625248908996582,0.3,2.1426520347595215,-0.0002940514590591192,9110,0.0015194842,4.233685830235482,0.0003,-0.9079355359077453
-403.0952380952381,1096,33,7,8448,200.0,0.028125,0.17588263750076294,0.3,2.817958116531372,-0.01093006730079651,9120,0.011963091,3.637519305944443,0.0003,-0.8915242701768875
-403.0232558139535,1095,34,7,8704,200.0,0.015234375,0.22053104639053345,0.3,2.314995050430298,0.00017160894349217416,9130,0.008261505,6.529532337188721,0.0003,-0.9642596155405044
-404.09090909090907,1093,35,8,8960,200.0,0.062109375,-0.05022323131561279,0.3,2.3999521732330322,-0.01662838151678443,9140,0.023197487,4.371472388505936,0.0003,-1.0611639142036438
-403.9130434782609,1093,36,8,9216,200.0,0.0,-0.005179405212402344,0.3,5.486199378967285,-0.0002574265468865633,9150,0.002985373,41.71889176368713,0.0003,-1.2982151448726653
-403.82978723404256,1093,37,8,9472,200.0,0.00234375,0.08243250846862793,0.3,3.326988697052002,-0.011219364032149315,9160,0.00541163,7.682241380214691,0.0003,-1.2090373933315277
-403.75,1094,38,8,9728,200.0,0.0078125,0.2965817451477051,0.3,1.7441974878311157,0.002318186650518328,9170,0.0021406268,3.3617569327354433,0.0003,-1.461745262145996
-403.6734693877551,1090,39,9,9984,200.0,0.01171875,0.10303932428359985,0.3,1.8057706356048584,-0.00013388218358159065,9180,0.00653259,4.041383516788483,0.0003,-1.3794389426708222
-404.5098039215686,1090,40,9,10240,200.0,0.03515625,-0.01628434658050537,0.3,19.03412437438965,-0.001845941529609263,9190,0.022179816,41.66900868415833,0.0003,-1.3485972702503204
-440.0,1396,1,0,256,200.0,0.044921875,-0.022208690643310547,0.3,3.894343137741089,-0.007692063180729747,9200,0.024052165,8.881137490272522,0.0003,-1.4005813002586365
-420.0,1179,2,0,512,200.0,0.001953125,-0.05254697799682617,0.3,12.136959075927734,-0.005237018805928528,8810,0.0010994873,19.526741695404052,0.0003,-0.9416004896163941
-413.3333333333333,1147,3,0,768,200.0,0.0,0.031219065189361572,0.3,1.4846848249435425,-0.0001267446903511882,8820,0.00041326345,4.228909814357758,0.0003,-0.9359406113624573
-408.0,1094,4,0,1024,200.0,0.0,0.07691824436187744,0.3,1.1227796077728271,-0.0008156556636095047,8830,0.0011254025,3.6535429060459137,0.0003,-0.9111002743244171
-406.6666666666667,1096,5,1,1280,200.0,0.0,-0.4866865873336792,0.3,1.6998169422149658,-0.0009110704995691776,8840,0.0003569082,9.310552752017974,0.0003,-0.8938390582799911
-405.7142857142857,1079,6,1,1536,200.0,0.0,0.03793579339981079,0.3,1.4631086587905884,-0.0006994665833190084,8850,0.0006474431,4.889081501960755,0.0003,-0.87171730697155
-405.0,1085,7,1,1792,200.0,0.0,0.10365217924118042,0.3,1.2481151819229126,-0.0014889571582898497,8860,0.0015744327,3.9062784552574157,0.0003,-0.8559991359710694
-404.0,1087,8,1,2048,200.0,0.0,-0.1278141736984253,0.3,3.1279799938201904,-0.0017350790090858935,8870,0.0032928977,4.639696037769317,0.0003,-0.8457961201667785
-403.6363636363636,1080,9,2,2304,200.0,0.0,0.09463644027709961,0.3,3.6821682453155518,-0.004607257642783224,8880,0.01702049,7.488226151466369,0.0003,-0.9169462114572525
-403.3333333333333,1080,10,2,2560,200.0,0.0,0.019687294960021973,0.3,1.9997063875198364,-0.0003867072751745582,8890,0.0014090403,4.220366150140762,0.0003,-0.9610164165496826
-402.85714285714283,1075,11,2,2816,200.0,0.0,0.14168614149093628,0.3,1.793121337890625,-0.006003244500607252,8900,0.012408806,3.672018027305603,0.0003,-0.9789729923009872
-402.6666666666667,1076,12,2,3072,200.0,0.0,0.06864380836486816,0.3,2.125145435333252,7.753251120448112e-05,8910,0.0009737853,7.085670709609985,0.0003,-0.9587624907493592
-402.5,1074,13,3,3328,200.0,0.117578125,0.24669337272644043,0.3,0.7750893831253052,-0.02152966558933258,8920,0.0566164,2.9190609961748124,0.0003,-0.9976755887269974
-402.3529411764706,1079,14,3,3584,200.0,0.0,-0.03288602828979492,0.3,1.9346240758895874,-0.0005626952624879777,8930,0.0035694493,4.609750759601593,0.0003,-0.9758859992027282
-402.10526315789474,1078,15,3,3840,200.0,0.0,0.20543968677520752,0.3,1.6680796146392822,-0.0006148299667984247,8940,0.0012447455,3.698274928331375,0.0003,-0.9715478211641312
-402.0,1079,16,3,4096,200.0,0.0,0.02623271942138672,0.3,4.400987148284912,-0.0004964497056789696,8950,0.0032585103,8.168495666980743,0.0003,-1.0007953137159347
-401.9047619047619,1078,17,4,4352,200.0,0.0234375,0.31243354082107544,0.3,1.1716352701187134,-0.011621889797970653,8960,0.006723659,3.2658580422401426,0.0003,-1.0486844658851624
-401.7391304347826,1079,18,4,4608,200.0,0.0,-0.0700768232345581,0.3,3.0487899780273438,0.00041220756247639656,8970,0.0005107757,4.444790211319924,0.0003,-1.0899716854095458
-401.6666666666667,1079,19,4,4864,200.0,0.0,0.10786378383636475,0.3,4.346617221832275,-0.0014572761487215758,8980,0.0019319544,7.7027912616729735,0.0003,-1.0869480788707733
-405.2,1079,20,4,5120,200.0,0.00234375,0.005874693393707275,0.3,56.55890655517578,-0.00915058683604002,8990,0.0036614134,93.05213356018066,0.0003,-1.07983278632164
-405.0,1077,21,4,5376,200.0,0.0,0.16226738691329956,0.3,2.8665077686309814,-0.0033130649710074065,9000,0.014322117,3.7723734617233275,0.0003,-1.0538918197154998
-404.64285714285717,1078,22,5,5632,200.0,0.0,0.14316803216934204,0.3,2.897284746170044,-9.554480202496052e-05,9010,0.0019010811,3.8328109622001647,0.0003,-1.0148638188838959
-404.48275862068965,1076,23,5,5888,200.0,0.0,0.0992664098739624,0.3,3.638195276260376,-0.00047730557853356006,9020,0.0053480375,7.562844812870026,0.0003,-1.0452455520629882
-404.3333333333333,1076,24,5,6144,200.0,0.0,-0.008510351181030273,0.3,1.8934273719787598,-0.0013196197687648237,9030,0.0008631712,4.436351573467254,0.0003,-1.04014191031456
-407.1875,1075,25,5,6400,200.0,0.0,0.06911295652389526,0.3,22.00704574584961,0.000137168075889349,9040,0.0006423816,40.7831353187561,0.0003,-1.0216423213481902
-406.969696969697,1076,26,6,6656,200.0,0.000390625,-1.7576103210449219,0.3,9.072749137878418,-0.0009246222209185362,9050,0.00029304856,21.07097408771515,0.0003,-1.0212265014648438
-406.7647058823529,1076,27,6,6912,200.0,0.0,0.27532362937927246,0.3,1.594372272491455,-0.0005091333296149969,9060,0.00043164054,3.228999173641205,0.0003,-1.0067469626665115
-406.57142857142856,1074,28,6,7168,200.0,0.0,0.07895070314407349,0.3,1.4842393398284912,-0.002048768301028758,9070,0.0018818856,4.092017549276352,0.0003,-0.9838968098163605
-406.2162162162162,1072,29,6,7424,200.0,0.0,0.00823986530303955,0.3,1.865359902381897,-0.0061536767752841115,9080,0.017129287,4.398495012521744,0.0003,-0.9390906274318696
-407.36842105263156,1075,30,7,7680,200.0,0.0,-0.10640156269073486,0.3,3.4158847332000732,-0.0009748722892254591,9090,0.0039446033,8.09565064907074,0.0003,-0.8914609342813492
-407.1794871794872,1074,31,7,7936,200.0,0.0,-0.007416725158691406,0.3,14.7612886428833,0.001010066573508084,9100,0.00017063203,42.78592767715454,0.0003,-0.868595564365387
-407.0,1073,32,7,8192,200.0,0.0,0.24557453393936157,0.3,0.33606642484664917,-0.0008374645374715328,9110,0.00046915002,2.8795291900634767,0.0003,-0.8739104509353638
-406.6666666666667,1072,33,7,8448,200.0,0.0,0.37528377771377563,0.3,1.6210353374481201,-0.0010674944845959545,9120,0.0013312991,2.8316991567611693,0.0003,-0.9025868862867356
-406.51162790697674,1072,34,8,8704,200.0,0.0,0.03190422058105469,0.3,2.6308624744415283,-0.0036596097983419896,9130,0.0025141148,8.008900892734527,0.0003,-0.9589296251535415
-406.3636363636364,1074,35,8,8960,200.0,0.0,0.11363738775253296,0.3,2.8285579681396484,-0.0011825449299067258,9140,0.002314334,3.972572457790375,0.0003,-1.004851508140564
-406.0869565217391,1073,36,8,9216,200.0,0.0,-0.17614507675170898,0.3,1.7301102876663208,-0.0006279897410422563,9150,0.0012360807,5.161729007959366,0.0003,-0.9856453210115432
-407.02127659574467,1072,37,8,9472,200.0,0.0,0.118896484375,0.3,13.574085235595703,-0.0011029571993276476,9160,0.00066057383,41.167507553100585,0.0003,-0.9677999138832092
-406.875,1072,38,9,9728,200.0,0.101171875,0.20152992010116577,0.3,2.0415663719177246,-0.014650602242909372,9170,0.042530224,3.7662602961063385,0.0003,-1.0055718213319778
-406.734693877551,1073,39,9,9984,200.0,0.0,-0.026877880096435547,0.3,2.607879400253296,0.0003308444283902645,9180,0.0011798167,4.880296629667282,0.0003,-1.0343815326690673
-406.47058823529414,1072,40,9,10240,200.0,0.0,0.003769993782043457,0.3,1.0507735013961792,-0.0016609118320047855,9190,0.0018397332,3.986268526315689,0.0003,-1.0384620785713197
-500.0,1329,1,0,256,200.0,0.0,0.0385860800743103,0.3,3.4456355571746826,-0.003351303841918707,9200,0.0059925737,7.985331630706787,0.0003,-1.0261808574199676
-450.0,1227,2,0,512,200.0,0.00078125,0.005486726760864258,0.3,30.960432052612305,0.00026612235233187677,9210,0.0013258886,76.74154434204101,0.0003,-1.4872141540050507
-433.3333333333333,1147,3,0,768,200.0,0.00078125,-0.0893779993057251,0.3,2.705981492996216,-0.002789862919598818,9220,0.0046177637,4.962126898765564,0.0003,-1.364658683538437
-420.0,1131,4,0,1024,200.0,0.059375,0.04790675640106201,0.3,3.0254275798797607,-0.009507503756321967,9230,0.033363026,4.22888799905777,0.0003,-1.3461461126804353
-425.0,1120,5,1,1280,200.0,0.0234375,0.00045013427734375,0.3,5.9774065017700195,-0.006908601662144065,9240,0.017090684,8.323306894302368,0.0003,-1.4270475447177886
-421.42857142857144,1107,6,1,1536,200.0,0.0,0.013501584529876709,0.3,12.628032684326172,-0.0005634984583593905,9250,0.0030998653,41.970674228668216,0.0003,-1.3687634229660035
-418.75,1083,7,1,1792,200.0,0.196875,-0.06625211238861084,0.3,2.2122392654418945,-0.017089287214912475,9260,0.056299686,4.379141616821289,0.0003,-1.1826200842857362
-415.0,1083,8,1,2048,200.0,0.094140625,0.0208052396774292,0.3,2.2671799659729004,-0.013782242825254799,9270,0.015308809,4.281231945753097,0.0003,-1.4262112975120544
-413.6363636363636,1082,9,2,2304,200.0,0.0203125,0.05175572633743286,0.3,3.348802089691162,-0.0033760710619390013,9280,0.011417601,8.030798411369323,0.0003,-1.4850610077381134
-412.5,1088,10,2,2560,200.0,0.2015625,0.005677580833435059,0.3,3.346646308898926,-0.011643908265978099,9290,0.013919424,4.333344238996506,0.0003,-1.4922581553459167
-410.7142857142857,1082,11,2,2816,200.0,0.11328125,0.03341752290725708,0.3,0.4663982093334198,-0.012142053851857782,9300,0.024288278,4.133386132121086,0.0003,-1.500595599412918
-410.0,1082,12,2,3072,200.0,0.0,0.08985745906829834,0.3,4.776060104370117,-0.006094463891349733,9310,0.008420805,7.8953689455986025,0.0003,-1.5038635075092315
-409.375,1084,13,3,3328,200.0,0.015234375,0.051947176456451416,0.3,1.9409047365188599,-0.008702515042386949,9320,0.015173331,4.349210619926453,0.0003,-1.3573229908943176
-408.8235294117647,1079,14,3,3584,200.0,0.006640625,0.1945953369140625,0.3,2.2747275829315186,-0.004966879310086369,9330,0.0074779433,3.4170415818691255,0.0003,-1.5025245785713195
-410.5263157894737,1080,15,3,3840,200.0,0.019921875,-0.38548195362091064,0.3,2.790027618408203,-0.013102816534228623,9340,0.015082985,5.861648440361023,0.0003,-1.4616882979869843
-410.0,1076,16,3,4096,200.0,0.0,0.031163454055786133,0.3,16.222579956054688,-0.007887987204594538,9350,0.010099415,44.507639217376706,0.0003,-1.6213708460330962
-409.5238095238095,1077,17,4,4352,200.0,0.00390625,0.06420397758483887,0.3,0.42850223183631897,-0.009578602435067297,9360,0.01201863,4.060211631655693,0.0003,-1.6761995732784272
-408.69565217391306,1074,18,4,4608,200.0,0.026953125,0.06628221273422241,0.3,2.8962581157684326,-0.00579635207541287,9370,0.0073546534,4.513829815387726,0.0003,-1.7991073608398438
-406.6666666666667,1074,19,4,4864,200.0,0.04453125,0.027408123016357422,0.3,5.065857887268066,-0.020164814544841647,9380,0.024110865,7.6259062647819515,0.0003,-1.7930972099304199
-406.4,1073,20,4,5120,200.0,0.01015625,0.3487977981567383,0.3,2.5272836685180664,-0.007608863105997443,9390,0.009461326,11.797676348686219,0.0003,-1.7212239801883698
-408.0769230769231,1070,21,5,5376,200.0,0.0,0.19392699003219604,0.3,19.70298957824707,-0.002733918558806181,9400,0.0005120782,38.24043760299683,0.0003,-1.728472512960434
-409.2857142857143,1070,22,5,5632,200.0,0.00078125,0.041852593421936035,0.3,22.43785858154297,-0.006807833351194859,9410,0.0026267846,40.411160469055176,0.0003,-1.7036524832248687
-408.9655172413793,1070,23,5,5888,200.0,0.0,-0.04532933235168457,0.3,6.32211971282959,0.0025728600565344097,9420,0.0006739497,12.133280611038208,0.0003,-1.6900365591049193
-408.6666666666667,1070,24,5,6144,200.0,0.002734375,0.0740971565246582,0.3,1.7064602375030518,-0.009913607453927397,9430,0.026153432,4.238636228442192,0.0003,-1.6424654245376586
-409.6875,1070,25,5,6400,200.0,0.0,0.020359694957733154,0.3,7.537490367889404,-0.0034342909813858567,9440,0.01322798,39.51827421188354,0.0003,-1.417488831281662
-409.3939393939394,1068,26,6,6656,200.0,0.026953125,0.11315876245498657,0.3,2.507232189178467,-0.010134111298248172,9450,0.0064957608,7.931306028366089,0.0003,-1.3611801505088805
-409.11764705882354,1067,27,6,6912,200.0,0.009375,0.12161147594451904,0.3,1.1480371952056885,-0.008202650304883718,9460,0.006934518,3.7679983526468277,0.0003,-1.3380898892879487
-408.85714285714283,1068,28,6,7168,200.0,0.108203125,0.05416327714920044,0.3,1.7261366844177246,-0.01980045260861516,9470,0.035470806,4.160574376583099,0.0003,-1.2339562058448792
-408.3783783783784,1069,29,6,7424,200.0,0.0,-0.07334303855895996,0.3,2.568385124206543,-0.0005295300157740712,9480,0.0009879479,4.554289865493774,0.0003,-1.1716890811920166
-408.1578947368421,1068,30,7,7680,200.0,0.028515625,0.02371811866760254,0.3,3.9356350898742676,-0.012485157512128354,9490,0.011082418,8.207334506511689,0.0003,-1.2399344801902772
-407.94871794871796,1068,31,7,7936,200.0,0.075390625,0.1320238709449768,0.3,0.9641439914703369,-0.015534730232320725,9500,0.021148667,3.921466714143753,0.0003,-1.342409610748291
-407.75,1068,32,7,8192,200.0,0.0,0.025101423263549805,0.3,0.39306414127349854,-0.0022410894045606254,9510,0.0048084585,4.79496166408062,0.0003,-1.2791185557842255
-407.3809523809524,1068,33,7,8448,200.0,0.053125,0.13578307628631592,0.3,1.6871483325958252,-0.01730266024824232,9520,0.025736202,3.85726717710495,0.0003,-1.1916242718696595
-407.2093023255814,1069,34,8,8704,200.0,0.024609375,0.13003754615783691,0.3,3.45858097076416,-0.008597766957245767,9530,0.01815339,7.19493556022644,0.0003,-1.2831676661968232
-407.04545454545456,1069,35,8,8960,200.0,0.000390625,-0.03528141975402832,0.3,1.0131624937057495,-0.003587901359423995,9540,0.0029830101,4.2795585811138155,0.0003,-1.3600396752357482
-406.7391304347826,1068,36,8,9216,200.0,0.216015625,0.08543723821640015,0.3,2.084676504135132,-0.02020498176570982,9550,0.05942346,3.969472110271454,0.0003,-1.0587778061628341
-406.59574468085106,1067,37,8,9472,200.0,0.019140625,0.17841756343841553,0.3,2.1119368076324463,-0.004907357227057219,9560,0.004271927,6.467192673683167,0.0003,-1.083399522304535
-406.4583333333333,1065,38,9,9728,200.0,0.020703125,0.048090577125549316,0.3,1.283873200416565,-0.007128000166267157,9570,0.01113954,4.13224783539772,0.0003,-0.9611375570297241
-406.3265306122449,1066,39,9,9984,200.0,0.01796875,-0.029984712600708008,0.3,2.4819347858428955,-0.008119360730051994,9580,0.0053377748,4.342959606647492,0.0003,-0.9650553673505783
-406.078431372549,1065,40,9,10240,200.0,0.00625,-0.43747401237487793,0.3,2.0363006591796875,-0.003630696563050151,9590,0.006596965,5.005450671911239,0.0003,-0.9518009394407272
-400.0,1283,1,0,256,200.0,0.007421875,0.03317302465438843,0.3,3.7712318897247314,-0.0004137265030294657,9600,0.008555919,8.139185619354247,0.0003,-1.079977086186409
-400.0,1169,2,0,512,200.0,0.0546875,0.11175668239593506,0.3,3.062002182006836,-0.014025657810270787,9210,0.038643286,3.8291026949882507,0.0003,-1.0284106731414795
-416.6666666666667,1147,3,0,768,200.0,0.0,-0.01855754852294922,0.3,15.766796112060547,-0.00027252412401139735,9220,0.005497615,41.07757759094238,0.0003,-0.9591937988996506
-414.0,1116,4,0,1024,200.0,0.0,-0.04629182815551758,0.3,3.758298635482788,-0.0005946321878582239,9230,0.0002692009,4.876736247539521,0.0003,-0.9356381714344024
-411.6666666666667,1092,5,1,1280,200.0,0.002734375,0.00815802812576294,0.3,5.003638744354248,-0.010297060990706087,9240,0.010073863,13.628337621688843,0.0003,-0.9059900104999542
-410.0,1088,6,1,1536,200.0,0.0,-0.009217500686645508,0.3,2.198584794998169,3.974137362092733e-05,9250,0.0011509801,4.354787516593933,0.0003,-0.8116732984781265
-408.75,1081,7,1,1792,200.0,0.0,0.07116544246673584,0.3,2.9290552139282227,-0.001289490086492151,9260,0.0016999184,4.099959778785705,0.0003,-0.7786491245031357
-407.0,1082,8,1,2048,200.0,0.0,0.2162730097770691,0.3,0.8425552248954773,-0.001195804844610393,9270,0.0007860658,3.4155594229698183,0.0003,-0.7311399519443512
-406.3636363636364,1077,9,2,2304,200.0,0.00546875,0.015269219875335693,0.3,3.7739741802215576,-0.0019116541370749474,9280,0.0023939556,8.052625370025634,0.0003,-0.7611759603023529
-405.8333333333333,1074,10,2,2560,200.0,0.071484375,0.06585699319839478,0.3,1.121674656867981,-0.010467868531122804,9290,0.025461877,4.1426905512809755,0.0003,-0.8689389169216156
-405.0,1075,11,2,2816,200.0,0.0,-0.15324997901916504,0.3,0.9125222563743591,-0.00764413196593523,9300,0.010838149,4.686006167531014,0.0003,-1.0255608469247819
-404.6666666666667,1069,12,2,3072,200.0,0.0,0.04087704420089722,0.3,5.398205757141113,-0.00021756063215434552,9310,0.003273648,7.908561038970947,0.0003,-1.0890653014183045
-404.375,1067,13,3,3328,200.0,0.0,0.046138226985931396,0.3,2.570845365524292,-0.0023230276303365825,9320,0.003989894,4.175260519981384,0.0003,-1.0799104273319244
-404.11764705882354,1067,14,3,3584,200.0,0.0,0.10738116502761841,0.3,1.3897336721420288,0.0003032653592526913,9330,0.0012265502,3.9203275084495544,0.0003,-1.0722448408603669
-403.6842105263158,1063,15,3,3840,200.0,0.017578125,0.1289386749267578,0.3,1.1600728034973145,-0.007660325057804585,9340,0.01967524,3.8370399832725526,0.0003,-0.9773659318685531
-403.5,1062,16,3,4096,200.0,0.0,-0.046929001808166504,0.3,3.4893879890441895,0.0003355078864842653,9350,0.003340213,8.565311479568482,0.0003,-0.8360436022281647
-403.3333333333333,1060,17,4,4352,200.0,0.003515625,0.1515500545501709,0.3,0.371223121881485,-0.0015000437735579908,9360,0.0018318857,3.8592467218637467,0.0003,-0.8368440836668014
-403.04347826086956,1061,18,4,4608,200.0,0.0,0.00017261505126953125,0.3,2.4816737174987793,-0.000486632389947772,9370,0.0011116029,4.521355199813843,0.0003,-0.8749986171722413
-402.9166666666667,1059,19,4,4864,200.0,0.0,-0.05669999122619629,0.3,3.713306427001953,-0.0011918385745957494,9380,0.0027754519,8.446340465545655,0.0003,-0.8848070412874222
-402.8,1062,20,4,5120,200.0,0.0,0.04442107677459717,0.3,2.8641884326934814,0.00018933196552097797,9390,0.0015064357,4.225327515602112,0.0003,-0.9450990438461304
-402.6923076923077,1060,21,5,5376,200.0,0.0,0.06881213188171387,0.3,2.4143779277801514,-0.0006959095131605864,9400,0.0013313219,3.801437199115753,0.0003,-0.8754716664552689
-402.5,1057,22,5,5632,200.0,0.092578125,0.011842608451843262,0.3,3.092876672744751,-0.011589589482173323,9410,0.027662601,4.2706904232501985,0.0003,-0.945307269692421
-402.41379310344826,1058,23,5,5888,200.0,0.0,0.003140747547149658,0.3,2.9253880977630615,6.270376034080982e-05,9420,0.0016385503,7.778975915908814,0.0003,-1.0505183339118958
-402.3333333333333,1058,24,5,6144,200.0,0.009765625,0.02192741632461548,0.3,1.9884989261627197,-0.005517799407243729,9430,0.010855233,4.325741934776306,0.0003,-1.102454626560211
-402.1875,1059,25,6,6400,200.0,0.021875,0.06321251392364502,0.3,0.31246721744537354,-0.011675746086984873,9440,0.020733194,4.160013356804848,0.0003,-1.1623903870582581
-403.6363636363636,1061,26,6,6656,200.0,0.0,-0.008873581886291504,0.3,4.943855285644531,-0.0032064998522400856,9450,0.006487446,8.050315880775452,0.0003,-1.1535721004009247
-403.52941176470586,1062,27,6,6912,200.0,0.0,-0.03529763221740723,0.3,10.059221267700195,0.0014387169270776213,9460,0.0010270262,43.95053234100342,0.0003,-1.0961581647396088
-403.42857142857144,1060,28,6,7168,200.0,0.0,-0.0010870695114135742,0.3,2.98901104927063,-0.001266013947315514,9470,0.0011985742,4.325399333238602,0.0003,-1.0780637979507446
-404.5945945945946,1061,29,6,7424,200.0,0.0,0.04655414819717407,0.3,17.171520233154297,-9.983299532905221e-05,9480,0.0015131286,39.89058907032013,0.0003,-1.0513893961906433
-404.4736842105263,1058,30,7,7680,200.0,0.0,0.11031079292297363,0.3,3.1210007667541504,-0.00020229071378707886,9490,0.00013672421,8.907017421722411,0.0003,-1.0569759845733642
-407.1794871794872,1058,31,7,7936,200.0,0.0,-0.022888779640197754,0.3,38.20100021362305,-0.002608019136823714,9500,0.00046401424,81.50309600830079,0.0003,-1.0715947151184082
-407.0,1058,32,7,8192,200.0,0.0,0.06016629934310913,0.3,0.9240475296974182,-0.0028764758608303964,9510,0.0022441896,3.361829161643982,0.0003,-1.091607141494751
-406.6666666666667,1057,33,7,8448,200.0,0.0,0.0713379979133606,0.3,1.232466220855713,-0.011414737207815051,9520,0.024288168,4.42522839307785,0.0003,-1.139454823732376
-406.51162790697674,1056,34,8,8704,200.0,0.0,0.058255136013031006,0.3,4.311464309692383,6.694443291053176e-05,9530,0.0069266264,8.07055950164795,0.0003,-1.148339146375656
-406.3636363636364,1057,35,8,8960,200.0,0.0,-0.09809672832489014,0.3,2.984118700027466,0.0004298130515962839,9540,0.0021625115,4.636332333087921,0.0003,-1.1811402559280395
-406.0869565217391,1056,36,8,9216,200.0,0.0,0.03423875570297241,0.3,1.7933896780014038,-0.005296945245936513,9550,0.012896838,4.184328073263169,0.0003,-1.2151314258575439
-405.9574468085106,1054,37,8,9472,200.0,0.0,0.009896814823150635,0.3,4.272487640380859,-0.002178918430581689,9560,0.014281797,8.051402378082276,0.0003,-1.2161604642868042
-405.8333333333333,1054,38,9,9728,200.0,0.040234375,0.04928243160247803,0.3,1.5591418743133545,-0.009813467646017671,9570,0.021692567,4.219850242137909,0.0003,-1.212062454223633
-405.7142857142857,1052,39,9,9984,200.0,0.0,-0.16252613067626953,0.3,2.2556111812591553,-0.003073861263692379,9580,0.010373753,4.634389871358872,0.0003,-1.210317224264145
-405.4901960784314,1053,40,9,10240,200.0,0.073046875,0.004558563232421875,0.3,1.2079249620437622,-0.010372515302151442,9590,0.025324188,4.299140518903732,0.0003,-1.1064335584640503
-400.0,1355,1,0,256,200.0,0.0,0.0053220391273498535,0.3,3.7691922187805176,-0.002584692114032805,9600,0.0031969221,8.26927970647812,0.0003,-1.0770752072334289
-425.0,1226,2,0,512,200.0,0.033203125,0.005081236362457275,0.3,2.249018430709839,-0.013697407161816954,9610,0.024211947,4.303718841075897,0.0003,-1.1916893064975738
-416.6666666666667,1143,3,0,768,200.0,0.000390625,-0.04391157627105713,0.3,21.60489845275879,-0.0027616466162726284,9620,0.0045933826,41.57048664093018,0.0003,-1.214306265115738
-410.0,1115,4,0,1024,200.0,0.0,-0.0014643669128417969,0.3,1.307421088218689,-0.0020437554223462938,9630,0.0038696567,4.723623538017273,0.0003,-1.230921882390976
-400.0,1095,5,1,1280,200.0,0.045703125,0.011718690395355225,0.3,3.495931386947632,-0.005848215660080314,9640,0.026847664,8.40725748538971,0.0003,-1.251927024126053
-400.0,1092,6,1,1536,200.0,0.038671875,-0.11899900436401367,0.3,4.322006702423096,-0.010754476441070438,9650,0.024688557,17.51814184188843,0.0003,-1.4319963991641997
-400.0,1084,7,1,1792,200.0,0.028125,-0.019525527954101562,0.3,2.1002068519592285,-0.012859592074528336,9660,0.013927901,4.380287235975265,0.0003,-1.5578993320465089
-405.0,1073,8,1,2048,200.0,0.0,0.0045468807220458984,0.3,20.791563034057617,-0.005780687276273966,9670,0.0071561625,41.66633334159851,0.0003,-1.548554891347885
-404.54545454545456,1072,9,2,2304,200.0,0.0,0.004640817642211914,0.3,4.445756435394287,-0.0037102141417562962,9680,0.002164479,8.404235148429871,0.0003,-1.5120046377182006
-404.1666666666667,1068,10,2,2560,200.0,0.012890625,0.058408141136169434,0.3,2.4130783081054688,-0.008424305100925266,9690,0.010527281,3.930908051133156,0.0003,-1.4480383694171906
-403.57142857142856,1057,11,2,2816,200.0,0.01875,0.005376994609832764,0.3,1.7743375301361084,-0.004365676711313426,9700,0.01890549,4.298932665586472,0.0003,-1.4160837709903717
-403.3333333333333,1049,12,2,3072,200.0,0.00546875,0.008496642112731934,0.3,3.683147668838501,-0.006769592920318246,9710,0.0064893947,8.160989475250243,0.0003,-1.3838577270507812
-403.125,1050,13,3,3328,200.0,0.0140625,0.0014733076095581055,0.3,2.133465528488159,-0.0072648956440389155,9720,0.010037383,4.326666054129601,0.0003,-1.496209329366684
-402.94117647058823,1048,14,3,3584,200.0,0.04609375,0.019963324069976807,0.3,1.3447729349136353,-0.016319612972438335,9730,0.012232516,4.274761617183685,0.0003,-1.5118216693401336
-402.63157894736844,1043,15,3,3840,200.0,0.0078125,-0.011785507202148438,0.3,2.8591909408569336,-0.007635035971179605,9740,0.014204526,4.363789612054825,0.0003,-1.3275915503501892
-402.5,1049,16,3,4096,200.0,0.004296875,0.017152249813079834,0.3,3.070584297180176,-0.0018191938288509846,9750,0.004634211,8.220854663848877,0.0003,-1.2406978845596313
-402.3809523809524,1047,17,4,4352,200.0,0.00625,-0.006232500076293945,0.3,2.808717727661133,-0.00043136957101523875,9760,0.0030439703,4.418589943647385,0.0003,-1.274115228652954
-402.17391304347825,1045,18,4,4608,200.0,0.019921875,0.10123789310455322,0.3,1.674206256866455,-0.006782601051963866,9770,0.011494589,3.8312243223190308,0.0003,-1.2152541399002075
-404.1666666666667,1045,19,4,4864,200.0,0.008203125,0.06736952066421509,0.3,3.117424964904785,-0.00344589427113533,9780,0.006239117,7.825864362716675,0.0003,-1.0812045276165008
-404.0,1046,20,4,5120,200.0,0.0,-0.006307482719421387,0.3,17.803672790527344,-0.0006640813313424587,9790,0.00043135765,41.46889820098877,0.0003,-1.0314498126506806
-403.46153846153845,1047,21,5,5376,200.0,0.00234375,0.002547323703765869,0.3,3.4787397384643555,-0.0016520431730896235,9800,0.0016281258,4.571735209226608,0.0003,-0.9836793541908264
-403.2142857142857,1048,22,5,5632,200.0,0.00234375,-0.1342533826828003,0.3,1.193117380142212,-4.937008488923311e-05,9810,0.0018249652,6.762208616733551,0.0003,-1.0335941553115844
-403.1034482758621,1048,23,5,5888,200.0,0.0,0.017665505409240723,0.3,3.3820180892944336,-0.001118068932555616,9820,0.0010271491,8.363994312286376,0.0003,-0.9931017994880676
-403.0,1048,24,5,6144,200.0,0.06484375,-0.02458953857421875,0.3,4.028561592102051,-0.009963895310647786,9830,0.023535375,4.402477079629898,0.0003,-1.006791639328003
-402.8125,1049,25,6,6400,200.0,0.0390625,0.008241355419158936,0.3,1.305039405822754,-0.008451323374174535,9840,0.023416989,4.260711264610291,0.0003,-0.9173327773809433
-402.72727272727275,1049,26,6,6656,200.0,0.00234375,0.03294426202774048,0.3,2.426671266555786,-0.0013177759014070035,9850,0.001359957,8.317261004447937,0.0003,-0.761199089884758
-402.6470588235294,1051,27,6,6912,200.0,0.0,0.020780980587005615,0.3,2.1669535636901855,-0.0005676956847310066,9860,0.0006795977,4.278432360291481,0.0003,-0.8339281052350997
-402.57142857142856,1052,28,6,7168,200.0,0.019140625,-0.006188035011291504,0.3,1.5210381746292114,-0.00445694838417694,9870,0.008400867,4.340536499023438,0.0003,-0.8749505877494812
-402.43243243243245,1054,29,7,7424,200.0,0.016796875,0.04015403985977173,0.3,3.3308517932891846,-0.004438254563137889,9880,0.0071861716,4.1950161278247835,0.0003,-1.0873565971851349
-402.36842105263156,1051,30,7,7680,200.0,0.010546875,-0.0021451711654663086,0.3,5.685347080230713,-0.004296561377122999,9890,0.0068106605,8.300484037399292,0.0003,-1.054693591594696
-402.3076923076923,1052,31,7,7936,200.0,0.0,0.014918267726898193,0.3,2.2811686992645264,-0.0008794300490990281,9900,0.0015745268,4.303203415870667,0.0003,-1.095632839202881
-402.25,1051,32,7,8192,200.0,0.013671875,0.04382514953613281,0.3,1.6701685190200806,-0.011035410640761256,9910,0.00456129,4.134543395042419,0.0003,-1.1381881356239318
-402.14285714285717,1050,33,8,8448,200.0,0.009375,0.12290602922439575,0.3,3.1153829097747803,-0.003463760716840625,9920,0.0066390657,3.7414554953575134,0.0003,-1.1752607643604278
-402.09302325581393,1052,34,8,8704,200.0,0.017578125,0.014552175998687744,0.3,3.4015085697174072,-0.00939439085777849,9930,0.0062424103,7.775999975204468,0.0003,-1.3265722811222076
-402.04545454545456,1050,35,8,8960,200.0,0.00546875,0.05356431007385254,0.3,0.6660592555999756,-0.006229116604663432,9940,0.0034150644,4.171591198444366,0.0003,-1.281716537475586
-403.04347826086956,1052,36,8,9216,200.0,0.030078125,-0.14373111724853516,0.3,0.4040745794773102,-0.009494929015636444,9950,0.007934896,4.659506928920746,0.0003,-1.3599307835102081
-404.0425531914894,1052,37,9,9472,200.0,0.00078125,-0.016635417938232422,0.3,18.87379264831543,-0.0037497842917218805,9960,0.003412005,45.96193537712097,0.0003,-1.3790870547294616
-403.9583333333333,1052,38,9,9728,200.0,0.0,0.0001450181007385254,0.3,10.598302841186523,-0.006435503903776407,9970,0.0021164026,22.012615776062013,0.0003,-1.3655495464801788
-403.8775510204082,1050,39,9,9984,200.0,0.0,0.0007758140563964844,0.3,2.268993377685547,-0.0010240555508062243,9980,0.0013640651,4.801791840791703,0.0003,-1.4317616999149323
-403.72549019607845,1051,40,9,10240,200.0,0.006640625,0.0427706241607666,0.3,2.471813917160034,-0.007680845353752375,9990,0.010110024,4.182152342796326,0.0003,-1.4905822575092316
-400.0,1342,1,0,256,200.0,0.001171875,-0.011809229850769043,0.3,5.998600006103516,-0.0009073098190128803,10000,0.0049578706,8.59574053287506,0.0003,-1.6128726661205293
-400.0,1208,2,0,512,200.0,0.0,0.3085908889770508,0.3,0.2881406545639038,-0.004846926557365805,9610,0.0029882162,3.408650404214859,0.0003,-1.044404137134552
-400.0,1138,3,0,768,200.0,0.0,-0.03117966651916504,0.3,3.4966368675231934,-0.003448389773257077,9620,0.0081059765,4.322798025608063,0.0003,-1.0286413073539733
-400.0,1122,4,0,1024,200.0,0.04765625,0.020450055599212646,0.3,0.4961545765399933,-0.006118734646588564,9630,0.026194084,3.947725334763527,0.0003,-0.8687982141971589
-400.0,1122,5,1,1280,200.0,0.0015625,-0.003951668739318848,0.3,3.7956836223602295,-0.0031682844972237946,9640,0.0044799545,8.105199193954467,0.0003,-0.7549477308988571
-400.0,1108,6,1,1536,200.0,0.0,-0.1692873239517212,0.3,2.17471981048584,0.0005121055990457534,9650,0.00022371113,4.597261714935303,0.0003,-0.7085969477891922
-400.0,1103,7,1,1792,200.0,0.09296875,0.00229489803314209,0.3,1.3636012077331543,-0.009640046767890454,9660,0.011044855,4.338977348804474,0.0003,-0.8230831801891327
-400.0,1102,8,1,2048,200.0,0.0,0.05358678102493286,0.3,2.2468912601470947,0.00027001507114619014,9670,0.001849052,3.796744680404663,0.0003,-0.78903449177742
-400.0,1091,9,2,2304,200.0,0.0,0.021882176399230957,0.3,5.125848293304443,-0.000705268676392734,9680,0.0003967206,7.8988322734832765,0.0003,-0.7688433319330216
-400.0,1093,10,2,2560,200.0,0.0,0.0027126669883728027,0.3,1.7060843706130981,-0.001400112919509411,9690,0.0009590229,4.308273303508758,0.0003,-0.7290352940559387
-400.0,1091,11,2,2816,200.0,0.0,0.00781393051147461,0.3,3.313601493835449,-0.001555625651963055,9700,0.0038205262,4.261674311757088,0.0003,-0.6664093345403671
-400.0,1086,12,2,3072,200.0,0.01953125,0.02303987741470337,0.3,5.469992160797119,-0.008869887515902519,9710,0.009319257,8.02264986038208,0.0003,-0.6481132090091706
-400.0,1088,13,3,3328,200.0,0.0125,0.03716897964477539,0.3,2.11946177482605,-0.001702244789339602,9720,0.0062552895,4.190656167268753,0.0003,-0.7561742275953293
-402.94117647058823,1082,14,3,3584,200.0,0.0,0.04526799917221069,0.3,12.752541542053223,-0.002418023394420743,9730,0.0017197668,40.75043125152588,0.0003,-0.7947776228189468
-402.63157894736844,1084,15,3,3840,200.0,0.0,0.009783685207366943,0.3,1.1651291847229004,-0.0006041604094207287,9740,0.0012823776,4.344907987117767,0.0003,-0.8062752068042756
-407.5,1075,16,3,4096,200.0,0.0,0.05116993188858032,0.3,24.873098373413086,-0.000346496538259089,9750,0.0014077579,44.04968757629395,0.0003,-0.7376043528318406
-409.5238095238095,1069,17,4,4352,200.0,0.0,0.00016605854034423828,0.3,47.412818908691406,-0.00032142149284482003,9760,0.00010488229,76.24241962432862,0.0003,-0.7298003315925599
-408.69565217391306,1064,18,4,4608,200.0,0.0,0.001545548439025879,0.3,1.2890021800994873,-0.0008593353675678372,9770,0.0006153304,5.909761822223663,0.0003,-0.7525085479021072
-408.3333333333333,1066,19,4,4864,200.0,0.0,0.030652999877929688,0.3,5.800191879272461,-0.0014354659710079432,9780,0.0006468734,9.863890910148621,0.0003,-0.7807217538356781
-408.0,1065,20,4,5120,200.0,0.017578125,0.006421267986297607,0.3,1.7982393503189087,-0.004856976051814854,9790,0.010525459,4.522232758998871,0.0003,-0.8324673503637314
-407.6923076923077,1065,21,5,5376,200.0,0.0,0.00485992431640625,0.3,1.0436369180679321,-0.0005960049573332071,9800,0.001064219,4.384206765890122,0.0003,-0.8782969236373901
-407.14285714285717,1064,22,5,5632,200.0,0.00625,0.018630146980285645,0.3,1.4725292921066284,-0.005082638841122389,9810,0.0040154597,4.322031486034393,0.0003,-0.8466387122869492
-406.8965517241379,1064,23,5,5888,200.0,0.0,0.036232173442840576,0.3,3.4442343711853027,0.002023916644975543,9820,0.0009850697,8.131913638114929,0.0003,-0.8896015256643295
-406.6666666666667,1064,24,5,6144,200.0,0.0,0.02495819330215454,0.3,0.795339822769165,-0.0026216319412924348,9830,0.0070517883,4.223556819558143,0.0003,-0.9130347400903702
-409.375,1063,25,6,6400,200.0,0.0,0.04149770736694336,0.3,0.38973966240882874,-0.0016154325567185879,9840,0.004381421,4.220061165094376,0.0003,-0.928951895236969
-410.6060606060606,1065,26,6,6656,200.0,0.0,-0.027489185333251953,0.3,28.25177764892578,-0.0009441229514777661,9850,0.00027914718,82.64809970855713,0.0003,-0.9024451762437821
-410.29411764705884,1064,27,6,6912,200.0,0.0,-0.0006395578384399414,0.3,13.47828197479248,-0.004323893529362977,9860,0.007021291,30.362547588348388,0.0003,-0.91023770570755
-410.0,1064,28,6,7168,200.0,0.0,0.0037918686866760254,0.3,1.219150185585022,-0.0009254171513020992,9870,0.0063422285,5.3400272011756895,0.0003,-0.9443304270505906
-409.4594594594595,1063,29,6,7424,200.0,0.0,8.64863395690918e-05,0.3,2.545823574066162,-0.004652718314900994,9880,0.006037582,4.871138879656792,0.0003,-0.9629005134105683
-409.2105263157895,1064,30,7,7680,200.0,0.001953125,0.0014977455139160156,0.3,3.213608980178833,-0.0003023136407136917,9890,0.0023717734,8.969390618801118,0.0003,-0.96314797103405
-408.97435897435895,1062,31,7,7936,200.0,0.0,0.0044991374015808105,0.3,3.546684503555298,-0.0012592709623277186,9900,0.0030984145,4.364121288061142,0.0003,-0.9593899488449097
-408.75,1057,32,7,8192,200.0,0.0,-0.0018481016159057617,0.3,2.9258081912994385,-0.00209015803411603,9910,0.0040340694,4.361719447374344,0.0003,-0.92983118891716
-408.3333333333333,1058,33,7,8448,200.0,0.0,0.050563156604766846,0.3,1.834792971611023,-0.003143527964130044,9920,0.0062674535,3.9848701655864716,0.0003,-0.8951420843601227
-407.90697674418607,1057,34,8,8704,200.0,0.0,-0.014864921569824219,0.3,3.9802775382995605,-0.0016180605860427022,9930,0.0009759569,8.226003503799438,0.0003,-0.8819733142852784
-407.72727272727275,1055,35,8,8960,200.0,0.013671875,0.2087690234184265,0.3,5.039921760559082,-0.013931994419544935,9940,0.007014302,10.864392423629761,0.0003,-0.917614084482193
-407.39130434782606,1056,36,8,9216,200.0,0.0,0.04941987991333008,0.3,2.571002244949341,0.00016061200294643642,9950,3.68834e-05,4.102747464179993,0.0003,-0.9420405209064484
-407.2340425531915,1056,37,8,9472,200.0,0.0,0.014262795448303223,0.3,2.5821592807769775,-0.004406299279071391,9960,0.007278132,8.406558001041413,0.0003,-0.9326239734888077
-407.0833333333333,1057,38,9,9728,200.0,0.0,0.06243705749511719,0.3,3.562958240509033,0.0004908676724880934,9970,0.00013561524,4.114079922437668,0.0003,-0.9088222861289978
-406.9387755102041,1057,39,9,9984,200.0,0.0,0.10386908054351807,0.3,1.8070812225341797,0.00088503398001194,9980,6.680773e-05,4.221522283554077,0.0003,-0.9150080531835556
-406.6666666666667,1058,40,9,10240,200.0,0.149609375,0.00713503360748291,0.3,1.9820252656936646,-0.01872034859843552,9990,0.0694831,4.361133813858032,0.0003,-0.8421542972326279
-400.0,1438,1,0,256,200.0,0.0,0.07197976112365723,0.3,4.813848495483398,-0.00023282697657123208,10000,0.0023030664,7.284213840961456,0.0003,-0.6976141124963761
-400.0,1224,2,0,512,200.0,0.03828125,0.007808506488800049,0.3,2.4469377994537354,-0.013324632891453803,10010,0.016733412,4.313460946083069,0.0003,-1.5668918132781982
-400.0,1174,3,0,768,200.0,0.111328125,-0.0032248497009277344,0.3,2.4942634105682373,-0.018667082022875547,10020,0.0338679,4.2953179478645325,0.0003,-1.508382999897003
-400.0,1140,4,0,1024,200.0,0.0375,0.052000582218170166,0.3,2.841552495956421,-0.010503875557333231,10030,0.019421369,4.021764242649079,0.0003,-1.545726728439331
-400.0,1113,5,1,1280,200.0,0.003125,-0.11917507648468018,0.3,6.102565765380859,-0.0029974740464240313,10040,0.0037026384,8.793418741226196,0.0003,-1.6158028483390807
-400.0,1091,6,1,1536,200.0,0.05546875,0.02105957269668579,0.3,3.005199432373047,-0.012672604247927665,10050,0.030101933,4.248161160945893,0.0003,-1.719468855857849
-400.0,1091,7,1,1792,200.0,0.014453125,0.23545223474502563,0.3,1.2743840217590332,-0.008860304625704885,10060,0.0068131993,3.3028076887130737,0.0003,-1.7820924401283265
-410.0,1093,8,1,2048,200.0,0.0,-0.011622190475463867,0.3,31.773601531982422,-0.003443829296156764,10070,0.0030863208,78.75089378356934,0.0003,-1.7423220515251159
-409.09090909090907,1088,9,2,2304,200.0,0.0,0.007147431373596191,0.3,3.695805788040161,-0.0033677713479846718,10080,0.0015389463,8.96348958015442,0.0003,-1.7055266559123994
-408.3333333333333,1085,10,2,2560,200.0,0.03046875,0.048185646533966064,0.3,2.577301263809204,-0.013835556013509632,10090,0.021646053,4.127286124229431,0.0003,-1.7587868392467498
-410.7142857142857,1069,11,2,2816,200.0,0.0,0.05057632923126221,0.3,16.973712921142578,-0.0026168721495196225,10100,0.0012059652,40.44409093856812,0.0003,-1.735261607170105
-410.0,1066,12,2,3072,200.0,0.01171875,-0.020846962928771973,0.3,4.519625186920166,-0.009799927682615816,10110,0.0111170225,8.834527599811555,0.0003,-1.6389226734638214
-409.375,1059,13,3,3328,200.0,0.008984375,6.955862045288086e-05,0.3,2.007387399673462,-0.007169310795143246,10120,0.015430645,4.591061782836914,0.0003,-1.5563441634178161
-408.8235294117647,1042,14,3,3584,200.0,0.019921875,-0.0024508237838745117,0.3,2.796003580093384,-0.0072910160757601265,10130,0.014418587,4.425629103183747,0.0003,-1.5026415944099427
-410.5263157894737,1043,15,3,3840,200.0,0.1015625,0.0010962486267089844,0.3,1.855865478515625,-0.01984263244085014,10140,0.041486472,4.360079103708268,0.0003,-1.5683687806129456
-410.0,1043,16,3,4096,200.0,0.130859375,-0.00012409687042236328,0.3,35.21138000488281,-0.012397164758294821,10150,0.025058009,45.92842493057251,0.0003,-1.4600639045238495
-411.9047619047619,1044,17,4,4352,200.0,0.06484375,8.618831634521484e-05,0.3,2.366121292114258,-0.003221701108850539,10160,0.01904665,4.437201803922653,0.0003,-1.3512698054313659
-413.04347826086956,1043,18,4,4608,200.0,0.026953125,0.00013005733489990234,0.3,26.96408462524414,9.88232670351863e-05,10170,0.012847011,78.72110557556152,0.0003,-1.217443698644638
-414.5833333333333,1045,19,4,4864,200.0,0.0,0.0002624988555908203,0.3,3.49440598487854,-0.004427365155424923,10180,0.0006013606,8.898653841018676,0.0003,-1.185089761018753
-414.0,1045,20,4,5120,200.0,0.0,-8.320808410644531e-05,0.3,16.78948974609375,-0.0012899648398160934,10190,0.00036235526,41.05462770462036,0.0003,-1.1859118580818175
-415.38461538461536,1046,21,5,5376,200.0,0.0,7.432699203491211e-05,0.3,16.662860870361328,-0.00461651748046279,10200,0.0046061883,40.73861141204834,0.0003,-1.1784320950508118
-414.2857142857143,1047,22,5,5632,200.0,0.03828125,0.0029019713401794434,0.3,1.780374526977539,-0.014127436466515065,10210,0.020295413,4.774404004216194,0.0003,-1.263091766834259
-413.7931034482759,1047,23,5,5888,200.0,0.002734375,0.0018607378005981445,0.3,1.7420579195022583,-0.001726139325182885,10220,0.005387108,9.033027362823486,0.0003,-1.3297583281993866
-415.0,1048,24,5,6144,200.0,0.11953125,0.006070077419281006,0.3,2.0853404998779297,-0.011392892384901643,10230,0.038670868,4.322778415679932,0.0003,-1.1668806970119476
-415.625,1048,25,6,6400,200.0,0.0,0.014131546020507812,0.3,19.12909507751465,-0.0036135551315965133,10240,0.00048389332,41.66053895950317,0.0003,-1.0722254395484925
-416.6666666666667,1047,26,6,6656,200.0,0.009765625,0.006031215190887451,0.3,24.397998809814453,-0.01674480955116451,10250,0.009941466,44.649905586242674,0.0003,-1.0794081926345824
-416.1764705882353,1048,27,6,6912,200.0,0.0,-0.0029639005661010742,0.3,36.14311599731445,-0.002391184552107006,10260,0.0032286532,40.88039388656616,0.0003,-1.1006475985050201
-415.7142857142857,1047,28,6,7168,200.0,0.038671875,-0.13178837299346924,0.3,2.738057851791382,-0.005857111560180784,10270,0.015742503,5.1126586437225345,0.0003,-1.1699453175067902
-414.86486486486484,1048,29,7,7424,200.0,0.0,0.03243976831436157,0.3,2.578218460083008,-0.00039591914974153043,10280,0.00511593,4.36053686439991,0.0003,-1.188325035572052
-414.4736842105263,1049,30,7,7680,200.0,0.032421875,-0.0006181001663208008,0.3,5.519887924194336,-0.00734425513073802,10290,0.015795529,8.618853497505189,0.0003,-1.206620454788208
-414.1025641025641,1049,31,7,7936,200.0,0.023046875,0.20477277040481567,0.3,1.2277837991714478,-0.01652140561491251,10300,0.0129714925,3.648435890674591,0.0003,-1.28673112988472
-413.75,1049,32,7,8192,200.0,0.10390625,-0.0006400346755981445,0.3,2.1792280673980713,-0.016565108485519887,10310,0.050693713,4.342414164543152,0.0003,-1.3388252258300781
-413.0952380952381,1050,33,8,8448,200.0,0.008984375,-0.0004119873046875,0.3,0.45656079053878784,-0.008703897660598158,10320,0.007017623,4.348370525240898,0.0003,-1.2456574261188507
-412.7906976744186,1049,34,8,8704,200.0,0.016796875,0.00379025936126709,0.3,4.912928104400635,-0.005918672168627381,10330,0.011574528,7.876984262466431,0.0003,-1.2821619868278504
-412.5,1049,35,8,8960,200.0,0.02890625,0.15305691957473755,0.3,2.0190224647521973,-0.002176744327880442,10340,0.004104152,3.814781388640404,0.0003,-1.4439262747764587
-411.95652173913044,1050,36,8,9216,200.0,0.03671875,0.09933221340179443,0.3,1.5480058193206787,-0.00700977782253176,10350,0.018154586,3.978143584728241,0.0003,-1.3083732724189758
-411.70212765957444,1050,37,9,9472,200.0,0.012109375,0.019699275493621826,0.3,3.9649226665496826,-0.004608762799762189,10360,0.011581566,7.950560927391052,0.0003,-1.3903259336948395
-411.4583333333333,1049,38,9,9728,200.0,0.00234375,-0.001959681510925293,0.3,1.3868706226348877,-0.005307802930474281,10370,0.005006755,4.533444637060166,0.0003,-1.2779490053653717
-411.2244897959184,1049,39,9,9984,200.0,0.0890625,-0.0002409219741821289,0.3,1.5543632507324219,-0.01373983547091484,10380,0.038189333,4.393832391500473,0.0003,-1.178531974554062
-411.7647058823529,1049,40,9,10240,200.0,0.0,-0.0013469457626342773,0.3,1.974319577217102,-0.005708325444720686,10390,0.0048888195,4.36441610455513,0.0003,-1.0309086233377456
-400.0,1364,1,0,256,200.0,0.018359375,0.04106903076171875,0.3,27.129392623901367,-0.004810925596393645,10400,0.0140013425,45.35691614151001,0.0003,-1.0352851182222367
-425.0,1183,2,0,512,200.0,0.0,0.05438506603240967,0.3,2.3701937198638916,-0.004098523641005158,10010,0.0011780683,5.052965259552002,0.0003,-0.6923683226108551
-416.6666666666667,1145,3,0,768,200.0,0.0,-0.036225199699401855,0.3,15.575589179992676,-0.0015632911119610072,10020,0.0039465725,40.62724943161011,0.0003,-0.7471108108758926
-420.0,1124,4,0,1024,200.0,0.0,0.002926349639892578,0.3,0.30037906765937805,-0.007685601525008678,10030,0.011785319,4.716749936342239,0.0003,-0.8060608893632889
-416.6666666666667,1112,5,1,1280,200.0,0.0,0.002050042152404785,0.3,25.180566787719727,-0.0035702029475942255,10040,0.00473932,45.5527400970459,0.0003,-0.8479519933462143
-414.2857142857143,1104,6,1,1536,200.0,0.0,0.09887349605560303,0.3,1.1607693433761597,-0.00017165387980639936,10050,0.004680921,4.8322909593582155,0.0003,-0.7745320975780488
-412.5,1092,7,1,1792,200.0,0.0,0.038379788398742676,0.3,0.7849947214126587,-0.0009711829479783773,10060,0.0014793712,4.392530411481857,0.0003,-0.7409573584794998
-410.0,1088,8,1,2048,200.0,0.0,0.08015847206115723,0.3,1.0881913900375366,-0.0062822624109685424,10070,0.011348118,4.096997416019439,0.0003,-0.6677797734737396
-409.09090909090907,1086,9,2,2304,200.0,0.00703125,-0.01592421531677246,0.3,5.686314105987549,-0.006371168093755842,10080,0.012870209,8.247101628780365,0.0003,-0.5510924994945526
-412.5,1084,10,2,2560,200.0,0.0,0.007285177707672119,0.3,32.65629959106445,0.0018141934648156165,10090,0.001415849,41.76902647018433,0.0003,-0.449980765581131
-410.7142857142857,1080,11,2,2816,200.0,0.0,0.09697264432907104,0.3,3.686903238296509,-0.0011139653157442807,10100,0.0009835153,4.072020941972733,0.0003,-0.4218886598944664
-410.0,1080,12,2,3072,200.0,0.0,0.04043304920196533,0.3,4.854708671569824,-0.000309297489002347,10110,0.00033059414,8.283330392837524,0.0003,-0.3891301915049553
-409.375,1076,13,3,3328,200.0,0.01015625,-0.002478480339050293,0.3,2.5613322257995605,-0.0033325753174722195,10120,0.0074063176,4.340075969696045,0.0003,-0.34693242609500885
-411.7647058823529,1073,14,3,3584,200.0,0.0,-0.03053581714630127,0.3,1.213085412979126,-0.0012355667073279618,10130,0.0012083107,4.416249334812164,0.0003,-0.26370313540101054
-410.5263157894737,1070,15,3,3840,200.0,0.0,-0.027239441871643066,0.3,17.476165771484375,-0.0006661346997134387,10140,0.00011858181,42.14163179397583,0.0003,-0.24014334082603456
-410.0,1068,16,3,4096,200.0,0.0,0.05951857566833496,0.3,6.069764614105225,-0.0006507950369268656,10150,0.00019808859,8.138184463977813,0.0003,-0.23036932796239853
-409.5238095238095,1068,17,4,4352,200.0,0.0,0.0002861618995666504,0.3,3.322366237640381,-0.00035394602455198767,10160,0.00016940106,4.441512501239776,0.0003,-0.21513716951012612
-410.8695652173913,1069,18,4,4608,200.0,0.0,-0.009038209915161133,0.3,14.74169921875,-1.6276538372039794e-05,10170,3.0934112e-05,41.271626114845276,0.0003,-0.20332860201597214
-410.4166666666667,1067,19,4,4864,200.0,0.0,0.035884857177734375,0.3,5.108100414276123,-0.00012484607286751271,10180,3.58189e-05,9.274697995185852,0.0003,-0.20697250515222548
-412.0,1066,20,4,5120,200.0,0.0,0.03615683317184448,0.3,31.669702529907227,-0.0001280907541513443,10190,3.421586e-05,40.4593186378479,0.0003,-0.21310134083032609
-411.53846153846155,1066,21,5,5376,200.0,0.0,0.00012415647506713867,0.3,2.085622787475586,-2.4440302513539792e-05,10200,6.813789e-06,4.987124532461166,0.0003,-0.21603159755468368
-410.7142857142857,1066,22,5,5632,200.0,0.0,-2.491474151611328e-05,0.3,2.5555925369262695,-3.5094865597784516e-05,10210,0.00014533359,4.603592127561569,0.0003,-0.2155657395720482
-412.0689655172414,1065,23,5,5888,200.0,0.0,6.616115570068359e-06,0.3,3.543361186981201,0.0005175697966478765,10220,5.035824e-05,8.510762917995454,0.0003,-0.23643612563610078
-411.6666666666667,1063,24,5,6144,200.0,0.0,-0.002469182014465332,0.3,20.268558502197266,0.00012680722866207362,10230,6.622099e-05,42.421987009048465,0.0003,-0.2313479669392109
-410.9375,1063,25,6,6400,200.0,0.0,0.10672932863235474,0.3,1.2229458093643188,-0.0006668417248874903,10240,0.00042536063,3.929900550842285,0.0003,-0.21968379020690917
-410.6060606060606,1063,26,6,6656,200.0,0.0,0.018062889575958252,0.3,4.394034385681152,-5.922303535044193e-05,10250,2.6401132e-05,8.292265403270722,0.0003,-0.19771534129977225
-411.7647058823529,1062,27,6,6912,200.0,0.0,0.07718098163604736,0.3,0.9133933186531067,-0.0001555148744955659,10260,5.953759e-05,4.1276639103889465,0.0003,-0.19587314873933792
-411.42857142857144,1061,28,6,7168,200.0,0.0,-0.06387698650360107,0.3,15.607609748840332,0.0002467284386511892,10270,6.728666e-05,44.052874898910524,0.0003,-0.1825936883687973
-410.81081081081084,1058,29,7,7424,200.0,0.0,-0.036835312843322754,0.3,2.4072980880737305,-2.3275380954146385e-05,10280,2.4111941e-06,4.7751880288124084,0.0003,-0.18007609769701957
-410.5263157894737,1058,30,7,7680,200.0,0.0,0.08074206113815308,0.3,4.659018516540527,-0.0004285190254449844,10290,0.0002058514,8.151934814453124,0.0003,-0.1821640558540821
-410.2564102564103,1056,31,7,7936,200.0,0.0,0.07120245695114136,0.3,1.9297566413879395,0.0004001139663159847,10300,0.00011669728,4.115787196159363,0.0003,-0.2047220066189766
-410.0,1056,32,7,8192,200.0,0.0,-0.10699009895324707,0.3,4.216364860534668,-0.0001914837397634983,10310,7.1641756e-05,4.634874075651169,0.0003,-0.20209329798817635
-409.5238095238095,1054,33,8,8448,200.0,0.0,0.004959046840667725,0.3,3.037142753601074,-0.0011757404310628772,10320,0.0011576717,4.38873610496521,0.0003,-0.20871952101588248
-409.30232558139534,1055,34,8,8704,200.0,0.0,0.02043861150741577,0.3,4.2984819412231445,-0.0009814561111852528,10330,0.0014317108,7.9491484522819515,0.0003,-0.25940662771463396
-409.09090909090907,1053,35,8,8960,200.0,0.01328125,0.008603155612945557,0.3,3.070321798324585,-0.003385843220166862,10340,0.0033713162,4.2887984871864315,0.0003,-0.31447490602731704
-410.8695652173913,1052,36,8,9216,200.0,0.0,-0.010424494743347168,0.3,25.80031967163086,-0.0016215770039707423,10350,0.0009839458,41.91389377117157,0.0003,-0.3629371702671051
-410.63829787234044,1053,37,8,9472,200.0,0.0,-0.021018624305725098,0.3,37.99478530883789,-0.00010780242737382651,10360,0.00036990317,45.885240697860716,0.0003,-0.39485079497098924
-410.4166666666667,1052,38,9,9728,200.0,0.0,-5.7220458984375e-06,0.3,3.9414498805999756,-0.00030947841587476433,10370,0.0001895728,4.74930510520935,0.0003,-0.4064515754580498
-411.2244897959184,1053,39,9,9984,200.0,0.002734375,7.68899917602539e-05,0.3,1.54320228099823,-0.0020676604472100735,10380,0.0033419384,4.51783584356308,0.0003,-0.4085552453994751
-410.7843137254902,1053,40,9,10240,200.0,0.051953125,-7.2479248046875e-05,0.3,10.154512405395508,-0.005410927724733483,10390,0.02126965,26.893379282951354,0.0003,-0.5380345538258553
-400.0,1373,1,0,256,200.0,0.0,0.0006981492042541504,0.3,3.7073397636413574,0.0014316452434286475,10400,7.46008e-05,8.706515002250672,0.0003,-0.6304816693067551
-400.0,1189,2,0,512,200.0,0.023828125,0.08758562803268433,0.3,2.4422214031219482,-0.007815980818122625,10410,0.010783033,4.009269535541534,0.0003,-1.0596601754426955
-400.0,1116,3,0,768,200.0,0.020703125,0.19945687055587769,0.3,1.5569684505462646,-0.0025934533099643887,10420,0.012123976,3.567402696609497,0.0003,-1.0351800352334977
-400.0,1098,4,0,1024,200.0,0.084375,0.07987701892852783,0.3,2.0003387928009033,-0.010515933576971292,10430,0.02313622,4.161945188045502,0.0003,-1.0384316086769103
-433.3333333333333,1093,5,1,1280,200.0,0.03984375,0.13101983070373535,0.3,3.365652322769165,-0.010532495938241482,10440,0.011749176,7.764313364028931,0.0003,-1.132355672121048
-428.57142857142856,1089,6,1,1536,200.0,0.024609375,-0.03762984275817871,0.3,96.02143096923828,-0.0026781430700793863,10450,0.007893148,157.36185417175292,0.0003,-1.2840002119541167
-437.5,1085,7,1,1792,200.0,0.10234375,0.004593789577484131,0.3,25.846757888793945,-0.005046914773993194,10460,0.022532627,40.296367740631105,0.0003,-1.333407711982727
-435.0,1084,8,1,2048,200.0,0.044140625,0.01757282018661499,0.3,15.906835556030273,-0.003202091483399272,10470,0.011194057,67.55986633300782,0.0003,-1.3400187909603118
-436.3636363636364,1079,9,2,2304,200.0,0.00625,0.021241843700408936,0.3,27.340761184692383,-0.0061204734491184356,10480,0.007166234,44.538329124450684,0.0003,-1.3438925206661225
-437.5,1077,10,2,2560,200.0,0.000390625,0.02960437536239624,0.3,15.341790199279785,-0.006141262443270535,10490,0.0076342346,39.17370376586914,0.0003,-1.2965182423591615
-431.42857142857144,1071,11,2,2816,200.0,0.032421875,-0.04944145679473877,0.3,3.3609917163848877,-0.005645109503529966,10500,0.011102328,6.736321425437927,0.0003,-1.3104510128498077
-432.6666666666667,1068,12,2,3072,200.0,0.0421875,0.11221057176589966,0.3,2.780050277709961,-0.007284799893386662,10510,0.0058646547,7.287898468971252,0.0003,-1.3285620868206025
-430.625,1070,13,3,3328,200.0,0.00859375,-0.034320712089538574,0.3,30.582164764404297,-0.008725753775797785,10520,0.009313734,41.96473221778869,0.0003,-1.2513315021991729
-428.8235294117647,1066,14,3,3584,200.0,0.0,0.03039759397506714,0.3,2.008455276489258,0.0007391518913209439,10530,0.0013378803,4.7064995765686035,0.0003,-1.3367415726184846
-428.42105263157896,1065,15,3,3840,200.0,0.044140625,-0.014221668243408203,0.3,1.790605902671814,-0.004454506700858474,10540,0.016662315,4.5229859292507175,0.0003,-1.4015154719352723
-427.0,1060,16,3,4096,200.0,0.008984375,-0.0025959014892578125,0.3,9.240995407104492,-0.006617180677130819,10550,0.017121019,45.80194797515869,0.0003,-1.452261710166931
-425.7142857142857,1059,17,4,4352,200.0,0.090234375,-0.0011681318283081055,0.3,2.144834041595459,-0.010786649095825851,10560,0.020042198,4.469322806596756,0.0003,-1.1949278175830842
-425.6521739130435,1059,18,4,4608,200.0,0.037109375,0.0024214982986450195,0.3,1.4868851900100708,-0.00827391454949975,10570,0.0254994,4.377516031265259,0.0003,-1.0561035573482513
-424.5833333333333,1059,19,4,4864,200.0,0.01484375,0.010379612445831299,0.3,22.16165542602539,-0.001693053706549108,10580,0.0074222325,38.755600166320804,0.0003,-0.9241601467132569
-423.6,1059,20,4,5120,200.0,0.08125,-0.05572056770324707,0.3,0.5384621620178223,-0.0055640147300437095,10590,0.003206207,4.671631313860416,0.0003,-1.0202485471963882
-422.6923076923077,1059,21,5,5376,200.0,0.051953125,-0.010025978088378906,0.3,2.5328445434570312,-0.004756541433744132,10600,0.0059148576,4.429805117845535,0.0003,-1.0578802347183227
-421.07142857142856,1059,22,5,5632,200.0,0.003515625,-0.003930449485778809,0.3,2.098203659057617,-0.004243770195171237,10610,0.0043560425,4.333176612854004,0.0003,-1.0844096839427948
-420.3448275862069,1058,23,5,5888,200.0,0.01875,-0.001965165138244629,0.3,4.833291053771973,-0.004158801841549575,10620,0.013015454,8.56361198425293,0.0003,-1.1675040125846863
-419.6666666666667,1060,24,5,6144,200.0,0.053125,0.07740449905395508,0.3,3.0081517696380615,-0.010289063188247382,10630,0.0188322,3.995001423358917,0.0003,-1.2337198376655578
-420.0,1060,25,6,6400,200.0,0.008203125,0.08065330982208252,0.3,1.5146028995513916,-0.008356809709221124,10640,0.00483108,4.0457123726606365,0.0003,-1.1958545982837676
-419.3939393939394,1059,26,6,6656,200.0,0.0,0.008504271507263184,0.3,36.19315719604492,-0.004044782253913581,10650,0.0033493168,46.15028324127197,0.0003,-1.2578098893165588
-418.8235294117647,1057,27,6,6912,200.0,0.03828125,0.026821136474609375,0.3,3.602752447128296,-0.01589311398565769,10660,0.019965451,4.246615839004517,0.0003,-1.2063139498233795
-418.2857142857143,1057,28,6,7168,200.0,0.034765625,0.021578967571258545,0.3,2.6154441833496094,-0.008720863936468959,10670,0.02036265,4.290879088640213,0.0003,-1.1304390132427216
-417.2972972972973,1056,29,7,7424,200.0,0.039453125,0.008485794067382812,0.3,2.537282705307007,-0.01342994833830744,10680,0.023505662,4.31608008146286,0.0003,-1.0892523676156998
-418.1578947368421,1054,30,7,7680,200.0,0.014453125,0.03333252668380737,0.3,5.627340316772461,0.0006902474910020828,10690,0.0027182545,8.527694797515869,0.0003,-1.175983440876007
-417.6923076923077,1054,31,7,7936,200.0,0.0,-0.026734232902526855,0.3,7.203821659088135,-0.0002792141283862293,10700,0.0008086052,43.043193674087526,0.0003,-1.2207653880119325
-417.25,1054,32,7,8192,200.0,0.07421875,0.11073052883148193,0.3,2.423008680343628,-0.0053276779595762495,10710,0.014684679,3.9864480793476105,0.0003,-1.314807391166687
-416.42857142857144,1054,33,8,8448,200.0,0.01171875,0.01977407932281494,0.3,0.974403440952301,-0.0026613910449668765,10720,0.00588149,4.265883159637451,0.0003,-1.373029315471649
-416.04651162790697,1054,34,8,8704,200.0,0.045703125,0.025183439254760742,0.3,1.5154398679733276,-0.008940608706325293,10730,0.009876868,8.427211463451385,0.0003,-1.3667839586734771
-416.8181818181818,1054,35,8,8960,200.0,0.02109375,0.05597209930419922,0.3,1.713082194328308,-0.006634823302738369,10740,0.011192448,4.165956890583038,0.0003,-1.3094648182392121
-416.0869565217391,1054,36,8,9216,200.0,0.0,0.02735978364944458,0.3,26.377166748046875,-0.0005466040107421577,10750,0.0021951082,40.02422709465027,0.0003,-1.3156551659107207
-415.74468085106383,1054,37,8,9472,200.0,0.005859375,0.04775738716125488,0.3,4.067139148712158,-0.010299548436887563,10760,0.005271679,8.127000260353089,0.0003,-1.3410115182399749
-415.4166666666667,1054,38,9,9728,200.0,0.0,0.008507847785949707,0.3,2.212803363800049,-0.0008457276155240834,10770,0.0013806219,4.442207312583923,0.0003,-1.2187714159488678
-415.1020408163265,1054,39,9,9984,200.0,0.0265625,0.02330845594406128,0.3,1.6691144704818726,-0.014809194020926952,10780,0.0111684855,4.263739544153213,0.0003,-1.277665376663208
-414.5098039215686,1053,40,9,10240,200.0,0.014453125,0.06289917230606079,0.3,3.223846197128296,-0.002491298317909241,10790,0.008223094,4.08989679813385,0.0003,-1.253779226541519
-450.0,1390,1,0,256,200.0,0.0421875,-0.030350923538208008,0.3,4.910820960998535,-0.01131061902269721,10800,0.01873916,8.239948534965515,0.0003,-1.3150269448757173
-425.0,1200,2,0,512,200.0,0.0,-0.00018966197967529297,0.3,25.06800651550293,-0.002913393103517592,10410,0.0016399142,41.511947298049925,0.0003,-0.6022248774766922
-416.6666666666667,1152,3,0,768,200.0,0.07890625,-0.0008033514022827148,0.3,1.5739147663116455,-0.012308657867833972,10420,0.020283466,4.418060299754143,0.0003,-0.6575479239225388
-410.0,1119,4,0,1024,200.0,0.10546875,0.0006084442138671875,0.3,1.8652383089065552,-0.01682922977488488,10430,0.03832052,4.379556882381439,0.0003,-0.785995814204216
-416.6666666666667,1105,5,1,1280,200.0,0.0,0.0009317994117736816,0.3,3.2673861980438232,0.0003645231481641531,10440,0.00046707923,8.403900945186615,0.0003,-0.8228954672813416
-414.2857142857143,1081,6,1,1536,200.0,0.0,0.0003675222396850586,0.3,19.56085968017578,0.0003030771156772971,10450,1.4874153e-05,42.40703611373901,0.0003,-0.8227394372224808
-412.5,1074,7,1,1792,200.0,0.0,-0.001455068588256836,0.3,3.480440616607666,-2.6796944439411163e-05,10460,0.0017161714,4.337013280391693,0.0003,-0.8225632518529892
-415.0,1070,8,1,2048,200.0,0.084765625,0.0002765655517578125,0.3,2.743258237838745,-0.006535211158916354,10470,0.036259193,4.35016638636589,0.0003,-0.8387760579586029
-413.6363636363636,1068,9,2,2304,200.0,0.0,-0.0002956390380859375,0.3,14.780248641967773,0.00029725099448114635,10480,5.8851903e-05,45.676839637756345,0.0003,-0.8445376604795456
-412.5,1064,10,2,2560,200.0,0.0,0.0009913444519042969,0.3,0.40719154477119446,-0.00025963829830288887,10490,0.00068411883,4.438125097751618,0.0003,-0.8487603276968002
-410.7142857142857,1062,11,2,2816,200.0,0.001953125,0.0002593398094177246,0.3,0.7736139297485352,-0.005908697214908898,10500,0.012082237,4.390252274274826,0.0003,-0.86470727622509
-410.0,1060,12,2,3072,200.0,0.0,0.0012337565422058105,0.3,2.5595548152923584,-0.006576671730726957,10510,0.020509483,8.408968830108643,0.0003,-0.8490406066179276
-409.375,1061,13,3,3328,200.0,0.1046875,0.002101600170135498,0.3,1.4960699081420898,-0.010747726634144783,10520,0.04659646,4.338342398405075,0.0003,-0.8789772301912308
-408.8235294117647,1060,14,3,3584,200.0,0.0140625,-0.001729726791381836,0.3,0.7794278860092163,-0.003059207438491285,10530,0.009256154,4.320227605104447,0.0003,-0.9460685729980469
-407.89473684210526,1057,15,3,3840,200.0,0.0,0.011178433895111084,0.3,0.9790744185447693,-0.0026295553427189587,10540,0.013345932,4.204742884635925,0.0003,-0.981413409113884
-410.0,1060,16,3,4096,200.0,0.009375,0.029697120189666748,0.3,3.4955358505249023,-0.004257728299126029,10550,0.009554,8.010988092422485,0.0003,-0.987046816945076
-409.5238095238095,1061,17,4,4352,200.0,0.0,-0.061573147773742676,0.3,32.206756591796875,0.0020942961797118186,10560,0.00202317,42.31440515518189,0.0003,-0.9437838554382324
-410.0,1058,18,4,4608,200.0,0.002734375,-0.1475687026977539,0.3,2.459388256072998,-0.0068847297807224095,10570,0.004906237,4.840536665916443,0.0003,-0.9609009921550751
-409.5833333333333,1057,19,4,4864,200.0,0.004296875,0.01643538475036621,0.3,7.510487079620361,-0.013717837585136294,10580,0.009540191,20.5909330368042,0.0003,-1.0209542483091354
-411.2,1055,20,4,5120,200.0,0.0328125,0.023735225200653076,0.3,2.9141693115234375,-0.008908528741449118,10590,0.029017951,4.2673401772975925,0.0003,-1.0637876510620117
-410.7692307692308,1054,21,5,5376,200.0,0.0,-0.026848435401916504,0.3,24.774398803710938,-0.0014075499959290028,10600,0.0038422823,38.64430932998657,0.0003,-1.0132098555564881
-410.0,1052,22,5,5632,200.0,0.0,-8.022785186767578e-05,0.3,2.6004302501678467,-0.0001647868426516652,10610,0.00037985225,5.09545773267746,0.0003,-1.01174293756485
-409.6551724137931,1052,23,5,5888,200.0,0.0,-0.009961247444152832,0.3,3.328155994415283,-0.001168329268693924,10620,0.0018648289,8.90712912082672,0.0003,-1.0119145452976226
-411.0,1053,24,5,6144,200.0,0.08515625,0.025097131729125977,0.3,2.4479146003723145,-0.01315022837370634,10630,0.04809834,4.239272037148476,0.0003,-0.9517729967832566
-410.3125,1053,25,6,6400,200.0,0.0,-0.006313681602478027,0.3,21.515522003173828,-0.0013841085368767382,10640,0.0036223435,40.77050852775574,0.0003,-0.843156972527504
-410.0,1053,26,6,6656,200.0,0.0,2.384185791015625e-07,0.3,3.100069761276245,-0.00022779437713325024,10650,0.00032201014,9.644580388069153,0.0003,-0.8483304053544998
-409.70588235294116,1054,27,6,6912,200.0,0.0,0.04989922046661377,0.3,2.3999576568603516,-0.0004944908665493131,10660,0.0012161261,4.2027065575122835,0.0003,-0.8560876667499542
-409.42857142857144,1056,28,6,7168,200.0,0.0,0.09155195951461792,0.3,1.8678654432296753,-0.0010024872608482838,10670,0.002388263,4.025106671452522,0.0003,-0.8558737069368363
-410.27027027027026,1055,29,7,7424,200.0,0.001953125,-0.0016798973083496094,0.3,1.2640300989151,-0.0006539324996992946,10680,0.008533903,4.448405733704567,0.0003,-0.9461934924125671
-410.0,1055,30,7,7680,200.0,0.0,-0.003712177276611328,0.3,21.985177993774414,-0.0002362079918384552,10690,0.0040528188,25.732583808898926,0.0003,-0.961960968375206
-411.02564102564105,1055,31,7,7936,200.0,0.113671875,0.002184271812438965,0.3,2.815505027770996,-0.0183737964136526,10700,0.061891884,4.348892253637314,0.0003,-0.9080678820610046
-410.75,1053,32,7,8192,200.0,0.0,-0.002244710922241211,0.3,30.493844985961914,0.003134879004210234,10710,0.0067002242,40.24583196640015,0.0003,-0.6867410123348237
-410.23809523809524,1053,33,8,8448,200.0,0.003125,0.00046062469482421875,0.3,0.9481164813041687,-0.0013522185385227204,10720,0.0043756706,4.439552998542785,0.0003,-0.6874299645423889
-410.0,1052,34,8,8704,200.0,0.001953125,0.00023758411407470703,0.3,4.2654547691345215,-0.002078330027870834,10730,0.003725942,8.304966974258424,0.0003,-0.7705961555242539
-409.77272727272725,1054,35,8,8960,200.0,0.03046875,2.8073787689208984e-05,0.3,0.8478962182998657,-0.003385133994743228,10740,0.010025304,4.3518163621425625,0.0003,-0.8934730470180512
-409.3478260869565,1054,36,8,9216,200.0,0.040625,-1.1920928955078125e-07,0.3,2.729475975036621,-0.008411633945070208,10750,0.022060625,4.333994138240814,0.0003,-0.918569141626358
-409.1489361702128,1054,37,8,9472,200.0,0.028125,-0.0011786222457885742,0.3,2.7141847610473633,-0.004389312618877738,10760,0.0132390475,8.375277280807495,0.0003,-0.9290161788463592
-408.9583333333333,1055,38,9,9728,200.0,0.105078125,0.0004909634590148926,0.3,2.4234728813171387,-0.008493671845644712,10770,0.023010964,4.338418400287628,0.0003,-1.1075827062129975
-409.59183673469386,1054,39,9,9984,200.0,0.002734375,-1.2755393981933594e-05,0.3,6.478668689727783,-0.00334127526730299,10780,0.0013875794,18.365165138244627,0.0003,-1.1366385877132417
-411.1764705882353,1053,40,9,10240,200.0,0.0,0.0007718205451965332,0.3,55.477378845214844,0.00021705313120037317,10790,0.00022603315,77.73680973052979,0.0003,-1.153694224357605
-400.0,1393,1,0,256,200.0,0.00234375,0.0026865005493164062,0.3,8.288146018981934,-0.007279335614293813,10800,0.0044142627,15.041081857681274,0.0003,-1.1369409918785096
-400.0,1196,2,0,512,200.0,0.029296875,0.04428070783615112,0.3,1.6597286462783813,-0.012139974837191403,10810,0.017286666,4.093646252155304,0.0003,-1.3210590839385987
-416.6666666666667,1147,3,0,768,200.0,0.017578125,0.03631150722503662,0.3,24.530067443847656,-0.011756200366653502,10820,0.01097006,40.74141387939453,0.0003,-1.2085800290107727
-410.0,1122,4,0,1024,200.0,0.00703125,0.12371790409088135,0.3,0.6766231060028076,-0.005509287933818996,10830,0.009064492,4.1303460657596585,0.0003,-1.1843581736087798
-408.3333333333333,1111,5,1,1280,200.0,0.003125,-0.003728508949279785,0.3,4.939295291900635,-0.005190800316631794,10840,0.00701807,8.912330675125123,0.0003,-1.1501459777355194
-407.14285714285717,1101,6,1,1536,200.0,0.0015625,0.028862476348876953,0.3,1.8901944160461426,-0.000705627491697669,10850,0.0037258447,4.307925486564637,0.0003,-1.125311803817749
-406.25,1082,7,1,1792,200.0,0.132421875,-0.06723904609680176,0.3,3.277878761291504,-0.015092134580481798,10860,0.015278896,4.601994457840919,0.0003,-1.1348720788955688
-405.0,1081,8,1,2048,200.0,0.02109375,0.00690770149230957,0.3,0.6849018335342407,-0.003231042250990868,10870,0.005543474,4.3163941442966465,0.0003,-1.1436562538146973
-404.54545454545456,1081,9,2,2304,200.0,0.0046875,0.050824642181396484,0.3,2.8571889400482178,-0.002938585029914975,10880,0.006288912,8.165185546875,0.0003,-1.1750774383544922
-404.1666666666667,1075,10,2,2560,200.0,0.006640625,-0.010730981826782227,0.3,2.0819454193115234,-0.006973797408863902,10890,0.009760857,4.377594041824341,0.0003,-1.1975612461566925
-402.85714285714283,1071,11,2,2816,200.0,0.0203125,-0.746854305267334,0.3,2.881866693496704,-0.002806678065098822,10900,0.010195337,6.886178886890411,0.0003,-1.0544495165348053
-402.6666666666667,1067,12,2,3072,200.0,0.04375,0.08746403455734253,0.3,2.917823314666748,-0.00870307736331597,10910,0.020809827,7.3616029739379885,0.0003,-1.1934855103492736
-402.5,1069,13,3,3328,200.0,0.06328125,0.004427850246429443,0.3,0.9594008922576904,-0.006891338597051799,10920,0.01720052,4.296635830402375,0.0003,-1.132393616437912
-402.3529411764706,1065,14,3,3584,200.0,0.012109375,-0.029649972915649414,0.3,1.6940958499908447,-0.005663424707017839,10930,0.006699611,4.452801737189293,0.0003,-1.0362046718597413
-402.10526315789474,1062,15,3,3840,200.0,0.041796875,0.01414334774017334,0.3,1.7873141765594482,-0.005306274467147887,10940,0.030802088,4.228777629137039,0.0003,-1.185050332546234
-402.0,1063,16,3,4096,200.0,0.013671875,0.0010783672332763672,0.3,4.5880818367004395,-0.004987116437405348,10950,0.006605743,8.865860199928283,0.0003,-1.247855120897293
-401.9047619047619,1061,17,4,4352,200.0,0.098828125,0.011074423789978027,0.3,2.7521352767944336,-0.007343534799292684,10960,0.040780246,4.329960656166077,0.0003,-1.1295290112495422
-401.7391304347826,1058,18,4,4608,200.0,0.041015625,0.043498456478118896,0.3,1.4805471897125244,-0.012242482649162412,10970,0.016731828,4.170710131525993,0.0003,-1.1094874620437623
-401.6666666666667,1061,19,4,4864,200.0,0.0,0.03327888250350952,0.3,3.4052352905273438,-0.0004493023036047816,10980,0.003579897,8.327146172523499,0.0003,-1.1408850789070129
-401.6,1058,20,4,5120,200.0,0.0015625,0.09830313920974731,0.3,1.374306321144104,-0.009046180197037757,10990,0.009339376,3.8890180587768555,0.0003,-1.1211777746677398
-401.53846153846155,1055,21,5,5376,200.0,0.0,0.017420053482055664,0.3,3.0070981979370117,0.0005845899926498532,11000,0.0009355291,4.292251753807068,0.0003,-1.0322691261768342
-401.42857142857144,1054,22,5,5632,200.0,0.002734375,0.05503565073013306,0.3,1.6922210454940796,-0.005341029609553516,11010,0.0096329,4.0342458367347716,0.0003,-1.0259547740221024
-401.37931034482756,1054,23,5,5888,200.0,0.084765625,0.05077171325683594,0.3,3.9807395935058594,-0.006690892996266485,11020,0.013689028,8.13581166267395,0.0003,-0.9410749077796936
-401.3333333333333,1054,24,5,6144,200.0,0.0359375,-0.035231709480285645,0.3,1.759202241897583,-0.012651465460658073,11030,0.015708525,4.392540776729584,0.0003,-0.9796324402093888
-401.25,1055,25,6,6400,200.0,0.00234375,0.022021353244781494,0.3,1.877419114112854,-0.006118935463018715,11040,0.0058603734,4.4250338733196255,0.0003,-0.9886949181556701
-401.2121212121212,1056,26,6,6656,200.0,0.041796875,0.02062535285949707,0.3,3.9957408905029297,-0.01414158574771136,11050,0.01293644,8.056751275062561,0.0003,-1.1351362824440003
-401.1764705882353,1058,27,6,6912,200.0,0.0625,3.5762786865234375e-06,0.3,3.769521713256836,-0.01622013347223401,11060,0.029531201,4.377929753065109,0.0003,-1.3106848835945129
-401.14285714285717,1056,28,6,7168,200.0,0.0,0.13111263513565063,0.3,2.1822681427001953,-0.005331894045230001,11070,0.009017712,3.594000980257988,0.0003,-1.3602378368377686
-402.43243243243245,1055,29,7,7424,200.0,0.01015625,0.20318210124969482,0.3,0.7513902187347412,-0.00831399681046605,11080,0.014452204,3.6919884204864504,0.0003,-1.4147548377513885
-402.36842105263156,1057,30,7,7680,200.0,0.078515625,0.00010085105895996094,0.3,21.524961471557617,-0.017169890739023686,11090,0.043832533,44.69838552474975,0.0003,-1.3609114110469818
-403.5897435897436,1056,31,7,7936,200.0,0.016796875,0.0015221238136291504,0.3,2.754072904586792,-0.02297874274663627,11100,0.010904136,4.750333917140961,0.0003,-1.4474578022956848
-403.5,1055,32,7,8192,200.0,0.094921875,9.924173355102539e-05,0.3,8.152033805847168,-0.009588283067569137,11110,0.025115242,34.73645305633545,0.0003,-1.4789214134216309
-405.7142857142857,1056,33,7,8448,200.0,0.0,-0.02158534526824951,0.3,8.075113296508789,-0.003072604478802532,11120,0.0030521958,40.69292430877685,0.0003,-1.4996747255325318
-405.5813953488372,1054,34,8,8704,200.0,0.033984375,0.010333061218261719,0.3,28.2716007232666,-0.007469235500320792,11130,0.015876684,44.81943225860596,0.0003,-1.528367680311203
-405.45454545454544,1054,35,8,8960,200.0,0.0,-0.008323192596435547,0.3,1.9797083139419556,-0.003404644154943526,11140,0.0011765773,5.179261314868927,0.0003,-1.451203578710556
-405.2173913043478,1053,36,8,9216,200.0,0.028125,0.001803278923034668,0.3,1.5575799942016602,-0.007188643980771303,11150,0.016121855,4.713575160503387,0.0003,-1.5388906955718995
-405.1063829787234,1053,37,8,9472,200.0,0.034375,0.00023281574249267578,0.3,3.5908362865448,-0.007658088905736804,11160,0.011954484,8.796466970443726,0.0003,-1.5956925094127654
-405.0,1054,38,9,9728,200.0,0.0984375,0.0030742287635803223,0.3,2.980257272720337,-0.019338438753038645,11170,0.04940317,4.349790942668915,0.0003,-1.5470745742321015
-404.8979591836735,1054,39,9,9984,200.0,0.103515625,0.008091270923614502,0.3,2.099104881286621,-0.017847810080274938,11180,0.026170447,4.100290614366531,0.0003,-1.4048959851264953
-404.70588235294116,1053,40,9,10240,200.0,0.09609375,-0.015575170516967773,0.3,2.3651974201202393,-0.00996864119078964,11190,0.02037569,4.384200990200043,0.0003,-1.3991219460964204
-400.0,1360,1,0,256,200.0,0.083984375,0.04484206438064575,0.3,4.499476432800293,-0.007663312065415084,11200,0.027685585,8.022777938842774,0.0003,-1.3898246347904206
-425.0,1204,2,0,512,200.0,0.04609375,0.02426767349243164,0.3,3.510969638824463,-0.009070789068937301,10810,0.017802473,4.304998683929443,0.0003,-1.1333077788352965
-416.6666666666667,1149,3,0,768,200.0,0.0,0.0027034878730773926,0.3,23.28510856628418,-0.0021087178494781254,10820,0.0024188443,41.600733804702756,0.0003,-1.1201409101486206
-410.0,1120,4,0,1024,200.0,0.0,0.13779717683792114,0.3,1.9958702325820923,-0.004804514860734343,10830,0.004392282,4.054858866333961,0.0003,-1.0936567902565002
-408.3333333333333,1109,5,1,1280,200.0,0.0,0.009201347827911377,0.3,4.8269877433776855,0.005246547423303128,10840,0.0037446788,8.680800414085388,0.0003,-1.0860182821750641
-407.14285714285717,1103,6,1,1536,200.0,0.045703125,0.07227468490600586,0.3,2.477564573287964,-0.009255135338753462,10850,0.030840166,4.112579798698425,0.0003,-1.1617676138877868
-406.25,1092,7,1,1792,200.0,0.033984375,0.06106036901473999,0.3,1.7277406454086304,-0.004371732589788735,10860,0.013753034,4.134934788942337,0.0003,-1.1972430169582366
-405.0,1091,8,1,2048,200.0,0.025,0.06808733940124512,0.3,1.6311793327331543,-0.004422242427244783,10870,0.010357959,4.003546488285065,0.0003,-1.1863335430622102
-404.54545454545456,1080,9,2,2304,200.0,0.0,0.14251405000686646,0.3,2.7340986728668213,0.00048031434416770933,10880,0.0015275029,7.280779004096985,0.0003,-1.2146342992782593
-404.1666666666667,1077,10,2,2560,200.0,0.0203125,0.12802958488464355,0.3,1.3708723783493042,-0.006077431724406779,10890,0.021652611,3.894947129487991,0.0003,-1.2088303089141845
-403.57142857142856,1065,11,2,2816,200.0,0.0,0.0005521774291992188,0.3,1.6289997100830078,0.002361920103430748,10900,0.0013339396,4.307421386241913,0.0003,-1.1475578844547272
-403.3333333333333,1053,12,2,3072,200.0,0.0,0.07745957374572754,0.3,3.765921115875244,-0.010289898794144391,10910,0.018546056,7.526309657096863,0.0003,-1.1555976927280427
-403.125,1045,13,3,3328,200.0,0.0,0.3235403299331665,0.3,2.0136845111846924,-0.0016999573330394925,10920,0.012847377,3.1348889768123627,0.0003,-1.1083618342876433
-405.88235294117646,1040,14,3,3584,200.0,0.0,0.30503273010253906,0.3,1.305249810218811,-0.005428253463469446,10930,0.0122765675,2.9238888025283813,0.0003,-1.048089587688446
-405.2631578947368,1041,15,3,3840,200.0,0.0,-0.03411734104156494,0.3,12.39207935333252,0.002030712435953319,10940,0.0019793327,34.108913373947146,0.0003,-0.9621083617210389
-405.0,1040,16,3,4096,200.0,0.0,0.0005297064781188965,0.3,5.581355094909668,-0.0009598023258149624,10950,0.00046934956,9.421986830234527,0.0003,-0.9431854397058487
-404.76190476190476,1045,17,4,4352,200.0,0.0,0.0614854097366333,0.3,2.6174919605255127,-0.006822747876867652,10960,0.014524103,4.170719075202942,0.0003,-0.8827955812215805
-404.3478260869565,1044,18,4,4608,200.0,0.0,7.867813110351562e-06,0.3,1.1987546682357788,-0.005198282352648675,10970,0.012469255,4.512681046128273,0.0003,-0.7535777002573013
-404.1666666666667,1043,19,4,4864,200.0,0.0,8.982419967651367e-05,0.3,2.7482821941375732,0.0003608679864555597,10980,9.9225435e-05,8.57574827671051,0.0003,-0.6743503421545028
-404.0,1042,20,4,5120,200.0,0.0,0.00011783838272094727,0.3,2.155712842941284,-0.0015250352444127202,10990,0.0051941704,4.348808354139328,0.0003,-0.7085344672203064
-403.84615384615387,1042,21,5,5376,200.0,0.0,0.3955193758010864,0.3,1.6761459112167358,0.0003426633425988257,11000,0.0006365578,3.0493792235851287,0.0003,-0.747306102514267
-403.57142857142856,1046,22,5,5632,200.0,0.0,0.000279843807220459,0.3,2.652731418609619,2.3148488253355026e-05,11010,0.00017400668,4.4007179915905,0.0003,-0.7356395095586776
-403.44827586206895,1046,23,5,5888,200.0,0.0,-9.882450103759766e-05,0.3,5.30580997467041,-0.0013725692871958018,11020,0.0011100913,8.460265278816223,0.0003,-0.7317072451114655
-403.3333333333333,1048,24,5,6144,200.0,0.0,0.00028121471405029297,0.3,1.3511722087860107,-0.0004240762442350388,11030,0.00046669063,4.3426949858665465,0.0003,-0.6841572165489197
-403.125,1049,25,6,6400,200.0,0.0,-0.0002319812774658203,0.3,2.1282458305358887,-0.0009981971001252533,11040,0.0011797498,4.328110450506211,0.0003,-0.6784471929073334
-403.030303030303,1048,26,6,6656,200.0,0.0,0.009152591228485107,0.3,4.640065670013428,-0.002499191206879914,11050,0.002183349,8.128263890743256,0.0003,-0.6222717344760895
-402.94117647058823,1047,27,6,6912,200.0,0.005078125,-0.05972480773925781,0.3,2.230768918991089,-0.004122063855174929,11060,0.005883999,4.362877053022385,0.0003,-0.6086583197116852
-402.85714285714283,1047,28,6,7168,200.0,0.010546875,0.005906641483306885,0.3,1.9344176054000854,-0.0019636501790955664,11070,0.001824976,4.279868739843368,0.0003,-0.7006000339984894
-402.7027027027027,1045,29,7,7424,200.0,0.0,0.0001221299171447754,0.3,1.9092096090316772,-0.0010716894874349236,11080,0.0043705394,4.361092120409012,0.0003,-0.7117581218481064
-402.63157894736844,1045,30,7,7680,200.0,0.038671875,0.0012021064758300781,0.3,2.8671765327453613,-0.007212358154356479,11090,0.015824577,8.40695139169693,0.0003,-0.8009026050567627
-402.56410256410254,1046,31,7,7936,200.0,0.0,0.0005779862403869629,0.3,1.3988360166549683,-0.0017111784778535365,11100,0.004456985,4.34262490272522,0.0003,-0.8495233923196792
-402.5,1046,32,7,8192,200.0,0.013671875,0.00011074542999267578,0.3,3.032992124557495,-0.0051832081284373995,11110,0.021127453,4.329947763681412,0.0003,-0.7557249188423156
-402.3809523809524,1047,33,8,8448,200.0,0.0,0.0033396482467651367,0.3,2.1898679733276367,0.00011949650943279266,11120,0.00035190466,4.308815628290176,0.0003,-0.6585986196994782
-402.3255813953488,1048,34,8,8704,200.0,0.009765625,0.019867539405822754,0.3,5.095984935760498,-0.001997171575203538,11130,0.004700723,7.874633145332337,0.0003,-0.7163162678480148
-402.27272727272725,1048,35,8,8960,200.0,0.0,0.39318788051605225,0.3,1.357597827911377,0.0001372797996737063,11140,5.9432117e-05,2.73130741417408,0.0003,-0.749026608467102
-402.17391304347825,1047,36,8,9216,200.0,0.0,0.044443368911743164,0.3,2.770751714706421,-0.0040221450384706255,11150,0.005459546,4.360994982719421,0.0003,-0.7298139065504075
-402.1276595744681,1046,37,9,9472,200.0,0.0,0.23185312747955322,0.3,2.9092702865600586,-0.0010101288091391325,11160,0.0027989733,6.4328848123550415,0.0003,-0.6885039776563644
-402.0833333333333,1046,38,9,9728,200.0,0.0,0.046410202980041504,0.3,1.7918459177017212,-0.0023098985431715844,11170,0.0023456232,4.1635119915008545,0.0003,-0.7448024094104767
-402.0408163265306,1046,39,9,9984,200.0,0.01328125,0.023416340351104736,0.3,1.2473011016845703,-0.005672115692868828,11180,0.011298509,4.256511545181274,0.0003,-0.835035452246666
-401.96078431372547,1042,40,9,10240,200.0,0.026171875,0.05885589122772217,0.3,1.2662043571472168,-0.0004831219674088061,11190,0.009043795,4.13806369304657,0.0003,-0.9563067734241486
-400.0,1470,1,0,256,200.0,0.0,0.042025208473205566,0.3,3.5560214519500732,-0.0019419000600464642,11200,0.005277062,7.646049380302429,0.0003,-0.9609537720680237
-400.0,1210,2,0,512,200.0,0.013671875,0.21235477924346924,0.3,1.5204952955245972,-0.004859152552671731,11210,0.0048426166,2.940817666053772,0.0003,-1.4358373582363129
-413.3333333333333,1108,3,0,768,200.0,0.003125,0.18531066179275513,0.3,23.402368545532227,-0.00242438476998359,11220,0.0059449556,41.04242525100708,0.0003,-1.4514361321926117
-408.0,1085,4,0,1024,200.0,0.0203125,0.07879579067230225,0.3,2.4782917499542236,-0.00769795838277787,11230,0.013045771,5.331868350505829,0.0003,-1.4957598984241485
-406.6666666666667,1080,5,1,1280,200.0,0.0078125,0.41961389780044556,0.3,1.6239460706710815,-0.012897330336272717,11240,0.010333672,5.052674829959869,0.0003,-1.49073286652565
-405.7142857142857,1079,6,1,1536,200.0,0.034375,0.3982641100883484,0.3,1.0265004634857178,-0.015876968298107384,11250,0.008874044,3.0209536969661714,0.0003,-1.4274461627006532
-405.0,1058,7,1,1792,200.0,0.001171875,0.004426240921020508,0.3,1.7013287544250488,-0.0007590147200971842,11260,0.0048695765,4.526145100593567,0.0003,-1.4582018375396728
-404.0,1032,8,1,2048,200.0,0.05078125,-9.78708267211914e-05,0.3,2.1878857612609863,-0.012768261088058352,11270,0.036099523,4.407291650772095,0.0003,-1.3229096710681916
-403.6363636363636,1034,9,2,2304,200.0,0.033203125,0.006564021110534668,0.3,4.7658538818359375,-0.004897643998265267,11280,0.01035604,8.14608974456787,0.0003,-1.173863023519516
-403.3333333333333,1041,10,2,2560,200.0,0.02890625,0.04581618309020996,0.3,2.0637624263763428,-0.006337229406926781,11290,0.016216958,4.205882722139359,0.0003,-1.1950739681720735
-402.85714285714283,1038,11,2,2816,200.0,0.134765625,0.05676543712615967,0.3,2.890758752822876,-0.013402363285422325,11300,0.03757368,4.100254118442535,0.0003,-1.3163404881954193
-402.6666666666667,1041,12,2,3072,200.0,0.022265625,0.0028492212295532227,0.3,4.724215984344482,-0.008853594353422523,11310,0.0162213,8.35968599319458,0.0003,-1.3400480985641479
-402.5,1033,13,3,3328,200.0,0.096484375,0.0838479995727539,0.3,0.9922297596931458,-0.010222200560383499,11320,0.023599204,4.54935964345932,0.0003,-1.4505346834659576
-402.3529411764706,1025,14,3,3584,200.0,0.061328125,0.10554713010787964,0.3,2.6181368827819824,-0.015172973577864467,11330,0.02035657,4.028518736362457,0.0003,-1.5467096209526061
-410.0,1030,15,3,3840,200.0,0.0,-0.001300811767578125,0.3,13.218738555908203,-0.00420376609545201,11340,0.005908156,40.96756157875061,0.0003,-1.5260673940181733
-409.5,1030,16,3,4096,200.0,0.073046875,0.0006900429725646973,0.3,35.34427261352539,-0.0021861803252249956,11350,0.016786676,58.388433170318606,0.0003,-1.5421594023704528
-409.04761904761904,1029,17,4,4352,200.0,0.019921875,-6.16312026977539e-05,0.3,3.8323776721954346,-0.006335091451182962,11360,0.008365167,5.5401843070983885,0.0003,-1.5711840689182281
-410.4347826086956,1029,18,4,4608,200.0,0.048046875,-0.00018417835235595703,0.3,27.172271728515625,-0.02467749665956944,11370,0.02977986,40.58761367797852,0.0003,-1.570241641998291
-410.0,1029,19,4,4864,200.0,0.03671875,0.00024014711380004883,0.3,4.260519504547119,-0.003945611463859677,11380,0.012201738,10.555530643463134,0.0003,-1.5028446316719055
-409.6,1021,20,5,5120,200.0,0.0,-0.001415252685546875,0.3,2.9967591762542725,-0.002031236118637025,11390,0.000596541,4.916037380695343,0.0003,-1.4679490268230437
-409.2307692307692,1024,21,5,5376,200.0,0.05390625,0.27237576246261597,0.3,0.4617036283016205,-0.020558772631920873,11400,0.0341248,2.9151622116565705,0.0003,-1.4605977058410644
-410.35714285714283,1025,22,5,5632,200.0,0.0,0.012632489204406738,0.3,27.822444915771484,-8.169057546183466e-05,11410,0.0016962322,40.52458462715149,0.0003,-1.522829806804657
-410.0,1028,23,5,5888,200.0,0.0390625,-0.08985471725463867,0.3,3.0797393321990967,-0.013348585600033403,11420,0.018061392,8.50537612438202,0.0003,-1.500274932384491
-409.6666666666667,1027,24,5,6144,200.0,0.0,0.02151554822921753,0.3,2.621701717376709,-0.004185469774529338,11430,0.0060479236,4.4327665030956265,0.0003,-1.432955515384674
-413.75,1030,25,6,6400,200.0,0.0,0.0006570219993591309,0.3,21.51704978942871,-0.0030595736345276235,11440,0.0015680806,41.13302183151245,0.0003,-1.3277575492858886
-413.3333333333333,1032,26,6,6656,200.0,0.0,-5.626678466796875e-05,0.3,23.747100830078125,-0.006318222952540964,11450,0.003761881,79.96884479522706,0.0003,-1.2945351004600525
-412.94117647058823,1032,27,6,6912,200.0,0.0,-0.0006920099258422852,0.3,3.8607749938964844,0.001664407877251506,11460,0.0038769948,5.9642959356307985,0.0003,-1.3706370770931244
-412.57142857142856,1032,28,6,7168,200.0,0.046875,0.27516472339630127,0.3,2.103086471557617,-0.01856663600774482,11470,0.021738648,3.8189542472362517,0.0003,-1.4118353962898254
-411.8918918918919,1033,29,7,7424,200.0,0.003515625,-0.18420732021331787,0.3,3.8995819091796875,-0.009263364830985665,11480,0.01438977,5.019850817322731,0.0003,-1.4959842443466187
-411.57894736842104,1031,30,7,7680,200.0,0.0,0.01372671127319336,0.3,2.663384199142456,-0.001408049138262868,11490,0.0031323612,8.823100662231445,0.0003,-1.5112240493297577
-411.28205128205127,1025,31,7,7936,200.0,0.185546875,0.07291793823242188,0.3,3.123690128326416,-0.020078601269051432,11500,0.05782081,4.1860529482364655,0.0003,-1.5067898094654084
-411.0,1026,32,7,8192,200.0,0.125,-0.06515920162200928,0.3,2.3958024978637695,-0.015327341295778752,11510,0.046860725,4.50523955821991,0.0003,-1.5289221286773682
-410.4761904761905,1020,33,8,8448,200.0,0.178515625,0.013760030269622803,0.3,1.481750726699829,-0.019656991027295588,11520,0.0458792,4.27539387345314,0.0003,-1.450752282142639
-410.2325581395349,1020,34,8,8704,200.0,0.14140625,0.03475058078765869,0.3,2.1305222511291504,-0.014025066001340746,11530,0.04115709,7.8501557350158695,0.0003,-1.646891862154007
-410.0,1020,35,8,8960,200.0,0.024609375,0.034515202045440674,0.3,2.6657609939575195,-0.010639096843078732,11540,0.014493862,4.180328142642975,0.0003,-1.5451237857341766
-410.6521739130435,1018,36,9,9216,200.0,0.0390625,0.03053194284439087,0.3,2.520674228668213,-0.014311711979098618,11550,0.061450243,4.3510236740112305,0.0003,-1.551082843542099
-410.4255319148936,1020,37,9,9472,200.0,0.11953125,0.005351006984710693,0.3,18.746118545532227,-0.0186993905575946,11560,0.0385354,33.626796340942384,0.0003,-1.5696259021759034
-410.2083333333333,1020,38,9,9728,200.0,0.026953125,0.012757420539855957,0.3,3.3447821140289307,-0.005283057759515941,11570,0.016229283,4.344879937171936,0.0003,-1.4761682212352754
-410.0,1020,39,9,9984,200.0,0.034765625,0.04446256160736084,0.3,3.2094056606292725,-0.012541536334902048,11580,0.01890097,4.212020093202591,0.0003,-1.5225058317184448
-409.6078431372549,1022,40,10,10240,200.0,0.014453125,-0.004572868347167969,0.3,1.671783208847046,-0.009136171638965606,11590,0.010185408,4.263191646337509,0.0003,-1.383885008096695
-400.0,1407,1,0,256,200.0,0.02265625,0.0596734881401062,0.3,5.1711297035217285,-0.010488950391300022,11600,0.019361207,8.024644875526429,0.0003,-1.408213919401169
-400.0,1226,2,0,512,200.0,0.0,0.04846388101577759,0.3,1.3452702760696411,-0.00013026492670178413,11210,0.0013276604,4.139898788928986,0.0003,-0.8815711796283722
-400.0,1169,3,0,768,200.0,0.0234375,0.021001100540161133,0.3,0.44400060176849365,-0.007994318148121238,11220,0.023778062,4.241271486878395,0.0003,-0.7999735474586487
-412.0,1116,4,0,1024,200.0,0.026171875,-0.006952643394470215,0.3,0.5618345737457275,-0.004530825861729681,11230,0.015789509,4.295817792415619,0.0003,-0.7116945028305054
-413.3333333333333,1108,5,1,1280,200.0,0.0046875,0.04002797603607178,0.3,19.877981185913086,-0.00042554599931463597,11240,0.005686869,51.88684768676758,0.0003,-0.8809344381093979
-411.42857142857144,1091,6,1,1536,200.0,0.002734375,-0.000586390495300293,0.3,1.9606016874313354,-0.005321068316698074,11250,0.0024691443,5.126817309856415,0.0003,-0.8842948466539383
-410.0,1084,7,1,1792,200.0,0.0,-0.017884254455566406,0.3,1.919102430343628,-0.0014749616850167513,11260,0.00071088923,4.660402071475983,0.0003,-0.8618209362030029
-408.0,1085,8,1,2048,200.0,0.001171875,0.0396425724029541,0.3,1.4425829648971558,-0.0006143916689325124,11270,0.0022333232,4.21851921081543,0.0003,-0.8840475171804428
-407.27272727272725,1084,9,2,2304,200.0,0.0,0.08353793621063232,0.3,4.484555244445801,-0.003075940068811178,11280,0.006385563,7.81057755947113,0.0003,-0.9604848831892013
-406.6666666666667,1085,10,2,2560,200.0,0.087890625,0.05878728628158569,0.3,3.4128189086914062,-0.010485176660586149,11290,0.027100798,4.128233963251114,0.0003,-1.0183058023452758
-410.0,1073,11,2,2816,200.0,0.0,0.1860651969909668,0.3,2.2380969524383545,-0.0033327030250802636,11300,0.006273845,3.776442474126816,0.0003,-0.9637098789215088
-412.6666666666667,1060,12,2,3072,200.0,0.000390625,0.10022914409637451,0.3,49.803646087646484,-0.0026362237986177206,11310,0.0011888461,60.52026357650757,0.0003,-0.9218678712844849
-411.875,1061,13,3,3328,200.0,0.0,0.02484804391860962,0.3,29.084196090698242,-0.0006358213489875197,11320,0.0008859108,40.11341485977173,0.0003,-0.9178082048892975
-411.1764705882353,1063,14,3,3584,200.0,0.0,0.01611846685409546,0.3,2.620047092437744,8.69077630341053e-06,11330,0.00019727089,4.47417185306549,0.0003,-0.935666972398758
-410.0,1065,15,3,3840,200.0,0.0,-0.14288556575775146,0.3,2.908198118209839,-0.0005997949047014117,11340,0.0005026229,4.810036087036133,0.0003,-0.9440147310495377
-409.5,1055,16,3,4096,200.0,0.0,0.0506443977355957,0.3,5.180288791656494,-0.0019538625259883703,11350,0.0023525965,7.729210138320923,0.0003,-0.9630382061004639
-409.04761904761904,1054,17,4,4352,200.0,0.02890625,0.10507184267044067,0.3,2.5179343223571777,-0.008144681109115481,11360,0.037079293,3.942691844701767,0.0003,-1.0121619373559951
-408.2608695652174,1056,18,4,4608,200.0,0.20546875,0.08599066734313965,0.3,1.7174943685531616,-0.013430103659629822,11370,0.051232584,4.023832446336746,0.0003,-0.9999473094940186
-407.9166666666667,1041,19,4,4864,200.0,0.0,0.07481551170349121,0.3,3.5198097229003906,-0.0017177347326651216,11380,0.005292943,7.713095545768738,0.0003,-0.9501018226146698
-407.6,1038,20,4,5120,200.0,0.0,0.07466506958007812,0.3,0.4348810911178589,-0.006554643483832478,11390,0.0126459915,4.165840724110604,0.0003,-0.9208018571138382
-407.3076923076923,1043,21,5,5376,200.0,0.0,0.05457615852355957,0.3,2.5609476566314697,-0.008515375223942101,11400,0.027983658,4.1547788918018345,0.0003,-0.9059953898191452
-406.7857142857143,1041,22,5,5632,200.0,0.000390625,-0.009687066078186035,0.3,2.7097327709198,0.0021615266101434826,11410,0.0015900796,4.260341101884842,0.0003,-0.7718147039413452
-406.55172413793105,1043,23,5,5888,200.0,0.0,0.037976205348968506,0.3,4.194039821624756,0.0013091762084513903,11420,0.011930139,8.052180218696595,0.0003,-0.8244946330785752
-406.3333333333333,1044,24,5,6144,200.0,0.0,0.018937289714813232,0.3,2.63472843170166,-0.007510506547987461,11430,0.019550938,4.293896114826202,0.0003,-0.854680934548378
-405.9375,1037,25,6,6400,200.0,0.248046875,0.02873319387435913,0.3,3.352940320968628,-0.010035248892381787,11440,0.0577796,4.228535670042038,0.0003,-0.8639883786439896
-405.75757575757575,1039,26,6,6656,200.0,0.0,-0.03886842727661133,0.3,3.810145616531372,0.0003914794186130166,11450,0.00014236895,8.336814022064209,0.0003,-0.8464887410402298
-405.5882352941176,1038,27,6,6912,200.0,0.0,0.01934528350830078,0.3,2.4177942276000977,-0.00172378730494529,11460,0.0040676678,4.23217208981514,0.0003,-0.8101944863796234
-405.42857142857144,1037,28,6,7168,200.0,0.0,0.021843314170837402,0.3,2.005398988723755,-0.0027546641184017064,11470,0.0053245695,4.169606783986092,0.0003,-0.7597620517015458
-405.13513513513516,1035,29,7,7424,200.0,0.0,0.06024426221847534,0.3,3.2319352626800537,-0.0006006812676787376,11480,0.0039586807,4.155588990449905,0.0003,-0.7289283484220505
-405.0,1034,30,7,7680,200.0,0.0,0.04066741466522217,0.3,3.269629955291748,-0.0013999462593346835,11490,0.003303434,7.9974751472473145,0.0003,-0.6686272323131561
-404.87179487179486,1036,31,7,7936,200.0,0.0,-0.007834672927856445,0.3,0.9250136613845825,-0.0006134016206488013,11500,0.00094048236,4.423928055167198,0.0003,-0.6234300613403321
-404.75,1038,32,7,8192,200.0,0.0,0.07906025648117065,0.3,1.9713393449783325,-0.001232570828869939,11510,0.0023255362,4.009143131971359,0.0003,-0.5814656376838684
-404.5238095238095,1036,33,8,8448,200.0,0.0,-0.08738791942596436,0.3,2.4646923542022705,-0.0010619965149089694,11520,0.0019965859,4.602471894025802,0.0003,-0.5170251071453095
-404.4186046511628,1037,34,8,8704,200.0,0.0,0.002671957015991211,0.3,5.309861183166504,9.911409579217434e-05,11530,0.00018414855,8.190714168548585,0.0003,-0.5100977480411529
-404.3181818181818,1038,35,8,8960,200.0,0.047265625,0.0023419857025146484,0.3,2.1894781589508057,-0.010601938352920115,11540,0.012844468,4.328065612912178,0.0003,-0.5823686778545379
-404.1304347826087,1040,36,8,9216,200.0,0.02734375,0.0039160847663879395,0.3,2.5920019149780273,-0.004570428212173283,11550,0.00804893,4.2998386204242705,0.0003,-0.699154993891716
-404.0425531914894,1041,37,9,9472,200.0,0.0,0.019921600818634033,0.3,2.6902236938476562,-0.000427818251773715,11560,0.0004323544,8.285245752334594,0.0003,-0.744204580783844
-403.9583333333333,1037,38,9,9728,200.0,0.0,0.08181595802307129,0.3,1.7300775051116943,-0.00025200576055794954,11570,0.00031478144,4.146021986007691,0.0003,-0.747023007273674
-403.8775510204082,1038,39,9,9984,200.0,0.0,0.1330641508102417,0.3,1.881718635559082,-0.002697360049933195,11580,0.0051616677,3.7011977940797807,0.0003,-0.7481864780187607
-403.72549019607845,1040,40,9,10240,200.0,0.008203125,0.017764151096343994,0.3,3.298274517059326,-0.004150841047521681,11590,0.010055711,4.324221807718277,0.0003,-0.805069100856781
-400.0,1268,1,0,256,200.0,0.0,0.16432881355285645,0.3,1.7529374361038208,-0.004906095657497644,11600,0.0068641207,6.695275318622589,0.0003,-0.8654675096273422
-400.0,1164,2,0,512,200.0,0.065625,0.07022809982299805,0.3,0.3308485746383667,-0.010435500694438816,11610,0.02852044,4.082316583395004,0.0003,-1.2998712182044982
-400.0,1148,3,0,768,200.0,0.04453125,0.029533982276916504,0.3,2.848461627960205,-0.01659243416506797,11620,0.019752612,4.196157371997833,0.0003,-1.1940141797065735
-400.0,1056,4,0,1024,200.0,0.10859375,0.0867455005645752,0.3,1.683376431465149,-0.009567016200162471,11630,0.03471568,4.066896742582321,0.0003,-1.310132521390915
-400.0,1050,5,1,1280,200.0,0.034765625,0.005465388298034668,0.3,3.5360562801361084,-0.005553038034122437,11640,0.010980165,8.600842499732972,0.0003,-1.3733037948608398
-400.0,1032,6,1,1536,200.0,0.0140625,0.07838320732116699,0.3,2.529093027114868,-0.0035224879160523415,11650,0.0067186225,4.073431611061096,0.0003,-1.3054188430309295
-400.0,1042,7,1,1792,200.0,0.0375,0.1051098108291626,0.3,2.6996612548828125,-0.007888376608025282,11660,0.014886407,3.9092602670192718,0.0003,-1.2937823235988617
-400.0,1040,8,1,2048,200.0,0.08203125,0.1779801845550537,0.3,0.5055933594703674,-0.016553565114736556,11670,0.045821242,3.6925972938537597,0.0003,-1.2715123116970062
-400.0,1045,9,2,2304,200.0,0.012109375,0.002920985221862793,0.3,3.8174962997436523,-0.010062921373173595,11680,0.008230679,8.542919850349426,0.0003,-1.3657938241958618
-400.0,1046,10,2,2560,200.0,0.020703125,0.09943193197250366,0.3,1.4655320644378662,-0.011606307025067509,11690,0.021114795,4.18378376364708,0.0003,-1.401029884815216
-400.0,1048,11,2,2816,200.0,0.160546875,-0.0004285573959350586,0.3,0.31051093339920044,-0.022306193690747024,11700,0.12071697,4.353020370006561,0.0003,-1.384737503528595
-400.0,1000,12,3,3072,200.0,0.112890625,0.03939104080200195,0.3,3.8614041805267334,-0.01992661696858704,11710,0.053828314,7.628357625007629,0.0003,-1.433672207593918
-400.0,1002,13,3,3328,200.0,0.01796875,0.05508160591125488,0.3,1.366201639175415,-0.006168802478350699,11720,0.008750785,4.135105311870575,0.0003,-1.5019247949123382
-400.0,999,14,3,3584,200.0,0.012109375,0.09406858682632446,0.3,1.9287571907043457,-0.0025938895996659994,11730,0.0047010463,4.011657032370567,0.0003,-1.414093416929245
-400.0,999,15,3,3840,200.0,0.03515625,0.18209928274154663,0.3,1.8572996854782104,-0.014739009784534574,11740,0.021832604,3.7471160650253297,0.0003,-1.4464446604251862
-400.0,1002,16,4,4096,200.0,0.03515625,0.007002413272857666,0.3,3.3963074684143066,-0.014663001662120223,11750,0.01987873,8.781365084648133,0.0003,-1.3984804034233094
-400.0,1004,17,4,4352,200.0,0.090625,-0.038948774337768555,0.3,1.3721657991409302,-0.013432801654562353,11760,0.032563344,4.47298792898655,0.0003,-1.332362961769104
-400.0,1000,18,4,4608,200.0,0.143359375,0.002196371555328369,0.3,1.025071144104004,-0.017185822362080216,11770,0.015863474,4.360352611541748,0.0003,-1.335852611064911
-400.0,999,19,4,4864,200.0,0.035546875,0.0038614273071289062,0.3,3.4382259845733643,-0.002383817103691399,11780,0.006664357,8.24761266708374,0.0003,-1.3700418770313263
-400.0,1000,20,5,5120,200.0,0.0,-0.03624367713928223,0.3,3.2401862144470215,-0.0018315014662221075,11790,0.0032286732,4.568333411216736,0.0003,-1.3797626197338104
-400.0,997,21,5,5376,200.0,0.03671875,0.09768211841583252,0.3,2.214648485183716,-0.018479557760292663,11800,0.016582457,4.149197685718536,0.0003,-1.479578924179077
-400.0,997,22,5,5632,200.0,0.015234375,0.029495716094970703,0.3,2.340222120285034,-0.0017969029955565929,11810,0.009843471,4.242706084251404,0.0003,-1.5370534658432007
-400.0,999,23,5,5888,200.0,0.01796875,-0.04852128028869629,0.3,3.1516709327697754,-0.006921157613396645,11820,0.01912125,8.111191964149475,0.0003,-1.496239697933197
-400.0,1000,24,6,6144,200.0,0.024609375,0.015383481979370117,0.3,3.596060037612915,-0.011521315155550837,11830,0.013435593,4.39744188785553,0.0003,-1.5960819005966187
-400.0,1001,25,6,6400,200.0,0.13125,0.05171406269073486,0.3,2.139812707901001,-0.01277982434257865,11840,0.03703452,4.118891116976738,0.0003,-1.716743290424347
-400.0,1001,26,6,6656,200.0,0.021875,0.05046737194061279,0.3,2.66786527633667,-0.007699361024424434,11850,0.01508756,7.687227272987366,0.0003,-1.6805630445480346
-400.0,1000,27,6,6912,200.0,0.06796875,0.0597764253616333,0.3,2.2313222885131836,-0.01548358341678977,11860,0.03003909,4.136517417430878,0.0003,-1.6520195186138154
-400.0,1000,28,7,7168,200.0,0.046875,0.004604339599609375,0.3,2.468902826309204,-0.011415087152272463,11870,0.028359715,4.315055775642395,0.0003,-1.6294411778450013
-400.0,999,29,7,7424,200.0,0.010546875,0.03776043653488159,0.3,2.327298641204834,-0.00790211281273514,11880,0.011698702,4.231254996359349,0.0003,-1.6322526931762695
-400.0,1001,30,7,7680,200.0,0.011328125,0.1028282642364502,0.3,4.141838073730469,-0.012004571733996272,11890,0.012834283,7.78368661403656,0.0003,-1.6529343187808991
-400.0,1000,31,7,7936,200.0,0.041015625,0.036534786224365234,0.3,2.690687417984009,-0.014179376559332013,11900,0.021366756,4.23138228058815,0.0003,-1.6145488739013671
-400.0,1000,32,8,8192,200.0,0.021484375,-0.23564040660858154,0.3,1.9143626689910889,-0.009540537046268583,11910,0.017431747,4.89023665189743,0.0003,-1.7078103601932526
-400.0,1001,33,8,8448,200.0,0.021484375,0.17466533184051514,0.3,1.4308897256851196,-0.01132798104081303,11920,0.019054785,3.7413281321525576,0.0003,-1.6792321622371673
-400.0,1003,34,8,8704,200.0,0.07578125,0.01237577199935913,0.3,3.8928685188293457,-0.014826081483624876,11930,0.028785836,8.122920036315918,0.0003,-1.6749152183532714
-400.0,1005,35,8,8960,200.0,0.155078125,0.022877871990203857,0.3,2.4861695766448975,-0.020259358105249703,11940,0.05268105,4.271421355009079,0.0003,-1.4252481520175935
-400.0,1006,36,9,9216,200.0,0.013671875,0.04830867052078247,0.3,3.2055869102478027,-0.007088356907479465,11950,0.01860125,4.202052932977677,0.0003,-1.308312976360321
-400.0,1005,37,9,9472,200.0,0.050390625,0.016709566116333008,0.3,6.100096702575684,-0.005428609484806657,11960,0.020635229,8.171083998680114,0.0003,-1.347804492712021
-400.0,1007,38,9,9728,200.0,0.0390625,0.012558043003082275,0.3,0.567627489566803,-0.011680789664387703,11970,0.018751524,4.286635601520539,0.0003,-1.4762942790985107
-400.0,1009,39,9,9984,200.0,0.021875,0.007495760917663574,0.3,0.9711050987243652,-0.0035634358413517476,11980,0.008446289,4.284300243854522,0.0003,-1.5157478094100951
-400.0,1009,40,10,10240,200.0,0.002734375,-0.00996387004852295,0.3,2.9449634552001953,-0.00453453694935888,11990,0.0063425736,4.366878473758698,0.0003,-1.4281613886356355
-400.0,1320,1,0,256,200.0,0.01875,0.02741718292236328,0.3,4.114819526672363,-0.00475492721889168,12000,0.009488488,8.235084795951844,0.0003,-1.572007566690445
-400.0,1204,2,0,512,200.0,0.0,0.016236186027526855,0.3,2.2281525135040283,-0.006343037588521838,11610,0.018997421,4.330446487665176,0.0003,-0.8971030920743942
-400.0,1147,3,0,768,200.0,0.0,0.29721158742904663,0.3,1.010588526725769,0.003406060067936778,11620,0.0008772502,2.737477445602417,0.0003,-0.8901761770248413
-400.0,1092,4,0,1024,200.0,0.0,0.07624959945678711,0.3,0.8738451600074768,-0.0017257098574191333,11630,0.0038133396,4.070761567354202,0.0003,-0.8767658174037933
-400.0,1090,5,1,1280,200.0,0.0,0.04852229356765747,0.3,4.902855396270752,-0.0025425163796171544,11640,0.002927691,7.80963659286499,0.0003,-0.8559106349945068
-400.0,1087,6,1,1536,200.0,0.0,-0.3834117650985718,0.3,3.683011770248413,-0.002279976475983858,11650,0.005163524,5.378672105073929,0.0003,-0.8555908411741256
-400.0,1090,7,1,1792,200.0,0.0,0.05163651704788208,0.3,2.7865123748779297,-0.00195326441898942,11660,0.0046578227,4.334747421741485,0.0003,-0.8496133804321289
-400.0,1091,8,1,2048,200.0,0.0,0.007460236549377441,0.3,2.6010210514068604,-0.005677517061121762,11670,0.025938936,4.251033276319504,0.0003,-0.8050210058689118
-400.0,1070,9,2,2304,200.0,0.000390625,-0.07108867168426514,0.3,4.92021369934082,0.0009999109897762537,11680,0.0015662743,7.909131479263306,0.0003,-0.7311923295259476
-400.0,1062,10,2,2560,200.0,0.012109375,0.0833844542503357,0.3,0.9830874800682068,-0.008668230939656496,11690,0.015279619,3.8121160328388215,0.0003,-0.7543104618787766
-400.0,1058,11,2,2816,200.0,0.0,0.004288852214813232,0.3,2.2253048419952393,0.00036442993441596625,11700,0.0003011627,4.344387477636337,0.0003,-0.7964431941509247
-400.0,998,12,3,3072,200.0,0.0,0.01021641492843628,0.3,2.051307439804077,-0.0007669522892683744,11710,0.0037914747,8.205290520191193,0.0003,-0.7909882336854934
-400.0,1002,13,3,3328,200.0,0.0,0.04110938310623169,0.3,1.6849242448806763,-0.004219125770032406,11720,0.017046543,4.195763438940048,0.0003,-0.7989816009998322
-400.0,1006,14,3,3584,200.0,0.048046875,0.02466726303100586,0.3,2.0686557292938232,-0.0035774942953139544,11730,0.028357832,4.245702183246612,0.0003,-0.6972203433513642
-400.0,1007,15,3,3840,200.0,0.0,0.00883495807647705,0.3,1.358108639717102,-0.00012457396369427442,11740,0.000113902846,4.291424262523651,0.0003,-0.6431147515773773
-400.0,1012,16,4,4096,200.0,0.0,0.06312203407287598,0.3,4.798978805541992,-0.005381482653319836,11750,0.007184485,7.982367897033692,0.0003,-0.6033579260110855
-400.0,1013,17,4,4352,200.0,0.0,0.08966141939163208,0.3,1.5663962364196777,-0.0015271693002432585,11760,0.0071191164,3.989618796110153,0.0003,-0.4978062868118286
-400.0,1013,18,4,4608,200.0,0.0,-0.012978196144104004,0.3,1.948227047920227,-0.00045916771050542594,11770,0.00017464929,4.374624359607696,0.0003,-0.4568162798881531
-400.0,1013,19,4,4864,200.0,0.0,0.023872971534729004,0.3,5.251430511474609,-0.0003375622909516096,11780,0.00015899073,8.033375597000122,0.0003,-0.4447223678231239
-400.0,1014,20,5,5120,200.0,0.0,0.00582808256149292,0.3,2.103600025177002,-0.0017574842786416411,11790,0.0037900533,4.294102644920349,0.0003,-0.4751071184873581
-400.0,1014,21,5,5376,200.0,0.0,0.1325741410255432,0.3,1.464619755744934,-0.0022960375528782604,11800,0.005075517,3.854655796289444,0.0003,-0.5438717246055603
-400.35714285714283,1015,22,5,5632,200.0,0.0,0.07246530055999756,0.3,3.031698703765869,-0.001342067983932793,11810,0.0019759284,4.250048559904099,0.0003,-0.5736905425786972
-400.3448275862069,1016,23,5,5888,200.0,0.002734375,0.0014431476593017578,0.3,8.606143951416016,-0.0036761020543053745,11820,0.003850454,14.970744323730468,0.0003,-0.49718435704708097
-400.3333333333333,1017,24,6,6144,200.0,0.0,-0.025330543518066406,0.3,2.346167802810669,-0.0016830756794661283,11830,0.0012344786,4.64532961845398,0.0003,-0.4697077751159668
-400.3125,1020,25,6,6400,200.0,0.0,-0.03775954246520996,0.3,2.4845011234283447,-4.537301138043404e-05,11840,0.0006809593,4.400111925601959,0.0003,-0.4124543577432632
-400.3030303030303,1019,26,6,6656,200.0,0.0046875,0.023567914962768555,0.3,1.341693639755249,-0.003437779354862869,11850,0.004370346,8.135442388057708,0.0003,-0.44221647679805753
-400.29411764705884,1017,27,6,6912,200.0,0.0,0.09908199310302734,0.3,1.6559501886367798,0.0005051966989412903,11860,0.0013395704,3.911459368467331,0.0003,-0.519674901664257
-400.2857142857143,1017,28,7,7168,200.0,0.0,0.05858337879180908,0.3,1.024241328239441,-0.0018113058991730212,11870,0.0015753505,4.035632288455963,0.0003,-0.520967212319374
-400.27027027027026,1019,29,7,7424,200.0,0.0,-0.051636695861816406,0.3,0.35278865694999695,-0.0018113848054781556,11880,0.0015257383,4.443841844797134,0.0003,-0.4704598382115364
-400.2631578947368,1019,30,7,7680,200.0,0.0,0.052349984645843506,0.3,4.105774879455566,-0.0006613815203309059,11890,0.0009697741,7.699614739418029,0.0003,-0.4339259251952171
-400.2564102564103,1019,31,7,7936,200.0,0.0,-0.009075284004211426,0.3,1.6703153848648071,-0.0016849186969920993,11900,0.0020659764,4.3421688914299015,0.0003,-0.4277470648288727
-400.25,1018,32,8,8192,200.0,0.0,0.015059888362884521,0.3,3.0528862476348877,-0.00011215610429644584,11910,0.0011712387,4.264597874879837,0.0003,-0.46431380659341814
-400.23809523809524,1019,33,8,8448,200.0,0.03984375,0.0665435791015625,0.3,3.4784152507781982,-0.006005298928357661,11920,0.012214815,4.110390615463257,0.0003,-0.4760545834898949
-400.2325581395349,1020,34,8,8704,200.0,0.0,0.11974239349365234,0.3,3.5749995708465576,0.0007906711660325527,11930,2.024928e-06,7.208874344825745,0.0003,-0.5427344977855683
-400.22727272727275,1022,35,8,8960,200.0,0.0,0.0637509822845459,0.3,2.19698166847229,-2.22956296056509e-06,11940,0.00030983984,4.105507606267929,0.0003,-0.5353414952754975
-400.2173913043478,1018,36,9,9216,200.0,0.001171875,-0.007979750633239746,0.3,2.563004732131958,-0.0011827139183878898,11950,0.0010070289,4.363282382488251,0.0003,-0.5575020164251328
-400.21276595744683,1019,37,9,9472,200.0,0.0,0.04558521509170532,0.3,4.409499168395996,0.0014126448426395656,11960,9.758235e-05,8.43468279838562,0.0003,-0.5257941782474518
-400.2083333333333,1020,38,9,9728,200.0,0.035546875,0.0061345696449279785,0.3,2.1352298259735107,-0.001879578921943903,11970,0.015262458,4.317072016000748,0.0003,-0.5827416747808456
-400.2040816326531,1022,39,9,9984,200.0,0.0,0.035440266132354736,0.3,2.408048629760742,-0.0017348569119349122,11980,0.0038679834,4.216562640666962,0.0003,-0.6191777586936951
-400.19607843137254,1022,40,10,10240,200.0,0.002734375,0.08659422397613525,0.3,2.2101569175720215,-0.0014627750962972641,11990,0.0051057953,3.8804294228553773,0.0003,-0.5390135794878006
-400.0,1415,1,0,256,200.0,0.0,-0.13851511478424072,0.3,3.0762195587158203,-1.9071390852332115e-05,12000,9.345822e-07,8.27313565015793,0.0003,-0.5255315482616425
-400.0,1184,2,0,512,200.0,0.057421875,0.06078249216079712,0.3,2.120681047439575,-0.01010379772633314,12010,0.020721875,4.139880609512329,0.0003,-1.5466963708400727
-400.0,1149,3,0,768,200.0,0.002734375,0.031298816204071045,0.3,2.265540599822998,-0.0056614010129123924,12020,0.0122752,4.228199857473373,0.0003,-1.4230296969413758
-410.0,1136,4,0,1024,200.0,0.0125,0.0065193772315979,0.3,17.0230655670166,-0.0028167446493171156,12030,0.008538054,33.317399978637695,0.0003,-1.4183058261871337
-408.3333333333333,1111,5,1,1280,200.0,0.0,0.04673182964324951,0.3,4.5578131675720215,-0.001173780974932015,12040,0.0017247456,8.494423949718476,0.0003,-1.4235149323940277
-407.14285714285717,1105,6,1,1536,200.0,0.038671875,0.09595978260040283,0.3,2.4245522022247314,-0.008111309935338795,12050,0.0140454285,4.089200323820114,0.0003,-1.4758357524871826
-406.25,1100,7,1,1792,200.0,0.03671875,0.030208826065063477,0.3,1.277686357498169,-0.013097597751766443,12060,0.021071374,4.242382478713989,0.0003,-1.4732546985149384
-405.0,1091,8,1,2048,200.0,0.01015625,0.05454200506210327,0.3,1.3009265661239624,-0.003391353180631995,12070,0.012701273,4.195585364103318,0.0003,-1.5372809410095214
-404.54545454545456,1087,9,2,2304,200.0,0.11015625,0.03619629144668579,0.3,2.8620548248291016,-0.019217774970456958,12080,0.04376594,7.885890638828277,0.0003,-1.5955959498882293
-404.1666666666667,1079,10,2,2560,200.0,0.01953125,0.10947579145431519,0.3,2.215123414993286,-0.005831781029701233,12090,0.011121298,3.897632110118866,0.0003,-1.5588568568229675
-403.57142857142856,1070,11,2,2816,200.0,0.01328125,0.037772297859191895,0.3,3.380289316177368,-0.0011423192685469986,12100,0.009508025,4.432644426822662,0.0003,-1.436174702644348
-403.3333333333333,1070,12,2,3072,200.0,0.0359375,0.09695494174957275,0.3,4.458202362060547,-0.005425101774744689,12110,0.017088214,7.817922639846802,0.0003,-1.3557399749755858
-403.125,1069,13,3,3328,200.0,0.036328125,0.042929649353027344,0.3,1.239540934562683,-0.010315931518562138,12120,0.0109759765,4.214580410718918,0.0003,-1.4477173149585725
-402.94117647058823,1070,14,3,3584,200.0,0.156640625,0.0032321810722351074,0.3,2.6468944549560547,-0.019332941621541977,12130,0.033840176,4.324637061357498,0.0003,-1.5136406481266023
-402.63157894736844,1070,15,3,3840,200.0,0.137890625,-0.009241580963134766,0.3,2.3107995986938477,-0.012791947275400162,12140,0.03347419,4.34635004401207,0.0003,-1.5355993986129761
-402.5,1069,16,3,4096,200.0,0.006640625,0.0023140311241149902,0.3,5.783906936645508,-0.00313482154160738,12150,0.014211967,8.321259081363678,0.0003,-1.5090026259422302
-402.3809523809524,1066,17,4,4352,200.0,0.015234375,0.17779844999313354,0.3,2.2981374263763428,-0.0014670837437734008,12160,0.00808708,3.7175307154655455,0.0003,-1.2652613282203675
-402.17391304347825,1065,18,4,4608,200.0,0.1046875,0.0354117751121521,0.3,2.9491055011749268,-0.01509676561690867,12170,0.021688443,4.2513283610343935,0.0003,-1.4868811905384063
-402.0833333333333,1062,19,4,4864,200.0,0.159765625,0.06879019737243652,0.3,4.503704071044922,-0.013171559199690819,12180,0.022440111,7.6981573581695555,0.0003,-1.466680610179901
-402.0,1062,20,4,5120,200.0,0.030859375,-0.001368403434753418,0.3,2.0917601585388184,-0.016954390332102776,12190,0.018978247,4.3058776497840885,0.0003,-1.4777639567852021
-401.9230769230769,1062,21,5,5376,200.0,0.109765625,0.0007433295249938965,0.3,3.8926093578338623,-0.014823636692017316,12200,0.019386124,4.3313153147697445,0.0003,-1.286237609386444
-401.7857142857143,1062,22,5,5632,200.0,0.074609375,0.0006737709045410156,0.3,2.5793464183807373,-0.005729346023872495,12210,0.008043729,4.348176413774491,0.0003,-1.3650413572788238
-401.7241379310345,1062,23,5,5888,200.0,0.08359375,0.00492095947265625,0.3,5.491894245147705,-0.011104772752150893,12220,0.043232024,8.37711341381073,0.0003,-1.2462246000766755
-401.6666666666667,1062,24,5,6144,200.0,0.130859375,0.001835167407989502,0.3,1.191369891166687,-0.01058826707303524,12230,0.023601722,4.334842699766159,0.0003,-1.2833572328090668
-401.5625,1061,25,6,6400,200.0,0.016796875,0.006612300872802734,0.3,0.7688165903091431,-0.00457156179472804,12240,0.0073235026,4.303243124485016,0.0003,-1.2505793511867522
-401.5151515151515,1060,26,6,6656,200.0,0.003125,0.002302229404449463,0.3,6.615078926086426,-0.004870181577280164,12250,0.00742942,8.329290103912353,0.0003,-1.122577780485153
-401.47058823529414,1060,27,6,6912,200.0,0.012890625,0.0006723999977111816,0.3,2.9300575256347656,-0.010535934916697442,12260,0.0059826775,4.352370977401733,0.0003,-1.1107007265090942
-401.42857142857144,1059,28,6,7168,200.0,0.17734375,0.0033466219902038574,0.3,2.835458993911743,-0.01282610553316772,12270,0.06447294,4.306786340475083,0.0003,-1.284888905286789
-401.35135135135135,1059,29,7,7424,200.0,0.073828125,-0.004144549369812012,0.3,3.5702157020568848,-0.012269574124366045,12280,0.017671706,4.349051743745804,0.0003,-1.2034147918224334
-401.3157894736842,1060,30,7,7680,200.0,0.005859375,0.023650407791137695,0.3,4.555123329162598,-0.007588085252791643,12290,0.007926392,7.887576925754547,0.0003,-1.223696756362915
-401.28205128205127,1056,31,7,7936,200.0,0.043359375,0.00386655330657959,0.3,2.1538987159729004,-0.012647647573612631,12300,0.019089013,4.308831459283828,0.0003,-1.1660569310188293
-401.25,1055,32,7,8192,200.0,0.04296875,0.0005219578742980957,0.3,1.7382022142410278,-0.009029134409502149,12310,0.013583571,4.329857271909714,0.0003,-1.1679525554180146
-401.1904761904762,1055,33,8,8448,200.0,0.0671875,-0.00373685359954834,0.3,1.0736310482025146,-0.009112245822325348,12320,0.03137551,4.357543706893921,0.0003,-1.1840326130390166
-401.16279069767444,1055,34,8,8704,200.0,0.0015625,0.0006584525108337402,0.3,2.0068728923797607,-0.0013687388505786656,12330,0.0030842656,8.178111004829407,0.0003,-1.1290492594242096
-401.1363636363636,1053,35,8,8960,200.0,0.054296875,0.07694953680038452,0.3,2.2405877113342285,-0.00036257344763726,12340,0.008379141,4.181681036949158,0.0003,-1.1661595940589904
-401.0869565217391,1054,36,8,9216,200.0,0.15078125,0.0013666152954101562,0.3,1.1903709173202515,-0.010521444212645292,12350,0.01712861,4.343875813484192,0.0003,-1.1172233402729035
-401.06382978723406,1055,37,8,9472,200.0,0.03828125,0.0010334253311157227,0.3,3.5378634929656982,-0.0027890138095244764,12360,0.009954581,8.406133842468261,0.0003,-1.2418987095355987
-401.0416666666667,1054,38,9,9728,200.0,0.013671875,-0.0022492408752441406,0.3,1.6370623111724854,-0.0016719183884561061,12370,0.01773035,4.281095287203788,0.0003,-1.2397379517555236
-401.0204081632653,1053,39,9,9984,200.0,0.234765625,-0.0025413036346435547,0.3,2.280994176864624,-0.01461141835898161,12380,0.03357793,4.33950492143631,0.0003,-1.199981266260147
-400.98039215686276,1052,40,9,10240,200.0,0.00546875,0.0006202459335327148,0.3,2.431384801864624,-0.005461755534633994,12390,0.0062677492,4.338015776872635,0.0003,-1.2001285910606385
-400.0,1398,1,0,256,200.0,0.028515625,-0.027326107025146484,0.3,5.265242576599121,-0.009347426635213197,12400,0.014283711,8.259872531890869,0.0003,-1.2180835902690887
-400.0,1211,2,0,512,200.0,0.0,0.23394829034805298,0.3,1.229695439338684,-0.0029117944184690716,12010,0.0059066964,3.498029440641403,0.0003,-0.5504888087511063
-400.0,1131,3,0,768,200.0,0.060546875,-0.00200808048248291,0.3,2.0830042362213135,-0.0061867924639955165,12020,0.012256874,4.495564639568329,0.0003,-0.6484464645385742
-400.0,1117,4,0,1024,200.0,0.0,-0.012651920318603516,0.3,1.7402669191360474,-0.0010520296171307563,12030,0.0061227037,4.427670860290528,0.0003,-0.6945458739995957
-400.0,1105,5,1,1280,200.0,0.0,0.35438668727874756,0.3,1.7646100521087646,0.002423871634528041,12040,0.00040526292,4.904986894130706,0.0003,-0.741243451833725
-400.0,1092,6,1,1536,200.0,0.0,-0.17110848426818848,0.3,1.1046048402786255,-0.00026286779902875426,12050,9.301212e-05,4.9207191407680515,0.0003,-0.7374566912651062
-400.0,1088,7,1,1792,200.0,0.06484375,-0.0341719388961792,0.3,4.117696285247803,-0.009471713518723845,12060,0.033992555,4.468431288003922,0.0003,-0.7693094700574875
-400.0,1090,8,1,2048,200.0,0.0,0.027579307556152344,0.3,1.9515444040298462,0.0008715784177184104,12070,0.00077409716,4.060467183589935,0.0003,-0.7919433236122131
-400.0,1085,9,2,2304,200.0,0.0,-0.0390855073928833,0.3,4.3789381980896,-0.0006577528081834316,12080,0.0013828794,8.419575500488282,0.0003,-0.7894787937402725
-400.0,1078,10,2,2560,200.0,0.0,0.04613697528839111,0.3,1.6302874088287354,-0.0005835877498611807,12090,0.0022053353,4.2455783665180205,0.0003,-0.7837986946105957
-400.0,1075,11,2,2816,200.0,0.0,-0.0686420202255249,0.3,1.6280443668365479,-0.0010643845424056053,12100,0.0042828964,4.487794834375381,0.0003,-0.7688038229942322
-400.0,1074,12,2,3072,200.0,0.0,0.00033855438232421875,0.3,4.357673168182373,-0.007672749506309628,12110,0.013901206,8.413145053386689,0.0003,-0.7423792451620101
-400.0,1075,13,3,3328,200.0,0.0,-0.012081027030944824,0.3,1.2934188842773438,-0.004785597248701379,12120,0.023474783,4.3957711338996885,0.0003,-0.6575235903263092
-402.94117647058823,1069,14,3,3584,200.0,0.0109375,-0.002475738525390625,0.3,2.707188367843628,-0.004189471714198589,12130,0.01435179,4.340533363819122,0.0003,-0.5509116172790527
-402.63157894736844,1065,15,3,3840,200.0,0.0,-0.0006546974182128906,0.3,26.292804718017578,0.002205951779615134,12140,0.0005676097,40.89241600036621,0.0003,-0.4726773574948311
-402.5,1065,16,3,4096,200.0,0.0,0.0014055967330932617,0.3,5.2934041023254395,0.00012904070317745208,12150,1.7655548e-06,8.796685171127319,0.0003,-0.4737348973751068
-402.3809523809524,1063,17,4,4352,200.0,0.0125,8.285045623779297e-06,0.3,2.633042573928833,-0.0026840901467949153,12160,0.007971503,4.384546220302582,0.0003,-0.508273933827877
-402.17391304347825,1061,18,4,4608,200.0,0.0,0.00025844573974609375,0.3,0.9179351925849915,0.0005946004297584295,12170,1.9340077e-05,4.355219846963882,0.0003,-0.5797905683517456
-402.0833333333333,1061,19,4,4864,200.0,0.0,-4.398822784423828e-05,0.3,3.9586939811706543,-0.000145671796053648,12180,0.00039573736,8.396646308898926,0.0003,-0.5640673607587814
-402.0,1060,20,4,5120,200.0,0.055078125,0.002778768539428711,0.3,1.6032402515411377,-0.005703219049610198,12190,0.017089212,4.349068623781204,0.0003,-0.6347514986991882
-404.2307692307692,1060,21,5,5376,200.0,0.001171875,0.02510589361190796,0.3,28.477680206298828,-0.00867470339871943,12200,0.0024189795,56.00351085662842,0.0003,-0.7035535544157028
-403.92857142857144,1059,22,5,5632,200.0,0.00546875,0.0033985376358032227,0.3,2.648120880126953,-0.006652928260155022,12210,0.0017390703,10.175049662590027,0.0003,-0.7294362336397171
-403.7931034482759,1059,23,5,5888,200.0,0.0,-5.447864532470703e-05,0.3,3.5674028396606445,0.00031513369176536796,12220,0.00011513452,8.720420706272126,0.0003,-0.740108385682106
-403.6666666666667,1058,24,5,6144,200.0,0.0,-2.3245811462402344e-05,0.3,1.85405433177948,-0.001531219366006553,12230,0.009542009,4.357804983854294,0.0003,-0.7174386024475098
-403.4375,1058,25,6,6400,200.0,0.0,0.017689526081085205,0.3,1.3183627128601074,-0.003914906014688313,12240,0.008316962,4.176896674931049,0.0003,-0.703257167339325
-403.3333333333333,1056,26,6,6656,200.0,0.080859375,0.09853321313858032,0.3,3.001873254776001,-0.008746811235323549,12250,0.026576372,7.188757002353668,0.0003,-0.8006868958473206
-403.2352941176471,1058,27,6,6912,200.0,0.012890625,-0.011275053024291992,0.3,0.959306538105011,-0.020605074148625134,12260,0.03291985,4.396144980192185,0.0003,-0.8635740667581558
-403.14285714285717,1057,28,6,7168,200.0,0.0,0.008737742900848389,0.3,0.5224972367286682,-0.003109891526401043,12270,0.010294668,4.312591177225113,0.0003,-0.8952337861061096
-404.5945945945946,1058,29,7,7424,200.0,0.0125,0.0020492076873779297,0.3,1.0138580799102783,-0.0012746117077767848,12280,0.0038034988,4.342797636985779,0.0003,-0.9229847371578217
-404.4736842105263,1057,30,7,7680,200.0,0.00234375,0.0007141828536987305,0.3,41.031681060791016,-0.010317507304716856,12290,0.0050553093,79.06224784851074,0.0003,-0.9400138407945633
-404.35897435897436,1057,31,7,7936,200.0,0.0,0.06882935762405396,0.3,1.2384212017059326,-0.0005792709533125162,12300,0.00050003594,4.013773506879806,0.0003,-0.9253024071455002
-404.25,1057,32,7,8192,200.0,0.0,-0.0005842447280883789,0.3,0.5767380595207214,-0.00245963828638196,12310,0.0064244466,4.405163210630417,0.0003,-0.8905901372432709
-404.04761904761904,1056,33,7,8448,200.0,0.0,-0.7266173362731934,0.3,2.88334584236145,0.0013278221478685737,12320,0.0004473247,5.7406799554824826,0.0003,-0.851614698767662
-403.95348837209303,1055,34,8,8704,200.0,0.0,0.033207833766937256,0.3,3.7499964237213135,-0.0011394834611564875,12330,0.0022397086,8.10515079498291,0.0003,-0.845516049861908
-403.8636363636364,1053,35,8,8960,200.0,0.0,0.010215580463409424,0.3,2.4168670177459717,-0.004007481969892979,12340,0.0072219972,4.135714387893676,0.0003,-0.8383288979530334
-403.69565217391306,1049,36,8,9216,200.0,0.0,-0.002713918685913086,0.3,1.6468801498413086,-0.00843362589366734,12350,0.021267638,4.323841470479965,0.0003,-0.868911799788475
-403.6170212765957,1047,37,9,9472,200.0,0.0,0.002373635768890381,0.3,1.474176287651062,-0.00407953136600554,12360,0.006088362,8.110431170463562,0.0003,-0.8641963839530945
-403.5416666666667,1046,38,9,9728,200.0,0.0,0.00397104024887085,0.3,3.1950647830963135,-0.004982417612336576,12370,0.01167809,4.266382569074631,0.0003,-0.8616212636232377
-403.46938775510205,1044,39,9,9984,200.0,0.057421875,0.0017264485359191895,0.3,3.115530014038086,-0.013497623498551548,12380,0.043032125,4.3322435319423676,0.0003,-0.8539834797382355
-403.3333333333333,1043,40,9,10240,200.0,0.12265625,-0.015839576721191406,0.3,2.6106667518615723,-0.014246239140629769,12390,0.057856984,4.366562676429749,0.0003,-0.7953323781490326
-400.0,1280,1,0,256,200.0,0.0,0.04147040843963623,0.3,3.090407133102417,-0.0004515048582106829,12400,0.001285078,7.575102460384369,0.0003,-0.7202925354242324
-400.0,1183,2,0,512,200.0,0.009375,0.09402567148208618,0.3,2.3420939445495605,-0.006865259213373065,12410,0.010627317,3.841447615623474,0.0003,-1.2978645503520965
-400.0,1098,3,0,768,200.0,0.0140625,0.06528264284133911,0.3,1.804245114326477,-0.002630599611438811,12420,0.0073392205,4.139069676399231,0.0003,-1.2927106380462647
-400.0,1078,4,0,1024,200.0,0.006640625,0.11893194913864136,0.3,2.206158399581909,-0.0038789386162534356,12430,0.0129011255,3.9823883354663847,0.0003,-1.3281809210777282
-400.0,1072,5,1,1280,200.0,0.008203125,-0.05443716049194336,0.3,4.715499401092529,-0.004626398719847202,12440,0.009610435,8.514065289497376,0.0003,-1.2053676307201386
-400.0,1068,6,1,1536,200.0,0.0,0.05669832229614258,0.3,2.2333858013153076,-0.001642766792792827,12450,0.007115959,3.7350281894207003,0.0003,-1.224621307849884
-400.0,1065,7,1,1792,200.0,0.0125,0.14330482482910156,0.3,2.736046552658081,-0.004654503404162824,12460,0.005650442,3.823003423213959,0.0003,-1.2178308308124541
-400.0,1064,8,1,2048,200.0,0.016796875,0.006334245204925537,0.3,3.172046661376953,-0.007353968406096101,12470,0.013220279,4.372434020042419,0.0003,-1.2193086445331573
-400.0,1065,9,2,2304,200.0,0.0,0.11369389295578003,0.3,3.5047085285186768,-0.0037827197927981617,12480,0.0031019791,7.4629234790802,0.0003,-1.2865796625614165
-400.0,1060,10,2,2560,200.0,0.023828125,0.0005141496658325195,0.3,2.136808156967163,-0.0064597658580169085,12490,0.010454653,4.49124409109354,0.0003,-1.298652559518814
-400.0,1059,11,2,2816,200.0,0.021484375,-0.017430782318115234,0.3,2.3839714527130127,-0.001623354572802782,12500,0.003249553,4.447493550181389,0.0003,-1.340298330783844
-400.0,1060,12,2,3072,200.0,0.001171875,-0.031061530113220215,0.3,4.444260597229004,-0.005246398109011352,12510,0.012278674,8.326981902122498,0.0003,-1.343394124507904
-400.0,1060,13,3,3328,200.0,0.006640625,0.057224929332733154,0.3,0.9097273945808411,-0.005926186009310186,12520,0.0061222175,3.783824974298477,0.0003,-1.3424956321716308
-400.0,1059,14,3,3584,200.0,0.055078125,-0.006176352500915527,0.3,1.2844007015228271,-0.009094749484211207,12530,0.024616688,4.339605116844178,0.0003,-1.3543354213237762
-400.0,1057,15,3,3840,200.0,0.00703125,0.13267123699188232,0.3,1.3883748054504395,-0.004584435280412436,12540,0.006487293,3.851207268238068,0.0003,-1.3578511357307435
-400.0,1057,16,3,4096,200.0,0.048046875,0.08192908763885498,0.3,3.130467176437378,-0.007142672780901194,12550,0.017601177,7.479093456268311,0.0003,-1.3251900255680085
-400.0,1057,17,4,4352,200.0,0.0,0.07112455368041992,0.3,2.3868629932403564,-0.001244192151352763,12560,0.0012770176,4.191776931285858,0.0003,-1.2964912712574006
-400.0,1056,18,4,4608,200.0,0.001171875,0.14100128412246704,0.3,1.6968263387680054,-0.0026335086789913476,12570,0.008969141,3.8856496095657347,0.0003,-1.306994342803955
-400.0,1057,19,4,4864,200.0,0.0,0.1136736273765564,0.3,2.7989132404327393,-0.0019689616048708556,12580,0.0013315703,7.47722452878952,0.0003,-1.302183610200882
-400.0,1057,20,4,5120,200.0,0.001171875,0.2547298073768616,0.3,1.017702341079712,-0.0045249017653986815,12590,0.009088432,3.2264627873897553,0.0003,-1.2801479935646056
-400.0,1056,21,5,5376,200.0,0.02109375,0.3387770652770996,0.3,1.2317415475845337,-0.00764506635023281,12600,0.025189497,3.0675815731287,0.0003,-1.2142160177230834
-400.0,1056,22,5,5632,200.0,0.022265625,0.3218209147453308,0.3,0.7488482594490051,-0.009211731422692538,12610,0.01672136,2.981044965982437,0.0003,-1.185729157924652
-400.0,1055,23,5,5888,200.0,0.0,0.004034817218780518,0.3,3.452035665512085,-0.0029776306822896005,12620,0.003303028,9.320495367050171,0.0003,-1.1958858728408814
-400.0,1055,24,5,6144,200.0,0.0,0.20043790340423584,0.3,0.9787354469299316,-0.0036293078446760774,12630,0.0017949578,3.4089515030384065,0.0003,-1.2234822273254395
-400.0,1055,25,6,6400,200.0,0.0109375,-0.09390580654144287,0.3,0.8569444417953491,-0.014183515589684248,12640,0.012774406,4.856327933073044,0.0003,-1.2259749531745912
-400.0,1056,26,6,6656,200.0,0.0,0.01127535104751587,0.3,3.143718957901001,0.0015585462329909205,12650,0.0019732472,9.067205786705017,0.0003,-1.2062593817710876
-400.0,1056,27,6,6912,200.0,0.000390625,0.26077234745025635,0.3,0.7987902760505676,-0.0055979379452764984,12660,0.005580605,3.0231184512376785,0.0003,-1.191118210554123
-399.14285714285717,1054,28,6,7168,200.0,0.0,0.00804281234741211,0.3,6.380024433135986,0.0020571260713040827,12670,0.0010577012,13.05666151046753,0.0003,-1.168707686662674
-399.18918918918916,1053,29,7,7424,200.0,0.0,-0.5410374402999878,0.3,1.404186725616455,-0.00030074241803959014,12680,0.00039513456,6.205171066522598,0.0003,-1.18665412068367
-399.2105263157895,1054,30,7,7680,200.0,0.0,-0.008965015411376953,0.3,2.5849547386169434,-0.0009124166332185269,12690,0.0014422347,8.171439266204834,0.0003,-1.1928309381008149
-399.2307692307692,1054,31,7,7936,200.0,0.0046875,0.07747417688369751,0.3,2.8599376678466797,-0.010573462070897221,12700,0.0068993643,4.05286283493042,0.0003,-1.2098159730434417
-399.25,1052,32,7,8192,200.0,0.037109375,-0.0065534114837646484,0.3,2.5004847049713135,-0.008112492342479526,12710,0.020060817,4.3573202133178714,0.0003,-1.2284647881984712
-399.2857142857143,1049,33,8,8448,200.0,0.0171875,0.057025015354156494,0.3,0.7238056659698486,-0.008325692638754845,12720,0.01730511,3.9116775572299955,0.0003,-1.2224787712097167
-399.30232558139534,1049,34,8,8704,200.0,0.0,-0.0012712478637695312,0.3,2.6324925422668457,-0.007864912692457437,12730,0.010926543,7.848442655801773,0.0003,-1.23592871427536
-399.3181818181818,1048,35,8,8960,200.0,0.0,0.052999258041381836,0.3,2.015403985977173,-0.005222720676101744,12740,0.0094805965,4.137138253450393,0.0003,-1.2297166109085083
-399.3478260869565,1048,36,8,9216,200.0,0.121875,0.007016301155090332,0.3,2.4055631160736084,-0.019838770967908204,12750,0.040508002,4.382250732183456,0.0003,-1.229824137687683
-399.36170212765956,1049,37,9,9472,200.0,0.0,0.16172468662261963,0.3,2.354064464569092,-0.0023344150045886635,12760,0.002620971,6.606526041030884,0.0003,-1.2351116418838501
-399.375,1049,38,9,9728,200.0,0.009375,0.47543883323669434,0.3,0.4318450689315796,-0.0014072484336793423,12770,0.0058395118,2.446298310160637,0.0003,-1.2298831701278687
-400.40816326530614,1049,39,9,9984,200.0,0.0,0.07630413770675659,0.3,0.4333362281322479,-0.0024684931617230178,12780,0.0046979794,4.214421048760414,0.0003,-1.2424026787281037
-400.3921568627451,1048,40,9,10240,200.0,0.0,0.0012804865837097168,0.3,20.68651008605957,-0.0013172613398637623,12790,0.0032498944,40.09501438140869,0.0003,-1.2662101924419402
-400.0,1395,1,0,256,200.0,0.0,0.0007879137992858887,0.3,3.0312883853912354,-0.0011419736314564944,12800,0.0010876385,10.028714966773986,0.0003,-1.2747789025306702
-400.0,1212,2,0,512,200.0,0.0,-0.005572319030761719,0.3,2.6241161823272705,-7.360641611739994e-05,12410,2.5340123e-05,5.183954226970672,0.0003,-0.70719054043293
-400.0,1151,3,0,768,200.0,0.0,0.2193877100944519,0.3,1.7148162126541138,-0.001222638413310051,12420,0.0012504151,3.2602218806743624,0.0003,-0.6979383766651154
-400.0,1128,4,0,1024,200.0,0.0,0.1698741912841797,0.3,1.6349233388900757,-0.0008606343762949109,12430,0.0011034016,3.6822886168956757,0.0003,-0.6560892730951309
-400.0,1114,5,1,1280,200.0,0.0,0.0002804398536682129,0.3,3.520505428314209,-3.955026622861624e-05,12440,0.0002784601,9.183157682418823,0.0003,-0.6624138206243515
-400.0,1104,6,1,1536,200.0,0.00078125,0.04762202501296997,0.3,1.60545814037323,-0.0029830970684997737,12450,0.002105714,4.507498049736023,0.0003,-0.6639436423778534
-400.0,1097,7,1,1792,200.0,0.00703125,0.24497884511947632,0.3,1.9127106666564941,0.0012368383933790029,12460,0.0064801103,3.3333347916603087,0.0003,-0.759308585524559
-400.0,1092,8,1,2048,200.0,0.00078125,0.17903023958206177,0.3,2.7954442501068115,-0.0014810600550845265,12470,0.0038383887,3.717406892776489,0.0003,-0.7966785371303559
-400.0,1083,9,2,2304,200.0,0.004296875,0.10345953702926636,0.3,4.202750205993652,-0.006360134552232921,12480,0.007347592,7.250712966918945,0.0003,-0.8472770243883133
-400.0,1078,10,2,2560,200.0,0.000390625,0.1767284870147705,0.3,1.7734291553497314,-0.0009094655048102141,12490,0.0041417307,3.6887717068195345,0.0003,-0.8930948317050934
-400.0,1076,11,2,2816,200.0,0.00390625,-0.25568556785583496,0.3,2.2222893238067627,-0.0024649150436744094,12500,0.0032275133,5.323528516292572,0.0003,-0.9563725888729095
-400.0,1075,12,2,3072,200.0,0.0,0.16399192810058594,0.3,4.56072998046875,-0.009357389900833369,12510,0.020765215,7.331745719909668,0.0003,-1.0149296760559081
-400.0,1072,13,3,3328,200.0,0.00078125,-0.03001272678375244,0.3,3.680434465408325,-0.006925212126225233,12520,0.029869193,4.4196975260972975,0.0003,-0.9694643944501877
-400.0,1072,14,3,3584,200.0,0.0,-0.04226374626159668,0.3,1.3156038522720337,-0.005741623463109136,12530,0.016689062,4.390088838338852,0.0003,-0.867346528172493
-400.0,1068,15,3,3840,200.0,0.01015625,0.05812680721282959,0.3,2.268885374069214,-0.001952214166522026,12540,0.0028570818,4.117436671257019,0.0003,-0.795713260769844
-400.0,1069,16,3,4096,200.0,0.0,0.07068735361099243,0.3,3.758838653564453,0.0004315808415412903,12550,0.0001366164,8.190413546562194,0.0003,-0.8273130714893341
-400.0,1069,17,4,4352,200.0,0.0,-0.08749747276306152,0.3,0.7502999901771545,-0.0010022935923188925,12560,0.0011482162,4.654228228330612,0.0003,-0.8305131822824479
-404.7826086956522,1069,18,4,4608,200.0,0.0015625,0.0010539889335632324,0.3,22.22189712524414,-0.003348980308510363,12570,0.0022643816,47.2518087387085,0.0003,-0.8476578295230865
-405.8333333333333,1066,19,4,4864,200.0,0.004296875,-0.0030955076217651367,0.3,8.122450828552246,-0.006464452506043017,12580,0.002482937,19.45804123878479,0.0003,-0.8327218174934388
-405.6,1065,20,4,5120,200.0,0.00390625,0.053234219551086426,0.3,4.949895858764648,-0.006377100409008562,12590,0.0022753426,12.728566145896911,0.0003,-0.8328117519617081
-405.38461538461536,1063,21,5,5376,200.0,0.010546875,0.10512202978134155,0.3,0.9863232374191284,-0.0030800316017121077,12600,0.013017431,4.068872344493866,0.0003,-0.8439776867628097
-405.0,1063,22,5,5632,200.0,0.00390625,0.19121253490447998,0.3,2.2894654273986816,-0.0036551608936861157,12610,0.009292608,3.760414057970047,0.0003,-0.8748232245445251
-404.82758620689657,1061,23,5,5888,200.0,0.0,-0.009770512580871582,0.3,4.145650386810303,0.00014167181216180326,12620,0.0019269811,8.552617835998536,0.0003,-0.9319890379905701
-404.6666666666667,1061,24,5,6144,200.0,0.01875,0.1445521116256714,0.3,0.9460981488227844,-0.0040396910160779955,12630,0.0064126397,3.7677499532699583,0.0003,-0.956543642282486
-404.375,1059,25,6,6400,200.0,0.03125,-0.0018105506896972656,0.3,0.9420083165168762,-0.003742175782099366,12640,0.008111848,4.490230792760849,0.0003,-1.016150912642479
-404.24242424242425,1059,26,6,6656,200.0,0.024609375,-0.0005341768264770508,0.3,4.5356550216674805,-0.0063577135093510154,12650,0.014555795,8.349495375156403,0.0003,-1.0598430931568146
-404.11764705882354,1057,27,6,6912,200.0,0.0,0.038685381412506104,0.3,3.1656248569488525,-0.002833916060626507,12660,0.011549916,4.232302641868591,0.0003,-1.060198539495468
-405.42857142857144,1057,28,6,7168,200.0,0.044140625,-0.00046956539154052734,0.3,0.9111070036888123,-0.0015245289774611591,12670,0.012500506,4.44006399512291,0.0003,-1.1090825915336608
-405.13513513513516,1057,29,7,7424,200.0,0.0,-0.014147639274597168,0.3,25.185853958129883,-0.0029396534664556384,12680,0.007375151,31.92239942550659,0.0003,-1.141841721534729
-406.3157894736842,1058,30,7,7680,200.0,0.0,0.013909220695495605,0.3,5.282230377197266,-0.007060716766864062,12690,0.008633502,8.400229895114899,0.0003,-1.1281323075294494
-406.15384615384613,1057,31,7,7936,200.0,0.0,0.04427915811538696,0.3,12.252693176269531,-0.0029557835776358845,12700,0.004848114,40.347805690765384,0.0003,-1.0906686723232268
-406.25,1057,32,7,8192,200.0,0.012109375,0.03874564170837402,0.3,6.893881797790527,-0.011842495738528669,12710,0.018740118,11.873109102249146,0.0003,-1.0482716739177704
-406.6666666666667,1056,33,7,8448,200.0,0.00234375,0.05395388603210449,0.3,13.21723461151123,-0.0031669901858549566,12720,0.0044688885,27.570041275024415,0.0003,-0.9728120118379593
-406.51162790697674,1056,34,8,8704,200.0,0.0,0.07538551092147827,0.3,2.997732639312744,-0.0005115734878927469,12730,0.00025974447,8.234463894367218,0.0003,-0.9705874919891357
-406.3636363636364,1056,35,8,8960,200.0,0.0,0.15888506174087524,0.3,2.105969190597534,-0.0003152528312057257,12740,0.0007393467,3.806896358728409,0.0003,-0.9885068476200104
-406.5217391304348,1056,36,8,9216,200.0,0.005859375,0.0601423978805542,0.3,2.3303911685943604,-0.00858890570816584,12750,0.0040456927,9.775320303440093,0.0003,-1.0158942580223083
-406.3829787234043,1055,37,8,9472,200.0,0.000390625,0.09769296646118164,0.3,3.1676032543182373,-0.00199064202606678,12760,0.002129776,8.06598060131073,0.0003,-1.0597154438495635
-406.25,1056,38,9,9728,200.0,0.0,0.04019653797149658,0.3,0.9269579648971558,-0.004010485205799341,12770,0.008106266,4.4109954059123995,0.0003,-1.1013155639171601
-406.1224489795918,1056,39,9,9984,200.0,0.053125,-0.21117174625396729,0.3,3.051602840423584,-0.010255339182913303,12780,0.016030127,5.010949373245239,0.0003,-1.1529280185699462
-406.6666666666667,1056,40,9,10240,200.0,0.002734375,0.029686152935028076,0.3,7.64919376373291,-0.012347798276459798,12790,0.0136299385,17.38658814430237,0.0003,-1.122216135263443
-400.0,1382,1,0,256,200.0,0.0,-0.06473898887634277,0.3,3.5712413787841797,-0.002254579123109579,12800,0.005886707,8.553896880149841,0.0003,-1.0577297925949096
-400.0,1191,2,0,512,200.0,0.043359375,-0.3328167200088501,0.3,1.2268034219741821,-0.016528644622303544,12810,0.02257806,5.221306318044663,0.0003,-1.2640651404857635
-400.0,1144,3,0,768,200.0,0.0,0.016244232654571533,0.3,1.6114295721054077,-0.002493957383558154,12820,0.0067353803,4.596612048149109,0.0003,-1.2602737963199615
-400.0,1120,4,0,1024,200.0,0.0234375,0.04990202188491821,0.3,1.0304718017578125,-0.008688338613137603,12830,0.024386525,4.12657875418663,0.0003,-1.20956449508667
-400.0,1093,5,1,1280,200.0,0.0,0.07434988021850586,0.3,2.553208112716675,-0.0001793733099475503,12840,0.001272917,8.248727107048035,0.0003,-1.1911949157714843
-400.0,1084,6,1,1536,200.0,0.00859375,0.16237342357635498,0.3,1.6031466722488403,-0.005212748097255826,12850,0.016062098,3.6935316264629363,0.0003,-1.1823347806930542
-400.0,1081,7,1,1792,200.0,0.026953125,0.09295767545700073,0.3,1.319572925567627,-0.014828310254961253,12860,0.025715988,4.064036107063293,0.0003,-1.0859251260757445
-400.0,1068,8,1,2048,200.0,0.008984375,0.15576791763305664,0.3,2.278960943222046,-0.004393934621475637,12870,0.011736032,3.5367722034454347,0.0003,-0.9895707190036773
-400.0,1065,9,2,2304,200.0,0.024609375,0.08595597743988037,0.3,4.7905073165893555,-0.0010112629970535636,12880,0.00906896,7.401424598693848,0.0003,-1.0905921697616576
-400.0,1065,10,2,2560,200.0,0.009375,-0.09254980087280273,0.3,3.2959835529327393,-0.01093753317836672,12890,0.0085839415,4.692228430509568,0.0003,-1.0580825924873352
-400.0,1063,11,2,2816,200.0,0.005859375,0.09476619958877563,0.3,0.3986518681049347,-0.0014149918919429184,12900,0.0027703536,3.9138523012399675,0.0003,-1.0312278389930725
-400.0,1063,12,2,3072,200.0,0.0,0.14125961065292358,0.3,4.979666233062744,-0.0015561668435111642,12910,0.0002574909,7.901718163490296,0.0003,-1.0047129899263383
-400.0,1064,13,3,3328,200.0,0.0,0.06507140398025513,0.3,1.1338225603103638,-0.0006896045058965683,12920,0.00036682724,4.3960946798324585,0.0003,-1.033865487575531
-400.0,1065,14,3,3584,200.0,0.012890625,0.16859912872314453,0.3,1.905413269996643,-0.007233727589482442,12930,0.011154059,3.731673055887222,0.0003,-1.0268243193626403
-400.0,1065,15,3,3840,200.0,0.0,-0.23137140274047852,0.3,2.9066596031188965,-0.0017993410350754858,12940,0.0010058722,5.212366235256195,0.0003,-1.0058315724134446
-400.0,1067,16,3,4096,200.0,0.001953125,0.13675105571746826,0.3,4.6366777420043945,-0.0053796703461557625,12950,0.003919376,7.744523394107818,0.0003,-0.9805561363697052
-400.0,1066,17,4,4352,200.0,0.026171875,-0.05534255504608154,0.3,1.632232904434204,-0.0083949574502185,12960,0.01366161,4.416898918151856,0.0003,-0.9465067774057389
-400.0,1068,18,4,4608,200.0,0.068359375,0.022077202796936035,0.3,2.3093814849853516,-0.017283989023417233,12970,0.03203222,4.216766631603241,0.0003,-0.8095993489027024
-400.0,1068,19,4,4864,200.0,0.02109375,0.02853471040725708,0.3,4.034920692443848,-0.015207891073077916,12980,0.017716952,7.8624683022499084,0.0003,-0.6429019868373871
-400.0,1068,20,4,5120,200.0,0.010546875,0.0933038592338562,0.3,1.4309706687927246,-0.005025311082135886,12990,0.0039364994,3.8052991546690462,0.0003,-0.6099163055419922
-401.9230769230769,1070,21,5,5376,200.0,0.016015625,0.03466874361038208,0.3,13.17094612121582,-0.0022479078732430937,13000,0.0051210364,41.6651554107666,0.0003,-0.7438183128833771
-403.57142857142856,1069,22,5,5632,200.0,0.01171875,0.018261373043060303,0.3,16.72104835510254,-0.007269492605701089,13010,0.005524545,40.34144353866577,0.0003,-0.7136000275611878
-403.44827586206895,1070,23,5,5888,200.0,0.003515625,0.07080167531967163,0.3,3.320650339126587,-0.011739852000027895,13020,0.004807939,8.40393419265747,0.0003,-0.7891770362854004
-403.3333333333333,1069,24,5,6144,200.0,0.104296875,-0.00856328010559082,0.3,1.9237297773361206,-0.035917100077494976,13030,0.09624089,4.265875390172004,0.0003,-0.8576240092515945
-403.125,1069,25,5,6400,200.0,0.046484375,0.02820754051208496,0.3,2.251537799835205,-0.0066698332317173484,13040,0.02482126,4.315935200452804,0.0003,-0.7925348728895187
-403.030303030303,1069,26,6,6656,200.0,0.015625,0.08057308197021484,0.3,4.7013468742370605,-0.0008581380592659116,13050,0.002091005,7.680626392364502,0.0003,-0.7381718754768372
-402.94117647058823,1070,27,6,6912,200.0,0.1625,0.04323840141296387,0.3,1.0531070232391357,-0.011113274842500687,13060,0.0857089,4.208712899684906,0.0003,-0.7339318364858627
-402.85714285714283,1070,28,6,7168,200.0,0.008203125,0.0709758996963501,0.3,1.9354095458984375,-0.0029703560518100857,13070,0.0051174387,4.189575260877609,0.0003,-0.7161425054073334
-402.7027027027027,1070,29,6,7424,200.0,0.003125,0.005453884601593018,0.3,2.6104090213775635,-0.0009918793803080916,13080,0.0026243362,4.492246997356415,0.0003,-0.7797480374574661
-402.63157894736844,1069,30,7,7680,200.0,0.00546875,-0.06398940086364746,0.3,4.29313850402832,-0.006026608915999532,13090,0.005934541,8.34184010028839,0.0003,-0.8215793341398239
-402.56410256410254,1070,31,7,7936,200.0,0.00703125,0.03079211711883545,0.3,2.9212262630462646,-0.00403039394877851,13100,0.0041312333,4.231914001703262,0.0003,-0.6376339823007584
-402.5,1068,32,7,8192,200.0,0.0,0.029500901699066162,0.3,2.295379638671875,-0.0027256892528384922,13110,0.0036252188,4.254537868499756,0.0003,-0.4843433737754822
-402.3809523809524,1068,33,7,8448,200.0,0.00078125,0.053516685962677,0.3,2.4594478607177734,-0.0023539069341495635,13120,0.0020900255,4.032435739040375,0.0003,-0.4487055018544197
-402.3255813953488,1069,34,8,8704,200.0,0.0,0.004620194435119629,0.3,3.2874019145965576,-0.00016120737418532372,13130,6.7650806e-05,8.452288961410522,0.0003,-0.3533262997865677
-402.27272727272725,1068,35,8,8960,200.0,0.0,0.010466992855072021,0.3,2.876264810562134,-0.00037123479414731265,13140,0.00026813243,4.335660320520401,0.0003,-0.3694325461983681
-402.17391304347825,1068,36,8,9216,200.0,0.0,0.08877283334732056,0.3,1.677924633026123,-0.0004490923136472702,13150,0.0003285145,3.9459503531455993,0.0003,-0.3228419080376625
-402.1276595744681,1069,37,8,9472,200.0,0.0,0.013622879981994629,0.3,5.1949005126953125,-0.0003367358352988958,13160,4.8039015e-05,8.691936349868774,0.0003,-0.3061498016119003
-401.875,1069,38,9,9728,200.0,0.0,0.009799599647521973,0.3,1.1750471591949463,-6.214622408151626e-06,13170,6.937422e-06,4.298211473226547,0.0003,-0.3053610175848007
-401.83673469387753,1069,39,9,9984,200.0,0.0,0.3821815848350525,0.3,0.8839974403381348,-0.0017310829367488622,13180,0.0007391998,2.681525182723999,0.0003,-0.3593903258442879
-401.7647058823529,1070,40,9,10240,200.0,0.0,-0.03541684150695801,0.3,1.4268947839736938,-0.0008567564422264695,13190,0.0008863963,4.408208400011063,0.0003,-0.31560029089450836
-400.0,1450,1,0,256,200.0,0.0,0.035227417945861816,0.3,3.871066093444824,-0.00021119173616170883,13200,6.422028e-05,8.061731791496277,0.0003,-0.26252304166555407
-400.0,1258,2,0,512,200.0,0.0,0.10449397563934326,0.3,1.450653314590454,-0.00031470754183828833,12810,0.0016318567,3.959901887178421,0.0003,-1.0126735299825669
-400.0,1209,3,0,768,200.0,0.00625,0.1550862193107605,0.3,0.4192221164703369,-0.005542091792449355,12820,0.007273135,3.8164292126893997,0.0003,-0.9930377393960953
-400.0,1175,4,0,1024,200.0,0.004296875,0.15390831232070923,0.3,2.5888562202453613,-0.0006470727967098355,12830,0.0055046845,3.5416431605815886,0.0003,-1.0407046020030974
-400.0,1157,5,1,1280,200.0,0.0,0.02509230375289917,0.3,3.3962290287017822,0.0004069400019943714,12840,0.0001466393,8.36687388420105,0.0003,-1.0809959948062897
-400.0,1146,6,1,1536,200.0,0.0,0.03302562236785889,0.3,1.9282106161117554,-0.0017300762003287673,12850,0.0014238623,4.583513951301574,0.0003,-1.0562007129192352
-400.0,1138,7,1,1792,200.0,0.0,0.1295141577720642,0.3,2.681408643722534,-0.0007196584367193282,12860,0.0017042805,3.7845090329647064,0.0003,-1.0701497137546538
-400.0,1135,8,1,2048,200.0,0.0015625,0.269046425819397,0.3,2.7859714031219482,-0.002188470377586782,12870,0.008408606,3.3264789670705794,0.0003,-1.11790372133255
-400.0,1124,9,2,2304,200.0,0.0,0.01203233003616333,0.3,2.1224405765533447,-0.00198835670016706,12880,0.0037329353,8.376762557029725,0.0003,-1.1662207782268523
-400.0,1122,10,2,2560,200.0,0.0,0.21652275323867798,0.3,1.7985392808914185,-0.000732379755936563,12890,0.0022823054,3.53121440410614,0.0003,-1.1983825862407684
-400.0,1117,11,2,2816,200.0,0.023046875,0.002827942371368408,0.3,3.0061326026916504,-0.00443622866878286,12900,0.022804983,4.398527672886848,0.0003,-1.15529562830925
-400.0,1112,12,2,3072,200.0,0.06796875,-0.0075511932373046875,0.3,3.4111063480377197,-0.005072645656764507,12910,0.023937045,8.40034191608429,0.0003,-1.1337973654270173
-400.0,1112,13,2,3328,200.0,0.200390625,-0.0013338327407836914,0.3,2.7917990684509277,-0.02107091073412448,12920,0.066311136,4.330001962184906,0.0003,-1.1195209860801696
-400.0,1112,14,3,3584,200.0,0.04453125,0.005250751972198486,0.3,2.267476797103882,-0.004988223919644952,12930,0.020242,4.304270142316819,0.0003,-1.11697615981102
-400.0,1112,15,3,3840,200.0,0.0453125,-0.13236463069915771,0.3,1.957688570022583,-0.019017002428881824,12940,0.029712345,4.8471911430358885,0.0003,-1.1760063230991364
-400.0,1112,16,3,4096,200.0,0.0,0.07632750272750854,0.3,2.6347811222076416,0.0008384276181459427,12950,0.0034861423,7.875361442565918,0.0003,-1.1798971116542816
-400.0,1109,17,3,4352,200.0,0.072265625,0.010697603225708008,0.3,1.5587210655212402,-0.014635842107236386,12960,0.04280091,4.300039577484131,0.0003,-1.1427541553974152
-400.0,1100,18,4,4608,200.0,0.0,0.266285240650177,0.3,1.3379242420196533,0.000279265595600009,12970,0.001221467,3.194653657078743,0.0003,-1.035098284482956
-400.0,1099,19,4,4864,200.0,0.0,0.13312387466430664,0.3,4.287468433380127,-0.0005899672396481037,12980,0.008577744,7.432992053031922,0.0003,-1.0893699467182159
-400.0,1100,20,4,5120,200.0,0.0,0.018649697303771973,0.3,1.7831364870071411,-0.0015739267459139229,12990,0.003206836,4.230197620391846,0.0003,-1.102284413576126
-400.0,1099,21,4,5376,200.0,0.0,0.133242666721344,0.3,1.4147043228149414,-0.000858629890717566,13000,0.0018114017,4.098465716838836,0.0003,-1.0418558299541474
-400.0,1098,22,5,5632,200.0,0.0,0.005493819713592529,0.3,3.8417000770568848,0.00013615682255476713,13010,0.0011383663,4.522624382376671,0.0003,-1.0382040977478026
-400.6896551724138,1099,23,5,5888,200.0,0.0,0.15787220001220703,0.3,3.433959484100342,-0.0034894286654889584,13020,0.0039130403,7.400947558879852,0.0003,-1.0199928343296052
-400.6666666666667,1094,24,5,6144,200.0,0.001953125,-0.008786320686340332,0.3,5.883152008056641,-0.004518386512063444,13030,0.0013703452,10.792411875724792,0.0003,-0.98429234623909
-400.625,1095,25,5,6400,200.0,0.13515625,0.0006936192512512207,0.3,2.015763282775879,-0.024973914748989044,13040,0.062323447,4.372174292802811,0.0003,-1.0827045619487763
-400.6060606060606,1092,26,6,6656,200.0,0.0,0.0010356903076171875,0.3,3.831313371658325,7.640712428838014e-05,13050,0.0037142807,8.425610995292663,0.0003,-1.170761948823929
-400.5882352941176,1091,27,6,6912,200.0,0.0,0.11931127309799194,0.3,1.6627933979034424,-0.004046386107802391,13060,0.007892576,3.920223993062973,0.0003,-1.1952829241752625
-401.14285714285717,1092,28,6,7168,200.0,0.002734375,0.005328834056854248,0.3,5.207616806030273,-0.008459025342017413,13070,0.009467353,10.56547179222107,0.0003,-1.1958200275897979
-401.6216216216216,1090,29,6,7424,200.0,0.002734375,0.00014132261276245117,0.3,5.936237335205078,-0.007780090207234025,13080,0.012199425,10.484650075435638,0.0003,-1.174580419063568
-401.57894736842104,1090,30,7,7680,200.0,0.0,0.1329326629638672,0.3,3.3789150714874268,-0.0011506107170134784,13090,0.0033232146,7.650051379203797,0.0003,-1.1219510197639466
-401.53846153846155,1091,31,7,7936,200.0,0.0,0.22465234994888306,0.3,1.39153254032135,-0.002895646181423217,13100,0.012161734,3.1328473806381227,0.0003,-1.1221257150173187
-401.5,1089,32,7,8192,200.0,0.0,0.0013971328735351562,0.3,2.698434829711914,-0.0014618093147873879,13110,0.0058822376,4.379742777347564,0.0003,-1.1443751931190491
-401.42857142857144,1089,33,7,8448,200.0,0.0,0.011185526847839355,0.3,0.625298798084259,-0.0022621672367677094,13120,0.009126419,4.328407043218613,0.0003,-1.0940831482410431
-401.3953488372093,1089,34,7,8704,200.0,0.0,0.06418901681900024,0.3,4.1501545906066895,8.60725063830614e-05,13130,0.001277756,7.395684242248535,0.0003,-1.0763155341148376
-401.3636363636364,1089,35,8,8960,200.0,0.0,0.06306612491607666,0.3,3.2520694732666016,-0.0013914951821789145,13140,0.0036144766,4.089385885000229,0.0003,-1.0703439712524414
-401.30434782608694,1089,36,8,9216,200.0,0.0,0.06110489368438721,0.3,2.724663019180298,-0.004810098232701421,13150,0.012113588,4.228763353824616,0.0003,-1.0839549601078033
-401.27659574468083,1089,37,8,9472,200.0,0.0,0.20566093921661377,0.3,4.376180171966553,-0.0015100240241736173,13160,0.004627276,6.8436136722564695,0.0003,-1.0643366515636443
-401.25,1090,38,8,9728,200.0,0.0,0.09818261861801147,0.3,0.7504389882087708,-0.005899117444641888,13170,0.021375045,4.009951114654541,0.0003,-1.111769700050354
-401.2244897959184,1091,39,9,9984,200.0,0.0,0.0064269304275512695,0.3,2.813490867614746,0.00023444686084985732,13180,0.0067764316,4.287065708637238,0.0003,-1.144970142841339
-401.5686274509804,1090,40,9,10240,200.0,0.0,0.33517420291900635,0.3,0.5775989890098572,-0.0035157172940671446,13190,0.017125089,3.002843904495239,0.0003,-1.0849938690662384
-400.0,1504,1,0,256,200.0,0.001953125,0.05996423959732056,0.3,7.926589488983154,-0.0043208729708567265,13200,0.0019369307,13.7825758934021,0.0003,-1.0430785357952117
-400.0,1296,2,0,512,200.0,0.0,0.12926644086837769,0.3,0.5727195143699646,-0.0009804024128243327,13210,0.00020599668,3.426477500796318,0.0003,-0.27135797441005705
-400.0,1227,3,0,768,200.0,0.0,-0.1726299524307251,0.3,1.4555022716522217,-0.00011161703150719404,13220,0.00019162637,4.023876297473907,0.0003,-0.3396047532558441
-400.0,1191,4,0,1024,200.0,0.014453125,0.049801528453826904,0.3,0.8442994356155396,-0.010678794514387847,13230,0.005566187,4.177082413434983,0.0003,-0.34124048352241515
-400.0,1170,5,1,1280,200.0,0.00859375,0.00693744421005249,0.3,3.190232276916504,-0.0010267425561323762,13240,0.0031100204,8.141148221492767,0.0003,-0.4598068058490753
-400.0,1158,6,1,1536,200.0,0.0,0.0697062611579895,0.3,2.8560831546783447,-0.001480264589190483,13250,0.0018455565,4.4520932078361515,0.0003,-0.5571315616369248
-400.0,1141,7,1,1792,200.0,0.012109375,-0.21300339698791504,0.3,2.6482253074645996,-0.0022803890984505414,13260,0.0019122646,4.733787381649018,0.0003,-0.5738856136798859
-400.0,1138,8,1,2048,200.0,0.001953125,0.03322935104370117,0.3,1.2824875116348267,-0.0028120903531089424,13270,0.0028350349,4.1178663790225984,0.0003,-0.5243270456790924
-400.0,1134,9,2,2304,200.0,0.0,0.02123945951461792,0.3,5.61363410949707,-0.0018474331125617027,13280,0.0002247421,7.985598754882813,0.0003,-0.4212133839726448
-400.0,1132,10,2,2560,200.0,0.008203125,0.0702815055847168,0.3,2.0058693885803223,-0.0039815059397369625,13290,0.0066800117,3.95921276807785,0.0003,-0.5348671168088913
-400.0,1128,11,2,2816,200.0,0.023828125,-0.020511627197265625,0.3,2.073673963546753,-0.021019890159368514,13300,0.009980341,4.3689152777194975,0.0003,-0.636338597536087
-400.0,1122,12,2,3072,200.0,0.030078125,0.052082061767578125,0.3,5.098541736602783,-0.007790865423157811,13310,0.013706672,7.721842753887176,0.0003,-0.7405404776334763
-400.0,1123,13,2,3328,200.0,0.022265625,-0.021422863006591797,0.3,1.887821912765503,-0.005679587021586485,13320,0.012536006,4.391601073741913,0.0003,-0.9106107354164124
-400.0,1115,14,3,3584,200.0,0.0390625,0.033679842948913574,0.3,1.4703058004379272,-0.0014269462088122963,13330,0.031486064,4.18110374212265,0.0003,-1.0912948429584504
-400.0,1111,15,3,3840,200.0,0.01640625,0.06555217504501343,0.3,1.228971242904663,-0.004692759411409497,13340,0.009302955,4.0192273497581485,0.0003,-1.045597356557846
-400.0,1109,16,3,4096,200.0,0.0,-0.060649991035461426,0.3,1.6039228439331055,-0.0021569672506302597,13350,0.0017415497,8.632248973846435,0.0003,-0.9491712719202041
-400.0,1102,17,3,4352,200.0,0.0015625,0.18934619426727295,0.3,2.937504529953003,-0.0017844389658421278,13360,0.0016826529,3.644938713312149,0.0003,-0.964833003282547
-400.0,1101,18,4,4608,200.0,0.02109375,0.1229662299156189,0.3,2.18184757232666,-0.0111346616409719,13370,0.018044164,3.7953640818595886,0.0003,-0.9030020356178283
-400.0,1102,19,4,4864,200.0,0.0,-0.047853946685791016,0.3,4.1843037605285645,-0.003703732555732131,13380,0.0041678688,8.141696679592133,0.0003,-0.8733900517225266
-399.6,1097,20,4,5120,200.0,0.000390625,0.014254748821258545,0.3,1.9702506065368652,-0.003270981041714549,13390,0.005098795,4.259207725524902,0.0003,-0.9481965214014053
-399.61538461538464,1092,21,4,5376,200.0,0.0,0.18350863456726074,0.3,3.1263539791107178,-0.003304868226405233,13400,0.007390101,4.671917474269867,0.0003,-1.0308577299118042
-399.64285714285717,1092,22,5,5632,200.0,0.015234375,0.10350185632705688,0.3,1.6962233781814575,-0.0018447572598233818,13410,0.008948727,4.050306257605553,0.0003,-1.0884385108947754
-399.6551724137931,1092,23,5,5888,200.0,0.00234375,-0.00013399124145507812,0.3,5.617058753967285,-0.0035341714508831503,13420,0.0011772197,8.889296579360963,0.0003,-1.0857498943805695
-399.6666666666667,1094,24,5,6144,200.0,0.0375,0.044329941272735596,0.3,1.27870512008667,-0.004009815608151257,13430,0.021943923,4.554558253288269,0.0003,-1.1416799485683442
-399.6875,1091,25,5,6400,200.0,0.009375,-0.02447950839996338,0.3,1.4273985624313354,-0.005719476635567844,13440,0.0053795986,4.38343642950058,0.0003,-1.0827478647232056
-399.6969696969697,1090,26,6,6656,200.0,0.00234375,-0.03740358352661133,0.3,6.017980575561523,-0.0008111245464533567,13450,0.0029639672,8.434873139858245,0.0003,-1.1062530994415283
-399.70588235294116,1091,27,6,6912,200.0,0.000390625,0.02340453863143921,0.3,2.7986066341400146,-0.004761601332575083,13460,0.006985447,4.2497183859348295,0.0003,-1.091210013628006
-399.7142857142857,1088,28,6,7168,200.0,0.0375,0.03569751977920532,0.3,3.4084084033966064,-0.006118093337863684,13470,0.013022585,4.132628870010376,0.0003,-1.1513649344444274
-399.72972972972974,1088,29,6,7424,200.0,0.0,-6.914138793945312e-05,0.3,2.1334991455078125,-0.0029171025846153496,13480,0.005518435,4.56137079000473,0.0003,-1.185998445749283
-399.7368421052632,1087,30,7,7680,200.0,0.0,0.06812852621078491,0.3,3.1050446033477783,-0.0016781165963038803,13490,0.0021780753,7.946343660354614,0.0003,-1.1240942001342773
-399.7435897435897,1086,31,7,7936,200.0,0.01328125,0.11997479200363159,0.3,2.386552333831787,-0.006032741209492087,13500,0.007285136,4.555533039569855,0.0003,-1.1738124072551728
-401.0,1087,32,7,8192,200.0,0.0,0.0046384334564208984,0.3,23.2229061126709,-0.0035331707913428545,13510,0.0018828018,41.29984736442566,0.0003,-1.1239941537380218
-400.95238095238096,1083,33,7,8448,200.0,0.00625,-0.13284802436828613,0.3,1.3106695413589478,-0.008135005063377321,13520,0.007657819,4.849183291196823,0.0003,-1.1256490170955658
-400.93023255813955,1082,34,8,8704,200.0,0.016796875,0.07568508386611938,0.3,4.384814739227295,-0.006486893352121115,13530,0.018295214,7.997674202919006,0.0003,-1.1414740443229676
-400.90909090909093,1081,35,8,8960,200.0,0.015234375,0.00013720989227294922,0.3,1.6308305263519287,-0.004963309247978031,13540,0.017051777,4.381180870532989,0.0003,-1.1474074602127076
-400.8695652173913,1080,36,8,9216,200.0,0.0015625,1.621246337890625e-05,0.3,1.0170270204544067,-0.0033140598563477395,13550,0.011284701,4.350505328178405,0.0003,-0.9842967569828034
-400.8510638297872,1080,37,8,9472,200.0,0.01640625,-0.027553796768188477,0.3,3.814936399459839,-0.006331671203952283,13560,0.010860975,8.343788123130798,0.0003,-0.9739825099706649
-400.8333333333333,1079,38,9,9728,200.0,0.092578125,-0.0013741254806518555,0.3,1.9148551225662231,-0.008867184165865183,13570,0.008454285,4.344017753005028,0.0003,-0.9406250983476638
-400.81632653061223,1079,39,9,9984,200.0,0.019140625,2.6404857635498047e-05,0.3,1.950219988822937,-0.007152361539192497,13580,0.011645788,4.337819692492485,0.0003,-0.941205820441246
-400.7843137254902,1079,40,9,10240,200.0,0.003125,-0.064339280128479,0.3,3.1352384090423584,-0.005230501038022339,13590,0.006189405,4.369706413149833,0.0003,-1.0095200955867767
-400.0,1428,1,0,256,200.0,0.000390625,0.0003536343574523926,0.3,4.503436088562012,0.0003932232735678554,13600,0.0014545347,8.410369515419006,0.0003,-0.9447903275489807
-400.0,1240,2,0,512,200.0,0.005859375,-0.040795326232910156,0.3,3.104404926300049,-0.012060500006191433,13210,0.027631387,4.400455942749977,0.0003,-1.0775369942188262
-400.0,1158,3,0,768,200.0,0.001171875,0.0021749138832092285,0.3,0.6121631860733032,0.0003122436348348856,13220,0.0030507282,4.334752520918846,0.0003,-1.1378584921360015
-400.0,1118,4,0,1024,200.0,0.07265625,-0.022261738777160645,0.3,0.9744019508361816,-0.010610518557950855,13230,0.040787794,4.392476969957352,0.0003,-1.143665897846222
-400.0,1109,5,1,1280,200.0,0.001171875,0.051297664642333984,0.3,3.2631428241729736,-0.0011479825247079135,13240,0.0011723717,7.666427540779114,0.0003,-1.1001938879489899
-400.0,1093,6,1,1536,200.0,0.017578125,0.00044023990631103516,0.3,0.6419941186904907,-0.004684976954013109,13250,0.014247445,4.3545175909996034,0.0003,-1.104001957178116
-400.0,1088,7,1,1792,200.0,0.000390625,0.004343688488006592,0.3,2.297351837158203,-0.001999477669596672,13260,0.019416226,4.33417489528656,0.0003,-1.1012526750564575
-400.0,1090,8,1,2048,200.0,0.1390625,0.00039261579513549805,0.3,2.198815107345581,-0.011980935488827527,13270,0.04608597,4.345985031127929,0.0003,-1.131327885389328
-400.0,1088,9,2,2304,200.0,0.0,0.0016965270042419434,0.3,6.142398834228516,0.0003466956550255418,13280,0.00048276014,8.157556426525115,0.0003,-1.125590944290161
-400.0,1088,10,2,2560,200.0,0.0,-0.17567360401153564,0.3,0.996610164642334,-0.0011119194328784942,13290,0.0017349895,4.749711608886718,0.0003,-1.128241056203842
-400.0,1087,11,2,2816,200.0,0.0,0.015085041522979736,0.3,1.9127521514892578,-0.003912408882752061,13300,0.014525023,4.26498396396637,0.0003,-1.1438231587409973
-400.0,1085,12,2,3072,200.0,0.0,0.020229578018188477,0.3,3.386326313018799,-0.002467957395128906,13310,0.009170762,8.301737558841705,0.0003,-1.123192822933197
-400.0,1083,13,3,3328,200.0,0.0,-0.0020911693572998047,0.3,2.18285870552063,-0.0013706617755815387,13320,0.0036456338,4.343465954065323,0.0003,-1.0950360536575316
-400.0,1083,14,3,3584,200.0,0.003125,-0.014246702194213867,0.3,2.9944064617156982,-0.004781295266002417,13330,0.02248439,4.367579555511474,0.0003,-1.0553111016750336
-400.0,1082,15,3,3840,200.0,0.055078125,-0.012910842895507812,0.3,1.5677529573440552,-0.005730491504073143,13340,0.014209322,4.353606376051903,0.0003,-1.0675914704799652
-400.0,1078,16,3,4096,200.0,0.0,0.003936111927032471,0.3,3.87829327583313,-0.005730799166485667,13350,0.012579026,8.356192946434021,0.0003,-1.1292129576206207
-400.0,1079,17,4,4352,200.0,0.0,-0.0012134313583374023,0.3,1.8653008937835693,-0.0016498443437740207,13360,0.005067845,4.3471717715263365,0.0003,-1.1434222638607026
-402.17391304347825,1078,18,4,4608,200.0,0.0,0.001014113426208496,0.3,25.672977447509766,-0.0014343245187774301,13370,0.00872439,41.74509868621826,0.0003,-1.141375344991684
-402.0833333333333,1080,19,4,4864,200.0,0.0,0.006332337856292725,0.3,4.5439581871032715,-0.0027316799852997063,13380,0.0018708946,8.774459195137023,0.0003,-1.1275989651679992
-402.0,1077,20,4,5120,200.0,0.0,-0.0011023283004760742,0.3,3.5868375301361084,-0.005622321227565408,13390,0.0153365545,4.38606943488121,0.0003,-1.1111715495586396
-403.84615384615387,1079,21,4,5376,200.0,0.0,9.274482727050781e-05,0.3,3.355896472930908,-0.004726280109025538,13400,0.024073811,4.349363869428634,0.0003,-1.1208923697471618
-403.57142857142856,1077,22,5,5632,200.0,0.0,-0.0006756782531738281,0.3,13.95726203918457,-0.011615063576027752,13410,0.012816096,41.4096981048584,0.0003,-1.1492783427238464
-403.44827586206895,1075,23,5,5888,200.0,0.0,0.0037323832511901855,0.3,3.0656726360321045,0.0005849065957590938,13420,6.2340405e-05,8.827168202400207,0.0003,-1.1468131601810456
-403.3333333333333,1078,24,5,6144,200.0,0.078515625,0.017321348190307617,0.3,2.413158416748047,-0.013523166812956334,13430,0.028804664,3.9905437588691712,0.0003,-1.1509062588214873
-403.125,1074,25,5,6400,200.0,0.0,0.08592379093170166,0.3,0.8164700865745544,-0.004889739491045475,13440,0.006042622,3.607513689994812,0.0003,-1.1369367837905884
-403.030303030303,1074,26,6,6656,200.0,0.0,0.21644598245620728,0.3,3.0879967212677,0.0013346191961318254,13450,0.0003322491,6.447829961776733,0.0003,-1.1246491134166718
-402.94117647058823,1074,27,6,6912,200.0,0.0,-0.0010987520217895508,0.3,3.3539235591888428,5.391670856624842e-05,13460,6.3941116e-05,4.5022247672081,0.0003,-1.1278021931648254
-402.85714285714283,1075,28,6,7168,200.0,0.241796875,0.003057241439819336,0.3,2.395197868347168,-0.02456150350626558,13470,0.06548229,4.381524235010147,0.0003,-1.1199180424213409
-402.7027027027027,1073,29,6,7424,200.0,0.0,0.3574332594871521,0.3,1.3175753355026245,-0.0005189011804759503,13480,0.0015548654,2.95952849984169,0.0003,-1.10756613612175
-402.63157894736844,1073,30,7,7680,200.0,0.0,0.25093674659729004,0.3,3.4481308460235596,0.0010991565883159637,13490,0.00020812661,6.026574432849884,0.0003,-1.0797049582004548
-402.56410256410254,1071,31,7,7936,200.0,0.0,-0.0484696626663208,0.3,3.3989036083221436,-0.004855088796466589,13500,0.012177025,4.346706253290177,0.0003,-1.1029306828975678
-402.5,1072,32,7,8192,200.0,0.0,0.008924603462219238,0.3,0.7102786898612976,-0.0025641082553192972,13510,0.012371508,4.3272484064102175,0.0003,-1.111661249399185
-402.3809523809524,1072,33,7,8448,200.0,0.0,-0.016699671745300293,0.3,2.1426546573638916,0.0014072543010115624,13520,0.0027319102,4.359579545259476,0.0003,-1.0330475747585297
-402.3255813953488,1074,34,8,8704,200.0,0.027734375,0.0023186206817626953,0.3,5.570196151733398,-0.008516911510378122,13530,0.024521481,8.12809454202652,0.0003,-1.0765517055988312
-402.27272727272725,1071,35,8,8960,200.0,0.00078125,0.003596007823944092,0.3,1.5104644298553467,-0.002468625782057643,13540,0.0049678087,4.307201993465424,0.0003,-1.085609346628189
-402.17391304347825,1071,36,8,9216,200.0,0.0,-0.019753694534301758,0.3,0.8365638852119446,-0.007807324617169797,13550,0.0044782367,4.017445856332779,0.0003,-1.026216560602188
-402.1276595744681,1072,37,8,9472,200.0,0.0,-0.05491602420806885,0.3,3.8481032848358154,0.0005709546618163586,13560,0.0009248273,8.158922266960143,0.0003,-0.9910655379295349
-402.0833333333333,1072,38,9,9728,200.0,0.0,-0.017850518226623535,0.3,2.2313013076782227,-0.0016919193090870976,13570,0.006287882,4.407895368337631,0.0003,-1.0005293786525726
-402.0408163265306,1071,39,9,9984,200.0,0.0,0.07039415836334229,0.3,3.1834700107574463,-0.002582734846509993,13580,0.0045838095,4.110418677330017,0.0003,-1.0280060470104218
-401.96078431372547,1071,40,9,10240,200.0,0.0,0.007065236568450928,0.3,0.9838203191757202,-0.0029780715703964233,13590,0.009422559,4.3687460124492645,0.0003,-1.0658486425876617
-400.0,1432,1,0,256,200.0,0.0,0.01754659414291382,0.3,6.4285969734191895,-0.019073078874498606,13600,0.034577303,8.207970106601715,0.0003,-1.0991843163967132
-400.0,1186,2,0,512,200.0,0.01171875,0.00015991926193237305,0.3,1.5640137195587158,-0.008067118469625711,13610,0.017020013,4.347112908959389,0.0003,-0.9264443904161453
-400.0,1148,3,0,768,200.0,0.07734375,0.0002275705337524414,0.3,2.0676188468933105,-0.012234164169058204,13620,0.024140269,4.323120793700218,0.0003,-0.9102181047201157
-400.0,1143,4,0,1024,200.0,0.020703125,0.0001448988914489746,0.3,0.8296650052070618,-0.0041439308319240805,13630,0.008507731,4.347152894735336,0.0003,-0.6283611685037613
-400.0,1121,5,1,1280,200.0,0.0,0.0004691481590270996,0.3,3.599842071533203,-0.0010291046230122447,13640,0.00049691857,8.391255402565003,0.0003,-0.5788391172885895
-400.0,1105,6,1,1536,200.0,0.013671875,-4.0531158447265625e-06,0.3,2.135002851486206,0.0009356599301099777,13650,0.0036650766,4.350809520483017,0.0003,-0.6716140329837799
-400.0,1099,7,1,1792,200.0,0.00703125,0.0004436969757080078,0.3,1.4534765481948853,-0.002312057511880994,13660,0.0033088177,4.324098807573319,0.0003,-0.5662253260612488
-400.0,1085,8,1,2048,200.0,0.00078125,0.0006284713745117188,0.3,2.671354055404663,-0.0028701183386147023,13670,0.004142848,4.345892071723938,0.0003,-0.5333654746413231
-400.0,1090,9,2,2304,200.0,0.000390625,6.628036499023438e-05,0.3,3.9492545127868652,-0.0031975074205547573,13680,0.0035265924,8.17979371547699,0.0003,-0.6015773624181747
-400.0,1081,10,2,2560,200.0,0.001171875,-7.224082946777344e-05,0.3,1.499779462814331,-0.0019644361454993486,13690,0.0032532243,4.345176345109939,0.0003,-0.6307403475046158
-400.0,1077,11,2,2816,200.0,0.016015625,0.0004850029945373535,0.3,2.6122543811798096,-0.007043777778744697,13700,0.01187692,4.325239652395249,0.0003,-0.5785003662109375
-400.0,1078,12,2,3072,200.0,0.0,0.002649962902069092,0.3,3.1394147872924805,6.469078361988067e-05,13710,0.00013281615,8.366694223880767,0.0003,-0.549443930387497
-400.0,1079,13,3,3328,200.0,0.0,0.0010499954223632812,0.3,0.9731547832489014,-0.000755196949467063,13720,0.0006924893,4.332129418849945,0.0003,-0.5002309456467628
-400.0,1081,14,3,3584,200.0,0.0,0.001276552677154541,0.3,1.4576001167297363,-0.0009722969960421323,13730,0.0009861931,4.325150322914124,0.0003,-0.512243926525116
-400.0,1081,15,3,3840,200.0,0.016796875,0.008857488632202148,0.3,2.23055362701416,-0.005112152360379696,13740,0.007647019,4.275393158197403,0.0003,-0.5289499029517174
-400.0,1082,16,3,4096,200.0,0.0,0.008516848087310791,0.3,2.2198781967163086,4.2756251059472564e-05,13750,0.00011658762,8.477249455451965,0.0003,-0.5508164584636688
-400.0,1083,17,4,4352,200.0,0.00390625,0.005483150482177734,0.3,2.1495633125305176,-0.00529117623809725,13760,0.0025548001,4.315511268377304,0.0003,-0.5932881712913514
-400.0,1082,18,4,4608,200.0,0.000390625,0.006987094879150391,0.3,1.900093674659729,-0.002947934600524604,13770,0.00621444,4.285734736919403,0.0003,-0.5513844221830368
-400.0,1085,19,4,4864,200.0,0.0,0.012775123119354248,0.3,2.614783525466919,-0.0025404067244380714,13780,0.0018794786,8.257565844058991,0.0003,-0.4380446091294289
-400.0,1082,20,4,5120,200.0,0.00859375,0.010272979736328125,0.3,0.7372660040855408,-0.006647986499592662,13790,0.0065966025,4.2747260391712185,0.0003,-0.35508583635091784
-400.0,1084,21,4,5376,200.0,0.0,-0.011763453483581543,0.3,2.5249905586242676,-0.0002931325929239392,13800,0.00026983465,4.36201291680336,0.0003,-0.3094801217317581
-400.0,1086,22,5,5632,200.0,0.0,0.01774841547012329,0.3,1.3043268918991089,0.000540187954902649,13810,0.00022992236,4.213248807191849,0.0003,-0.3290165051817894
-400.0,1085,23,5,5888,200.0,0.0,0.10596877336502075,0.3,5.273242473602295,-0.0017318102065473795,13820,0.00028199633,7.883363032341004,0.0003,-0.3612795114517212
-400.0,1085,24,5,6144,200.0,0.0,0.061247289180755615,0.3,1.1609704494476318,0.00023389430716633797,13830,2.0638341e-05,4.246515280008316,0.0003,-0.40188941806554795
-400.0,1086,25,5,6400,200.0,0.003125,0.0064359307289123535,0.3,2.9522132873535156,-0.0023979136254638433,13840,0.012873143,4.362669599056244,0.0003,-0.4565664201974869
-400.0,1087,26,6,6656,200.0,0.00546875,0.02444291114807129,0.3,1.8957875967025757,-0.00010401911567896605,13850,0.0018099479,8.140824699401856,0.0003,-0.4520830616354942
-400.0,1086,27,6,6912,200.0,0.0,-0.02076876163482666,0.3,1.6812316179275513,-4.26420010626316e-06,13860,6.1891275e-05,4.349304670095444,0.0003,-0.492388354241848
-400.0,1085,28,6,7168,200.0,0.0,0.003537893295288086,0.3,3.8490965366363525,-0.0004285013070330024,13870,0.00082302745,4.3186041623353955,0.0003,-0.456068129837513
-400.0,1084,29,6,7424,200.0,0.0,-0.10769283771514893,0.3,2.954418420791626,0.0004213782958686352,13880,0.000116288196,4.721279668807983,0.0003,-0.5099543437361718
-400.0,1081,30,7,7680,200.0,0.016015625,0.007209300994873047,0.3,3.5852737426757812,-0.0017458214424550533,13890,0.0054918816,8.11909476518631,0.0003,-0.5601443201303482
-400.0,1082,31,7,7936,200.0,0.00234375,0.0072367191314697266,0.3,1.536283016204834,-0.004258945258334279,13900,0.0044679325,4.333858966827393,0.0003,-0.5488641023635864
-400.0,1078,32,7,8192,200.0,0.030078125,-0.025452494621276855,0.3,2.562006950378418,-0.009252032614313066,13910,0.016126515,4.4429693758487705,0.0003,-0.5302108004689217
-400.0,1078,33,7,8448,200.0,0.0,0.06098532676696777,0.3,2.951449155807495,-0.0008018633583560586,13920,0.0016060562,4.116990840435028,0.0003,-0.46404957622289655
-400.0,1078,34,8,8704,200.0,0.0,0.055388808250427246,0.3,1.9559261798858643,-0.0012350577395409345,13930,0.0011618377,7.91335711479187,0.0003,-0.5406967222690582
-400.0,1078,35,8,8960,200.0,0.01875,-0.004103660583496094,0.3,1.5453898906707764,-0.005501248966902494,13940,0.010442315,4.349546724557877,0.0003,-0.6124907106161117
-400.0,1077,36,8,9216,200.0,0.0203125,0.0012240409851074219,0.3,1.5341999530792236,-0.006547675235196948,13950,0.01071877,4.339760434627533,0.0003,-0.63941031396389
-400.0,1077,37,8,9472,200.0,0.000390625,0.00523751974105835,0.3,4.649662971496582,-0.0020925225806422533,13960,0.0033855578,8.37237091064453,0.0003,-0.6782595366239548
-400.0,1077,38,9,9728,200.0,0.019921875,2.3663043975830078e-05,0.3,2.9157047271728516,-0.006385818333365023,13970,0.014877149,4.35384738445282,0.0003,-0.7111117988824844
-400.0,1079,39,9,9984,200.0,0.067578125,-0.06069767475128174,0.3,1.4284775257110596,-0.014925117744132877,13980,0.07024459,4.3902792096138,0.0003,-0.8225514382123947
-400.0,1077,40,9,10240,200.0,0.062890625,0.004709482192993164,0.3,1.841131567955017,-0.007157842442393303,13990,0.021678304,4.337437152862549,0.0003,-0.8665682256221772
-400.0,1452,1,0,256,200.0,0.02265625,0.0035699009895324707,0.3,3.6810302734375,-0.00764538194052875,14000,0.015752193,8.356438541412354,0.0003,-0.933027270436287
-400.0,1174,2,0,512,200.0,0.0109375,-0.020975232124328613,0.3,1.3624889850616455,-0.002822636649943888,13610,0.011021825,4.371399599313736,0.0003,-1.0853854894638062
-400.0,1134,3,0,768,200.0,0.0015625,-0.004904627799987793,0.3,1.7843081951141357,-0.0006971443537622691,13620,0.0037011986,4.366524505615234,0.0003,-1.1240846455097198
-400.0,1123,4,0,1024,200.0,0.0046875,-0.10891711711883545,0.3,3.0479278564453125,-0.0027180979494005443,13630,0.0047017634,4.712864309549332,0.0003,-1.1360103130340575
-400.0,1090,5,1,1280,200.0,0.00703125,0.05504828691482544,0.3,2.236962080001831,-0.008246558764949442,13640,0.0048893946,8.008831667900086,0.0003,-1.1569588303565979
-405.7142857142857,1088,6,1,1536,200.0,0.00234375,-0.0055648088455200195,0.3,15.572218894958496,-0.006720207666512578,13650,0.00226009,22.57362308502197,0.0003,-1.1719856441020966
-405.0,1077,7,1,1792,200.0,0.00234375,0.0028651952743530273,0.3,2.5804858207702637,-0.0030202572466805576,13660,0.004675227,4.4282693564891815,0.0003,-1.1720730245113373
-406.0,1079,8,1,2048,200.0,0.004296875,-0.061383843421936035,0.3,3.6060242652893066,-0.0010099124629050493,13670,0.0021957979,4.436415725946427,0.0003,-1.1915119767189026
-405.45454545454544,1051,9,2,2304,200.0,0.01796875,0.0004925131797790527,0.3,7.591043472290039,-0.013432305329479277,13680,0.02815039,14.568075037002563,0.0003,-1.213653141260147
-405.0,1053,10,2,2560,200.0,0.109375,0.0015346407890319824,0.3,2.00437068939209,-0.015194902662187815,13690,0.052260622,4.3627255916595455,0.0003,-1.1443967342376709
-404.2857142857143,1052,11,2,2816,200.0,0.00859375,0.00751650333404541,0.3,2.594557285308838,-0.007361823180690408,13700,0.012526618,4.286747270822525,0.0003,-1.0221375107765198
-404.0,1052,12,2,3072,200.0,0.0,-0.003556370735168457,0.3,3.2223060131073,0.001600594725459814,13710,0.00040120073,8.688682413101196,0.0003,-0.9252247452735901
-403.75,1052,13,3,3328,200.0,0.003515625,0.00012296438217163086,0.3,3.6229488849639893,-0.0017627979163080455,13720,0.009283658,4.346339362859726,0.0003,-0.9890098303556443
-404.70588235294116,1053,14,3,3584,200.0,0.002734375,-0.00029850006103515625,0.3,5.702297210693359,-0.005123540386557579,13730,0.0030409943,10.599175882339477,0.0003,-1.0747077584266662
-404.2105263157895,1057,15,3,3840,200.0,0.0,0.03513491153717041,0.3,1.329580545425415,-0.0026720007415860893,13740,0.0031872906,4.311626309156418,0.0003,-1.0692807495594026
-404.0,1060,16,3,4096,200.0,0.0,0.0031701326370239258,0.3,4.468278408050537,0.0006442701676860451,13750,0.0001902259,8.578601777553558,0.0003,-1.025884610414505
-403.8095238095238,1055,17,4,4352,200.0,0.0,0.02317667007446289,0.3,3.3440446853637695,0.0015467238612473012,13760,0.00055106333,4.155572766065598,0.0003,-1.0665380954742432
-403.4782608695652,1055,18,4,4608,200.0,0.0,0.009723424911499023,0.3,3.11686635017395,-0.00041056263726204636,13770,0.0005613782,4.39075243473053,0.0003,-1.0228144586086274
-403.3333333333333,1058,19,4,4864,200.0,0.0,0.0026280879974365234,0.3,2.953784942626953,-0.0070470305159688,13780,0.011228621,8.262446475028991,0.0003,-1.0455435812473297
-403.2,1056,20,4,5120,200.0,0.05859375,0.01715242862701416,0.3,2.6892454624176025,-0.01140411924570799,13790,0.024653887,4.23752173781395,0.0003,-1.1065109968185425
-403.0769230769231,1056,21,5,5376,200.0,0.0,-0.014675021171569824,0.3,3.075587272644043,-0.003920293413102627,13800,0.010500235,4.3825670838356015,0.0003,-1.0952881753444672
-404.2857142857143,1057,22,5,5632,200.0,0.001953125,-0.06477665901184082,0.3,4.548342704772949,-0.006302769668400288,13810,0.007691115,17.844168186187744,0.0003,-1.025664246082306
-405.86206896551727,1058,23,5,5888,200.0,0.0,0.012071371078491211,0.3,5.2718706130981445,-0.001005135918967426,13820,0.0006934772,8.827519965171813,0.0003,-0.9991926193237305
-405.6666666666667,1059,24,5,6144,200.0,0.0,0.0003482699394226074,0.3,16.69698143005371,0.00055782605195418,13830,0.00013245363,41.472836589813234,0.0003,-1.0174877643585205
-405.3125,1057,25,6,6400,200.0,0.0,0.04520612955093384,0.3,3.1465566158294678,-0.0018250042106956244,13840,0.0024908883,4.204799491167068,0.0003,-1.0224251866340637
-405.1515151515151,1057,26,6,6656,200.0,0.0,0.0001563429832458496,0.3,4.522711277008057,-0.0010893523227423429,13850,0.0027662022,8.47789478302002,0.0003,-1.0161871641874314
-405.0,1055,27,6,6912,200.0,0.0,0.0031872987747192383,0.3,2.202582359313965,-0.005154776386916637,13860,0.014778217,4.326269805431366,0.0003,-0.9364903777837753
-405.42857142857144,1054,28,6,7168,200.0,0.0,0.03491276502609253,0.3,0.7988596558570862,-0.003911495581269265,13870,0.012766061,4.161536890268326,0.0003,-0.836451718211174
-405.13513513513516,1055,29,7,7424,200.0,0.001953125,-0.00733339786529541,0.3,3.691437005996704,-0.007067942549474538,13880,0.0030173166,10.542943978309632,0.0003,-0.7916801601648331
-407.36842105263156,1057,30,7,7680,200.0,0.0,0.039817214012145996,0.3,3.2135770320892334,5.6408881209790704e-05,13890,0.0006499293,8.812880754470825,0.0003,-0.8211764037609101
-414.1025641025641,1054,31,7,7936,200.0,0.0046875,-0.0006719827651977539,0.3,68.80074310302734,-0.008269958663731813,13900,0.0019206344,213.72248382568358,0.0003,-0.8144239842891693
-413.75,1055,32,7,8192,200.0,0.00546875,-0.0007717609405517578,0.3,78.82490539550781,-0.011067348276264965,13910,0.0026703244,165.50470428466798,0.0003,-0.8013046443462372
-413.0952380952381,1055,33,8,8448,200.0,0.0,0.0006343722343444824,0.3,3.4628467559814453,-0.00045944515150040386,13920,0.00018124538,5.623366582393646,0.0003,-0.8109054952859879
-412.7906976744186,1054,34,8,8704,200.0,0.0,-0.00392305850982666,0.3,4.826180458068848,-0.0009182644076645375,13930,0.00057880534,9.327930998802184,0.0003,-0.8287748664617538
-412.5,1053,35,8,8960,200.0,0.0,-0.0059511661529541016,0.3,2.978715181350708,-0.0004326746100559831,13940,0.0013996304,4.645153164863586,0.0003,-0.8555314481258393
-413.9130434782609,1052,36,8,9216,200.0,0.00546875,0.021327614784240723,0.3,1.1612262725830078,-0.004562610224820673,13950,0.010384046,4.321023672819138,0.0003,-0.8544726252555848
-415.531914893617,1054,37,8,9472,200.0,0.0015625,0.008550882339477539,0.3,39.95587158203125,-0.004098619078285992,13960,0.003068489,114.88492908477784,0.0003,-0.771339163184166
-415.2083333333333,1053,38,9,9728,200.0,0.001953125,-0.017757534980773926,0.3,43.6877326965332,-0.006469532661139965,13970,0.00069043925,108.45147132873535,0.0003,-0.7561090797185898
-414.8979591836735,1054,39,9,9984,200.0,0.0,0.005472958087921143,0.3,4.176279067993164,-0.00043267328292131426,13980,0.0001960625,5.154293233156205,0.0003,-0.7583404690027237
-414.3137254901961,1053,40,9,10240,200.0,0.0,-9.5367431640625e-06,0.3,2.9075167179107666,-0.003396061668172479,13990,0.0025650784,4.799143862724304,0.0003,-0.7611621618270874
-400.0,1387,1,0,256,200.0,0.0,1.7344951629638672e-05,0.3,6.089084625244141,0.0022982776165008543,14000,0.0018666219,8.911957955360412,0.0003,-0.833565565943718
-400.0,1195,2,0,512,200.0,0.0,0.0011169910430908203,0.3,2.376431703567505,-0.003311002254486084,14010,0.013750512,4.3333980441093445,0.0003,-0.9142106503248215
-400.0,1155,3,0,768,200.0,0.00859375,0.002174675464630127,0.3,1.597187876701355,-0.0019494895823299885,14020,0.008244752,4.314331495761872,0.0003,-0.8948111742734909
-410.0,1128,4,0,1024,200.0,0.003125,0.0030768513679504395,0.3,13.941692352294922,-0.0018758331658318638,14030,0.0019459636,41.33705763816833,0.0003,-0.8540270954370499
-408.3333333333333,1111,5,1,1280,200.0,0.0,0.03522324562072754,0.3,2.897538661956787,0.00012351498007774354,14040,5.546538e-05,9.06446714401245,0.0003,-0.859193155169487
-407.14285714285717,1100,6,1,1536,200.0,0.11875,0.028406918048858643,0.3,2.357085943222046,-0.01667973417788744,14050,0.043769762,4.264715075492859,0.0003,-0.7994398891925811
-406.25,1097,7,1,1792,200.0,0.0171875,-0.0037467479705810547,0.3,0.9165024161338806,-0.0071323750307783484,14060,0.023977619,4.443610230088234,0.0003,-0.8337384104728699
-405.0,1095,8,1,2048,200.0,0.0,-0.0020090341567993164,0.3,1.7392783164978027,-0.0013709316728636623,14070,0.0045850333,4.377602612972259,0.0003,-0.7327952533960342
-404.54545454545456,1087,9,2,2304,200.0,0.001953125,0.0006541609764099121,0.3,4.118624687194824,-0.00026588449254631995,14080,0.0027142519,8.178954076766967,0.0003,-0.7308991909027099
-404.1666666666667,1081,10,2,2560,200.0,0.0015625,0.002429366111755371,0.3,2.233255624771118,-0.003955332515761256,14090,0.0033978792,4.3311977088451385,0.0003,-0.7080866575241089
-403.57142857142856,1075,11,2,2816,200.0,0.00546875,-0.002024412155151367,0.3,0.12715581059455872,-0.0036020128522068263,14100,0.009989725,4.337987767159939,0.0003,-0.655103000998497
-403.3333333333333,1070,12,2,3072,200.0,0.0,0.0005586147308349609,0.3,7.124020099639893,0.0004002583213150501,14110,0.00034178817,8.403045547008514,0.0003,-0.6379914313554764
-403.125,1072,13,3,3328,200.0,0.0,0.00017493963241577148,0.3,2.563802480697632,-0.0012321550864726305,14120,0.0010115833,4.349858838319778,0.0003,-0.6361782163381576
-402.94117647058823,1069,14,3,3584,200.0,0.054296875,-0.000863194465637207,0.3,3.012312173843384,-0.02185478580649942,14130,0.022551991,4.329031705856323,0.0003,-0.6500459611415863
-402.63157894736844,1069,15,3,3840,200.0,0.005078125,0.05937319993972778,0.3,1.910591959953308,-0.006205011275596917,14140,0.00484746,3.9836842596530913,0.0003,-0.6916059464216232
-405.0,1068,16,3,4096,200.0,0.0,-0.0009989738464355469,0.3,3.680600166320801,-0.0033631123136729003,14150,0.0027741455,8.48657205104828,0.0003,-0.711853313446045
-404.76190476190476,1068,17,4,4352,200.0,0.0,-0.001562952995300293,0.3,7.397492408752441,-0.0019433134817518293,14160,0.0015131664,23.392734003067016,0.0003,-0.6584942132234574
-404.3478260869565,1066,18,4,4608,200.0,0.0015625,7.730722427368164e-05,0.3,2.6102778911590576,-0.0012446036329492927,14170,0.0010124948,4.359742188453675,0.0003,-0.6456136465072632
-404.1666666666667,1064,19,4,4864,200.0,0.0,0.00031960010528564453,0.3,5.8343892097473145,-0.00011634454131126404,14180,7.268507e-05,8.412265205383301,0.0003,-0.609018263220787
-404.0,1065,20,4,5120,200.0,0.038671875,0.00014358758926391602,0.3,2.372528553009033,-0.006063195969909429,14190,0.012100462,4.345166891813278,0.0003,-0.6569954693317414
-403.84615384615387,1064,21,5,5376,200.0,0.0,0.00014394521713256836,0.3,2.2933030128479004,-0.0004517383174970746,14200,0.00057236245,4.326421719789505,0.0003,-0.7012811332941056
-403.57142857142856,1061,22,5,5632,200.0,0.00390625,0.00013697147369384766,0.3,2.5880966186523438,-0.002885224879719317,14210,0.004706907,4.348509174585343,0.0003,-0.706065621972084
-403.44827586206895,1061,23,5,5888,200.0,0.0,1.6629695892333984e-05,0.3,5.233717918395996,0.0019267078721895814,14220,0.0002658593,8.396685671806335,0.0003,-0.7491457730531692
-403.3333333333333,1061,24,5,6144,200.0,0.00546875,-0.004395842552185059,0.3,2.4334022998809814,-0.002754128910601139,14230,0.0049980297,4.350051510334015,0.0003,-0.7147065907716751
-403.125,1061,25,6,6400,200.0,0.0015625,-7.784366607666016e-05,0.3,1.0088841915130615,-0.0021660398691892625,14240,0.010370458,4.328231340646743,0.0003,-0.7430902630090713
-403.030303030303,1059,26,6,6656,200.0,0.009375,0.00010687112808227539,0.3,3.8657243251800537,-0.003490393236279488,14250,0.0035846408,8.382122921943665,0.0003,-0.7814501255750657
-402.94117647058823,1058,27,6,6912,200.0,0.003515625,0.000321805477142334,0.3,2.2134299278259277,-0.006967801949940622,14260,0.0051034894,4.345900130271912,0.0003,-0.7842352032661438
-402.85714285714283,1057,28,6,7168,200.0,0.0046875,2.6464462280273438e-05,0.3,3.1812849044799805,-0.002994179795496166,14270,0.008782404,4.324486047029495,0.0003,-0.7672954559326172
-402.7027027027027,1057,29,7,7424,200.0,0.0671875,0.0021150708198547363,0.3,2.8200843334198,-0.009267783956602216,14280,0.035608724,4.3109153509140015,0.0003,-0.7289924442768096
-402.63157894736844,1052,30,7,7680,200.0,0.00078125,-0.0003827810287475586,0.3,4.826952934265137,-0.000923247798345983,14290,0.0020840284,8.608196258544922,0.0003,-0.6550585776567459
-402.56410256410254,1052,31,7,7936,200.0,0.009375,-0.001813054084777832,0.3,3.360318422317505,-0.003344497294165194,14300,0.00090356544,4.358893781900406,0.0003,-0.6539364516735077
-402.5,1051,32,7,8192,200.0,0.029296875,0.00023955106735229492,0.3,2.9775960445404053,-0.004132123943418264,14310,0.011623484,4.319389361143112,0.0003,-0.7042592138051986
-402.3809523809524,1050,33,8,8448,200.0,0.001171875,0.00012308359146118164,0.3,2.057624340057373,-0.0012378369458019734,14320,0.0034620392,4.347356444597244,0.0003,-0.7115521699190139
-402.3255813953488,1052,34,8,8704,200.0,0.001171875,6.115436553955078e-05,0.3,5.558462142944336,-0.005440404498949647,14330,0.0062600006,8.178130221366882,0.0003,-0.6912800192832946
-402.27272727272725,1050,35,8,8960,200.0,0.0515625,-0.00019061565399169922,0.3,2.629145622253418,-0.011808228748850524,14340,0.017359309,4.349802231788635,0.0003,-0.7425434023141861
-403.2608695652174,1050,36,8,9216,200.0,0.002734375,8.255243301391602e-05,0.3,1.3748408555984497,-0.0045941453892737625,14350,0.006462584,4.328049349784851,0.0003,-0.7757827550172806
-404.25531914893617,1050,37,9,9472,200.0,0.0,3.129243850708008e-05,0.3,28.244281768798828,-0.002851612539961934,14360,0.0036552888,45.9338399887085,0.0003,-0.7216421246528626
-404.1666666666667,1050,38,9,9728,200.0,0.0,-0.0012354850769042969,0.3,9.67027473449707,-0.006099889311008156,14370,0.0015792022,41.17001485824585,0.0003,-0.7253743916749954
-404.0816326530612,1049,39,9,9984,200.0,0.0,0.0001849532127380371,0.3,2.9014902114868164,-0.001210065418854356,14380,0.0018747228,4.692155492305756,0.0003,-0.6893815249204636
-403.921568627451,1049,40,9,10240,200.0,0.006640625,-0.00022351741790771484,0.3,3.733849287033081,-0.006934926891699433,14390,0.0082610855,4.511214628815651,0.0003,-0.6581346869468689
-400.0,1392,1,0,256,200.0,0.02578125,0.00014710426330566406,0.3,2.590289831161499,-0.003624460520222783,14400,0.0074604293,8.570228165388107,0.0003,-0.6773189961910248
-400.0,1198,2,0,512,200.0,0.01328125,-5.9604644775390625e-06,0.3,1.9281269311904907,-0.0036362933460623026,14010,0.01527333,4.381811100244522,0.0003,-0.8743501424789428
-400.0,1123,3,0,768,200.0,0.0,2.5033950805664062e-05,0.3,3.45120906829834,-0.0023089188616722822,14020,0.007852704,4.347597616910934,0.0003,-0.903665515780449
-410.0,1120,4,0,1024,200.0,0.0,3.36766242980957e-05,0.3,21.244047164916992,0.0032480846159160135,14030,0.003332094,41.66795873641968,0.0003,-0.8038899600505829
-408.3333333333333,1100,5,1,1280,200.0,0.0,-4.780292510986328e-05,0.3,4.856726169586182,-0.0015569484792649746,14040,0.00083759124,8.775405120849609,0.0003,-0.7782478749752044
-407.14285714285717,1086,6,1,1536,200.0,0.07578125,-7.152557373046875e-07,0.3,2.9910593032836914,-0.010015596030279994,14050,0.03661969,4.379319882392883,0.0003,-0.6761284798383713
-406.25,1079,7,1,1792,200.0,0.0,1.2934207916259766e-05,0.3,2.490251302719116,-0.0014823393430560827,14060,0.0033365565,4.354934567213059,0.0003,-0.5147906750440597
-405.0,1075,8,1,2048,200.0,0.01171875,-7.271766662597656e-06,0.3,1.5278689861297607,-0.004971508891321719,14070,0.010669848,4.353374993801117,0.0003,-0.4387755125761032
-404.54545454545456,1073,9,2,2304,200.0,0.0,1.7762184143066406e-05,0.3,4.0317301750183105,-0.002971111424267292,14080,0.0029430795,8.183880388736725,0.0003,-0.3247638136148453
-404.1666666666667,1058,10,2,2560,200.0,0.0,-2.2649765014648438e-06,0.3,3.681100845336914,5.8938143774867056e-05,14090,1.1315569e-07,4.343933093547821,0.0003,-0.29189509600400926
-403.57142857142856,1057,11,2,2816,200.0,0.0,7.033348083496094e-06,0.3,2.566213607788086,5.000557284802198e-05,14100,6.289431e-05,4.331552851200104,0.0003,-0.3024328872561455
-403.3333333333333,1057,12,2,3072,200.0,0.0,1.4841556549072266e-05,0.3,4.039761066436768,-0.0011334285605698823,14110,0.0004141084,8.369047939777374,0.0003,-0.3175312429666519
-403.125,1055,13,3,3328,200.0,0.0,1.9729137420654297e-05,0.3,3.574385643005371,-0.0003464324516244233,14120,0.00028883922,4.35615185201168,0.0003,-0.3302960529923439
-402.94117647058823,1054,14,3,3584,200.0,0.0,1.245737075805664e-05,0.3,1.436803936958313,-0.0014517666306346655,14130,0.0014919275,4.321044379472733,0.0003,-0.2876782357692719
-402.63157894736844,1055,15,3,3840,200.0,0.0,-4.3511390686035156e-05,0.3,2.9963502883911133,-0.0010259486152790487,14140,0.00082258787,4.3479317009449,0.0003,-0.24495597928762436
-403.5,1055,16,3,4096,200.0,0.002734375,6.020069122314453e-06,0.3,7.239269256591797,-0.005690897349268198,14150,0.0015151133,14.564579010009766,0.0003,-0.23535295352339744
-404.2857142857143,1057,17,4,4352,200.0,0.00234375,0.00020676851272583008,0.3,2.285767078399658,0.0001901567680761218,14160,0.001161579,4.36658798456192,0.0003,-0.26882869005203247
-403.9130434782609,1058,18,4,4608,200.0,0.002734375,0.0032495856285095215,0.3,4.435710430145264,-0.005584760289639235,14170,0.0011515813,9.373673927783965,0.0003,-0.2717972308397293
-403.75,1058,19,4,4864,200.0,0.0,0.00011152029037475586,0.3,2.42110013961792,-0.00019102930091321468,14180,0.0010478515,8.514970135688781,0.0003,-0.28184165209531786
-405.6,1059,20,4,5120,200.0,0.0,-0.00014293193817138672,0.3,1.6350945234298706,-0.0002073311246931553,14190,0.0024185965,4.284732973575592,0.0003,-0.3361723139882088
-405.38461538461536,1061,21,5,5376,200.0,0.001953125,0.12902837991714478,0.3,14.575749397277832,-0.004623393854126334,14200,0.00080551486,43.776372241973874,0.0003,-0.366560959815979
-405.0,1059,22,5,5632,200.0,0.0,-0.000506281852722168,0.3,0.9231410026550293,-0.001244567194953561,14210,0.00091991597,4.623573535680771,0.0003,-0.38331286460161207
-404.82758620689657,1060,23,5,5888,200.0,0.0,2.1636486053466797e-05,0.3,6.863563537597656,-0.0007980399299412966,14220,0.00061401096,8.764900195598603,0.0003,-0.40044057965278623
-407.6666666666667,1060,24,5,6144,200.0,0.0,0.0002970099449157715,0.3,2.2559263706207275,3.676167689263821e-05,14230,0.001089433,4.350796270370483,0.0003,-0.3484341621398926
-407.1875,1061,25,6,6400,200.0,0.0015625,-0.00015532970428466797,0.3,94.06285095214844,-0.0050497552379965786,14240,0.0006679846,111.86037788391113,0.0003,-0.3384072229266167
-406.969696969697,1057,26,6,6656,200.0,0.0,1.823902130126953e-05,0.3,5.671960353851318,-0.0012831138796173037,14250,0.00042008585,8.873099637031554,0.0003,-0.34606142789125444
-406.7647058823529,1055,27,6,6912,200.0,0.03671875,0.0013808012008666992,0.3,3.1009604930877686,-0.003033058368600905,14260,0.011064099,4.386058217287063,0.0003,-0.4071566089987755
-406.57142857142856,1055,28,6,7168,200.0,0.0,-1.633167266845703e-05,0.3,1.7755006551742554,3.517183940857649e-05,14270,6.815512e-05,4.356156814098358,0.0003,-0.4617525041103363
-406.2162162162162,1054,29,7,7424,200.0,0.0,2.2113323211669922e-05,0.3,3.3586418628692627,1.0376726277172565e-05,14280,1.3054116e-05,4.353550493717194,0.0003,-0.47083045542240143
-406.05263157894734,1050,30,7,7680,200.0,0.0,-1.6927719116210938e-05,0.3,2.660132884979248,-0.002421082346700132,14290,0.0022618303,8.40075980424881,0.0003,-0.4440494626760483
-405.8974358974359,1052,31,7,7936,200.0,0.00625,4.357099533081055e-05,0.3,2.7212772369384766,-0.004363995883613825,14300,0.003915474,4.349475717544555,0.0003,-0.43932918161153794
-405.75,1051,32,7,8192,200.0,0.0,7.152557373046875e-06,0.3,2.4962246417999268,-0.00028232319746166465,14310,0.00048394012,4.3261104941368105,0.0003,-0.47758659422397615
-405.4761904761905,1051,33,8,8448,200.0,0.0,-1.3113021850585938e-06,0.3,3.872267723083496,-0.0004767968552187085,14320,0.0013415255,4.34532852768898,0.0003,-0.4330931931734085
-405.3488372093023,1050,34,8,8704,200.0,0.0,1.4901161193847656e-05,0.3,2.4949450492858887,-0.0010707012610509993,14330,0.0011828849,8.192789602279664,0.0003,-0.42361367493867874
-405.22727272727275,1049,35,8,8960,200.0,0.0703125,2.187490463256836e-05,0.3,1.7735477685928345,-0.0015989336650818586,14340,0.006735298,4.347446131706238,0.0003,-0.5155844956636428
-405.0,1050,36,8,9216,200.0,0.041015625,-6.0439109802246094e-05,0.3,1.901344895362854,-0.00913919573649764,14350,0.021995448,4.331897240877152,0.0003,-0.5866747677326203
-404.8936170212766,1051,37,9,9472,200.0,0.0,-1.728534698486328e-05,0.3,2.8966946601867676,0.002489794441498816,14360,0.00024103769,8.383910727500915,0.0003,-0.7061239063739777
-404.7916666666667,1051,38,9,9728,200.0,0.001171875,1.704692840576172e-05,0.3,1.5224794149398804,-0.00793043482117355,14370,0.015092975,4.352173328399658,0.0003,-0.6645624727010727
-404.6938775510204,1049,39,9,9984,200.0,0.0921875,3.629922866821289e-05,0.3,0.8995444178581238,-0.018296359945088624,14380,0.031018967,4.3242072522640225,0.0003,-0.6941100478172302
-404.5098039215686,1049,40,9,10240,200.0,0.073828125,3.159046173095703e-05,0.3,2.770124673843384,-0.008234639884904027,14390,0.024828628,4.346988689899445,0.0003,-0.8202022403478623
-400.0,1277,1,0,256,200.0,0.0,9.417533874511719e-06,0.3,5.017027854919434,-0.00396326333284378,14400,0.006997902,8.39541436433792,0.0003,-0.839528712630272
-400.0,1167,2,0,512,200.0,0.01640625,5.841255187988281e-05,0.3,2.5975470542907715,-0.006218883208930492,14410,0.010874592,4.352024519443512,0.0003,-0.7352398246526718
-400.0,1140,3,0,768,200.0,0.016015625,4.00543212890625e-05,0.3,2.303363561630249,-0.0020664820913225412,14420,0.007603145,4.333825242519379,0.0003,-0.8006406337022781
-410.0,1111,4,0,1024,200.0,0.0,-0.0001207590103149414,0.3,15.595765113830566,-0.0017519582761451602,14430,0.0009173667,41.75060505867005,0.0003,-0.7922992944717407
-408.3333333333333,1102,5,1,1280,200.0,0.0,0.0004534125328063965,0.3,3.7522575855255127,-0.0015427065081894398,14440,0.000108689535,8.761647510528565,0.0003,-0.8013560086488724
-407.14285714285717,1091,6,1,1536,200.0,0.0,0.0001055598258972168,0.3,2.8248162269592285,-0.0009262373438104987,14450,0.0006578979,4.379313719272614,0.0003,-0.7927890717983246
-406.25,1075,7,1,1792,200.0,0.00546875,5.519390106201172e-05,0.3,1.8067631721496582,-0.012152944225817919,14460,0.006636363,4.351907324790955,0.0003,-0.8531582802534103
-405.0,1072,8,1,2048,200.0,0.0,9.965896606445312e-05,0.3,2.6166367530822754,-0.0013463288545608521,14470,0.0044566654,4.353414905071259,0.0003,-0.8902984172105789
-409.09090909090907,1073,9,2,2304,200.0,0.00234375,0.0023906826972961426,0.3,4.46097993850708,-0.009503351617604494,14480,0.010041816,8.137935733795166,0.0003,-0.8892702341079712
-408.3333333333333,1076,10,2,2560,200.0,0.0,-0.0019407272338867188,0.3,23.910036087036133,0.0018363381968811154,14490,0.0010100214,42.51796684265137,0.0003,-0.894803237915039
-407.14285714285717,1061,11,2,2816,200.0,0.1890625,0.0003745555877685547,0.3,1.786319613456726,-0.016660757781937718,14500,0.04058242,4.338797664642334,0.0003,-0.9171703517436981
-406.6666666666667,1060,12,2,3072,200.0,0.0,2.9325485229492188e-05,0.3,3.744105577468872,-0.0029549854807555676,14510,0.008083424,8.401900744438171,0.0003,-1.0555895149707795
-406.25,1059,13,3,3328,200.0,0.003125,-1.0013580322265625e-05,0.3,1.3614273071289062,-0.005379822361283005,14520,0.0046350686,4.350631690025329,0.0003,-0.9872447818517684
-405.88235294117646,1061,14,3,3584,200.0,0.0,0.0001779794692993164,0.3,3.1268162727355957,-0.0005145772593095899,14530,0.0015363239,4.324593710899353,0.0003,-0.9641688674688339
-405.2631578947368,1061,15,3,3840,200.0,0.001953125,5.4895877838134766e-05,0.3,3.3788130283355713,-0.0024867474101483824,14540,0.0032435546,4.34980463385582,0.0003,-0.9994177043437957
-405.0,1065,16,3,4096,200.0,0.0,0.00036263465881347656,0.3,4.743471145629883,0.00023668238427489995,14550,0.00024550525,8.410965824127198,0.0003,-0.9679387867450714
-404.76190476190476,1063,17,4,4352,200.0,0.00546875,-0.00041925907135009766,0.3,3.0517354011535645,-0.006597910868003964,14560,0.003313517,4.353039443492889,0.0003,-0.992283147573471
-406.5217391304348,1064,18,4,4608,200.0,0.003515625,-0.0010139942169189453,0.3,2.6629478931427,-0.013049775431863964,14570,0.012057794,4.329870137572288,0.0003,-0.988070884346962
-406.25,1059,19,4,4864,200.0,0.0046875,-0.0011276006698608398,0.3,14.320830345153809,-0.010164829017594457,14580,0.010878198,27.144353008270265,0.0003,-1.0762177526950836
-406.0,1064,20,4,5120,200.0,0.067578125,-0.006589651107788086,0.3,1.3894355297088623,-0.01522115939296782,14590,0.04311887,4.4300813436508175,0.0003,-1.1496819078922271
-405.7692307692308,1062,21,5,5376,200.0,0.0,0.012863576412200928,0.3,1.8784290552139282,-0.002794979023747146,14600,0.0047181845,4.268047970533371,0.0003,-1.2083081662654878
-405.35714285714283,1064,22,5,5632,200.0,0.016796875,0.14132195711135864,0.3,1.7717349529266357,-0.016216827230527996,14610,0.021278284,3.7101148664951324,0.0003,-1.1731755971908568
-405.17241379310343,1068,23,5,5888,200.0,0.005078125,0.055089473724365234,0.3,2.123568296432495,-0.006364728230983019,14620,0.012344388,8.470386528968811,0.0003,-1.2277735650539399
-405.0,1066,24,5,6144,200.0,0.06015625,0.05045807361602783,0.3,1.6439425945281982,-0.007552806963212788,14630,0.026547123,4.0805208563804625,0.0003,-1.2497928082942962
-404.6875,1066,25,6,6400,200.0,0.1609375,0.06634598970413208,0.3,2.2550599575042725,-0.024740886595100164,14640,0.09640333,3.4875702649354934,0.0003,-1.2639357924461365
-404.54545454545456,1067,26,6,6656,200.0,0.011328125,-0.22848963737487793,0.3,3.4769301414489746,0.001114345109090209,14650,0.0029933427,8.741315674781799,0.0003,-1.2647855520248412
-404.4117647058824,1067,27,6,6912,200.0,0.0015625,-0.029342174530029297,0.3,2.564628839492798,-0.005151689099147916,14660,0.00931981,4.424084329605103,0.0003,-1.2949574768543244
-404.2857142857143,1067,28,6,7168,200.0,0.0,0.0003464818000793457,0.3,3.8349928855895996,-0.001801175414584577,14670,0.006993005,4.310144516825676,0.0003,-1.318010050058365
-405.4054054054054,1068,29,6,7424,200.0,0.016796875,0.004827976226806641,0.3,1.8879978656768799,-0.002929433365352452,14680,0.013115931,4.261338317394257,0.0003,-1.2950905382633209
-405.2631578947368,1069,30,7,7680,200.0,0.0,0.03511148691177368,0.3,25.3585205078125,0.0008960143895819783,14690,0.0022404466,44.81187620162964,0.0003,-1.3404025614261628
-405.12820512820514,1065,31,7,7936,200.0,0.0,0.011073648929595947,0.3,2.217822790145874,-0.0008076719939708709,14700,0.0069424314,4.344624328613281,0.0003,-1.3088466584682465
-405.0,1065,32,7,8192,200.0,0.017578125,-0.06861710548400879,0.3,2.117858409881592,-0.012643931433558464,14710,0.023626303,4.421743321418762,0.0003,-1.2854322969913483
-404.76190476190476,1067,33,7,8448,200.0,0.0015625,0.12238740921020508,0.3,2.355637311935425,-0.004270347976125776,14720,0.009283565,3.8197301506996153,0.0003,-1.2215682208538055
-404.6511627906977,1067,34,8,8704,200.0,0.0,0.03334808349609375,0.3,2.959223985671997,-0.002955881739035249,14730,0.0022436923,8.273504209518432,0.0003,-1.160562014579773
-404.54545454545456,1067,35,8,8960,200.0,0.108984375,0.08582508563995361,0.3,1.3852581977844238,-0.02140548462048173,14740,0.068812355,4.068658655881881,0.0003,-1.2320712983608246
-404.3478260869565,1067,36,8,9216,200.0,0.1109375,-0.09988546371459961,0.3,3.2656443119049072,-0.02316365479491651,14750,0.103331305,4.600510680675507,0.0003,-1.2503527104854584
-404.25531914893617,1068,37,8,9472,200.0,0.0,0.006514251232147217,0.3,3.415806293487549,-0.002179478434845805,14760,0.0049100714,8.579858303070068,0.0003,-1.2200913608074189
-404.1666666666667,1068,38,9,9728,200.0,0.00390625,0.009446501731872559,0.3,2.4657604694366455,-0.007933129044249653,14770,0.009720494,4.187264370918274,0.0003,-1.224718600511551
-404.0816326530612,1069,39,9,9984,200.0,0.004296875,0.09006392955780029,0.3,1.8259905576705933,-0.0024520521983504295,14780,0.011016683,3.9801217675209046,0.0003,-1.2816561162471771
-403.3333333333333,1069,40,9,10240,200.0,0.002734375,-0.4450364112854004,0.3,3.258807897567749,-0.005192619957961142,14790,0.013020549,14.358461904525758,0.0003,-1.2592287898063659
-400.0,1438,1,0,256,200.0,0.01953125,0.14717352390289307,0.3,2.8233113288879395,-0.00900411494076252,14800,0.009748501,6.642140936851502,0.0003,-1.218366914987564
-445.0,1222,2,0,512,200.0,0.0015625,0.051021039485931396,0.3,86.8529281616211,-0.0014693610835820436,14410,0.003214975,105.74018630981445,0.0003,-0.797833514213562
-430.0,1169,3,0,768,200.0,0.0,0.006422281265258789,0.3,2.7780730724334717,-0.005909931473433971,14420,0.014661087,4.285954546928406,0.0003,-0.7622426480054856
-418.0,1150,4,0,1024,200.0,0.0,0.06511896848678589,0.3,1.2324726581573486,-0.0014346872456371784,14430,0.0018148364,4.085378101468086,0.0003,-0.6805571883916854
-415.0,1133,5,1,1280,200.0,0.0,0.09378314018249512,0.3,3.6138498783111572,0.00028087396640330553,14440,0.0027868852,7.423903846740723,0.0003,-0.7238779187202453
-412.85714285714283,1121,6,1,1536,200.0,0.0,0.33551132678985596,0.3,1.5757777690887451,-0.0006380340084433556,14450,0.00109151,2.9647590041160585,0.0003,-0.7416070640087128
-411.25,1117,7,1,1792,200.0,0.0,0.4435405731201172,0.3,0.7254894375801086,0.000298420712351799,14460,7.183617e-05,1.7720317974686624,0.0003,-0.7046977877616882
-409.0,1120,8,1,2048,200.0,0.0,0.1864035725593567,0.3,1.603411078453064,-0.0003506785491481423,14470,0.00013400707,3.2758508920669556,0.0003,-0.7156608521938324
-408.1818181818182,1109,9,2,2304,200.0,0.0046875,-0.2127971649169922,0.3,5.990130424499512,-0.004834510036744177,14480,0.0024877077,9.48041512966156,0.0003,-0.7251525551080704
-407.5,1108,10,2,2560,200.0,0.0,-0.24857449531555176,0.3,2.296095609664917,3.330542240291834e-05,14490,0.00025176676,5.736611717939377,0.0003,-0.7206865519285202
-406.42857142857144,1106,11,2,2816,200.0,0.0,-0.012262105941772461,0.3,2.2883710861206055,-0.00011856567580252886,14500,8.968101e-05,4.279435841739177,0.0003,-0.7157232284545898
-406.0,1104,12,2,3072,200.0,0.0,-0.009808778762817383,0.3,2.780200958251953,-0.0004879454616457224,14510,0.00034355302,7.982841515541077,0.0003,-0.6971680998802186
-405.625,1102,13,3,3328,200.0,0.0,0.13060736656188965,0.3,1.823738694190979,-0.00032235216349363327,14520,0.0001806696,4.471513900160789,0.0003,-0.6772381126880646
-405.29411764705884,1104,14,3,3584,200.0,0.0,-0.1233060359954834,0.3,2.2437057495117188,0.0003402958856895566,14530,0.0004707533,4.566652536392212,0.0003,-0.6807903170585632
-407.36842105263156,1104,15,3,3840,200.0,0.002734375,0.051554322242736816,0.3,2.5442519187927246,-0.007519292365759611,14540,0.0021808976,4.134173554182053,0.0003,-0.6907886564731598
-407.0,1098,16,3,4096,200.0,0.0,0.009565532207489014,0.3,36.356895446777344,-0.0008899701293557883,14550,0.0017261752,42.918307065963745,0.0003,-0.6563561975955963
-410.95238095238096,1096,17,3,4352,200.0,0.00078125,-0.0005015134811401367,0.3,3.01914119720459,-0.002715647779405117,14560,0.0024644611,4.372633767127991,0.0003,-0.6319936692714692
-410.0,1095,18,4,4608,200.0,0.00234375,-0.010432600975036621,0.3,47.153297424316406,-0.006932864291593432,14570,0.0017298223,105.30314331054687,0.0003,-0.6388176679611206
-411.6666666666667,1097,19,4,4864,200.0,0.0,0.055414795875549316,0.3,2.1996397972106934,8.049174211919308e-05,14580,4.8024813e-05,9.739894199371339,0.0003,-0.6484418511390686
-412.0,1093,20,4,5120,200.0,0.0,0.018883943557739258,0.3,22.068496704101562,-0.0002478571026585996,14590,0.0002778445,39.82670960426331,0.0003,-0.6608947038650512
-411.53846153846155,1094,21,4,5376,200.0,0.002734375,0.017697930335998535,0.3,5.6281418800354,-0.006203147181076929,14600,0.001211216,10.170007371902466,0.0003,-0.6751821935176849
-410.7142857142857,1091,22,5,5632,200.0,0.0,0.056877732276916504,0.3,2.347587823867798,-0.0007993115345016122,14610,0.00023068278,5.0257769376039505,0.0003,-0.6634454697370529
-410.3448275862069,1089,23,5,5888,200.0,0.0,0.1317075490951538,0.3,2.167285203933716,-0.001216135686263442,14620,0.0005594583,7.359147047996521,0.0003,-0.6494593650102616
-410.0,1091,24,5,6144,200.0,0.015234375,0.024899601936340332,0.3,1.9891741275787354,-0.0024622822180390357,14630,0.004146468,4.318421393632889,0.0003,-0.6502403229475021
-410.9375,1088,25,5,6400,200.0,0.0,-0.09687864780426025,0.3,1.9011317491531372,9.387892205268145e-05,14640,0.00070019136,4.95555328130722,0.0003,-0.6838375180959702
-410.6060606060606,1088,26,6,6656,200.0,0.0,0.0030447840690612793,0.3,19.426137924194336,0.00012559648603200914,14650,0.00044672145,46.5141206741333,0.0003,-0.7217352658510208
-410.29411764705884,1086,27,6,6912,200.0,0.0,0.17449671030044556,0.3,0.6275789141654968,-0.0021690770285204054,14660,0.0033545094,3.985096108913422,0.0003,-0.7546513170003891
-410.0,1086,28,6,7168,200.0,0.04296875,0.06996440887451172,0.3,1.7861952781677246,-0.0011833289405331015,14670,0.016061777,4.0914795935153965,0.0003,-0.8838935405015945
-409.4594594594595,1086,29,6,7424,200.0,0.016796875,0.0949544906616211,0.3,2.310473680496216,-0.007002823404036462,14680,0.019790519,4.121145647764206,0.0003,-0.9780340433120728
-409.2105263157895,1087,30,7,7680,200.0,0.090234375,0.027090013027191162,0.3,5.176743507385254,-0.008354132575914264,14690,0.027005889,7.908121585845947,0.0003,-1.1039536595344543
-409.4871794871795,1085,31,7,7936,200.0,0.0,0.1792791485786438,0.3,1.6068044900894165,-0.001359316287562251,14700,0.002345713,3.3350605905056,0.0003,-1.1255432426929475
-409.25,1086,32,7,8192,200.0,0.00234375,-0.09421443939208984,0.3,4.708391189575195,-0.010163060389459133,14710,0.014036722,10.209823393821717,0.0003,-1.1414465606212616
-408.8095238095238,1085,33,7,8448,200.0,0.0484375,-0.11175501346588135,0.3,1.978384017944336,-0.012466676183976233,14720,0.026947014,4.578449022769928,0.0003,-1.125704038143158
-408.6046511627907,1085,34,8,8704,200.0,0.0,0.059841036796569824,0.3,4.4433183670043945,-0.0022402941482141613,14730,0.015095312,7.523351848125458,0.0003,-1.0546333193778992
-408.40909090909093,1083,35,8,8960,200.0,0.0,0.11440181732177734,0.3,2.052748680114746,-0.007419746415689587,14740,0.023552548,3.4064848005771635,0.0003,-1.0132518380880355
-408.04347826086956,1083,36,8,9216,200.0,0.0,0.3909417390823364,0.3,0.930024266242981,-0.0016639677109196783,14750,0.0028670237,3.070548740029335,0.0003,-0.9642791330814362
-407.8723404255319,1082,37,8,9472,200.0,0.0,0.2558821439743042,0.3,3.3416950702667236,0.0005762021522969007,14760,0.00064544706,6.826701807975769,0.0003,-0.9553193181753159
-407.7083333333333,1082,38,8,9728,200.0,0.01171875,0.10442990064620972,0.3,2.7340145111083984,-0.008240235759876669,14770,0.039737016,3.9765934616327288,0.0003,-0.8815551936626435
-407.55102040816325,1083,39,9,9984,200.0,0.0,0.13702911138534546,0.3,0.9596030116081238,0.00036846250295639036,14780,0.0010152701,2.844109606742859,0.0003,-0.7674331486225128
-407.2549019607843,1083,40,9,10240,200.0,0.0,-0.43409979343414307,0.3,3.3973724842071533,5.160219734534621e-05,14790,6.753998e-05,5.8049901783466336,0.0003,-0.7661123842000961
-400.0,1435,1,0,256,200.0,0.0,0.20528584718704224,0.3,2.808292865753174,-0.00013054234441369771,14800,0.0004295148,6.117042136192322,0.0003,-0.7790078282356262
-400.0,1234,2,0,512,200.0,0.0328125,0.19837290048599243,0.3,0.8964911103248596,-0.008561411639675498,14810,0.014422259,3.686289978027344,0.0003,-1.2600015699863434
-400.0,1178,3,0,768,200.0,0.044921875,0.1845589280128479,0.3,1.09747314453125,-0.016939231171272696,14820,0.024363251,3.5283367931842804,0.0003,-1.2604938387870788
-400.0,1114,4,0,1024,200.0,0.020703125,0.060042381286621094,0.3,1.3497862815856934,-0.009477028367109596,14830,0.01690273,4.24578258395195,0.0003,-1.3081515789031983
-400.0,1090,5,1,1280,200.0,0.07734375,0.0721476674079895,0.3,4.5450358390808105,-0.008762741787359118,14840,0.022783244,7.6391592741012575,0.0003,-1.3400055110454558
-400.0,1070,6,1,1536,200.0,0.062109375,0.19031751155853271,0.3,2.4250104427337646,-0.009843731485307216,14850,0.02415523,3.5257385313510894,0.0003,-1.29524564743042
-400.0,1053,7,1,1792,200.0,0.015625,0.09221965074539185,0.3,2.9251139163970947,-0.005682932015042752,14860,0.0050998814,4.166130143404007,0.0003,-1.1858567655086518
-400.0,1056,8,1,2048,200.0,0.087109375,0.08552837371826172,0.3,1.3520375490188599,-0.01710613933391869,14870,0.042259663,3.7096454918384554,0.0003,-1.2433634102344513
-400.0,1054,9,2,2304,200.0,0.013671875,-0.003213047981262207,0.3,3.5155699253082275,-0.01365822721272707,14880,0.005850819,7.7206742525100704,0.0003,-1.2495814383029937
-400.0,1036,10,2,2560,200.0,0.03828125,0.239352285861969,0.3,1.5342378616333008,-0.0058727452997118235,14890,0.013295241,3.4273140847682955,0.0003,-1.3268699407577516
-400.0,1028,11,2,2816,200.0,0.00859375,-0.014559268951416016,0.3,1.6267656087875366,-0.005415285588242114,14900,0.0075840773,4.533442866802216,0.0003,-1.240790194272995
-400.0,1033,12,2,3072,200.0,0.04140625,0.029224753379821777,0.3,5.628590106964111,-0.008466614177450538,14910,0.019185852,8.007746708393096,0.0003,-1.2880381226539612
-400.0,1035,13,3,3328,200.0,0.076171875,0.13348054885864258,0.3,1.3595949411392212,-0.012951496127061545,14920,0.022464976,3.930059051513672,0.0003,-1.3670550227165221
-400.0,1032,14,3,3584,200.0,0.08125,0.09916949272155762,0.3,2.5594558715820312,-0.011857866472564638,14930,0.023677232,3.995290404558182,0.0003,-1.3400807440280915
-400.0,1028,15,3,3840,200.0,0.01640625,-0.02391672134399414,0.3,1.5386663675308228,-0.009556770510971545,14940,0.010091991,4.414134085178375,0.0003,-1.3714117586612702
-400.0,1031,16,3,4096,200.0,0.04765625,0.08666050434112549,0.3,5.481418609619141,-0.002154373796656728,14950,0.013776818,8.02890636920929,0.0003,-1.4200920104980468
-400.0,1022,17,4,4352,200.0,0.00390625,0.026142537593841553,0.3,3.3346707820892334,-0.005127531127072871,14960,0.0048603155,4.275527459383011,0.0003,-1.4166782975196839
-400.0,1019,18,4,4608,200.0,0.007421875,0.1329057812690735,0.3,1.3312628269195557,-0.0006655033677816391,14970,0.0035632087,3.717784133553505,0.0003,-1.4421819150447845
-400.0,1015,19,4,4864,200.0,0.0265625,0.08750748634338379,0.3,4.305497169494629,-0.002569446701090783,14980,0.0062851664,7.530768728256225,0.0003,-1.4471421897411347
-400.0,1018,20,5,5120,200.0,0.109765625,0.11901909112930298,0.3,0.8832725286483765,-0.012790630012750626,14990,0.008935975,3.830236142873764,0.0003,-1.4754460275173187
-400.0,1021,21,5,5376,200.0,0.058984375,0.11845320463180542,0.3,0.5615232586860657,-0.009618027904070913,15000,0.011693746,3.8995395839214324,0.0003,-1.4538381278514863
-400.0,1023,22,5,5632,200.0,0.039453125,0.05118483304977417,0.3,1.8704230785369873,0.00022123323287814856,15010,0.01184055,4.078896069526673,0.0003,-1.4209800362586975
-400.0,1025,23,5,5888,200.0,0.003125,0.16768008470535278,0.3,4.928228378295898,-0.0028118654154241085,15020,0.0072629564,7.280783903598786,0.0003,-1.4115311264991761
-400.0,1026,24,5,6144,200.0,0.091796875,0.009885787963867188,0.3,1.987760066986084,-0.01280412811320275,15030,0.022379944,4.29664965569973,0.0003,-1.4134517729282379
-400.0,1027,25,6,6400,200.0,0.004296875,0.0013768672943115234,0.3,1.3622106313705444,-0.00329011760186404,15040,0.0036225473,4.236186909675598,0.0003,-1.371070545911789
-400.0,1028,26,6,6656,200.0,0.025390625,0.0717732310295105,0.3,5.245599269866943,-0.007723522884771228,15050,0.018107198,7.773159980773926,0.0003,-1.3912937104701997
-400.0,1030,27,6,6912,200.0,0.016015625,0.2692488431930542,0.3,2.570000410079956,-0.009522856445983052,15060,0.0077410378,3.400427982211113,0.0003,-1.5052663028240203
-400.0,1031,28,6,7168,200.0,0.0171875,0.1953309178352356,0.3,1.144014835357666,-0.007643857249058783,15070,0.014318138,3.5329506754875184,0.0003,-1.4912291824817658
-400.0,1033,29,7,7424,200.0,0.16171875,0.22771304845809937,0.3,2.1205976009368896,-0.023790462920442224,15080,0.06411767,3.3443843126296997,0.0003,-1.4707822859287263
-400.0,1034,30,7,7680,200.0,0.005859375,0.258320689201355,0.3,2.0741665363311768,-0.0010323436697944998,15090,0.0036534914,5.969690227508545,0.0003,-1.391789585351944
-400.0,1034,31,7,7936,200.0,0.04921875,-0.00290071964263916,0.3,0.9358594417572021,-0.014428901858627797,15100,0.027970593,4.208113732933998,0.0003,-1.3761044025421143
-400.0,1035,32,7,8192,200.0,0.000390625,-0.02955806255340576,0.3,1.0459047555923462,0.0005983729613944888,15110,0.0008642194,4.883201062679291,0.0003,-1.2758919894695282
-400.0,1036,33,8,8448,200.0,0.03515625,0.053399085998535156,0.3,1.3677939176559448,-0.004630901827476918,15120,0.015086413,4.154655998945236,0.0003,-1.3492564797401427
-400.0,1036,34,8,8704,200.0,0.0015625,0.038995981216430664,0.3,4.970965385437012,-0.0033058725064620377,15130,0.0051253038,7.845033645629883,0.0003,-1.2537600815296173
-400.0,1037,35,8,8960,200.0,0.040234375,0.2287350296974182,0.3,2.4462296962738037,-0.006377648061607033,15140,0.023585832,3.2141656935214997,0.0003,-1.3514433681964875
-400.0,1038,36,8,9216,200.0,0.20390625,0.033114612102508545,0.3,2.8624253273010254,-0.01869895765557885,15150,0.027183868,4.252287578582764,0.0003,-1.3777719855308532
-400.0,1039,37,9,9472,200.0,0.005078125,-0.006529808044433594,0.3,4.487634181976318,-0.004651495069265365,15160,0.009287702,7.655024433135987,0.0003,-1.4498950481414794
-400.0,1038,38,9,9728,200.0,0.0,-0.2716813087463379,0.3,2.473775863647461,9.385710582137108e-05,15170,0.0033496933,5.076916587352753,0.0003,-1.4552243649959564
-400.0,1038,39,9,9984,200.0,0.07265625,0.03084474802017212,0.3,2.9270646572113037,-0.010484750103205442,15180,0.018554792,4.245528161525726,0.0003,-1.4552123069763183
-400.0,1039,40,9,10240,200.0,0.1375,0.041755735874176025,0.3,3.197120189666748,-0.01701711006462574,15190,0.019009752,4.194449836015702,0.0003,-1.4968937873840331
-400.0,1383,1,0,256,200.0,0.12890625,0.06971842050552368,0.3,4.929859161376953,-0.021834809612482787,15200,0.042202566,7.992057228088379,0.0003,-1.393219345808029
-400.0,1211,2,0,512,200.0,0.0,0.2765752673149109,0.3,0.7678738236427307,-0.002748845051974058,14810,0.004038565,2.780343997478485,0.0003,-0.7806505739688874
-400.0,1147,3,0,768,200.0,0.0,-0.16475129127502441,0.3,1.6752396821975708,0.0015904919477179647,14820,0.0012955721,7.1399462759494785,0.0003,-0.7170613765716553
-400.0,1124,4,0,1024,200.0,0.0,-0.34161198139190674,0.3,2.9502179622650146,-0.0009982392890378832,14830,0.00026274426,7.028664696216583,0.0003,-0.7003536701202393
-400.0,1115,5,1,1280,200.0,0.0,0.19944679737091064,0.3,2.5253217220306396,-0.0021943522384390234,14840,0.0056701256,6.749963641166687,0.0003,-0.698247030377388
-400.0,1109,6,1,1536,200.0,0.0,0.30890822410583496,0.3,0.8899021744728088,0.001582886534743011,14850,4.244456e-05,3.2512650698423387,0.0003,-0.7512473642826081
-400.0,1091,7,1,1792,200.0,0.0,0.11819452047348022,0.3,1.5293083190917969,-0.003683445998467505,14860,0.013414874,3.84450381398201,0.0003,-0.7112283557653427
-400.0,1091,8,1,2048,200.0,0.0,-0.10460984706878662,0.3,2.456336259841919,0.0009701264090836049,14870,0.0013194089,4.460973191261291,0.0003,-0.6242052972316742
-400.0,1087,9,2,2304,200.0,0.0,0.17092323303222656,0.3,4.410693168640137,-9.610371198505163e-05,14880,0.0074643316,6.718121933937073,0.0003,-0.7224662810564041
-400.0,1083,10,2,2560,200.0,0.0625,0.3903757333755493,0.3,1.4152922630310059,-0.005021995981223881,14890,0.028579388,2.8464146316051484,0.0003,-0.7809219717979431
-400.0,1084,11,2,2816,200.0,0.0,-0.07590663433074951,0.3,2.580028533935547,2.2374093532562257e-06,14900,0.00092756306,4.665862345695496,0.0003,-0.8403043478727341
-400.0,1081,12,2,3072,200.0,0.0,0.14881759881973267,0.3,4.350118637084961,-0.001265368959866464,14910,0.003297027,6.9220256328582765,0.0003,-0.8165405660867691
-400.0,1082,13,3,3328,200.0,0.099609375,0.2787925601005554,0.3,2.0237035751342773,-0.012276803888380528,14920,0.03855533,3.1875115990638734,0.0003,-0.8469319373369217
-400.0,1083,14,3,3584,200.0,0.255078125,0.25889259576797485,0.3,2.2236757278442383,-0.012235797010362148,14930,0.06115663,3.4917300581932067,0.0003,-0.8212020009756088
-400.0,1081,15,3,3840,200.0,0.0,-0.06644201278686523,0.3,2.827498435974121,-0.0003262725658714771,14940,0.0022932873,4.605932712554932,0.0003,-0.804049962759018
-400.0,1079,16,3,4096,200.0,0.0,0.25187450647354126,0.3,2.9134745597839355,-0.0010530932107940317,14950,0.0013089571,6.769339120388031,0.0003,-0.8148034989833832
-400.0,1075,17,4,4352,200.0,0.0,0.05885326862335205,0.3,1.7992197275161743,4.6898378059268e-06,14960,0.00014305906,4.0580531537532805,0.0003,-0.8174012660980224
-400.0,1070,18,4,4608,200.0,0.0,0.11919718980789185,0.3,1.8002651929855347,6.0795957688242196e-05,14970,1.04629435e-05,4.1022656738758085,0.0003,-0.818970987200737
-400.0,1067,19,4,4864,200.0,0.059765625,0.07420140504837036,0.3,4.767378807067871,-0.02079057979863137,14980,0.048746232,7.620501315593719,0.0003,-0.7892664402723313
-400.0,1061,20,4,5120,200.0,0.0,0.1164124608039856,0.3,2.5015056133270264,-0.00023515517823398114,14990,0.009919571,3.9202208876609803,0.0003,-0.6647502213716507
-400.0,1060,21,5,5376,200.0,0.011328125,0.1644095778465271,0.3,0.6260889172554016,-0.005642951698973775,15000,0.006509308,3.740287947654724,0.0003,-0.647932642698288
-400.0,1061,22,5,5632,200.0,0.00390625,0.04964643716812134,0.3,1.38042151927948,-0.00016849604435265064,15010,0.0015377463,4.272699344158172,0.0003,-0.6810893028974533
-400.0,1061,23,5,5888,200.0,0.0,0.1823081374168396,0.3,4.301615238189697,-0.0011922160629183054,15020,0.0014539747,7.1355681896209715,0.0003,-0.7185810655355453
-400.0,1062,24,5,6144,200.0,0.0,0.2453431487083435,0.3,0.7001252174377441,0.00024144977796822787,15030,0.0008168712,3.3984206855297088,0.0003,-0.7683731973171234
-400.0,1063,25,6,6400,200.0,0.0,0.2860264182090759,0.3,2.132761240005493,-3.053515683859587e-05,15040,0.0008652664,3.3194753527641296,0.0003,-0.7859509527683258
-400.0,1061,26,6,6656,200.0,0.015234375,-0.18597328662872314,0.3,3.2355124950408936,-0.0019217000110074878,15050,0.004821452,9.056863713264466,0.0003,-0.8537247210741044
-400.0,1062,27,6,6912,200.0,0.008203125,0.051088809967041016,0.3,2.3160464763641357,-0.002364289900287986,15060,0.0039541572,3.9535687804222106,0.0003,-0.8700317203998565
-400.0,1063,28,6,7168,200.0,0.003515625,0.10969901084899902,0.3,1.2987022399902344,-0.004883449012413621,15070,0.013114801,4.017201590538025,0.0003,-0.789627406001091
-400.0,1064,29,6,7424,200.0,0.0,0.27308809757232666,0.3,1.1553776264190674,-0.000603366899304092,15080,0.0054886257,3.537134240567684,0.0003,-0.6509398847818375
-400.0,1065,30,7,7680,200.0,0.0,0.1222308874130249,0.3,2.5370781421661377,-0.0001316046342253685,15090,7.1874354e-05,6.90502165555954,0.0003,-0.6110233873128891
-400.0,1064,31,7,7936,200.0,0.0,0.10537904500961304,0.3,0.7790131568908691,-0.0010145869804546238,15100,0.00054142857,3.2516540244221686,0.0003,-0.6136986941099167
-401.25,1064,32,7,8192,200.0,0.0,0.03307861089706421,0.3,6.75171422958374,-0.001928298594430089,15110,0.0008822738,42.06118001937866,0.0003,-0.5942497104406357
-401.1904761904762,1064,33,7,8448,200.0,0.0046875,0.177331805229187,0.3,2.0065102577209473,-0.0022454442601883783,15120,0.0022581166,3.5096027970314028,0.0003,-0.5863716095685959
-401.16279069767444,1063,34,8,8704,200.0,0.0,0.2235802412033081,0.3,2.735780715942383,-0.0016733760945498942,15130,0.0012129156,6.073600554466248,0.0003,-0.5767858862876892
-401.1363636363636,1063,35,8,8960,200.0,0.0,-0.056517958641052246,0.3,2.3671512603759766,0.0008056208724156022,15140,0.00021792622,6.2402602434158325,0.0003,-0.5840886801481247
-401.0869565217391,1063,36,8,9216,200.0,0.0,0.04624307155609131,0.3,0.8939205408096313,-0.001061759889125824,15150,0.00072223414,4.142585957050324,0.0003,-0.5832178384065628
-401.06382978723406,1062,37,8,9472,200.0,0.0,0.21055811643600464,0.3,4.777237415313721,0.001240868552122265,15160,7.191254e-05,6.949106085300445,0.0003,-0.6260477244853974
-401.0416666666667,1062,38,9,9728,200.0,0.0,0.0473598837852478,0.3,0.7849628925323486,-0.0028771354584023355,15170,0.0052890116,3.933288115262985,0.0003,-0.6394354552030563
-401.0204081632653,1062,39,9,9984,200.0,0.0671875,0.3409481644630432,0.3,2.011707305908203,-0.009181482228450477,15180,0.016344208,3.267231011390686,0.0003,-0.7965413361787796
-400.98039215686276,1062,40,9,10240,200.0,0.0,-0.1549379825592041,0.3,1.776043176651001,-0.0020617742673493923,15190,0.0017074551,4.976111441850662,0.0003,-0.8681092500686646
-400.0,1450,1,0,256,200.0,0.0,0.26853710412979126,0.3,2.8970651626586914,-0.0003185825073160231,15200,0.0032434617,6.491875183582306,0.0003,-0.938712066411972
-400.0,1113,2,0,512,200.0,0.077734375,0.0990074872970581,0.3,3.3595097064971924,-0.015948674734681846,15210,0.027141372,3.9333192884922026,0.0003,-1.3342380106449128
-400.0,1102,3,0,768,200.0,0.09453125,0.014483273029327393,0.3,1.6555795669555664,-0.01580305250827223,15220,0.027358886,4.284280818700791,0.0003,-1.3694610059261323
-400.0,1095,4,0,1024,200.0,0.0953125,0.0794602632522583,0.3,0.9457328915596008,-0.016946707502938807,15230,0.04131998,4.053676718473435,0.0003,-1.3017023026943206
-400.0,1079,5,1,1280,200.0,0.0,0.0751911997795105,0.3,3.191098690032959,0.0003232340328395367,15240,0.00066928286,8.451414680480957,0.0003,-1.1843476951122285
-400.0,1080,6,1,1536,200.0,0.005859375,0.09927284717559814,0.3,2.7153706550598145,-0.004964833753183484,15250,0.004894398,3.9893220186233522,0.0003,-1.2201009333133697
-400.0,1083,7,1,1792,200.0,0.0390625,0.07405316829681396,0.3,2.6976542472839355,-0.009895091317594052,15260,0.017502964,4.076457917690277,0.0003,-1.2918080985546112
-400.0,1081,8,1,2048,200.0,0.04921875,0.1067456603050232,0.3,1.5153067111968994,-0.01129952484043315,15270,0.032566268,3.9625773638486863,0.0003,-1.4222430109977722
-400.0,1082,9,2,2304,200.0,0.0,0.15318483114242554,0.3,2.5368616580963135,0.0004326413152739406,15280,0.002138921,7.216788339614868,0.0003,-1.4538096368312836
-400.0,1075,10,2,2560,200.0,0.0171875,0.09429806470870972,0.3,0.8950666189193726,-0.006691982364282012,15290,0.0066151023,3.9603937715291977,0.0003,-1.472908502817154
-400.0,1075,11,2,2816,200.0,0.043359375,0.08205175399780273,0.3,2.4327871799468994,-0.010430377488955856,15300,0.019852117,4.060564684867859,0.0003,-1.4917169451713561
-400.0,1073,12,2,3072,200.0,0.0,0.0790589451789856,0.3,2.5638527870178223,-0.002485369681380689,15310,0.0041382485,8.077921962738037,0.0003,-1.4893056929111481
-400.0,1073,13,3,3328,200.0,0.0,0.004938840866088867,0.3,3.1374309062957764,-0.0018042868003249168,15320,0.0024223607,4.424962818622589,0.0003,-1.485392725467682
-400.0,1071,14,3,3584,200.0,0.0,0.058520734310150146,0.3,2.6763293743133545,-0.005378288170322776,15330,0.014893337,4.091985881328583,0.0003,-1.4675953209400177
-400.0,1071,15,3,3840,200.0,0.093359375,0.06924891471862793,0.3,1.5400654077529907,-0.00991350335534662,15340,0.03975954,4.173516660928726,0.0003,-1.3842458784580232
-400.0,1068,16,3,4096,200.0,0.0,0.17609703540802002,0.3,4.737237930297852,0.000841057556681335,15350,0.0011404394,7.518983459472656,0.0003,-1.3920080006122588
-400.0,1064,17,4,4352,200.0,0.00703125,0.05226469039916992,0.3,2.6145334243774414,-0.007444833777844906,15360,0.009629823,3.9011994004249573,0.0003,-1.3498379945755006
-400.0,1064,18,4,4608,200.0,0.015234375,-0.06883859634399414,0.3,3.0609548091888428,-0.011916853452567011,15370,0.012057209,4.531640815734863,0.0003,-1.4160322666168212
-400.0,1064,19,4,4864,200.0,0.00078125,0.12877726554870605,0.3,2.9238922595977783,-0.0011676990892738105,15380,0.0033448653,7.311505150794983,0.0003,-1.421160227060318
-400.0,1064,20,4,5120,200.0,0.019921875,0.023321092128753662,0.3,1.7514936923980713,-0.010663797287270427,15390,0.010152101,4.517154252529144,0.0003,-1.4573507487773896
-400.0,1063,21,5,5376,200.0,0.02265625,0.04040074348449707,0.3,1.2714468240737915,-0.005131712625734508,15400,0.005399827,4.241321456432343,0.0003,-1.4947377562522888
-400.0,1061,22,5,5632,200.0,0.009375,-0.0030597448348999023,0.3,2.6030478477478027,-0.002795724873431027,15410,0.008709565,4.331624519824982,0.0003,-1.510393226146698
-400.0,1061,23,5,5888,200.0,0.062109375,0.03590935468673706,0.3,3.547401189804077,-0.019999042386189103,15420,0.024483042,8.171304631233216,0.0003,-1.550238025188446
-400.0,1058,24,5,6144,200.0,0.016015625,0.007711887359619141,0.3,1.616888403892517,-0.005786820338107646,15430,0.013649533,4.332682430744171,0.0003,-1.5581218421459198
-400.0,1059,25,6,6400,200.0,0.05703125,0.018198370933532715,0.3,2.2589590549468994,-0.022504116548225282,15440,0.030423786,4.2863305568695065,0.0003,-1.5587280333042144
-400.0,1059,26,6,6656,200.0,0.026171875,0.05177199840545654,0.3,3.16447114944458,-0.006565174902789295,15450,0.017480025,8.11703782081604,0.0003,-1.4964367747306824
-400.0,1058,27,6,6912,200.0,0.00625,0.01948380470275879,0.3,1.4669090509414673,-0.005329328309744597,15460,0.0051517384,4.274776268005371,0.0003,-1.507452952861786
-400.0,1059,28,6,7168,200.0,0.07578125,0.04371440410614014,0.3,1.9993706941604614,-0.021312548965215682,15470,0.036115196,4.007830941677094,0.0003,-1.4581250429153443
-400.0,1059,29,7,7424,200.0,0.0625,-0.041144728660583496,0.3,2.426201105117798,-0.009620243357494474,15480,0.036186926,4.403721404075623,0.0003,-1.3932608842849732
-400.0,1060,30,7,7680,200.0,0.0,0.053735435009002686,0.3,4.3708415031433105,-0.004203323600813746,15490,0.006560103,8.103126335144044,0.0003,-1.3838030576705933
-400.0,1061,31,7,7936,200.0,0.019921875,0.08774346113204956,0.3,1.572714924812317,-0.009622280392795802,15500,0.020149114,3.8658514618873596,0.0003,-1.3569613218307495
-400.0,1062,32,7,8192,200.0,0.0,0.033048033714294434,0.3,2.432664394378662,-0.0016563004814088345,15510,0.0036525645,4.266566151380539,0.0003,-1.3172690093517303
-400.0,1062,33,7,8448,200.0,0.04453125,0.033011794090270996,0.3,0.5180386304855347,-0.0074553406098857525,15520,0.02909925,4.195509621500969,0.0003,-1.4108001351356507
-400.0,1062,34,8,8704,200.0,0.0,0.08660006523132324,0.3,4.3927459716796875,-0.004083716473542154,15530,0.0031274497,7.845867228507996,0.0003,-1.4541472852230073
-400.0,1062,35,8,8960,200.0,0.0,0.03955787420272827,0.3,1.2877252101898193,0.00034897681325674057,15540,0.0022488723,4.19386140704155,0.0003,-1.4751085042953491
-400.0,1062,36,8,9216,200.0,0.0,-0.017038345336914062,0.3,2.3148250579833984,-0.0010341971181333065,15550,0.0010469935,4.37445958852768,0.0003,-1.476280415058136
-400.0,1061,37,8,9472,200.0,0.000390625,0.07720416784286499,0.3,2.9149460792541504,-0.004583775345236063,15560,0.0049508633,7.952560377120972,0.0003,-1.5009334146976472
-400.0,1059,38,9,9728,200.0,0.033984375,0.037065982818603516,0.3,1.5739425420761108,-0.006778376875445247,15570,0.029942896,4.1575257062911986,0.0003,-1.4733595848083496
-400.0,1059,39,9,9984,200.0,0.1203125,0.0838695764541626,0.3,3.1606030464172363,-0.017100135888904335,15580,0.035804812,4.055445200204849,0.0003,-1.4067756295204163
-400.0,1059,40,9,10240,200.0,0.0484375,-0.06740570068359375,0.3,2.7044320106506348,-0.01225943434983492,15590,0.037569694,4.4504825353622435,0.0003,-1.3226348638534546
-400.0,1400,1,0,256,200.0,0.005859375,0.08865749835968018,0.3,5.051866054534912,-0.0070370218949392434,15600,0.009615002,7.887476587295533,0.0003,-1.2951136946678161
-400.0,1207,2,0,512,200.0,0.05078125,0.07582366466522217,0.3,3.0372304916381836,-0.0106212402228266,15210,0.031806625,4.2475447177886965,0.0003,-1.0307981699705124
-400.0,1160,3,0,768,200.0,0.002734375,-0.0447462797164917,0.3,2.8305675983428955,-0.005391721217893064,15220,0.0063049486,4.620763039588928,0.0003,-1.113496834039688
-400.0,1140,4,0,1024,200.0,0.265234375,0.008517980575561523,0.3,1.7399691343307495,-0.02449890582356602,15230,0.069050774,4.345692911744118,0.0003,-0.9781977355480194
-400.0,1119,5,1,1280,200.0,0.012890625,0.18639332056045532,0.3,2.6367228031158447,-0.006820857082493604,15240,0.005008856,7.561095643043518,0.0003,-0.9056655615568161
-400.0,1115,6,1,1536,200.0,0.055078125,0.030049145221710205,0.3,1.4956246614456177,-0.01361934901215136,15250,0.01632348,4.282822865247726,0.0003,-1.0291677117347717
-400.0,1104,7,1,1792,200.0,0.180859375,0.0269128680229187,0.3,2.9761240482330322,-0.02389593676198274,15260,0.07884519,4.225581723451614,0.0003,-0.9517092287540436
-406.0,1100,8,1,2048,200.0,0.002734375,0.13347852230072021,0.3,18.2769832611084,-0.005871596606448292,15270,0.004059256,38.18209428787232,0.0003,-0.7323516935110093
-405.45454545454544,1093,9,2,2304,200.0,0.0,0.45153844356536865,0.3,2.790017604827881,-0.0013274719356559217,15280,0.0010618123,4.934158605337143,0.0003,-0.703292527794838
-405.0,1090,10,2,2560,200.0,0.03046875,-0.004799962043762207,0.3,0.6120038628578186,-0.004285630700178444,15290,0.01224314,4.287123155593872,0.0003,-0.6667213082313538
-404.2857142857143,1081,11,2,2816,200.0,0.0,-0.03655886650085449,0.3,3.3162388801574707,0.00030782236717641354,15300,0.00096844137,4.324451714754105,0.0003,-0.6412029653787613
-404.0,1080,12,2,3072,200.0,0.001953125,0.08005362749099731,0.3,1.9290907382965088,-0.0025739231612533333,15310,0.0014808334,7.900841879844665,0.0003,-0.6878636121749878
-403.75,1074,13,3,3328,200.0,0.0,0.03916043043136597,0.3,0.5286570191383362,-0.00115519929677248,15320,0.001541533,4.18715201318264,0.0003,-0.7252131432294846
-403.52941176470586,1070,14,3,3584,200.0,0.013671875,0.010208308696746826,0.3,3.1159074306488037,-0.004553261958062649,15330,0.012130039,4.273407983779907,0.0003,-0.6583806604146958
-406.3157894736842,1070,15,3,3840,200.0,0.002734375,-0.020753145217895508,0.3,23.411645889282227,-0.004801164520904422,15340,0.0027442477,60.18741202354431,0.0003,-0.521901297569275
-406.0,1069,16,3,4096,200.0,0.0,0.5135329365730286,0.3,2.4376542568206787,-0.0008857265580445528,15350,0.00038146414,5.534275555610657,0.0003,-0.5093894854187966
-405.7142857142857,1069,17,4,4352,200.0,0.01171875,-0.004609465599060059,0.3,1.887690782546997,-0.0013480487978085876,15360,0.0049801124,4.4313949823379515,0.0003,-0.5530833512544632
-405.2173913043478,1068,18,4,4608,200.0,0.032421875,0.013535857200622559,0.3,2.3202240467071533,-0.004748050589114428,15370,0.011372062,4.299521642923355,0.0003,-0.6660366296768189
-405.0,1067,19,4,4864,200.0,0.00390625,0.030986905097961426,0.3,3.0559990406036377,-0.00477696736343205,15380,0.0032899738,8.188411140441895,0.0003,-0.7625412911176681
-404.8,1065,20,4,5120,200.0,0.01640625,0.05152851343154907,0.3,2.886082172393799,-0.006212838692590594,15390,0.010120314,4.163486951589585,0.0003,-0.8264023274183273
-404.61538461538464,1065,21,5,5376,200.0,0.02734375,0.039294540882110596,0.3,3.0154988765716553,-0.0044463117141276595,15400,0.011570089,4.192668640613556,0.0003,-0.641966712474823
-404.2857142857143,1065,22,5,5632,200.0,0.007421875,0.0363309383392334,0.3,0.9911820292472839,-0.0026457299245521426,15410,0.002662175,4.210192728042602,0.0003,-0.6122588992118836
-404.13793103448273,1065,23,5,5888,200.0,0.0,0.03206157684326172,0.3,5.47857141494751,-0.00021320413798093797,15420,0.0006711127,8.15804989337921,0.0003,-0.6155685693025589
-404.0,1065,24,5,6144,200.0,0.058984375,0.031061768531799316,0.3,2.825601577758789,-0.007180046616122126,15430,0.014468037,4.228588849306107,0.0003,-0.7513634115457535
-403.75,1066,25,5,6400,200.0,0.00859375,0.04394155740737915,0.3,3.2933452129364014,-0.004746261890977621,15440,0.011148118,4.188339406251908,0.0003,-0.7342084676027298
-403.6363636363636,1067,26,6,6656,200.0,0.00078125,0.0012857317924499512,0.3,4.764619827270508,-0.0012488069711253046,15450,0.0012430314,8.131607580184937,0.0003,-0.6285867989063263
-403.52941176470586,1067,27,6,6912,200.0,0.065625,0.09676849842071533,0.3,2.224703311920166,-0.004480343242175877,15460,0.009003896,3.9889538288116455,0.0003,-0.7527868926525116
-403.42857142857144,1066,28,6,7168,200.0,0.025,0.030204474925994873,0.3,0.7225117683410645,-0.004166089347563684,15470,0.00972891,4.249968069791794,0.0003,-0.7304377377033233
-403.2432432432432,1066,29,6,7424,200.0,0.0484375,0.014778852462768555,0.3,3.4445977210998535,-0.008551391819491983,15480,0.022420332,4.252207028865814,0.0003,-0.607084059715271
-403.1578947368421,1066,30,7,7680,200.0,0.0,0.0744398832321167,0.3,3.658573627471924,0.0004319769563153386,15490,0.0006612765,8.13143795132637,0.0003,-0.47394220978021623
-403.0769230769231,1069,31,7,7936,200.0,0.00390625,0.12115198373794556,0.3,1.640125036239624,-0.0021387679036706684,15500,0.0028440743,3.8389936983585358,0.0003,-0.5110926806926728
-403.0,1068,32,7,8192,200.0,0.0,0.01063549518585205,0.3,0.5249112248420715,-0.0006267624907195568,15510,0.0008291588,4.304387873411178,0.0003,-0.5389990866184234
-402.85714285714283,1069,33,7,8448,200.0,0.0046875,0.034124672412872314,0.3,2.4161019325256348,-0.004179922654293478,15520,0.0016458263,4.212942951917649,0.0003,-0.5065185919404029
-402.7906976744186,1069,34,8,8704,200.0,0.0,0.05152219533920288,0.3,3.499000072479248,-0.0010726380161941052,15530,0.000733776,7.949819731712341,0.0003,-0.5356987863779068
-402.72727272727275,1070,35,8,8960,200.0,0.0,0.02734208106994629,0.3,2.55393123626709,-0.00039298443589359523,15540,0.00045099342,4.249257361888885,0.0003,-0.5505875289440155
-402.60869565217394,1070,36,8,9216,200.0,0.0,-0.050864338874816895,0.3,2.548743724822998,-0.000384768471121788,15550,0.00023149466,4.479099434614182,0.0003,-0.5020454406738282
-404.468085106383,1071,37,8,9472,200.0,0.0,0.027568936347961426,0.3,5.083838939666748,-0.0009387300815433264,15560,0.0006104612,8.17227807044983,0.0003,-0.507752850651741
-404.375,1070,38,9,9728,200.0,0.00390625,-0.015601873397827148,0.3,36.12264633178711,-0.005236585834063589,15570,0.0016254112,80.79036903381348,0.0003,-0.516583064198494
-404.2857142857143,1067,39,9,9984,200.0,0.0,0.06905221939086914,0.3,1.804410696029663,-0.00048059148248285054,15580,0.00032415823,4.034701740741729,0.0003,-0.5184518545866013
-404.11764705882354,1067,40,9,10240,200.0,0.0,0.03125715255737305,0.3,2.5800914764404297,-0.0007810387760400772,15590,0.0009297766,4.257119369506836,0.0003,-0.505025127530098
-400.0,1370,1,0,256,200.0,0.0,0.08255290985107422,0.3,4.208780288696289,-0.0021180256502702833,15600,0.00097083,7.801770520210266,0.0003,-0.4668497383594513
-400.0,1212,2,0,512,200.0,0.0,0.025696158409118652,0.3,1.2462363243103027,0.0007808261550962925,15610,0.0012013563,4.26892637014389,0.0003,-1.3787857592105865
-416.6666666666667,928,3,0,768,200.0,0.0,-0.010527372360229492,0.3,17.452791213989258,-0.004653748078271747,15620,0.00885873,42.369966983795166,0.0003,-1.315802311897278
-410.0,969,4,1,1024,200.0,0.01796875,0.040130794048309326,0.3,1.7380421161651611,-0.00945448111742735,15630,0.017410617,4.281218028068542,0.0003,-1.24291233420372
-408.3333333333333,972,5,1,1280,200.0,0.0,0.09415328502655029,0.3,2.8222408294677734,0.0005081206676550209,15640,0.0019384937,8.025585818290711,0.0003,-1.0968564867973327
-407.14285714285717,982,6,1,1536,200.0,0.123046875,0.08387142419815063,0.3,1.4402141571044922,-0.013721766788512469,15650,0.0623727,4.060734450817108,0.0003,-1.2216841995716095
-406.25,994,7,1,1792,200.0,0.038671875,0.05182617902755737,0.3,1.451674461364746,-0.008755992096848787,15660,0.026418947,4.172662544250488,0.0003,-1.3252549529075623
-405.0,1006,8,2,2048,200.0,0.002734375,0.03335684537887573,0.3,1.8531551361083984,-0.0021530893864110112,15670,0.003481456,4.226183211803436,0.0003,-1.3421197593212129
-404.54545454545456,1020,9,2,2304,200.0,0.0,0.06973874568939209,0.3,4.512789249420166,-0.00024615710135549306,15680,0.0021888048,7.830445039272308,0.0003,-1.317725932598114
-404.1666666666667,1023,10,2,2560,200.0,0.00078125,0.04612511396408081,0.3,2.4247703552246094,-0.004421636136248708,15690,0.009904232,4.069730767607689,0.0003,-1.3264671564102173
-403.57142857142856,1032,11,2,2816,200.0,0.001171875,0.10696673393249512,0.3,2.3177571296691895,-0.003067860146984458,15700,0.008684209,3.9696159958839417,0.0003,-1.3327125132083892
-403.3333333333333,1033,12,2,3072,200.0,0.04453125,0.0966792106628418,0.3,6.1305623054504395,-0.0022280476056039332,15710,0.009992013,7.773913788795471,0.0003,-1.3392975866794585
-403.125,1037,13,3,3328,200.0,0.12734375,0.06732052564620972,0.3,1.7457447052001953,-0.02259364346973598,15720,0.057028644,4.100380480289459,0.0003,-1.429075574874878
-402.94117647058823,1041,14,3,3584,200.0,0.023046875,0.08202511072158813,0.3,0.7585883140563965,-0.011773827392607928,15730,0.019562412,4.0418977558612825,0.0003,-1.4547212362289428
-402.63157894736844,1035,15,3,3840,200.0,0.021484375,0.09516441822052002,0.3,2.1492438316345215,-0.012818308640271425,15740,0.021775842,4.014902019500733,0.0003,-1.5250006198883057
-402.5,1033,16,3,4096,200.0,0.003125,0.11932003498077393,0.3,1.8233531713485718,0.005149601143784821,15750,0.0071277097,7.972556209564209,0.0003,-1.4511275947093965
-402.3809523809524,1038,17,4,4352,200.0,0.0046875,0.15076488256454468,0.3,2.0460119247436523,-0.007155319396406412,15760,0.01649411,3.773258292675018,0.0003,-1.4494563043117523
-402.17391304347825,1038,18,4,4608,200.0,0.000390625,0.12707877159118652,0.3,2.8294239044189453,0.0007330523803830147,15770,0.0035217756,3.9080807834863664,0.0003,-1.4039992451667787
-402.0833333333333,1040,19,4,4864,200.0,0.040234375,0.111500084400177,0.3,3.6969616413116455,-0.007461760635487735,15780,0.021828309,7.412226665019989,0.0003,-1.3554767191410064
-402.0,1043,20,4,5120,200.0,0.02265625,-0.04789102077484131,0.3,2.315514087677002,-0.014669535728171468,15790,0.015771091,4.4480628848075865,0.0003,-1.3887040078639985
-401.9230769230769,1045,21,5,5376,200.0,0.00390625,0.22177231311798096,0.3,0.9787182211875916,-0.007396707800216973,15800,0.0077091334,3.500474487245083,0.0003,-1.4152947664260864
-401.7857142857143,1044,22,5,5632,200.0,0.0,0.04320049285888672,0.3,2.558180093765259,0.0001603296957910061,15810,0.0024388747,4.096572858095169,0.0003,-1.389261293411255
-401.7241379310345,1043,23,5,5888,200.0,0.0,0.21586275100708008,0.3,2.83406138420105,-0.0013542955741286278,15820,0.0039600255,6.905736422538757,0.0003,-1.347058928012848
-401.6666666666667,1048,24,5,6144,200.0,0.0,0.03769052028656006,0.3,2.6684961318969727,-0.0034959303215146066,15830,0.0033702722,3.9973201632499693,0.0003,-1.330447608232498
-401.5625,1049,25,6,6400,200.0,0.0,0.06397879123687744,0.3,2.6359403133392334,-0.0015168371319305152,15840,0.0017431781,4.195874631404877,0.0003,-1.3296688973903656
-401.5151515151515,1052,26,6,6656,200.0,0.003515625,0.07620042562484741,0.3,3.8206021785736084,-0.003108585113659501,15850,0.00469557,8.185584306716919,0.0003,-1.2749384999275208
-401.47058823529414,1050,27,6,6912,200.0,0.06875,0.1693645715713501,0.3,2.1279473304748535,-0.013807581551373006,15860,0.064399466,3.824192386865616,0.0003,-1.2286809086799622
-401.42857142857144,1052,28,6,7168,200.0,0.01875,-0.07852649688720703,0.3,2.3609325885772705,-0.004057075665332377,15870,0.012238727,4.769145675003529,0.0003,-1.282569795846939
-401.35135135135135,1056,29,7,7424,200.0,0.0,-0.034337520599365234,0.3,1.6640263795852661,-0.005504031386226416,15880,0.008171929,4.315416419506073,0.0003,-1.251024502515793
-401.3157894736842,1057,30,7,7680,200.0,0.0,0.10378563404083252,0.3,3.2109477519989014,-0.002929623704403639,15890,0.0038997524,7.4197149753570555,0.0003,-1.3025689601898194
-401.28205128205127,1058,31,7,7936,200.0,0.00390625,0.07655060291290283,0.3,1.8560141324996948,-0.007633847603574395,15900,0.01667745,4.031229650974273,0.0003,-1.1814865946769715
-401.25,1060,32,7,8192,200.0,0.012109375,-0.09356319904327393,0.3,1.8931225538253784,-0.012864493997767568,15910,0.019006828,4.5085375785827635,0.0003,-0.9450645297765732
-401.1904761904762,1059,33,7,8448,200.0,0.003515625,-0.001197218894958496,0.3,1.3665218353271484,-0.004042997979559005,15920,0.0035579551,4.29712084531784,0.0003,-0.838929095864296
-401.16279069767444,1060,34,8,8704,200.0,0.0,0.08574342727661133,0.3,2.4667611122131348,-0.0016809450462460518,15930,0.0013563565,7.308723878860474,0.0003,-0.836966535449028
-401.1363636363636,1062,35,8,8960,200.0,0.0,0.02846384048461914,0.3,1.9729210138320923,0.00020104274153709412,15940,0.00059693144,4.543205618858337,0.0003,-0.9052884697914123
-401.0869565217391,1062,36,8,9216,200.0,0.0015625,0.047805607318878174,0.3,3.016326665878296,-0.001844213344156742,15950,0.0022151517,4.25708869099617,0.0003,-0.9600580960512162
-401.06382978723406,1064,37,8,9472,200.0,0.0,0.1651495099067688,0.3,3.278380870819092,-0.00048553650267422197,15960,0.0017745628,7.428485333919525,0.0003,-1.0088455468416213
-401.0416666666667,1064,38,9,9728,200.0,0.00078125,0.07749879360198975,0.3,0.7129479646682739,-0.004455460445024073,15970,0.0036757558,4.12991327047348,0.0003,-0.9614422172307968
-401.0204081632653,1065,39,9,9984,200.0,0.001953125,0.19063884019851685,0.3,2.1602108478546143,-0.0043811352457851175,15980,0.005789617,3.7401632964611053,0.0003,-0.870979118347168
-400.98039215686276,1066,40,9,10240,200.0,0.0,0.12296789884567261,0.3,1.6120963096618652,-0.004955253307707607,15990,0.009882823,3.9231093764305114,0.0003,-0.8309144467115402
-400.0,1464,1,0,256,200.0,0.0,0.11532223224639893,0.3,3.744962692260742,-0.00039244983345270156,16000,0.0024538878,7.585504198074341,0.0003,-0.7481782257556915
-400.0,1269,2,0,512,200.0,0.017578125,0.10912340879440308,0.3,2.033864736557007,-0.004316401947289705,15610,0.0057006106,3.917195165157318,0.0003,-0.4930204078555107
-400.0,983,3,0,768,200.0,0.0,-0.000742793083190918,0.3,1.9974757432937622,-0.00036935587413609026,15620,0.001521742,4.535664242506027,0.0003,-0.5940551817417145
-400.0,1009,4,1,1024,200.0,0.00703125,-0.037435173988342285,0.3,2.3256776332855225,-0.0027583592804148794,15630,0.0019361549,4.345294976234436,0.0003,-0.6129020929336548
-400.0,1030,5,1,1280,200.0,0.0,0.04756897687911987,0.3,4.929888725280762,-0.0020264738937839865,15640,0.0015319854,8.029893445968629,0.0003,-0.6034496605396271
-400.0,1034,6,1,1536,200.0,0.010546875,-0.025712251663208008,0.3,3.2663564682006836,-0.0046307483920827505,15650,0.0056384937,4.4517309188842775,0.0003,-0.605047807097435
-400.0,1046,7,1,1792,200.0,0.0,0.007075905799865723,0.3,3.7552969455718994,-0.0006906266557052731,15660,0.0018955795,4.3962774008512495,0.0003,-0.6972612619400025
-404.0,1064,8,1,2048,200.0,0.001953125,0.06261742115020752,0.3,8.146337509155273,-0.003821935737505555,15670,0.0009936499,19.248319005966188,0.0003,-0.7368319928646088
-403.6363636363636,1063,9,2,2304,200.0,0.0,0.0937122106552124,0.3,4.252689361572266,-0.00016907008830457926,15680,5.7783443e-05,8.289018189907074,0.0003,-0.7442478686571121
-403.3333333333333,1070,10,2,2560,200.0,0.020703125,-0.0004241466522216797,0.3,2.202707052230835,-0.006801265751710162,15690,0.009217078,4.3042501449584964,0.0003,-0.7901765942573548
-409.2857142857143,1071,11,2,2816,200.0,0.0,0.0934029221534729,0.3,1.6586099863052368,-0.0018096225569024682,15700,0.0045900517,4.047827935218811,0.0003,-0.8748127937316894
-408.6666666666667,1071,12,2,3072,200.0,0.001953125,-0.010233640670776367,0.3,61.53621292114258,-0.005911400401964783,15710,0.0020199826,97.1333662033081,0.0003,-0.8133164554834366
-408.125,1076,13,3,3328,200.0,0.055078125,0.06157326698303223,0.3,1.0401084423065186,-0.007220405526459217,15720,0.019146094,4.316700378060341,0.0003,-0.8506187200546265
-407.6470588235294,1073,14,3,3584,200.0,0.02578125,0.026440560817718506,0.3,1.8151510953903198,-0.009770985343493521,15730,0.027485637,4.249178540706635,0.0003,-0.9791031450033187
-406.8421052631579,1074,15,3,3840,200.0,0.032421875,0.028311729431152344,0.3,2.7476699352264404,-0.003748975764028728,15740,0.021990212,4.201766437292099,0.0003,-1.138736265897751
-414.0,1070,16,3,4096,200.0,0.001953125,0.055978596210479736,0.3,4.2246012687683105,-0.0022501548053696753,15750,0.008555671,7.982272529602051,0.0003,-1.2181833863258362
-413.3333333333333,1070,17,4,4352,200.0,0.000390625,-0.3159991502761841,0.3,77.27811431884766,-0.01141243118327111,15760,0.006194969,179.57680969238282,0.0003,-1.203120654821396
-416.0869565217391,1073,18,4,4608,200.0,0.00234375,0.020900726318359375,0.3,40.36212158203125,-0.004755473113618791,15770,0.0010445246,110.60836696624756,0.0003,-1.1776088178157806
-415.4166666666667,1074,19,4,4864,200.0,0.01328125,-0.01707470417022705,0.3,3.535947799682617,-0.0031377021223306656,15780,0.0031360765,8.673510885238647,0.0003,-1.2009296536445617
-414.8,1076,20,4,5120,200.0,0.359765625,0.07327008247375488,0.3,2.5249311923980713,-0.024681124673224985,15790,0.06259872,4.05011556148529,0.0003,-1.1875044405460358
-415.7692307692308,1077,21,4,5376,200.0,0.03359375,0.07897412776947021,0.3,10.715066909790039,-0.00926036728778854,15800,0.016228836,20.111887550354005,0.0003,-1.01456361413002
-417.85714285714283,1080,22,5,5632,200.0,0.001171875,-0.017052412033081055,0.3,63.32219314575195,-0.0043478953186422585,15810,0.00087521295,112.44794435501099,0.0003,-1.0316211700439453
-417.2413793103448,1078,23,5,5888,200.0,0.0,0.15336322784423828,0.3,4.393139839172363,-0.0020739353029057385,15820,0.0015801885,8.347512471675874,0.0003,-1.0031073540449142
-416.6666666666667,1079,24,5,6144,200.0,0.0,0.10056084394454956,0.3,1.3582059144973755,-0.0002045595785602927,15830,0.00036405562,4.030955961346626,0.0003,-0.9784446895122528
-415.625,1077,25,5,6400,200.0,0.0,-0.027083516120910645,0.3,3.4168636798858643,-0.0006943574873730541,15840,0.0031739466,4.508167245984078,0.0003,-0.9521495342254639
-415.1515151515151,1078,26,6,6656,200.0,0.025,0.021871209144592285,0.3,2.9216489791870117,-0.0027111356612294912,15850,0.015417952,7.8684687376022335,0.0003,-0.9593256503343582
-414.70588235294116,1078,27,6,6912,200.0,0.00234375,0.0485844612121582,0.3,1.3505700826644897,-0.0022657317109405994,15860,0.0081916945,4.037955820560455,0.0003,-1.0423572957515717
-415.42857142857144,1079,28,6,7168,200.0,0.0,0.09789931774139404,0.3,1.5872814655303955,-0.007158502424135804,15870,0.019939497,3.9538948595523835,0.0003,-1.0552624583244323
-414.5945945945946,1080,29,6,7424,200.0,0.00234375,-0.021169185638427734,0.3,14.729819297790527,-0.0034712404245510696,15880,0.0048357234,19.085490155220032,0.0003,-0.9359527796506881
-414.2105263157895,1080,30,7,7680,200.0,0.0,0.031130075454711914,0.3,4.601528167724609,-0.0007679710164666176,15890,0.0018235422,8.76891257762909,0.0003,-0.9510874599218369
-413.84615384615387,1081,31,7,7936,200.0,0.014453125,0.07535743713378906,0.3,1.8300554752349854,-0.005689295008778572,15900,0.025378197,3.928033745288849,0.0003,-0.9231717377901077
-415.75,1083,32,7,8192,200.0,0.0015625,0.03776043653488159,0.3,37.07007598876953,-0.00919569784309715,15910,0.0070417468,108.85417785644532,0.0003,-0.7397147119045258
-415.0,1083,33,7,8448,200.0,0.0,0.07196104526519775,0.3,0.7257322669029236,-0.000622144085355103,15920,0.00077179493,3.9863574847579004,0.0003,-0.6954999446868897
-414.6511627906977,1084,34,8,8704,200.0,0.0,0.12634015083312988,0.3,3.6602134704589844,-0.00012788313906639815,15930,0.00052757934,7.720701599121094,0.0003,-0.7100048452615738
-414.3181818181818,1085,35,8,8960,200.0,0.022265625,0.09498190879821777,0.3,2.2086682319641113,-0.006780633004382253,15940,0.010280788,4.082118582725525,0.0003,-0.7561387032270431
-413.69565217391306,1087,36,8,9216,200.0,0.00390625,0.03547614812850952,0.3,2.3001174926757812,-0.001687340484932065,15950,0.0050952886,4.253581786155701,0.0003,-0.8933652967214585
-413.40425531914894,1089,37,8,9472,200.0,0.084765625,0.06389415264129639,0.3,4.2621846199035645,-0.0073620052309706805,15960,0.021072075,7.884301912784577,0.0003,-0.9784227699041367
-413.125,1087,38,8,9728,200.0,0.0796875,0.0859796404838562,0.3,2.358424425125122,-0.008989686297718435,15970,0.03957694,4.099805271625518,0.0003,-1.0377846091985703
-412.85714285714283,1088,39,9,9984,200.0,0.0546875,0.05143052339553833,0.3,0.7946726679801941,-0.007401396054774523,15980,0.0038480063,4.172717636823654,0.0003,-1.1290170848369598
-412.3529411764706,1089,40,9,10240,200.0,0.00546875,0.10793614387512207,0.3,1.6030868291854858,-0.005708754260558635,15990,0.012596469,3.989567422866821,0.0003,-1.142225408554077
-400.0,1576,1,0,256,200.0,0.008984375,0.19080990552902222,0.3,3.260223627090454,-0.012312560202553868,16000,0.023055583,7.360273253917694,0.0003,-1.1809015274047852
-400.0,1269,2,0,512,200.0,0.0,0.07186770439147949,0.3,1.7618025541305542,-0.0010986656649038195,16010,0.00037336885,4.19461161494255,0.0003,-0.7240440636873245
-400.0,1212,3,0,768,200.0,0.018359375,0.09285706281661987,0.3,1.954769253730774,-0.0030748856719583274,16020,0.010512287,4.049659645557403,0.0003,-0.7879134267568588
-400.0,1179,4,0,1024,200.0,0.0,0.03509092330932617,0.3,2.8959035873413086,-0.0018503464409150184,16030,0.0027233239,4.217187488079071,0.0003,-0.8634296089410782
-400.0,1164,5,1,1280,200.0,0.000390625,0.08579856157302856,0.3,2.64998197555542,-0.0018997022416442633,16040,0.00190553,7.8008510112762455,0.0003,-0.8846304744482041
-400.0,1152,6,1,1536,200.0,0.0,0.08833396434783936,0.3,1.5607280731201172,-0.0020229940535500647,16050,0.0049586883,3.894441932439804,0.0003,-0.871384134888649
-400.0,1147,7,1,1792,200.0,0.00546875,-0.031536221504211426,0.3,2.523988962173462,-0.010007213277276605,16060,0.013466218,4.460943979024887,0.0003,-1.01318219602108
-400.0,1139,8,1,2048,200.0,0.0,-0.13927125930786133,0.3,2.3527421951293945,-0.002638510940596461,16070,0.0112527255,4.790121519565583,0.0003,-1.124893033504486
-400.0,1132,9,2,2304,200.0,0.00703125,0.08882254362106323,0.3,2.871114730834961,-0.0034199513029307127,16080,0.0076595666,7.326057481765747,0.0003,-1.1369860649108887
-400.0,1132,10,2,2560,200.0,0.08046875,0.10697484016418457,0.3,0.611246645450592,-0.01670069615356624,16090,0.048036743,3.9419274032115936,0.0003,-1.1460698902606965
-400.0,1122,11,2,2816,200.0,0.0,-0.07802987098693848,0.3,2.7836251258850098,-0.008394545479677617,16100,0.010283222,4.641935098171234,0.0003,-1.17825990319252
-400.0,1119,12,2,3072,200.0,0.0,0.1237560510635376,0.3,5.084944725036621,0.0005540476879104972,16110,0.00094034243,7.512344491481781,0.0003,-1.1553321301937103
-400.0,1118,13,2,3328,200.0,0.08125,0.06324833631515503,0.3,2.0276479721069336,-0.01252765147946775,16120,0.031120643,4.083400720357895,0.0003,-1.2249479055404664
-400.0,1118,14,3,3584,200.0,0.00546875,-0.014074206352233887,0.3,1.7144322395324707,-0.005304229632019997,16130,0.010302063,4.3100362658500675,0.0003,-1.287353938817978
-400.0,1119,15,3,3840,200.0,0.00234375,-0.06342780590057373,0.3,1.6753040552139282,-0.004311871156096459,16140,0.0073055904,4.474925553798675,0.0003,-1.2950371325016021
-400.0,1118,16,3,4096,200.0,0.000390625,0.005646944046020508,0.3,3.2387819290161133,-0.011912642093375326,16150,0.025440022,8.362279105186463,0.0003,-1.2760949611663819
-400.0,1113,17,3,4352,200.0,0.006640625,0.003336787223815918,0.3,1.8462339639663696,-0.001747360872104764,16160,0.0106309205,4.317733800411224,0.0003,-1.267251467704773
-400.0,1113,18,4,4608,200.0,0.11484375,0.009150922298431396,0.3,2.725621461868286,-0.01611938951537013,16170,0.045554295,4.285709866881371,0.0003,-1.3154642105102539
-400.0,1110,19,4,4864,200.0,0.059765625,0.010060131549835205,0.3,2.6529958248138428,-0.020467134821228684,16180,0.03345274,8.324381732940674,0.0003,-1.3217013478279114
-400.0,1109,20,4,5120,200.0,0.01015625,0.03326058387756348,0.3,2.0129008293151855,-0.009117871290072799,16190,0.020337522,4.192537331581116,0.0003,-1.329757857322693
-400.0,1108,21,4,5376,200.0,0.019140625,0.049402475357055664,0.3,2.884617805480957,-0.004722324409522116,16200,0.01926733,4.139226043224335,0.0003,-1.4019195795059205
-400.0,1104,22,5,5632,200.0,0.041796875,0.04245227575302124,0.3,1.0408549308776855,-0.012709997524507344,16210,0.019756861,4.161591911315918,0.0003,-1.4259780824184418
-401.7241379310345,1100,23,5,5888,200.0,0.01796875,0.04437321424484253,0.3,10.226506233215332,-0.0053702110250014815,16220,0.0110774385,41.96560688018799,0.0003,-1.4300435423851012
-401.6666666666667,1097,24,5,6144,200.0,0.00390625,-0.07494890689849854,0.3,1.0811151266098022,-0.0030435669876169415,16230,0.0054817703,4.359035289287567,0.0003,-1.4394092738628388
-401.5625,1088,25,5,6400,200.0,0.004296875,-0.059100985527038574,0.3,1.4420539140701294,-0.006119337026029825,16240,0.013680657,4.471418559551239,0.0003,-1.4358697950839996
-401.5151515151515,1085,26,6,6656,200.0,0.00390625,0.029335498809814453,0.3,3.857569932937622,-0.008327465504407883,16250,0.007629554,8.31802237033844,0.0003,-1.4564132630825042
-401.47058823529414,1085,27,6,6912,200.0,0.011328125,0.03834080696105957,0.3,1.9682245254516602,-0.00811027460731566,16260,0.013194935,4.110549628734589,0.0003,-1.4951650738716125
-401.42857142857144,1086,28,6,7168,200.0,0.03125,0.02945125102996826,0.3,1.7002743482589722,-0.00704238994512707,16270,0.018076945,4.188277852535248,0.0003,-1.4860269486904145
-401.35135135135135,1083,29,6,7424,200.0,0.006640625,0.04466438293457031,0.3,3.4271042346954346,-0.004374030861072242,16280,0.012110099,4.1856776714324955,0.0003,-1.4797583162784576
-401.3157894736842,1083,30,7,7680,200.0,0.007421875,0.036685943603515625,0.3,2.45270037651062,-0.003990235761739314,16290,0.009029172,8.08519525527954,0.0003,-1.455793070793152
-401.28205128205127,1082,31,7,7936,200.0,0.151953125,0.055892348289489746,0.3,3.114123821258545,-0.011364901810884476,16300,0.014638748,4.12710719704628,0.0003,-1.4712601184844971
-401.25,1082,32,7,8192,200.0,0.03359375,0.02276831865310669,0.3,1.335783839225769,-0.006638746126554906,16310,0.018395644,4.197016084194184,0.0003,-1.4121094703674317
-401.1904761904762,1082,33,7,8448,200.0,0.0328125,0.12723499536514282,0.3,1.3227516412734985,-0.0031068635638803245,16320,0.01633636,3.8685074150562286,0.0003,-1.36372007727623
-401.16279069767444,1081,34,8,8704,200.0,0.056640625,0.048695921897888184,0.3,4.119996547698975,-0.008615829865448177,16330,0.009864417,7.773889470100403,0.0003,-1.3787873268127442
-401.1363636363636,1081,35,8,8960,200.0,0.0,0.05406343936920166,0.3,2.301530122756958,-0.0007127734832465648,16340,0.0007050433,4.178947615623474,0.0003,-1.3099246859550475
-401.0869565217391,1079,36,8,9216,200.0,0.0,0.037979304790496826,0.3,2.4391188621520996,-0.004658233607187867,16350,0.013043597,4.199089786410331,0.0003,-1.3094927370548248
-401.06382978723406,1080,37,8,9472,200.0,0.01484375,0.04073810577392578,0.3,2.277468681335449,-0.0031830855179578064,16360,0.017255204,7.897440695762635,0.0003,-1.331362396478653
-401.0416666666667,1079,38,9,9728,200.0,0.01328125,0.05177873373031616,0.3,2.9652810096740723,-0.00624425990972668,16370,0.012899829,4.174609482288361,0.0003,-1.3653246879577636
-401.0204081632653,1079,39,9,9984,200.0,0.0,0.04723101854324341,0.3,2.1661882400512695,-0.0017451368970796467,16380,0.004984481,4.1758912086486815,0.0003,-1.3066027283668518
-400.98039215686276,1079,40,9,10240,200.0,0.081640625,0.011738002300262451,0.3,2.1381676197052,-0.021209870697930455,16390,0.02330399,4.23637580871582,0.0003,-1.2681252777576446
-400.0,1355,1,0,256,200.0,0.009375,0.13567495346069336,0.3,4.863797187805176,-0.004103518021292984,16400,0.011461085,7.826597070693969,0.0003,-1.2918746948242188
-400.0,1205,2,0,512,200.0,0.06015625,0.10436636209487915,0.3,2.6505637168884277,-0.006043873960152268,16010,0.0266882,3.9576431035995485,0.0003,-1.1825658798217773
-400.0,1155,3,0,768,200.0,0.06796875,0.11350071430206299,0.3,0.976154088973999,-0.010457878629676998,16020,0.03263133,3.908900076150894,0.0003,-1.0794350922107696
-400.0,1108,4,0,1024,200.0,0.019921875,0.035959839820861816,0.3,1.902819275856018,-0.010246248869225382,16030,0.011084865,4.250771534442902,0.0003,-1.0440815448760987
-400.0,1089,5,1,1280,200.0,0.0,0.06125670671463013,0.3,5.476072788238525,-3.0882423743605613e-06,16040,0.002302015,8.02083191871643,0.0003,-1.1050575792789459
-405.7142857142857,1077,6,1,1536,200.0,0.007421875,0.048355937004089355,0.3,2.0350472927093506,-0.0052609161473810674,16050,0.0143525265,4.200454831123352,0.0003,-1.090793627500534
-405.0,1080,7,1,1792,200.0,0.002734375,-0.09448051452636719,0.3,2.624004364013672,-0.006083114631474018,16060,0.004838869,5.991759312152863,0.0003,-1.0849817633628844
-404.0,1075,8,1,2048,200.0,0.0,0.026432693004608154,0.3,2.1453304290771484,-0.009385603596456349,16070,0.009796629,4.784535276889801,0.0003,-1.0333608269691468
-411.8181818181818,1067,9,2,2304,200.0,0.0,0.006976485252380371,0.3,4.637447357177734,0.0009925139136612415,16080,0.0006247775,8.411472982168197,0.0003,-0.9559239894151688
-410.8333333333333,1076,10,2,2560,200.0,0.001171875,-0.011808037757873535,0.3,57.09525680541992,0.0008416929980739951,16090,0.0023521278,95.55205535888672,0.0003,-0.9815665304660797
-409.2857142857143,1071,11,2,2816,200.0,0.00078125,0.08212196826934814,0.3,1.085282325744629,-0.0024846831802278757,16100,0.004251738,4.135087198019027,0.0003,-0.9742241948843002
-408.6666666666667,1069,12,2,3072,200.0,0.0,0.07643741369247437,0.3,5.064022541046143,0.0015888385009020568,16110,0.00020207814,7.92254638671875,0.0003,-0.9453775525093079
-408.125,1059,13,3,3328,200.0,0.0171875,0.09530305862426758,0.3,1.2775888442993164,-0.006111550866626203,16120,0.0111110825,3.9666354075074195,0.0003,-0.9649942189455032
-407.6470588235294,1057,14,3,3584,200.0,0.08203125,0.13839232921600342,0.3,3.098418951034546,-0.012953045032918453,16130,0.043089453,3.8422417253255845,0.0003,-0.9886131793260574
-406.8421052631579,1048,15,3,3840,200.0,0.01328125,-0.029888033866882324,0.3,0.968151330947876,-0.014136483054608106,16140,0.031121083,4.326803761720657,0.0003,-1.093781116604805
-406.5,1030,16,3,4096,200.0,0.030859375,0.03258466720581055,0.3,3.8521411418914795,-0.007149297697469592,16150,0.019496178,8.120778262615204,0.0003,-0.8874148190021515
-406.1904761904762,1030,17,4,4352,200.0,0.0,0.04061490297317505,0.3,2.946136236190796,-0.0010381040861830114,16160,0.00124029,4.005735924839973,0.0003,-0.7991079032421112
-409.1304347826087,1029,18,4,4608,200.0,0.001953125,-0.020290851593017578,0.3,5.710292339324951,-0.006682812585495412,16170,0.0015527608,11.061721277236938,0.0003,-0.7655448168516159
-408.75,1030,19,4,4864,200.0,0.0,-0.06515312194824219,0.3,25.677949905395508,-0.0007647369289770723,16180,0.001254115,45.21580791473389,0.0003,-0.7993705451488495
-408.4,1031,20,4,5120,200.0,0.0,0.027758240699768066,0.3,2.194887638092041,-0.0026320646749809383,16190,0.0040248325,4.365917271375656,0.0003,-0.8313037127256393
-410.0,1035,21,5,5376,200.0,0.0,0.01883113384246826,0.3,2.851952314376831,0.0005482165142893791,16200,0.0021486906,4.242655873298645,0.0003,-0.9061290830373764
-409.2857142857143,1034,22,5,5632,200.0,0.002734375,0.012128353118896484,0.3,40.76664733886719,-0.005952352471649647,16210,0.003772974,67.72433624267578,0.0003,-0.8046640545129776
-408.9655172413793,1035,23,5,5888,200.0,0.0,0.1410471796989441,0.3,4.534117698669434,-0.00010120426304638386,16220,4.3698587e-05,8.259040784835815,0.0003,-0.7814811289310455
-408.6666666666667,1035,24,5,6144,200.0,0.03828125,0.020395398139953613,0.3,3.9552743434906006,-0.004776366613805294,16230,0.013432079,4.273061141371727,0.0003,-0.8370583921670913
-408.125,1035,25,6,6400,200.0,0.0,0.03061598539352417,0.3,2.0062406063079834,-0.006252040294930339,16240,0.009090851,4.173266500234604,0.0003,-0.8892332375049591
-407.8787878787879,1035,26,6,6656,200.0,0.0,0.015708208084106445,0.3,4.9876813888549805,-0.002284797537140548,16250,0.0035236685,8.155254459381103,0.0003,-0.8152741760015487
-407.6470588235294,1034,27,6,6912,200.0,0.07109375,0.06412041187286377,0.3,2.0340118408203125,-0.013234011363238096,16260,0.025059551,4.146931433677674,0.0003,-0.8924810707569122
-407.42857142857144,1037,28,6,7168,200.0,0.021875,0.02813667058944702,0.3,1.403175711631775,-0.007060986710712314,16270,0.015829835,4.203649944067001,0.0003,-0.977690327167511
-407.02702702702703,1038,29,7,7424,200.0,0.0515625,0.08074778318405151,0.3,1.3986026048660278,-0.008598647359758616,16280,0.014537494,4.121748507022858,0.0003,-0.9374793022871017
-406.8421052631579,1039,30,7,7680,200.0,0.0,0.06088459491729736,0.3,5.467495918273926,-0.0016648524906486273,16290,0.0026728648,7.912958157062531,0.0003,-0.9659770101308822
-406.6666666666667,1042,31,7,7936,200.0,0.121875,0.08196312189102173,0.3,1.300653338432312,-0.014925896283239126,16300,0.03235481,4.0588613748550415,0.0003,-1.0308226883411407
-406.5,1041,32,7,8192,200.0,0.0,-0.09276676177978516,0.3,2.5626413822174072,-6.903423927724361e-05,16310,0.004099291,4.494253247976303,0.0003,-1.1214378952980042
-406.1904761904762,1040,33,8,8448,200.0,0.001953125,0.008846163749694824,0.3,4.041383266448975,-0.0027564956340938806,16320,0.008486937,4.255274476110936,0.0003,-1.1516353726387023
-406.04651162790697,1042,34,8,8704,200.0,0.0,0.04053652286529541,0.3,4.37164306640625,-0.00023151087807491422,16330,0.0019619665,7.929350090026856,0.0003,-1.1586512267589568
-405.90909090909093,1042,35,8,8960,200.0,0.00078125,0.08524227142333984,0.3,2.2040047645568848,-0.009922706615179777,16340,0.016681628,4.054505169391632,0.0003,-1.1268533945083619
-405.6521739130435,1041,36,8,9216,200.0,0.0,-0.023212194442749023,0.3,0.3525973856449127,-0.0021629904164001345,16350,0.0059606098,4.368527176976204,0.0003,-1.080055022239685
-405.531914893617,1043,37,9,9472,200.0,0.0,0.05826294422149658,0.3,3.3738644123077393,-0.000710805132985115,16360,0.009206416,8.02057728767395,0.0003,-1.1067443549633027
-405.4166666666667,1042,38,9,9728,200.0,0.0,0.031773924827575684,0.3,1.5143407583236694,-0.0033733941614627837,16370,0.009076254,4.253316479921341,0.0003,-1.0935989677906037
-405.3061224489796,1041,39,9,9984,200.0,0.0,0.04906708002090454,0.3,1.7513498067855835,-0.00036525470204651356,16380,0.0015055076,4.166416531801223,0.0003,-1.0438603341579438
-407.84313725490193,1042,40,9,10240,200.0,0.0,0.05596381425857544,0.3,33.47886276245117,-0.0026162652298808097,16390,0.0020934753,77.11874103546143,0.0003,-1.0697633445262908
-400.0,1437,1,0,256,200.0,0.001953125,-0.005959510803222656,0.3,13.678058624267578,-0.008790864516049624,16400,0.006782437,29.50471873283386,0.0003,-1.069385015964508
-400.0,1249,2,0,512,200.0,0.019921875,0.0594058632850647,0.3,2.200978994369507,-0.002524413075298071,16410,0.006182378,4.173255494236946,0.0003,-1.2803294122219087
-400.0,1204,3,0,768,200.0,0.0265625,0.09455704689025879,0.3,1.5470283031463623,-0.007587677426636219,16420,0.021230048,4.070487475395202,0.0003,-1.1959661304950715
-400.0,1153,4,0,1024,200.0,0.005078125,0.14938455820083618,0.3,1.7491058111190796,-0.00772349713370204,16430,0.0150577,3.957374316453934,0.0003,-1.1800018131732941
-400.0,1117,5,1,1280,200.0,0.002734375,0.08510112762451172,0.3,4.492974281311035,0.0016001462936401367,16440,0.0014881408,7.6237550497055055,0.0003,-1.2211617290973664
-400.0,1101,6,1,1536,200.0,0.0,0.16557526588439941,0.3,1.8869932889938354,-0.005346336984075606,16450,0.011546469,3.7763366043567657,0.0003,-1.165303099155426
-400.0,1101,7,1,1792,200.0,0.216015625,0.1476912498474121,0.3,1.8787709474563599,-0.030184455588459967,16460,0.05020661,3.8409457087516783,0.0003,-1.083707618713379
-400.0,1098,8,1,2048,200.0,0.055078125,0.18511706590652466,0.3,1.6769773960113525,-0.006510490784421563,16470,0.013115694,3.7041613161563873,0.0003,-1.1096392691135406
-400.0,1097,9,2,2304,200.0,0.0,0.1543360948562622,0.3,3.301299571990967,-0.0020457714796066283,16480,0.0019416679,7.047613966464996,0.0003,-1.1146579682826996
-400.0,1094,10,2,2560,200.0,0.029296875,0.002496182918548584,0.3,2.4945642948150635,-0.006976074120029807,16490,0.018668262,4.436529868841172,0.0003,-1.1158615529537201
-403.57142857142856,1087,11,2,2816,200.0,0.028515625,0.027873635292053223,0.3,31.948287963867188,-0.005437494115903973,16500,0.021839168,42.76217017173767,0.0003,-1.1456851303577422
-403.3333333333333,1079,12,2,3072,200.0,0.0,0.10663241147994995,0.3,3.7964539527893066,-0.00020789590198546647,16510,0.00019296026,7.992405390739441,0.0003,-1.1377016723155975
-403.125,1077,13,3,3328,200.0,0.0,0.04891514778137207,0.3,2.3665449619293213,-0.0033268254133872687,16520,0.0021829933,4.2365055739879605,0.0003,-1.121085286140442
-402.94117647058823,1062,14,3,3584,200.0,0.003125,0.24572765827178955,0.3,1.4564820528030396,-0.0010925451992079616,16530,0.0024895922,3.4537264108657837,0.0003,-1.1061713933944701
-402.63157894736844,1063,15,3,3840,200.0,0.002734375,0.22101718187332153,0.3,2.4791860580444336,-0.00546893309801817,16540,0.006653974,3.6018871665000916,0.0003,-1.180314874649048
-402.5,1064,16,3,4096,200.0,0.03046875,0.13644331693649292,0.3,2.8457295894622803,-0.018903806898742916,16550,0.019691011,7.262888026237488,0.0003,-1.2677635252475739
-402.3809523809524,1064,17,4,4352,200.0,0.0109375,0.10194587707519531,0.3,0.7812399864196777,-0.008533157338388265,16560,0.013199387,4.0420939207077025,0.0003,-1.3420943081378938
-402.17391304347825,1065,18,4,4608,200.0,0.00546875,0.02785956859588623,0.3,2.239755868911743,0.00044815384317189457,16570,0.005775137,4.2699079513549805,0.0003,-1.411366844177246
-402.0833333333333,1063,19,4,4864,200.0,0.008203125,0.13537216186523438,0.3,2.3939402103424072,-0.0028734657214954497,16580,0.0037757496,7.307508635520935,0.0003,-1.4317561626434325
-404.0,1061,20,4,5120,200.0,0.0140625,0.1268860101699829,0.3,2.772148847579956,-0.009531698469072581,16590,0.020435851,3.946071243286133,0.0003,-1.4065100848674774
-403.84615384615387,1062,21,5,5376,200.0,0.000390625,0.0007775425910949707,0.3,14.880831718444824,0.0005416139727458357,16600,0.0010633231,40.534379959106445,0.0003,-1.383688360452652
-403.57142857142856,1064,22,5,5632,200.0,0.0,-0.21182715892791748,0.3,2.117851972579956,-0.0017810299759730697,16610,0.0016440377,5.189126664400101,0.0003,-1.388516479730606
-403.44827586206895,1059,23,5,5888,200.0,0.000390625,0.12220138311386108,0.3,3.090803623199463,-0.005834131245501339,16620,0.004939368,7.733688116073608,0.0003,-1.390609896183014
-403.3333333333333,1059,24,5,6144,200.0,0.0203125,0.019257664680480957,0.3,2.2289376258850098,-0.008666956308297813,16630,0.017196868,4.30864999294281,0.0003,-1.3977039277553558
-403.125,1061,25,6,6400,200.0,0.003515625,0.05244821310043335,0.3,1.701662540435791,-0.0010205887723714114,16640,0.0044993255,4.102058577537536,0.0003,-1.4092886567115783
-403.030303030303,1056,26,6,6656,200.0,0.0,0.12364786863327026,0.3,3.1705002784729004,-0.0023216094938106834,16650,0.002319938,7.132708644866943,0.0003,-1.4291152119636537
-402.94117647058823,1056,27,6,6912,200.0,0.0,0.057160258293151855,0.3,1.1327687501907349,-0.0016001732321456075,16660,0.0015814011,4.322461080551148,0.0003,-1.431030535697937
-402.85714285714283,1054,28,6,7168,200.0,0.0,0.032633960247039795,0.3,0.8196518421173096,-0.0017948120657820255,16670,0.0015160837,4.186968746781349,0.0003,-1.4216253578662872
-402.7027027027027,1054,29,7,7424,200.0,0.0296875,-0.08012735843658447,0.3,1.4825104475021362,-0.011384162027388811,16680,0.019344259,4.4691227078437805,0.0003,-1.4118227779865264
-402.63157894736844,1055,30,7,7680,200.0,0.0,0.07529681921005249,0.3,3.533764123916626,-0.0007900398108176887,16690,0.0022686888,8.145327258110047,0.0003,-1.3906500399112702
-402.56410256410254,1053,31,7,7936,200.0,0.0234375,0.09840375185012817,0.3,3.1379477977752686,-0.016089348844252525,16700,0.016600056,3.9470516800880433,0.0003,-1.4131783068180084
-402.5,1055,32,7,8192,200.0,0.028515625,-0.14894139766693115,0.3,1.1177664995193481,-0.010676037124358117,16710,0.011054616,4.669229960441589,0.0003,-1.4880066990852356
-402.3809523809524,1056,33,7,8448,200.0,0.009375,0.051303863525390625,0.3,1.9606235027313232,-0.007729368912987411,16720,0.012649055,4.10949056148529,0.0003,-1.533758270740509
-402.3255813953488,1057,34,8,8704,200.0,0.0,0.07897388935089111,0.3,3.018035411834717,-0.012476303242146968,16730,0.013240999,7.5431549668312075,0.0003,-1.5643107831478118
-402.27272727272725,1056,35,8,8960,200.0,0.0,0.023435354232788086,0.3,1.365347146987915,-0.0002687390660867095,16740,0.0023526032,4.348668396472931,0.0003,-1.547369796037674
-403.2608695652174,1054,36,8,9216,200.0,0.0171875,0.07184123992919922,0.3,2.0967440605163574,-0.011337161483243107,16750,0.025001245,4.091122698783875,0.0003,-1.5110419392585754
-403.1914893617021,1054,37,8,9472,200.0,0.001953125,-0.0008276700973510742,0.3,8.332476615905762,-0.0047723688185215,16760,0.006148513,45.28102941513062,0.0003,-1.4357300221920013
-403.125,1056,38,9,9728,200.0,0.0,0.03300672769546509,0.3,1.6626806259155273,-0.0002641821978613734,16770,0.0009250052,4.439398941397667,0.0003,-1.4176044642925263
-403.0612244897959,1057,39,9,9984,200.0,0.063671875,0.059737980365753174,0.3,1.5935724973678589,-0.007716926094144583,16780,0.022897337,4.11786458492279,0.0003,-1.4186286747455596
-402.94117647058823,1056,40,9,10240,200.0,0.03671875,0.05071878433227539,0.3,1.9227007627487183,-0.007774751540273428,16790,0.03143376,4.146066832542419,0.0003,-1.3691644608974456
-440.0,1587,1,0,256,200.0,0.0,0.1874680519104004,0.3,2.548663377761841,0.0014205788727849721,16800,0.0021921797,7.599724364280701,0.0003,-1.3119789481163024
-420.0,1251,2,0,512,200.0,0.002734375,-0.03476071357727051,0.3,6.9221272468566895,-0.01290399832651019,16410,0.010909933,20.203270292282106,0.0003,-0.9969698160886764
-413.3333333333333,1205,3,0,768,200.0,0.0,0.030821800231933594,0.3,1.8525795936584473,-0.0024486759677529333,16420,0.0033702594,4.650151707231998,0.0003,-0.9138401865959167
-408.0,1185,4,0,1024,200.0,0.0,0.007361888885498047,0.3,0.8831198215484619,-0.0012366149574518203,16430,0.002029803,4.453755867481232,0.0003,-0.874386191368103
-406.6666666666667,1151,5,1,1280,200.0,0.02265625,0.05310159921646118,0.3,4.600399494171143,-0.006499524414539337,16440,0.0051988047,8.323872566223145,0.0003,-0.9220479279756546
-405.7142857142857,1154,6,1,1536,200.0,0.010546875,0.04799520969390869,0.3,3.082529306411743,-0.003987082466483116,16450,0.01222126,4.168667575716972,0.0003,-0.8983574628829956
-405.0,1108,7,1,1792,200.0,0.0,0.05302691459655762,0.3,3.067124605178833,-0.0029687739443033934,16460,0.0050339093,4.141719943284988,0.0003,-0.7802213072776795
-404.0,1089,8,1,2048,200.0,0.0,-0.005206942558288574,0.3,1.4353611469268799,-0.0012829675339162349,16470,0.0034039663,4.319223856925964,0.0003,-0.8193984121084213
-403.6363636363636,1087,9,2,2304,200.0,0.0,0.10283148288726807,0.3,4.303382873535156,-0.0007089264225214719,16480,0.0007700061,7.743907260894775,0.0003,-0.8038745999336243
-403.3333333333333,1091,10,2,2560,200.0,0.054296875,0.10913527011871338,0.3,2.748539686203003,-0.010164957691449672,16490,0.026897075,3.995442533493042,0.0003,-0.7211729854345321
-402.85714285714283,1084,11,2,2816,200.0,0.014453125,0.07352972030639648,0.3,0.7189670205116272,-0.0004365394823253155,16500,0.01047672,3.920827317237854,0.0003,-0.6198436439037323
-462.6666666666667,1079,12,2,3072,200.0,0.094921875,0.1648416519165039,0.3,4.504750728607178,-0.0004985284293070435,16510,0.3679201,7.334539401531219,0.0003,-1.0058935642242433
-486.875,1076,13,3,3328,200.0,0.43671875,0.009034574031829834,0.3,795.936279296875,0.13958728397265077,16520,0.6049222,1845.6472229003907,0.0003,-1.6478154599666595
-552.3529411764706,1076,14,3,3584,200.0,0.060546875,0.02078467607498169,0.3,1321.24658203125,-0.024556334409862757,16530,0.042936772,2525.7582885742186,0.0003,-1.2958885610103608
-645.2631578947369,1071,15,3,3840,200.0,0.015625,0.008717775344848633,0.3,1390.3917236328125,-0.0032817763974890115,16540,0.005022053,2636.380505371094,0.0003,-1.679174816608429
-697.0,1064,16,3,4096,200.0,0.00390625,0.053097307682037354,0.3,857.8250732421875,-0.0065503118094056845,16550,0.0034910205,1650.4411560058593,0.0003,-1.1793680489063263
-726.1904761904761,1062,17,4,4352,200.0,0.0171875,0.023909270763397217,0.3,1161.806396484375,-0.001799985277466476,16560,0.0055335388,2249.8793884277343,0.0003,-1.381000953912735
-738.2608695652174,1064,18,4,4608,200.0,0.03671875,0.03581094741821289,0.3,246.73626708984375,-0.012744229217059911,16570,0.013079696,615.8058639526367,0.0003,-0.9596980899572373
-753.75,1065,19,4,4864,200.0,0.0,0.03275054693222046,0.3,703.1585083007812,-0.0056869222316890955,16580,0.0017862865,1115.9555389404297,0.0003,-1.050982815027237
-764.0,1062,20,4,5120,200.0,0.01484375,0.03000718355178833,0.3,592.1142578125,-0.006769335828721523,16590,0.0064011347,1210.7437072753905,0.0003,-1.1696204960346221
-763.8461538461538,1062,21,5,5376,200.0,0.02265625,0.02855074405670166,0.3,244.7794189453125,-0.009993272973224521,16600,0.005363224,566.560415649414,0.0003,-0.9348341405391694
-785.0,1062,22,5,5632,200.0,0.003125,0.04026615619659424,0.3,658.0578002929688,-0.0027445593383163213,16610,0.0035364726,1298.2775512695312,0.0003,-1.0326453119516372
-796.551724137931,1063,23,5,5888,200.0,0.01953125,0.036997318267822266,0.3,756.9022827148438,-0.010784329986199737,16620,0.013325106,1234.9467224121095,0.0003,-1.042478758096695
-805.3333333333334,1061,24,5,6144,200.0,0.102734375,0.008609652519226074,0.3,406.6209716796875,-0.02731838319450617,16630,0.0682062,1041.5396575927734,0.0003,-1.1514781534671783
-803.125,1058,25,6,6400,200.0,0.016796875,0.023855507373809814,0.3,296.9508056640625,-0.008056390471756459,16640,0.008309857,560.3707336425781,0.0003,-0.8368170529603958
-795.7575757575758,1060,26,6,6656,200.0,0.028125,0.014501988887786865,0.3,101.42959594726562,-0.0035004463978111746,16650,0.009564087,235.28408203125,0.0003,-0.8794239968061447
-785.2941176470588,1060,27,6,6912,200.0,0.03359375,0.08195781707763672,0.3,56.498512268066406,-0.016772235184907912,16660,0.008561867,88.40502662658692,0.0003,-0.9275768667459487
-785.4285714285714,1061,28,6,7168,200.0,0.011328125,0.03126418590545654,0.3,126.54576873779297,-0.011738125747069717,16670,0.003991633,284.78713455200193,0.0003,-0.7145758092403411
-767.027027027027,1062,29,6,7424,200.0,0.0046875,0.012201428413391113,0.3,85.13724517822266,-0.0064548873109742996,16680,0.003821327,204.0047534942627,0.0003,-0.7111095547676086
-758.421052631579,1062,30,7,7680,200.0,0.01171875,0.12498492002487183,0.3,14.639745712280273,-0.008546930504962802,16690,0.011377837,39.50961503982544,0.0003,-0.8242008298635483
-750.2564102564103,1063,31,7,7936,200.0,0.018359375,0.14360177516937256,0.3,5.961677551269531,-0.018122574500739574,16700,0.022102045,12.238988065719605,0.0003,-0.6602765828371048
-744.5,1063,32,7,8192,200.0,0.00625,0.18799811601638794,0.3,33.679718017578125,-0.01641717739403248,16710,0.0069599645,70.5264347076416,0.0003,-0.5601813822984696
-728.0952380952381,1064,33,7,8448,200.0,0.0,-0.05653786659240723,0.3,2.649038314819336,-0.00041770769748836754,16720,9.683729e-05,9.256722712516785,0.0003,-0.6565009623765945
-720.4651162790698,1064,34,8,8704,200.0,0.0046875,0.06945681571960449,0.3,4.701061725616455,-0.003095746599137783,16730,0.004194,7.595503437519073,0.0003,-0.6461321681737899
-713.6363636363636,1066,35,8,8960,200.0,0.0,-0.16631972789764404,0.3,1.0431208610534668,-0.0006033103913068771,16740,0.00038891681,4.401864099502563,0.0003,-0.6921574950218201
-701.9565217391304,1065,36,8,9216,200.0,0.001953125,-0.0844641923904419,0.3,7.78404426574707,-0.00624223506601993,16750,0.0050639547,10.347970271110535,0.0003,-0.7057432621717453
-695.531914893617,1065,37,8,9472,200.0,0.02734375,-0.002445697784423828,0.3,47.50847244262695,-0.009039421239867807,16760,0.011401896,90.51381645202636,0.0003,-0.8461978018283844
-689.375,1066,38,9,9728,200.0,0.0,0.012563049793243408,0.3,2.403536558151245,0.00020412011072039603,16770,5.054148e-05,4.720491802692413,0.0003,-0.8888991206884385
-683.469387755102,1067,39,9,9984,200.0,0.0,0.004442453384399414,0.3,3.6757242679595947,-0.0019462855299934745,16780,0.002073103,4.515270179510116,0.0003,-0.8711775988340378
-672.3529411764706,1067,40,9,10240,200.0,0.04296875,0.009308934211730957,0.3,2.417088031768799,-0.008008209150284528,16790,0.018509235,4.353469061851501,0.0003,-0.9184168964624405
-400.0,1402,1,0,256,200.0,0.0,0.05102294683456421,0.3,4.689112663269043,-0.00259579848498106,16800,0.0025448345,8.153399443626403,0.0003,-0.9916442215442658
-400.0,1164,2,0,512,200.0,0.0,0.1663987636566162,0.3,0.5272160768508911,-0.0017230220837518573,16810,0.001943599,3.742214035987854,0.0003,-1.2991015195846558
-400.0,1153,3,0,768,200.0,0.03203125,0.10855978727340698,0.3,0.8786284327507019,-0.004098607785999775,16820,0.011979988,3.911579614877701,0.0003,-1.3424597680568695
-400.0,1114,4,0,1024,200.0,0.232421875,0.05144304037094116,0.3,1.5047427415847778,-0.025712848454713822,16830,0.072347395,4.1271876215934755,0.0003,-1.4377302706241608
-400.0,1102,5,1,1280,200.0,0.010546875,0.08516603708267212,0.3,4.779257774353027,-0.005396454478614032,16840,0.0086895805,7.681228923797607,0.0003,-1.4618135511875152
-400.0,1096,6,1,1536,200.0,0.053515625,0.08826541900634766,0.3,3.5091400146484375,-0.016893356712535022,16850,0.033370122,3.9804364114999773,0.0003,-1.4450654447078706
-400.0,1096,7,1,1792,200.0,0.0,0.07770639657974243,0.3,1.2568856477737427,-0.002923798677511513,16860,0.0044070054,4.149455547332764,0.0003,-1.3691481471061706
-400.0,1091,8,1,2048,200.0,0.08046875,0.12268620729446411,0.3,1.726065754890442,-0.011235396657139064,16870,0.012359221,3.937414312362671,0.0003,-1.3770589470863341
-400.0,1083,9,2,2304,200.0,0.0,0.1547553539276123,0.3,1.3197784423828125,-0.002189370850101113,16880,0.0044252537,7.083930397033692,0.0003,-1.3358546614646911
-400.0,1080,10,2,2560,200.0,0.0109375,0.169375479221344,0.3,1.4069432020187378,-0.0068522714078426365,16890,0.012897415,3.794039672613144,0.0003,-1.266535472869873
-400.0,1080,11,2,2816,200.0,0.0,0.025343596935272217,0.3,2.2718167304992676,-0.00466198141220957,16900,0.0066044973,4.154915556311607,0.0003,-1.1863503515720368
-400.0,1080,12,2,3072,200.0,0.0,0.06649422645568848,0.3,4.067303657531738,-0.006769517250359058,16910,0.017079003,7.8744446516036986,0.0003,-1.230936884880066
-403.125,1080,13,3,3328,200.0,0.00078125,0.0012885332107543945,0.3,22.746898651123047,-0.008531799435149878,16920,0.0139889605,40.93156881332398,0.0003,-1.2586428701877594
-402.94117647058823,1073,14,3,3584,200.0,0.0,0.16455930471420288,0.3,1.823073148727417,-0.0011303416220471262,16930,0.002952126,3.794123637676239,0.0003,-1.2412218391895293
-402.63157894736844,1070,15,3,3840,200.0,0.07421875,0.22228258848190308,0.3,2.425767421722412,-0.016385494777932764,16940,0.0413426,3.635772305727005,0.0003,-1.1896698534488679
-402.5,1072,16,3,4096,200.0,0.0,0.17616426944732666,0.3,3.6502373218536377,-0.008489079866558313,16950,0.009124995,7.524222218990326,0.0003,-1.0901618659496308
-402.3809523809524,1072,17,4,4352,200.0,0.0,0.1123119592666626,0.3,1.6198320388793945,-0.0031201666221022605,16960,0.0021056656,4.2120196402072905,0.0003,-1.0338230371475219
-402.17391304347825,1074,18,4,4608,200.0,0.011328125,0.11429446935653687,0.3,1.9816161394119263,-0.00806854497641325,16970,0.019425392,4.016798371076584,0.0003,-0.9230804830789566
-402.0833333333333,1076,19,4,4864,200.0,0.0,0.005164504051208496,0.3,5.084048748016357,-0.00014207656495273112,16980,0.00461882,9.043048477172851,0.0003,-0.7272589534521103
-402.0,1072,20,4,5120,200.0,0.0,0.23406028747558594,0.3,0.8892687559127808,-0.001676973979920149,16990,0.0012087016,3.1752825006842613,0.0003,-0.6788591861724853
-401.9230769230769,1072,21,5,5376,200.0,0.00078125,0.25506073236465454,0.3,2.342625379562378,-0.0024584762286394835,17000,0.0046006935,3.4598290801048277,0.0003,-0.6299243569374084
-401.7857142857143,1073,22,5,5632,200.0,0.0,0.024769902229309082,0.3,1.710950493812561,-0.000946023385040462,17010,0.0009302704,4.396326623857021,0.0003,-0.5416936188936233
-401.7241379310345,1074,23,5,5888,200.0,0.0,-0.014745831489562988,0.3,2.754880905151367,-0.0012349783442914485,17020,0.0005983822,8.593418049812318,0.0003,-0.5096113815903663
-401.6666666666667,1074,24,5,6144,200.0,0.001953125,0.010969161987304688,0.3,1.8422852754592896,-0.0026003421284258366,17030,0.00435425,4.303137266635895,0.0003,-0.44571918100118635
-401.5625,1074,25,5,6400,200.0,0.0,0.01991027593612671,0.3,2.717658519744873,0.00017070781323127448,17040,4.310999e-05,4.080983087420464,0.0003,-0.385358227789402
-401.5151515151515,1075,26,6,6656,200.0,0.0,0.025853455066680908,0.3,3.563614845275879,-6.934837438166142e-05,17050,0.00010137702,8.382870149612426,0.0003,-0.40091240853071214
-401.47058823529414,1075,27,6,6912,200.0,0.0,0.1510404348373413,0.3,1.8479653596878052,3.655350301414728e-05,17060,1.3542827e-05,4.123327964544297,0.0003,-0.4113821253180504
-401.42857142857144,1080,28,6,7168,200.0,0.0,0.03706854581832886,0.3,1.5507336854934692,-0.0001992822624742985,17070,3.491831e-05,4.026820006966591,0.0003,-0.4042835712432861
-401.35135135135135,1077,29,6,7424,200.0,0.0203125,0.15148234367370605,0.3,1.5337557792663574,-0.006537451199255884,17080,0.007365077,3.75733225941658,0.0003,-0.42605393677949904
-401.3157894736842,1077,30,7,7680,200.0,0.001171875,0.08122473955154419,0.3,2.8335988521575928,-0.00224330872297287,17090,0.0021378957,7.078226923942566,0.0003,-0.48792744874954225
-401.28205128205127,1080,31,7,7936,200.0,0.0,0.1234784722328186,0.3,1.8011853694915771,8.549564518034458e-06,17100,0.00019088411,3.8183253526687624,0.0003,-0.5298167705535889
-401.25,1081,32,7,8192,200.0,0.0,-0.06801342964172363,0.3,1.8673723936080933,-0.0015612133545801043,17110,0.0007462122,4.389772081375122,0.0003,-0.526960214972496
-401.1904761904762,1079,33,7,8448,200.0,0.00625,0.041123390197753906,0.3,2.445988416671753,-0.004925483511760831,17120,0.0041307905,4.2115858614444734,0.0003,-0.5529947966337204
-401.16279069767444,1079,34,8,8704,200.0,0.0,0.12047398090362549,0.3,3.2233026027679443,0.0005483797052875161,17130,0.00020286487,6.9898007869720455,0.0003,-0.6235790550708771
-401.1363636363636,1081,35,8,8960,200.0,0.0,0.08684837818145752,0.3,1.6362966299057007,-0.0007812873693183065,17140,0.0018139125,4.094904291629791,0.0003,-0.6027025014162064
-401.0869565217391,1082,36,8,9216,200.0,0.0,0.00947558879852295,0.3,2.042668342590332,0.00019686088780872523,17150,0.000795566,4.309573358297348,0.0003,-0.6858960837125778
-401.06382978723406,1083,37,8,9472,200.0,0.0,0.05155271291732788,0.3,5.0479865074157715,-0.00010101532097905874,17160,0.00032010698,8.201171374320984,0.0003,-0.6774077326059341
-401.0416666666667,1078,38,9,9728,200.0,0.00390625,0.10254651308059692,0.3,2.3629705905914307,-0.0034048279747366907,17170,0.004791598,3.9497527852654457,0.0003,-0.7258199781179429
-401.0204081632653,1078,39,9,9984,200.0,0.0,0.1324898600578308,0.3,1.4755171537399292,0.0012694107135757804,17180,0.0012653782,4.377184331417084,0.0003,-0.8228664368391037
-400.98039215686276,1080,40,9,10240,200.0,0.003125,0.30037111043930054,0.3,1.334472417831421,-0.005252687122265343,17190,0.0034405652,3.212268370389938,0.0003,-0.8363628655672073
-400.0,1482,1,0,256,200.0,0.0,0.08363813161849976,0.3,4.79860258102417,-0.0007911010179668665,17200,0.00089751347,8.128766906261443,0.0003,-0.8129330307245255
-400.0,1242,2,0,512,200.0,0.084375,0.004349648952484131,0.3,1.919811725616455,-0.006051314016804099,16810,0.030296959,4.351707714796066,0.0003,-1.0357321679592133
-400.0,1158,3,0,768,200.0,0.0,0.05874091386795044,0.3,2.2880771160125732,-0.00451773819513619,16820,0.016190544,3.9954384565353394,0.0003,-1.0398228108882903
-400.0,1146,4,0,1024,200.0,0.05234375,0.1342182159423828,0.3,2.282137155532837,-0.0035179800586774947,16830,0.02067073,3.840569919347763,0.0003,-1.0761573255062102
-406.6666666666667,1123,5,1,1280,200.0,0.09765625,0.07616335153579712,0.3,4.11469030380249,-0.01490954179316759,16840,0.043732658,7.626315414905548,0.0003,-1.1621021389961244
-405.7142857142857,1111,6,1,1536,200.0,0.0515625,0.1103852391242981,0.3,6.588767051696777,-0.005312865856103599,16850,0.032678448,15.77823977470398,0.0003,-1.287872838973999
-410.0,1109,7,1,1792,200.0,0.023828125,0.17593300342559814,0.3,4.447506904602051,-0.01760736545547843,16860,0.040361177,12.197822952270508,0.0003,-1.1666219234466553
-408.0,1118,8,1,2048,200.0,0.004296875,-0.12280571460723877,0.3,3.254366874694824,-0.0012545157107524574,16870,0.00544321,4.624488592147827,0.0003,-1.158523052930832
-407.27272727272725,1116,9,2,2304,200.0,0.0,0.037063419818878174,0.3,6.11279296875,-0.001468019385356456,16880,0.009288488,7.842873430252075,0.0003,-1.2114618420600891
-406.6666666666667,1112,10,2,2560,200.0,0.076171875,0.05736219882965088,0.3,1.6318598985671997,-0.010062055988237261,16890,0.03692483,4.129685944318771,0.0003,-1.1263164579868317
-405.7142857142857,1112,11,2,2816,200.0,0.0,0.008469760417938232,0.3,1.0892183780670166,-0.002612853376194835,16900,0.0072717695,4.222349834442139,0.0003,-1.0444400489330292
-405.3333333333333,1104,12,2,3072,200.0,0.0,0.16607767343521118,0.3,3.7501256465911865,0.004040699545294046,16910,0.0006368831,7.636562371253968,0.0003,-1.0809327244758606
-407.5,1099,13,3,3328,200.0,0.0,0.05582559108734131,0.3,2.5674378871917725,-0.002603510720655322,16920,0.011266585,4.15009263753891,0.0003,-1.0773381888866425
-407.05882352941177,1098,14,3,3584,200.0,0.001953125,0.008924543857574463,0.3,9.982120513916016,-0.0069559514056891205,16930,0.01096487,19.667530512809755,0.0003,-1.0703569769859314
-406.3157894736842,1097,15,3,3840,200.0,0.0,0.10902827978134155,0.3,3.0782833099365234,-0.0022049504332244396,16940,0.0035597435,4.106421768665314,0.0003,-1.0363631129264832
-406.0,1093,16,3,4096,200.0,0.0,0.1681007742881775,0.3,4.16316556930542,-0.0009340030141174793,16950,0.0021345033,7.284105992317199,0.0003,-1.011010217666626
-405.7142857142857,1092,17,3,4352,200.0,0.008203125,0.19039767980575562,0.3,1.9150590896606445,-0.009518066840246319,16960,0.025601305,3.4990235686302187,0.0003,-1.0561142206192016
-405.2173913043478,1088,18,4,4608,200.0,0.0,0.007089197635650635,0.3,2.0392391681671143,0.0016995306126773358,16970,0.00306586,4.471077644824982,0.0003,-1.068623548746109
-405.0,1087,19,4,4864,200.0,0.0,0.007661879062652588,0.3,4.335526943206787,-0.0012342570116743445,16980,0.002698565,7.952398300170898,0.0003,-1.0625764012336731
-404.8,1089,20,4,5120,200.0,0.00234375,0.0016342997550964355,0.3,0.9000847935676575,-0.0029588587582111358,16990,0.0077416906,4.376605606079101,0.0003,-1.0643610417842866
-404.61538461538464,1089,21,4,5376,200.0,0.103515625,0.04729914665222168,0.3,0.8986319899559021,-0.009331479063257575,17000,0.052879006,4.124717175960541,0.0003,-0.9742672055959701
-404.2857142857143,1087,22,5,5632,200.0,0.0140625,-0.11457467079162598,0.3,2.0171172618865967,-0.010576762398704887,17010,0.02021318,4.847718018293381,0.0003,-0.856180876493454
-404.13793103448273,1090,23,5,5888,200.0,0.0,0.17181706428527832,0.3,3.355879545211792,-0.0018520447891205549,17020,0.0041678483,7.164884507656097,0.0003,-0.8134150117635727
-404.0,1087,24,5,6144,200.0,0.0,0.3110026717185974,0.3,0.8542183637619019,8.660759776830673e-05,17030,0.0018504332,3.0722247302532195,0.0003,-0.8501406908035278
-403.75,1087,25,5,6400,200.0,0.047265625,0.027345776557922363,0.3,1.8001362085342407,-0.0040027776034548875,17040,0.013201458,4.172204023599624,0.0003,-0.8953875184059144
-403.6363636363636,1089,26,6,6656,200.0,0.0015625,0.16364383697509766,0.3,3.4417712688446045,-0.0037148684728890657,17050,0.0025395604,7.203167641162873,0.0003,-0.9177380919456481
-403.52941176470586,1089,27,6,6912,200.0,0.0625,0.11907726526260376,0.3,1.8503886461257935,-0.009268002258613706,17060,0.030162528,4.012459915876389,0.0003,-1.0236109882593154
-403.42857142857144,1087,28,6,7168,200.0,0.04921875,0.14001315832138062,0.3,2.3213186264038086,-0.0050830171210691335,17070,0.0133135915,3.804165321588516,0.0003,-1.108079618215561
-403.2432432432432,1086,29,6,7424,200.0,0.07734375,0.20114433765411377,0.3,1.0612423419952393,-0.012159814999904484,17080,0.04235923,3.6395367294549943,0.0003,-1.1015231132507324
-403.1578947368421,1084,30,7,7680,200.0,0.0,0.0057659149169921875,0.3,5.939723968505859,-0.0035098497290164234,17090,0.008612173,8.644939661026001,0.0003,-1.0556540787220001
-403.0769230769231,1084,31,7,7936,200.0,0.0,0.069308340549469,0.3,2.8981196880340576,-0.006935188733041287,17100,0.016454007,4.080726492404938,0.0003,-1.015778660774231
-403.0,1084,32,7,8192,200.0,0.001171875,-0.07032454013824463,0.3,2.8811426162719727,-0.007932752883061767,17110,0.024705451,4.578284573554993,0.0003,-0.918431481719017
-402.85714285714283,1084,33,7,8448,200.0,0.000390625,0.09829980134963989,0.3,1.68927001953125,-0.0027403222396969796,17120,0.007132365,3.8380125045776365,0.0003,-0.8727879703044892
-402.7906976744186,1085,34,8,8704,200.0,0.000390625,0.04170197248458862,0.3,4.3726067543029785,-0.0001257458468899131,17130,0.0030044287,8.150504326820373,0.0003,-0.9123740255832672
-404.77272727272725,1084,35,8,8960,200.0,0.148828125,0.08511513471603394,0.3,0.5576488375663757,-0.010243335831910371,17140,0.05700977,3.9919639110565184,0.0003,-1.0524819880723952
-411.0869565217391,1084,36,8,9216,200.0,0.023828125,0.0077356696128845215,0.3,160.7201690673828,0.0034516427898779512,17150,0.0102728885,261.9290657043457,0.0003,-1.1775343656539916
-410.8510638297872,1083,37,8,9472,200.0,0.024609375,0.14441156387329102,0.3,24.146713256835938,-0.009639040241017938,17160,0.01572835,44.82238540649414,0.0003,-1.0450654298067092
-414.1666666666667,1083,38,8,9728,200.0,0.033203125,0.10066938400268555,0.3,81.15953826904297,-0.011021876963786781,17170,0.006135395,163.14106254577638,0.0003,-1.0866813898086547
-417.14285714285717,1082,39,9,9984,200.0,0.01015625,0.06800621747970581,0.3,32.141273498535156,-0.011721986811608076,17180,0.0053819125,81.50863990783691,0.0003,-1.1681491911411286
-422.94117647058823,1083,40,9,10240,200.0,0.011328125,0.16905337572097778,0.3,126.05714416503906,-0.0006955336313694716,17190,0.0094772205,172.9068790435791,0.0003,-1.0248030513525008
-450.0,1473,1,0,256,200.0,0.033203125,0.1747087836265564,0.3,11.548478126525879,-0.009399534924887121,17200,0.0022521047,82.32902278900147,0.0003,-1.0703480303287507
-425.0,1253,2,0,512,200.0,0.0,0.03855478763580322,0.3,21.95183563232422,0.00019534809980541467,17210,9.5962314e-05,40.756959962844846,0.0003,-0.7850181341171265
-416.6666666666667,1170,3,0,768,200.0,0.0,0.09174597263336182,0.3,2.0346286296844482,-0.0011108814273029567,17220,0.0018282814,3.8968037486076357,0.0003,-0.7946778655052185
-410.0,1155,4,0,1024,200.0,0.0,-0.1367027759552002,0.3,3.0527448654174805,-0.001528535899706185,17230,0.0058516096,4.858669525384903,0.0003,-0.8850539773702621
-403.3333333333333,1139,5,1,1280,200.0,0.0203125,0.15821027755737305,0.3,2.9971730709075928,-0.0058877435745671395,17240,0.0103119,7.508377313613892,0.0003,-0.9897847324609756
-402.85714285714283,1131,6,1,1536,200.0,0.0,0.3285102844238281,0.3,1.719483494758606,0.0002513776067644358,17250,0.0013920178,6.459430789947509,0.0003,-1.087468671798706
-402.5,1112,7,1,1792,200.0,0.005859375,0.15615302324295044,0.3,1.3233424425125122,-0.0016719877254217862,17260,0.0056074513,3.7849684178829195,0.0003,-1.1388553380966187
-402.0,1112,8,1,2048,200.0,0.0,0.020015954971313477,0.3,1.4428651332855225,0.003631057380698621,17270,0.0013848103,4.527216708660125,0.0003,-1.2064495086669922
-401.8181818181818,1101,9,2,2304,200.0,0.0,0.16097009181976318,0.3,2.962222099304199,-0.005779705860186368,17280,0.0065688863,6.814479637145996,0.0003,-1.2224169969558716
-401.6666666666667,1082,10,2,2560,200.0,0.00078125,0.14005553722381592,0.3,1.670604944229126,0.0005541192600503564,17290,0.002532598,3.933144724369049,0.0003,-1.296720677614212
-405.0,1079,11,2,2816,200.0,0.001953125,0.17119812965393066,0.3,2.9443459510803223,-0.0030498324776999652,17300,0.0064458475,3.7981741309165953,0.0003,-1.2554449915885926
-404.6666666666667,1080,12,2,3072,200.0,0.0,0.04728662967681885,0.3,23.198150634765625,-0.003132695460226387,17310,0.002297819,43.876821517944336,0.0003,-1.2145800650119782
-404.375,1082,13,3,3328,200.0,0.00390625,0.13151949644088745,0.3,1.8178154230117798,-0.00714326691813767,17320,0.01049186,3.94371502995491,0.0003,-1.1731147766113281
-404.11764705882354,1083,14,3,3584,200.0,0.0,0.09617483615875244,0.3,3.316727876663208,-0.0019887431175448,17330,0.006017441,4.417676001787186,0.0003,-1.168666696548462
-403.6842105263158,1080,15,3,3840,200.0,0.0609375,-0.07472789287567139,0.3,0.970072865486145,-0.016365169640630485,17340,0.026206529,4.480967354774475,0.0003,-1.265357494354248
-403.5,1080,16,3,4096,200.0,0.000390625,0.002129197120666504,0.3,3.174936056137085,-0.0027242004405707123,17350,0.0050498173,7.922505927085877,0.0003,-1.3699153065681458
-403.3333333333333,1081,17,4,4352,200.0,0.0,0.0486912727355957,0.3,1.9441763162612915,-0.001594571431633085,17360,0.0021998044,4.465869504213333,0.0003,-1.3485918581485747
-403.04347826086956,1080,18,4,4608,200.0,0.001953125,-0.005821108818054199,0.3,1.7951393127441406,-0.006678588059730828,17370,0.012688105,4.292694383859635,0.0003,-1.3053222298622131
-402.9166666666667,1077,19,4,4864,200.0,0.01640625,0.04175460338592529,0.3,4.287703037261963,-0.005119049653876573,17380,0.017616708,8.158194959163666,0.0003,-1.2088823854923247
-402.8,1079,20,4,5120,200.0,0.0234375,0.03972369432449341,0.3,2.225630283355713,-0.0173772239824757,17390,0.013080915,4.209164318442345,0.0003,-1.1787278711795808
-402.6923076923077,1079,21,4,5376,200.0,0.150390625,0.020262420177459717,0.3,3.160571575164795,-0.016897733462974428,17400,0.049192782,4.201925718784333,0.0003,-1.1101000130176544
-402.5,1079,22,5,5632,200.0,0.003515625,0.03977203369140625,0.3,2.601884126663208,-0.0077691699611023065,17410,0.008200632,4.437170344591141,0.0003,-1.0557108163833617
-402.41379310344826,1081,23,5,5888,200.0,0.0,0.19434517621994019,0.3,1.7594382762908936,0.0028873348142951726,17420,0.0012069724,7.139670348167419,0.0003,-1.0930077672004699
-402.3333333333333,1081,24,5,6144,200.0,0.0,0.16727328300476074,0.3,2.3824424743652344,-0.0011127647245302795,17430,0.0018881666,3.780615842342377,0.0003,-1.0455031394958496
-405.3125,1081,25,5,6400,200.0,0.0,0.006237149238586426,0.3,16.899431228637695,-0.0038294663885608316,17440,0.0015754022,40.58218026161194,0.0003,-1.0227413952350617
-405.1515151515151,1083,26,6,6656,200.0,0.0,0.021620750427246094,0.3,21.992752075195312,-0.0003202913561835885,17450,0.0006438582,44.470901584625246,0.0003,-1.016658753156662
-405.0,1081,27,6,6912,200.0,0.00390625,0.19582605361938477,0.3,1.2480981349945068,-0.003391247347462922,17460,0.002730023,3.763082379102707,0.0003,-1.0396436870098114
-404.85714285714283,1079,28,6,7168,200.0,0.016796875,0.2970050573348999,0.3,2.0909738540649414,-0.011340384662616998,17470,0.03158221,3.303124639391899,0.0003,-1.0605529576539994
-404.3243243243243,1079,29,6,7424,200.0,0.0,-0.15932786464691162,0.3,1.8016363382339478,0.0011134866159409284,17480,0.01326375,4.783376842737198,0.0003,-0.8864883810281754
-404.2105263157895,1077,30,7,7680,200.0,0.0,0.12271696329116821,0.3,3.908806800842285,-0.0008015009574592113,17490,0.00027105794,9.067660248279571,0.0003,-0.8149352312088013
-404.1025641025641,1077,31,7,7936,200.0,0.0,0.04584437608718872,0.3,2.2785794734954834,-0.00673472760245204,17500,0.0055468595,4.149343678355217,0.0003,-0.7651500433683396
-404.0,1078,32,7,8192,200.0,0.007421875,-0.0033550262451171875,0.3,1.1781005859375,-0.005520399892702699,17510,0.0033911383,3.8698648035526277,0.0003,-0.7444079279899597
-403.0952380952381,1077,33,7,8448,200.0,0.019140625,-0.20823514461517334,0.3,1.7404043674468994,-0.003752424195408821,17520,0.008265383,4.877439773082733,0.0003,-0.8164322555065155
-404.1860465116279,1077,34,8,8704,200.0,0.0,0.2149152159690857,0.3,7.978440284729004,-0.0021290340926498176,17530,0.0010866029,13.84078106880188,0.0003,-0.849053493142128
-404.09090909090907,1077,35,8,8960,200.0,0.007421875,0.06658273935317993,0.3,1.9340020418167114,-0.00529420337988995,17540,0.011363022,13.380365258455276,0.0003,-0.928013750910759
-403.9130434782609,1078,36,8,9216,200.0,0.054296875,0.06122177839279175,0.3,1.6050357818603516,-0.005537851201370359,17550,0.017470643,3.8935551315546038,0.0003,-1.086417818069458
-403.82978723404256,1078,37,8,9472,200.0,0.000390625,0.2376883625984192,0.3,1.6340551376342773,-0.00047954865731298925,17560,0.0012750952,6.691033482551575,0.0003,-1.1187468588352203
-403.75,1079,38,9,9728,200.0,0.03359375,0.10335981845855713,0.3,1.696773648262024,-0.018836561450734736,17570,0.015060008,3.9675374031066895,0.0003,-1.13422931432724
-403.46938775510205,1075,39,9,9984,200.0,0.0,0.024001479148864746,0.3,2.84175181388855,0.0007945211022160947,17580,0.0030824037,4.750159072875976,0.0003,-1.1946973264217378
-403.3333333333333,1075,40,9,10240,200.0,0.0,0.4303724765777588,0.3,0.9447407126426697,-0.00042300112545490265,17590,0.0002059997,3.2486925959587096,0.0003,-1.2031859874725341
-440.0,1441,1,0,256,200.0,0.000390625,0.22444641590118408,0.3,4.60535192489624,-0.006247810996137559,17600,0.002751316,7.486833882331848,0.0003,-1.2018072366714478
-440.0,1245,2,0,512,200.0,0.0703125,0.3573741316795349,0.3,7.0282721519470215,-0.022205362003296612,17210,0.017515253,19.528103160858155,0.0003,-0.9508830040693284
-426.6666666666667,1186,3,0,768,200.0,0.0390625,-0.061276793479919434,0.3,4.089914321899414,-0.00727043398655951,17220,0.010759562,10.017379641532898,0.0003,-0.943282225728035
-416.0,1160,4,0,1024,200.0,0.10390625,0.16731399297714233,0.3,0.7962585687637329,-0.016529544279910623,17230,0.026539356,3.9407162427902223,0.0003,-0.8526870220899582
-413.3333333333333,1144,5,1,1280,200.0,0.003515625,0.18628960847854614,0.3,4.112621784210205,-0.005322977853938937,17240,0.0103072785,7.167344117164612,0.0003,-0.9591560542583466
-440.0,1122,6,1,1536,200.0,0.0,0.10886180400848389,0.3,122.22605895996094,-0.003542951587587595,17250,0.0025349138,201.92710609436034,0.0003,-0.894483870267868
-435.0,1109,7,1,1792,200.0,0.011328125,-0.0918118953704834,0.3,3.073579788208008,-0.0018905815901234745,17260,0.0057729725,4.654800975322724,0.0003,-0.875291708111763
-428.0,1107,8,1,2048,200.0,0.019140625,0.1202971339225769,0.3,1.2800768613815308,-0.0020610208506695927,17270,0.01478789,3.9960973799228667,0.0003,-1.0329231202602387
-425.45454545454544,1090,9,2,2304,200.0,0.041015625,0.17352956533432007,0.3,2.715752363204956,-0.006768817827105522,17280,0.03146823,6.968595564365387,0.0003,-0.9650128006935119
-423.3333333333333,1063,10,2,2560,200.0,0.0265625,0.1013447642326355,0.3,1.97061026096344,-0.002216746425256133,17290,0.012170725,4.140993583202362,0.0003,-0.9505273640155792
-420.0,1062,11,2,2816,200.0,0.011328125,0.08852100372314453,0.3,1.4737378358840942,-0.0031374696874991058,17300,0.02010862,3.9771329686045647,0.0003,-0.9448707401752472
-418.6666666666667,1058,12,2,3072,200.0,0.003125,0.12712591886520386,0.3,3.4615867137908936,0.0011175807565450668,17310,0.0040282533,7.89635398387909,0.0003,-0.8803508907556534
-422.5,1053,13,3,3328,200.0,0.03203125,0.08953523635864258,0.3,18.85959243774414,-0.008069396577775478,17320,0.0025207754,33.48636083602905,0.0003,-0.9677053034305573
-421.1764705882353,1053,14,3,3584,200.0,0.001953125,0.1632906198501587,0.3,7.253331661224365,-0.00029060577508062125,17330,0.002386858,9.021632659435273,0.0003,-0.9518591165542603
-418.94736842105266,1053,15,3,3840,200.0,0.0,0.16495388746261597,0.3,1.265568733215332,-0.0001611776649951935,17340,0.0018451458,4.11559168100357,0.0003,-0.9188547670841217
-418.0,1054,16,3,4096,200.0,0.00703125,0.010568797588348389,0.3,3.0210187435150146,-0.002041754825040698,17350,0.008523768,8.2782874584198,0.0003,-0.922492602467537
-417.14285714285717,1057,17,4,4352,200.0,0.016015625,0.10457020998001099,0.3,2.3592073917388916,-0.0008278603898361325,17360,0.0026937402,4.094366526603698,0.0003,-0.9015848070383072
-415.6521739130435,1056,18,4,4608,200.0,0.00390625,0.18340516090393066,0.3,0.514164388179779,-0.0026686660945415496,17370,0.0020085415,3.8878373980522154,0.0003,-0.8851298332214356
-415.0,1056,19,4,4864,200.0,0.0265625,0.10365206003189087,0.3,2.9757251739501953,0.0012880883179605008,17380,0.006246782,7.605333769321442,0.0003,-0.9557697653770447
-414.4,1056,20,4,5120,200.0,0.03671875,0.12920379638671875,0.3,3.0062615871429443,0.00035055079497396945,17390,0.012233696,3.8483531773090363,0.0003,-1.0720077574253082
-413.84615384615387,1057,21,5,5376,200.0,0.231640625,0.21667838096618652,0.3,2.3407864570617676,-0.01703808824531734,17400,0.05252115,3.4357414066791536,0.0003,-0.9923840522766113
-412.85714285714283,1057,22,5,5632,200.0,0.0,-0.2300046682357788,0.3,2.0347020626068115,0.003949702391400934,17410,0.006620897,5.097176492214203,0.0003,-0.967343145608902
-417.58620689655174,1056,23,5,5888,200.0,0.014453125,0.08516252040863037,0.3,18.54865264892578,-0.010500984103418886,17420,0.006106404,65.14262971878051,0.0003,-0.9575605511665344
-417.0,1058,24,5,6144,200.0,0.072265625,0.21496814489364624,0.3,23.8740177154541,-0.006409300467930734,17430,0.01607402,52.55541133880615,0.0003,-1.0967513620853424
-415.9375,1058,25,6,6400,200.0,0.075,0.3187992572784424,0.3,2.2950854301452637,-0.005591890471987426,17440,0.032636646,3.7235359251499176,0.0003,-1.0926581382751466
-417.8787878787879,1059,26,6,6656,200.0,0.241015625,0.1879023313522339,0.3,3.6972415447235107,-0.015592797566205263,17450,0.13939309,6.599721384048462,0.0003,-1.178448486328125
-417.3529411764706,1060,27,6,6912,200.0,0.0703125,-0.1116490364074707,0.3,23.942564010620117,-0.011537107778713107,17460,0.016705634,38.50109748840332,0.0003,-1.2166816890239716
-420.57142857142856,1061,28,6,7168,200.0,0.00078125,0.06412309408187866,0.3,61.86298751831055,-0.006857946142554283,17470,0.0035862331,120.27576332092285,0.0003,-1.2612616658210754
-420.5405405405405,1061,29,6,7424,200.0,0.17890625,0.00860053300857544,0.3,2.4735610485076904,-0.013995334459468722,17480,0.04774961,4.489496141672134,0.0003,-1.1728420436382294
-420.0,1062,30,7,7680,200.0,0.103515625,0.2182595133781433,0.3,7.343727111816406,-0.015996495634317397,17490,0.0042018676,17.70627737045288,0.0003,-1.1310510516166687
-419.4871794871795,1062,31,7,7936,200.0,0.001953125,0.23373812437057495,0.3,1.881367802619934,-0.002718180790543556,17500,0.011104429,4.378084921836853,0.0003,-1.1621362447738648
-419.0,1063,32,7,8192,200.0,0.03984375,0.1434226632118225,0.3,1.866416335105896,-0.009510888741351664,17510,0.016718417,4.122610002756119,0.0003,-1.089600932598114
-418.0952380952381,1063,33,7,8448,200.0,0.03984375,0.024767756462097168,0.3,1.9831417798995972,-0.003157592692878097,17520,0.041839793,4.8551060318946835,0.0003,-1.1580657422542573
-417.6744186046512,1063,34,8,8704,200.0,0.02734375,-0.011827945709228516,0.3,3.3073158264160156,-0.006607512943446636,17530,0.0067081517,8.36612811088562,0.0003,-1.0565324306488038
-418.1818181818182,1063,35,8,8960,200.0,0.056640625,0.048113346099853516,0.3,7.925041198730469,-0.016375697846524418,17540,0.025084514,10.501894009113311,0.0003,-1.0136017739772796
-419.3478260869565,1064,36,8,9216,200.0,0.198046875,0.06624549627304077,0.3,4.8788886070251465,-0.011786844325251877,17550,0.09972587,9.507641053199768,0.0003,-1.0020540922880172
-418.93617021276594,1063,37,8,9472,200.0,0.0375,0.03706538677215576,0.3,68.73170471191406,-0.0061818980379030105,17560,0.01080619,111.57417860031128,0.0003,-0.9761536598205567
-418.5416666666667,1064,38,9,9728,200.0,0.02109375,0.152398943901062,0.3,2.3379297256469727,-0.006719684926792979,17570,0.004314781,4.157644832134247,0.0003,-1.083069807291031
-418.16326530612247,1063,39,9,9984,200.0,0.03671875,0.1180604100227356,0.3,1.5935145616531372,-0.008534637442789973,17580,0.016758444,4.043786585330963,0.0003,-1.1113011419773102
-418.2352941176471,1063,40,9,10240,200.0,0.019921875,-0.07075762748718262,0.3,17.098892211914062,-0.008117685513570904,17590,0.005003406,27.311895084381103,0.0003,-1.138177251815796
-400.0,1449,1,0,256,200.0,0.019921875,0.07374447584152222,0.3,4.365677833557129,-0.0012352134566754104,17600,0.015369509,8.062078857421875,0.0003,-1.1612674415111541
-400.0,1271,2,0,512,200.0,0.011328125,0.18933647871017456,0.3,1.871286392211914,-0.011520415171980858,17610,0.023670914,3.796206510066986,0.0003,-1.174974763393402
-400.0,1208,3,0,768,200.0,0.010546875,0.13287466764450073,0.3,0.7710853815078735,-0.003287862450815737,17620,0.012623913,3.834056943655014,0.0003,-0.970796525478363
-400.0,1174,4,0,1024,200.0,0.0,0.030461609363555908,0.3,0.7207615375518799,-0.0020489190705120564,17630,0.0018354596,4.410780107975006,0.0003,-0.8895464271306992
-400.0,1157,5,1,1280,200.0,0.005078125,0.16922008991241455,0.3,4.38046407699585,-0.005711297877132893,17640,0.0067311246,6.927514266967774,0.0003,-0.8260488063097
-400.0,1136,6,1,1536,200.0,0.0,0.0620381236076355,0.3,2.1853063106536865,-0.0018863171571865678,17650,0.0014847326,4.1783324629068375,0.0003,-0.7093612879514695
-398.75,1131,7,1,1792,200.0,0.003125,-0.16685068607330322,0.3,3.042006015777588,0.00016644280403852463,17660,0.0015195336,8.201789236068725,0.0003,-0.7546468079090118
-399.0,1123,8,1,2048,200.0,0.0,-0.25080442428588867,0.3,2.2769618034362793,2.0681065507233143e-05,17670,0.00055221096,10.298265218734741,0.0003,-0.7868027597665787
-399.09090909090907,1115,9,2,2304,200.0,0.0,0.15573328733444214,0.3,3.150521755218506,-0.0018913407111540437,17680,0.0012365074,6.863553297519684,0.0003,-0.7896751135587692
-399.1666666666667,1111,10,2,2560,200.0,0.025390625,0.18542248010635376,0.3,1.7678426504135132,-0.013270581839606166,17690,0.017475903,3.6000297009944915,0.0003,-0.8487352460622788
-402.85714285714283,1104,11,2,2816,200.0,0.006640625,0.041702091693878174,0.3,2.3772192001342773,-0.0008161766454577446,17700,0.0071379486,4.761998689174652,0.0003,-1.0603895485401154
-402.6666666666667,1094,12,2,3072,200.0,0.0,-0.021807432174682617,0.3,29.103225708007812,-7.438196334987878e-05,17710,0.00039315573,48.29104766845703,0.0003,-1.1259430706501008
-401.875,1094,13,3,3328,200.0,0.005078125,0.02525615692138672,0.3,2.3155267238616943,-0.010501535329967737,17720,0.005714472,4.355820167064667,0.0003,-1.1296942591667176
-401.7647058823529,1094,14,3,3584,200.0,0.003125,0.12725460529327393,0.3,3.619551420211792,-0.004984996537677944,17730,0.0058185225,4.512054264545441,0.0003,-1.1242910504341126
-401.57894736842104,1093,15,3,3840,200.0,0.00078125,-0.41694438457489014,0.3,1.0253338813781738,-0.0022781622130423783,17740,0.0029093914,5.602406132221222,0.0003,-1.1460815370082855
-401.5,1093,16,3,4096,200.0,0.06796875,0.08710533380508423,0.3,2.9080450534820557,-0.01517393421381712,17750,0.024519797,7.554239654541016,0.0003,-1.1937358677387238
-401.42857142857144,1093,17,3,4352,200.0,0.04921875,0.08279222249984741,0.3,1.398930311203003,-0.012811203859746456,17760,0.0263945,4.088568860292435,0.0003,-1.2526338875293732
-401.30434782608694,1093,18,4,4608,200.0,0.090625,0.07463282346725464,0.3,3.3991332054138184,-0.012427038117311894,17770,0.046633862,4.039485576748848,0.0003,-1.1985670626163483
-401.25,1092,19,4,4864,200.0,0.0,0.06397217512130737,0.3,2.9067158699035645,-0.00986481374129653,17780,0.01706884,7.7158589363098145,0.0003,-1.149726152420044
-401.2,1092,20,4,5120,200.0,0.027734375,0.16398531198501587,0.3,2.4394025802612305,-0.0019509958336129784,17790,0.013381416,3.633592593669891,0.0003,-1.2253706991672515
-401.15384615384613,1091,21,4,5376,200.0,0.0,0.007213294506072998,0.3,2.43050217628479,-0.001085714204236865,17800,0.0062946067,4.376614594459534,0.0003,-1.2151136696338654
-401.07142857142856,1088,22,5,5632,200.0,0.004296875,0.03237563371658325,0.3,2.494650363922119,-0.0056561656761914495,17810,0.016925002,4.2027499914169315,0.0003,-1.1846065878868104
-400.0,1086,23,5,5888,200.0,0.0,0.09245359897613525,0.3,2.9378256797790527,-0.0011558752274140715,17820,0.0021089253,7.884979772567749,0.0003,-1.1159749388694764
-400.0,1085,24,5,6144,200.0,0.0,0.23679715394973755,0.3,3.946758270263672,-0.008993431273847819,17830,0.009569384,7.920747184753418,0.0003,-1.1332010746002197
-400.0,1083,25,5,6400,200.0,0.0,0.22229403257369995,0.3,1.8432294130325317,-0.0027046723756939174,17840,0.0066700955,3.7986733436584474,0.0003,-1.1659132182598113
-401.5151515151515,1083,26,6,6656,200.0,0.0,0.11629045009613037,0.3,4.874104022979736,-0.006229574233293534,17850,0.0075731813,6.892911827564239,0.0003,-1.1696007609367371
-401.1764705882353,1083,27,6,6912,200.0,0.0,0.030358731746673584,0.3,14.142409324645996,-0.00027502367738634347,17860,0.004158954,40.78303098678589,0.0003,-1.1721674859523774
-402.57142857142856,1082,28,6,7168,200.0,0.00078125,0.007150411605834961,0.3,2.996204376220703,-0.0057222585775889455,17870,0.009318375,5.423133385181427,0.0003,-1.1466886103153229
-402.43243243243245,1082,29,6,7424,200.0,0.00234375,-0.007259845733642578,0.3,17.09135627746582,-0.008647406846284867,17880,0.0063714213,42.130514574050906,0.0003,-1.033935821056366
-402.10526315789474,1082,30,7,7680,200.0,0.0,0.07822602987289429,0.3,3.776843547821045,-0.005229764804244042,17890,0.004018676,8.260297083854676,0.0003,-0.98448526263237
-402.05128205128204,1083,31,7,7936,200.0,0.0,0.27119600772857666,0.3,2.248042106628418,-0.003566644643433392,17900,0.007272995,3.9789563417434692,0.0003,-0.9599581867456436
-402.0,1083,32,7,8192,200.0,0.104296875,-0.054990530014038086,0.3,2.2823643684387207,-0.002001246763393283,17910,0.028267711,4.63909941315651,0.0003,-1.0698382377624511
-401.9047619047619,1083,33,7,8448,200.0,0.030078125,0.1258181929588318,0.3,1.650059700012207,-0.007464684476144612,17920,0.008933554,3.816111463308334,0.0003,-1.136578381061554
-401.86046511627904,1082,34,8,8704,200.0,0.003515625,0.07955467700958252,0.3,4.079013347625732,-0.0029462319798767567,17930,0.0017514818,7.412807536125183,0.0003,-1.1725984513759613
-401.8181818181818,1083,35,8,8960,200.0,0.017578125,0.09521806240081787,0.3,1.113487958908081,-0.010126326384488493,17940,0.013792321,3.927833613753319,0.0003,-1.2483178794384002
-401.7391304347826,1082,36,8,9216,200.0,0.0,0.01983553171157837,0.3,1.8807268142700195,-0.006881855591200292,17950,0.021576703,4.264979296922684,0.0003,-1.2615147650241851
-401.48936170212767,1082,37,8,9472,200.0,0.0,0.2606229782104492,0.3,1.9903706312179565,-0.0008353498298674822,17960,0.0012832889,6.571274471282959,0.0003,-1.207483035326004
-401.4583333333333,1081,38,8,9728,200.0,0.011328125,0.2364789843559265,0.3,1.4178266525268555,-0.0027291159611195328,17970,0.0038842037,3.372680652141571,0.0003,-1.2748303830623626
-401.42857142857144,1081,39,9,9984,200.0,0.00234375,-0.09762465953826904,0.3,2.1626412868499756,-0.004637895501218736,17980,0.004210829,4.3807003676891325,0.0003,-1.2929517447948455
-401.37254901960785,1081,40,9,10240,200.0,0.0,0.09134823083877563,0.3,1.3720766305923462,0.00033943732269108294,17990,0.0010671816,4.095423918962479,0.0003,-1.370378738641739
-400.0,1453,1,0,256,200.0,0.0,0.1678410768508911,0.3,3.5232598781585693,-0.0030121231684461236,18000,0.0035674372,7.093705177307129,0.0003,-1.3447735011577606
-400.0,1189,2,0,512,200.0,0.07265625,0.10149610042572021,0.3,2.7270538806915283,-0.010234620166011154,17610,0.029202417,3.9984367549419404,0.0003,-1.063535451889038
-450.0,1147,3,0,768,200.0,0.0203125,0.09794944524765015,0.3,2.449425220489502,-0.002177769155241549,17620,0.016117224,3.7874643981456755,0.0003,-0.9360407501459121
-438.0,1131,4,0,1024,200.0,0.00078125,-0.00427854061126709,0.3,61.30131149291992,-0.00494895507581532,17630,0.000838188,134.24643497467042,0.0003,-0.8655900359153748
-431.6666666666667,1120,5,1,1280,200.0,0.07265625,0.011096358299255371,0.3,3.87397837638855,-0.018326318077743053,17640,0.049002558,9.021568870544433,0.0003,-1.0998960494995118
-455.7142857142857,1101,6,1,1536,200.0,0.004296875,0.09831851720809937,0.3,94.36311340332031,-0.007223052973859012,17650,0.002507936,168.03607387542723,0.0003,-0.911014911532402
-448.75,1096,7,1,1792,200.0,0.008203125,0.06391340494155884,0.3,3.7112042903900146,-0.004637061979155988,17660,0.009893886,9.563220143318176,0.0003,-0.6649591237306595
-450.0,1089,8,1,2048,200.0,0.0171875,0.06746053695678711,0.3,62.523780822753906,0.0033705494366586207,17670,0.0024196373,104.56842155456543,0.0003,-0.7145888566970825
-445.45454545454544,1085,9,2,2304,200.0,0.0,0.1487821340560913,0.3,3.477803945541382,-0.0030984745128080247,17680,0.0016220878,13.262447261810303,0.0003,-1.1123623549938202
-441.6666666666667,1084,10,2,2560,200.0,0.0,-0.14441537857055664,0.3,4.34821891784668,-0.0036406123079359533,17690,0.007099116,7.737829315662384,0.0003,-1.074421411752701
-435.7142857142857,1084,11,2,2816,200.0,0.00078125,0.05375325679779053,0.3,3.066802501678467,-0.004454493755474687,17700,0.0016921517,4.52982992529869,0.0003,-0.8008535444736481
-433.3333333333333,1082,12,2,3072,200.0,0.0,0.11166650056838989,0.3,2.9156508445739746,-0.001086375443264842,17710,0.0034699782,7.538605690002441,0.0003,-0.6775207579135895
-431.25,1083,13,3,3328,200.0,0.061328125,0.0726737380027771,0.3,1.9856674671173096,-0.008576676342636346,17720,0.032343607,4.156379741430283,0.0003,-0.923299714922905
-429.4117647058824,1083,14,3,3584,200.0,0.072265625,0.04804939031600952,0.3,3.2562055587768555,-0.008162482804618777,17730,0.03442143,4.318093794584274,0.0003,-0.6674804806709289
-430.0,1083,15,3,3840,200.0,0.019140625,0.03113853931427002,0.3,21.43749237060547,-0.005215781414881349,17740,0.019365229,67.9912805557251,0.0003,-0.9109017014503479
-428.5,1083,16,3,4096,200.0,0.01015625,-0.47164082527160645,0.3,4.7064666748046875,-0.0017080881400033832,17750,0.0060727703,11.492220282554626,0.0003,-0.8934841811656952
-429.04761904761904,1083,17,4,4352,200.0,0.121484375,0.16146361827850342,0.3,4.515584468841553,-0.016595023777335884,17760,0.04301273,8.962133955955505,0.0003,-0.8718871355056763
-426.5217391304348,1084,18,4,4608,200.0,0.033984375,-0.0670539140701294,0.3,5.641206741333008,-0.012873162026517093,17770,0.06795574,10.762087869644166,0.0003,-0.7576489984989166
-425.4166666666667,1085,19,4,4864,200.0,0.00234375,0.05914616584777832,0.3,4.028265953063965,-0.0006573741789907217,17780,0.0009263258,8.188717651367188,0.0003,-0.5637835949659348
-424.4,1084,20,4,5120,200.0,0.001171875,0.10979503393173218,0.3,2.5762434005737305,-0.0017088987398892642,17790,0.0025095635,4.051046961545945,0.0003,-0.6893296331167221
-423.46153846153845,1080,21,4,5376,200.0,0.0,0.11030495166778564,0.3,0.5356560349464417,-0.003124948823824525,17800,0.003010558,4.0774533867836,0.0003,-0.6293950051069259
-421.7857142857143,1079,22,5,5632,200.0,0.009375,-0.29052531719207764,0.3,1.189738154411316,-0.0018715140875428915,17810,0.011386272,5.266751873493194,0.0003,-0.7274260580539703
-421.0344827586207,1079,23,5,5888,200.0,0.02109375,0.062045276165008545,0.3,3.6711621284484863,-0.003595262172166258,17820,0.006151554,7.950504350662231,0.0003,-0.6829053550958634
-420.3333333333333,1079,24,5,6144,200.0,0.116015625,-0.034580349922180176,0.3,2.218045234680176,-0.00640454338863492,17830,0.03339207,4.5256942242383955,0.0003,-1.1159684240818024
-419.0625,1078,25,5,6400,200.0,0.055859375,0.026450037956237793,0.3,1.5392987728118896,-0.006096687354147434,17840,0.024993535,4.283192509412766,0.0003,-0.7378368735313415
-418.4848484848485,1076,26,6,6656,200.0,0.01015625,0.035140037536621094,0.3,6.026634693145752,-0.003792849602177739,17850,0.005255787,7.9495909214019775,0.0003,-0.6206248670816421
-417.94117647058823,1077,27,6,6912,200.0,0.035546875,0.11354696750640869,0.3,1.9712392091751099,-0.010610584006644785,17860,0.031890023,3.918098258972168,0.0003,-0.8677910447120667
-417.42857142857144,1076,28,6,7168,200.0,0.026953125,0.11774635314941406,0.3,0.8233707547187805,-0.0031029528239741922,17870,0.017401211,3.8604405760765075,0.0003,-0.7482005476951599
-416.4864864864865,1077,29,6,7424,200.0,0.02421875,0.0605471134185791,0.3,1.4568023681640625,-0.0022454616148024796,17880,0.008850624,4.0082357168197635,0.0003,-0.5629482686519622
-416.05263157894734,1078,30,7,7680,200.0,0.0,0.14731019735336304,0.3,4.108109951019287,-0.0017786913784220814,17890,0.0024747723,7.114985406398773,0.0003,-0.8403199762105942
-415.64102564102564,1078,31,7,7936,200.0,0.0,0.1784990429878235,0.3,1.2888537645339966,-0.00018247332191094755,17900,0.0011991519,3.808682084083557,0.0003,-0.8575655072927475
-415.25,1078,32,7,8192,200.0,0.010546875,0.14327853918075562,0.3,1.4608094692230225,-0.0025942690670490267,17910,0.0043054707,3.739909863471985,0.0003,-1.1603604853153229
-414.5238095238095,1078,33,7,8448,200.0,0.008203125,0.3562801480293274,0.3,1.182026982307434,-0.0034777669468894603,17920,0.007827282,2.833268329501152,0.0003,-1.1181481540203095
-414.1860465116279,1079,34,8,8704,200.0,0.012109375,-0.04881489276885986,0.3,2.23047137260437,-8.282912895083428e-05,17930,0.0033404413,8.134605062007903,0.0003,-0.9437660932540893
-413.8636363636364,1079,35,8,8960,200.0,0.092578125,0.005034327507019043,0.3,1.4822266101837158,-0.016609137039631607,17940,0.01772186,4.169950866699219,0.0003,-1.117821916937828
-413.2608695652174,1079,36,8,9216,200.0,0.2,0.14009398221969604,0.3,1.8742135763168335,-0.021277488162741064,17950,0.032557014,3.8550122141838075,0.0003,-1.112920081615448
-412.97872340425533,1080,37,8,9472,200.0,0.133984375,0.09534674882888794,0.3,1.9849684238433838,-0.008165021566674114,17960,0.030590476,7.563599324226379,0.0003,-0.8544584482908248
-412.7083333333333,1080,38,9,9728,200.0,0.033203125,0.07850533723831177,0.3,2.8892500400543213,-0.006611457280814648,17970,0.02750263,4.004902130365371,0.0003,-0.9262022972106934
-412.44897959183675,1080,39,9,9984,200.0,0.0328125,0.10083562135696411,0.3,1.8226431608200073,-0.004997317353263498,17980,0.011693947,4.020580899715424,0.0003,-0.7537289708852768
-411.96078431372547,1079,40,9,10240,200.0,0.0421875,0.19043892621994019,0.3,1.951675534248352,-0.01049197749234736,17990,0.022495426,3.6595082104206087,0.0003,-0.8447090446949005
-400.0,1329,1,0,256,200.0,0.000390625,0.007464230060577393,0.3,2.0712757110595703,-0.001819612132385373,18000,0.006046787,8.134010243415833,0.0003,-0.8323263943195343
-400.0,1181,2,0,512,200.0,0.0453125,0.1693664789199829,0.3,1.4641081094741821,-0.006581137585453689,18010,0.009659057,3.80056831240654,0.0003,-1.3654640793800354
-400.0,1154,3,0,768,200.0,0.0,0.04686325788497925,0.3,2.2963428497314453,-0.0015559897758066655,18020,0.0056002503,4.305510479211807,0.0003,-1.3871866762638092
-400.0,1149,4,0,1024,200.0,0.03671875,-0.021664023399353027,0.3,1.9268983602523804,-0.008116380777209997,18030,0.018335942,4.289852654933929,0.0003,-1.3302557647228241
-400.0,1127,5,1,1280,200.0,0.0,0.05506730079650879,0.3,4.669975757598877,0.000135521637275815,18040,0.0013018055,9.126552391052247,0.0003,-1.2590465784072875
-400.0,1119,6,1,1536,200.0,0.01953125,0.12804508209228516,0.3,2.0378568172454834,-0.006000375375151634,18050,0.011261892,3.9196754455566407,0.0003,-1.256676471233368
-400.0,1107,7,1,1792,200.0,0.101953125,0.12941813468933105,0.3,1.7749302387237549,-0.013190649473108352,18060,0.03998211,3.889212441444397,0.0003,-1.3042902290821075
-400.0,1102,8,1,2048,200.0,0.058984375,0.14880627393722534,0.3,3.1311442852020264,-0.006540373153984547,18070,0.01386789,3.7880007565021514,0.0003,-1.3907479047775269
-400.0,1101,9,2,2304,200.0,0.0,0.10937166213989258,0.3,2.4435698986053467,0.0010406536515802146,18080,0.0012693009,7.805632376670838,0.0003,-1.386777013540268
-400.0,1103,10,2,2560,200.0,0.0,-0.08691215515136719,0.3,0.6102215051651001,-0.0044126711320132015,18090,0.005031296,4.591261982917786,0.0003,-1.3657547056674957
-400.0,1104,11,2,2816,200.0,0.0,0.0632094144821167,0.3,0.4564356505870819,-0.002218130114488304,18100,0.01160597,4.134569984674454,0.0003,-1.3291328370571136
-400.0,1105,12,2,3072,200.0,0.076953125,0.00036132335662841797,0.3,4.936405181884766,-0.017395090544596314,18110,0.03935301,8.425363564491272,0.0003,-1.3140687346458435
-400.0,1100,13,3,3328,200.0,0.052734375,0.005423784255981445,0.3,1.1923037767410278,-0.009485382842831314,18120,0.04111603,4.323945927619934,0.0003,-1.2154432713985444
-400.0,1099,14,3,3584,200.0,0.0171875,0.018453478813171387,0.3,0.6262873411178589,-0.010734048346057535,18130,0.025885472,4.264745181798935,0.0003,-0.99353988468647
-400.0,1087,15,3,3840,200.0,0.00546875,0.06314659118652344,0.3,0.7325559854507446,-0.003384164534509182,18140,0.013247791,4.114236903190613,0.0003,-0.8019275665283203
-400.0,1090,16,3,4096,200.0,0.0,0.05314582586288452,0.3,4.600432395935059,-0.0002791202627122402,18150,0.0005625491,8.19975996017456,0.0003,-0.7398966044187546
-400.0,1085,17,4,4352,200.0,0.00546875,0.09361058473587036,0.3,1.6194111108779907,-0.0033624209463596344,18160,0.007807139,3.9553259909152985,0.0003,-0.8361273258924484
-400.0,1084,18,4,4608,200.0,0.01015625,0.07669937610626221,0.3,1.1904969215393066,-0.004791147890500724,18170,0.015557994,4.032116317749024,0.0003,-0.8342934221029281
-400.0,1087,19,4,4864,200.0,0.004296875,0.06080293655395508,0.3,4.576219081878662,-0.003525182232260704,18180,0.009246202,7.774667477607727,0.0003,-0.6174491018056869
-400.0,1087,20,4,5120,200.0,0.02734375,0.2536175847053528,0.3,0.965019166469574,-0.008188862330280244,18190,0.010853448,3.257475695014,0.0003,-0.6720978140830993
-400.0,1086,21,4,5376,200.0,0.0,0.15428197383880615,0.3,3.2625465393066406,-0.0002233052277006209,18200,0.0026040205,3.8256889313459395,0.0003,-0.7652370005846023
-400.0,1086,22,5,5632,200.0,0.126171875,0.19531357288360596,0.3,3.3230140209198,-0.01067243553698063,18210,0.042334087,3.6657241523265838,0.0003,-0.9957680493593216
-400.0,1087,23,5,5888,200.0,0.0,0.14103078842163086,0.3,2.6972830295562744,-0.0036917101126164196,18220,0.0061921654,7.1764545202255245,0.0003,-1.1609690606594085
-400.0,1089,24,5,6144,200.0,0.043359375,0.026260197162628174,0.3,2.9658114910125732,-0.009513055300340056,18230,0.031659335,4.2119107156991955,0.0003,-1.2908108294010163
-400.0,1086,25,5,6400,200.0,0.0,0.17553603649139404,0.3,2.279201030731201,-9.368520695716143e-05,18240,0.0041918177,3.6428284108638764,0.0003,-1.406515860557556
-400.0,1086,26,6,6656,200.0,0.09453125,-0.06900930404663086,0.3,2.7993361949920654,-0.021967074554413556,18250,0.035096504,8.735885739326477,0.0003,-1.4119480311870576
-400.0,1084,27,6,6912,200.0,0.00390625,-0.0330204963684082,0.3,1.695772647857666,-0.007846005191095174,18260,0.012733748,4.422176003456116,0.0003,-1.3702966094017028
-400.0,1085,28,6,7168,200.0,0.062109375,0.022961556911468506,0.3,1.8600651025772095,-0.01466036622878164,18270,0.04775924,4.244382899999619,0.0003,-1.2509334325790404
-400.0,1085,29,6,7424,200.0,0.052734375,0.03902792930603027,0.3,2.339473247528076,-0.009250227315351366,18280,0.035517737,4.176806187629699,0.0003,-1.157668113708496
-400.0,1087,30,7,7680,200.0,0.0,0.13632822036743164,0.3,2.633991003036499,-0.00020389198325574399,18290,0.004423186,7.897973155975341,0.0003,-1.2908539295196533
-400.0,1085,31,7,7936,200.0,0.001171875,0.15322905778884888,0.3,1.0324294567108154,-0.0016486495733261108,18300,0.003618736,3.829031604528427,0.0003,-1.3034908533096314
-400.0,1085,32,7,8192,200.0,0.001171875,0.09338057041168213,0.3,0.6772489547729492,-0.0061088753049261865,18310,0.016305182,3.866464066505432,0.0003,-1.2529716312885284
-400.0,1086,33,7,8448,200.0,0.0140625,0.08112508058547974,0.3,3.1568210124969482,-0.007655027904547751,18320,0.011210643,3.854790025949478,0.0003,-1.211221593618393
-400.0,1089,34,7,8704,200.0,0.075390625,0.030737996101379395,0.3,4.7451629638671875,-0.010168883507139981,18330,0.039625563,8.033675861358642,0.0003,-1.358451247215271
-400.0,1086,35,8,8960,200.0,0.0640625,0.2817589044570923,0.3,2.601470708847046,-0.009355176985263825,18340,0.026498837,3.290695661306381,0.0003,-1.3399392545223237
-400.0,1087,36,8,9216,200.0,0.0,-0.005026817321777344,0.3,1.0369372367858887,-0.0027210457483306527,18350,0.005479754,4.423257821798325,0.0003,-1.29638774394989
-400.0,1086,37,8,9472,200.0,0.069140625,0.13512027263641357,0.3,5.022426605224609,-0.012061959481798112,18360,0.019583926,7.35946114063263,0.0003,-1.3216779947280883
-400.0,1086,38,8,9728,200.0,0.0,0.024910807609558105,0.3,3.004814386367798,-0.0038733231835067273,18370,0.0018363481,5.205707955360412,0.0003,-1.3669686555862426
-400.0,1085,39,9,9984,200.0,0.0,0.05931049585342407,0.3,2.0141165256500244,-0.0012466913787648082,18380,0.0011518751,4.54361971616745,0.0003,-1.3840810000896453
-400.0,1085,40,9,10240,200.0,0.0,0.2208690047264099,0.3,2.2217211723327637,-0.004006934352219105,18390,0.006535774,3.5957595288753508,0.0003,-1.3783397793769836
-400.0,1534,1,0,256,200.0,0.0,-0.016782760620117188,0.3,2.97371506690979,-0.011347094178199768,18400,0.012813966,9.059582328796386,0.0003,-1.3393962264060975
-400.0,1281,2,0,512,200.0,0.0015625,-0.002317070960998535,0.3,1.8831498622894287,-0.002458949061110616,18010,0.011340566,4.440211296081543,0.0003,-1.2266150057315826
-400.0,1204,3,0,768,200.0,0.0,0.09906965494155884,0.3,2.7561614513397217,0.000903408182784915,18020,0.0072459276,3.5140016257762907,0.0003,-1.1166699945926666
-400.0,1091,4,0,1024,200.0,0.101953125,0.00029659271240234375,0.3,3.104081630706787,-0.010116354073397815,18030,0.018949322,4.417414331436158,0.0003,-1.1741414785385131
-400.0,1091,5,1,1280,200.0,0.000390625,0.00415349006652832,0.3,4.521300792694092,-0.0006148325745016336,18040,0.0069325436,8.295816779136658,0.0003,-1.1400183320045472
-402.85714285714283,1091,6,1,1536,200.0,0.026953125,-0.0004086494445800781,0.3,1.185632586479187,-0.007554817060008645,18050,0.016448757,4.320011901855469,0.0003,-1.1880261540412902
-402.5,1092,7,1,1792,200.0,0.0015625,0.14560043811798096,0.3,3.4397318363189697,-0.005390859115868807,18060,0.0020995548,10.931734037399291,0.0003,-0.7165307998657227
-404.0,1082,8,1,2048,200.0,0.001953125,0.1560955047607422,0.3,1.3772255182266235,-0.007157416455447674,18070,0.0032536045,9.142195379734039,0.0003,-0.9882973313331604
-403.6363636363636,1088,9,2,2304,200.0,0.0,0.14418143033981323,0.3,4.286871433258057,-0.0017037249635905027,18080,0.005710165,8.086724781990052,0.0003,-1.2182219982147218
-403.3333333333333,1081,10,2,2560,200.0,0.0,0.0001354217529296875,0.3,0.3958311080932617,-0.0006152912275865674,18090,0.002108096,4.59896702170372,0.0003,-1.2360104262828826
-404.2857142857143,1081,11,2,2816,200.0,0.0,0.09606075286865234,0.3,2.441443920135498,-0.0011603771476075054,18100,0.0011230002,4.235528421401978,0.0003,-0.8340987652540207
-404.0,1078,12,2,3072,200.0,0.00234375,0.11246216297149658,0.3,8.274192810058594,-0.004550920845940709,18110,0.0014920221,13.279614210128784,0.0003,-0.8898622512817382
-405.0,1079,13,3,3328,200.0,0.064453125,-0.0016574859619140625,0.3,1.100313663482666,-0.01593400868587196,18120,0.03360992,4.6131652116775514,0.0003,-1.1931830286979674
-405.88235294117646,1080,14,3,3584,200.0,0.002734375,0.10637754201889038,0.3,5.600519180297852,-0.005867017363198101,18130,0.0029422336,15.470245361328125,0.0003,-0.8924161672592164
-405.2631578947368,1078,15,3,3840,200.0,0.001953125,0.18730920553207397,0.3,2.5671515464782715,-0.000772461830638349,18140,0.005648654,3.6733716070652007,0.0003,-0.9513478487730026
-407.0,1079,16,3,4096,200.0,0.000390625,-0.023598670959472656,0.3,3.166261672973633,-0.0007137216627597809,18150,0.0035621966,7.957382619380951,0.0003,-0.8775296300649643
-406.6666666666667,1078,17,4,4352,200.0,0.21015625,-0.009990215301513672,0.3,15.24300479888916,-0.009206375479698181,18160,0.06260861,23.78332953453064,0.0003,-1.0093591541051865
-406.0869565217391,1078,18,4,4608,200.0,0.00546875,-0.004484295845031738,0.3,1.3420437574386597,0.00016214051283895968,18170,0.0048047593,4.454452347755432,0.0003,-0.7840280354022979
-405.8333333333333,1080,19,4,4864,200.0,0.188671875,0.03366667032241821,0.3,4.883064270019531,-0.017984109395183624,18180,0.04876884,7.958963799476623,0.0003,-1.0512569904327393
-405.6,1080,20,4,5120,200.0,0.040625,0.037124454975128174,0.3,2.609279155731201,-0.008675968740135431,18190,0.03308218,4.278485637903214,0.0003,-1.0607219696044923
-405.38461538461536,1074,21,5,5376,200.0,0.108984375,0.017744362354278564,0.3,1.0522297620773315,-0.018158720154315234,18200,0.012742997,4.1499960869550705,0.0003,-0.8499374359846115
-405.0,1074,22,5,5632,200.0,0.00703125,0.006850302219390869,0.3,2.407907485961914,-0.009922145633026958,18210,0.010233438,4.489248222112655,0.0003,-0.9302072912454605
-404.82758620689657,1072,23,5,5888,200.0,0.000390625,0.016706526279449463,0.3,2.6303744316101074,0.0005239211022853851,18220,0.0030962203,8.454758894443511,0.0003,-0.9000305324792862
-406.0,1067,24,5,6144,200.0,0.001953125,0.08839702606201172,0.3,8.580634117126465,-0.005718780611641705,18230,0.0016112744,15.815578699111938,0.0003,-0.9254832744598389
-405.625,1065,25,6,6400,200.0,0.139453125,0.105987548828125,0.3,1.3475465774536133,-0.011170107393991203,18240,0.036887955,3.9818636775016785,0.0003,-0.8689988136291504
-405.45454545454544,1064,26,6,6656,200.0,0.005078125,-0.03941762447357178,0.3,4.928821086883545,-0.0060485406313091515,18250,0.0031602145,8.525112867355347,0.0003,-0.8318687468767166
-406.47058823529414,1063,27,6,6912,200.0,0.002734375,0.054837942123413086,0.3,2.7207605838775635,-0.0017686129780486227,18260,0.0050885407,4.214967459440231,0.0003,-0.8115060925483704
-406.2857142857143,1065,28,6,7168,200.0,0.02265625,-0.04632461071014404,0.3,5.485830783843994,-0.010315410629846155,18270,0.015065675,17.99479455947876,0.0003,-1.0918175280094147
-405.94594594594594,1062,29,6,7424,200.0,0.047265625,0.005496859550476074,0.3,2.4428863525390625,-0.006957177980802953,18280,0.013569268,4.73508175611496,0.0003,-1.151822167634964
-405.7894736842105,1062,30,7,7680,200.0,0.00546875,0.09731251001358032,0.3,3.0624449253082275,-0.008123533008620143,18290,0.012264551,8.232469153404235,0.0003,-1.0865395486354827
-405.64102564102564,1064,31,7,7936,200.0,0.009765625,0.00339430570602417,0.3,2.144695520401001,-0.003981892671436072,18300,0.009914765,4.3769948989152905,0.0003,-1.0436513781547547
-405.5,1067,32,7,8192,200.0,0.026953125,-0.08364951610565186,0.3,2.3682470321655273,-0.00991372442804277,18310,0.013511711,4.55058473944664,0.0003,-1.0039485275745392
-408.8095238095238,1066,33,7,8448,200.0,0.00390625,0.022300541400909424,0.3,77.27411651611328,-0.004459480941295624,18320,0.0072525754,143.6494297027588,0.0003,-1.053203707933426
-411.3953488372093,1066,34,8,8704,200.0,0.003125,0.03381645679473877,0.3,3.6665427684783936,-0.003895630314946175,18330,0.0009251954,8.283703064918518,0.0003,-1.0296877920627594
-411.1363636363636,1067,35,8,8960,200.0,0.0015625,0.06132495403289795,0.3,48.12925338745117,-0.0046201837481930855,18340,0.00072824676,89.23631286621094,0.0003,-1.2083819568157197
-410.6521739130435,1068,36,8,9216,200.0,0.000390625,0.21670174598693848,0.3,2.1623733043670654,-0.0005575530929490923,18350,0.0011631777,3.9343152433633803,0.0003,-1.1414976000785828
-410.4255319148936,1069,37,8,9472,200.0,0.0015625,0.03227591514587402,0.3,7.323339939117432,-0.002097729593515396,18360,0.00091744214,9.05291851758957,0.0003,-1.308241081237793
-410.2083333333333,1068,38,9,9728,200.0,0.021875,0.004870474338531494,0.3,1.6620663404464722,-0.004602480796165764,18370,0.013226837,4.338367652893067,0.0003,-1.291748857498169
-410.0,1068,39,9,9984,200.0,0.0,0.0883132815361023,0.3,0.8558061122894287,-0.0018214502139016985,18380,0.0055263937,4.09119371175766,0.0003,-1.0020871967077256
-409.6078431372549,1069,40,9,10240,200.0,0.01171875,0.0068086981773376465,0.3,1.4518316984176636,-0.0030185560695827006,18390,0.008428881,4.392736572027206,0.0003,-1.2303932905197144
-400.0,1458,1,0,256,200.0,0.0,0.018693506717681885,0.3,5.384773254394531,0.0003348973114043474,18400,0.0011971015,8.410043478012085,0.0003,-1.1697082698345185
-400.0,1267,2,0,512,200.0,0.02734375,-0.00023496150970458984,0.3,0.6442156434059143,-0.010151425446383654,18410,0.035642147,4.404854786396027,0.0003,-1.2783353805541993
-396.6666666666667,1197,3,0,768,200.0,0.00859375,0.00036901235580444336,0.3,2.9759249687194824,-0.0034312861040234565,18420,0.0060941796,4.357114440202713,0.0003,-1.2016481518745423
-408.0,1169,4,0,1024,200.0,0.003125,0.19904959201812744,0.3,1.9642055034637451,-0.0015348561573773623,18430,0.0141686145,4.463604581356049,0.0003,-1.281925481557846
-406.6666666666667,1153,5,1,1280,200.0,0.001953125,0.0024280548095703125,0.3,17.38665008544922,-0.0037612360552884637,18440,0.001668242,45.907793045043945,0.0003,-1.2878911316394805
-405.7142857142857,1148,6,1,1536,200.0,0.019921875,0.00908505916595459,0.3,3.092501163482666,-0.0076783097116276625,18450,0.008453032,4.305822932720185,0.0003,-1.301375788450241
-405.0,1143,7,1,1792,200.0,0.0,-0.05223214626312256,0.3,2.681088924407959,-0.0027279061730951073,18460,0.009720856,4.513541829586029,0.0003,-1.352762120962143
-404.0,1135,8,1,2048,200.0,0.0,0.0007628202438354492,0.3,2.1160480976104736,-0.000383336516097188,18470,0.005050077,4.397941935062408,0.0003,-1.3643295884132385
-403.6363636363636,1130,9,2,2304,200.0,0.0,0.008014559745788574,0.3,5.157006740570068,-0.007328561577014625,18480,0.012945326,7.827464890480042,0.0003,-1.3441273391246795
-403.3333333333333,1126,10,2,2560,200.0,0.0,-0.0015274286270141602,0.3,1.975395917892456,0.000531207222957164,18490,0.0010411185,4.565731227397919,0.0003,-1.34371337890625
-402.85714285714283,1118,11,2,2816,200.0,0.0,-0.07496249675750732,0.3,2.0835466384887695,-0.0055887150345370175,18500,0.011877841,4.547748684883118,0.0003,-1.3608601629734038
-402.6666666666667,1106,12,2,3072,200.0,0.011328125,0.06885910034179688,0.3,5.289626598358154,-0.001757867052219808,18510,0.0126503445,7.705983686447143,0.0003,-1.4026078283786774
-402.5,1099,13,3,3328,200.0,0.0,0.07056152820587158,0.3,2.3673276901245117,-0.0014277742011472583,18520,0.002101799,4.2917396068573,0.0003,-1.4321778535842895
-402.3529411764706,1097,14,3,3584,200.0,0.0,-0.03471362590789795,0.3,1.6330604553222656,-0.0010946466587483882,18530,0.0017262613,4.411223196983338,0.0003,-1.4303739845752717
-402.10526315789474,1094,15,3,3840,200.0,0.147265625,0.03784829378128052,0.3,2.4802510738372803,-0.023114313324913382,18540,0.038755897,4.184668242931366,0.0003,-1.426039171218872
-402.0,1093,16,3,4096,200.0,0.0,0.06258594989776611,0.3,5.196850776672363,0.0016931953141465783,18550,0.0070644813,7.977569019794464,0.0003,-1.4487321376800537
-401.9047619047619,1094,17,3,4352,200.0,0.048046875,0.13598376512527466,0.3,1.0562489032745361,-0.012028353835921735,18560,0.033630613,3.842879331111908,0.0003,-1.4309362530708314
-401.7391304347826,1090,18,4,4608,200.0,0.001171875,0.021335840225219727,0.3,0.8650221228599548,-0.00031053461134433746,18570,0.0018923322,4.264899110794067,0.0003,-1.3724609434604644
-401.6666666666667,1081,19,4,4864,200.0,0.0,0.04376727342605591,0.3,1.5275301933288574,-0.004276314936578274,18580,0.0087533835,7.909475326538086,0.0003,-1.3967057824134828
-401.6,1082,20,4,5120,200.0,0.06875,0.086978018283844,0.3,3.3054120540618896,-0.008346589049324393,18590,0.024997607,4.087378114461899,0.0003,-1.3913422048091888
-401.53846153846155,1079,21,4,5376,200.0,0.069921875,0.05350750684738159,0.3,1.689835548400879,-0.016501804161816836,18600,0.03421501,4.150276452302933,0.0003,-1.4114529371261597
-401.42857142857144,1077,22,5,5632,200.0,0.0203125,0.02907860279083252,0.3,2.3511040210723877,-0.007852560700848698,18610,0.018439712,4.233551698923111,0.0003,-1.4848996162414552
-401.37931034482756,1078,23,5,5888,200.0,0.00859375,0.05799621343612671,0.3,4.287538528442383,-0.006595427612774074,18620,0.02003969,8.026416277885437,0.0003,-1.5036684215068816
-401.3333333333333,1079,24,5,6144,200.0,0.001171875,0.04442960023880005,0.3,2.162008047103882,-0.004835903644561768,18630,0.008160116,4.184840202331543,0.0003,-1.4866962611675263
-401.25,1079,25,5,6400,200.0,0.037109375,0.02833688259124756,0.3,1.4404667615890503,-0.010734497150406242,18640,0.035441533,4.226343554258347,0.0003,-1.4623103260993957
-401.2121212121212,1077,26,6,6656,200.0,0.03046875,0.017722010612487793,0.3,5.332101821899414,-0.007880922756157815,18650,0.0154640535,8.174250388145447,0.0003,-1.425401657819748
-401.1764705882353,1080,27,6,6912,200.0,0.014453125,0.1377609372138977,0.3,1.3945993185043335,-0.007492816750891506,18660,0.009656703,3.8746618032455444,0.0003,-1.457787239551544
-401.14285714285717,1081,28,6,7168,200.0,0.005859375,0.060362935066223145,0.3,2.928893566131592,-0.008096906193532049,18670,0.025384873,4.113145941495896,0.0003,-1.3819231271743775
-401.0810810810811,1079,29,6,7424,200.0,0.00546875,-0.05523216724395752,0.3,2.500323534011841,-0.0002743768040090799,18680,0.0043157507,4.371992233395576,0.0003,-1.2699636578559876
-401.05263157894734,1080,30,7,7680,200.0,0.0,0.1488223671913147,0.3,3.2026913166046143,0.0007773601450026035,18690,0.0016679452,7.665717387199402,0.0003,-1.290864145755768
-401.02564102564105,1080,31,7,7936,200.0,0.033984375,0.08576703071594238,0.3,2.053351879119873,-0.012503761379048229,18700,0.019394375,4.026828473806381,0.0003,-1.3452190935611725
-401.0,1080,32,7,8192,200.0,0.0,0.04112488031387329,0.3,1.3959596157073975,0.00037256721407175064,18710,0.004220691,4.204904192686081,0.0003,-1.3635439455509186
-400.95238095238096,1081,33,7,8448,200.0,0.012890625,0.06793010234832764,0.3,2.946079969406128,-0.01143210434820503,18720,0.013632188,4.141733264923095,0.0003,-1.3536803007125855
-400.93023255813955,1079,34,8,8704,200.0,0.0,0.1389530897140503,0.3,2.028654098510742,-0.002352154883556068,18730,0.003941818,7.46057095527649,0.0003,-1.377052015066147
-400.90909090909093,1079,35,8,8960,200.0,0.0,0.05042123794555664,0.3,1.8502155542373657,-0.0005136370426043868,18740,0.0023444644,4.181940278410911,0.0003,-1.3988807797431946
-400.8695652173913,1078,36,8,9216,200.0,0.0,0.02755749225616455,0.3,3.4914519786834717,-0.0020701977191492915,18750,0.0025612607,4.228148317337036,0.0003,-1.3954165995121002
-401.9148936170213,1078,37,8,9472,200.0,0.001953125,0.16533780097961426,0.3,5.1345953941345215,-0.005804151459597051,18760,0.001865299,7.766554522514343,0.0003,-1.3655183136463165
-401.6666666666667,1078,38,9,9728,200.0,0.0,0.029974520206451416,0.3,25.465578079223633,-0.00246465461095795,18770,0.0015016866,41.666326665878294,0.0003,-1.3656026065349578
-401.6326530612245,1077,39,9,9984,200.0,0.0,0.07802689075469971,0.3,2.5454885959625244,-0.0031575455563142897,18780,0.008230246,3.789243745803833,0.0003,-1.350089693069458
-401.5686274509804,1078,40,9,10240,200.0,0.0,0.13625448942184448,0.3,0.9291760325431824,-0.0034690153785049914,18790,0.0075466996,4.147650676965713,0.0003,-1.3006159245967865
-400.0,1402,1,0,256,200.0,0.0,0.0377386212348938,0.3,3.9119369983673096,-0.0074208886595442895,18800,0.0040070694,8.29092824459076,0.0003,-1.230580711364746
-400.0,1230,2,0,512,200.0,0.0,0.03288453817367554,0.3,2.0686073303222656,-0.0023463051067665218,18410,0.011008481,4.25154832303524,0.0003,-1.1282068550586701
-400.0,1176,3,0,768,200.0,0.069921875,0.04553788900375366,0.3,2.4416537284851074,-0.00913054218981415,18420,0.016955659,4.197102653980255,0.0003,-1.0497519254684449
-400.0,1142,4,0,1024,200.0,0.010546875,0.09474486112594604,0.3,3.2967982292175293,-0.003326033637858927,18430,0.0144411195,4.026191264390945,0.0003,-1.0391152620315551
-400.0,1128,5,1,1280,200.0,0.055078125,-0.07510817050933838,0.3,2.6950254440307617,-0.006953991740010679,18440,0.02020395,8.43475320339203,0.0003,-1.128977620601654
-400.0,1114,6,1,1536,200.0,0.0,0.035307347774505615,0.3,3.6119818687438965,0.00022166534326970578,18450,0.0017418284,4.27998833656311,0.0003,-1.1819640576839447
-400.0,1105,7,1,1792,200.0,0.06171875,0.027490556240081787,0.3,0.8936954736709595,-0.009820438362658024,18460,0.013073379,4.152980065345764,0.0003,-1.127147138118744
-400.0,1106,8,1,2048,200.0,0.028515625,0.16291117668151855,0.3,2.386239528656006,-0.006926271482370794,18470,0.01938289,3.789927077293396,0.0003,-1.0392924904823304
-400.0,1105,9,2,2304,200.0,0.01015625,0.17541271448135376,0.3,3.1801085472106934,-0.012880146852694452,18480,0.0034608888,6.985589325428009,0.0003,-1.0047289848327636
-400.0,1103,10,2,2560,200.0,0.04609375,0.050357282161712646,0.3,0.9975612163543701,-0.0043609563261270525,18490,0.025546692,4.159910368919372,0.0003,-1.0165249586105347
-400.0,1095,11,2,2816,200.0,0.041015625,0.029926061630249023,0.3,2.43263840675354,-0.002338589751161635,18500,0.007631112,4.422667109966278,0.0003,-0.9361479312181473
-400.0,1096,12,2,3072,200.0,0.0,0.17461752891540527,0.3,4.199409484863281,-0.0005815319484099746,18510,0.0032552078,7.02857551574707,0.0003,-0.9006713390350342
-400.0,1082,13,3,3328,200.0,0.05390625,0.14435988664627075,0.3,2.7764673233032227,-0.003762320335954428,18520,0.008276723,3.877427542209625,0.0003,-1.1013071954250335
-400.0,1074,14,3,3584,200.0,0.033203125,-0.08166265487670898,0.3,2.4809882640838623,-0.004318809951655567,18530,0.02437966,4.6355640411376955,0.0003,-1.036665031313896
-400.0,1070,15,3,3840,200.0,0.032421875,0.2089642882347107,0.3,0.5776219964027405,-0.007747058221139014,18540,0.018518424,3.619758641719818,0.0003,-0.9035944700241089
-407.5,1068,16,3,4096,200.0,0.0015625,0.00300675630569458,0.3,2.8064498901367188,-0.008149535348638891,18550,0.002396573,8.27431869506836,0.0003,-1.146947628259659
-407.14285714285717,1067,17,4,4352,200.0,0.00078125,0.049904465675354004,0.3,48.91202926635742,-0.003915660944767296,18560,0.0027279775,140.24354400634766,0.0003,-0.8193887352943421
-406.5217391304348,1070,18,4,4608,200.0,0.000390625,0.16595661640167236,0.3,1.949798822402954,-0.0010190669214352964,18570,0.0043701576,3.5672076642513275,0.0003,-0.8610911995172501
-406.25,1068,19,4,4864,200.0,0.007421875,0.29458945989608765,0.3,3.235409736633301,-0.002219696552492678,18580,0.0060151373,6.097784340381622,0.0003,-0.6997117757797241
-406.0,1073,20,4,5120,200.0,0.005859375,0.3341495394706726,0.3,1.8016071319580078,-0.0005021433928050101,18590,0.0066274107,3.1089455842971803,0.0003,-0.9208120912313461
-405.7692307692308,1067,21,5,5376,200.0,0.212109375,0.3956119418144226,0.3,1.7753525972366333,-0.002089401031844318,18600,0.0428965,2.857686644792557,0.0003,-0.8675866931676864
-409.2857142857143,1067,22,5,5632,200.0,0.00703125,0.059038639068603516,0.3,51.986324310302734,-0.008988312119618059,18610,0.00426111,113.35657539367676,0.0003,-0.6427894771099091
-408.9655172413793,1065,23,5,5888,200.0,0.01015625,0.3001704812049866,0.3,3.668009042739868,-0.0021910436218604444,18620,0.00989074,7.267766618728638,0.0003,-1.186523586511612
-408.6666666666667,1065,24,5,6144,200.0,0.04453125,0.09684395790100098,0.3,0.6487985253334045,-0.002389071276411414,18630,0.009656424,4.613890343904496,0.0003,-0.8588835507631302
-409.375,1063,25,6,6400,200.0,0.01328125,0.17259162664413452,0.3,9.527774810791016,-0.005649056565016508,18640,0.0039879694,12.766052067279816,0.0003,-0.5845040798187255
-411.8181818181818,1064,26,6,6656,200.0,0.00390625,0.20214712619781494,0.3,4.040585041046143,-0.0028025823179632426,18650,0.004711413,7.314123344421387,0.0003,-1.0478310644626618
-412.6470588235294,1065,27,6,6912,200.0,0.01953125,0.14792805910110474,0.3,68.11536407470703,-0.008626374229788781,18660,0.009612291,112.87306756973267,0.0003,-0.6744267344474792
-412.2857142857143,1065,28,6,7168,200.0,0.03515625,-0.02136671543121338,0.3,1.8930082321166992,-0.0057005906011909245,18670,0.009688897,4.931585341691971,0.0003,-1.0295672178268434
-411.6216216216216,1065,29,6,7424,200.0,0.0203125,0.31471943855285645,0.3,1.886724591255188,0.0004189371597021818,18680,0.0014933741,2.9768818020820618,0.0003,-0.7383729308843613
-412.36842105263156,1066,30,7,7680,200.0,0.059765625,0.1292356252670288,0.3,9.681694030761719,-0.009578913357108832,18690,0.017955864,25.907556343078614,0.0003,-0.8566012710332871
-412.05128205128204,1064,31,7,7936,200.0,0.00703125,0.05067574977874756,0.3,2.4974112510681152,0.0010212467983365058,18700,0.004756597,4.3567302286624905,0.0003,-1.0621367126703263
-411.75,1065,32,7,8192,200.0,0.020703125,0.12684154510498047,0.3,1.798750638961792,-0.004183136741630733,18710,0.008824959,4.074298125505448,0.0003,-0.7739182829856872
-411.6666666666667,1066,33,7,8448,200.0,0.203125,-0.019548535346984863,0.3,0.33912885189056396,-0.013889948488213122,18720,0.029959807,4.60381969511509,0.0003,-1.0160506427288056
-411.3953488372093,1066,34,8,8704,200.0,0.066015625,0.049307048320770264,0.3,4.650985240936279,-0.01345028574578464,18730,0.027020983,13.671916460990905,0.0003,-0.7013092458248138
-411.1363636363636,1066,35,8,8960,200.0,0.149609375,-0.067413330078125,0.3,1.3323596715927124,-0.004463141411542892,18740,0.03734713,5.273809695243836,0.0003,-0.8218341112136841
-410.6521739130435,1066,36,8,9216,200.0,0.062109375,-0.3583710193634033,0.3,3.218226671218872,-0.00636045765131712,18750,0.005188764,5.840295565128327,0.0003,-0.6962924212217331
-410.4255319148936,1069,37,8,9472,200.0,0.0,0.20924043655395508,0.3,3.5266363620758057,-0.0002750166691839695,18760,0.0006246867,6.382926547527314,0.0003,-0.7120953500270844
-410.2083333333333,1066,38,9,9728,200.0,0.013671875,0.0097578763961792,0.3,2.1433322429656982,-0.008441902161575855,18770,0.0077359905,4.728216600418091,0.0003,-0.6303980678319931
-410.0,1067,39,9,9984,200.0,0.0,0.13535380363464355,0.3,2.183173179626465,0.0005386283155530691,18780,0.0026188372,3.4658960670232775,0.0003,-0.8678279399871827
-409.6078431372549,1068,40,9,10240,200.0,0.2375,0.11561691761016846,0.3,1.3208770751953125,-0.019181984430179,18790,0.033857122,3.939577114582062,0.0003,-0.9288962572813034
-400.0,1317,1,0,256,200.0,0.286328125,0.22806710004806519,0.3,4.2602033615112305,-0.005763342627324164,18800,0.0547646,6.741745460033417,0.0003,-0.9041433453559875
-400.0,1184,2,0,512,200.0,0.00078125,0.09673327207565308,0.3,2.0608582496643066,-0.00144540392793715,18810,0.0072038793,4.0145656824111935,0.0003,-1.232157963514328
-400.0,1160,3,0,768,200.0,0.0,0.07848036289215088,0.3,1.3528932332992554,-0.003406760189682245,18820,0.005808737,3.626890426874161,0.0003,-1.2641564965248109
-400.0,1137,4,0,1024,200.0,0.0,0.19932955503463745,0.3,1.5639774799346924,-0.0021694798953831194,18830,0.0034880424,3.4942669063806533,0.0003,-1.278357779979706
-400.0,1134,5,1,1280,200.0,0.0,0.006857097148895264,0.3,5.492610931396484,-0.0017476231325417757,18840,0.004141924,8.846098518371582,0.0003,-1.2755554497241974
-400.0,1116,6,1,1536,200.0,0.0515625,0.01068413257598877,0.3,1.9642584323883057,-0.014585109590552748,18850,0.023054767,4.260756283998489,0.0003,-1.295829427242279
-400.0,1115,7,1,1792,200.0,0.079296875,0.013568580150604248,0.3,1.2116470336914062,-0.010705189453437925,18860,0.04216717,4.275689947605133,0.0003,-1.2800907135009765
-400.0,1080,8,1,2048,200.0,0.0,0.034959375858306885,0.3,2.73842716217041,-0.005936303804628551,18870,0.0143033955,4.162199559807777,0.0003,-1.2034645915031432
-400.0,1086,9,2,2304,200.0,0.0015625,0.11546516418457031,0.3,4.504640102386475,-0.0044143236707896,18880,0.005578298,7.2080126166343685,0.0003,-1.1565467953681945
-400.0,1084,10,2,2560,200.0,0.0015625,0.07079893350601196,0.3,2.3423242568969727,-0.0005709244636818766,18890,0.0015193103,4.160928869247437,0.0003,-1.157743465900421
-400.0,1071,11,2,2816,200.0,0.003515625,0.054722607135772705,0.3,1.0693562030792236,-0.003625870938412845,18900,0.007895172,4.135160160064697,0.0003,-1.1618239104747772
-400.0,1079,12,2,3072,200.0,0.0,0.147089421749115,0.3,4.681471347808838,0.0003598017152398825,18910,0.0050302926,7.291512989997864,0.0003,-1.1543722689151763
-400.0,1073,13,3,3328,200.0,0.0015625,0.25346410274505615,0.3,1.094868540763855,-0.0015895196469500662,18920,0.001365415,3.359318697452545,0.0003,-1.1395279824733735
-400.0,1068,14,3,3584,200.0,0.0,-0.01906907558441162,0.3,0.9272425174713135,-0.002278175321407616,18930,0.003672358,4.504715096950531,0.0003,-1.1030286490917205
-400.0,1067,15,3,3840,200.0,0.0,-0.2215418815612793,0.3,1.7845052480697632,-0.0015266138128936292,18940,0.0012251921,4.936158633232116,0.0003,-1.0801482617855072
-400.0,1067,16,3,4096,200.0,0.0,0.25011807680130005,0.3,4.029489040374756,-0.001524248532950878,18950,0.0014393076,6.177163767814636,0.0003,-1.0766902804374694
-400.0,1069,17,4,4352,200.0,0.00390625,-0.00651240348815918,0.3,2.4905831813812256,-0.005925426911562681,18960,0.016675409,4.46310468018055,0.0003,-0.9915714502334595
-400.0,1063,18,4,4608,200.0,0.0,0.28966760635375977,0.3,0.8856953382492065,-0.004735108057502657,18970,0.011353221,3.278052282333374,0.0003,-0.8157454341650009
-400.0,1060,19,4,4864,200.0,0.0,0.08084464073181152,0.3,3.6668612957000732,-0.0001100301742553711,18980,0.0003412238,7.816838157176972,0.0003,-0.7377637773752213
-400.0,1063,20,4,5120,200.0,0.10546875,2.3126602172851562e-05,0.3,2.1309752464294434,-0.007274577207863331,18990,0.033332236,4.372349369525909,0.0003,-0.872635754942894
-400.0,1055,21,5,5376,200.0,0.0,0.00833970308303833,0.3,3.0421957969665527,-0.0007487074472010136,19000,0.001490758,4.252943307161331,0.0003,-0.9659817069768906
-400.0,1054,22,5,5632,200.0,0.00078125,0.2516416907310486,0.3,2.1188337802886963,-0.002773982333019376,19010,0.0029106385,3.5341953873634337,0.0003,-0.9949682384729386
-400.0,1054,23,5,5888,200.0,0.0,0.05111950635910034,0.3,3.887787342071533,-0.00014574970118701457,19020,0.0041069733,7.922395086288452,0.0003,-0.9122173190116882
-400.0,1050,24,5,6144,200.0,0.0,0.14993071556091309,0.3,3.0557148456573486,-0.001962505583651364,19030,0.0022332282,3.825645449757576,0.0003,-0.9422274589538574
-400.0,1051,25,6,6400,200.0,0.0,0.21908265352249146,0.3,1.4883663654327393,-0.0026135668624192475,19040,0.008252382,3.5844883739948274,0.0003,-1.0064020901918411
-400.0,1053,26,6,6656,200.0,0.041796875,0.2581087350845337,0.3,3.0505099296569824,-0.011523306369781494,19050,0.016856533,6.380756759643555,0.0003,-1.076301771402359
-400.0,1055,27,6,6912,200.0,0.088671875,0.3640440106391907,0.3,1.4017891883850098,-0.016898351185955108,19060,0.036475357,2.969438248872757,0.0003,-1.1254785180091857
-400.0,1056,28,6,7168,200.0,0.0,0.07290953397750854,0.3,0.5379087328910828,-0.0015171911334618926,19070,0.0015020077,4.094324153661728,0.0003,-1.1396550178527831
-400.0,1058,29,7,7424,200.0,0.0015625,0.0253828763961792,0.3,2.7763023376464844,-0.006099781114608049,19080,0.014632497,4.229509449005127,0.0003,-1.147446298599243
-400.0,1058,30,7,7680,200.0,0.0,0.08228182792663574,0.3,3.5538041591644287,-0.008836771408095957,19090,0.025239028,7.487246489524841,0.0003,-1.0710728764533997
-400.0,1060,31,7,7936,200.0,0.01484375,0.1484484076499939,0.3,2.788473606109619,-0.00711471694521606,19100,0.026028391,3.848743385076523,0.0003,-0.9384871840476989
-400.0,1060,32,7,8192,200.0,0.0,0.09200561046600342,0.3,2.181011438369751,-0.0038496350636705754,19110,0.008231797,3.9860130488872527,0.0003,-0.7949684768915176
-400.0,1061,33,7,8448,200.0,0.0,0.026686251163482666,0.3,2.66479229927063,-0.0006594355683773756,19120,0.0006628749,4.324110269546509,0.0003,-0.7242893695831298
-400.0,1061,34,8,8704,200.0,0.0,0.06352746486663818,0.3,3.7387583255767822,-0.00013225730508565904,19130,0.0014998061,7.633007121086121,0.0003,-0.7710390955209732
-400.0,1061,35,8,8960,200.0,0.046875,0.07354766130447388,0.3,1.949981451034546,-0.010608830396085978,19140,0.017676802,3.88752386868,0.0003,-0.8539653897285462
-400.0,1063,36,8,9216,200.0,0.0,0.010177373886108398,0.3,1.238014578819275,0.001411726837977767,19150,0.0011333534,5.491352045536042,0.0003,-0.9591154545545578
-400.0,1062,37,8,9472,200.0,0.0,0.03130912780761719,0.3,2.4391424655914307,-0.005962924426421523,19160,0.008157446,7.875548219680786,0.0003,-0.9886098861694336
-400.0,1062,38,9,9728,200.0,0.01171875,0.09710538387298584,0.3,1.947249412536621,-0.00622319111134857,19170,0.021671988,4.037020286917686,0.0003,-1.0702027916908263
-400.0,1062,39,9,9984,200.0,0.0,0.056117475032806396,0.3,1.3732322454452515,-0.0013892635004594922,19180,0.004560355,4.177797019481659,0.0003,-1.122807401418686
-400.0,1064,40,9,10240,200.0,0.0,0.04523003101348877,0.3,2.8402113914489746,-0.0035664823837578295,19190,0.014136405,4.127840101718903,0.0003,-1.1144852578639983
-400.0,1557,1,0,256,200.0,0.046875,0.08865022659301758,0.3,3.308910846710205,-0.018308942299336196,19200,0.033557534,7.729757833480835,0.0003,-1.0745490491390228
-400.0,1186,2,0,512,200.0,0.026953125,0.23488694429397583,0.3,2.2268013954162598,-0.008801171998493373,18810,0.015719032,3.5862606555223464,0.0003,-1.0485639035701753
-400.0,1155,3,0,768,200.0,0.067578125,0.02168738842010498,0.3,2.8239529132843018,-0.00854419320821762,18820,0.02801469,4.468657401204109,0.0003,-1.3205857932567597
-400.0,1091,4,0,1024,200.0,0.069140625,0.03507763147354126,0.3,1.8916045427322388,-0.015981293469667434,18830,0.04165379,3.9444090008735655,0.0003,-1.1061731934547425
-400.0,1093,5,1,1280,200.0,0.0,0.04993104934692383,0.3,4.062499523162842,-0.005805315240286291,18840,0.00428397,8.302036380767822,0.0003,-1.062386119365692
-400.0,1096,6,1,1536,200.0,0.05078125,0.13577032089233398,0.3,2.5467026233673096,-0.0035709912423044442,18850,0.010647211,3.7312906265258787,0.0003,-0.9995437622070312
-400.0,1075,7,1,1792,200.0,0.0015625,0.16665631532669067,0.3,1.1499158143997192,-0.001614102441817522,18860,0.003043539,3.551746833324432,0.0003,-0.8623476237058639
-400.0,1078,8,1,2048,200.0,0.03828125,0.03252607583999634,0.3,2.8392434120178223,-0.013718235213309527,18870,0.024913862,4.222597801685334,0.0003,-0.9238028645515441
-400.0,1065,9,2,2304,200.0,0.187109375,0.11110532283782959,0.3,3.37727952003479,-0.0041370037477463486,18880,0.022520032,7.762373447418213,0.0003,-1.0375100523233414
-407.5,1068,10,2,2560,200.0,0.047265625,0.048593342304229736,0.3,34.29135513305664,-0.024126414000056683,18890,0.015784884,105.56421928405761,0.0003,-1.1021247684955597
-406.42857142857144,1060,11,2,2816,200.0,0.04140625,0.046241581439971924,0.3,1.4700433015823364,-0.01005415515974164,18900,0.025871443,4.176483887434006,0.0003,-1.000144574046135
-406.0,1064,12,2,3072,200.0,0.048828125,0.24983865022659302,0.3,4.2301344871521,-0.0026927113765850665,18910,0.014116233,6.819119936227798,0.0003,-0.8619925141334533
-405.625,1067,13,3,3328,200.0,0.01640625,0.0019441843032836914,0.3,1.5602567195892334,-0.007269674725830555,18920,0.0094110295,4.458625721931457,0.0003,-0.8648792207241058
-405.29411764705884,1069,14,3,3584,200.0,0.033203125,0.05406463146209717,0.3,2.613581657409668,-0.003150182357057929,18930,0.008210572,4.1641484797000885,0.0003,-1.0243770897388458
-404.7368421052632,1061,15,3,3840,200.0,0.05078125,0.011832177639007568,0.3,1.4357736110687256,-0.0030685193371027706,18940,0.0071645738,4.291420471668244,0.0003,-0.9956071108579636
-404.5,1062,16,3,4096,200.0,0.055078125,0.16681528091430664,0.3,3.3750572204589844,0.004212692868895829,18950,0.04062283,8.141112112998963,0.0003,-1.1905088365077972
-404.2857142857143,1060,17,4,4352,200.0,0.137890625,0.10281085968017578,0.3,3.0375466346740723,-0.004425901407375932,18960,0.016579194,4.035181665420533,0.0003,-1.3004887998104095
-406.5217391304348,1061,18,4,4608,200.0,0.01640625,0.11246353387832642,0.3,15.32697868347168,-0.01474078125320375,18970,0.0079588555,22.85026216506958,0.0003,-1.0406250536441803
-406.25,1063,19,4,4864,200.0,0.090625,0.16720306873321533,0.3,3.4526712894439697,-0.007210611482150853,18980,0.024138298,6.715643215179443,0.0003,-0.9781342297792435
-406.0,1065,20,4,5120,200.0,0.121875,0.07037097215652466,0.3,1.3634001016616821,-0.017813630308955906,18990,0.039823093,4.203473892807961,0.0003,-1.2200391352176667
-407.3076923076923,1067,21,5,5376,200.0,0.003125,0.11161947250366211,0.3,5.845810413360596,-0.004242846416309476,19000,0.0028914907,19.966728258132935,0.0003,-1.2670818984508514
-406.7857142857143,1065,22,5,5632,200.0,0.080078125,0.02136319875717163,0.3,2.3167836666107178,-0.011436415766365827,19010,0.023987785,4.357855123281479,0.0003,-1.362507176399231
-406.55172413793105,1066,23,5,5888,200.0,0.0,0.1365337371826172,0.3,5.104066371917725,-0.005567344045266509,19020,0.008233524,8.35904414653778,0.0003,-1.546908336877823
-406.3333333333333,1064,24,5,6144,200.0,0.14296875,0.10836666822433472,0.3,2.184934616088867,-0.015163389593362808,19030,0.023445267,3.964899110794067,0.0003,-1.413962322473526
-405.9375,1069,25,5,6400,200.0,0.0515625,0.027576804161071777,0.3,3.0774588584899902,-0.006140932114794851,19040,0.017010817,4.264383804798126,0.0003,-1.3638820946216583
-405.75757575757575,1066,26,6,6656,200.0,0.0,0.12767285108566284,0.3,3.2561066150665283,-0.007328869216144085,19050,0.012582477,7.741595840454101,0.0003,-1.3686397969722748
-405.5882352941176,1066,27,6,6912,200.0,0.077734375,0.054960012435913086,0.3,1.5135291814804077,-0.01851944178342819,19060,0.030535642,4.16540834903717,0.0003,-1.3238336622714997
-405.42857142857144,1066,28,6,7168,200.0,0.175,0.05341833829879761,0.3,1.8655312061309814,-0.01935720017645508,19070,0.04989957,4.169029664993286,0.0003,-1.4055899262428284
-405.13513513513516,1067,29,6,7424,200.0,0.1609375,0.015253841876983643,0.3,2.429647922515869,-0.01921710427850485,19080,0.057944477,4.279882916808129,0.0003,-1.2409372746944427
-405.0,1068,30,7,7680,200.0,0.0,0.09670794010162354,0.3,3.4112613201141357,-0.004049980500712991,19090,0.007993967,7.994711971282959,0.0003,-1.2454266726970673
-404.87179487179486,1067,31,7,7936,200.0,0.00390625,0.27514493465423584,0.3,1.4882876873016357,-0.0004409687360748649,19100,0.0016057179,3.285076642036438,0.0003,-1.0770803213119506
-406.5,1067,32,7,8192,200.0,0.086328125,0.07218021154403687,0.3,0.6009476780891418,-0.004424342466518283,19110,0.042969797,4.123900431394577,0.0003,-1.4003464341163636
-409.2857142857143,1068,33,7,8448,200.0,0.002734375,-0.09605371952056885,0.3,27.674623489379883,-0.003880153689533472,19120,0.0041122716,90.62965679168701,0.0003,-1.284943652153015
-409.06976744186045,1069,34,8,8704,200.0,0.00234375,0.05924856662750244,0.3,44.804107666015625,-0.007078629452735186,19130,0.0017020544,106.7620985031128,0.0003,-0.9927363872528077
-408.8636363636364,1069,35,8,8960,200.0,0.0,0.10959744453430176,0.3,3.8312695026397705,-0.002939822501502931,19140,0.0015606729,4.548409268260002,0.0003,-1.4887300908565522
-411.7391304347826,1069,36,8,9216,200.0,0.00078125,-0.01614212989807129,0.3,95.59964752197266,-0.004235089151188731,19150,0.000985967,176.12293701171876,0.0003,-0.9742343246936798
-411.48936170212767,1070,37,8,9472,200.0,0.001953125,0.20664942264556885,0.3,2.9495046138763428,-0.002864441089332104,19160,0.0061730733,7.970391058921814,0.0003,-1.3320833206176759
-411.6666666666667,1071,38,9,9728,200.0,0.015625,0.17056554555892944,0.3,3.6801300048828125,-0.010876576718874275,19170,0.008381642,9.11266862154007,0.0003,-0.7828299134969712
-413.6734693877551,1069,39,9,9984,200.0,0.037109375,0.11304473876953125,0.3,0.514018177986145,-0.0014690760290250182,19180,0.017575735,4.3925092875957485,0.0003,-1.017734345793724
-414.9019607843137,1067,40,9,10240,200.0,0.001953125,-0.046709299087524414,0.3,50.59183120727539,-0.006633334653452038,19190,0.0017937089,170.8352756500244,0.0003,-1.2851198077201844
-390.0,1276,1,0,256,200.0,0.00234375,0.05866354703903198,0.3,39.455162048339844,-0.011158409563358873,19200,0.008052053,71.79775352478028,0.0003,-1.6038070499897004
-390.0,1169,2,0,512,200.0,0.0,-0.5556555986404419,0.3,2.5704121589660645,-0.0005461523775011301,19210,0.005218818,6.147013342380523,0.0003,-0.9550034880638123
-393.3333333333333,1124,3,0,768,200.0,0.011328125,-0.03463864326477051,0.3,3.880946159362793,-0.005070127174258232,19220,0.006095177,5.274752247333526,0.0003,-0.9607680320739747
-396.0,1111,4,0,1024,200.0,0.01015625,0.042580604553222656,0.3,2.565382480621338,-0.005258596874773503,19230,0.0062092664,4.267366194725037,0.0003,-1.066394329071045
-395.0,1089,5,1,1280,200.0,0.0,0.09980148077011108,0.3,3.466128349304199,0.00032271814998239277,19240,0.0011554859,7.959753131866455,0.0003,-1.1346234023571014
-395.7142857142857,1081,6,1,1536,200.0,0.0703125,0.022406578063964844,0.3,3.358274459838867,-0.02330197496339679,19250,0.04082565,5.393158268928528,0.0003,-1.086163529753685
-396.25,1074,7,1,1792,200.0,0.0203125,0.06553924083709717,0.3,3.564387321472168,-0.007626957260072231,19260,0.0074134376,4.147252416610717,0.0003,-0.9809565514326095
-402.0,1051,8,1,2048,200.0,0.0,0.03382670879364014,0.3,16.347957611083984,-3.924143966287375e-05,19270,0.0012424204,41.165652656555174,0.0003,-1.0424806356430054
-401.8181818181818,1051,9,2,2304,200.0,0.0,0.11674302816390991,0.3,2.957991123199463,-0.0005661917617544532,19280,0.00026996294,7.573505628108978,0.0003,-1.0516845345497132
-401.6666666666667,1043,10,2,2560,200.0,0.0,0.11054903268814087,0.3,1.7543178796768188,-0.0011254906537942588,19290,0.0012190044,3.8193064272403716,0.0003,-1.0117265909910202
-401.42857142857144,1042,11,2,2816,200.0,0.0046875,0.12044793367385864,0.3,2.6246962547302246,-0.005107968230731785,19300,0.012255475,4.023261672258377,0.0003,-0.9398978054523468
-401.3333333333333,1046,12,2,3072,200.0,0.0,0.030815064907073975,0.3,1.764492154121399,-0.0013696167152374983,19310,0.002437512,8.018091177940368,0.0003,-0.7938893675804138
-403.75,1043,13,3,3328,200.0,0.0,0.0069231390953063965,0.3,25.851518630981445,-0.0014970684424042702,19320,0.0005524813,40.56699171066284,0.0003,-0.7848613798618317
-403.52941176470586,1046,14,3,3584,200.0,0.0,0.2641010284423828,0.3,0.607612133026123,-0.00027759009972214697,19330,0.00083971303,3.4197039008140564,0.0003,-0.8286741375923157
-403.1578947368421,1047,15,3,3840,200.0,0.008984375,0.19800221920013428,0.3,3.048776626586914,-0.004714814946055412,19340,0.009257,3.7413770079612734,0.0003,-0.8721859812736511
-403.0,1050,16,3,4096,200.0,0.0234375,-0.06906890869140625,0.3,4.728086948394775,-0.00884087234735489,19350,0.012375265,8.642659950256348,0.0003,-1.0450784236192703
-402.85714285714283,1051,17,4,4352,200.0,0.0,0.1298808455467224,0.3,0.6351878643035889,-0.0004811641527339816,19360,0.004507143,3.85596444606781,0.0003,-1.1092937767505646
-402.60869565217394,1050,18,4,4608,200.0,0.130859375,0.1371622085571289,0.3,0.9188735485076904,-0.022929385071620345,19370,0.0427424,3.8546723306179045,0.0003,-1.2496746122837066
-402.5,1046,19,4,4864,200.0,0.0,0.13940823078155518,0.3,3.6494147777557373,-0.00451179469237104,19380,0.009972794,6.905244755744934,0.0003,-1.3261208653450012
-402.4,1047,20,4,5120,200.0,0.003515625,0.08548992872238159,0.3,0.6754164099693298,-0.0021345026325434446,19390,0.007838767,4.2715088605880736,0.0003,-1.3379312872886657
-402.3076923076923,1049,21,5,5376,200.0,0.001953125,0.21423500776290894,0.3,1.060040831565857,-0.007250525616109371,19400,0.010623033,3.6877334386110308,0.0003,-1.3085663378238679
-403.57142857142856,1050,22,5,5632,200.0,0.0,-1.1640102863311768,0.3,2.206792116165161,-0.0006109619047492742,19410,0.004442287,9.393243002891541,0.0003,-1.2727321267127991
-403.44827586206895,1050,23,5,5888,200.0,0.0,0.12963038682937622,0.3,29.715370178222656,-0.0007692672894336283,19420,0.00034204358,42.56615295410156,0.0003,-1.2627196729183197
-403.3333333333333,1049,24,5,6144,200.0,0.0,0.013676941394805908,0.3,1.7807081937789917,-0.001370520528871566,19430,0.00055396394,4.063464587926864,0.0003,-1.268957072496414
-403.125,1051,25,6,6400,200.0,0.026171875,0.11537706851959229,0.3,1.8386143445968628,-0.015007618884555995,19440,0.026710797,3.9708499044179915,0.0003,-1.3366945683956146
-402.72727272727275,1055,26,6,6656,200.0,0.005859375,0.052405476570129395,0.3,3.5430660247802734,0.0007784850895404816,19450,0.006460795,7.811574304103852,0.0003,-1.406583321094513
-402.6470588235294,1053,27,6,6912,200.0,0.0,-0.15088438987731934,0.3,2.7866461277008057,-0.0017908731941133737,19460,0.0016963235,5.920957159996033,0.0003,-1.3856411635875703
-402.57142857142856,1055,28,6,7168,200.0,0.01484375,0.09840399026870728,0.3,2.848344087600708,-0.004327408678364009,19470,0.00915183,3.9898521959781648,0.0003,-1.398852252960205
-402.43243243243245,1054,29,7,7424,200.0,0.06953125,-0.08301234245300293,0.3,2.018467903137207,-0.006957258190959692,19480,0.017457517,4.4974442541599275,0.0003,-1.3869388699531555
-402.10526315789474,1058,30,7,7680,200.0,0.021875,0.12344735860824585,0.3,3.2062792778015137,-0.00829116142122075,19490,0.006632981,7.784162056446076,0.0003,-1.3770716547966004
-402.05128205128204,1057,31,7,7936,200.0,0.027734375,0.026898741722106934,0.3,2.523845911026001,-0.01322868075221777,19500,0.032852948,5.292571866512299,0.0003,-1.391217041015625
-402.0,1057,32,7,8192,200.0,0.0234375,0.07221323251724243,0.3,2.785822629928589,-0.008374088536947965,19510,0.0109227495,4.072384804487228,0.0003,-1.391885656118393
-401.9047619047619,1059,33,7,8448,200.0,0.086328125,0.010366678237915039,0.3,1.2313168048858643,-0.009945085365325212,19520,0.02375095,4.282323324680329,0.0003,-1.4385916650295258
-401.86046511627904,1042,34,8,8704,200.0,0.041015625,0.0665595531463623,0.3,4.228665351867676,-0.0019580643158406017,19530,0.011175508,7.867200571298599,0.0003,-1.3824666500091554
-401.8181818181818,1042,35,8,8960,200.0,0.0,0.04553014039993286,0.3,2.606975793838501,-0.0036739021074026824,19540,0.0055839363,4.200343585014343,0.0003,-1.3610677480697633
-401.7391304347826,1042,36,8,9216,200.0,0.009375,0.0380939245223999,0.3,2.472738027572632,-0.00646242774091661,19550,0.025590634,4.202457997202873,0.0003,-1.3684365391731261
-401.48936170212767,1043,37,9,9472,200.0,0.0,0.04059880971908569,0.3,4.3391242027282715,0.0011986332479864358,19560,0.008321203,8.080002570152283,0.0003,-1.3257945477962494
-401.4583333333333,1044,38,9,9728,200.0,0.005859375,0.019467294216156006,0.3,3.5911810398101807,-0.004029044089838863,19570,0.009044279,5.365081584453582,0.0003,-1.3071432888507843
-401.2244897959184,1046,39,9,9984,200.0,0.0578125,-0.05295920372009277,0.3,3.7197892665863037,-0.011605703015811741,19580,0.024219546,5.717295396327972,0.0003,-1.3896580815315247
-401.1764705882353,1045,40,9,10240,200.0,0.025390625,0.11969071626663208,0.3,0.778237521648407,-0.010772294481284916,19590,0.014139866,3.89980092048645,0.0003,-1.3797000050544739
-400.0,1394,1,0,256,200.0,0.00625,0.035955727100372314,0.3,2.371507406234741,-0.007854745979420841,19600,0.009753602,7.987983465194702,0.0003,-1.4094597935676574
-440.0,1224,2,0,512,200.0,0.006640625,0.2178022265434265,0.3,11.811738967895508,-0.013844702974893153,19210,0.005505133,21.46704230308533,0.0003,-0.9837339669466019
-426.6666666666667,1172,3,0,768,200.0,0.00390625,-0.19304752349853516,0.3,5.948434352874756,-0.0037404379807412626,19220,0.0038079445,11.611380910873413,0.0003,-0.6328916251659393
-420.0,1156,4,0,1024,200.0,0.006640625,0.09526920318603516,0.3,2.976555824279785,-0.004937824793159962,19230,0.007517919,4.295244431495666,0.0003,-1.0862929582595826
-423.3333333333333,1144,5,1,1280,200.0,0.00625,0.1835905909538269,0.3,11.877341270446777,-0.00971951219253242,19240,0.004808807,24.597698879241943,0.0003,-0.9388265579938888
-420.0,1135,6,1,1536,200.0,0.0078125,0.023786425590515137,0.3,1.4489705562591553,-0.003523554839193821,19250,0.0053466717,4.070338082313538,0.0003,-0.7690477192401886
-417.5,1129,7,1,1792,200.0,0.0,-0.13515233993530273,0.3,2.800227165222168,-0.00024545954074710606,19260,0.0020142624,4.636134678125382,0.0003,-0.6931108593940735
-414.0,1124,8,1,2048,200.0,0.01171875,0.0630829930305481,0.3,3.1578478813171387,-0.0017423504032194614,19270,0.009521879,4.136328154802323,0.0003,-1.028443631529808
-418.1818181818182,1122,9,2,2304,200.0,0.009375,0.057119548320770264,0.3,4.5894551277160645,-0.0004909595008939505,19280,0.00603968,7.639538693428039,0.0003,-1.2427072405815125
-416.6666666666667,1113,10,2,2560,200.0,0.000390625,-0.04758930206298828,0.3,17.020219802856445,-0.0037264549173414707,19290,0.0015783778,24.511648321151732,0.0003,-1.0527294605970383
-437.14285714285717,1110,11,2,2816,200.0,0.044140625,0.09176820516586304,0.3,2.9413540363311768,-0.006504386966116727,19300,0.0140120555,3.976816236972809,0.0003,-0.8797140061855316
-434.6666666666667,1106,12,2,3072,200.0,0.003125,0.008213281631469727,0.3,261.44281005859375,-0.0035072862403467296,19310,0.0020433653,430.1124465942383,0.0003,-0.8553727328777313
-432.5,1107,13,3,3328,200.0,0.0046875,0.03271991014480591,0.3,0.4686892628669739,-0.006611474533565342,19320,0.0048711663,5.170589959621429,0.0003,-1.60824254155159
-430.5882352941176,1103,14,3,3584,200.0,0.037890625,0.014890789985656738,0.3,1.5391569137573242,-0.0023367060581222176,19330,0.0128825875,4.465039759874344,0.0003,-1.2788456082344055
-427.36842105263156,1103,15,3,3840,200.0,0.0484375,-0.003605484962463379,0.3,1.4051014184951782,-0.005064206896349788,19340,0.026338587,4.294392538070679,0.0003,-1.298829847574234
-428.0,1105,16,3,4096,200.0,0.000390625,0.04204273223876953,0.3,6.242353439331055,-0.0020783639047294855,19350,0.0037093128,8.195405352115632,0.0003,-1.4105615615844727
-428.57142857142856,1099,17,3,4352,200.0,0.008984375,0.02929002046585083,0.3,15.018938064575195,-0.006011163140647114,19360,0.0064529674,37.91843690872192,0.0003,-1.3382519125938415
-426.0869565217391,1097,18,4,4608,200.0,0.017578125,0.013083875179290771,0.3,3.065582513809204,-0.00275218952447176,19370,0.0068177218,4.263332855701447,0.0003,-0.829742294549942
-425.0,1096,19,4,4864,200.0,0.006640625,0.028694450855255127,0.3,2.2825045585632324,-0.0026327480794861914,19380,0.0057115387,8.1683584690094,0.0003,-0.7703614592552185
-425.6,1093,20,4,5120,200.0,0.00234375,0.06829464435577393,0.3,10.97749137878418,-0.011475435877218842,19390,0.0032544136,19.694192790985106,0.0003,-1.3430008172988892
-426.15384615384613,1091,21,4,5376,200.0,0.001953125,0.16591215133666992,0.3,5.335848331451416,-0.007408080296590925,19400,0.0035236268,13.275654315948486,0.0003,-1.1238142132759095
-424.2857142857143,1089,22,5,5632,200.0,0.0,-0.020092487335205078,0.3,2.4377074241638184,-0.003267056867480278,19410,0.0037891776,4.661473393440247,0.0003,-1.038484188914299
-423.44827586206895,1089,23,5,5888,200.0,0.021875,0.0060212016105651855,0.3,4.510128498077393,-0.002892139530740678,19420,0.014241293,8.489255928993225,0.0003,-1.110973334312439
-424.0,1089,24,5,6144,200.0,0.00625,0.0999947190284729,0.3,7.807950973510742,-0.00949664730578661,19430,0.0047858516,18.0900447845459,0.0003,-1.2287953734397887
-430.9375,1087,25,5,6400,200.0,0.002734375,0.05468839406967163,0.3,1.385969877243042,-0.004945318039972335,19440,0.011307424,3.9907515704631806,0.0003,-1.0209452837705613
-431.2121212121212,1088,26,6,6656,200.0,0.0,0.04780244827270508,0.3,130.49197387695312,0.0051578187849372625,19450,0.0068253777,337.68684844970704,0.0003,-1.1301054120063783
-430.29411764705884,1088,27,6,6912,200.0,0.03671875,0.03116285800933838,0.3,6.26400899887085,-0.011209647636860609,19460,0.006171774,14.886243963241578,0.0003,-1.1557205498218537
-429.42857142857144,1087,28,6,7168,200.0,0.0109375,0.01453542709350586,0.3,3.2964961528778076,-0.002230271731968969,19470,0.005289614,4.295709240436554,0.0003,-0.8392574220895768
-430.0,1088,29,6,7424,200.0,0.017578125,0.1779419183731079,0.3,1.0467456579208374,-0.0008428962202742696,19480,0.017755913,3.995305222272873,0.0003,-1.1393412351608276
-429.2105263157895,1088,30,7,7680,200.0,0.028125,0.06686031818389893,0.3,20.273841857910156,-0.00797221683897078,19490,0.019470323,43.703211879730226,0.0003,-1.1345467746257782
-428.46153846153845,1088,31,7,7936,200.0,0.0125,0.06199401617050171,0.3,2.0354843139648438,-0.0038051904644817113,19500,0.009171741,4.1659450888633724,0.0003,-1.0098826080560683
-427.75,1086,32,7,8192,200.0,0.126171875,0.011829376220703125,0.3,1.359012484550476,-0.00973441768437624,19510,0.025862135,4.321229827404022,0.0003,-0.9677116602659226
-426.42857142857144,1085,33,7,8448,200.0,0.084765625,0.02867358922958374,0.3,2.6921002864837646,-0.006282006716355681,19520,0.033155434,4.272945439815521,0.0003,-1.0759360373020173
-425.8139534883721,1064,34,8,8704,200.0,0.0,0.08658701181411743,0.3,3.8916895389556885,-0.002848430350422859,19530,0.007889353,8.229065752029419,0.0003,-1.4405764579772948
-425.22727272727275,1062,35,8,8960,200.0,0.01015625,0.10299617052078247,0.3,1.134628176689148,-0.007695628702640534,19540,0.017920312,4.039334225654602,0.0003,-1.024940350651741
-429.3478260869565,1059,36,8,9216,200.0,0.0,0.05694591999053955,0.3,58.33143997192383,0.0014647293835878372,19550,0.006086232,116.15042266845703,0.0003,-1.068378359079361
-429.1489361702128,1059,37,8,9472,200.0,0.00390625,0.08665108680725098,0.3,14.21614933013916,-0.009377513127401472,19560,0.0032874553,30.25051918029785,0.0003,-1.0181364119052887
-428.5416666666667,1060,38,9,9728,200.0,0.005078125,0.04330301284790039,0.3,7.231128692626953,-0.010528062365483492,19570,0.0024952055,9.892556607723236,0.0003,-0.8608665198087693
-427.9591836734694,1060,39,9,9984,200.0,0.179296875,0.0028232932090759277,0.3,2.628791570663452,-0.015622838668059557,19580,0.011201482,4.3227667033672335,0.0003,-0.9288381189107895
-426.8627450980392,1060,40,9,10240,200.0,0.01015625,0.07666295766830444,0.3,2.87890887260437,0.0016932711005210876,19590,0.003523643,4.2274329483509065,0.0003,-1.0053858786821366
-400.0,1450,1,0,256,200.0,0.133984375,0.09394478797912598,0.3,3.4532968997955322,-0.009432619600556792,19600,0.056409225,7.681464385986328,0.0003,-1.0097733080387115
-400.0,1258,2,0,512,200.0,0.0,0.07400655746459961,0.3,2.2806236743927,0.0016013611573725938,19610,0.0032577487,4.066190934181213,0.0003,-1.4400932788848877
-400.0,1178,3,0,768,200.0,0.072265625,0.13534927368164062,0.3,2.57977032661438,-0.012975253164768219,19620,0.0269542,3.816150015592575,0.0003,-1.415686696767807
-400.0,1156,4,0,1024,200.0,0.000390625,0.17763686180114746,0.3,0.6420929431915283,-0.004433906404301524,19630,0.006409849,3.7565388679504395,0.0003,-1.3958828449249268
-398.3333333333333,1119,5,1,1280,200.0,0.0046875,0.12278807163238525,0.3,4.005789279937744,-0.013144085509702563,19640,0.013089374,7.78193051815033,0.0003,-1.4305077850818635
-398.57142857142856,1119,6,1,1536,200.0,0.167578125,0.08858907222747803,0.3,2.0255725383758545,-0.02531704045832157,19650,0.046651725,5.046877670288086,0.0003,-1.4579205095767975
-398.75,1114,7,1,1792,200.0,0.0,0.022803068161010742,0.3,2.221034526824951,-0.0015365295577794314,19660,0.003938089,4.535857081413269,0.0003,-1.4106871366500855
-399.0,1121,8,1,2048,200.0,0.0,0.042772531509399414,0.3,2.092719793319702,-0.0031098566250875592,19670,0.004480501,4.210456430912018,0.0003,-1.4145580768585204
-399.09090909090907,1102,9,2,2304,200.0,0.10703125,0.07180917263031006,0.3,2.759284734725952,-0.00974145601503551,19680,0.036464248,7.656581473350525,0.0003,-1.4299359679222108
-399.1666666666667,1101,10,2,2560,200.0,0.028515625,0.007056713104248047,0.3,0.4450823962688446,-0.007678882475011051,19690,0.014755487,4.403125339746476,0.0003,-1.4465049803256989
-399.2857142857143,1100,11,2,2816,200.0,0.015625,0.12181538343429565,0.3,1.024201512336731,-0.0078680912964046,19700,0.00861804,3.8789286077022553,0.0003,-1.383925974369049
-399.3333333333333,1100,12,2,3072,200.0,0.0,0.183282732963562,0.3,3.491306781768799,-0.0017837703693658114,19710,0.0012432234,7.118361377716065,0.0003,-1.36300128698349
-398.75,1096,13,3,3328,200.0,0.0,0.09506243467330933,0.3,2.0878303050994873,0.0003913825494237244,19720,0.00035244133,3.626861634850502,0.0003,-1.3507968604564666
-398.8235294117647,1094,14,3,3584,200.0,0.01640625,0.12492728233337402,0.3,1.8168796300888062,-0.008564018085598946,19730,0.015117258,4.921083664894104,0.0003,-1.3695647478103639
-398.94736842105266,1094,15,3,3840,200.0,0.0,-0.02312147617340088,0.3,4.104794979095459,-0.0020930464845150707,19740,0.0034602766,4.380409102141857,0.0003,-1.3392611980438232
-399.0,1089,16,3,4096,200.0,0.0,0.2518320679664612,0.3,2.045123338699341,-0.0009733611252158881,19750,0.003660294,6.376654648780823,0.0003,-1.3366503059864043
-401.42857142857144,1089,17,3,4352,200.0,0.001953125,0.20811450481414795,0.3,2.665464162826538,-0.003354032710194588,19760,0.005211513,3.682750380039215,0.0003,-1.2777857184410095
-400.8695652173913,1088,18,4,4608,200.0,0.004296875,0.012993395328521729,0.3,12.16650104522705,-0.005351566127501428,19770,0.005602429,41.25090608596802,0.0003,-1.2970617473125459
-400.8333333333333,1088,19,4,4864,200.0,0.0,0.13020765781402588,0.3,5.670857906341553,-0.0054529538378119465,19780,0.0028969035,8.630965971946717,0.0003,-1.3047891557216644
-400.8,1083,20,4,5120,200.0,0.0,0.0003241896629333496,0.3,3.8219566345214844,-0.0009476946201175451,19790,0.0018566779,4.547298812866211,0.0003,-1.316318577528
-400.7692307692308,1080,21,4,5376,200.0,0.016015625,0.08689594268798828,0.3,2.4641284942626953,-0.006377616710960865,19800,0.018075664,4.341936701536179,0.0003,-1.3236188530921935
-400.7142857142857,1079,22,5,5632,200.0,0.008203125,0.2142365574836731,0.3,3.1334967613220215,-0.005745306750759483,19810,0.010075208,3.623861941695213,0.0003,-1.2712523758411407
-400.6896551724138,1079,23,5,5888,200.0,0.0015625,0.07291585206985474,0.3,3.9651176929473877,-0.0016691878903657199,19820,0.002772569,8.03123618364334,0.0003,-1.1659068763256073
-400.6666666666667,1082,24,5,6144,200.0,0.001171875,0.2867952585220337,0.3,2.0608530044555664,-0.0011668245773762465,19830,0.004821934,3.2774093568325045,0.0003,-1.1985570430755614
-400.625,1082,25,5,6400,200.0,0.012109375,0.07068794965744019,0.3,2.2863199710845947,-0.007256548292934895,19840,0.007454945,4.1204057216644285,0.0003,-1.1934712409973145
-400.6060606060606,1080,26,6,6656,200.0,0.001171875,0.1643562912940979,0.3,3.622288227081299,-0.0015956314746290445,19850,0.0041861758,6.863201999664307,0.0003,-1.2947461605072021
-400.5882352941176,1077,27,6,6912,200.0,0.0046875,0.13936442136764526,0.3,2.536214828491211,-0.0013892115792259574,19860,0.003383317,3.8005529761314394,0.0003,-1.23099085688591
-400.57142857142856,1076,28,6,7168,200.0,0.001171875,0.2177397608757019,0.3,1.262624740600586,-0.0069649781100451945,19870,0.013215967,3.567354905605316,0.0003,-1.2243106007575988
-400.5405405405405,1079,29,6,7424,200.0,0.005078125,0.1595768928527832,0.3,1.3873183727264404,-0.006302084331400693,19880,0.009762179,3.782820999622345,0.0003,-1.0654733598232269
-400.5263157894737,1078,30,7,7680,200.0,0.016015625,0.05938529968261719,0.3,2.8242592811584473,-0.006242615217342973,19890,0.011559156,8.047472882270814,0.0003,-1.03915077149868
-400.5128205128205,1079,31,7,7936,200.0,0.084375,-5.53131103515625e-05,0.3,2.9626519680023193,-0.012626828998327256,19900,0.0420672,4.431038546562195,0.0003,-0.9133265912532806
-400.25,1080,32,7,8192,200.0,0.0,-0.1540621519088745,0.3,2.3629095554351807,-0.0009248117217794061,19910,0.0025053218,5.875579857826233,0.0003,-0.7333481669425964
-400.23809523809524,1080,33,7,8448,200.0,0.0,0.03761434555053711,0.3,0.9377912282943726,-0.0017673841211944818,19920,0.00077557075,4.097068345546722,0.0003,-0.7223800271749496
-400.2325581395349,1078,34,8,8704,200.0,0.0,-0.0009005069732666016,0.3,5.00044059753418,-0.002722035604529083,19930,0.0027578736,8.137513422966004,0.0003,-0.7236338913440704
-400.22727272727275,1078,35,8,8960,200.0,0.003515625,0.006529510021209717,0.3,1.2015663385391235,-0.0021227692952379583,19940,0.0020739161,4.28770882487297,0.0003,-0.6692676573991776
-400.2173913043478,1076,36,8,9216,200.0,0.033984375,-0.021816611289978027,0.3,2.9930365085601807,-0.0018353046150878071,19950,0.011220992,4.38023344874382,0.0003,-0.8058360040187835
-400.21276595744683,1076,37,8,9472,200.0,0.019140625,0.0009509921073913574,0.3,2.797546625137329,-0.0021203039214015007,19960,0.005781916,8.408287000656127,0.0003,-0.917310705780983
-400.0,1076,38,9,9728,200.0,0.020703125,0.019386351108551025,0.3,2.068333387374878,-0.006293774535879493,19970,0.00780192,5.467411351203919,0.0003,-0.9577082842588425
-400.0,1076,39,9,9984,200.0,0.0,0.2273322343826294,0.3,1.7275832891464233,0.0009321868885308505,19980,0.00089614163,4.867729270458222,0.0003,-0.9165630221366883
-400.0,1078,40,9,10240,200.0,0.0,0.21894043684005737,0.3,0.8019453287124634,-0.00012055621482431889,19990,7.220125e-05,3.6212431252002717,0.0003,-0.9278425991535186
-400.0,1440,1,0,256,200.0,0.0,0.002738773822784424,0.3,3.5273308753967285,-0.0015805870294570922,20000,0.0008377379,8.66780345439911,0.0003,-0.914034965634346
-400.0,1259,2,0,512,200.0,0.104296875,0.0003108978271484375,0.3,2.4779579639434814,-0.025273200962692498,19610,0.04230591,4.76772620677948,0.0003,-1.2277957141399383
-413.3333333333333,1204,3,0,768,200.0,0.15078125,0.11355322599411011,0.3,1.7519850730895996,-0.009392386791296304,19620,0.042620715,3.8772590935230253,0.0003,-1.1133478939533235
-426.0,1171,4,0,1024,200.0,0.005078125,0.007771492004394531,0.3,70.86409759521484,-0.0008344559231773019,19630,0.0042102737,119.85809650421143,0.0003,-1.0723922610282899
-421.6666666666667,1156,5,1,1280,200.0,0.0,0.24286407232284546,0.3,2.7042860984802246,-0.002572515979409218,19640,0.00078043714,6.947945189476013,0.0003,-0.9639602601528168
-435.7142857142857,1145,6,1,1536,200.0,0.001953125,0.08754634857177734,0.3,49.459632873535156,-0.01072540448512882,19650,0.0013992907,93.95426044464111,0.0003,-1.026581358909607
-431.25,1134,7,1,1792,200.0,0.0453125,0.07116252183914185,0.3,2.077725648880005,-0.008440253930166364,19660,0.0107738655,4.28155609369278,0.0003,-0.9511537551879883
-448.0,1111,8,1,2048,200.0,0.009375,0.014581441879272461,0.3,133.89266967773438,-0.004199767229147255,19670,0.0057320287,273.93665237426757,0.0003,-0.9232726365327835
-443.6363636363636,1107,9,2,2304,200.0,0.001171875,0.005946338176727295,0.3,2.576416254043579,-0.004372153885196894,19680,0.0023507252,6.700960659980774,0.0003,-0.858989030122757
-459.1666666666667,1108,10,2,2560,200.0,0.0,0.022208333015441895,0.3,155.4705047607422,-0.0019230676349252462,19690,0.00052986527,358.01798858642576,0.0003,-1.1502584993839264
-467.14285714285717,1102,11,2,2816,200.0,0.0,0.2702708840370178,0.3,130.22125244140625,-0.0025509312283247708,19700,0.00014690915,291.1753776550293,0.0003,-0.5336868792772294
-462.6666666666667,1084,12,2,3072,200.0,0.0,0.3145822286605835,0.3,2.186469316482544,-0.0028241976629942655,19710,0.00045128376,7.186618089675903,0.0003,-1.039068454504013
-458.75,1077,13,3,3328,200.0,0.036328125,0.2669993042945862,0.3,2.739041566848755,-0.005619630264118314,19720,0.009309105,3.7045145332813263,0.0003,-1.0054523646831512
-457.6470588235294,1078,14,3,3584,200.0,0.003125,0.05040675401687622,0.3,12.985676765441895,-0.009119681501761078,19730,0.0025662938,21.123799085617065,0.0003,-1.2455974519252777
-452.63157894736844,1079,15,3,3840,200.0,0.001171875,-0.39883148670196533,0.3,2.46345853805542,-0.006027752603404224,19740,0.008060138,5.433762174844742,0.0003,-0.8404676347970963
-450.0,1065,16,3,4096,200.0,0.00234375,0.07970613241195679,0.3,7.308590888977051,-0.006427014828659594,19750,0.004552886,13.389919567108155,0.0003,-0.7759539306163787
-447.6190476190476,1063,17,4,4352,200.0,0.0,0.14494794607162476,0.3,1.656792402267456,-0.001624659262597561,19760,0.0077045634,3.723832243680954,0.0003,-0.8383627504110336
-445.2173913043478,1065,18,4,4608,200.0,0.02734375,0.0038416385650634766,0.3,0.9452139735221863,-0.0067374045494943855,19770,0.008821173,4.398892836272717,0.0003,-1.322453635931015
-443.3333333333333,1067,19,4,4864,200.0,0.112890625,0.003171086311340332,0.3,11.669533729553223,-0.02175233783200383,19780,0.045206707,22.440618324279786,0.0003,-1.2375783383846284
-441.6,1068,20,4,5120,200.0,0.090625,0.007869601249694824,0.3,1.431884527206421,-0.012602454330772162,19790,0.011379382,4.436837732791901,0.0003,-1.342823851108551
-440.0,1069,21,5,5376,200.0,0.066796875,0.02866417169570923,0.3,0.6464621424674988,-0.007242969470098615,19800,0.01880126,4.281884109973907,0.0003,-1.2236255049705504
-437.14285714285717,1070,22,5,5632,200.0,0.026953125,0.01309436559677124,0.3,1.0179020166397095,-0.002112067793495953,19810,0.012378978,4.222737091779709,0.0003,-1.0700458973646163
-437.58620689655174,1071,23,5,5888,200.0,0.0,0.031197309494018555,0.3,3.020982265472412,-0.005741143599152565,19820,0.012134437,8.651848816871643,0.0003,-1.5640705585479737
-436.3333333333333,1070,24,5,6144,200.0,0.011328125,-0.07826495170593262,0.3,42.483219146728516,-0.004852729954291135,19830,0.0032389178,77.88721656799316,0.0003,-1.227811336517334
-434.0625,1072,25,5,6400,200.0,0.40546875,0.0191652774810791,0.3,2.161630392074585,-0.01883649327792227,19840,0.057926625,4.300390517711639,0.0003,-1.5172896921634673
-433.030303030303,1073,26,6,6656,200.0,0.025390625,0.08841162919998169,0.3,2.6458325386047363,-0.01606411733664572,19850,0.013805359,7.9877259016036986,0.0003,-1.5490576207637787
-432.05882352941177,1074,27,6,6912,200.0,0.136328125,0.026980578899383545,0.3,1.8508073091506958,-0.016647548554465173,19860,0.052152686,4.236541378498077,0.0003,-1.5025956451892852
-432.2857142857143,1075,28,6,7168,200.0,0.001171875,0.12667888402938843,0.3,6.694417476654053,-0.004431171156466007,19870,0.009273891,20.61292486190796,0.0003,-0.7417948037385941
-430.5405405405405,1076,29,6,7424,200.0,0.0,0.003326892852783203,0.3,3.536052703857422,-0.0011125307995826007,19880,0.00053067156,4.650037562847137,0.0003,-1.2731224834918975
-429.7368421052632,1076,30,7,7680,200.0,0.02265625,0.08329790830612183,0.3,5.109418869018555,-0.00893625277094543,19890,0.008277607,8.027732729911804,0.0003,-1.3464457988739014
-428.97435897435895,1075,31,7,7936,200.0,0.13828125,0.01290750503540039,0.3,2.834857225418091,-0.028871577000245452,19900,0.054063454,4.2847712397575375,0.0003,-1.4201018035411834
-428.25,1076,32,7,8192,200.0,0.324609375,-0.0006093978881835938,0.3,2.4457359313964844,-0.015470407204702497,19910,0.06494041,4.3288735270500185,0.0003,-1.3394612312316894
-429.04761904761904,1075,33,7,8448,200.0,0.0015625,0.04003560543060303,0.3,37.62069320678711,-0.007392239547334612,19920,0.006310021,108.72115001678466,0.0003,-1.03008214533329
-428.3720930232558,1076,34,8,8704,200.0,0.0,0.13294130563735962,0.3,3.802561044692993,-0.00456696255132556,19930,0.0034685147,8.426899909973145,0.0003,-1.3119502723217011
-427.72727272727275,1077,35,8,8960,200.0,0.008203125,0.016162574291229248,0.3,0.8096129298210144,-0.004056601505726576,19940,0.012392192,4.312582388520241,0.0003,-1.3400466382503509
-430.0,1077,36,8,9216,200.0,0.00546875,0.11750733852386475,0.3,87.458740234375,-0.005535816517658531,19950,0.007457941,105.21650896072387,0.0003,-1.2050544977188111
-429.36170212765956,1078,37,8,9472,200.0,0.002734375,0.028378307819366455,0.3,12.35556411743164,-0.005891597410663962,19960,0.0024231095,27.095468378067018,0.0003,-1.1996041297912599
-428.75,1078,38,9,9728,200.0,0.06015625,0.18379753828048706,0.3,0.8306511640548706,-0.010139564238488673,19970,0.012176195,4.207709687948227,0.0003,-1.2200028955936433
-428.9795918367347,1078,39,9,9984,200.0,0.01953125,0.04198122024536133,0.3,15.83855152130127,-0.008731159707531333,19980,0.0072462503,21.38985905647278,0.0003,-1.2090099036693573
-429.2156862745098,1079,40,9,10240,200.0,0.003125,0.3202645182609558,0.3,1.5054302215576172,-0.004522388929035515,19990,0.0019388986,3.164202633500099,0.0003,-1.303717464208603
