time/time_elapsed,time/fps,rollout/ep_len_mean,time/iterations,rollout/ep_rew_mean,time/total_timesteps,train/explained_variance,train/value_loss,train/loss,train/policy_gradient_loss,train/clip_range,train/learning_rate,train/approx_kl,train/n_updates,train/entropy_loss,train/clip_fraction
0,967,200.0,1,651.0,256,,,,,,,,,,
0,969,200.0,2,411.0,512,-5.221366882324219e-05,35465.69970703125,21169.5859375,-0.004607225628569722,0.3,0.0003,0.0005345219,10,-2.564777636528015,0.0
0,960,200.0,3,91.0,768,0.0005592107772827148,1593.737841796875,720.9081420898438,-0.003307104599662125,0.3,0.0003,0.00046595093,20,-2.56387974023819,0.0
1,953,200.0,4,131.6,1024,0.00047153234481811523,19702.0234375,7673.298828125,-0.00443451963365078,0.3,0.0003,0.00079505704,30,-2.5627603411674498,0.0
1,949,200.0,5,250.66666666666666,1280,0.001554250717163086,18881.93974609375,7219.072265625,-0.0022021660581231116,0.3,0.0003,0.00036745542,40,-2.561791443824768,0.0
1,938,200.0,6,229.14285714285714,1536,0.007189273834228516,44109.2640625,22443.77734375,-0.0025180013850331306,0.3,0.0003,0.00027885963,50,-2.559509074687958,0.0
1,936,200.0,7,207.5,1792,0.0055016279220581055,19906.70234375,9733.4482421875,-0.003784150118008256,0.3,0.0003,0.0003730033,60,-2.5589698553085327,0.0
2,929,200.0,8,188.6,2048,0.01328134536743164,20021.69208984375,7895.783203125,-0.0019373186631128192,0.3,0.0003,0.00037615397,70,-2.5567420363426208,0.0
2,930,200.0,9,206.27272727272728,2304,0.00301969051361084,37360.08984375,15781.41796875,-0.0009886009618639946,0.3,0.0003,0.0001809746,80,-2.5540973424911497,0.0
2,931,200.0,10,235.66666666666666,2560,0.0008917450904846191,18502.38662109375,7309.0322265625,-0.002844859752804041,0.3,0.0003,0.00031654816,90,-2.551435577869415,0.0
3,932,200.0,11,242.07142857142858,2816,0.003362119197845459,18363.71286621094,9613.611328125,-0.0016724477638490498,0.3,0.0003,0.0001732076,100,-2.5544124364852907,0.0
3,934,200.0,12,236.73333333333332,3072,0.007717490196228027,12385.960205078125,6587.8837890625,-0.001466742716729641,0.3,0.0003,0.0001678979,110,-2.5523170471191405,0.0
3,933,200.0,13,239.875,3328,0.011970818042755127,29850.447119140626,12424.822265625,-0.0016949440585449338,0.3,0.0003,0.00018545706,120,-2.5487189412117006,0.0
3,935,200.0,14,236.58823529411765,3584,0.010400474071502686,19120.890478515626,9209.150390625,-0.0028210724936798214,0.3,0.0003,0.0006341641,130,-2.5455999970436096,0.0
4,937,200.0,15,315.2105263157895,3840,0.009837746620178223,17520.588232421876,9078.935546875,-0.004250168171711266,0.3,0.0003,0.0007296379,140,-2.5444171905517576,0.0
4,939,200.0,16,309.35,4096,0.0019069314002990723,34508.17890625,14642.3955078125,-0.0012187478598207236,0.3,0.0003,0.000296972,150,-2.5456545114517213,0.0
4,939,200.0,17,317.57142857142856,4352,0.037433922290802,19341.99794921875,11280.4599609375,-0.00037483635824173687,0.3,0.0003,3.0835625e-05,160,-2.544123876094818,0.0
4,941,200.0,18,305.5652173913044,4608,0.009925782680511475,19787.834814453126,14219.4990234375,-0.003513650712557137,0.3,0.0003,0.0011034904,170,-2.5444170236587524,0.0
5,942,200.0,19,322.75,4864,0.03878140449523926,16061.751782226562,10009.841796875,-0.002807495975866914,0.3,0.0003,0.00078172935,180,-2.531460630893707,0.0
5,943,200.0,20,322.2,5120,0.023302853107452393,41970.0369140625,22773.99609375,-0.0010508895153179764,0.3,0.0003,0.00017605326,190,-2.5268187880516053,0.0
5,944,200.0,21,313.65384615384613,5376,0.026224732398986816,13334.72046508789,8301.08984375,-0.0016345659270882607,0.3,0.0003,0.000266267,200,-2.5225113153457643,0.0
5,944,200.0,22,309.7857142857143,5632,0.035692811012268066,18783.179638671874,11185.4873046875,-0.0018467758083716035,0.3,0.0003,0.00020974176,210,-2.5206672668457033,0.0
6,944,200.0,23,301.82758620689657,5888,0.008023679256439209,26881.134228515624,12382.5498046875,-0.0004202391253784299,0.3,0.0003,0.00010484294,220,-2.51679003238678,0.0
6,943,200.0,24,302.4,6144,0.02777564525604248,16758.78251953125,5626.9326171875,-0.0015604644315317274,0.3,0.0003,0.00021902681,230,-2.511168909072876,0.0
6,944,200.0,25,292.96875,6400,0.048104286193847656,19467.231103515624,9118.5224609375,7.92481005191803e-06,0.3,0.0003,7.1130926e-05,240,-2.5055102705955505,0.0
7,945,200.0,26,293.1515151515151,6656,0.02783578634262085,14606.84208984375,3341.67822265625,-0.0009480989538133144,0.3,0.0003,8.9494046e-05,250,-2.5085510849952697,0.0
7,946,200.0,27,294.97058823529414,6912,-0.017162322998046875,37898.282421875,21060.28125,-0.0015997766749933362,0.3,0.0003,0.00014867494,260,-2.5182620882987976,0.0
7,946,200.0,28,292.54285714285714,7168,0.021286487579345703,10218.208013916015,7127.76171875,-0.0009139153291471303,0.3,0.0003,0.00012569875,270,-2.5153929591178894,0.0
7,946,200.0,29,290.0,7424,0.012767493724822998,10263.46492919922,5824.80615234375,-0.0017903740052133798,0.3,0.0003,0.0007121146,280,-2.502969491481781,0.0
8,946,200.0,30,310.7894736842105,7680,0.022887706756591797,27674.717919921874,5795.7841796875,-0.0010398346465080976,0.3,0.0003,0.00022304524,290,-2.495872235298157,0.0
8,946,200.0,31,328.61538461538464,7936,0.02096003293991089,27690.00244140625,16029.3984375,-0.00028206175193190575,0.3,0.0003,6.398349e-05,300,-2.490201163291931,0.0
8,946,200.0,32,326.875,8192,0.0212823748588562,10238.164855957031,4323.17041015625,-0.0016516374656930567,0.3,0.0003,0.00027479464,310,-2.4893088698387147,0.0
8,947,200.0,33,351.0,8448,0.049649834632873535,13476.918505859376,3049.44580078125,-0.003897600248456001,0.3,0.0003,0.0005976339,320,-2.4946570873260496,0.0
9,947,200.0,34,348.04651162790697,8704,0.02989894151687622,39407.7392578125,16360.2939453125,-0.0005504801403731108,0.3,0.0003,0.00037865783,330,-2.500391888618469,0.0
9,948,200.0,35,350.8181818181818,8960,0.04213368892669678,13787.746166992187,6587.119140625,-0.004573674546554685,0.3,0.0003,0.0010173034,340,-2.501401972770691,0.0
9,948,200.0,36,351.7826086956522,9216,0.07123422622680664,18133.579516601563,4748.55615234375,-0.002395275258459151,0.3,0.0003,0.00085916603,350,-2.493328642845154,0.0
9,948,200.0,37,377.21276595744683,9472,0.007700920104980469,10977.591845703126,1134.3309326171875,-0.000926028995309025,0.3,0.0003,0.00022616447,360,-2.4989386677742003,0.0
10,948,200.0,38,372.25,9728,0.011583268642425537,35820.13486328125,14745.9560546875,-0.0013338363962247968,0.3,0.0003,0.00012062257,370,-2.495762884616852,0.0
10,948,200.0,39,378.0612244897959,9984,0.0509798526763916,14370.96630859375,5492.19970703125,-0.0021695611998438836,0.3,0.0003,0.00034739892,380,-2.4916598558425904,0.0
10,949,200.0,40,370.11764705882354,10240,0.04920750856399536,10952.087622070312,4745.197265625,-0.0021532843820750713,0.3,0.0003,0.00048733084,390,-2.482432186603546,0.0
11,949,200.0,41,365.0769230769231,10496,0.028431475162506104,31347.48056640625,15444.4072265625,-0.007589791202917695,0.3,0.0003,0.0032824462,400,-2.470913326740265,0.0
11,949,200.0,42,364.4339622641509,10752,0.04536563158035278,18131.295458984376,5582.349609375,-0.0012478735763579607,0.3,0.0003,0.0011251012,410,-2.454741871356964,0.0
11,949,200.0,43,360.5090909090909,11008,0.0607185959815979,11364.72117919922,5086.65380859375,-0.0015591589501127601,0.3,0.0003,0.00023389864,420,-2.458409070968628,0.0
11,949,200.0,44,357.48214285714283,11264,0.045541584491729736,32769.23032226563,9607.890625,-0.00039312541484832765,0.3,0.0003,0.00023986236,430,-2.442772018909454,0.0
12,949,200.0,45,363.89473684210526,11520,0.056320011615753174,14118.203735351562,9448.888671875,-0.0011871784459799527,0.3,0.0003,0.00023292168,440,-2.4282016277313234,0.0
12,950,200.0,46,360.0,11776,0.05557817220687866,19037.13818359375,4485.92138671875,-0.0019746553152799606,0.3,0.0003,0.00020450004,450,-2.4333181858062742,0.0
12,950,200.0,47,363.1333333333333,12032,0.007393300533294678,27268.35625,15625.5009765625,-0.0011160136200487614,0.3,0.0003,0.00018430944,460,-2.4393442034721375,0.0
12,951,200.0,48,356.3606557377049,12288,0.05102604627609253,23807.17822265625,11579.0615234375,-0.001528345700353384,0.3,0.0003,0.00023396732,470,-2.4257035851478577,0.0
13,950,200.0,49,358.01612903225805,12544,0.0753018856048584,15599.170593261719,6622.0048828125,-0.0008925659349188209,0.3,0.0003,0.00017514662,480,-2.4255847215652464,0.0
13,951,200.0,50,353.90625,12800,0.05174374580383301,15391.367944335938,11456.3154296875,-0.0005184007808566093,0.3,0.0003,8.107512e-05,490,-2.4217916131019592,0.0
13,951,200.0,51,354.03076923076924,13056,0.06963187456130981,14585.988488769532,13084.970703125,-0.0009088595863431693,0.3,0.0003,0.00010295585,500,-2.4233888030052184,0.0
13,952,200.0,52,354.56060606060606,13312,0.08663678169250488,31119.758984375,15939.0009765625,-0.002272999822162092,0.3,0.0003,0.0005988104,510,-2.4197132706642153,0.0
14,952,200.0,53,353.64179104477614,13568,0.0447118878364563,9623.183587646485,465.63372802734375,-0.004037893080385402,0.3,0.0003,0.0023220386,520,-2.417927289009094,0.0
14,952,200.0,54,350.60869565217394,13824,0.05282115936279297,18223.061328125,11456.5126953125,-0.0023953601717948913,0.3,0.0003,0.0005881076,530,-2.4275741934776307,0.0
14,952,200.0,55,349.04285714285714,14080,0.07050800323486328,22301.8798828125,14286.458984375,-0.0037933607352897527,0.3,0.0003,0.0009265598,540,-2.424355614185333,0.0
15,952,200.0,56,348.3098591549296,14336,0.04723113775253296,16394.09267578125,7473.529296875,-0.0008449189132079482,0.3,0.0003,0.0002163446,550,-2.4072192907333374,0.0
15,952,200.0,57,362.125,14592,0.03671938180923462,26469.594287109376,10709.255859375,-0.0016563514713197947,0.3,0.0003,0.00015654415,560,-2.4080047726631166,0.0
15,952,200.0,58,369.7162162162162,14848,0.036808013916015625,19909.04267578125,5309.7578125,-0.018080199230462314,0.3,0.0003,0.009924397,570,-2.3918270230293275,0.000390625
15,952,200.0,59,373.53333333333336,15104,0.032751381397247314,26595.32392578125,8538.171875,0.0016087908763438464,0.3,0.0003,0.005620488,580,-2.321434199810028,0.0
16,952,200.0,60,379.0394736842105,15360,0.07987946271896362,41592.9119140625,20871.181640625,-0.0017939603421837091,0.3,0.0003,0.00045414479,590,-2.2716313362121583,0.0
16,953,200.0,61,388.14102564102564,15616,0.05778920650482178,15966.690307617188,8236.580078125,-0.006902344501577317,0.3,0.0003,0.00440347,600,-2.286572253704071,0.00546875
16,953,200.0,62,386.63291139240505,15872,0.05700784921646118,28971.377783203126,17795.98046875,-0.0033313099294900892,0.3,0.0003,0.0019019234,610,-2.2962011456489564,0.0
16,953,200.0,63,386.3125,16128,0.07831805944442749,17401.228173828124,9703.5634765625,-0.0008654534118250013,0.3,0.0003,0.0002232606,620,-2.3276735663414003,0.0
17,953,200.0,64,385.18518518518516,16384,0.07787114381790161,9253.98031616211,5903.48583984375,-0.0009005808678921312,0.3,0.0003,0.00016406598,630,-2.3216620564460753,0.0
17,953,200.0,65,395.9277108433735,16640,0.05914759635925293,14963.4802734375,3320.385498046875,-0.0033596685621887445,0.3,0.0003,0.0012278075,640,-2.3031646609306335,0.0
17,953,200.0,66,392.48809523809524,16896,0.07555127143859863,35007.66865234375,15187.0849609375,-0.0018470510724000633,0.3,0.0003,0.000615821,650,-2.2432503700256348,0.0
17,953,200.0,67,391.4823529411765,17152,0.02819877862930298,18646.84931640625,4216.64892578125,-0.002724057249724865,0.3,0.0003,0.0003551927,660,-2.2299808502197265,0.0
18,953,200.0,68,386.3333333333333,17408,0.0887521505355835,12514.132165527344,7922.78466796875,-0.0017239100765436889,0.3,0.0003,0.00032601203,670,-2.1912870526313784,0.0
18,954,200.0,69,387.20454545454544,17664,0.0842517614364624,28116.014892578125,18317.087890625,-0.0007034989888779819,0.3,0.0003,0.00024678838,680,-2.199348258972168,0.0
18,954,200.0,70,386.8876404494382,17920,0.11085128784179688,13713.0201171875,11457.3642578125,-0.0007952859858050942,0.3,0.0003,0.00014400063,690,-2.1805550336837767,0.0
19,954,200.0,71,398.4,18176,0.11933064460754395,14318.595947265625,3772.584716796875,-0.00045016384683549404,0.3,0.0003,6.4487336e-05,700,-2.2220105290412904,0.0
19,954,200.0,72,397.8369565217391,18432,0.11219829320907593,14609.065356445313,8621.2314453125,-0.0013800285989418626,0.3,0.0003,0.000117445365,710,-2.1810028195381164,0.0
19,954,200.0,73,394.31182795698925,18688,0.03660160303115845,32080.692724609376,10752.0419921875,-0.002177603403106332,0.3,0.0003,0.00023596175,720,-2.228824770450592,0.0
19,954,200.0,74,392.8191489361702,18944,0.10875445604324341,18055.33505859375,10966.8740234375,-0.0005547478678636253,0.3,0.0003,7.1844785e-05,730,-2.2074302792549134,0.0
20,953,200.0,75,399.46875,19200,0.03837054967880249,19691.167846679688,9042.7578125,-0.0002327572787180543,0.3,0.0003,3.2947864e-05,740,-2.278192949295044,0.0
20,953,200.0,76,399.3917525773196,19456,0.09816056489944458,26589.173974609374,15853.560546875,-0.0010598900960758328,0.3,0.0003,0.00011493964,750,-2.2810137391090395,0.0
20,953,200.0,77,408.57142857142856,19712,0.1001787781715393,34462.4474609375,17906.693359375,-0.0008815216482616961,0.3,0.0003,0.00019730884,760,-2.2581639289855957,0.0
20,953,200.0,78,406.47474747474746,19968,0.1185692548751831,15604.373742675782,11127.3837890625,-0.001073780283331871,0.3,0.0003,0.0001406204,770,-2.2582633018493654,0.0
21,953,200.0,79,398.79,20224,0.10035336017608643,16812.89715576172,8815.587890625,-0.0018158025573939084,0.3,0.0003,0.00038973102,780,-2.2099424481391905,0.0
21,953,200.0,80,405.46,20480,0.019347727298736572,30056.8771484375,12218.017578125,-0.0027503209188580514,0.3,0.0003,0.0012224978,790,-2.1921366095542907,0.0
21,953,200.0,81,414.13,20736,0.06772744655609131,10556.2109375,7043.83056640625,-0.0006188340135850013,0.3,0.0003,0.00028857845,800,-2.185065817832947,0.0
22,953,200.0,82,421.77,20992,0.09501820802688599,9386.084716796875,6167.0888671875,-0.005531127081485465,0.3,0.0003,0.0021247747,810,-2.188847601413727,0.0
22,953,200.0,83,425.81,21248,0.1275852918624878,9957.330877685547,6374.38671875,0.001373490644618869,0.3,0.0003,0.0008333074,820,-2.21827050447464,0.0
22,954,200.0,84,426.7,21504,0.020615458488464355,28846.28798828125,17054.990234375,-0.0010149650741368532,0.3,0.0003,0.0002264136,830,-2.1935778498649596,0.0
22,954,200.0,85,431.91,21760,0.010625898838043213,16313.055419921875,9057.9365234375,-0.00045461701229214667,0.3,0.0003,0.00045532407,840,-2.213947904109955,0.0
23,954,200.0,86,438.34,22016,0.1567366123199463,1462.386248779297,534.9046020507812,-0.011005539540201425,0.3,0.0003,0.007217473,850,-2.201472783088684,0.000390625
23,954,200.0,87,445.56,22272,-0.09589529037475586,27946.133447265624,15191.927734375,-0.00041000968776643275,0.3,0.0003,0.004255863,860,-2.1266847610473634,0.0
23,954,200.0,88,443.38,22528,0.06171059608459473,39476.50390625,17128.21484375,-0.002839020546525717,0.3,0.0003,0.00045937696,870,-2.175650346279144,0.0
23,955,200.0,89,442.05,22784,0.07477807998657227,9978.823028564453,5776.30517578125,-0.01569824484176934,0.3,0.0003,0.020094557,880,-2.0831329822540283,0.01015625
24,955,200.0,90,470.7,23040,0.07352310419082642,20627.707177734374,6662.556640625,0.0007891451939940452,0.3,0.0003,0.01167873,890,-1.8304082691669463,0.0
24,955,200.0,91,469.99,23296,0.01084667444229126,39938.415625,19923.130859375,-0.0011895332485437394,0.3,0.0003,0.00012544496,900,-1.7877244293689727,0.0
24,955,200.0,92,472.44,23552,0.012845277786254883,15409.89443359375,4877.80810546875,-0.0009134702035225928,0.3,0.0003,0.00029479968,910,-1.7276935577392578,0.0
24,955,200.0,93,460.4,23808,0.07477492094039917,13736.517346191406,10208.7900390625,-0.002025133743882179,0.3,0.0003,0.001172174,920,-1.836232876777649,0.0
25,955,200.0,94,465.53,24064,0.11743634939193726,8685.867362976074,5766.72021484375,-0.00013198941014707087,0.3,0.0003,0.0006332039,930,-1.9014711678028107,0.0
25,956,200.0,95,464.98,24320,0.0748370885848999,26540.892822265625,17305.287109375,-0.002589191612787545,0.3,0.0003,0.0020119958,940,-1.8162974953651427,0.0
25,956,200.0,96,467.12,24576,0.08909720182418823,15066.348022460938,5298.75830078125,-0.0015518578235059976,0.3,0.0003,0.00027803984,950,-1.688832950592041,0.0
25,956,200.0,97,465.9,24832,0.11043167114257812,12957.41728515625,6843.67431640625,-0.0019250651355832815,0.3,0.0003,0.00078021106,960,-1.7753763675689698,0.0
26,956,200.0,98,467.9,25088,0.10137712955474854,17167.61669921875,11275.546875,-0.0012594466097652912,0.3,0.0003,0.0010566767,970,-1.74396510720253,0.0
26,956,200.0,99,472.59,25344,0.16772371530532837,18584.01740722656,5968.4013671875,-0.0002896851859986782,0.3,0.0003,0.0003117337,980,-1.7213825643062592,0.0
26,956,200.0,100,477.84,25600,0.023413121700286865,16999.631884765626,9732.94140625,-0.006688359775580466,0.3,0.0003,0.0041819504,990,-1.857156717777252,0.0
27,956,200.0,101,479.86,25856,0.11701035499572754,8527.298168945312,8338.2275390625,0.0014353747945278883,0.3,0.0003,0.00095087616,1000,-1.891705721616745,0.0
27,956,200.0,102,480.1,26112,0.059754908084869385,33228.5330078125,17767.033203125,-0.0010074401972815395,0.3,0.0003,0.00041771377,1010,-1.8164781272411346,0.0
27,956,200.0,103,486.67,26368,0.1385294795036316,16929.33603515625,3316.338623046875,-0.0007932891370728612,0.3,0.0003,0.00015127799,1020,-1.7949231684207916,0.0
27,956,200.0,104,491.06,26624,0.1404566764831543,12957.79150390625,5787.99755859375,-0.003663300513289869,0.3,0.0003,0.002444707,1030,-1.8602460622787476,0.0
28,956,200.0,105,491.25,26880,0.14479446411132812,27468.79892578125,13789.0595703125,-0.00836023292504251,0.3,0.0003,0.00862346,1040,-1.943830269575119,0.0
28,956,200.0,106,492.05,27136,0.04573410749435425,18818.19541015625,6107.83544921875,-0.0037044678349047898,0.3,0.0003,0.0015518265,1050,-1.9717458546161652,0.0
28,956,200.0,107,491.76,27392,0.11538028717041016,14636.00556640625,6934.33935546875,0.0005205691209994257,0.3,0.0003,6.760517e-05,1060,-2.0200905442237853,0.0
28,957,200.0,108,489.41,27648,0.1447376012802124,12679.63193359375,6570.51318359375,-0.004620187683030963,0.3,0.0003,0.003634547,1070,-2.0018018186092377,0.0
29,957,200.0,109,485.1,27904,0.09169584512710571,22008.9900390625,12432.8994140625,-0.0015504788490943611,0.3,0.0003,0.002817351,1080,-2.010326933860779,0.0
29,957,200.0,110,483.83,28160,0.03704500198364258,14013.997436523438,1745.564208984375,-0.0015957271680235863,0.3,0.0003,0.00046106847,1090,-2.0226168870925902,0.0
29,957,200.0,111,485.16,28416,0.16077160835266113,10191.808758544921,9362.9130859375,-0.0013790205353870987,0.3,0.0003,0.0002928418,1100,-2.017338144779205,0.0
29,957,200.0,112,486.35,28672,-0.05580902099609375,38145.833203125,11111.78125,4.8377783969044685e-05,0.3,0.0003,5.9963204e-05,1110,-2.0187195181846618,0.0
30,957,200.0,113,484.47,28928,0.06678235530853271,16321.340161132812,2779.07080078125,-0.00028668125160038473,0.3,0.0003,9.647338e-06,1120,-2.006232297420502,0.0
30,957,200.0,114,482.0,29184,0.15759658813476562,17262.420458984376,8123.46728515625,-0.005163451400585472,0.3,0.0003,0.0022096757,1130,-2.0327405095100404,0.0
30,957,200.0,115,474.26,29440,0.11058688163757324,14505.676245117187,5575.67578125,0.0005190514493733644,0.3,0.0003,0.0008918296,1140,-2.08364884853363,0.0
31,957,200.0,116,479.45,29696,0.13901692628860474,30945.410546875,15469.3037109375,-0.0009707605582661927,0.3,0.0003,0.00014770566,1150,-2.10223788022995,0.0
31,957,200.0,117,482.87,29952,0.11809247732162476,19560.559448242188,4211.09619140625,-0.0020417402498424052,0.3,0.0003,0.00059916126,1160,-2.1015302538871765,0.0
31,957,200.0,118,487.64,30208,0.033555805683135986,19587.941528320312,12637.4619140625,0.0017297152429819108,0.3,0.0003,0.00060883653,1170,-2.087179410457611,0.0
31,957,200.0,119,487.83,30464,-0.10685181617736816,22116.56884765625,6364.275390625,-0.0010920920642092824,0.3,0.0003,0.00012630457,1180,-2.095207941532135,0.0
32,957,200.0,120,491.1,30720,0.016608893871307373,20008.849951171876,13434.189453125,-0.006639216677285731,0.3,0.0003,0.0047617564,1190,-2.0468356013298035,0.0
32,957,200.0,121,494.55,30976,-0.0010260343551635742,36397.953515625,16664.01953125,-0.0033792793983593583,0.3,0.0003,0.0065318374,1200,-2.033090901374817,0.0
32,958,200.0,122,511.49,31232,0.08699649572372437,15805.077734375,3393.99755859375,6.596432067453861e-05,0.3,0.0003,9.76529e-05,1210,-2.0005150198936463,0.0
32,958,200.0,123,507.99,31488,-0.07148277759552002,45262.21376953125,21078.724609375,-0.0012613038532435894,0.3,0.0003,0.00021604146,1220,-2.025038814544678,0.0
33,958,200.0,124,509.26,31744,0.12696784734725952,13046.903552246094,7789.87890625,-0.0001822995487600565,0.3,0.0003,4.0834537e-05,1230,-2.0361877202987673,0.0
33,958,200.0,125,506.33,32000,0.12766242027282715,10335.712297058106,5227.55126953125,-0.0011286363820545374,0.3,0.0003,0.00032228138,1240,-2.0593444228172304,0.0
33,958,200.0,126,509.07,32256,0.101779043674469,13171.59627685547,8372.8193359375,-0.00291463213507086,0.3,0.0003,0.0012613691,1250,-1.9914981365203857,0.0
33,958,200.0,127,508.69,32512,0.07272034883499146,31732.2837890625,14190.55859375,-0.012881043832749128,0.3,0.0003,0.0087272115,1260,-1.9934249758720397,0.0
34,958,200.0,128,512.02,32768,0.07298463582992554,15543.126708984375,10072.9580078125,-0.0050894735846668485,0.3,0.0003,0.0055102063,1270,-1.892154598236084,0.0
34,958,200.0,129,516.03,33024,0.05651712417602539,11878.16513671875,5743.61376953125,-0.00036738504422828555,0.3,0.0003,0.0005194135,1280,-1.8636435210704803,0.0
34,958,200.0,130,515.1,33280,0.1358928084373474,17375.41456298828,5236.20458984375,-0.00023006205447018147,0.3,0.0003,0.0012874622,1290,-1.8893224120140075,0.0
35,958,200.0,131,515.32,33536,0.06421566009521484,16992.24149169922,7871.48681640625,-0.0010385708883404732,0.3,0.0003,0.00066811405,1300,-1.8908408045768739,0.0
35,957,200.0,132,516.46,33792,0.18847686052322388,16268.8240234375,9659.92578125,-0.002418456505984068,0.3,0.0003,0.0005925193,1310,-1.9225979447364807,0.0
35,957,200.0,133,517.14,34048,0.11499375104904175,16168.3083984375,6777.06982421875,-0.0019724491517990827,0.3,0.0003,0.00066344626,1320,-1.938363915681839,0.0
35,957,200.0,134,516.74,34304,0.06932395696640015,34294.4974609375,16352.4912109375,-0.0008441103156656027,0.3,0.0003,0.00014220015,1330,-1.95138458609581,0.0
36,957,200.0,135,507.98,34560,0.01617276668548584,19486.5587890625,7290.4951171875,-0.0016792950220406056,0.3,0.0003,0.00036997115,1340,-1.9650380969047547,0.0
36,957,200.0,136,500.64,34816,0.022957444190979004,10247.002642822266,5794.99560546875,-0.0033403532579541206,0.3,0.0003,0.001069244,1350,-1.9599812805652619,0.0
36,958,200.0,137,499.57,35072,0.14922761917114258,27592.2912109375,14564.173828125,-0.002896073739975691,0.3,0.0003,0.0013455758,1360,-1.942120337486267,0.0
36,958,200.0,138,497.01,35328,0.15124297142028809,13181.405810546876,6234.06396484375,-0.0013428953941911459,0.3,0.0003,0.00060629216,1370,-2.053480064868927,0.0
37,958,200.0,139,506.78,35584,0.08958250284194946,24399.495166015626,8482.2734375,-0.0008321055676788092,0.3,0.0003,0.00044323993,1380,-2.0240606665611267,0.0
37,958,200.0,140,492.73,35840,-0.4960364103317261,1913.3308532714843,914.6201782226562,-0.0010447656968608499,0.3,0.0003,0.00014085206,1390,-2.077786612510681,0.0
37,958,200.0,141,492.52,36096,-0.1118617057800293,31819.883203125,19767.1015625,-0.0006867364514619112,0.3,0.0003,0.0001224929,1400,-2.077282023429871,0.0
37,958,200.0,142,492.02,36352,0.08389925956726074,9345.901370239259,6665.52392578125,-0.001295842498075217,0.3,0.0003,0.00015282049,1410,-2.0431732654571535,0.0
38,958,200.0,143,492.31,36608,0.03450495004653931,15821.876708984375,5053.0693359375,-0.002291048876941204,0.3,0.0003,0.0005921968,1420,-1.9636724293231964,0.0
38,958,200.0,144,496.06,36864,0.06051415205001831,37120.79267578125,15426.8955078125,-0.0004582249326631427,0.3,0.0003,0.00010081963,1430,-2.0344212293624877,0.0
38,958,200.0,145,497.84,37120,0.05466306209564209,18230.858251953126,9857.12890625,6.70694513246417e-05,0.3,0.0003,3.217766e-05,1440,-1.974813747406006,0.0
38,958,200.0,146,499.28,37376,0.09734100103378296,12598.454479980468,5290.583984375,-0.004310010420158506,0.3,0.0003,0.0016766558,1450,-1.9693068146705628,0.0
39,958,200.0,147,507.76,37632,0.07535004615783691,27761.626220703125,19458.388671875,-0.0004655649419873953,0.3,0.0003,0.00023927703,1460,-2.0324384689331056,0.0
39,958,200.0,148,511.23,37888,0.15957581996917725,29925.09912109375,18971.427734375,-0.0013465730007737875,0.3,0.0003,0.00024548615,1470,-2.017159712314606,0.0
39,958,200.0,149,499.59,38144,0.049244582653045654,16935.303466796875,9759.0849609375,-0.0002636420540511608,0.3,0.0003,0.00013474654,1480,-2.0038643419742583,0.0
40,958,200.0,150,514.79,38400,0.06669282913208008,12656.798266601563,7247.48779296875,-0.0006985766580328345,0.3,0.0003,7.069716e-05,1490,-1.9485104441642762,0.0
40,958,200.0,151,517.1,38656,0.10206246376037598,19597.95998535156,12357.8994140625,-0.0019837508676573633,0.3,0.0003,0.0007419074,1500,-1.943807452917099,0.0
40,958,200.0,152,523.54,38912,0.0716012716293335,13898.321118164062,8014.294921875,-0.0003734759753569961,0.3,0.0003,0.00019535027,1510,-1.9109597265720368,0.0
40,958,200.0,153,524.68,39168,-0.03515744209289551,24994.734619140625,16109.3935546875,-0.0038553736405447124,0.3,0.0003,0.0024613717,1520,-2.008738821744919,0.0
41,958,200.0,154,519.11,39424,-0.007504940032958984,20467.84226074219,11269.69140625,-0.008136738161556422,0.3,0.0003,0.010050129,1530,-2.14352605342865,0.00390625
41,958,200.0,155,509.45,39680,0.11149358749389648,23924.19267578125,12718.771484375,0.0012497571995481848,0.3,0.0003,0.0011655905,1540,-2.135110652446747,0.0
41,958,200.0,156,515.19,39936,0.0954635739326477,23776.48037109375,12452.0009765625,0.00038848225958645346,0.3,0.0003,7.6551456e-05,1550,-2.1222826719284056,0.0
41,958,200.0,157,519.93,40192,0.15116256475448608,10208.75124053955,1820.5440673828125,-0.0057108416222035885,0.3,0.0003,0.0060868873,1560,-2.1632861614227297,0.00703125
42,958,200.0,158,520.7,40448,0.050612449645996094,12015.119494628907,4909.73876953125,0.0010829933977220207,0.3,0.0003,0.000937819,1570,-2.249630856513977,0.0
42,958,200.0,159,522.01,40704,0.14097797870635986,27701.085668945314,3399.1943359375,-0.0010274667060002685,0.3,0.0003,9.312527e-05,1580,-2.250269389152527,0.0
42,958,200.0,160,517.96,40960,0.09402251243591309,16400.065466308595,11338.9609375,-0.000935843214392662,0.3,0.0003,0.0005645694,1590,-2.2941529393196105,0.0
42,958,200.0,161,510.36,41216,0.13974571228027344,14506.057409667968,8079.6044921875,-0.004307880508713424,0.3,0.0003,0.002681793,1600,-2.2874257564544678,0.0
43,958,200.0,162,512.15,41472,0.11006617546081543,18126.158557128907,8110.0869140625,0.002058093762025237,0.3,0.0003,0.0012017651,1610,-2.3246126651763914,0.0
43,958,200.0,163,512.79,41728,0.15570706129074097,8312.742947387695,4908.2666015625,-0.005765480734407902,0.3,0.0003,0.008187563,1620,-2.351391005516052,0.0
43,958,200.0,164,516.47,41984,0.4863458275794983,1435.1577758789062,721.5226440429688,-0.00889810014050454,0.3,0.0003,0.0057670223,1630,-2.3042737364768984,0.0
44,958,200.0,165,504.93,42240,0.12582236528396606,14698.616845703125,5246.04052734375,-0.0019945465726777913,0.3,0.0003,0.0026373635,1640,-2.3507394790649414,0.0
44,958,200.0,166,503.93,42496,-0.07315349578857422,40794.81396484375,21773.9765625,-0.0021062838612124326,0.3,0.0003,0.00025389693,1650,-2.326168119907379,0.0
44,958,200.0,167,503.81,42752,-0.013549089431762695,19613.348022460938,3930.724853515625,-0.0003322608768939972,0.3,0.0003,4.223385e-05,1660,-2.295470821857452,0.0
44,958,200.0,168,480.65,43008,0.11565291881561279,25463.521728515625,18463.90234375,-0.0008014341583475471,0.3,0.0003,6.5347645e-05,1670,-2.356072723865509,0.0
45,958,200.0,169,485.11,43264,0.03664499521255493,18309.713989257812,7018.4736328125,-0.0011016682488843798,0.3,0.0003,0.00013196422,1680,-2.3625757932662963,0.0
45,958,200.0,170,484.86,43520,0.0878216028213501,24902.350732421874,11371.3759765625,-0.0009463286492973566,0.3,0.0003,0.00018697814,1690,-2.300873875617981,0.0
45,958,200.0,171,486.29,43776,0.15789353847503662,12700.67774658203,4574.7666015625,-0.0011325613595545292,0.3,0.0003,0.0003077949,1700,-2.296521842479706,0.0
45,958,200.0,172,482.83,44032,0.10922497510910034,15213.65927734375,7886.82763671875,-0.0016402829438447951,0.3,0.0003,0.0004314708,1710,-2.310924971103668,0.0
46,958,200.0,173,480.24,44288,0.11575508117675781,30914.43955078125,11925.23828125,-0.004608789691701531,0.3,0.0003,0.0017989962,1720,-2.271150839328766,0.0
46,958,200.0,174,478.74,44544,0.05331653356552124,14882.18984375,8721.826171875,-0.0037433616351336243,0.3,0.0003,0.0009442752,1730,-2.227137017250061,0.0
46,958,200.0,175,486.56,44800,0.20518720149993896,15968.243383789062,7529.0771484375,-0.0012690130388364196,0.3,0.0003,9.429315e-05,1740,-2.2431952714920045,0.0
47,958,200.0,176,482.01,45056,0.03995996713638306,20271.85341796875,8928.86328125,-0.0012577245943248272,0.3,0.0003,0.00017011305,1750,-2.3077706813812258,0.0
47,958,200.0,177,489.17,45312,0.05961865186691284,43371.95537109375,19934.18359375,0.000355274835601449,0.3,0.0003,7.262314e-05,1760,-2.181718111038208,0.0
47,958,200.0,178,488.77,45568,-0.08955347537994385,21585.52099609375,14477.4443359375,-0.0011089431936852634,0.3,0.0003,0.00010373001,1770,-2.241748607158661,0.0
47,958,200.0,179,498.23,45824,0.12965798377990723,12836.120024108886,244.3404998779297,-0.004191617923788726,0.3,0.0003,0.0015821075,1780,-2.2651501059532166,0.0
48,958,200.0,180,500.25,46080,0.06276905536651611,35039.9064453125,16246.6962890625,0.0010478965006768704,0.3,0.0003,0.0008360208,1790,-2.263882613182068,0.0
48,958,200.0,181,504.04,46336,0.34545135498046875,1485.0187683105469,695.4179077148438,-0.001976090029347688,0.3,0.0003,0.00041039335,1800,-2.2944597244262694,0.0
48,958,200.0,182,502.04,46592,0.11808818578720093,20724.10751953125,3152.414794921875,0.00026186242466792465,0.3,0.0003,0.00049366103,1810,-2.2534937858581543,0.0
48,958,200.0,183,508.0,46848,0.14016127586364746,15926.419506835937,9686.048828125,-0.0007950142258778215,0.3,0.0003,6.3000014e-05,1820,-2.2514237761497498,0.0
49,958,200.0,184,510.42,47104,0.16669750213623047,27584.597900390625,14228.0693359375,-0.002598331123590469,0.3,0.0003,0.0007948489,1830,-2.2490507125854493,0.0
49,958,200.0,185,507.94,47360,0.08281701803207397,9967.717352294922,9111.28125,-0.003543041064403951,0.3,0.0003,0.0010553102,1840,-2.235801470279694,0.0
49,958,200.0,186,510.54,47616,0.14303117990493774,8474.372319030761,5603.35791015625,-0.004762064991518855,0.3,0.0003,0.0022239448,1850,-2.187480628490448,0.0
49,958,200.0,187,507.45,47872,0.02897268533706665,30031.77509765625,18296.037109375,0.0002996257971972227,0.3,0.0003,0.00043475511,1860,-2.1659241676330567,0.0
50,958,200.0,188,508.83,48128,0.1119953989982605,15852.992822265625,5811.84130859375,-0.002741001732647419,0.3,0.0003,0.0009599754,1870,-2.1236080050468447,0.0
50,958,200.0,189,507.57,48384,-0.20538926124572754,23753.041748046875,9689.5537109375,-0.0013417865615338088,0.3,0.0003,0.00045982585,1880,-2.1510835528373717,0.0
50,958,200.0,190,511.47,48640,0.044085144996643066,25087.7232421875,13386.4521484375,-0.004445153078995645,0.3,0.0003,0.0021064894,1890,-2.1325545430183412,0.0
51,958,200.0,191,512.54,48896,0.13108086585998535,22461.813037109376,14765.1455078125,-0.002100099204108119,0.3,0.0003,0.0012384213,1900,-2.026195538043976,0.0
51,958,200.0,192,517.41,49152,0.16441339254379272,18598.505932617187,6969.04150390625,-0.0006616296945139766,0.3,0.0003,0.00012581027,1910,-2.0444055914878847,0.0
51,958,200.0,193,519.12,49408,0.184919536113739,8694.824574279784,3508.052001953125,-0.0025802878430113197,0.3,0.0003,0.0005936171,1920,-2.050347590446472,0.0
51,958,200.0,194,517.03,49664,0.09749668836593628,34962.57275390625,21484.021484375,-0.0031249054241925477,0.3,0.0003,0.0017915661,1930,-2.0332876443862915,0.0
52,958,200.0,195,519.57,49920,0.16663426160812378,19020.898681640625,13846.8359375,-0.0006739840377122164,0.3,0.0003,0.00055932393,1940,-2.1351829528808595,0.0
52,958,200.0,196,522.97,50176,0.07233047485351562,24613.54560546875,11472.2392578125,-0.004996977793052792,0.3,0.0003,0.0031961969,1950,-2.1480256795883177,0.0
52,958,200.0,197,522.86,50432,-0.008730530738830566,19440.264013671876,11583.818359375,-0.0021730492822825908,0.3,0.0003,0.0015702387,1960,-2.1614351987838747,0.0
52,958,200.0,198,521.8,50688,0.1576622724533081,30794.6287109375,8757.3232421875,-0.0011760164983570577,0.3,0.0003,0.000282818,1970,-2.191232419013977,0.0
53,958,200.0,199,519.81,50944,0.1839768886566162,15063.727026367187,10277.466796875,-0.0014761388301849365,0.3,0.0003,0.00033790665,1980,-2.232843446731567,0.0
53,958,200.0,200,508.66,51200,-0.032950639724731445,22342.99228515625,14098.3251953125,-0.0027731663081794976,0.3,0.0003,0.00075250654,1990,-2.244470548629761,0.0
53,958,200.0,201,517.26,51456,0.09203547239303589,19645.0939453125,9756.8427734375,-0.00035442522494122386,0.3,0.0003,0.0005752146,2000,-2.3101606607437133,0.0
53,958,200.0,202,518.56,51712,-0.009891271591186523,45755.55615234375,21485.6796875,-0.0011181299341842532,0.3,0.0003,0.00011728541,2010,-2.2504755020141602,0.0
54,958,200.0,203,522.27,51968,0.03597968816757202,15436.805224609376,13335.697265625,-0.00019096769392490387,0.3,0.0003,5.2352203e-05,2020,-2.2680936098098754,0.0
54,958,200.0,204,524.79,52224,0.09475713968276978,14157.799377441406,8769.9970703125,-0.001771711022593081,0.3,0.0003,0.0004763098,2030,-2.251391327381134,0.0
54,958,200.0,205,524.65,52480,0.031774282455444336,23955.70068359375,15528.4443359375,-0.0011224173009395598,0.3,0.0003,0.0003126238,2040,-2.2511579990386963,0.0
55,958,200.0,206,531.27,52736,-0.05282175540924072,21943.899365234374,12131.2392578125,-0.003973732190206647,0.3,0.0003,0.0017683231,2050,-2.2233872771263123,0.0
55,958,200.0,207,531.4,52992,0.09085553884506226,15017.016333007812,2472.42041015625,-0.001418129913508892,0.3,0.0003,0.0001875346,2060,-2.28197900056839,0.0
55,959,200.0,208,531.13,53248,0.07736682891845703,8864.455673217773,5067.607421875,-0.0006244606047403067,0.3,0.0003,9.966479e-05,2070,-2.2127647757530213,0.0
55,959,200.0,209,531.09,53504,0.046815335750579834,27059.43913574219,14686.6728515625,-0.000718921166844666,0.3,0.0003,0.00016329903,2080,-2.125121760368347,0.0
56,958,200.0,210,531.85,53760,0.11223673820495605,14742.1865234375,6479.78271484375,-0.0006405269494280219,0.3,0.0003,0.00017643836,2090,-2.1580466628074646,0.0
56,958,200.0,211,538.22,54016,0.088020920753479,17332.130029296874,12381.2587890625,-0.0025224118493497373,0.3,0.0003,0.00082021346,2100,-2.1451404452323914,0.0
56,958,200.0,212,540.23,54272,0.06784594058990479,13017.619470214844,566.97705078125,-0.0016783731058239936,0.3,0.0003,0.00031186128,2110,-2.2291834115982057,0.0
56,958,200.0,213,538.87,54528,0.0316196084022522,34535.35869140625,20111.462890625,-0.002244591130875051,0.3,0.0003,0.0005291465,2120,-2.1527628183364866,0.0
57,958,200.0,214,540.34,54784,0.0679483413696289,9145.789947509766,2441.621337890625,-0.0013542985310778023,0.3,0.0003,0.0003238744,2130,-2.1021899580955505,0.0
57,958,200.0,215,552.96,55040,0.11983227729797363,26073.426123046876,9621.482421875,-0.0023909135605208577,0.3,0.0003,0.00129776,2140,-2.1867584347724915,0.0
57,958,200.0,216,553.95,55296,0.11489534378051758,21722.572387695312,14237.9921875,-0.001957383891567588,0.3,0.0003,0.0005107515,2150,-2.1563408017158507,0.0
57,958,200.0,217,546.81,55552,0.012216031551361084,21781.051953125,12915.6259765625,-0.0038021333748474717,0.3,0.0003,0.002172391,2160,-2.229814577102661,0.0
58,958,200.0,218,557.19,55808,0.04791104793548584,26576.00693359375,12643.5869140625,-0.004124091635458171,0.3,0.0003,0.0015049044,2170,-2.3117740988731383,0.0
58,958,200.0,219,557.1,56064,-0.007133841514587402,10933.40107421875,9455.5849609375,-0.0015054334653541446,0.3,0.0003,0.00032765488,2180,-2.32148095369339,0.0
58,958,200.0,220,561.16,56320,0.1363757848739624,25315.492919921875,16434.521484375,-0.0022844769526273014,0.3,0.0003,0.0004722695,2190,-2.2106868863105773,0.0
59,958,200.0,221,563.87,56576,0.0584452748298645,18680.194946289062,8050.7080078125,-0.0008324982249177992,0.3,0.0003,0.00027355133,2200,-2.2361631751060487,0.0
59,958,200.0,222,554.13,56832,0.06331467628479004,8932.508435058593,4843.26416015625,-0.0008076829370111227,0.3,0.0003,0.0002505323,2210,-2.266864573955536,0.0
59,958,200.0,223,552.26,57088,0.03499150276184082,28153.952978515626,17241.5703125,-0.0013900928664952517,0.3,0.0003,0.00024545728,2220,-2.2004343628883363,0.0
59,958,200.0,224,552.01,57344,0.1476191282272339,8402.051466369629,2269.83935546875,-0.001888729364145547,0.3,0.0003,0.0006199719,2230,-2.1912594199180604,0.0
60,958,200.0,225,546.7,57600,0.00067138671875,19941.432080078124,7886.96728515625,-0.00112335872836411,0.3,0.0003,0.00044854893,2240,-2.23107852935791,0.0
60,958,200.0,226,545.33,57856,0.10096651315689087,14862.8736328125,7632.6708984375,-0.0002165934070944786,0.3,0.0003,0.0002406789,2250,-2.144685697555542,0.0
60,958,200.0,227,548.47,58112,0.10887366533279419,32175.630126953125,19761.64453125,0.0001464139437302947,0.3,0.0003,1.800619e-05,2260,-2.164973771572113,0.0
60,958,200.0,228,551.1,58368,0.018049120903015137,14009.532434082032,8919.25390625,-0.001289191679097712,0.3,0.0003,9.352458e-05,2270,-2.2943745732307432,0.0
61,958,200.0,229,536.28,58624,0.06031787395477295,9614.092797851563,3929.39892578125,-0.003267392504494637,0.3,0.0003,0.000891577,2280,-2.2202855944633484,0.0
61,958,200.0,230,531.18,58880,0.10382312536239624,26629.979541015626,15956.36328125,-0.002491240343078971,0.3,0.0003,0.0010026323,2290,-2.1712798833847047,0.0
61,958,200.0,231,533.03,59136,0.10736113786697388,14386.032373046875,3608.53759765625,-0.0021184490993618964,0.3,0.0003,0.00025402545,2300,-2.0110574901103973,0.0
61,958,200.0,232,532.0,59392,0.17295438051223755,15189.848828125,4768.341796875,-0.0043168440228328105,0.3,0.0003,0.0017400419,2310,-2.1345585107803347,0.0
62,958,200.0,233,535.09,59648,0.148029625415802,18439.667626953124,11025.9755859375,-6.586925592273473e-05,0.3,0.0003,0.0002723802,2320,-2.3147064328193663,0.0
62,958,200.0,234,536.54,59904,0.1633768081665039,12501.09446105957,5486.369140625,-0.0016461420338600874,0.3,0.0003,0.00060917693,2330,-2.2272558927536013,0.0
62,958,200.0,235,533.72,60160,0.06392019987106323,39342.76435546875,22454.390625,-0.0007642884738743305,0.3,0.0003,0.00042449613,2340,-2.123392951488495,0.0
63,958,200.0,236,531.66,60416,0.1521499752998352,13929.961121368407,11460.359375,-0.0002226764103397727,0.3,0.0003,0.00019194768,2350,-2.216240882873535,0.0
63,958,200.0,237,541.7,60672,0.13202637434005737,33449.25205078125,17116.53515625,-0.0009027887834236025,0.3,0.0003,8.339132e-05,2360,-2.117634618282318,0.0
63,958,200.0,238,543.37,60928,0.16375935077667236,14050.955249023438,11635.4677734375,-0.0003414180129766464,0.3,0.0003,3.3736695e-05,2370,-2.1751933455467225,0.0
63,958,200.0,239,544.94,61184,0.12852561473846436,10868.922143554688,4900.609375,-0.0007166471797972918,0.3,0.0003,0.000118643744,2380,-2.140037441253662,0.0
64,958,200.0,240,546.6,61440,0.1702744960784912,12287.271423339844,3517.425537109375,-0.0022511564660817386,0.3,0.0003,0.00070324517,2390,-2.252449107170105,0.0
64,958,200.0,241,542.76,61696,0.1644454002380371,26039.1828125,15142.69140625,-0.0011836383491754532,0.3,0.0003,0.00037162867,2400,-2.209205758571625,0.0
64,958,200.0,242,551.91,61952,0.02118438482284546,29271.8701171875,16125.505859375,-0.0014911568257957696,0.3,0.0003,0.00019609113,2410,-2.1472408056259153,0.0
64,958,200.0,243,553.51,62208,0.1789911985397339,9807.4611328125,7963.3330078125,-0.0020399228436872364,0.3,0.0003,0.0007443386,2420,-2.179400074481964,0.0
65,958,200.0,244,557.26,62464,0.11853265762329102,14674.385595703125,7373.9423828125,-0.0001713917125016451,0.3,0.0003,0.00054815994,2430,-2.192737674713135,0.0
65,958,200.0,245,559.89,62720,0.03147733211517334,32214.80625,20874.99609375,-0.0022434328217059373,0.3,0.0003,0.0005767483,2440,-2.2973792791366576,0.0
65,959,200.0,246,557.59,62976,0.13508498668670654,16540.48713378906,4497.75341796875,-0.0016457589576020838,0.3,0.0003,0.00038699107,2450,-2.2910839557647704,0.0
65,959,200.0,247,556.06,63232,0.17377525568008423,13253.682824707032,6478.39111328125,-0.007332186319399625,0.3,0.0003,0.006342556,2460,-2.2567020893096923,0.0
66,959,200.0,248,555.7,63488,0.17319387197494507,24267.54609375,6373.36328125,-0.00115362205542624,0.3,0.0003,0.0015585609,2470,-2.335123157501221,0.0
66,959,200.0,249,553.71,63744,0.2155170440673828,12619.216723632813,6017.20263671875,-0.0015841390239074826,0.3,0.0003,0.00047551724,2480,-2.3738991618156433,0.0
66,959,200.0,250,554.92,64000,0.15921449661254883,14253.421606445312,9451.6005859375,-0.001204916276037693,0.3,0.0003,0.0002580909,2490,-2.361475098133087,0.0
66,959,200.0,251,557.46,64256,0.1676335334777832,8733.429705810548,2296.64892578125,-0.0023939139442518353,0.3,0.0003,0.00074084825,2500,-2.3177207708358765,0.0
67,959,200.0,252,565.36,64512,0.1839693784713745,31486.76318359375,11774.953125,-0.00018524893093854188,0.3,0.0003,0.0001542347,2510,-2.3140467286109923,0.0
67,959,200.0,253,561.28,64768,-0.03537023067474365,18549.0619140625,10631.9033203125,-0.0006102656945586205,0.3,0.0003,4.3044565e-05,2520,-2.2999369144439696,0.0
67,959,200.0,254,563.84,65024,0.027634501457214355,19207.598876953125,6065.5390625,-0.001169956347439438,0.3,0.0003,0.00015672366,2530,-2.3488767981529235,0.0
68,959,200.0,255,555.85,65280,0.14636856317520142,28969.91884765625,13399.447265625,-0.0009322924015577883,0.3,0.0003,0.00022292975,2540,-2.2806287169456483,0.0
68,959,200.0,256,551.15,65536,0.2070375680923462,13549.139868164062,7998.978515625,-0.001336134155280888,0.3,0.0003,0.00045052916,2550,-2.3565065979957582,0.0
68,959,200.0,257,548.74,65792,0.127047598361969,18692.26591796875,7709.74658203125,-0.0010338669642806053,0.3,0.0003,0.00020209374,2560,-2.3211522579193113,0.0
68,959,200.0,258,538.96,66048,0.1270827054977417,12954.930926513673,6472.57666015625,-0.0008808476850390434,0.3,0.0003,0.00010207528,2570,-2.3276421189308167,0.0
69,959,200.0,259,521.93,66304,0.17770063877105713,9277.180291748047,5349.30078125,-0.0016570460982620716,0.3,0.0003,0.0004340608,2580,-2.348450517654419,0.0
69,959,200.0,260,528.91,66560,0.09027659893035889,20854.1896484375,17131.79296875,-0.0012026619631797075,0.3,0.0003,0.0008284445,2590,-2.3487534165382384,0.0
69,959,200.0,261,527.08,66816,0.1660187840461731,18481.347534179688,13678.9794921875,-0.002401664084754884,0.3,0.0003,0.0005428889,2600,-2.2932952761650087,0.0
69,959,200.0,262,535.25,67072,0.22735917568206787,13995.908129882813,8303.2861328125,-0.00997695499099791,0.3,0.0003,0.0066722687,2610,-2.2881373524665833,0.0
70,959,200.0,263,539.21,67328,-0.013213634490966797,36922.10244140625,22226.1640625,7.49609898775816e-05,0.3,0.0003,0.0023399154,2620,-2.210792624950409,0.0
70,959,200.0,264,540.79,67584,0.15436464548110962,13587.267724609375,6004.962890625,-0.0018103926908224822,0.3,0.0003,0.00043297792,2630,-2.2037755608558656,0.0
70,959,200.0,265,535.65,67840,0.13740187883377075,16931.988061523436,6760.7900390625,-0.0014743073959834873,0.3,0.0003,0.0004178572,2640,-2.2059843063354494,0.0
70,959,200.0,266,537.98,68096,0.15951752662658691,13361.781359863282,1064.8662109375,-0.0028322212281636895,0.3,0.0003,0.0008797636,2650,-2.087505912780762,0.0
71,959,200.0,267,534.21,68352,0.035691261291503906,34947.0291015625,21657.8515625,-0.0010776514187455176,0.3,0.0003,0.00039976672,2660,-2.220981764793396,0.0
71,959,200.0,268,539.79,68608,0.2018413543701172,13264.101763916016,5589.478515625,-0.0015746039804071187,0.3,0.0003,0.00021465425,2670,-2.0905389308929445,0.0
71,959,200.0,269,541.0,68864,0.05092281103134155,29283.22978515625,13038.6328125,0.0013388286111876368,0.3,0.0003,0.00016673864,2680,-2.1164265632629395,0.0
72,959,200.0,270,538.58,69120,0.15196353197097778,13051.940612792969,5933.31103515625,-0.0010352484649047255,0.3,0.0003,0.00020517176,2690,-1.9968514323234559,0.0
72,959,200.0,271,536.73,69376,0.08629769086837769,17328.179248046876,10352.6943359375,-0.00048000547103583814,0.3,0.0003,0.00018011173,2700,-2.136619234085083,0.0
72,959,200.0,272,536.87,69632,0.1858881115913391,8450.309259033203,8030.70458984375,-0.0023891708813607694,0.3,0.0003,0.0008245059,2710,-2.0938952684402468,0.0
72,959,200.0,273,538.18,69888,0.15163803100585938,22583.842163085938,5941.56201171875,-0.0026043740566819907,0.3,0.0003,0.0017549256,2720,-1.9691046595573425,0.0
73,960,200.0,274,535.96,70144,0.13856267929077148,10400.277587890625,7262.22412109375,-0.0011685542878694833,0.3,0.0003,0.0005341694,2730,-1.989533406496048,0.0
73,960,200.0,275,539.72,70400,0.1934967041015625,7949.012717437744,75.2261734008789,-0.008885195082984864,0.3,0.0003,0.014601949,2740,-1.8406392455101013,0.0
73,960,200.0,276,538.73,70656,0.1405799388885498,15405.431567382813,11116.9130859375,-0.0004647958558052778,0.3,0.0003,0.009000283,2750,-1.5409394681453705,0.0
73,960,200.0,277,539.47,70912,0.10935837030410767,18809.77841796875,6729.94775390625,-0.00013540859799832106,0.3,0.0003,6.304309e-05,2760,-1.4913489162921905,0.0
74,960,200.0,278,536.1,71168,0.18907248973846436,11877.700512695312,10111.1923828125,-0.00019791992381215095,0.3,0.0003,0.0001608145,2770,-1.4765606284141541,0.0
74,960,200.0,279,530.24,71424,0.16962814331054688,8049.790746307373,93.32067108154297,-0.0007164636626839638,0.3,0.0003,0.00041156402,2780,-1.5826822817325592,0.0
74,960,200.0,280,531.03,71680,0.1533222794532776,22033.983325195313,10117.9072265625,-0.0006744228303432465,0.3,0.0003,0.00058079255,2790,-1.5092138171195983,0.0
74,960,200.0,281,528.48,71936,0.1973521113395691,13823.635205078124,3041.7080078125,-0.0003970677964389324,0.3,0.0003,2.8740382e-05,2800,-1.6167999982833863,0.0
75,961,200.0,282,529.72,72192,0.16109085083007812,8420.252099609375,8271.2490234375,-0.000829742825590074,0.3,0.0003,0.00039827637,2810,-1.7528563380241393,0.0
75,961,200.0,283,540.29,72448,0.18919223546981812,11161.527294921874,6775.708984375,-0.0018168115988373757,0.3,0.0003,0.00097523,2820,-1.837590789794922,0.0
75,961,200.0,284,544.98,72704,0.23432999849319458,13401.433740234375,8187.775390625,-0.0009673139429651201,0.3,0.0003,0.00020364369,2830,-1.4758208215236663,0.0
75,961,200.0,285,546.31,72960,0.11636507511138916,38066.0712890625,9257.650390625,-0.000680794334039092,0.3,0.0003,0.00015588896,2840,-1.529858136177063,0.0
76,961,200.0,286,546.01,73216,0.0437086820602417,17780.79084472656,6936.013671875,-0.00022207587026059627,0.3,0.0003,2.2195745e-05,2850,-1.481200236082077,0.0
76,961,200.0,287,547.96,73472,0.22674822807312012,27965.892333984375,9986.005859375,-0.001185717643238604,0.3,0.0003,0.000599256,2860,-1.402151781320572,0.0
76,961,200.0,288,549.06,73728,0.04820972681045532,13874.42353515625,5978.3046875,-0.006245574029162526,0.3,0.0003,0.002410511,2870,-1.4584890484809876,0.0
76,961,200.0,289,552.28,73984,0.14211326837539673,8485.17216796875,3440.9169921875,-0.00012643638183362782,0.3,0.0003,0.00021713879,2880,-1.766474539041519,0.0
77,961,200.0,290,550.57,74240,0.1522916555404663,8905.630778503419,3109.254638671875,-0.009567611326929182,0.3,0.0003,0.011580454,2890,-1.8318418204784392,0.03125
77,961,200.0,291,553.55,74496,0.14629054069519043,22253.177392578124,13293.078125,0.0002202242147177458,0.3,0.0003,0.009288715,2900,-1.55609130859375,0.012890625
77,961,200.0,292,561.6,74752,0.1951940655708313,27181.6435546875,9080.3740234375,-0.0021272637881338597,0.3,0.0003,0.0008752849,2910,-1.4690214931964873,0.0
78,961,200.0,293,554.02,75008,0.07848387956619263,23371.445361328126,9572.4189453125,-0.003045741794630885,0.3,0.0003,0.0043939427,2920,-1.5057635009288788,0.0
78,961,200.0,294,551.95,75264,0.10085874795913696,16849.03645019531,2498.6103515625,0.001481402583885938,0.3,0.0003,0.0036673471,2930,-1.594137477874756,0.0
78,961,200.0,295,550.4,75520,0.19890940189361572,9601.159875488282,3770.257080078125,-0.0020125795155763624,0.3,0.0003,0.0028312872,2940,-1.5730913758277894,0.0
78,961,200.0,296,546.6,75776,0.1888052225112915,11139.965173339844,5001.208984375,-0.00554686343530193,0.3,0.0003,0.00692066,2950,-1.5996800184249877,0.00703125
79,962,200.0,297,551.14,76032,-0.02042531967163086,21496.24968261719,8944.3515625,0.0014727124944329262,0.3,0.0003,0.00011618505,2960,-2.022576081752777,0.0
79,962,200.0,298,549.33,76288,0.1948709487915039,16351.01872253418,4417.16015625,-0.0068164229393005375,0.3,0.0003,0.013662463,2970,-1.6184833288192748,0.0
79,962,200.0,299,546.09,76544,0.19228750467300415,11890.183801269532,4071.735595703125,-0.003452705219388008,0.3,0.0003,0.0044879043,2980,-1.328558325767517,0.0
79,962,200.0,300,549.93,76800,0.21012485027313232,10123.491516113281,4405.72705078125,-0.0029478932730853556,0.3,0.0003,0.0009449604,2990,-1.3499962210655212,0.0
80,961,200.0,301,553.04,77056,0.14590364694595337,15186.970532226562,10292.8955078125,0.0002777452114969492,0.3,0.0003,0.0002995322,3000,-1.247493278980255,0.0
80,962,200.0,302,561.93,77312,0.10294491052627563,14535.381091308594,8127.1357421875,-0.00014528061728924513,0.3,0.0003,0.000251089,3010,-1.476866751909256,0.0
80,962,200.0,303,568.58,77568,0.10648638010025024,43178.294921875,31990.416015625,-0.003811600455082953,0.3,0.0003,0.0036608235,3020,-1.592711055278778,0.0
80,962,200.0,304,570.03,77824,0.18288123607635498,8489.678115844727,5617.14453125,-0.0006433798000216485,0.3,0.0003,0.03062421,3030,-1.645458459854126,0.03359375
81,961,200.0,305,567.69,78080,0.1367446780204773,20549.94296875,4231.419921875,-0.001361182949040085,0.3,0.0003,0.0056192996,3040,-1.9458029508590697,0.0
81,961,200.0,306,567.6,78336,0.13997620344161987,8169.545324707031,4639.26806640625,-0.0013408302329480648,0.3,0.0003,0.0015030154,3050,-1.9488830268383026,0.0
81,961,200.0,307,574.19,78592,0.14333808422088623,22727.927783203126,11584.7275390625,-0.0002600986743345857,0.3,0.0003,0.0006592118,3060,-2.0621266961097717,0.0
81,961,200.0,308,581.34,78848,0.07629811763763428,23768.27509765625,13816.240234375,-0.001410781592130661,0.3,0.0003,0.00030165073,3070,-2.133435034751892,0.0
82,961,200.0,309,578.44,79104,0.0822722315788269,17427.233544921874,3550.374755859375,-0.001321347104385495,0.3,0.0003,0.00088410126,3080,-2.009187400341034,0.0
82,961,200.0,310,578.43,79360,0.05144774913787842,19332.678869628908,5641.32666015625,-0.0021756370784714817,0.3,0.0003,0.0003868735,3090,-2.1178624629974365,0.0
82,961,200.0,311,579.73,79616,0.1604142189025879,13495.8869140625,6835.10986328125,-0.002655213000252843,0.3,0.0003,0.004131422,3100,-1.9275187432765961,0.0
83,961,200.0,312,576.45,79872,0.10535794496536255,18696.546630859375,14606.55078125,0.00233131839777343,0.3,0.0003,0.0012796097,3110,-2.2026856899261475,0.0
83,961,200.0,313,574.47,80128,0.09572100639343262,17402.700805664062,9487.91015625,-0.0015773696126416326,0.3,0.0003,0.000539667,3120,-2.1029623985290526,0.0
83,961,200.0,314,575.32,80384,0.14397543668746948,9034.99482421875,8366.154296875,-0.0015811142133316026,0.3,0.0003,0.0013910218,3130,-2.0678104519844056,0.0
83,961,200.0,315,575.17,80640,0.0723695158958435,21310.816162109375,4186.708984375,-0.0008903721580281853,0.3,0.0003,0.00014186138,3140,-2.229349136352539,0.0
84,961,200.0,316,575.34,80896,0.15423518419265747,12161.496313476562,6798.74072265625,-0.00024381685070693493,0.3,0.0003,0.000378815,3150,-1.9282947063446045,0.0
84,961,200.0,317,576.15,81152,-0.08500194549560547,41000.43974609375,15531.8974609375,-0.0007432360900565982,0.3,0.0003,3.085495e-05,3160,-2.0407363533973695,0.0
84,961,200.0,318,574.12,81408,0.14374089241027832,8860.573840332032,3566.670166015625,-0.0016955390805378557,0.3,0.0003,0.0010693003,3170,-2.2783783316612243,0.0
84,961,200.0,319,575.66,81664,0.09622949361801147,13573.019689941406,2591.7119140625,-0.012893349700607359,0.3,0.0003,0.019158274,3180,-1.9820005357265473,0.015234375
85,961,200.0,320,571.96,81920,0.0961562991142273,13992.657402038574,12157.98046875,-0.003997219237498939,0.3,0.0003,0.0028954968,3190,-1.7338653802871704,0.0
85,961,200.0,321,569.73,82176,0.08131515979766846,13909.80791015625,4654.95166015625,3.735411446541548e-05,0.3,0.0003,0.000300152,3200,-1.9189267218112946,0.0
85,961,200.0,322,560.41,82432,0.19830965995788574,8090.587786865234,2635.25732421875,-0.0007129527628421783,0.3,0.0003,7.556635e-05,3210,-1.7336323320865632,0.0
85,961,200.0,323,560.34,82688,0.1369309425354004,20301.98408203125,11627.3486328125,-4.981204401701689e-05,0.3,0.0003,0.00017830427,3220,-1.6319409310817719,0.0
86,961,200.0,324,559.62,82944,0.18983453512191772,8303.126196289062,5965.2001953125,-0.000861948006786406,0.3,0.0003,0.00023900461,3230,-1.581811398267746,0.0
86,961,200.0,325,562.74,83200,0.17633366584777832,8606.62898864746,2960.40869140625,-0.0003939442452974617,0.3,0.0003,0.00028274162,3240,-1.6630461513996124,0.0
86,961,200.0,326,563.97,83456,0.1899825930595398,9539.961381530762,7779.142578125,-0.0006681388709694147,0.3,0.0003,0.00032294053,3250,-1.8699818134307862,0.0
87,961,200.0,327,577.07,83712,0.25003886222839355,24642.578857421875,13321.2724609375,-0.0007993433624505997,0.3,0.0003,0.0004331465,3260,-1.5214857280254364,0.0
87,961,200.0,328,575.32,83968,0.1815900206565857,10854.266162109376,5973.220703125,0.0007437247550114989,0.3,0.0003,0.00018632365,3270,-1.7407554864883423,0.0
87,962,200.0,329,584.54,84224,0.14542490243911743,8845.003198242188,3670.354248046875,-0.00032189711928367617,0.3,0.0003,3.358838e-05,3280,-1.6682561576366424,0.0
87,961,200.0,330,579.84,84480,0.05835461616516113,34914.70048828125,16310.40234375,-0.0009576787240803241,0.3,0.0003,9.582355e-05,3290,-1.8478535830974578,0.0
88,961,200.0,331,580.03,84736,0.20585447549819946,7691.3273826599125,41.155982971191406,-0.0026561776641756294,0.3,0.0003,0.0056190346,3300,-1.8037872970104218,0.0
88,962,200.0,332,577.77,84992,0.20909136533737183,11658.917932128907,9489.509765625,-0.004053210676647723,0.3,0.0003,0.0030236954,3310,-1.7018839955329894,0.0
88,962,200.0,333,583.38,85248,0.19512802362442017,7851.356510925293,7752.490234375,-0.00010808508377522231,0.3,0.0003,0.0053957216,3320,-1.734886610507965,0.0
88,961,200.0,334,586.27,85504,0.19533228874206543,20357.2818359375,10755.166015625,-0.0013050767825916409,0.3,0.0003,0.0011016424,3330,-1.57204127907753,0.0
89,962,200.0,335,588.03,85760,0.19665676355361938,8620.603378295898,2534.6376953125,-0.0011776182916946709,0.3,0.0003,0.0026017092,3340,-1.7416569292545319,0.0
89,962,200.0,336,597.8,86016,0.1979987621307373,8351.132379150391,5886.2197265625,-0.003925825259648264,0.3,0.0003,0.0030336794,3350,-1.8949414551258088,0.00078125
89,962,200.0,337,605.72,86272,0.22054272890090942,16693.45114746094,5815.337890625,-0.0038215110776945948,0.3,0.0003,0.043943718,3360,-1.6555020332336425,0.06953125
89,962,200.0,338,598.37,86528,0.22250133752822876,10581.919799804688,7836.955078125,-0.0046844195108860735,0.3,0.0003,0.019912273,3370,-1.9159798860549926,0.01171875
90,962,200.0,339,594.52,86784,0.23447704315185547,7644.274435424804,3126.4423828125,-0.009363264427520335,0.3,0.0003,0.044258617,3380,-1.9473273754119873,0.082421875
90,962,200.0,340,586.5,87040,0.25742387771606445,7242.594087219239,5308.94580078125,-0.0030845119152218105,0.3,0.0003,0.0036143137,3390,-1.9600754141807557,0.0
90,962,200.0,341,585.15,87296,0.23761284351348877,18925.520849609376,10193.884765625,-0.0008125706575810909,0.3,0.0003,0.00048703677,3400,-1.5891759932041167,0.0
90,962,200.0,342,584.08,87552,0.22223782539367676,7635.20747756958,3139.587158203125,-0.0025932513177394866,0.3,0.0003,0.021272652,3410,-1.4130789637565613,0.186328125
91,962,200.0,343,586.79,87808,0.2207643985748291,7362.046642303467,4316.6630859375,0.0010837839683517814,0.3,0.0003,0.0050622593,3420,-2.0699074149131773,0.007421875
91,962,200.0,344,587.07,88064,0.2184177041053772,18911.47561035156,14773.435546875,-5.302019417285919e-06,0.3,0.0003,0.00033996254,3430,-1.7109660863876344,0.0
91,962,200.0,345,578.06,88320,0.42032527923583984,1236.0744537353517,628.477783203125,-0.0006530964747071266,0.3,0.0003,0.0020751688,3440,-1.7447050511837006,0.0
92,962,200.0,346,576.36,88576,0.03212916851043701,8687.566769409179,4532.80078125,-0.00016316252294927834,0.3,0.0003,0.00010750233,3450,-1.862897115945816,0.0
92,962,200.0,347,572.16,88832,0.17900174856185913,9366.616870117188,2773.252197265625,-0.0007324676378630101,0.3,0.0003,0.0003322868,3460,-1.7528356552124023,0.0
92,962,200.0,348,572.84,89088,0.2263249158859253,15731.620239257812,5244.1708984375,0.00012017032131552696,0.3,0.0003,0.00018752413,3470,-1.7007901668548584,0.0
92,962,200.0,349,571.67,89344,0.23615503311157227,8077.404211425781,2721.71728515625,-0.0018608295358717442,0.3,0.0003,0.00666779,3480,-1.9517187237739564,0.00859375
93,962,200.0,350,568.12,89600,0.23387932777404785,7819.103479003907,4553.26904296875,-0.005037327599711716,0.3,0.0003,0.009290385,3490,-1.9117792129516602,0.00703125
93,962,200.0,351,559.95,89856,0.2549024224281311,8543.706468200684,5551.4580078125,-0.004722905304515734,0.3,0.0003,0.010166275,3500,-2.1165965795516968,0.00625
93,962,200.0,352,557.3,90112,0.1009477972984314,28981.949365234374,15797.662109375,-0.00047741744201630355,0.3,0.0003,0.00019020308,3510,-2.1529333114624025,0.0
93,962,200.0,353,555.8,90368,0.18826353549957275,8655.428155517578,3370.334716796875,-0.00047420093906112013,0.3,0.0003,5.0988747e-05,3520,-2.237617778778076,0.0
94,962,200.0,354,568.28,90624,0.26104408502578735,8020.997955322266,4740.9990234375,-0.005340119707398117,0.3,0.0003,0.013253146,3530,-2.1192257404327393,0.000390625
94,962,200.0,355,566.88,90880,0.08604198694229126,31113.1818359375,12870.4052734375,-0.002382807189133018,0.3,0.0003,0.0030916356,3540,-2.287700116634369,0.0
94,962,200.0,356,563.89,91136,0.2358047366142273,7469.903541564941,4967.2451171875,-0.00025121874641627074,0.3,0.0003,0.00026442553,3550,-2.2851826548576355,0.0
94,962,200.0,357,563.03,91392,0.22108608484268188,7654.805438232422,2176.779541015625,-0.0026701735332608223,0.3,0.0003,0.0022839515,3560,-2.0424652338027953,0.0
95,962,200.0,358,569.03,91648,0.1559847593307495,25658.057470703126,21138.78125,-0.0006760442163795232,0.3,0.0003,8.5869804e-05,3570,-2.2955724596977234,0.0
95,962,200.0,359,574.11,91904,0.20169925689697266,30601.623828125,13787.0068359375,-0.003293538885191083,0.3,0.0003,0.0014646426,3580,-2.251234400272369,0.0
95,962,200.0,360,571.07,92160,0.3336993455886841,8102.160049438477,5298.44873046875,-0.008176706684753298,0.3,0.0003,0.019792572,3590,-2.306874406337738,0.030078125
95,962,200.0,361,563.88,92416,0.297255277633667,16848.516796875,5299.544921875,-0.0013924979604780674,0.3,0.0003,0.0019183112,3600,-2.34479558467865,0.0
96,962,200.0,362,562.89,92672,0.26498234272003174,7564.625449371338,104.15673065185547,-0.0040088633075356485,0.3,0.0003,0.0055095516,3610,-2.383418583869934,0.003515625
96,962,200.0,363,559.82,92928,0.2497047781944275,14383.048095703125,5990.6748046875,-0.004390597925521433,0.3,0.0003,0.0053689657,3620,-2.3363426327705383,0.007421875
96,962,200.0,364,563.59,93184,0.21887338161468506,11597.233520507812,7482.283203125,-0.0005760724423453211,0.3,0.0003,0.000104477396,3630,-2.3121466994285584,0.0
97,962,200.0,365,568.67,93440,0.17736107110977173,10313.32265625,8490.0,-0.0017147389007732272,0.3,0.0003,0.0007394715,3640,-2.2603636503219606,0.0
97,962,200.0,366,570.93,93696,0.19783097505569458,17078.751190185547,8043.78759765625,-0.0020269237691536547,0.3,0.0003,0.0011673358,3650,-2.1574966430664064,0.0
97,962,200.0,367,571.03,93952,0.10097360610961914,14598.534130859374,9172.568359375,-0.0033282568445429208,0.3,0.0003,0.0026387437,3660,-2.2012337327003477,0.0
97,962,200.0,368,577.78,94208,0.1906701922416687,8979.369409179688,6036.29443359375,-0.00192737877368927,0.3,0.0003,0.001148676,3670,-2.1615142822265625,0.0
98,962,200.0,369,575.86,94464,0.22665083408355713,16975.696923828124,10756.943359375,-0.0018218680750578641,0.3,0.0003,0.00040860986,3680,-2.213873291015625,0.0
98,962,200.0,370,567.64,94720,0.2320711612701416,7544.566833496094,4400.28759765625,-0.00042347648413851855,0.3,0.0003,0.00022946415,3690,-2.1110320329666137,0.0
98,962,200.0,371,561.21,94976,0.25107985734939575,7684.102258300782,3164.63427734375,-0.0029018191911745817,0.3,0.0003,0.0046425876,3700,-2.201722836494446,0.0
98,963,200.0,372,563.88,95232,0.22465920448303223,7443.613332366944,2442.70361328125,-0.006049338029697537,0.3,0.0003,0.033338092,3710,-2.001226806640625,0.076953125
99,963,200.0,373,572.58,95488,0.18026655912399292,9010.745336914062,8199.177734375,-0.003267288370989263,0.3,0.0003,0.0059626778,3720,-1.8033866047859193,0.0
99,963,200.0,374,575.73,95744,0.04839134216308594,25730.051416015624,5295.50244140625,-0.0005583782913163304,0.3,0.0003,8.540624e-05,3730,-1.7325208187103271,0.0
99,963,200.0,375,576.91,96000,0.06059342622756958,10017.040856933594,8901.6845703125,-0.0008257601410150528,0.3,0.0003,0.00087758317,3740,-1.7402788698673248,0.0
99,962,200.0,376,579.36,96256,0.20555788278579712,14856.182885742188,6188.5693359375,0.0001945843920111656,0.3,0.0003,0.0017852753,3750,-1.837449187040329,0.0
100,963,200.0,377,581.67,96512,0.25076204538345337,17374.30129394531,9420.0732421875,-0.0003662848612293601,0.3,0.0003,0.0040453197,3760,-1.4314930260181427,0.0
100,963,200.0,378,579.1,96768,0.18005627393722534,7868.376094055176,111.34545135498047,0.0003849440428894013,0.3,0.0003,0.0068232943,3770,-1.6870215833187103,0.0
100,963,200.0,379,576.28,97024,0.20210683345794678,11814.59970703125,8693.6396484375,-0.0024845871375873685,0.3,0.0003,0.0032119052,3780,-1.9333256602287292,0.0
101,963,200.0,380,566.68,97280,0.2054186463356018,15973.201391601562,9199.765625,0.000306487106718123,0.3,0.0003,0.00011841976,3790,-2.0773318648338317,0.0
101,963,200.0,381,563.31,97536,-0.016041874885559082,12435.052880859375,7264.0009765625,-0.00015030034119263292,0.3,0.0003,8.181203e-05,3800,-2.102360951900482,0.0
101,963,200.0,382,564.33,97792,0.239266037940979,9449.232983398437,5301.84130859375,-0.00029007482808083294,0.3,0.0003,0.00031843944,3810,-2.119091773033142,0.0
101,963,200.0,383,558.89,98048,0.24744027853012085,7554.343865966797,2098.4951171875,-0.0016798926400952042,0.3,0.0003,0.001978604,3820,-2.1231411933898925,0.0
102,963,200.0,384,557.89,98304,0.1239357590675354,13393.26572265625,4537.44873046875,-0.0010097856167703867,0.3,0.0003,0.0011831177,3830,-2.011002427339554,0.0
102,963,200.0,385,552.99,98560,0.26060986518859863,17978.873413085938,12276.23828125,-0.003425988368690014,0.3,0.0003,0.0069487332,3840,-2.1791717529296877,0.0
102,963,200.0,386,552.79,98816,0.13528352975845337,12482.163012695313,7801.73828125,-0.0023502617608755828,0.3,0.0003,0.010852526,3850,-2.221216058731079,0.01015625
102,963,200.0,387,553.38,99072,0.1557874083518982,21614.466577148436,19169.990234375,-0.0009596246294677257,0.3,0.0003,0.0020213078,3860,-2.1177215933799745,0.0
103,963,200.0,388,555.26,99328,0.22842305898666382,8330.452377319336,3547.015380859375,-0.002502021985128522,0.3,0.0003,0.0017183002,3870,-2.1738782644271852,0.0
103,963,200.0,389,556.78,99584,0.24034565687179565,9687.263861083984,5938.91357421875,-0.005446870811283588,0.3,0.0003,0.0086171385,3880,-2.2749276995658874,0.006640625
103,963,200.0,390,550.5,99840,0.25987666845321655,8985.830514526368,3538.898193359375,-0.0025321476568933576,0.3,0.0003,0.0014213633,3890,-2.3650770783424377,0.003125
104,962,200.0,391,552.09,100096,0.2521169185638428,18386.412158203126,11791.482421875,-0.0036918047117069364,0.3,0.0003,0.0042255027,3900,-2.29723345041275,0.0
104,962,200.0,392,548.84,100352,0.2253742814064026,9308.657553100586,2637.94921875,-0.0003822074853815138,0.3,0.0003,4.3474138e-05,3910,-2.269920802116394,0.0
104,962,200.0,393,543.28,100608,0.2793654203414917,11047.780442810059,8165.01904296875,-0.0013804256625007838,0.3,0.0003,0.0005449529,3920,-2.2877980351448057,0.0
104,962,200.0,394,542.71,100864,0.17010492086410522,27680.88125,12238.5419921875,-0.0012001221301034092,0.3,0.0003,0.00023199106,3930,-2.2455246925354,0.0
105,962,200.0,395,546.24,101120,0.23485898971557617,20144.039392089842,14262.9638671875,-0.0027376767713576554,0.3,0.0003,0.0004610573,3940,-2.3627283573150635,0.0
105,962,200.0,396,549.94,101376,0.3314663767814636,16353.3439453125,6463.43505859375,-0.0015714526176452636,0.3,0.0003,0.001236843,3950,-2.231513035297394,0.0
105,962,200.0,397,548.94,101632,0.12456059455871582,13305.780407714843,1887.50927734375,-0.00015864939196035265,0.3,0.0003,9.282841e-05,3960,-2.303181767463684,0.0
105,962,200.0,398,552.01,101888,0.22815269231796265,9304.862426757812,7932.94580078125,-0.001714508840814233,0.3,0.0003,0.00032380666,3970,-2.2815243124961855,0.0
106,962,200.0,399,553.36,102144,0.24471116065979004,33586.79365234375,13886.23046875,-0.0012176664080470801,0.3,0.0003,0.00030396925,3980,-2.1580583691596984,0.0
106,962,200.0,400,559.26,102400,-0.17160511016845703,23184.272119140624,12681.3701171875,-0.00132945446530357,0.3,0.0003,0.00013828417,3990,-2.2241008162498472,0.0
106,961,200.0,401,559.23,102656,0.11637628078460693,11439.992260742187,1142.9459228515625,-0.0005125710740685463,0.3,0.0003,0.00013825623,4000,-2.2482627868652343,0.0
106,961,200.0,402,564.27,102912,0.18525218963623047,29844.7392578125,16718.44921875,-0.0013673654291778802,0.3,0.0003,0.00029906374,4010,-2.1961591720581053,0.0
107,961,200.0,403,564.51,103168,0.23879802227020264,16138.435107421876,8341.7978515625,-0.0009534389479085803,0.3,0.0003,0.0005333442,4020,-2.2063241839408874,0.0
107,961,200.0,404,564.52,103424,0.2006288766860962,9184.405145263672,706.2651977539062,-0.0019614766584709286,0.3,0.0003,0.0012176305,4030,-2.1930346846580506,0.0
107,961,200.0,405,551.7,103680,0.15789008140563965,21084.910986328126,15564.138671875,0.0026920257951132953,0.3,0.0003,0.00028251368,4040,-1.9904946088790894,0.0
108,961,200.0,406,560.75,103936,-0.18131744861602783,24748.290600585937,6756.8994140625,-0.0017693136120215057,0.3,0.0003,0.00037051318,4050,-2.349513065814972,0.0
108,961,200.0,407,570.59,104192,0.05984365940093994,13211.314208984375,4170.126953125,-0.0003330164821818471,0.3,0.0003,6.0953666e-05,4060,-2.2365554094314577,0.0
108,961,200.0,408,559.37,104448,-0.053326964378356934,12432.531665039063,5502.84423828125,-0.0008944434346631169,0.3,0.0003,0.00019169971,4070,-2.2321560621261596,0.0
108,961,200.0,409,559.62,104704,0.12052327394485474,16582.978857421876,13273.4736328125,-0.00023709728848189115,0.3,0.0003,8.761627e-05,4080,-2.262998712062836,0.0
109,961,200.0,410,555.69,104960,0.1526622176170349,8629.727093505859,305.860107421875,-0.0006485480815172195,0.3,0.0003,0.00016635098,4090,-2.3252620339393615,0.0
109,961,200.0,411,557.27,105216,0.25694775581359863,11149.346826171875,9409.2333984375,-0.0021938171004876493,0.3,0.0003,0.00092839263,4100,-2.246964418888092,0.0
109,961,200.0,412,558.64,105472,0.13969743251800537,23897.85849609375,11729.0693359375,-0.0027410170063376428,0.3,0.0003,0.0013426305,4110,-2.240645730495453,0.0
109,961,200.0,413,570.62,105728,0.2243775725364685,13735.719384765625,5800.1796875,-0.00023697572760283947,0.3,0.0003,4.0574465e-05,4120,-2.2035958886146547,0.0
110,961,200.0,414,564.25,105984,0.25127655267715454,14458.966357421876,7345.373046875,-0.0002625127788633108,0.3,0.0003,0.00021766801,4130,-2.1845403909683228,0.0
110,961,200.0,415,566.12,106240,0.14210987091064453,8144.550463867187,4630.7451171875,-0.0016583864344283938,0.3,0.0003,0.00045269984,4140,-2.4133779883384703,0.0
110,961,200.0,416,573.23,106496,0.2230386734008789,8432.519268798827,2553.046142578125,-0.0033277566311880947,0.3,0.0003,0.0046332576,4150,-2.2532074213027955,0.0
110,961,200.0,417,573.08,106752,0.1410086750984192,15777.298388671876,8537.490234375,-0.008622060599736869,0.3,0.0003,0.003711882,4160,-2.2976178765296935,0.002734375
111,961,200.0,418,574.74,107008,0.22720956802368164,7522.42121887207,2460.380615234375,-0.0009065233753062785,0.3,0.0003,0.0017243989,4170,-2.3279184222221376,0.0
111,962,200.0,419,584.29,107264,0.19011008739471436,8340.650848388672,7606.34716796875,-0.0011620381847023964,0.3,0.0003,0.0005205057,4180,-2.0610186636447905,0.0
111,962,200.0,420,586.42,107520,0.12266808748245239,32555.271875,18654.61328125,-0.0001903143245726824,0.3,0.0003,5.8011152e-05,4190,-2.1887327075004577,0.0
112,962,200.0,421,585.9,107776,0.24873900413513184,7749.978747558594,2693.085205078125,-0.0033445856999605892,0.3,0.0003,0.0051347287,4200,-2.117776346206665,0.00078125
112,962,200.0,422,588.94,108032,0.22827935218811035,19057.36687011719,9654.28515625,-0.00908403256908059,0.3,0.0003,0.015823033,4210,-2.1643238425254823,0.034765625
112,962,200.0,423,597.53,108288,0.24401253461837769,14761.577001953125,5482.3525390625,-0.0018950765021145343,0.3,0.0003,0.0020532985,4220,-1.9412585258483888,0.0
112,962,200.0,424,593.68,108544,0.2206147313117981,11567.045631408691,7942.5400390625,-0.0011053073685616255,0.3,0.0003,0.00082188495,4230,-1.8671347141265868,0.0
113,962,200.0,425,591.12,108800,0.2254900336265564,8146.896826171875,5257.853515625,-0.004499305482022464,0.3,0.0003,0.0056962194,4240,-1.8854010462760926,0.0015625
113,962,200.0,426,590.67,109056,0.2417241334915161,7173.039678192139,1915.3602294921875,-0.005530819203704596,0.3,0.0003,0.0038074323,4250,-2.0096766114234925,0.002734375
113,962,200.0,427,595.93,109312,0.1745595932006836,25108.278515625,11607.859375,-0.00118871433660388,0.3,0.0003,0.00064000045,4260,-1.8611221611499786,0.0
113,962,200.0,428,598.53,109568,0.25144147872924805,7850.869468688965,5177.5849609375,0.0003568371757864952,0.3,0.0003,0.003924568,4270,-1.8017131209373474,0.0
114,962,200.0,429,605.27,109824,0.2630433440208435,9744.66820678711,9295.5166015625,-0.005391386174596846,0.3,0.0003,0.018332388,4280,-2.1416981339454653,0.019140625
114,962,200.0,430,606.98,110080,0.2472565770149231,20188.41555175781,13091.185546875,-0.006612944463267922,0.3,0.0003,0.01819579,4290,-2.0543151557445527,0.05078125
114,962,200.0,431,607.57,110336,0.1881173849105835,8143.977035522461,2692.7021484375,-0.0018533924769144506,0.3,0.0003,0.0034393256,4300,-2.0140570044517516,0.0
114,962,200.0,432,601.06,110592,0.21112459897994995,7479.054063415528,1954.8564453125,-0.001146187074482441,0.3,0.0003,0.0010752243,4310,-1.9330264627933502,0.0
115,962,200.0,433,598.26,110848,0.11302006244659424,16228.445556640625,8816.4072265625,-0.0011226958828046917,0.3,0.0003,0.00039020902,4320,-1.7243890523910523,0.0
115,962,200.0,434,601.32,111104,0.24717825651168823,14821.293115234375,11606.9208984375,4.480083007365465e-05,0.3,0.0003,0.000101659214,4330,-2.0443196892738342,0.0
115,962,200.0,435,602.67,111360,0.18837714195251465,17308.454223632812,5520.373046875,-0.003723230492323637,0.3,0.0003,0.002833505,4340,-1.9841033697128296,0.0
115,963,200.0,436,597.96,111616,0.17319709062576294,10213.113208007813,4138.46875,-0.0004937655059620738,0.3,0.0003,0.0015249453,4350,-1.8806584835052491,0.0
116,963,200.0,437,591.88,111872,0.18144357204437256,28419.7537109375,3644.70068359375,-0.0010276256594806909,0.3,0.0003,0.00040561543,4360,-2.115348529815674,0.0
116,963,200.0,438,595.11,112128,0.2532859444618225,7498.524346160889,5414.43603515625,-0.0035018287715502085,0.3,0.0003,0.0012507148,4370,-2.1557702302932737,0.0
116,963,200.0,439,594.48,112384,-0.04387819766998291,25352.152099609375,8041.5,-0.002733022440224886,0.3,0.0003,0.0016661244,4380,-2.0836438179016112,0.00078125
116,963,200.0,440,579.76,112640,0.21434426307678223,11431.98046875,4288.8720703125,0.0001804916188120842,0.3,0.0003,5.3579453e-05,4390,-2.162431061267853,0.0
117,963,200.0,441,583.78,112896,0.2760814428329468,17805.710668945314,10388.8408203125,-0.0006793862208724022,0.3,0.0003,0.00015442586,4400,-2.06447674036026,0.0
117,963,200.0,442,584.82,113152,-0.046839356422424316,21191.637255859376,9894.59375,-0.0027046295581385493,0.3,0.0003,0.0010368358,4410,-2.171797847747803,0.0
117,963,200.0,443,581.13,113408,0.1868332028388977,9792.317944335937,3700.948486328125,-0.0053467221790924665,0.3,0.0003,0.0021660128,4420,-2.155420696735382,0.0
118,963,200.0,444,578.34,113664,0.17192834615707397,29497.98154296875,8695.6044921875,0.0004587953444570303,0.3,0.0003,0.00026351516,4430,-2.087521803379059,0.0
118,963,200.0,445,576.43,113920,0.289350688457489,13158.479833984375,7773.69287109375,-0.0006987991975620389,0.3,0.0003,0.00018846733,4440,-2.144233787059784,0.0
118,963,200.0,446,572.73,114176,0.1792704463005066,7961.338220214844,2016.006591796875,-0.0003330659703351557,0.3,0.0003,0.0004638927,4450,-1.9621499836444856,0.0
118,963,200.0,447,571.05,114432,0.18555545806884766,9054.772198486327,6421.1708984375,-0.0003910626284778118,0.3,0.0003,7.913355e-05,4460,-1.9377752184867858,0.0
119,963,200.0,448,571.67,114688,0.20353233814239502,17914.92880859375,12664.71484375,-0.00048646973446011545,0.3,0.0003,0.00018922589,4470,-2.076481282711029,0.0
119,963,200.0,449,577.96,114944,-0.014497876167297363,24232.467041015625,6902.09716796875,-0.00044380654580891135,0.3,0.0003,0.00033007422,4480,-1.7563305079936982,0.0
119,963,200.0,450,580.04,115200,0.23566406965255737,7932.234490966797,356.72955322265625,-0.0024094626540318133,0.3,0.0003,0.0011826707,4490,-2.178235042095184,0.0
119,963,200.0,451,571.53,115456,0.24023115634918213,8020.935241699219,2397.7666015625,-0.011549015028867871,0.3,0.0003,0.04360838,4500,-2.0191350042819978,0.110546875
120,963,200.0,452,579.49,115712,0.05180859565734863,32795.3734375,13501.46484375,-0.001438190066255629,0.3,0.0003,0.000582431,4510,-1.7294318497180938,0.0
120,963,200.0,453,579.56,115968,0.3020428419113159,9018.438049316406,8057.3916015625,-0.0011666169273667037,0.3,0.0003,0.0005125173,4520,-2.0901270151138305,0.0
120,963,200.0,454,579.65,116224,0.2171054482460022,11314.397802734375,7162.89990234375,-0.0018391853431239725,0.3,0.0003,0.004380693,4530,-2.0211650133132935,0.0
120,963,200.0,455,580.71,116480,0.187120258808136,31051.53173828125,11881.4697265625,0.00045866030268371105,0.3,0.0003,0.003987156,4540,-2.064225435256958,0.0
121,963,200.0,456,576.62,116736,0.23809140920639038,7674.005810546875,2757.276123046875,-0.003361843968741596,0.3,0.0003,0.009027952,4550,-2.0631174087524413,0.0
121,963,200.0,457,582.76,116992,0.21844267845153809,25156.404443359374,9433.97265625,-0.006935349409468472,0.3,0.0003,0.015606099,4560,-1.9823437333106995,0.043359375
121,964,200.0,458,584.48,117248,0.229570209980011,11605.498071289063,2489.560302734375,-0.0005966244265437126,0.3,0.0003,0.00014036708,4570,-1.8445657908916473,0.0
121,964,200.0,459,585.34,117504,0.160159170627594,15265.582516479491,8954.96875,-0.0007043283432722092,0.3,0.0003,0.0026558486,4580,-1.8190354228019714,0.0
122,964,200.0,460,585.91,117760,0.2788756489753723,23211.466552734375,15465.5703125,-0.0234892898472026,0.3,0.0003,0.037100397,4590,-1.8283171474933624,0.064453125
122,964,200.0,461,593.07,118016,0.2012566328048706,8522.198690795898,3433.605712890625,-0.002003934746608138,0.3,0.0003,0.004119886,4600,-2.009596574306488,0.0
122,964,200.0,462,592.66,118272,0.22062939405441284,19555.9447265625,6689.64404296875,-0.0002776547335088253,0.3,0.0003,0.00059599616,4610,-1.7314263224601745,0.0
122,964,200.0,463,592.32,118528,0.22562170028686523,7674.631121826172,4454.8232421875,-0.0033020827220752837,0.3,0.0003,0.0019742704,4620,-2.1938591837882995,0.00078125
123,964,200.0,464,588.24,118784,0.27583688497543335,10596.999695587157,8495.9384765625,-0.0004869564436376095,0.3,0.0003,0.00039087515,4630,-1.964018839597702,0.0
123,964,200.0,465,596.01,119040,0.22337102890014648,8114.435427856445,5307.5322265625,-0.004699323931708932,0.3,0.0003,0.015886443,4640,-1.92806733250618,0.017578125
123,964,200.0,466,595.44,119296,0.23400402069091797,16327.358227539062,7478.11376953125,-0.0009440075606107712,0.3,0.0003,0.00095085334,4650,-1.8326314210891723,0.0
123,964,200.0,467,601.11,119552,0.2387714982032776,8590.67186279297,2859.988525390625,-0.0008854055544361472,0.3,0.0003,0.00046647014,4660,-1.4778649091720581,0.0
124,964,200.0,468,604.49,119808,0.2391015887260437,8853.045733642579,2620.377685546875,-0.001438861177302897,0.3,0.0003,0.00052713463,4670,-1.9701438009738923,0.0
124,964,200.0,469,609.34,120064,0.2143160104751587,20254.026708984376,15083.21875,-0.0003067066660150886,0.3,0.0003,0.00016476447,4680,-1.5978178322315215,0.0
124,964,200.0,470,613.75,120320,0.14908456802368164,9165.406787109376,8139.6396484375,-0.00045561580918729305,0.3,0.0003,0.00014599017,4690,-1.840774142742157,0.0
124,964,200.0,471,616.1,120576,0.12076270580291748,11438.57021484375,7680.0986328125,-0.0006567874923348426,0.3,0.0003,0.0004764141,4700,-1.7089223206043243,0.0
125,964,200.0,472,618.09,120832,0.1538366675376892,23527.2380859375,11263.0009765625,0.000265275570563972,0.3,0.0003,5.9685903e-05,4710,-1.8388581931591035,0.0
125,964,200.0,473,614.78,121088,0.2674625515937805,18491.899462890626,8503.0458984375,-0.0033330611884593965,0.3,0.0003,0.0009902727,4720,-2.010511910915375,0.0
125,964,200.0,474,611.74,121344,0.23734885454177856,12103.404370117187,6550.12109375,0.0007067661848850548,0.3,0.0003,0.00055873,4730,-1.911975383758545,0.0
126,964,200.0,475,613.5,121600,0.15684646368026733,7820.496899414063,5694.080078125,0.00011323727667331696,0.3,0.0003,0.00011386676,4740,-1.8001642644405365,0.0
126,964,200.0,476,614.6,121856,0.20089805126190186,8169.205224609375,7356.49169921875,-0.0016911682207137347,0.3,0.0003,0.011729399,4750,-1.922578603029251,0.003515625
126,964,200.0,477,622.28,122112,0.006477296352386475,38683.019921875,17637.810546875,0.001490413025021553,0.3,0.0003,0.020697732,4760,-2.149679946899414,0.05078125
126,964,200.0,478,617.89,122368,-0.007218718528747559,11793.133679199218,5141.60205078125,-0.0021510253194719554,0.3,0.0003,0.0014656666,4770,-2.084486162662506,0.0
127,964,200.0,479,616.35,122624,-0.4711263179779053,5477.71083984375,2355.55712890625,-0.0008101115701720119,0.3,0.0003,7.105968e-05,4780,-2.3755210757255556,0.0
127,964,200.0,480,615.18,122880,0.09196877479553223,33132.3533203125,22733.39453125,-0.0009518853621557355,0.3,0.0003,7.200823e-05,4790,-2.0979170560836793,0.0
127,964,200.0,481,613.48,123136,0.010654985904693604,29263.981640625,13025.16015625,-0.0011177862295880913,0.3,0.0003,0.00023981021,4800,-2.1844502210617067,0.0
127,965,200.0,482,611.34,123392,0.28189390897750854,10279.804124450684,204.2681884765625,-0.0011366209597326814,0.3,0.0003,0.00017339038,4810,-2.235295224189758,0.0
128,965,200.0,483,626.07,123648,0.07598787546157837,18535.515087890624,5073.9912109375,-0.0006569491233676672,0.3,0.0003,0.00015797908,4820,-2.243082308769226,0.0
128,965,200.0,484,624.83,123904,0.13094013929367065,29329.51845703125,10663.810546875,-0.00037782639265060425,0.3,0.0003,0.00011220481,4830,-2.2069071888923646,0.0
128,965,200.0,485,614.86,124160,0.21909594535827637,9909.777661132812,6595.5771484375,-0.0002884192392230034,0.3,0.0003,3.6252663e-05,4840,-2.234727144241333,0.0
128,965,200.0,486,620.91,124416,0.23881733417510986,8310.329696655273,8143.61669921875,-0.004994210868608207,0.3,0.0003,0.006948334,4850,-2.2947250247001647,0.0046875
129,965,200.0,487,623.1,124672,0.19925159215927124,29023.57470703125,6881.2177734375,-0.002313376753591001,0.3,0.0003,0.0018846677,4860,-1.9789051830768585,0.0
129,965,200.0,488,623.53,124928,0.12997043132781982,8875.158374023438,5950.96875,-0.00046063682530075314,0.3,0.0003,0.0002584902,4870,-2.3163649797439576,0.0
129,965,200.0,489,629.68,125184,0.10342073440551758,26550.102587890626,11260.44140625,-0.0003639859147369862,0.3,0.0003,4.787231e-05,4880,-2.245241415500641,0.0
129,965,200.0,490,628.51,125440,0.27155089378356934,8391.865466308594,5271.2509765625,-0.0038420033175498246,0.3,0.0003,0.0034930676,4890,-2.1630425095558166,0.002734375
130,965,200.0,491,616.83,125696,0.24370789527893066,15573.732275390625,5470.92578125,-0.0006885217269882559,0.3,0.0003,0.0011597411,4900,-2.1256893038749696,0.0
130,965,200.0,492,616.14,125952,0.2094975709915161,11422.049243164063,4396.14306640625,9.118130546994507e-05,0.3,0.0003,0.00025096512,4910,-2.112209105491638,0.0
130,965,200.0,493,616.64,126208,0.12194204330444336,9146.337377929687,2527.36376953125,-0.0005633903085254133,0.3,0.0003,0.00016610348,4920,-1.9737539410591125,0.0
131,965,200.0,494,613.98,126464,0.05424213409423828,18235.3025390625,8722.0556640625,-0.0005697378888726235,0.3,0.0003,0.00016609859,4930,-2.1239237070083616,0.0
131,965,200.0,495,615.91,126720,0.19824838638305664,8915.06812133789,5077.37109375,-0.00045578754507005217,0.3,0.0003,0.00010083942,4940,-1.961417829990387,0.0
131,965,200.0,496,625.14,126976,0.25535517930984497,10787.528979492188,1822.81396484375,-0.0016584791708737611,0.3,0.0003,0.0002931615,4950,-1.9389948725700379,0.0
131,965,200.0,497,621.47,127232,-0.14180195331573486,21515.83671875,14952.3798828125,-0.002770831878297031,0.3,0.0003,0.000633019,4960,-2.1649039030075072,0.0
132,965,200.0,498,618.04,127488,0.22366994619369507,15843.603564453126,4182.03515625,-0.0007389303762465715,0.3,0.0003,0.0004208763,4970,-1.7536151170730592,0.0
132,965,200.0,499,617.92,127744,0.09651446342468262,21699.076904296875,7845.86962890625,-0.0016797439893707633,0.3,0.0003,9.472389e-05,4980,-1.850607544183731,0.0
132,965,200.0,500,632.13,128000,-0.14883875846862793,12684.299389648437,8080.96337890625,-0.0009415933978743851,0.3,0.0003,0.00027735042,4990,-1.7659291744232177,0.0
132,965,200.0,501,635.77,128256,0.205899178981781,21850.72900390625,8203.7255859375,-0.0014856752706691623,0.3,0.0003,0.0013059024,5000,-2.104308474063873,0.0
133,965,200.0,502,637.47,128512,0.10269957780838013,22061.32861328125,10876.6044921875,-0.0009498666040599346,0.3,0.0003,0.0009989049,5010,-1.9942514777183533,0.0
133,965,200.0,503,636.21,128768,0.2272648811340332,13384.4224609375,7446.85595703125,-0.0013371914043091237,0.3,0.0003,0.00084528327,5020,-2.0634353280067446,0.0
133,965,200.0,504,644.15,129024,0.10541784763336182,8865.356811523438,3061.697509765625,-0.0002793034538626671,0.3,0.0003,0.00090850075,5030,-2.037486124038696,0.0
133,965,200.0,505,644.77,129280,0.1636996865272522,18732.251220703125,13979.0810546875,-0.0006190486368723213,0.3,0.0003,0.00012135436,5040,-2.0660588145256042,0.0
134,965,200.0,506,645.55,129536,0.25743651390075684,9081.717932128906,5472.2177734375,-0.0021065758308395745,0.3,0.0003,0.0016660362,5050,-1.8353728950023651,0.0
134,965,200.0,507,639.82,129792,-0.019803762435913086,20976.676708984374,11010.20703125,-0.0003419631626456976,0.3,0.0003,0.00021888316,5060,-1.9438367187976837,0.0
134,965,200.0,508,642.04,130048,0.15797895193099976,12878.41798095703,3462.9599609375,-0.0005105069139972329,0.3,0.0003,0.00012425729,5070,-1.7652060866355896,0.0
134,965,200.0,509,654.06,130304,0.2569187879562378,15880.861715698242,4740.30029296875,-0.0010495608672499656,0.3,0.0003,0.0011756036,5080,-1.8825654208660125,0.0
135,965,200.0,510,655.59,130560,0.21708667278289795,9805.212145996094,4039.540283203125,-0.004370183777064085,0.3,0.0003,0.021181937,5090,-2.0465418815612795,0.019921875
135,965,200.0,511,656.14,130816,0.14326250553131104,15653.378833007813,7323.7880859375,-0.0013191782869398593,0.3,0.0003,0.000748676,5100,-1.8710759103298187,0.0
135,965,200.0,512,660.64,131072,0.20881325006484985,19592.663024902344,9091.541015625,2.775532193481922e-05,0.3,0.0003,3.326568e-05,5110,-1.971189171075821,0.0
136,965,200.0,513,661.41,131328,0.21026867628097534,9722.048773193359,5310.74267578125,-0.0024449277669191362,0.3,0.0003,0.0010627371,5120,-2.022623234987259,0.0
136,965,200.0,514,665.61,131584,-0.06100201606750488,11620.142053222657,4102.9951171875,-0.005390421394258738,0.3,0.0003,0.006297259,5130,-2.1091458678245543,0.00078125
136,965,200.0,515,673.01,131840,0.28727787733078003,9323.49482421875,8601.7685546875,-0.0039417451247572895,0.3,0.0003,0.00089317723,5140,-2.034435194730759,0.00078125
136,965,200.0,516,675.14,132096,0.2057008147239685,23913.79345703125,16701.65234375,-0.0013469366123899818,0.3,0.0003,0.001370746,5150,-1.8137902319431305,0.0
137,965,200.0,517,685.78,132352,0.13191324472427368,24718.4904296875,11167.470703125,-0.00044200806878507136,0.3,0.0003,4.686648e-05,5160,-1.9910048365592956,0.0
137,965,200.0,518,696.91,132608,0.19341659545898438,10988.869384765625,9084.94140625,-0.0018986697774380445,0.3,0.0003,0.00070539536,5170,-2.1912121891975405,0.0
137,965,200.0,519,696.41,132864,0.18797004222869873,16246.114819335937,7818.23828125,-0.00042165396735072136,0.3,0.0003,0.001003013,5180,-1.9382499277591705,0.0
137,965,200.0,520,696.27,133120,0.2153172492980957,12238.970007324218,2798.73193359375,-0.000917415414005518,0.3,0.0003,0.0004917248,5190,-1.9588843405246734,0.0
138,965,200.0,521,701.93,133376,0.21773695945739746,8274.819400024415,2930.70849609375,-0.0004975591029506177,0.3,0.0003,0.00017327769,5200,-1.8376262784004211,0.0
138,965,200.0,522,705.45,133632,0.10416585206985474,10440.332934570313,3719.057373046875,-0.0013779224827885628,0.3,0.0003,0.0002680982,5210,-2.0763121604919434,0.0
138,965,200.0,523,710.12,133888,0.1976792812347412,15829.163122558593,10208.216796875,-0.001416444405913353,0.3,0.0003,0.0011192248,5220,-2.089481604099274,0.0
138,965,200.0,524,714.26,134144,0.20777356624603271,8469.285546875,6059.7802734375,-0.0010198180796578526,0.3,0.0003,0.0035039268,5230,-1.8008885383605957,0.0
139,965,200.0,525,713.16,134400,0.22051531076431274,8361.754452514648,7686.6015625,-0.0009353288449347019,0.3,0.0003,0.00032094447,5240,-1.9106659770011902,0.0
139,965,200.0,526,709.9,134656,0.15916138887405396,12742.331994628907,4337.53173828125,-0.00039128503995016216,0.3,0.0003,0.00014941301,5250,-1.8887500524520875,0.0
139,965,200.0,527,709.83,134912,0.18068140745162964,16824.04267578125,11226.0908203125,-0.0001089646015316248,0.3,0.0003,0.00015039695,5260,-1.9779522240161895,0.0
140,965,200.0,528,707.46,135168,0.2763967514038086,10706.789721679688,3809.478271484375,-0.005974573735147715,0.3,0.0003,0.010467872,5270,-2.0705931067466734,0.00234375
140,965,200.0,529,719.53,135424,0.2435435652732849,8416.267932128907,4113.03271484375,0.0008533851476386189,0.3,0.0003,0.0013567486,5280,-1.9503073930740356,0.0
140,965,200.0,530,710.34,135680,0.16358423233032227,31075.59833984375,19524.88671875,-0.0004087453242391348,0.3,0.0003,8.159131e-05,5290,-2.101630413532257,0.0
140,965,200.0,531,707.59,135936,0.25933122634887695,11323.280041503906,5752.74853515625,-0.0027596164494752885,0.3,0.0003,0.0021036142,5300,-2.0977012753486632,0.0
141,965,200.0,532,707.87,136192,0.2549234628677368,7622.8590087890625,4975.57666015625,-0.0005182201741263271,0.3,0.0003,0.00041370047,5310,-2.1057806730270388,0.0
141,965,200.0,533,718.65,136448,0.17213672399520874,25347.097509765626,14921.8369140625,-0.00045200028689578174,0.3,0.0003,9.175134e-05,5320,-2.1241429328918455,0.0
141,965,200.0,534,713.51,136704,0.2657126784324646,8458.560733032227,630.2987670898438,-0.004611899238079786,0.3,0.0003,0.00660502,5330,-2.0579683065414427,0.00078125
141,965,200.0,535,714.14,136960,0.21874719858169556,7713.249661254883,2540.68017578125,-0.004618998989462853,0.3,0.0003,0.013064972,5340,-2.182788848876953,0.022265625
142,965,200.0,536,721.16,137216,0.1844962239265442,9733.256860351563,2843.54931640625,0.0006063978187739849,0.3,0.0003,0.00032403995,5350,-1.9395378708839417,0.0
142,965,200.0,537,720.87,137472,0.2956705093383789,16367.83876953125,10308.4765625,-0.0009458617423661053,0.3,0.0003,0.005678296,5360,-2.0822539210319517,0.0
142,965,200.0,538,717.96,137728,0.2221415638923645,8141.837890625,7545.88916015625,0.0006859152810648084,0.3,0.0003,0.0055516902,5370,-1.6953738987445832,0.0
142,965,200.0,539,717.83,137984,0.27790218591690063,8199.934658813476,7565.54541015625,-0.0006112591479904949,0.3,0.0003,0.00089202914,5380,-1.7159302234649658,0.0
143,965,200.0,540,725.44,138240,0.23375779390335083,12238.255236816407,7818.38818359375,-0.0012799432501196862,0.3,0.0003,0.00068923924,5390,-1.8382410526275634,0.0
143,965,200.0,541,726.88,138496,0.27115803956985474,24982.5474609375,11095.6064453125,-0.0024599759373813866,0.3,0.0003,0.004451344,5400,-1.9853296160697937,0.000390625
143,965,200.0,542,725.62,138752,0.2567042112350464,11029.459814453125,7843.7646484375,-0.002626409009099007,0.3,0.0003,0.009178341,5410,-2.0968409419059753,0.003125
144,965,200.0,543,722.84,139008,0.2833736538887024,8600.130853271485,3584.690185546875,-0.010734650120139123,0.3,0.0003,0.020733561,5420,-1.9221990823745727,0.045703125
144,965,200.0,544,718.54,139264,0.2288670539855957,18730.8005859375,8609.2001953125,-0.0008031735662370921,0.3,0.0003,0.008533191,5430,-1.8216395318508147,0.005078125
144,965,200.0,545,716.05,139520,0.2631238102912903,7771.073168945312,5443.830078125,0.00046802549622952937,0.3,0.0003,0.004397162,5440,-2.0249517261981964,0.0015625
144,965,200.0,546,715.13,139776,0.10265594720840454,19678.5158203125,6469.41064453125,-0.0005723891779780387,0.3,0.0003,8.489564e-05,5450,-1.9529390454292297,0.0
145,965,200.0,547,711.73,140032,0.23478859663009644,8130.461148071289,474.91510009765625,-0.0023109003668650985,0.3,0.0003,0.007095277,5460,-2.2015645623207094,0.001171875
145,965,200.0,548,709.89,140288,0.3020595908164978,14095.727514648437,7264.76171875,-0.0007047321647405625,0.3,0.0003,0.002273097,5470,-1.9769669055938721,0.0
145,965,200.0,549,708.87,140544,0.20288926362991333,10403.4111328125,7534.56689453125,0.0012261097377631812,0.3,0.0003,0.00097123045,5480,-2.062382125854492,0.0
145,965,200.0,550,706.12,140800,0.29113441705703735,8348.097607421874,2882.16357421875,-0.0012541221338324248,0.3,0.0003,0.0009508522,5490,-2.2738105177879335,0.0
146,965,200.0,551,707.54,141056,0.2807919383049011,9105.767407226562,5360.0693359375,-0.002242648252286017,0.3,0.0003,0.0026371265,5500,-2.0999877095222472,0.0
146,965,200.0,552,711.38,141312,0.22530359029769897,15747.381616210938,2965.312255859375,-0.0003760757041163743,0.3,0.0003,0.00028435956,5510,-1.9815886914730072,0.0
146,965,200.0,553,714.13,141568,0.25371551513671875,7652.97728881836,2612.535888671875,-0.0029474197537638245,0.3,0.0003,0.004178495,5520,-2.194235694408417,0.003125
146,965,200.0,554,718.37,141824,0.33053863048553467,7778.443923950195,7337.50537109375,-0.003556912241037935,0.3,0.0003,0.0033142155,5530,-2.017955130338669,0.001953125
147,965,200.0,555,713.16,142080,-0.016361236572265625,34120.50874023438,15342.5400390625,2.5764666497707366e-05,0.3,0.0003,0.0013049061,5540,-1.7156746327877044,0.0
147,965,200.0,556,721.14,142336,0.2536502480506897,9201.462365722657,6224.0205078125,-0.0014302883646450937,0.3,0.0003,0.0007057339,5550,-1.9595016717910767,0.0
147,965,200.0,557,721.41,142592,0.15915918350219727,9959.529150390625,5928.3115234375,-0.0021737523609772326,0.3,0.0003,0.0022870009,5560,-2.0536222100257873,0.0
147,965,200.0,558,722.43,142848,0.31393468379974365,8200.916540527343,5180.72119140625,-0.0032703124219551683,0.3,0.0003,0.0020508436,5570,-1.8250666797161101,0.0
148,965,200.0,559,722.39,143104,0.1365809440612793,22858.523095703124,6944.56689453125,-0.0018973430851474404,0.3,0.0003,0.0010714906,5580,-1.7479633688926697,0.0
148,965,200.0,560,726.93,143360,0.27172333002090454,8661.612365722656,4917.29931640625,-0.004301938973367214,0.3,0.0003,0.011315788,5590,-1.7282178699970245,0.0140625
148,965,200.0,561,722.97,143616,0.2932734489440918,7861.503829956055,5085.76806640625,-0.004957208165433258,0.3,0.0003,0.012121685,5600,-1.5970983326435089,0.013671875
149,965,200.0,562,724.21,143872,0.3236958980560303,16731.27080078125,10073.5751953125,-0.0006153500988148152,0.3,0.0003,0.0011708732,5610,-1.5643694639205932,0.0
149,965,200.0,563,728.05,144128,0.15964573621749878,9398.561450195313,7813.0732421875,-0.003409591666422784,0.3,0.0003,0.0024258795,5620,-1.9127310156822204,0.0
149,965,200.0,564,726.88,144384,0.25258398056030273,11340.67548828125,4939.32470703125,0.0002044569468125701,0.3,0.0003,0.001044706,5630,-1.6427519083023072,0.0
149,965,200.0,565,730.9,144640,0.24231070280075073,8020.46244354248,7837.4443359375,0.000894701579818502,0.3,0.0003,0.00047477032,5640,-1.5729904472827911,0.0
150,965,200.0,566,733.84,144896,0.25655990839004517,15486.078515625,10342.4228515625,-0.0013655571965500712,0.3,0.0003,0.00452587,5650,-1.6657822370529174,0.0
150,965,200.0,567,727.98,145152,0.20457518100738525,8593.277099609375,5434.94580078125,-0.0004430753295309842,0.3,0.0003,0.0003156613,5660,-1.5605160236358642,0.0
150,965,200.0,568,731.28,145408,0.25548601150512695,8263.575448608399,7757.24609375,-0.0030104518751613795,0.3,0.0003,0.002047723,5670,-1.6861038386821747,0.0
150,965,200.0,569,722.26,145664,0.1665995717048645,11585.40968017578,8195.3623046875,-0.00012502782046794892,0.3,0.0003,0.0013606967,5680,-1.2542456567287446,0.0
151,965,200.0,570,728.01,145920,0.13336330652236938,8763.86537475586,650.1243896484375,-0.0025044369045644998,0.3,0.0003,0.0030984792,5690,-1.9970884144306182,0.0
151,965,200.0,571,732.71,146176,0.29301875829696655,8915.068298339844,7926.1181640625,-0.0017968217376619577,0.3,0.0003,0.0057724547,5700,-1.8990366458892822,0.000390625
151,965,200.0,572,734.08,146432,0.1060362458229065,10093.591687011718,3013.59375,-0.001158666191622615,0.3,0.0003,0.0010302714,5710,-1.7690712690353394,0.0
151,965,200.0,573,733.66,146688,0.19017654657363892,15526.372387695312,12550.0390625,-0.00028930469416081904,0.3,0.0003,0.00027239602,5720,-1.6083999037742616,0.0
152,965,200.0,574,727.51,146944,0.2589148283004761,7212.999666595459,4181.79248046875,-2.05429270863533e-05,0.3,0.0003,0.0068637272,5730,-1.927175271511078,0.0
152,965,200.0,575,727.82,147200,0.22205191850662231,8159.006799316407,2158.6455078125,-0.001915368263144046,0.3,0.0003,0.0016681026,5740,-1.884831291437149,0.0
152,965,200.0,576,732.47,147456,0.297995388507843,8729.284375,3123.951171875,-0.001477068883832544,0.3,0.0003,0.00081833056,5750,-1.5911177933216094,0.0
152,965,200.0,577,742.24,147712,0.29065102338790894,16827.92236328125,3171.278564453125,-0.0020652437931858005,0.3,0.0003,0.003906299,5760,-1.8705278098583222,0.0
153,965,200.0,578,738.58,147968,0.043207526206970215,10230.48836669922,5742.41650390625,-0.005210899724625051,0.3,0.0003,0.009597907,5770,-1.9677570521831513,0.0046875
153,965,200.0,579,731.53,148224,0.2978793978691101,8383.985858154298,5384.521484375,-0.002617647312581539,0.3,0.0003,0.0036470173,5780,-1.3732622981071472,0.000390625
153,965,200.0,580,737.03,148480,0.2912144064903259,14693.877197265625,6103.11181640625,-0.002082346333190799,0.3,0.0003,0.004986119,5790,-1.5174288332462311,0.0
154,965,200.0,581,735.74,148736,0.27530479431152344,8125.143051147461,3432.893798828125,-0.0022757549304515123,0.3,0.0003,0.011659377,5800,-1.6280763447284698,0.009765625
154,965,200.0,582,738.6,148992,0.2962532043457031,7606.110415649414,5514.650390625,-0.0005742278881371021,0.3,0.0003,0.006513789,5810,-1.4994024276733398,0.001953125
154,965,200.0,583,733.57,149248,0.13306450843811035,14823.862475585938,9745.111328125,0.0003446863207500428,0.3,0.0003,0.0015927709,5820,-1.4930646240711212,0.0
154,965,200.0,584,732.42,149504,0.2831212282180786,15115.62490234375,2385.5986328125,-0.00014094708021730184,0.3,0.0003,0.0002276618,5830,-1.4585830390453338,0.0
155,965,200.0,585,748.27,149760,0.3425947427749634,8825.210040283204,6134.09375,-0.00496111010434106,0.3,0.0003,0.018749133,5840,-1.8128881573677063,0.025
155,965,200.0,586,753.78,150016,0.2891499996185303,9736.60489501953,8400.7734375,-0.005487763579003513,0.3,0.0003,0.01964396,5850,-1.9355387032032012,0.046484375
155,965,200.0,587,738.77,150272,0.24163496494293213,14910.347009277344,7054.28271484375,-0.001267391094006598,0.3,0.0003,0.0035337366,5860,-1.8748486280441283,0.0
155,965,200.0,588,743.39,150528,0.15350115299224854,9646.997924804688,4452.70556640625,0.0004928479436784982,0.3,0.0003,0.00040054112,5870,-1.8376179337501526,0.0
156,965,200.0,589,745.33,150784,0.2822687029838562,8565.454650878906,813.3472290039062,-0.0012080228654667736,0.3,0.0003,0.0010098927,5880,-1.8599499940872193,0.0
156,965,200.0,590,760.08,151040,0.3289351463317871,7834.994903564453,2844.253173828125,-0.006321061658672989,0.3,0.0003,0.020795345,5890,-1.904562270641327,0.04609375
156,965,200.0,591,762.72,151296,0.025431394577026367,30423.22529296875,17295.33203125,0.001158073218539357,0.3,0.0003,0.0010240779,5900,-1.9007904648780822,0.0
157,965,200.0,592,761.74,151552,0.2531164884567261,9190.148168945312,5504.54736328125,-0.006535885599441826,0.3,0.0003,0.013283574,5910,-1.7933456897735596,0.008984375
157,965,200.0,593,761.03,151808,0.30779480934143066,7713.612808227539,340.5193786621094,-0.0015379441902041435,0.3,0.0003,0.0020795697,5920,-1.9703902721405029,0.0
157,965,200.0,594,760.85,152064,0.29014986753463745,10125.567626953125,6390.0791015625,-0.0023940164013765753,0.3,0.0003,0.01708404,5930,-1.836659961938858,0.05625
157,965,200.0,595,755.22,152320,0.040060997009277344,20603.529516601564,8047.29345703125,-0.0059652373427525164,0.3,0.0003,0.005226271,5940,-1.3385980904102326,0.003125
158,965,200.0,596,754.18,152576,0.06001335382461548,26908.477880859376,10368.0029296875,-0.0014659707201644778,0.3,0.0003,0.0025816266,5950,-2.096040439605713,0.0
158,965,200.0,597,760.32,152832,0.28288811445236206,8546.590533447266,7934.23046875,-0.0014095019432716072,0.3,0.0003,0.0010537065,5960,-2.021493899822235,0.0
158,965,200.0,598,756.97,153088,0.2846355438232422,18599.360424804687,12183.5673828125,-0.007930599513929337,0.3,0.0003,0.006507838,5970,-1.9767530143260956,0.008984375
158,965,200.0,599,753.63,153344,0.25488513708114624,7353.64239692688,60.80520248413086,-0.002685738727450371,0.3,0.0003,0.0200917,5980,-1.4368085980415344,0.025
159,965,200.0,600,751.3,153600,0.23185813426971436,7558.431359863282,2422.9375,0.0010489778302144258,0.3,0.0003,0.0022890393,5990,-1.924598628282547,0.0
159,965,200.0,601,746.05,153856,0.08475738763809204,21059.750219726564,9744.4365234375,-0.0018625974305905401,0.3,0.0003,0.0026251252,6000,-2.164699470996857,0.0
159,965,200.0,602,745.74,154112,0.21910732984542847,24214.354248046875,13559.080078125,-0.001441321289166808,0.3,0.0003,0.00092907064,6010,-1.6311214804649352,0.0
159,965,200.0,603,744.12,154368,0.32331883907318115,10175.034342193603,2484.611572265625,-3.283219411969185e-05,0.3,0.0003,0.0013579403,6020,-1.95981605052948,0.0
160,965,200.0,604,741.06,154624,0.31318235397338867,10807.868202972411,6995.595703125,-0.0006409398512914777,0.3,0.0003,0.05070234,6030,-1.7476658523082733,0.086328125
160,965,200.0,605,737.82,154880,0.25977790355682373,20801.888818359374,7283.60009765625,-6.000744178891182e-07,0.3,0.0003,0.00023772195,6040,-2.1560415387153626,0.0
160,965,200.0,606,741.85,155136,0.2301918864250183,9490.076635742187,3197.29150390625,-0.002487357286736369,0.3,0.0003,0.0015147252,6050,-2.0434833645820616,0.0
161,965,200.0,607,746.82,155392,0.31525081396102905,8104.354028320313,2791.698974609375,-0.003681256389245391,0.3,0.0003,0.0067609353,6060,-2.0992050886154177,0.00234375
161,965,200.0,608,741.57,155648,0.3547987937927246,11875.784375,6667.40185546875,0.00011590952053666114,0.3,0.0003,0.0018424126,6070,-2.014018791913986,0.0
161,965,200.0,609,746.36,155904,0.20781254768371582,15531.377172851562,2885.77734375,-0.003258205181919038,0.3,0.0003,0.003510177,6080,-2.0504069566726684,0.0
161,965,200.0,610,748.85,156160,0.2765194773674011,8176.065026855469,5608.61376953125,-0.004746648576110601,0.3,0.0003,0.008291353,6090,-2.0559195280075073,0.01171875
162,965,200.0,611,741.55,156416,0.19220417737960815,16662.562646484374,8187.43896484375,-0.0026997349923476577,0.3,0.0003,0.0012646026,6100,-1.9984748542308808,0.0
162,965,200.0,612,749.32,156672,0.28009504079818726,9980.984619140625,6789.18310546875,-0.001482714747544378,0.3,0.0003,0.002959641,6110,-1.7607594728469849,0.0
162,965,200.0,613,753.25,156928,0.14162451028823853,13779.198071289062,9562.6103515625,-0.0006900992244482041,0.3,0.0003,0.004180179,6120,-2.122059965133667,0.00234375
162,965,200.0,614,747.3,157184,0.2805522680282593,8437.496557617187,5286.125,-0.0008982726780232042,0.3,0.0003,0.00017666048,6130,-1.8153975665569306,0.0
163,964,200.0,615,744.75,157440,0.16853094100952148,9399.520288085938,3018.119384765625,-0.0017766334349289536,0.3,0.0003,0.0004471019,6140,-2.173428463935852,0.0
163,965,200.0,616,745.19,157696,0.16779547929763794,20464.493383789064,8838.7138671875,-0.0015410441905260087,0.3,0.0003,0.00046997983,6150,-2.0956663370132445,0.0
163,964,200.0,617,747.03,157952,0.024448394775390625,19441.696557617186,11148.5810546875,-0.001930199726484716,0.3,0.0003,0.00037659728,6160,-2.1060061693191527,0.0
163,964,200.0,618,752.6,158208,0.05260443687438965,24205.855615234374,4498.029296875,-0.001317126117646694,0.3,0.0003,0.00016388297,6170,-2.142565643787384,0.0
164,964,200.0,619,759.73,158464,0.27411818504333496,18331.551611328126,7599.2021484375,-0.00580142077524215,0.3,0.0003,0.0077978056,6180,-1.993028450012207,0.0046875
164,964,200.0,620,762.92,158720,0.3307226300239563,8999.718322753906,2750.087890625,-0.000803881383035332,0.3,0.0003,0.0010367956,6190,-2.0987035989761353,0.0
164,964,200.0,621,763.72,158976,-0.009431958198547363,19097.286083984374,9170.625,-0.002468967204913497,0.3,0.0003,0.0013734289,6200,-2.1512070298194885,0.0
165,965,200.0,622,767.61,159232,0.1755276322364807,9097.692126464844,813.1613159179688,-0.003767495066858828,0.3,0.0003,0.0022657323,6210,-2.0254984855651856,0.0
165,965,200.0,623,768.34,159488,0.20607179403305054,12965.57071533203,2997.31787109375,0.002876182459294796,0.3,0.0003,0.00065433094,6220,-2.145565414428711,0.0
165,964,200.0,624,772.46,159744,0.17771077156066895,12554.434252929688,5728.78173828125,-0.005028066399972886,0.3,0.0003,0.005506171,6230,-1.9383591055870055,0.0015625
165,964,200.0,625,773.68,160000,0.0361330509185791,20646.497509765624,14452.109375,-0.000851212558336556,0.3,0.0003,0.00092679635,6240,-2.0558459639549254,0.0
166,964,200.0,626,777.71,160256,0.1924663782119751,9611.044287109375,6947.83203125,-0.0013274746714159846,0.3,0.0003,0.0009313652,6250,-2.0876293778419495,0.0
166,964,200.0,627,786.75,160512,0.20954376459121704,10512.712939453126,7780.83837890625,-0.0009465058101341128,0.3,0.0003,0.0007619788,6260,-2.0542111992836,0.0
166,964,200.0,628,798.76,160768,0.038164377212524414,43883.06337890625,19943.7890625,-0.0006722105666995048,0.3,0.0003,0.00027031754,6270,-2.081616151332855,0.0
166,964,200.0,629,802.93,161024,0.23643970489501953,10039.381372070313,1149.3560791015625,-0.0004824822419323027,0.3,0.0003,6.922847e-05,6280,-2.010829484462738,0.0
167,964,200.0,630,801.73,161280,0.10844147205352783,34585.8580078125,22297.17578125,-0.0009553667856380344,0.3,0.0003,0.000595103,6290,-1.984778678417206,0.0
167,964,200.0,631,813.41,161536,0.2413395643234253,23551.294970703126,12709.6806640625,-0.001398387667723,0.3,0.0003,0.00021075923,6300,-2.1123093605041503,0.0
167,964,200.0,632,811.94,161792,0.22843438386917114,10236.50880126953,5588.93798828125,-0.003539366857148707,0.3,0.0003,0.0024049461,6310,-2.1414487242698668,0.0
167,964,200.0,633,808.73,162048,0.3154594898223877,8181.908093261719,3393.824462890625,-0.007254348101560027,0.3,0.0003,0.017363757,6320,-2.008585715293884,0.021484375
168,964,200.0,634,807.42,162304,0.3314884901046753,19867.957177734374,10921.8427734375,-0.007803173782303929,0.3,0.0003,0.014077892,6330,-1.9874152064323425,0.026171875
168,964,200.0,635,809.05,162560,0.19767487049102783,8235.130963134765,2193.96875,-0.00027995011187158524,0.3,0.0003,0.0038482726,6340,-1.7458261907100678,0.0
168,964,200.0,636,812.16,162816,0.028541743755340576,22106.247119140626,14197.3486328125,-0.005080597870983183,0.3,0.0003,0.003836356,6350,-2.060095262527466,0.0
169,964,200.0,637,820.97,163072,0.07682383060455322,25807.273193359375,12124.0693359375,-0.0009309313725680112,0.3,0.0003,0.00063738413,6360,-1.922113049030304,0.0
169,964,200.0,638,818.46,163328,0.23577076196670532,10964.72236328125,3443.29541015625,-0.0018540970049798489,0.3,0.0003,0.0009812801,6370,-1.701789253950119,0.0
169,964,200.0,639,821.69,163584,0.2533950209617615,7933.99439086914,365.7002868652344,-0.0018655877793207765,0.3,0.0003,0.0010434196,6380,-1.9014533638954163,0.0
169,964,200.0,640,811.95,163840,0.2929779887199402,7667.332006835937,2578.992431640625,-0.003722608555108309,0.3,0.0003,0.0032844024,6390,-1.7604420185089111,0.001171875
170,964,200.0,641,810.77,164096,0.26844990253448486,15359.006469726562,5329.9599609375,-0.0035729656694456933,0.3,0.0003,0.013762951,6400,-1.8190117061138154,0.009375
170,964,200.0,642,814.33,164352,0.25477486848831177,8489.532531738281,5493.73779296875,-0.000955424690619111,0.3,0.0003,0.0028115485,6410,-2.041832369565964,0.0
170,964,200.0,643,820.68,164608,0.09701097011566162,23411.243212890626,15557.4619140625,-0.0037256655748933555,0.3,0.0003,0.0014933688,6420,-1.8934989988803863,0.0
170,964,200.0,644,819.42,164864,0.1671115756034851,27029.8380859375,16258.345703125,-0.0032772027887403967,0.3,0.0003,0.0017786343,6430,-1.8357528507709504,0.0
171,964,200.0,645,820.54,165120,0.16774415969848633,9042.133764648437,4059.48583984375,0.0004029346397146583,0.3,0.0003,0.0006532825,6440,-1.7453870117664336,0.0
171,964,200.0,646,814.46,165376,-0.1222459077835083,2672.60361328125,866.3148803710938,-0.0015737621346488596,0.3,0.0003,0.00043938588,6450,-1.2011851847171784,0.0
171,964,200.0,647,829.7,165632,0.06379729509353638,11682.904321289063,2829.5205078125,-0.000847404554951936,0.3,0.0003,0.0006717548,6460,-1.785869014263153,0.0
171,964,200.0,648,838.68,165888,0.019243240356445312,20504.53371582031,13570.7158203125,-0.00339522126596421,0.3,0.0003,0.008177174,6470,-1.8455721974372863,0.00390625
172,964,200.0,649,835.26,166144,0.12075799703598022,11670.070831298828,6393.23974609375,-0.0007378229056484997,0.3,0.0003,0.0010461721,6480,-1.9583898544311524,0.0
172,964,200.0,650,838.98,166400,0.06233710050582886,21830.62978515625,14645.310546875,-0.006805094331502915,0.3,0.0003,0.004235445,6490,-1.9399770438671111,0.0
172,964,200.0,651,843.5,166656,-0.08304977416992188,18478.168115234374,10847.1806640625,-0.00999324363656342,0.3,0.0003,0.0068100253,6500,-1.9152257978916167,0.0046875
173,964,200.0,652,844.5,166912,0.12447595596313477,16758.332153320312,12514.2470703125,0.0008912731660529971,0.3,0.0003,7.665297e-05,6510,-1.9673312485218049,0.0
173,964,200.0,653,838.25,167168,0.1941179633140564,12486.708184814453,7068.181640625,-0.0010456290561705827,0.3,0.0003,0.00046221376,6520,-1.9863649964332581,0.0
173,964,200.0,654,837.75,167424,0.2545156478881836,8590.641369628906,5961.63916015625,-0.0021477317437529563,0.3,0.0003,0.0010545766,6530,-2.2042487144470213,0.0
173,964,200.0,655,833.28,167680,0.25046247243881226,15511.967974853516,6469.14013671875,-0.0023212083033286035,0.3,0.0003,0.0021344307,6540,-2.042851585149765,0.0
174,964,200.0,656,839.12,167936,0.2938117980957031,8291.0341796875,5568.5419921875,-0.005174585687927902,0.3,0.0003,0.002269351,6550,-1.9920035898685455,0.001171875
174,964,200.0,657,840.78,168192,0.32829469442367554,11524.643969726563,2868.1611328125,-0.006796853942796588,0.3,0.0003,0.0055021103,6560,-1.9230357706546783,0.0078125
174,964,200.0,658,833.24,168448,0.32405728101730347,10305.00380859375,5307.91162109375,-0.0021244393195956946,0.3,0.0003,0.0006040714,6570,-2.1142750144004823,0.0
174,964,200.0,659,830.8,168704,0.27355819940567017,14960.16796875,7624.1015625,-0.006291946256533265,0.3,0.0003,0.01284513,6580,-2.0725147843360903,0.01484375
175,964,200.0,660,833.87,168960,0.1026068925857544,19848.239013671875,11531.009765625,-0.0011593792121857404,0.3,0.0003,0.0030770844,6590,-2.1828612446784974,0.0
175,964,200.0,661,828.66,169216,0.29796332120895386,9502.800561523438,2759.06591796875,-0.002359787281602621,0.3,0.0003,0.0019096008,6600,-1.9787864804267883,0.0
175,964,200.0,662,828.25,169472,0.3128277659416199,16912.418377685546,4809.2607421875,-0.008375445182900875,0.3,0.0003,0.021885842,6610,-1.9005067646503448,0.020703125
175,964,200.0,663,818.88,169728,0.2828472852706909,12860.381225585938,4388.23876953125,-0.0038391996640712023,0.3,0.0003,0.0025617536,6620,-1.9122337341308593,0.0
176,964,200.0,664,817.88,169984,0.14077061414718628,13340.35400390625,4800.49169921875,-0.0009555310709401966,0.3,0.0003,0.0006919482,6630,-1.9381559491157532,0.0
176,964,200.0,665,816.75,170240,0.2966851592063904,7523.031851196289,2425.111328125,-0.0037531339796259998,0.3,0.0003,0.0050095627,6640,-2.066323971748352,0.0
176,964,200.0,666,816.72,170496,0.22418314218521118,21231.352941894533,4346.998046875,-0.002542338939383626,0.3,0.0003,0.00375419,6650,-2.0048326730728148,0.0
177,964,200.0,667,816.84,170752,0.18438363075256348,14019.432299804688,11204.1494140625,-0.0014734562486410142,0.3,0.0003,0.00038065668,6660,-2.1019407749176025,0.0
177,964,200.0,668,809.91,171008,0.3180689811706543,10233.0412109375,4343.21728515625,-0.00215773731470108,0.3,0.0003,0.004744345,6670,-2.098128008842468,0.0
177,964,200.0,669,813.61,171264,0.07336324453353882,35114.865625,19844.712890625,-0.00042131864465773107,0.3,0.0003,0.0013646446,6680,-2.124894607067108,0.0
177,964,200.0,670,810.26,171520,0.23633593320846558,8937.62045288086,5509.7138671875,-0.0012871022336184978,0.3,0.0003,0.00042224606,6690,-2.0851506114006044,0.0
178,964,200.0,671,809.76,171776,0.3609468936920166,7877.459240722656,3274.93212890625,-0.006267026602290571,0.3,0.0003,0.011763992,6700,-2.170113742351532,0.0234375
178,964,200.0,672,813.81,172032,0.25408118963241577,8459.967498779297,4694.03173828125,-0.002730085531948134,0.3,0.0003,0.0029262498,6710,-1.9476368129253387,0.0
178,964,200.0,673,812.28,172288,0.27188563346862793,27063.807275390624,16214.76953125,-0.0020635586930438875,0.3,0.0003,0.00093084853,6720,-1.8015104532241821,0.0
178,964,200.0,674,821.27,172544,0.19305092096328735,9893.089526367188,5905.705078125,-0.0015904815867543221,0.3,0.0003,0.0007483205,6730,-2.05077463388443,0.0
179,964,200.0,675,820.19,172800,0.27936965227127075,10696.902795410157,1594.50146484375,-0.005363663751631975,0.3,0.0003,0.0027214177,6740,-2.0300836086273195,0.0
179,964,200.0,676,824.41,173056,0.2648226022720337,8521.70809326172,724.1846923828125,-0.000978984171524644,0.3,0.0003,0.0010889827,6750,-1.9123190641403198,0.0
179,964,200.0,677,826.67,173312,0.32444870471954346,15020.53505859375,9383.7568359375,-0.00033016742672771217,0.3,0.0003,0.0009970295,6760,-1.3710387647151947,0.0
179,964,200.0,678,829.92,173568,0.17263692617416382,21300.26953125,12755.634765625,-0.0005864665610715747,0.3,0.0003,0.0001256899,6770,-1.872388619184494,0.0
180,964,200.0,679,836.62,173824,0.2340226173400879,8559.55537109375,3753.168212890625,-0.0010766472783870994,0.3,0.0003,0.0015321388,6780,-1.725651639699936,0.0
180,964,200.0,680,838.86,174080,0.31445056200027466,20868.0181640625,12559.1201171875,-0.0006063070381060242,0.3,0.0003,0.0011181736,6790,-1.7240740180015564,0.0
180,964,200.0,681,843.19,174336,0.3270958662033081,7869.341589355468,2880.757568359375,-0.003958160639740527,0.3,0.0003,0.009085868,6800,-1.625482338666916,0.005859375
180,964,200.0,682,852.44,174592,0.11971396207809448,24557.288525390624,14198.111328125,0.002450788114219904,0.3,0.0003,0.0007605371,6810,-1.9694033503532409,0.0
181,964,200.0,683,871.4,174848,0.2221693992614746,8906.021411132813,4844.6220703125,-0.0010232513886876404,0.3,0.0003,0.00053329626,6820,-1.9045021057128906,0.0
181,964,200.0,684,871.1,175104,0.17723017930984497,21230.1361328125,6960.38134765625,-0.0007275764597579837,0.3,0.0003,0.00014133146,6830,-2.0554615259170532,0.0
181,964,200.0,685,868.92,175360,0.3247896432876587,14001.42861328125,6160.126953125,-0.0028524509631097316,0.3,0.0003,0.009443149,6840,-1.8968677818775177,0.001171875
182,964,200.0,686,872.61,175616,0.2670977711677551,8272.558026123046,2419.52294921875,-0.0006269066128879785,0.3,0.0003,0.00084280386,6850,-1.8509776949882508,0.0
182,964,200.0,687,876.15,175872,0.1929701566696167,26234.403759765624,11103.552734375,-0.0023839980829507114,0.3,0.0003,0.002513463,6860,-1.8493056654930116,0.0
182,964,200.0,688,881.9,176128,0.45390385389328003,2563.6670043945314,1144.080078125,-0.008509309496730566,0.3,0.0003,0.010541741,6870,-2.021031641960144,0.006640625
182,964,200.0,689,879.27,176384,0.10083866119384766,35352.3931640625,18596.255859375,-0.0008473360678181053,0.3,0.0003,0.0050373403,6880,-1.9622385025024414,0.00078125
183,964,200.0,690,883.83,176640,0.28560173511505127,7622.014422607422,2051.761962890625,-0.0013994287699460983,0.3,0.0003,0.0006442871,6890,-2.059101700782776,0.0
183,964,200.0,691,881.13,176896,0.2513880133628845,17771.1400390625,8665.298828125,0.00011826197151094675,0.3,0.0003,5.4485397e-05,6900,-1.8665367543697358,0.0
183,964,200.0,692,886.1,177152,0.2833160161972046,11895.014282226562,3446.582763671875,-0.0014230079017579556,0.3,0.0003,0.000996673,6910,-1.8860185027122498,0.0
183,964,200.0,693,894.97,177408,0.33269351720809937,8313.261834716797,4689.79443359375,-0.004422708437778056,0.3,0.0003,0.007098198,6920,-2.001977115869522,0.0015625
184,964,200.0,694,897.89,177664,0.061729371547698975,20761.897045898437,13440.1640625,0.0001816091127693653,0.3,0.0003,0.0008808386,6930,-1.3691044270992279,0.0
184,964,200.0,695,897.51,177920,0.1809191107749939,30088.344189453124,15807.25,-0.01073270565830171,0.3,0.0003,0.0077057164,6940,-1.9517691493034364,0.01484375
184,964,200.0,696,893.33,178176,0.25142353773117065,8350.2388671875,5344.27294921875,0.00014180152211338282,0.3,0.0003,3.5810284e-05,6950,-1.8166298747062684,0.0
184,964,200.0,697,894.46,178432,0.33719855546951294,7687.760217285157,2862.8427734375,-0.0015848710900172591,0.3,0.0003,0.0012679903,6960,-1.895840585231781,0.0
185,964,200.0,698,891.36,178688,0.2497909665107727,17955.857025146484,12215.35546875,-0.0006355779711157084,0.3,0.0003,0.0008420837,6970,-1.8030332267284392,0.0
185,964,200.0,699,893.08,178944,0.17737823724746704,16644.376123046874,8955.267578125,-0.0027284112758934496,0.3,0.0003,0.00081371586,6980,-1.9740692973136902,0.0
185,964,200.0,700,898.7,179200,0.2593817114830017,9246.92479248047,3317.33349609375,-0.001204028120264411,0.3,0.0003,0.00044136285,6990,-1.979164683818817,0.0
186,964,200.0,701,898.33,179456,0.22674089670181274,11940.530926513671,6700.03271484375,-0.0003086502430960536,0.3,0.0003,0.0004991181,7000,-2.0970137119293213,0.0
186,964,200.0,702,896.42,179712,0.23835378885269165,15788.131365966798,6030.32421875,-0.003874027100391686,0.3,0.0003,0.004981559,7010,-1.9656927645206452,0.0
186,964,200.0,703,898.33,179968,0.2525448203086853,8520.414666748047,5263.2529296875,-0.001459590275771916,0.3,0.0003,0.0012312087,7020,-1.8378106594085692,0.0
186,964,200.0,704,906.08,180224,0.3902081847190857,8839.237347412109,3719.203125,-0.00382321965880692,0.3,0.0003,0.0072179795,7030,-1.61929851770401,0.002734375
187,964,200.0,705,907.54,180480,0.23322486877441406,14354.09638671875,7425.830078125,9.760656394064426e-06,0.3,0.0003,0.001036159,7040,-1.740194833278656,0.0
187,964,200.0,706,894.12,180736,0.0950360894203186,36002.26591796875,21106.671875,-0.0011406840989366175,0.3,0.0003,0.00024118042,7050,-1.893625146150589,0.0
187,964,200.0,707,898.54,180992,0.27674126625061035,7772.291101074219,225.83929443359375,-0.0007773665711283684,0.3,0.0003,0.0014171205,7060,-1.9280448138713837,0.0
187,964,200.0,708,896.17,181248,-0.010717630386352539,21400.51357421875,9824.888671875,-0.005088531668297947,0.3,0.0003,0.0053162,7070,-1.7077477395534515,0.0
188,964,200.0,709,884.63,181504,0.05009704828262329,29616.64423828125,8790.919921875,-8.660652674734593e-05,0.3,0.0003,0.0001610103,7080,-1.761924421787262,0.0
188,964,200.0,710,889.15,181760,0.24048888683319092,8407.727734375,5327.61767578125,-0.0008174826856702566,0.3,0.0003,0.0007749924,7090,-1.787573778629303,0.0
188,964,200.0,711,880.93,182016,0.23653316497802734,8355.980938720702,5250.5732421875,-0.005456984217744321,0.3,0.0003,0.0027845378,7100,-2.015152621269226,0.002734375
188,964,200.0,712,883.23,182272,0.25055015087127686,15023.76441040039,847.0204467773438,0.0001468472182750702,0.3,0.0003,0.0003274011,7110,-1.982714408636093,0.0
189,964,200.0,713,889.19,182528,0.23997020721435547,12054.726196289062,2300.441162109375,-0.0007649808307178318,0.3,0.0003,0.0003103502,7120,-1.7774273931980134,0.0
189,964,200.0,714,891.88,182784,0.31234365701675415,8069.410327148437,5087.80224609375,-0.007316312100738287,0.3,0.0003,0.015498159,7130,-1.920043158531189,0.01171875
189,964,200.0,715,889.95,183040,0.2784377336502075,12197.316625976562,8987.5859375,-0.0019316805992275476,0.3,0.0003,0.0024622986,7140,-1.5999925136566162,0.0
190,964,200.0,716,892.87,183296,0.03148549795150757,27882.763623046874,11517.0654296875,-0.0004406696418300271,0.3,0.0003,0.00013923156,7150,-1.60839102268219,0.0
190,964,200.0,717,891.02,183552,0.31503260135650635,8297.916687011719,2421.67724609375,-0.005144762899726629,0.3,0.0003,0.019401211,7160,-1.555105710029602,0.015234375
190,964,200.0,718,896.86,183808,0.03609269857406616,20774.747192382812,9493.4375,-0.0002896758262068033,0.3,0.0003,0.002136008,7170,-1.967105406522751,0.0
190,964,200.0,719,899.11,184064,0.11664772033691406,17847.9677734375,13377.3466796875,-0.001098284381441772,0.3,0.0003,0.0006879675,7180,-1.9816063463687896,0.0
191,964,200.0,720,896.66,184320,0.19742095470428467,8976.7806640625,3198.4619140625,-0.00129009741358459,0.3,0.0003,0.00074471766,7190,-1.617381501197815,0.0
191,964,200.0,721,896.14,184576,0.1687331199645996,9090.210650634766,5691.77978515625,-0.00032778638415038587,0.3,0.0003,5.1262323e-05,7200,-1.7617889881134032,0.0
191,964,200.0,722,895.79,184832,0.3018662929534912,8433.858392333985,7724.5419921875,-0.0005244068684987724,0.3,0.0003,7.640314e-05,7210,-1.6899141073226929,0.0
191,964,200.0,723,900.56,185088,0.19199830293655396,17555.064892578124,9675.3720703125,-0.00023358655744232237,0.3,0.0003,0.00010082754,7220,-1.6873981356620789,0.0
192,964,200.0,724,911.13,185344,0.18872779607772827,20815.87802734375,9015.9912109375,-0.001418498472776264,0.3,0.0003,0.00023245672,7230,-1.865709388256073,0.0
192,964,200.0,725,907.28,185600,0.2320927381515503,8952.14476928711,3268.27001953125,-0.0013912300346419215,0.3,0.0003,0.00066856784,7240,-2.0448555171489717,0.0
192,964,200.0,726,903.22,185856,-0.06078612804412842,27178.81318359375,14479.181640625,-0.0014862701762467622,0.3,0.0003,0.0015566016,7250,-1.871942663192749,0.0
193,964,200.0,727,913.62,186112,0.1646287441253662,16296.800146484375,11601.365234375,-0.0004081851569935679,0.3,0.0003,0.0009830873,7260,-1.7093702912330628,0.0
193,964,200.0,728,915.44,186368,0.2688359022140503,11254.168151855469,5930.060546875,-0.00013882277999073268,0.3,0.0003,5.3629745e-05,7270,-1.7868337094783784,0.0
193,964,200.0,729,914.67,186624,0.01736629009246826,19100.98583984375,13283.943359375,-0.001570528419688344,0.3,0.0003,0.00046506594,7280,-1.665505701303482,0.0
193,964,200.0,730,917.1,186880,0.06666672229766846,26843.28759765625,17928.98046875,-0.0019343244028277695,0.3,0.0003,0.0012798652,7290,-1.5871653854846954,0.0
194,964,200.0,731,922.89,187136,0.1660151481628418,13443.917224121094,7113.35205078125,-0.000637919781729579,0.3,0.0003,0.0001964795,7300,-1.5539575874805451,0.0
194,964,200.0,732,924.05,187392,0.2224750518798828,10385.017370605468,4602.583984375,-0.002287429431453347,0.3,0.0003,0.0008480863,7310,-1.6958532452583313,0.0
194,964,200.0,733,922.39,187648,0.2647807002067566,8677.7677734375,5777.87255859375,-0.000833287090063095,0.3,0.0003,0.002117233,7320,-1.7093763172626495,0.0
194,964,200.0,734,914.59,187904,0.17139428853988647,16147.015789794921,7549.68896484375,-0.0006575154140591622,0.3,0.0003,0.00043087243,7330,-1.7217130661010742,0.0
195,964,200.0,735,914.59,188160,0.2607772946357727,8631.22225341797,5000.61474609375,-0.0016689983196556569,0.3,0.0003,0.0013617969,7340,-1.7614569187164306,0.0
195,964,200.0,736,916.44,188416,0.2680835723876953,9063.468933105469,4935.3759765625,-1.93872197996825e-05,0.3,0.0003,0.00011059875,7350,-1.7198872685432434,0.0
195,964,200.0,737,925.5,188672,0.30985915660858154,8940.503649902344,3094.375244140625,-0.0016094972845166922,0.3,0.0003,0.0014820418,7360,-2.0014335453510284,0.0
195,964,200.0,738,923.55,188928,0.3110518455505371,8227.273315429688,5215.9775390625,-0.00013146714773029088,0.3,0.0003,0.00020507863,7370,-1.7025375723838807,0.0
196,964,200.0,739,921.35,189184,0.3675607442855835,8503.955401611329,3555.438232421875,-0.0011237158672884108,0.3,0.0003,0.0015933728,7380,-1.733091515302658,0.0
196,964,200.0,740,938.48,189440,0.35239166021347046,8031.059860229492,5688.6044921875,-0.0019954005954787137,0.3,0.0003,0.006571654,7390,-1.5759700119495392,0.0
196,964,200.0,741,937.86,189696,0.3580002784729004,15064.126025390626,4519.57470703125,-0.0010430439142510295,0.3,0.0003,0.001875526,7400,-1.4990226984024049,0.0
197,964,200.0,742,948.15,189952,0.19577795267105103,21778.810595703126,18116.173828125,-0.002469487185589969,0.3,0.0003,0.0019077132,7410,-1.9608014047145843,0.0
197,963,200.0,743,957.36,190208,0.2942996025085449,8896.411669921876,5074.05859375,-0.003240657481364906,0.3,0.0003,0.003518277,7420,-1.8070168793201447,0.0015625
197,964,200.0,744,952.38,190464,0.22473382949829102,18852.50439453125,7510.70068359375,0.0005326254293322563,0.3,0.0003,0.00074027455,7430,-1.0533092379570008,0.0
197,963,200.0,745,939.7,190720,-0.008402109146118164,1375.4613525390625,507.9574890136719,-0.003436903329566121,0.3,0.0003,0.0057181213,7440,-1.4642241299152374,0.00078125
198,963,200.0,746,940.71,190976,0.2373349666595459,8340.29679260254,7824.16943359375,-0.0021816302149090918,0.3,0.0003,0.0034987398,7450,-1.0628010958433152,0.001953125
198,963,200.0,747,939.76,191232,0.2590681314468384,8106.087188720703,5774.88818359375,-0.004190964077133685,0.3,0.0003,0.0025869175,7460,-1.667863917350769,0.0
198,963,200.0,748,954.64,191488,0.31215155124664307,31265.86767578125,15934.671875,-0.0008567407028749585,0.3,0.0003,0.0005250273,7470,-1.6259279787540435,0.0
198,963,200.0,749,950.31,191744,0.29008686542510986,13311.595483398438,7179.1796875,-0.0033812960609793663,0.3,0.0003,0.003350666,7480,-1.955843460559845,0.0
199,963,200.0,750,951.53,192000,0.2151746153831482,12249.428903198243,7826.90478515625,-0.004378909664228559,0.3,0.0003,0.0029227259,7490,-1.8297570824623108,0.0
199,963,200.0,751,950.81,192256,0.11652535200119019,11588.846728515626,8955.943359375,-0.0028243172564543784,0.3,0.0003,0.0015802823,7500,-2.031790155172348,0.0
199,963,200.0,752,943.17,192512,0.27677273750305176,17544.132250976563,10843.1943359375,-0.0008306721458211542,0.3,0.0003,0.00082000205,7510,-1.874625664949417,0.0
199,963,200.0,753,946.07,192768,0.3401179909706116,7907.855194091797,2273.764892578125,-0.0016406711656600237,0.3,0.0003,0.0013118135,7520,-1.9055531978607179,0.0
200,963,200.0,754,942.52,193024,0.28986018896102905,8000.870745849609,5416.5888671875,-0.0052482615923509,0.3,0.0003,0.014102393,7530,-2.0439806282520294,0.018359375
200,964,200.0,755,948.96,193280,0.22205644845962524,19534.16103515625,9562.1083984375,-0.0014436381985433399,0.3,0.0003,0.0007928612,7540,-2.008172869682312,0.0
200,964,200.0,756,948.91,193536,0.09139955043792725,32542.828369140625,11584.5849609375,0.0001556968200020492,0.3,0.0003,0.00014308724,7550,-1.9699370861053467,0.0
201,963,200.0,757,951.19,193792,-0.007238149642944336,12407.02783203125,6834.65576171875,-0.0008095527067780494,0.3,0.0003,0.0002534599,7560,-1.7067415952682494,0.0
201,963,200.0,758,939.78,194048,0.222731351852417,11945.595471191406,7714.388671875,-0.0005088815465569496,0.3,0.0003,0.0002642807,7570,-1.7716740846633912,0.0
201,963,200.0,759,939.58,194304,0.003948330879211426,30149.2171875,16772.451171875,-0.0029673989629372954,0.3,0.0003,0.0017537465,7580,-1.7014914333820343,0.0
201,963,200.0,760,938.87,194560,0.2588701844215393,20392.44580078125,11187.90625,-0.016383646195754407,0.3,0.0003,0.009585496,7590,-1.8887260496616363,0.003515625
202,963,200.0,761,920.13,194816,0.2938065528869629,9517.602795410156,3853.134033203125,-0.001036096049938351,0.3,0.0003,0.0023348979,7600,-1.8661951422691345,0.0
202,963,200.0,762,922.68,195072,0.2916225790977478,17146.820263671874,6634.70361328125,-0.00345666604116559,0.3,0.0003,0.0043416796,7610,-1.9512573301792144,0.001171875
202,963,200.0,763,924.6,195328,0.32333725690841675,8476.422009277343,5268.1826171875,-0.004652098775841296,0.3,0.0003,0.005554583,7620,-1.9168726325035095,0.001171875
202,963,200.0,764,923.29,195584,0.16672635078430176,13164.719592285157,8500.1806640625,-0.010989012336358428,0.3,0.0003,0.020746449,7630,-2.0472527921199797,0.056640625
203,963,200.0,765,935.68,195840,0.162645161151886,22736.87373046875,10376.4912109375,-0.0009203298017382622,0.3,0.0003,0.0014982258,7640,-1.9658259570598602,0.0
203,963,200.0,766,932.39,196096,0.31402385234832764,16190.269360351562,5721.22119140625,-0.004448581137694418,0.3,0.0003,0.0062850364,7650,-1.8231623232364655,0.0046875
203,963,200.0,767,939.01,196352,0.3302604556083679,7795.5258514404295,4426.17578125,-0.0004526770208030939,0.3,0.0003,0.0022853713,7660,-1.555330115556717,0.0
204,963,200.0,768,947.39,196608,0.1445332169532776,14083.917541503906,7199.6142578125,-0.00016021674964576959,0.3,0.0003,2.8930372e-05,7670,-1.7087817192077637,0.0
204,963,200.0,769,947.15,196864,0.23505109548568726,20029.00771484375,8264.0615234375,-0.00040782863507047293,0.3,0.0003,7.583271e-05,7680,-1.8892517507076263,0.0
204,963,200.0,770,957.05,197120,0.18971461057662964,9913.68741455078,773.0558471679688,-0.0002424481266643852,0.3,0.0003,0.00012883171,7690,-1.6441779851913452,0.0
204,963,200.0,771,953.36,197376,0.22029709815979004,9324.958142089843,3250.328369140625,-0.0008199400152079761,0.3,0.0003,0.0007073858,7700,-1.8378303706645966,0.0
205,963,200.0,772,958.55,197632,0.3387610912322998,8107.900448608399,3469.373291015625,-0.006765893835108727,0.3,0.0003,0.012201233,7710,-1.690048772096634,0.018359375
205,963,200.0,773,959.09,197888,0.3289836645126343,15157.752514648437,7288.91259765625,-0.006099799787625671,0.3,0.0003,0.0207305,7720,-1.5047947108745574,0.050390625
205,963,200.0,774,953.41,198144,0.2878955006599426,7934.793930053711,5328.40966796875,-0.00516880948562175,0.3,0.0003,0.012876105,7730,-1.81494682431221,0.0125
205,963,200.0,775,951.15,198400,0.2669520378112793,12032.3259765625,5271.45703125,0.00025671725161373614,0.3,0.0003,0.00063933106,7740,-1.617351245880127,0.0
206,963,200.0,776,956.28,198656,0.3672652840614319,8942.712219238281,3759.44775390625,-0.0006192262750118971,0.3,0.0003,0.00027662585,7750,-1.6888629078865052,0.0
206,963,200.0,777,956.64,198912,0.2511918544769287,19184.815283203126,11743.529296875,-0.0016022523283027112,0.3,0.0003,0.0010494476,7760,-1.5847302973270416,0.0
206,963,200.0,778,949.68,199168,-0.020078063011169434,3788.6332763671876,1806.02783203125,-0.005520134675316512,0.3,0.0003,0.0036064794,7770,-1.7200083434581757,0.000390625
206,963,200.0,779,960.29,199424,0.10804218053817749,10078.160192871093,5240.24267578125,0.002019034163095057,0.3,0.0003,0.0007751216,7780,-1.5673693597316742,0.0
207,963,200.0,780,966.72,199680,0.28050923347473145,15575.976391601562,11872.9140625,-0.0002541667083278298,0.3,0.0003,5.535269e-05,7790,-1.5001710057258606,0.0
207,963,200.0,781,971.91,199936,0.25193560123443604,8541.507116699218,4633.56640625,-0.00026793053839355705,0.3,0.0003,9.8661985e-05,7800,-1.5534523189067841,0.0
207,962,200.0,782,970.67,200192,0.146398663520813,21167.79091796875,3671.109619140625,-0.00093472960870713,0.3,0.0003,9.063142e-05,7810,-1.6089065551757813,0.0
208,962,200.0,783,968.56,200448,0.22189301252365112,9581.473291015625,5132.119140625,-0.0009912621811963619,0.3,0.0003,0.0004569837,7820,-1.6773930847644807,0.0
208,962,200.0,784,973.3,200704,0.23040813207626343,13765.44541015625,5721.81494140625,-0.00691291643306613,0.3,0.0003,0.0066089025,7830,-1.6315754115581513,0.0015625
208,962,200.0,785,964.36,200960,0.1487557291984558,30128.572265625,14784.208984375,-0.006400719610974192,0.3,0.0003,0.00487497,7840,-1.9273299992084503,0.0046875
208,962,200.0,786,971.29,201216,-0.03905200958251953,20363.654736328124,8778.7021484375,-0.000515386275947094,0.3,0.0003,0.00068328506,7850,-1.999861341714859,0.0
209,962,200.0,787,976.28,201472,0.18395423889160156,30379.435595703126,22694.142578125,-0.0050311112776398655,0.3,0.0003,0.0037625553,7860,-1.9236286520957946,0.0
209,962,200.0,788,970.93,201728,0.29702913761138916,8058.2014831542965,5589.4736328125,-0.0012952063116244972,0.3,0.0003,0.0029556744,7870,-1.5928785979747773,0.0
209,962,200.0,789,980.19,201984,0.3523085117340088,7586.64609375,4786.25244140625,-0.0015809418400749564,0.3,0.0003,0.0029863187,7880,-1.909613984823227,0.0
210,962,200.0,790,987.86,202240,0.18315595388412476,9678.878979492187,3282.974853515625,0.000977495638653636,0.3,0.0003,0.00291898,7890,-1.6264411747455596,0.0015625
210,962,200.0,791,984.39,202496,0.15949320793151855,23432.876611328124,17400.23828125,-0.0004147377680055797,0.3,0.0003,0.00010762736,7900,-1.5569158971309662,0.0
210,962,200.0,792,982.44,202752,0.03920769691467285,10926.432791137695,253.4938507080078,-5.643890472128987e-05,0.3,0.0003,1.2298347e-05,7910,-0.8987936198711395,0.0
210,962,200.0,793,987.95,203008,0.27028197050094604,9094.196722412109,503.77593994140625,-0.00020450674928724767,0.3,0.0003,4.2160973e-05,7920,-1.508154457807541,0.0
211,962,200.0,794,989.17,203264,0.31799817085266113,14979.080322265625,6454.30908203125,-0.0005613062996417284,0.3,0.0003,0.00038016657,7930,-1.418292272090912,0.0
211,962,200.0,795,992.85,203520,0.2533990740776062,8492.22899169922,550.9019775390625,-5.88972819969058e-05,0.3,0.0003,4.4410815e-05,7940,-1.7054920554161073,0.0
211,962,200.0,796,989.69,203776,0.3441413640975952,8374.216595458984,497.97064208984375,-0.0025119103491306307,0.3,0.0003,0.005149318,7950,-1.730573159456253,0.0
211,962,200.0,797,995.64,204032,0.3614601492881775,7647.992874145508,4882.92431640625,0.0017870717449113727,0.3,0.0003,0.003397681,7960,-1.7793670535087585,0.0
212,962,200.0,798,998.16,204288,0.22912490367889404,28142.18359375,13273.30859375,-0.0007905672304332256,0.3,0.0003,0.00043114135,7970,-1.811301976442337,0.0
212,962,200.0,799,1001.16,204544,0.12877672910690308,17875.184423828126,8838.41796875,-0.001106281706597656,0.3,0.0003,0.00010485994,7980,-1.7372599601745606,0.0
212,962,200.0,800,1009.37,204800,0.25512123107910156,9914.51083984375,4388.01513671875,-0.0011461215559393167,0.3,0.0003,0.0013277924,7990,-1.9522536873817444,0.0
213,962,200.0,801,1011.18,205056,0.17257905006408691,20321.02978515625,14736.7724609375,-0.005679475329816342,0.3,0.0003,0.005698111,8000,-1.743337446451187,0.001953125
213,962,200.0,802,1013.34,205312,0.14538651704788208,22436.534033203126,12782.0625,-0.000563127314671874,0.3,0.0003,0.0013473118,8010,-1.7709766149520874,0.0
213,962,200.0,803,1021.68,205568,-0.054827094078063965,41005.31005859375,13170.455078125,-0.0024509523063898087,0.3,0.0003,0.0006346889,8020,-1.8142245590686799,0.0
213,962,200.0,804,1027.57,205824,0.10379475355148315,21823.2431640625,6758.8720703125,-0.0015133724315091967,0.3,0.0003,0.00036267657,8030,-1.8698140799999237,0.0
214,962,200.0,805,1021.85,206080,-0.07640528678894043,31879.3369140625,13744.07421875,-0.001888645254075527,0.3,0.0003,0.000552861,8040,-1.4648242056369782,0.0
214,962,200.0,806,1021.12,206336,0.11474376916885376,9183.327124023437,1070.02734375,-0.0011687809135764837,0.3,0.0003,0.00044760085,8050,-1.8746884703636169,0.0
214,962,200.0,807,1019.3,206592,0.24987924098968506,9536.990008544923,815.9923706054688,-0.0007854209747165441,0.3,0.0003,0.0013500086,8060,-1.7179032742977143,0.0
214,962,200.0,808,1028.07,206848,0.24482905864715576,12613.114428710938,6219.4443359375,-0.0037955965381115675,0.3,0.0003,0.005061713,8070,-1.6843870460987092,0.001171875
215,962,200.0,809,1033.99,207104,0.1961756944656372,16586.414697265624,9994.5185546875,-0.0028357072558719667,0.3,0.0003,0.0028572583,8080,-1.6315180301666259,0.000390625
215,962,200.0,810,1036.32,207360,0.2105703353881836,12569.895666503906,9444.2802734375,-4.158031661063433e-05,0.3,0.0003,1.1114171e-05,8090,-1.5958068072795868,0.0
215,962,200.0,811,1041.91,207616,0.33358967304229736,8431.712408447265,692.4754028320312,-0.0007778453291393816,0.3,0.0003,0.0002309496,8100,-1.7488823175430297,0.0
215,962,200.0,812,1051.46,207872,0.28279489278793335,14810.498471069335,5330.10400390625,-0.0006123235216364264,0.3,0.0003,0.0005146463,8110,-1.7305151760578155,0.0
216,962,200.0,813,1051.08,208128,0.20455479621887207,12515.502020263672,5272.13818359375,-0.0021106097265146673,0.3,0.0003,0.0008118248,8120,-1.5890543758869171,0.0
216,962,200.0,814,1060.23,208384,0.1956329345703125,20523.27822265625,14248.9296875,-0.004887100285850465,0.3,0.0003,0.0030367328,8130,-1.71346418261528,0.0
216,962,200.0,815,1080.89,208640,0.09268456697463989,21018.01005859375,8500.458984375,-0.0013168178498744964,0.3,0.0003,0.0018422753,8140,-1.7642471849918366,0.0
217,962,200.0,816,1082.21,208896,0.052925944328308105,30449.580908203126,9829.8798828125,-0.0001170433359220624,0.3,0.0003,0.00026043062,8150,-1.7365025639533997,0.0
217,962,200.0,817,1084.54,209152,0.22418427467346191,9433.046984863282,8678.041015625,-0.000862768990918994,0.3,0.0003,0.00090061757,8160,-1.5020379841327667,0.0
217,962,200.0,818,1083.89,209408,0.2556449770927429,8877.829046630859,2545.09228515625,-0.0002633337629958987,0.3,0.0003,0.000121201854,8170,-1.5247656583786011,0.0
217,962,200.0,819,1085.74,209664,0.3261929750442505,15294.424072265625,9570.048828125,-0.0004890233278274537,0.3,0.0003,0.00012793415,8180,-1.6565545499324799,0.0
218,962,200.0,820,1078.84,209920,0.3070051670074463,8258.657220458985,7136.306640625,-0.0010623487643897534,0.3,0.0003,0.0010138098,8190,-1.6601805448532105,0.0
218,962,200.0,821,1085.69,210176,0.1581430435180664,21414.512646484374,11644.7978515625,-0.0016597467008978128,0.3,0.0003,0.00062073977,8200,-1.8420819103717805,0.0
218,962,200.0,822,1094.34,210432,0.1244843602180481,10738.149719238281,5565.3427734375,-0.0007649308419786394,0.3,0.0003,0.0007484383,8210,-1.6880202412605285,0.0
218,962,200.0,823,1106.61,210688,0.2639864683151245,18208.96845703125,8061.75830078125,2.0784512162208558e-05,0.3,0.0003,1.6034348e-05,8220,-1.674039375782013,0.0
219,962,200.0,824,1109.38,210944,0.1010432243347168,9965.07860107422,1182.90478515625,-0.0005728940654080361,0.3,0.0003,0.00018400932,8230,-1.5844944596290589,0.0
219,962,200.0,825,1104.01,211200,0.13225793838500977,22236.122216796874,12065.517578125,-0.0010712482035160065,0.3,0.0003,0.00027652085,8240,-1.736508595943451,0.0
219,962,200.0,826,1096.83,211456,-0.26936066150665283,15633.872778320312,6493.77734375,-0.0006267833290621638,0.3,0.0003,0.00032774452,8250,-1.8813287734985351,0.0
219,962,200.0,827,1106.93,211712,0.27283984422683716,15659.913208007812,8675.95703125,-0.002744421502575278,0.3,0.0003,0.00581361,8260,-1.5864221930503846,0.000390625
220,962,200.0,828,1109.75,211968,0.22832179069519043,9880.14345703125,4231.0791015625,0.0009129478130489588,0.3,0.0003,0.00043171528,8270,-1.7732391059398651,0.0
220,962,200.0,829,1108.75,212224,0.11249148845672607,10101.767449951172,2747.104736328125,-0.00048816478811204435,0.3,0.0003,0.0018835238,8280,-1.3866278052330017,0.0
220,962,200.0,830,1109.58,212480,0.20384764671325684,17421.772338867188,8196.0146484375,-0.0005498549900949002,0.3,0.0003,0.0003589315,8290,-1.4469438672065735,0.0
221,962,200.0,831,1112.0,212736,0.24640744924545288,8495.322732543946,8059.546875,-0.0014031353290192782,0.3,0.0003,0.0010256565,8300,-1.688502937555313,0.0
221,962,200.0,832,1119.58,212992,0.29831773042678833,10091.559744262695,5136.66259765625,-0.002218394260853529,0.3,0.0003,0.001788131,8310,-1.5442639529705047,0.0
221,962,200.0,833,1120.02,213248,0.23538047075271606,8833.074786376954,7870.4326171875,0.0015855498844757677,0.3,0.0003,0.002242607,8320,-1.6148531317710877,0.0
221,962,200.0,834,1122.96,213504,0.08813649415969849,28342.498583984376,11734.208984375,-0.0006498257396742701,0.3,0.0003,6.948691e-05,8330,-1.5991257786750794,0.0
222,962,200.0,835,1123.89,213760,0.3436223268508911,9123.900274658203,2538.290283203125,-0.0006514806998893618,0.3,0.0003,0.00023143063,8340,-1.8171647906303405,0.0
222,962,200.0,836,1121.96,214016,0.32095539569854736,7918.276727294922,4549.94921875,-0.00252491437131539,0.3,0.0003,0.003370601,8350,-1.784601980447769,0.00234375
222,962,200.0,837,1123.83,214272,0.250602126121521,17729.187744140625,8162.77734375,-0.004333324008621275,0.3,0.0003,0.0039351713,8360,-1.6674447000026702,0.00234375
222,962,200.0,838,1120.85,214528,0.2362176775932312,21486.40866699219,9998.732421875,-0.002008859254419804,0.3,0.0003,0.0011059509,8370,-1.8570856213569642,0.0
223,962,200.0,839,1130.75,214784,0.19470953941345215,12405.327697753906,3748.4462890625,-0.00011578798294067382,0.3,0.0003,0.00018249243,8380,-1.684501302242279,0.0
223,962,200.0,840,1133.59,215040,0.32653963565826416,8674.580981445313,2425.928466796875,-0.000876726140268147,0.3,0.0003,0.0006137646,8390,-1.59976127743721,0.0
223,962,200.0,841,1133.41,215296,0.2349826693534851,16049.539135742187,13359.0654296875,-0.0013099174248054624,0.3,0.0003,0.0015642906,8400,-1.7648683965206147,0.0
223,962,200.0,842,1126.42,215552,0.3243982791900635,7903.484585571289,7260.787109375,-0.0004447572398930788,0.3,0.0003,0.00025190483,8410,-1.713035899400711,0.0
224,962,200.0,843,1123.71,215808,0.3813406229019165,7442.293338012695,2437.777099609375,-0.001791922003030777,0.3,0.0003,0.0020901752,8420,-1.6670756757259368,0.0
224,962,200.0,844,1122.04,216064,0.11410754919052124,31071.01337890625,13167.232421875,-0.0012848219368606806,0.3,0.0003,0.0008862782,8430,-1.906449067592621,0.0
224,962,200.0,845,1118.45,216320,0.3899133801460266,8506.634494018555,2382.40478515625,-0.0017601847532205284,0.3,0.0003,0.0027455774,8440,-1.7370087444782256,0.0
225,962,200.0,846,1122.96,216576,0.3392009735107422,8100.124237060547,625.6300048828125,0.0004266408272087574,0.3,0.0003,0.001297384,8450,-1.5900348782539369,0.0
225,962,200.0,847,1115.34,216832,0.24957376718521118,10534.671801757813,6602.7236328125,-0.00011667696526274085,0.3,0.0003,2.4389476e-05,8460,-0.8554264903068542,0.0
225,962,200.0,848,1105.92,217088,0.23226505517959595,16106.173852539063,7399.703125,-0.0004055733676068485,0.3,0.0003,0.00029742136,8470,-1.6619804322719574,0.0
225,962,200.0,849,1106.29,217344,0.30816054344177246,11462.87314453125,5177.34765625,-0.00034227253054268657,0.3,0.0003,0.0002536578,8480,-1.4983564853668212,0.0
226,962,200.0,850,1105.09,217600,0.304573118686676,8592.058276367188,5984.626953125,-0.0004331833450123668,0.3,0.0003,6.486289e-05,8490,-1.5677177608013153,0.0
226,962,200.0,851,1103.77,217856,0.34849679470062256,7998.98486328125,2645.72998046875,-0.00022766883485019206,0.3,0.0003,0.00015747547,8500,-1.536170130968094,0.0
226,962,200.0,852,1108.79,218112,0.13122373819351196,20348.665283203125,10664.1708984375,-0.0018759382190182805,0.3,0.0003,0.0010995022,8510,-1.8677992224693298,0.0
226,962,200.0,853,1112.22,218368,0.277202844619751,10237.275079345703,7546.103515625,-0.0033303915522992613,0.3,0.0003,0.003308403,8520,-1.6001069605350495,0.0
227,962,200.0,854,1109.6,218624,0.40378594398498535,10564.365509033203,4982.146484375,-0.004136722953990102,0.3,0.0003,0.012292823,8530,-1.6739157855510711,0.021484375
227,962,200.0,855,1102.99,218880,0.28917187452316284,21750.66025390625,10355.650390625,-0.00042678331956267355,0.3,0.0003,0.0004870894,8540,-1.6470322072505952,0.0
227,961,200.0,856,1107.71,219136,0.0751495361328125,18545.2701171875,6282.0703125,-0.0012223540572449565,0.3,0.0003,0.0002189544,8550,-1.6385034143924713,0.0
228,961,200.0,857,1097.75,219392,0.37355750799179077,8543.698077392579,748.362060546875,-0.002114851539954543,0.3,0.0003,0.0022080715,8560,-1.4535078644752502,0.0
228,961,200.0,858,1097.72,219648,0.3695231080055237,7924.125942993164,302.89459228515625,-0.0019354331539943813,0.3,0.0003,0.0038998662,8570,-1.4842118084430695,0.0
228,961,200.0,859,1096.1,219904,0.3070930242538452,16891.32177734375,8269.90234375,-0.0010289794765412808,0.3,0.0003,0.0011205268,8580,-1.7904995024204253,0.0
228,961,200.0,860,1091.01,220160,0.08703058958053589,14053.016821289062,6651.14794921875,0.0007062150165438652,0.3,0.0003,0.00015768385,8590,-1.7365018427371979,0.0
229,961,200.0,861,1093.26,220416,0.36135125160217285,7704.887091064453,5403.4248046875,-0.00028590968577191234,0.3,0.0003,0.0005893968,8600,-1.6379268050193787,0.0
229,961,200.0,862,1095.04,220672,0.14024406671524048,20362.4322265625,12194.900390625,0.0002723998855799437,0.3,0.0003,7.103197e-05,8610,-1.6315105199813842,0.0
229,961,200.0,863,1099.89,220928,0.2584986686706543,16206.852087402343,8996.8369140625,-0.0013303820043802262,0.3,0.0003,0.0006313687,8620,-1.6135638117790223,0.0
229,961,200.0,864,1113.8,221184,-0.001813054084777832,9867.65947265625,2733.1806640625,-6.0016498900949954e-05,0.3,0.0003,4.3686246e-05,8630,-1.752830332517624,0.0
230,961,200.0,865,1096.87,221440,-0.027348637580871582,23896.156005859375,14759.150390625,-0.0033313706517219543,0.3,0.0003,0.0008562405,8640,-1.8859089851379394,0.0
230,961,200.0,866,1104.26,221696,0.16604632139205933,20411.41669921875,4104.28564453125,-0.0003503098152577877,0.3,0.0003,0.00030819862,8650,-1.4813460886478425,0.0
230,961,200.0,867,1095.61,221952,0.4814260005950928,1875.7034606933594,782.4716186523438,-0.003027263074181974,0.3,0.0003,0.001604839,8660,-1.7657434403896333,0.000390625
231,961,200.0,868,1096.53,222208,0.08888393640518188,10621.183502197266,2608.61572265625,-0.0021164730191230775,0.3,0.0003,0.0032960402,8670,-1.7656913578510285,0.0
231,961,200.0,869,1100.38,222464,0.3297334909439087,15044.299002075195,14523.875,-0.00036261160857975483,0.3,0.0003,0.00036520627,8680,-1.5663527488708495,0.0
231,961,200.0,870,1099.6,222720,0.18651312589645386,12230.51728515625,6417.78759765625,-0.0010943885426968336,0.3,0.0003,0.00036522257,8690,-1.7187583565711975,0.0
231,961,200.0,871,1094.95,222976,0.29011034965515137,9356.843481445312,5718.5810546875,-0.00045092937943991274,0.3,0.0003,4.4017565e-05,8700,-1.3688351392745972,0.0
232,961,200.0,872,1092.04,223232,0.3320412039756775,10499.930810546875,6339.451171875,-0.0003293706104159355,0.3,0.0003,0.0005865041,8710,-1.3033612966537476,0.0
232,961,200.0,873,1099.1,223488,0.2681378126144409,8776.252825927735,3756.98779296875,-0.0004812863189727068,0.3,0.0003,0.00043639913,8720,-1.7469026446342468,0.0
232,961,200.0,874,1093.05,223744,0.07706719636917114,32169.29580078125,12688.3154296875,-0.00105975775513798,0.3,0.0003,0.00026694592,8730,-1.6472193896770477,0.0
232,961,200.0,875,1097.53,224000,0.3914451599121094,7727.365469360351,3295.060546875,-0.0003200337989255786,0.3,0.0003,0.00011623092,8740,-1.3979912579059601,0.0
233,961,200.0,876,1096.91,224256,0.33169353008270264,8312.845324707032,5848.0224609375,-0.0005346013698726892,0.3,0.0003,0.00013934216,8750,-1.533359122276306,0.0
233,961,200.0,877,1096.29,224512,0.14505451917648315,21201.313134765624,12664.73046875,0.00012974869459867478,0.3,0.0003,6.634928e-05,8760,-1.4708817303180695,0.0
233,961,200.0,878,1094.09,224768,0.26346004009246826,11366.555322265625,2553.039306640625,-0.0005405651871114969,0.3,0.0003,0.00018697977,8770,-1.7228274464607238,0.0
234,961,200.0,879,1088.4,225024,0.2562999129295349,8612.742980957031,4981.84375,-0.001395040564239025,0.3,0.0003,0.0018198313,8780,-1.6051018714904786,0.0
234,961,200.0,880,1079.05,225280,0.23172730207443237,15286.038671875,5785.53857421875,-0.0009632407338358462,0.3,0.0003,0.0014860383,8790,-1.6785110414028168,0.0
234,961,200.0,881,1074.3,225536,0.3281513452529907,9027.229217529297,6241.99365234375,-0.004536974336951971,0.3,0.0003,0.0100083435,8800,-1.7608422219753266,0.005078125
234,961,200.0,882,1070.16,225792,0.3825134038925171,7576.734399414063,2032.215087890625,0.0012232464039698243,0.3,0.0003,0.00034036185,8810,-1.3625439167022706,0.0
235,961,200.0,883,1072.35,226048,0.376306414604187,8140.897564697266,7490.009765625,-0.001194009993923828,0.3,0.0003,0.00086661964,8820,-1.784942078590393,0.0
235,961,200.0,884,1075.92,226304,0.1782330870628357,14906.733776855468,8031.029296875,-0.003661139402538538,0.3,0.0003,0.002536931,8830,-1.7034012854099274,0.0
235,961,200.0,885,1072.51,226560,0.17046743631362915,21497.450122070313,11551.7158203125,-0.0035512112081050873,0.3,0.0003,0.0017767723,8840,-1.762347787618637,0.0
235,961,200.0,886,1061.58,226816,0.09955424070358276,11868.162963867188,7359.75927734375,-0.004696718999184668,0.3,0.0003,0.0059109423,8850,-1.8366729021072388,0.0015625
236,961,200.0,887,1058.13,227072,0.35612815618515015,14821.782080078125,7541.9267578125,-0.009448079625144601,0.3,0.0003,0.0077119647,8860,-1.931239479780197,0.022265625
236,961,200.0,888,1060.56,227328,0.20549482107162476,2501.727679443359,1065.5712890625,-0.0014698768965899945,0.3,0.0003,0.003534033,8870,-1.7028383314609528,0.004296875
236,961,200.0,889,1062.98,227584,0.11509662866592407,22698.332373046876,7594.60595703125,-0.0017107244580984115,0.3,0.0003,0.0005384544,8880,-1.5745251953601838,0.0
237,961,200.0,890,1056.66,227840,-0.026738882064819336,2983.3432861328124,1361.8310546875,-0.006261089025065303,0.3,0.0003,0.005827681,8890,-1.7371563613414764,0.0046875
237,961,200.0,891,1051.2,228096,0.09339046478271484,22180.262646484374,13768.029296875,0.0001907733269035816,0.3,0.0003,0.0026844183,8900,-1.6614359617233276,0.0
237,961,200.0,892,1049.24,228352,0.3717653155326843,8356.427954101562,5179.62939453125,-0.0007395027671009303,0.3,0.0003,0.00014176732,8910,-1.655824738740921,0.0
237,961,200.0,893,1035.06,228608,0.3059244751930237,3182.8548950195313,1246.327392578125,-0.002262353477999568,0.3,0.0003,0.0008762211,8920,-1.6486185550689698,0.0
238,961,200.0,894,1036.46,228864,0.008627891540527344,24720.425537109375,15670.7265625,-0.0037269471678882836,0.3,0.0003,0.0012424155,8930,-1.5152966558933259,0.0
238,961,200.0,895,1033.59,229120,0.12639915943145752,13040.53687133789,6599.962890625,-0.0004103897896129638,0.3,0.0003,0.00023605791,8940,-1.6014613807201385,0.0
238,961,200.0,896,1038.55,229376,0.533477783203125,1829.5365661621095,784.2408447265625,-0.005064576724544167,0.3,0.0003,0.003366925,8950,-1.7056207239627839,0.0
238,961,200.0,897,1038.23,229632,0.15473085641860962,25385.091870117187,21248.619140625,-0.0066165870521217585,0.3,0.0003,0.00738261,8960,-1.6256461143493652,0.0046875
239,961,200.0,898,1043.08,229888,0.11807525157928467,17265.436669921874,5040.03515625,-0.0007505187764763832,0.3,0.0003,0.0004882864,8970,-1.7048128128051758,0.0
239,961,200.0,899,1041.08,230144,0.31784749031066895,10381.504522705078,6461.76953125,-0.004375196213368326,0.3,0.0003,0.005530115,8980,-1.7096994519233704,0.006640625
239,960,200.0,900,1049.56,230400,0.3679044842720032,9627.544738769531,501.9802551269531,-0.001511706248857081,0.3,0.0003,0.001532919,8990,-1.682126808166504,0.0
240,960,200.0,901,1051.72,230656,0.34276169538497925,8694.010333251954,5535.55029296875,-0.0018204036401584744,0.3,0.0003,0.002336495,9000,-1.6958794951438905,0.0
240,960,200.0,902,1050.93,230912,0.2068847417831421,19799.277392578126,10671.9716796875,0.0007351937703788281,0.3,0.0003,0.00076237903,9010,-1.6558022677898407,0.0
240,960,200.0,903,1049.22,231168,0.35036349296569824,7745.280981445312,7248.8076171875,0.00023758388124406338,0.3,0.0003,8.2994346e-05,9020,-1.635220181941986,0.0
240,960,200.0,904,1048.34,231424,0.21899795532226562,12824.53427734375,6027.4765625,-0.0015185234369710088,0.3,0.0003,0.00046325894,9030,-1.7319080412387848,0.0
241,960,200.0,905,1041.93,231680,0.3110843896865845,7807.715719604492,4941.2724609375,-0.0013356940355151892,0.3,0.0003,0.00054983795,9040,-1.759137862920761,0.0
241,960,200.0,906,1048.6,231936,0.2608153223991394,3000.382568359375,1291.671875,-0.006205430603586137,0.3,0.0003,0.005556506,9050,-1.8959254324436188,0.001171875
241,960,200.0,907,1047.49,232192,0.1872406005859375,28426.5744140625,10672.083984375,0.0005052162799984216,0.3,0.0003,0.0020271824,9060,-1.6731896936893462,0.0
241,960,200.0,908,1049.55,232448,0.02476370334625244,27006.7154296875,7817.4052734375,-0.00684238983085379,0.3,0.0003,0.0041252533,9070,-1.80003821849823,0.0
242,960,200.0,909,1049.79,232704,0.29037344455718994,14944.771142578125,14276.0908203125,-0.0012722261482849718,0.3,0.0003,0.0016531087,9080,-1.7159656882286072,0.0
242,960,200.0,910,1040.23,232960,0.2675793170928955,1428.469189453125,530.7088012695312,-0.0014996081823483109,0.3,0.0003,0.0015825443,9090,-1.5421758472919465,0.0
242,960,200.0,911,1039.03,233216,0.15274542570114136,14273.05537109375,9431.16015625,-0.0027840348659083245,0.3,0.0003,0.0021075695,9100,-1.4201079785823822,0.0
243,960,200.0,912,1041.44,233472,0.09754300117492676,17300.342626953126,9765.1865234375,-0.003065890120342374,0.3,0.0003,0.0020218962,9110,-1.678035843372345,0.0
243,960,200.0,913,1041.09,233728,0.3868001699447632,10584.981439208985,2724.103759765625,-0.01169345765374601,0.3,0.0003,0.019361243,9120,-1.6695806443691255,0.024609375
243,960,200.0,914,1044.43,233984,0.37179630994796753,1966.4556640625,874.2254028320312,-0.01164220639038831,0.3,0.0003,0.020092102,9130,-1.7987536430358886,0.037109375
243,960,200.0,915,1059.85,234240,-0.0846090316772461,31316.4791015625,13516.9208984375,-6.818915717303753e-05,0.3,0.0003,0.00018639886,9140,-1.7472021520137786,0.0
244,960,200.0,916,1067.56,234496,0.2851375937461853,15766.990454101562,7821.4990234375,-0.0007632938912138342,0.3,0.0003,0.00036601047,9150,-1.6079366624355316,0.0
244,960,200.0,917,1070.57,234752,0.37636667490005493,7602.9075927734375,336.380126953125,-0.0015329982503317296,0.3,0.0003,0.0014887315,9160,-1.6970832169055938,0.0
244,960,200.0,918,1073.08,235008,0.3893008232116699,8147.843237304687,4632.7021484375,-0.004529511393047869,0.3,0.0003,0.005917006,9170,-1.672915518283844,0.00390625
244,960,200.0,919,1072.23,235264,0.24918508529663086,32533.7048828125,16237.2646484375,-0.011813685577362776,0.3,0.0003,0.0063653765,9180,-1.6688957214355469,0.008984375
245,960,200.0,920,1076.58,235520,0.0589754581451416,20359.55615234375,7793.86181640625,-0.004726050444878638,0.3,0.0003,0.0049030585,9190,-1.6458246648311614,0.003515625
245,960,200.0,921,1081.45,235776,0.20324218273162842,11360.12294921875,6085.986328125,8.15509120002389e-06,0.3,0.0003,0.0016093825,9200,-1.6626784205436707,0.0
245,960,200.0,922,1075.66,236032,0.31209635734558105,8140.750775146485,4423.38720703125,-0.0006070132134482264,0.3,0.0003,0.000266667,9210,-1.837869441509247,0.0
246,960,200.0,923,1076.16,236288,0.2459399700164795,23873.409521484376,8047.544921875,-0.000508668809197843,0.3,0.0003,0.0001839893,9220,-1.5421438694000245,0.0
246,960,200.0,924,1078.14,236544,0.1775016188621521,9863.698107910157,9001.5126953125,-0.002208264882210642,0.3,0.0003,0.0009399117,9230,-1.6368477046489716,0.0
246,960,200.0,925,1091.15,236800,-0.0805288553237915,20066.904150390626,7881.6142578125,-0.0016440968262031674,0.3,0.0003,0.0002575789,9240,-1.7210309445858,0.0
246,960,200.0,926,1093.26,237056,0.19915616512298584,10934.172265625,5902.271484375,-0.001169680873863399,0.3,0.0003,0.00063900277,9250,-1.739627230167389,0.0
247,960,200.0,927,1091.81,237312,0.04979979991912842,21616.636572265626,14243.9013671875,-0.0008539890870451928,0.3,0.0003,0.0005115594,9260,-1.7406336426734925,0.0
247,960,200.0,928,1094.32,237568,0.21216440200805664,9522.927685546874,2738.898193359375,0.0018330278806388378,0.3,0.0003,0.001714211,9270,-1.460793912410736,0.0
247,960,200.0,929,1092.09,237824,0.3210919499397278,9013.718591308594,667.3546142578125,-0.0024577066418714822,0.3,0.0003,0.0025060785,9280,-1.7682830929756164,0.0
247,960,200.0,930,1094.38,238080,0.21990740299224854,9680.78758544922,1404.0269775390625,-0.0019570555072277785,0.3,0.0003,0.001999693,9290,-1.8327585935592652,0.0
248,960,200.0,931,1100.11,238336,0.27759069204330444,8425.533166503907,5163.66259765625,-0.0014340186025947332,0.3,0.0003,0.0021219766,9300,-1.4964759469032287,0.0
248,959,200.0,932,1099.59,238592,0.36950212717056274,8246.879998779297,3412.539306640625,-0.003486426861491054,0.3,0.0003,0.0091449935,9310,-1.6391867578029633,0.0046875
248,959,200.0,933,1101.52,238848,0.16413015127182007,13069.266149902343,4356.13671875,-0.001537505746819079,0.3,0.0003,0.0011986576,9320,-1.652275985479355,0.0
249,959,200.0,934,1103.45,239104,0.014900743961334229,27416.151171875,16505.6640625,-0.0005636767484247685,0.3,0.0003,0.00010853959,9330,-1.5921928822994231,0.0
249,959,200.0,935,1110.28,239360,0.18255120515823364,13184.870153808593,7215.1669921875,-0.0002681576006580144,0.3,0.0003,7.285038e-05,9340,-1.5682328164577484,0.0
249,959,200.0,936,1107.28,239616,0.13315898180007935,15376.222802734375,4191.2587890625,-0.0016785911982879042,0.3,0.0003,0.0011198274,9350,-1.5773929417133332,0.0
249,959,200.0,937,1112.37,239872,0.2912158966064453,14724.027883911132,308.0567321777344,-0.00025030893739312886,0.3,0.0003,0.00037744432,9360,-1.553299790620804,0.0
250,959,200.0,938,1113.89,240128,0.4010528326034546,7583.198675537109,5200.80859375,-0.002221866208128631,0.3,0.0003,0.002723651,9370,-1.504556566476822,0.001171875
250,959,200.0,939,1113.23,240384,0.2200278639793396,11695.242657470702,10291.80078125,-0.0029661407228559256,0.3,0.0003,0.003096024,9380,-1.616295611858368,0.000390625
250,959,200.0,940,1107.43,240640,0.25772494077682495,11584.848358154297,7332.45263671875,0.0001656991196796298,0.3,0.0003,0.00014233612,9390,-1.5444540917873382,0.0
251,959,200.0,941,1107.65,240896,0.33918100595474243,17196.71892089844,3973.8125,-0.00036541719455271957,0.3,0.0003,0.000185807,9400,-1.253954863548279,0.0
251,959,200.0,942,1107.53,241152,0.3416135907173157,7939.08212890625,2416.6689453125,-0.00048634445411153136,0.3,0.0003,0.00025966135,9410,-1.5059290826320648,0.0
251,959,200.0,943,1106.67,241408,0.39448708295822144,7547.473931884766,4715.80810546875,-0.0037265907041728495,0.3,0.0003,0.010356595,9420,-1.581023395061493,0.009375
251,959,200.0,944,1091.09,241664,0.43033307790756226,7609.963626098633,219.04913330078125,-0.00030801746470388025,0.3,0.0003,0.0033713214,9430,-1.617959237098694,0.003515625
252,959,200.0,945,1091.64,241920,0.3163093328475952,7463.083123779297,3085.804443359375,-0.003142129583284259,0.3,0.0003,0.0049665184,9440,-0.9432975471019744,0.009765625
252,959,200.0,946,1084.57,242176,0.26053446531295776,7721.069104003906,4682.375,-0.004971591685898602,0.3,0.0003,0.0052999095,9450,-1.4925384879112245,0.007421875
252,959,200.0,947,1084.74,242432,0.356529176235199,8600.7181060791,6028.12890625,-0.0020521404687315224,0.3,0.0003,0.0047573606,9460,-1.6813946425914765,0.00078125
252,959,200.0,948,1089.89,242688,0.4137631058692932,14816.18165283203,2104.544921875,-0.0009907083003781736,0.3,0.0003,0.00228767,9470,-1.652679044008255,0.0
253,959,200.0,949,1094.48,242944,0.3817160129547119,8831.952349853516,6119.13427734375,-0.0014078805455937982,0.3,0.0003,0.0009629412,9480,-1.6231603503227234,0.0
253,959,200.0,950,1094.03,243200,0.4453626275062561,7790.393734741211,238.08633422851562,-0.006331315776333213,0.3,0.0003,0.015899412,9490,-1.7038302063941955,0.028515625
253,959,200.0,951,1089.48,243456,0.27885496616363525,8215.669146728516,5119.3828125,0.00019191035535186528,0.3,0.0003,0.0031376856,9500,-1.6511546552181244,0.000390625
254,959,200.0,952,1094.44,243712,0.21769219636917114,15559.724536132813,7305.60546875,-0.0004564203321933746,0.3,0.0003,0.00022963178,9510,-1.6298227250576018,0.0
254,959,200.0,953,1095.45,243968,0.42779016494750977,8364.630642700195,273.2382507324219,-0.0037197607103735208,0.3,0.0003,0.010593717,9520,-1.5538304030895234,0.008203125
254,959,200.0,954,1099.19,244224,0.4277784824371338,7997.0687255859375,3305.65625,-0.0026958755333907902,0.3,0.0003,0.0061629377,9530,-1.51946879029274,0.01015625
254,959,200.0,955,1094.3,244480,0.31424248218536377,16057.543310546875,12756.609375,0.00010560660157352686,0.3,0.0003,0.0032373723,9540,-1.596372026205063,0.00078125
255,959,200.0,956,1089.34,244736,0.11726325750350952,13578.806530761718,7015.95947265625,-0.005987696768715978,0.3,0.0003,0.0044337884,9550,-1.7152002990245818,0.002734375
255,959,200.0,957,1089.12,244992,0.21272516250610352,9927.056774902343,5075.49267578125,-6.927832728251815e-05,0.3,0.0003,0.00013908907,9560,-1.795112282037735,0.0
255,959,200.0,958,1098.21,245248,0.38858962059020996,7815.528018188476,2078.41943359375,-0.001314520789310336,0.3,0.0003,0.00478768,9570,-1.6692341804504394,0.00078125
255,959,200.0,959,1098.08,245504,0.3265531659126282,14493.411499023438,7575.30908203125,-0.0008191884495317936,0.3,0.0003,0.0026878363,9580,-1.5745474219322204,0.0
256,959,200.0,960,1097.73,245760,0.10601842403411865,13422.5865234375,2967.297607421875,0.0005631643172819168,0.3,0.0003,0.00073883985,9590,-1.592838454246521,0.0
256,959,200.0,961,1098.49,246016,0.13259249925613403,20329.8345703125,5101.95703125,-0.0036397125106304882,0.3,0.0003,0.001593367,9600,-1.7093347430229187,0.0
256,959,200.0,962,1089.53,246272,0.3079527020454407,17999.294067382812,7988.11083984375,-0.0017777872039005161,0.3,0.0003,0.001982879,9610,-1.6931777834892272,0.0
257,959,200.0,963,1089.18,246528,0.12540686130523682,2707.974395751953,870.1537475585938,-0.0008217994589358568,0.3,0.0003,0.00024074782,9620,-1.7020725965499879,0.0
257,958,200.0,964,1084.84,246784,0.024302423000335693,21308.078125,10320.3525390625,-0.0035278568509966137,0.3,0.0003,0.00037179864,9630,-1.8140159845352173,0.0
257,958,200.0,965,1081.67,247040,0.24365359544754028,8182.857965087891,5110.75830078125,-0.0018775644013658166,0.3,0.0003,0.0027716383,9640,-1.8844353318214417,0.000390625
257,958,200.0,966,1075.76,247296,0.26113009452819824,21626.7291015625,14383.5732421875,0.0016360637033358215,0.3,0.0003,0.00034888764,9650,-1.4034206926822663,0.0
258,958,200.0,967,1078.64,247552,0.3439498543739319,8302.7427734375,2778.9033203125,0.00036426149308681487,0.3,0.0003,0.0003102864,9660,-1.549927282333374,0.0
258,958,200.0,968,1072.14,247808,0.35052698850631714,7511.865393066406,3052.230224609375,-0.005136304697953164,0.3,0.0003,0.01202624,9670,-1.7702386617660522,0.006640625
258,958,200.0,969,1074.92,248064,0.17152118682861328,9783.679467773438,3793.806640625,-0.010203780746087432,0.3,0.0003,0.01779297,9680,-1.584782338142395,0.026953125
259,958,200.0,970,1067.63,248320,0.284000039100647,11865.28134765625,7899.38330078125,-0.0007445192197337747,0.3,0.0003,0.00072639156,9690,-1.6584377825260161,0.0
259,958,200.0,971,1074.55,248576,0.08551347255706787,18001.392138671876,11572.1328125,-0.00034488239325582983,0.3,0.0003,0.0034212607,9700,-1.6718646943569184,0.003125
259,958,200.0,972,1068.92,248832,0.39836883544921875,7216.639892578125,2955.62158203125,-0.0027260864386335014,0.3,0.0003,0.0053232266,9710,-1.8567977488040923,0.001953125
259,958,200.0,973,1072.14,249088,0.3774253726005554,14787.869451904297,10607.65625,-0.003901436703745276,0.3,0.0003,0.012732184,9720,-1.7271251857280732,0.006640625
260,958,200.0,974,1066.98,249344,0.4393489956855774,7037.556884765625,3929.380859375,-0.001145276811439544,0.3,0.0003,0.0012827406,9730,-1.4675609171390533,0.0
260,958,200.0,975,1063.68,249600,0.17783808708190918,9183.961877441407,854.01904296875,-0.01101293454412371,0.3,0.0003,0.020574091,9740,-1.6874429285526276,0.034375
260,958,200.0,976,1057.74,249856,0.4082072973251343,8027.2175964355465,2350.19873046875,-0.006732345931231976,0.3,0.0003,0.012488617,9750,-1.6561382114887238,0.01015625
261,958,200.0,977,1051.8,250112,0.16037780046463013,20216.209130859374,16272.5595703125,0.000288304453715682,0.3,0.0003,0.0004428795,9760,-1.5275367200374603,0.0
261,958,200.0,978,1041.58,250368,0.16652566194534302,16288.9609375,6670.6533203125,-0.0015954378235619516,0.3,0.0003,0.0005429215,9770,-1.4263854026794434,0.0
261,958,200.0,979,1043.68,250624,-0.0032165050506591797,12012.552111816407,5531.08203125,-0.0001587330596521497,0.3,0.0003,6.946293e-05,9780,-1.3417229354381561,0.0
261,958,200.0,980,1049.48,250880,0.1795114278793335,16321.603399658203,857.1038208007812,-0.00013157885987311602,0.3,0.0003,6.811484e-05,9790,-1.4884647667407989,0.0
262,957,200.0,981,1047.97,251136,0.23278993368148804,12062.615783691406,3938.438720703125,-0.001636310201138258,0.3,0.0003,0.0008583779,9800,-1.5690074861049652,0.0
262,957,200.0,982,1053.64,251392,0.3056294918060303,8812.599365234375,5423.9111328125,-0.004751778522040695,0.3,0.0003,0.004586338,9810,-1.7955609619617463,0.00078125
262,957,200.0,983,1050.91,251648,-0.07798230648040771,2526.2758666992186,942.0411987304688,-0.0010201082099229098,0.3,0.0003,0.0007530998,9820,-0.7710869252681732,0.0
263,957,200.0,984,1047.06,251904,0.007343411445617676,20501.7708984375,7802.45166015625,-0.0001273184549063444,0.3,0.0003,0.000102977036,9830,-1.497380143404007,0.0
263,957,200.0,985,1049.19,252160,0.17573010921478271,12946.175952148438,6086.90087890625,-0.0006324983201920986,0.3,0.0003,0.00029098918,9840,-1.714653104543686,0.0
263,957,200.0,986,1049.48,252416,0.08822476863861084,18408.97998046875,7315.86572265625,-0.002607587934471667,0.3,0.0003,0.0012898613,9850,-1.6716194987297057,0.0
263,957,200.0,987,1046.56,252672,0.28254252672195435,19686.32001953125,9562.3271484375,-0.0022102459333837032,0.3,0.0003,0.0023452723,9860,-1.5702035129070282,0.0
264,957,200.0,988,1055.11,252928,0.3392038345336914,8008.841494750976,5595.341796875,-0.0003645443241111934,0.3,0.0003,0.00093861227,9870,-1.8164257943630218,0.0
264,957,200.0,989,1059.36,253184,0.2922048568725586,8116.321926879883,2401.626708984375,-0.001505668181926012,0.3,0.0003,0.0016062949,9880,-1.5665679335594178,0.0
264,957,200.0,990,1060.43,253440,0.3591681718826294,8753.48989868164,5164.759765625,-0.0019018511520698667,0.3,0.0003,0.0018362033,9890,-1.0501141756772996,0.0
264,957,200.0,991,1060.65,253696,0.3552650809288025,14312.029345703126,5393.14306640625,-0.00026816702447831633,0.3,0.0003,0.00049899984,9900,-1.448762845993042,0.0
265,957,200.0,992,1066.34,253952,0.28311413526535034,9002.044848632813,2836.7900390625,-0.0007031075278064236,0.3,0.0003,0.0007643914,9910,-1.4119333982467652,0.0
265,957,200.0,993,1064.61,254208,0.07561498880386353,19705.573046875,13694.5,-0.0007931099738925695,0.3,0.0003,0.0002481141,9920,-1.43327956199646,0.0
265,957,200.0,994,1052.74,254464,0.3310089707374573,15625.985772705078,6443.17138671875,-0.0051001480780541895,0.3,0.0003,0.0079463525,9930,-1.3874477863311767,0.0046875
266,957,200.0,995,1050.96,254720,0.343044638633728,7649.202313232422,4312.08837890625,-4.543778486549854e-05,0.3,0.0003,0.0012446325,9940,-1.7271692216396333,0.0
266,957,200.0,996,1056.72,254976,0.44163769483566284,7247.2745559692385,6934.8583984375,-0.0020342350006103517,0.3,0.0003,0.005093394,9950,-1.417992639541626,0.00078125
266,957,200.0,997,1054.66,255232,0.34544169902801514,8759.879760742188,3064.02197265625,-0.007565105427056551,0.3,0.0003,0.025873385,9960,-1.6143770575523377,0.0703125
266,957,200.0,998,1061.96,255488,0.38976484537124634,15194.758410644532,11000.73828125,-7.47267622500658e-05,0.3,0.0003,0.00081430026,9970,-1.4302621841430665,0.0
267,956,200.0,999,1060.15,255744,0.21895867586135864,17920.36435546875,7053.9384765625,-0.0008048032294027507,0.3,0.0003,0.0013919752,9980,-1.4228160619735717,0.0
267,956,200.0,1000,1060.63,256000,0.3246183395385742,7975.881848144531,5890.72998046875,-0.0012832354987040162,0.3,0.0003,0.000793691,9990,-1.3220902502536773,0.0
267,956,200.0,1001,1069.9,256256,0.4108242392539978,7959.1685241699215,358.3697814941406,-0.000671935745049268,0.3,0.0003,0.00047287229,10000,-1.5960454761981964,0.0
268,956,200.0,1002,1072.76,256512,0.043756186962127686,47531.270703125,23491.556640625,0.0013960448675788939,0.3,0.0003,0.0006399448,10010,-1.594098836183548,0.0
268,956,200.0,1003,1064.53,256768,0.33569979667663574,10087.674993896484,3886.01611328125,-0.004255366546567529,0.3,0.0003,0.0016913579,10020,-1.5246348083019257,0.00078125
268,956,200.0,1004,1071.48,257024,0.4151197075843811,8607.898364257813,3162.56103515625,-0.0027754979440942408,0.3,0.0003,0.0021112056,10030,-1.5872714638710022,0.0
268,956,200.0,1005,1075.46,257280,0.24296772480010986,16820.490649414063,7469.79052734375,-0.001382692391052842,0.3,0.0003,0.0006042295,10040,-1.5609706580638885,0.0
269,956,200.0,1006,1075.18,257536,0.09741628170013428,16693.886791992187,7654.6953125,-0.00079060192219913,0.3,0.0003,0.00016068597,10050,-1.611847072839737,0.0
269,956,200.0,1007,1082.15,257792,0.141606867313385,19013.61826171875,11128.2060546875,-0.00472313144709915,0.3,0.0003,0.0017577282,10060,-1.7016009032726287,0.0
269,956,200.0,1008,1083.05,258048,0.30381929874420166,8846.20580444336,4574.26171875,0.0006274561397731304,0.3,0.0003,0.00016294257,10070,-1.712168288230896,0.0
270,956,200.0,1009,1079.28,258304,0.32405346632003784,14759.094287109376,8805.9697265625,-0.00014673946425318717,0.3,0.0003,0.00089737284,10080,-1.6267176687717437,0.0
270,956,200.0,1010,1080.84,258560,0.29490530490875244,8203.675854492187,464.53582763671875,-0.00035986443544970824,0.3,0.0003,0.00013959734,10090,-1.3683977603912354,0.0
270,956,200.0,1011,1085.2,258816,0.1584511399269104,22824.658154296874,11550.5849609375,-0.006296793092042207,0.3,0.0003,0.005058561,10100,-1.716773474216461,0.003125
270,956,200.0,1012,1091.79,259072,-0.014160990715026855,28519.48017578125,15141.67578125,0.00044917319901287555,0.3,0.0003,0.0006371436,10110,-1.6491574704647065,0.0
271,956,200.0,1013,1091.11,259328,0.11168396472930908,25579.889404296875,6874.90478515625,-0.006564901350066066,0.3,0.0003,0.003447927,10120,-1.41704820394516,0.0046875
271,956,200.0,1014,1089.05,259584,-0.18043076992034912,18528.555810546874,9695.2978515625,-0.0005760168773122132,0.3,0.0003,0.00014466932,10130,-1.5098466336727143,0.0
271,956,200.0,1015,1072.09,259840,0.2886655330657959,8449.410131835937,4678.4111328125,-0.0019798210822045805,0.3,0.0003,0.0016207481,10140,-1.4612747788429261,0.0
271,956,200.0,1016,1072.2,260096,0.3064084053039551,19659.99404296875,8472.271484375,-0.0011387005914002657,0.3,0.0003,0.00023209979,10150,-1.4844803512096405,0.0
272,956,200.0,1017,1073.17,260352,0.28357017040252686,15753.23115234375,8253.3271484375,-0.00025653492193669083,0.3,0.0003,9.7431475e-05,10160,-1.5303016424179077,0.0
272,956,200.0,1018,1076.39,260608,0.3184497356414795,8292.044274902344,5312.3330078125,-0.00011653655092231929,0.3,0.0003,2.9149e-05,10170,-1.6833287000656127,0.0
272,956,200.0,1019,1080.93,260864,0.34387344121932983,18179.710009765626,9730.154296875,-0.0023580229841172694,0.3,0.0003,0.003268506,10180,-1.614715927839279,0.000390625
273,956,200.0,1020,1077.73,261120,0.39108961820602417,8610.406481933594,5838.96142578125,-0.00025177596835419537,0.3,0.0003,0.0010861973,10190,-1.6732981085777283,0.0
273,956,200.0,1021,1087.2,261376,0.15176492929458618,9363.444006347656,5863.830078125,-0.0017113969777710735,0.3,0.0003,0.0016229867,10200,-1.9329891085624695,0.0
273,956,200.0,1022,1096.15,261632,0.08248478174209595,9824.968676757813,3917.53955078125,0.00045746995601803064,0.3,0.0003,0.00097417925,10210,-1.742555856704712,0.0
273,956,200.0,1023,1106.03,261888,0.3174571394920349,14494.254931640626,7146.43603515625,-0.0016353020910173655,0.3,0.0003,0.001245844,10220,-1.5971571564674378,0.0
274,955,200.0,1024,1115.89,262144,-0.024419784545898438,22331.99697265625,9453.462890625,0.000108516332693398,0.3,0.0003,0.0003672121,10230,-1.5827358484268188,0.0
274,955,200.0,1025,1118.8,262400,0.0842025876045227,10182.430859375,3090.424072265625,-0.0002593631506897509,0.3,0.0003,0.00023464346,10240,-1.7108043134212494,0.0
274,955,200.0,1026,1116.68,262656,-0.017433762550354004,29485.715185546876,11333.6123046875,-0.0013050338719040155,0.3,0.0003,0.00017117639,10250,-1.7439047634601592,0.0
275,955,200.0,1027,1111.63,262912,0.28055131435394287,15956.357861328124,3007.215576171875,-0.0010277508525177836,0.3,0.0003,0.0006312621,10260,-1.498950970172882,0.0
275,955,200.0,1028,1109.25,263168,0.17501717805862427,12598.119165039063,4001.290283203125,-0.0009392112959176302,0.3,0.0003,0.00024507032,10270,-1.8076601564884185,0.0
275,955,200.0,1029,1114.62,263424,0.3506022095680237,8487.159991455079,848.4116821289062,-0.000694621924776584,0.3,0.0003,0.00042223348,10280,-1.4434974312782287,0.0
275,955,200.0,1030,1115.9,263680,0.34241604804992676,15536.259814453126,7450.6123046875,-3.2031838782131675e-05,0.3,0.0003,7.141847e-05,10290,-1.2876495480537415,0.0
276,955,200.0,1031,1107.13,263936,0.3092826008796692,15430.716540527344,10714.1689453125,7.610578322783112e-05,0.3,0.0003,0.00036733574,10300,-1.5001715660095214,0.0
276,955,200.0,1032,1105.75,264192,0.2650297284126282,8671.942846679687,5950.2763671875,-0.00013257742393761872,0.3,0.0003,7.653306e-05,10310,-1.109871119260788,0.0
276,955,200.0,1033,1110.11,264448,0.38823455572128296,7694.464132690429,2499.159912109375,-0.0017446856538299472,0.3,0.0003,0.0014150306,10320,-1.6453882336616517,0.0
276,955,200.0,1034,1121.22,264704,0.28736722469329834,16519.03435058594,3449.754150390625,-0.0017208613222464918,0.3,0.0003,0.0019017616,10330,-1.730601567029953,0.0
277,955,200.0,1035,1114.91,264960,0.35654890537261963,1932.6570739746094,867.9825439453125,-0.003637650003656745,0.3,0.0003,0.0035235565,10340,-1.6074672102928163,0.0
277,955,200.0,1036,1112.59,265216,0.05901831388473511,21350.625439453124,9452.5390625,-0.0006251611746847629,0.3,0.0003,0.0012168298,10350,-1.771274107694626,0.0
277,955,200.0,1037,1107.49,265472,0.14204907417297363,19672.385171508788,3394.836669921875,0.0002755620749667287,0.3,0.0003,0.00069543556,10360,-1.2111508667469024,0.0
278,955,200.0,1038,1106.19,265728,0.2836344838142395,8381.662384033203,5816.1572265625,-0.00020561319543048738,0.3,0.0003,0.00016282429,10370,-1.6363299190998077,0.0
278,955,200.0,1039,1111.09,265984,0.2725273370742798,23733.661499023438,9882.943359375,-0.011083321599289774,0.3,0.0003,0.004879752,10380,-1.6281155169010162,0.00546875
278,955,200.0,1040,1107.69,266240,-0.030062437057495117,20371.990087890626,7112.81494140625,-2.3414008319377898e-05,0.3,0.0003,4.5862747e-05,10390,-1.5396467626094819,0.0
278,955,200.0,1041,1109.46,266496,0.04794454574584961,22749.249072265626,9529.498046875,-0.00023814551532268523,0.3,0.0003,0.0003903634,10400,-1.538256084918976,0.0
279,955,200.0,1042,1111.28,266752,0.24890387058258057,7847.208996582031,4729.79248046875,-0.0033525316510349514,0.3,0.0003,0.003941344,10410,-1.2943612575531005,0.0
279,955,200.0,1043,1126.72,267008,0.32521653175354004,20404.50734863281,14648.1123046875,-0.0014150832081213593,0.3,0.0003,0.0005689764,10420,-1.69212863445282,0.0
279,955,200.0,1044,1129.85,267264,0.16521811485290527,21414.54892578125,7515.18310546875,-0.0005108389304950833,0.3,0.0003,0.00020746817,10430,-1.6770079612731934,0.0
280,955,200.0,1045,1127.16,267520,0.3960217833518982,7597.136120605469,6910.52392578125,-0.007279595348518342,0.3,0.0003,0.014064608,10440,-1.865229082107544,0.009375
280,955,200.0,1046,1127.6,267776,0.20187050104141235,12113.544555664062,8399.0361328125,-0.0006654480355791747,0.3,0.0003,0.0034050357,10450,-1.2422934889793396,0.0046875
280,955,200.0,1047,1134.1,268032,0.20103329420089722,8608.934228515625,2303.400634765625,-0.00021952835377305746,0.3,0.0003,0.00032049348,10460,-1.260323178768158,0.0
280,955,200.0,1048,1134.71,268288,0.3067874312400818,14652.843041992188,12134.3896484375,-0.0013962601195089519,0.3,0.0003,0.0014314854,10470,-1.559135514497757,0.0
281,955,200.0,1049,1134.17,268544,0.3811785578727722,8110.982818603516,5200.11572265625,-0.005596195510588586,0.3,0.0003,0.0049037025,10480,-1.8514318704605102,0.00234375
281,954,200.0,1050,1127.46,268800,0.2536669969558716,10047.862866210937,6196.04345703125,-0.0010490706539712847,0.3,0.0003,0.005544016,10490,-1.8117895126342773,0.009375
281,954,200.0,1051,1126.17,269056,0.2770085334777832,11708.60439453125,4075.077880859375,-0.011907363450154662,0.3,0.0003,0.008164232,10500,-1.2839507579803466,0.015625
282,954,200.0,1052,1129.01,269312,0.3832851052284241,16168.9669921875,10806.478515625,-0.0020982158137485387,0.3,0.0003,0.002375768,10510,-1.8471065521240235,0.000390625
282,954,200.0,1053,1131.98,269568,0.13787508010864258,12985.793994140626,7280.0048828125,-0.0026454349746927617,0.3,0.0003,0.0015209897,10520,-1.5063034474849701,0.0
282,954,200.0,1054,1139.51,269824,0.2896329164505005,9619.232299804688,4070.43505859375,-0.006500931223854423,0.3,0.0003,0.006862208,10530,-1.8218389987945556,0.00546875
282,954,200.0,1055,1142.42,270080,0.3488631844520569,13729.27978515625,6611.92431640625,-0.002449950180016458,0.3,0.0003,0.006481534,10540,-1.6348067998886109,0.005078125
283,954,200.0,1056,1149.47,270336,0.28133904933929443,8773.866116333007,520.6901245117188,8.793282322585582e-05,0.3,0.0003,0.0005614606,10550,-1.5223347127437592,0.0
283,954,200.0,1057,1149.94,270592,0.2673006057739258,16507.635327148437,8121.818359375,-0.00048616928979754447,0.3,0.0003,0.00035922672,10560,-1.4312851428985596,0.0
283,954,200.0,1058,1143.58,270848,0.47867918014526367,7959.021524047852,2114.749755859375,-0.0010383054264821111,0.3,0.0003,0.003296809,10570,-1.167502576112747,0.000390625
283,954,200.0,1059,1143.11,271104,0.23709344863891602,15824.22919921875,9634.98046875,-0.00216351494891569,0.3,0.0003,0.005970494,10580,-1.7844349265098571,0.00234375
284,954,200.0,1060,1133.84,271360,0.3888853192329407,7033.12544555664,2350.015380859375,-0.00222781109623611,0.3,0.0003,0.0031921589,10590,-1.3982682943344116,0.0
284,954,200.0,1061,1144.22,271616,0.24825280904769897,9612.562451171874,2671.04833984375,-0.0009943284094333649,0.3,0.0003,0.0012586575,10600,-1.555978912115097,0.0
284,954,200.0,1062,1142.84,271872,0.39212942123413086,8061.456671142578,5126.2294921875,-0.005433308554347605,0.3,0.0003,0.0048721666,10610,-1.3181658208370208,0.00859375
285,954,200.0,1063,1135.17,272128,0.28787124156951904,15322.068310546874,3489.986572265625,-0.0064539723680354655,0.3,0.0003,0.015369243,10620,-1.6126868188381196,0.0171875
285,954,200.0,1064,1128.51,272384,-0.18912506103515625,21531.9671875,10075.8740234375,0.0010472939349710942,0.3,0.0003,0.001249809,10630,-1.452345073223114,0.0
285,954,200.0,1065,1133.53,272640,0.43287092447280884,7071.780039978027,2338.787353515625,-0.0009967723744921386,0.3,0.0003,0.003671392,10640,-1.087573805451393,0.005859375
285,954,200.0,1066,1134.66,272896,0.10377079248428345,30561.962548828124,21113.025390625,-0.001559630234260112,0.3,0.0003,0.0009744982,10650,-1.485688215494156,0.0
286,954,200.0,1067,1135.95,273152,0.3232974410057068,7133.649963378906,425.9095153808594,-0.0001675250707194209,0.3,0.0003,0.000111330766,10660,-1.4009070873260498,0.0
286,954,200.0,1068,1140.36,273408,0.42002320289611816,7688.734259033203,6667.9140625,-0.00292508831480518,0.3,0.0003,0.0042277225,10670,-1.5840454161167146,0.0
286,954,200.0,1069,1133.53,273664,0.11474138498306274,28078.18486328125,11221.6259765625,-0.006188658741302788,0.3,0.0003,0.007206225,10680,-1.7410812079906464,0.005859375
287,954,200.0,1070,1122.76,273920,0.3903807997703552,7884.926696777344,4981.46728515625,-0.0008160573313944041,0.3,0.0003,0.0003636363,10690,-1.1714437067508698,0.0
287,954,200.0,1071,1136.17,274176,0.2649585008621216,23691.853955078124,9094.4482421875,-0.003990574134513735,0.3,0.0003,0.002201903,10700,-1.441884660720825,0.0
287,954,200.0,1072,1148.21,274432,0.3207995891571045,8814.558630371093,2656.09423828125,-0.002591168158687651,0.3,0.0003,0.0055049686,10710,-1.446028470993042,0.001171875
287,954,200.0,1073,1137.86,274688,0.3210606575012207,7814.16005859375,7056.44091796875,-0.000734760146588087,0.3,0.0003,0.0013020863,10720,-1.4129893362522126,0.0
288,954,200.0,1074,1140.34,274944,0.3797510862350464,9148.202014160157,8189.70556640625,-0.004305410874076187,0.3,0.0003,0.0061181653,10730,-1.6116642355918884,0.005078125
288,954,200.0,1075,1126.21,275200,-0.06916511058807373,12502.792407226563,2688.352294921875,-0.007708841050043702,0.3,0.0003,0.007095714,10740,-1.5522709786891937,0.004296875
288,954,200.0,1076,1123.87,275456,-0.00444638729095459,11310.07216796875,4607.513671875,-0.0010902863694354891,0.3,0.0003,0.00339266,10750,-1.5729348003864287,0.0
288,954,200.0,1077,1120.56,275712,0.26197052001953125,14842.368115234374,7143.43994140625,-0.0007186901289969683,0.3,0.0003,0.0009900052,10760,-1.4168980419635773,0.0
289,954,200.0,1078,1119.19,275968,0.3764181137084961,11081.272497558593,4045.95166015625,-5.169527139514685e-05,0.3,0.0003,0.00044955662,10770,-1.4894998371601105,0.0
289,954,200.0,1079,1113.67,276224,0.43230658769607544,7104.14641418457,4708.21630859375,-0.0010043420013971626,0.3,0.0003,0.00076917745,10780,-1.3512134611606599,0.0
289,954,200.0,1080,1107.36,276480,0.23175454139709473,19589.147705078125,6571.0986328125,-0.0007214701268821955,0.3,0.0003,0.0010043608,10790,-1.4663844764232636,0.0
289,954,200.0,1081,1109.17,276736,0.4848352074623108,7010.999835205078,164.8499755859375,-0.0075781035237014295,0.3,0.0003,0.03060184,10800,-1.2921904742717742,0.09140625
290,954,200.0,1082,1102.66,276992,0.4454435706138611,7753.474133300781,3217.495849609375,-0.006592056783847511,0.3,0.0003,0.0091870455,10810,-1.4929315328598023,0.0078125
290,954,200.0,1083,1106.55,277248,0.400365948677063,7043.565452575684,215.51719665527344,-0.005456042080186308,0.3,0.0003,0.01664549,10820,-1.5052693367004395,0.0125
290,954,200.0,1084,1109.03,277504,0.25548750162124634,14655.945874023437,4746.578125,-0.00018428012263029813,0.3,0.0003,0.0018558477,10830,-1.3146481394767762,0.001953125
291,954,200.0,1085,1100.69,277760,0.41885364055633545,7254.747204589844,3992.54736328125,-0.0035011757630854846,0.3,0.0003,0.0032457467,10840,-1.506477427482605,0.00078125
291,954,200.0,1086,1107.73,278016,0.4235348701477051,7895.447052001953,5733.94775390625,-0.003486813884228468,0.3,0.0003,0.03350091,10850,-1.3726470470428467,0.052734375
291,954,200.0,1087,1109.9,278272,0.3932356834411621,19200.81259765625,11359.9638671875,-0.000850572669878602,0.3,0.0003,0.0060835294,10860,-1.5163246989250183,0.009765625
291,954,200.0,1088,1107.8,278528,0.39627426862716675,8361.555572509766,5156.96923828125,-0.005087480822112411,0.3,0.0003,0.0052786213,10870,-1.4368308663368226,0.00234375
292,954,200.0,1089,1106.73,278784,0.15269523859024048,21040.670141601564,9567.482421875,-0.0017632619477808476,0.3,0.0003,0.0002590618,10880,-1.7792301297187805,0.0
292,954,200.0,1090,1105.77,279040,0.3606380224227905,8382.588256835938,2776.338623046875,-0.0009957775822840632,0.3,0.0003,0.000412195,10890,-1.7184808552265167,0.0
292,954,200.0,1091,1113.76,279296,-0.11620032787322998,32456.6935546875,12846.6298828125,-0.0006619955878704786,0.3,0.0003,0.00045117037,10900,-1.812483435869217,0.0
292,954,200.0,1092,1114.26,279552,0.44404613971710205,8132.602725219726,6590.55908203125,-0.011855156463570892,0.3,0.0003,0.021313142,10910,-1.5840597331523896,0.065625
293,954,200.0,1093,1130.38,279808,0.37304651737213135,9401.259497070312,3383.191650390625,-0.004817777872085571,0.3,0.0003,0.005794319,10920,-1.7425546407699586,0.0046875
293,954,200.0,1094,1132.31,280064,0.08290958404541016,30968.260302734376,14043.4453125,-0.002576676569879055,0.3,0.0003,0.0019964313,10930,-1.8471344113349915,0.0
293,954,200.0,1095,1141.26,280320,0.35666942596435547,2267.9509887695312,877.9730834960938,-0.0021247783210128547,0.3,0.0003,0.0005196752,10940,-1.6153553962707519,0.0
294,954,200.0,1096,1141.93,280576,0.11216020584106445,30050.6404296875,9914.87890625,-0.00351352256257087,0.3,0.0003,0.0027884468,10950,-1.8057929813861846,0.00078125
294,954,200.0,1097,1122.55,280832,-0.03957712650299072,19664.924365234376,8271.1845703125,-0.0008124338928610086,0.3,0.0003,0.0005199425,10960,-1.6998261332511901,0.0
294,954,200.0,1098,1123.32,281088,0.36465007066726685,15388.555200195313,5298.3076171875,-0.00027789301238954065,0.3,0.0003,3.7145335e-05,10970,-1.82031769156456,0.0
294,954,200.0,1099,1124.97,281344,-0.11533761024475098,2984.8733032226564,730.40478515625,-0.0005807929672300815,0.3,0.0003,0.00021407288,10980,-1.6401005327701568,0.0
295,954,200.0,1100,1128.75,281600,0.024988174438476562,38228.74501953125,24514.353515625,-0.004754187597427517,0.3,0.0003,0.0011860745,10990,-1.8677177548408508,0.0
295,954,200.0,1101,1125.92,281856,0.2332947850227356,11322.79881591797,3226.48828125,-0.0004599023377522826,0.3,0.0003,0.00032718433,11000,-1.940249854326248,0.0
295,954,200.0,1102,1122.91,282112,0.1261315941810608,21158.037255859374,9118.2919921875,0.0008108420297503471,0.3,0.0003,2.1650689e-05,11010,-1.7663085818290711,0.0
295,954,200.0,1103,1128.32,282368,0.03155100345611572,21064.229296875,13297.7275390625,-0.0014590942999348044,0.3,0.0003,0.0005995382,11020,-1.7263327479362487,0.0
296,954,200.0,1104,1124.11,282624,0.2964595556259155,10085.669873046874,2066.6533203125,-0.002117011393420398,0.3,0.0003,0.0012732099,11030,-1.743682712316513,0.0
296,954,200.0,1105,1125.14,282880,0.15432733297348022,23010.82470703125,9115.673828125,-0.0017705653328448534,0.3,0.0003,0.0009024963,11040,-1.7690758526325225,0.0
296,954,200.0,1106,1130.3,283136,0.2095181941986084,11234.711328125,5758.96630859375,-0.0005197472055442631,0.3,0.0003,0.001341443,11050,-1.9489768147468567,0.0
297,954,200.0,1107,1130.13,283392,0.38179832696914673,7403.231420898437,3964.184814453125,-0.0013605140149593354,0.3,0.0003,0.0013493102,11060,-1.5962857067584992,0.0
297,954,200.0,1108,1128.0,283648,0.4831036329269409,7106.358215332031,470.4068298339844,-0.008132861042395235,0.3,0.0003,0.016024958,11070,-1.8005827903747558,0.0171875
297,954,200.0,1109,1135.76,283904,0.3330566883087158,14002.0580078125,8197.353515625,-0.001180971774738282,0.3,0.0003,0.010551412,11080,-1.670514887571335,0.024609375
297,954,200.0,1110,1139.05,284160,0.3794422745704651,8671.485092163086,8081.2783203125,-0.00036979283904656766,0.3,0.0003,0.00023482973,11090,-1.3392599523067474,0.0
298,954,200.0,1111,1131.11,284416,-0.15151596069335938,21804.784033203126,8588.9365234375,-0.001404022891074419,0.3,0.0003,0.00013824622,11100,-1.6115153312683106,0.0
298,954,200.0,1112,1132.81,284672,0.29825901985168457,20814.7591796875,8889.9658203125,-0.0013048792025074363,0.3,0.0003,0.0008207909,11110,-1.611947876214981,0.0
298,954,200.0,1113,1137.81,284928,0.3759220838546753,12236.939916992187,6745.2294921875,-0.0010536371148191393,0.3,0.0003,0.00088520977,11120,-1.4775376915931702,0.0
298,954,200.0,1114,1137.58,285184,0.3419345021247864,7972.128546142578,5189.0048828125,0.0004951874492689967,0.3,0.0003,0.004806851,11130,-1.6200292587280274,0.00234375
299,954,200.0,1115,1145.01,285440,0.2926786541938782,11956.687182617188,8914.283203125,-0.0010601229150779545,0.3,0.0003,0.0013213414,11140,-1.6419686496257782,0.0
299,954,200.0,1116,1147.61,285696,0.33269375562667847,15769.20751953125,5934.24853515625,0.00032839152845554054,0.3,0.0003,0.00011790637,11150,-1.6976750373840332,0.0
299,954,200.0,1117,1141.08,285952,0.43084895610809326,7171.146563720703,2975.9296875,-0.0038459969218820333,0.3,0.0003,0.0059822956,11160,-1.4200948536396027,0.001171875
299,954,200.0,1118,1144.65,286208,0.25634855031967163,15801.773413085937,10962.98828125,-0.00025673711206763983,0.3,0.0003,0.0009179979,11170,-1.1224505841732024,0.0
300,954,200.0,1119,1148.7,286464,0.36643528938293457,13368.158471679688,6428.35546875,-9.140779729932547e-05,0.3,0.0003,0.00012499443,11180,-1.69947447180748,0.0
300,954,200.0,1120,1155.74,286720,0.4151047468185425,7917.4930419921875,3223.728271484375,-0.0034633420407772066,0.3,0.0003,0.0039810305,11190,-1.7406453490257263,0.0
300,954,200.0,1121,1147.84,286976,-0.0956566333770752,23179.844873046874,13919.4775390625,-0.0035437917336821555,0.3,0.0003,0.0035013857,11200,-1.6914076507091522,0.0
301,953,200.0,1122,1147.79,287232,0.23182713985443115,11925.649475097656,7613.32275390625,-0.0028796156286261974,0.3,0.0003,0.0018653951,11210,-1.577494353055954,0.0
301,953,200.0,1123,1142.4,287488,0.2829747796058655,18153.128686523436,7235.8818359375,8.78507737070322e-05,0.3,0.0003,6.716186e-05,11220,-1.4750909149646758,0.0
301,953,200.0,1124,1147.57,287744,0.3723783493041992,8278.683129882813,4634.4697265625,-0.0057171507272869345,0.3,0.0003,0.00876841,11230,-1.6505400717258454,0.00625
301,953,200.0,1125,1149.76,288000,0.431299090385437,6755.428021240235,2374.345703125,-0.004849668813403696,0.3,0.0003,0.014557345,11240,-1.7733748733997345,0.012890625
302,953,200.0,1126,1142.95,288256,0.35826247930526733,11243.899719238281,3862.84326171875,-0.003520679660141468,0.3,0.0003,0.005454688,11250,-1.4350193083286285,0.0015625
302,953,200.0,1127,1156.71,288512,0.34924405813217163,11152.227563476563,5631.69189453125,-0.0009344836813397706,0.3,0.0003,0.00020175613,11260,-1.2912864685058594,0.0
302,953,200.0,1128,1151.18,288768,0.17862921953201294,30349.8001953125,19244.314453125,-0.00241505018202588,0.3,0.0003,0.0005228759,11270,-1.6478934109210968,0.0
302,953,200.0,1129,1159.72,289024,0.29885369539260864,10072.101904296875,4569.923828125,-0.00030254949815571307,0.3,0.0003,0.00033122278,11280,-1.4467899680137635,0.0
303,953,200.0,1130,1162.32,289280,0.375612735748291,13926.724682617187,8986.9921875,-9.383228607475757e-05,0.3,0.0003,0.00011035311,11290,-1.4976565837860107,0.0
303,953,200.0,1131,1154.23,289536,0.46537458896636963,7532.746643066406,4855.36181640625,-0.001302863284945488,0.3,0.0003,0.0012341074,11300,-1.5092915296554565,0.0
303,953,200.0,1132,1151.6,289792,0.442604660987854,8130.396618652344,417.22027587890625,-0.0021218916750513016,0.3,0.0003,0.0021602255,11310,-1.7144073367118835,0.0
304,953,200.0,1133,1145.45,290048,0.29781627655029297,7893.589459228516,666.1180419921875,-0.0019376018550246953,0.3,0.0003,0.0022835461,11320,-1.413296067714691,0.0
304,953,200.0,1134,1150.38,290304,0.3343868851661682,16934.757934570312,6537.173828125,-0.00030978983268141745,0.3,0.0003,9.764498e-05,11330,-1.600847727060318,0.0
304,953,200.0,1135,1148.15,290560,0.23471784591674805,10339.826525878907,6479.40869140625,-0.0014967876486480236,0.3,0.0003,0.0011046312,11340,-1.8064166247844695,0.0
304,953,200.0,1136,1144.55,290816,0.4780796766281128,6127.724768066406,3477.972412109375,-0.0002267233212478459,0.3,0.0003,0.00036467589,11350,-1.0080103486776353,0.0
305,953,200.0,1137,1147.54,291072,0.31702232360839844,18205.4359375,11717.3994140625,-0.0007197165861725808,0.3,0.0003,0.0003510348,11360,-1.2836850881576538,0.0
305,953,200.0,1138,1161.11,291328,0.38590288162231445,8475.002697753906,3265.79052734375,-0.00040948797250166534,0.3,0.0003,0.0001236191,11370,-1.4961889743804933,0.0
305,953,200.0,1139,1163.8,291584,0.4650505781173706,8505.01173095703,2908.2021484375,-0.0005568198394030333,0.3,0.0003,0.00017249514,11380,-1.6310271441936492,0.0
306,953,200.0,1140,1163.79,291840,0.4625038504600525,6720.384542846679,3881.20263671875,-0.002398732351139188,0.3,0.0003,0.0046874834,11390,-1.6610704421997071,0.0
306,953,200.0,1141,1172.99,292096,0.3847202658653259,15595.60517578125,9651.1376953125,-0.0003153642755933106,0.3,0.0003,0.0026060995,11400,-1.3708172380924224,0.0
306,953,200.0,1142,1177.52,292352,0.4011270999908447,7006.101550292969,4992.3408203125,-0.0065822740085423,0.3,0.0003,0.016968027,11410,-1.5422239780426026,0.0265625
306,953,200.0,1143,1183.02,292608,0.42805129289627075,6842.708758544922,2315.6591796875,-0.0005228604190051555,0.3,0.0003,0.0051447875,11420,-1.4646632850170136,0.001171875
307,953,200.0,1144,1183.4,292864,0.3295321464538574,15877.506689453125,4669.9765625,-0.0009337832685559988,0.3,0.0003,0.000891512,11430,-1.610399204492569,0.0
307,953,200.0,1145,1189.45,293120,0.4529080390930176,7153.300915527344,2012.78515625,-0.0034288783790543675,0.3,0.0003,0.0022314426,11440,-1.6639403641223907,0.0
307,953,200.0,1146,1176.02,293376,-0.5211029052734375,4968.764001464844,1682.75390625,-0.0011516512371599675,0.3,0.0003,0.00059979805,11450,-1.1495078384876252,0.0
307,953,200.0,1147,1184.31,293632,0.22349494695663452,10259.864233398437,6584.2431640625,-0.0004520677670370787,0.3,0.0003,0.00015007332,11460,-1.3417640924453735,0.0
308,953,200.0,1148,1184.9,293888,0.366554856300354,15149.519140625,7481.494140625,-0.001781592145562172,0.3,0.0003,0.0024181583,11470,-1.7125737011432647,0.00078125
308,953,200.0,1149,1170.97,294144,0.1879064440727234,12141.944091796875,4114.52197265625,0.00019713516812771558,0.3,0.0003,0.0004603709,11480,-1.4744463086128234,0.0
308,953,200.0,1150,1167.76,294400,0.37648171186447144,7170.731634521484,3896.588623046875,-0.0009103524731472135,0.3,0.0003,0.00069279294,11490,-1.5225890934467317,0.0
309,953,200.0,1151,1181.76,294656,0.4685928225517273,7659.793450927735,3162.986572265625,-0.0028191724442876874,0.3,0.0003,0.013445931,11500,-1.300340121984482,0.014453125
309,953,200.0,1152,1177.79,294912,0.29966604709625244,18716.5958984375,9881.2236328125,-0.004693699581548571,0.3,0.0003,0.0069539333,11510,-1.68775834441185,0.005078125
309,953,200.0,1153,1180.73,295168,0.2504294514656067,11077.220703125,6044.958984375,-0.0001503793057054281,0.3,0.0003,5.70626e-05,11520,-1.64951753616333,0.0
309,953,200.0,1154,1188.54,295424,-0.02225661277770996,3539.464501953125,1444.4295654296875,-0.0010658530634827911,0.3,0.0003,0.0005044278,11530,-1.4135940313339233,0.0
310,953,200.0,1155,1201.19,295680,0.2143992781639099,19069.996142578126,10405.8525390625,-0.0005430446937680245,0.3,0.0003,0.0005094013,11540,-1.520760190486908,0.0
310,953,200.0,1156,1202.26,295936,0.28551238775253296,16318.858032226562,2751.0029296875,-0.004061536863446236,0.3,0.0003,0.0038760991,11550,-1.4201797246932983,0.0
310,953,200.0,1157,1199.32,296192,0.0628434419631958,19169.922119140625,9418.4541015625,-0.001735956477932632,0.3,0.0003,0.0008101873,11560,-1.418039894104004,0.0
310,953,200.0,1158,1198.52,296448,0.35070765018463135,8214.855841064453,7534.2578125,-0.0001554177375510335,0.3,0.0003,0.00063959253,11570,-1.4009539484977722,0.0
311,953,200.0,1159,1199.16,296704,0.36612898111343384,15531.266137695313,11542.9228515625,-0.0006568409502506256,0.3,0.0003,0.0020841362,11580,-1.4977902472019196,0.0
311,953,200.0,1160,1194.9,296960,0.42885082960128784,6995.65263671875,558.3710327148438,-0.0018697862280532718,0.3,0.0003,0.0017516869,11590,-1.6993043184280396,0.0
311,953,200.0,1161,1182.99,297216,0.3903238773345947,6796.878961181641,4732.599609375,-0.0012786998879164458,0.3,0.0003,0.0053562894,11600,-1.6962271571159362,0.01953125
312,953,200.0,1162,1178.23,297472,0.20389693975448608,21529.9142578125,4520.11474609375,-0.00026524062268435956,0.3,0.0003,0.00019997545,11610,-1.6761968910694123,0.0
312,953,200.0,1163,1180.12,297728,0.08448386192321777,11418.25595703125,3776.0869140625,-0.0002658880897797644,0.3,0.0003,4.212605e-05,11620,-1.5767487943172456,0.0
312,953,200.0,1164,1179.27,297984,0.3799435496330261,8316.374014282226,3840.85986328125,-0.0013390787469688803,0.3,0.0003,0.0011610929,11630,-1.6127652049064636,0.0
312,953,200.0,1165,1158.4,298240,-0.39882421493530273,3863.7900512695314,1548.9898681640625,-0.0023643263848498464,0.3,0.0003,0.0029773621,11640,-1.8836447834968566,0.0
313,953,200.0,1166,1165.98,298496,0.38354945182800293,14831.703570556641,2711.91064453125,-0.0003442264394834638,0.3,0.0003,0.0009388621,11650,-1.6190856099128723,0.0
313,953,200.0,1167,1170.36,298752,0.3523205518722534,9101.011999511718,7413.89501953125,-0.0009028394939377904,0.3,0.0003,0.00036225747,11660,-1.5388044178485871,0.0
313,953,200.0,1168,1169.61,299008,0.32522350549697876,3555.5926208496094,952.5427856445312,-0.003696477087214589,0.3,0.0003,0.0012035919,11670,-1.665913212299347,0.0
313,953,200.0,1169,1165.02,299264,0.27632659673690796,16003.552954101562,11598.955078125,-0.0013679751893505454,0.3,0.0003,0.0011850945,11680,-1.5613150238990783,0.0
314,953,200.0,1170,1164.36,299520,0.2115156054496765,27435.4884765625,12772.4814453125,-0.0026304348139092326,0.3,0.0003,0.00311788,11690,-1.780954360961914,0.000390625
314,953,200.0,1171,1167.11,299776,0.08191072940826416,21446.90266113281,14976.1884765625,-0.0029813288012519477,0.3,0.0003,0.0008684788,11700,-1.5340327024459839,0.0
314,952,200.0,1172,1171.58,300032,0.29654461145401,8587.086608886719,772.7068481445312,-0.00010460256598889827,0.3,0.0003,0.00018939888,11710,-1.6310739994049073,0.0
315,952,200.0,1173,1160.1,300288,0.06295734643936157,28788.71201171875,12335.0625,-0.0007196477497927844,0.3,0.0003,0.00010054349,11720,-1.7220747649669648,0.0
315,952,200.0,1174,1159.74,300544,0.4192807078361511,7073.591738891601,3972.910888671875,-0.002745304862037301,0.3,0.0003,0.0023950487,11730,-1.6268746256828308,0.001953125
315,952,200.0,1175,1162.45,300800,0.547492504119873,1324.5674591064453,424.6805725097656,-0.0025635553523898126,0.3,0.0003,0.0032146527,11740,-1.2334159314632416,0.00078125
315,952,200.0,1176,1162.08,301056,0.09806817770004272,8320.316162109375,1555.1514892578125,-0.0007899857359007001,0.3,0.0003,0.0015884067,11750,-1.1294914662837983,0.000390625
316,952,200.0,1177,1159.71,301312,0.427554726600647,12918.862097167968,8069.13720703125,-0.0003001021686941385,0.3,0.0003,9.21255e-05,11760,-1.5445033133029937,0.0
316,952,200.0,1178,1153.14,301568,0.1851634383201599,12881.688232421875,2722.25390625,-0.0014740073820576072,0.3,0.0003,0.0009244126,11770,-1.6155881822109222,0.0
316,952,200.0,1179,1157.79,301824,0.2401314377784729,19855.167578125,14146.978515625,-0.0015885104425251485,0.3,0.0003,0.0002511132,11780,-1.5319566190242768,0.0
317,952,200.0,1180,1157.07,302080,0.2534099221229553,15722.186547851563,8981.7177734375,1.5405064914375544e-05,0.3,0.0003,7.0027774e-05,11790,-1.3795761168003082,0.0
317,952,200.0,1181,1151.89,302336,0.30909526348114014,11557.273803710938,4773.1630859375,-0.004519188730046153,0.3,0.0003,0.001290781,11800,-1.5946112036705018,0.0
317,952,200.0,1182,1154.05,302592,0.32206761837005615,8356.856213378906,2704.55078125,-0.0035191521281376483,0.3,0.0003,0.0034370017,11810,-1.4958188831806183,0.000390625
317,952,200.0,1183,1159.57,302848,0.4365411400794983,7773.488818359375,2466.10107421875,-7.40551098715514e-05,0.3,0.0003,0.00028734864,11820,-1.4755190551280974,0.0
318,952,200.0,1184,1158.93,303104,0.375341534614563,7194.52982788086,575.6524658203125,-0.0005945463781245053,0.3,0.0003,0.00017386675,11830,-1.4732422053813934,0.0
318,952,200.0,1185,1157.79,303360,-0.20614969730377197,25449.951708984376,6304.0439453125,-0.0036172092659398913,0.3,0.0003,0.001219227,11840,-1.1848935902118682,0.0
318,952,200.0,1186,1165.38,303616,0.0026254653930664062,32025.14521484375,11308.24609375,0.0007083472330123187,0.3,0.0003,0.00043276697,11850,-1.6517135381698609,0.0
318,952,200.0,1187,1163.64,303872,0.25300830602645874,14671.276391601563,4317.3984375,-0.0003654203726910055,0.3,0.0003,0.000107022934,11860,-1.6841699719429015,0.0
319,952,200.0,1188,1160.32,304128,0.4428665041923523,6786.2626327514645,6412.72216796875,-0.0016208633780479432,0.3,0.0003,0.005081365,11870,-1.6012678563594818,0.003125
319,952,200.0,1189,1158.57,304384,0.4801577925682068,6243.906854248047,4102.2333984375,-0.0016758701647631824,0.3,0.0003,0.002435576,11880,-1.5069751501083375,0.0
319,952,200.0,1190,1160.92,304640,0.3047669529914856,7575.821887207031,5007.5771484375,-0.0021672658855095505,0.3,0.0003,0.013306244,11890,-1.5634686946868896,0.0140625
319,952,200.0,1191,1161.93,304896,0.3653528094291687,13285.1685546875,10707.0048828125,-7.620747201144695e-05,0.3,0.0003,0.0022676683,11900,-1.537339162826538,0.0
320,952,200.0,1192,1144.62,305152,0.4646819233894348,1318.0585632324219,466.4563293457031,-0.010688013164326549,0.3,0.0003,0.015719622,11910,-1.4574330806732179,0.023046875
320,952,200.0,1193,1145.05,305408,-0.09189999103546143,24637.143896484376,19601.533203125,0.00036726840771734716,0.3,0.0003,0.0010543747,11920,-1.4388069450855254,0.0
320,952,200.0,1194,1148.46,305664,-0.10280871391296387,20410.742822265624,10479.9599609375,-0.0016312579158693553,0.3,0.0003,0.00060670986,11930,-1.5363223493099212,0.0
321,952,200.0,1195,1147.67,305920,0.007685661315917969,32357.8462890625,18108.017578125,-0.001842161314561963,0.3,0.0003,0.0004974974,11940,-1.6825186610221863,0.0
321,952,200.0,1196,1149.21,306176,0.2641201615333557,7432.732012939453,1960.9801025390625,-0.0004223469411954284,0.3,0.0003,0.00033892482,11950,-1.4629729568958283,0.0
321,952,200.0,1197,1164.91,306432,0.19129037857055664,20733.272802734376,13872.978515625,-0.006768411374650896,0.3,0.0003,0.0022328403,11960,-1.6487668216228486,0.0
321,952,200.0,1198,1161.8,306688,0.3434991240501404,15012.745751953125,4914.75341796875,-0.0008075205376371741,0.3,0.0003,0.00244648,11970,-1.5800828635692596,0.0
322,952,200.0,1199,1166.24,306944,0.360565721988678,7729.081298828125,2622.00537109375,-0.0029840790026355534,0.3,0.0003,0.0039453236,11980,-1.650414091348648,0.00078125
322,952,200.0,1200,1177.57,307200,0.1726149320602417,17071.253295898438,2535.193603515625,0.000626107701100409,0.3,0.0003,0.0022056007,11990,-1.6216885030269623,0.0
322,952,200.0,1201,1185.53,307456,0.360270619392395,8636.994598388672,813.5728759765625,-0.0011039230274036526,0.3,0.0003,0.000642573,12000,-1.4611821234226228,0.0
322,952,200.0,1202,1194.73,307712,0.2139243483543396,25737.07431640625,17256.080078125,-0.0012559385504573584,0.3,0.0003,0.0015773508,12010,-1.7241865575313569,0.0
323,952,200.0,1203,1191.64,307968,0.27195966243743896,12481.98389892578,5616.02587890625,-0.0017450379906222223,0.3,0.0003,0.00043092459,12020,-1.71352299451828,0.0
323,952,200.0,1204,1204.24,308224,0.280436635017395,12874.9740234375,6497.3544921875,-0.008672711567487567,0.3,0.0003,0.0065958425,12030,-1.6989964187145232,0.007421875
323,952,200.0,1205,1190.89,308480,0.35817772150039673,14547.756005859375,8187.8623046875,-0.001494071155320853,0.3,0.0003,0.0068558296,12040,-1.4376419842243195,0.003125
324,952,200.0,1206,1193.66,308736,0.3687360882759094,7001.741357421875,3894.382080078125,-0.0034279237617738543,0.3,0.0003,0.008255504,12050,-1.615040159225464,0.009765625
324,952,200.0,1207,1197.07,308992,0.25304079055786133,8107.450659179687,6777.2236328125,-0.0017801474081352354,0.3,0.0003,0.0016878501,12060,-1.4205104231834411,0.0
324,952,200.0,1208,1183.39,309248,0.27127134799957275,7865.523010253906,6712.962890625,-0.00029892162419855597,0.3,0.0003,0.00020961068,12070,-1.6246389746665955,0.0
324,952,200.0,1209,1191.45,309504,0.1852036714553833,18830.905883789062,6527.54296875,-0.0006591969286091626,0.3,0.0003,0.00038481946,12080,-1.6131424069404603,0.0
325,952,200.0,1210,1194.47,309760,0.347067654132843,9213.238793945313,5453.5537109375,-0.0003240249585360289,0.3,0.0003,6.1304076e-05,12090,-1.7038729310035705,0.0
325,952,200.0,1211,1197.65,310016,0.4731561541557312,6256.214672851563,2521.156494140625,-0.004769433056935668,0.3,0.0003,0.0038723308,12100,-1.6101930379867553,0.008984375
325,952,200.0,1212,1188.93,310272,0.447721004486084,13914.028393554687,10063.6123046875,-0.0003070370526984334,0.3,0.0003,0.0010974347,12110,-1.5763416349887849,0.0
325,952,200.0,1213,1193.51,310528,0.35467565059661865,7857.397412109375,4223.13525390625,0.0006393780698999762,0.3,0.0003,0.00090254773,12120,-1.5115189969539642,0.0
326,952,200.0,1214,1200.27,310784,0.11064589023590088,21434.648559570312,16679.126953125,-0.0020074973348528148,0.3,0.0003,0.00089215,12130,-1.6009641706943512,0.0
326,952,200.0,1215,1196.83,311040,-0.16266977787017822,12867.694604492188,5652.99560546875,0.001189104502554983,0.3,0.0003,0.0009180249,12140,-1.7480616092681884,0.0
326,952,200.0,1216,1194.31,311296,0.30315423011779785,14790.39814453125,8655.0078125,-0.0011326855747029185,0.3,0.0003,0.00037997193,12150,-1.7356150031089783,0.0
327,952,200.0,1217,1195.03,311552,0.4941708445549011,1839.6210510253907,578.4150390625,-0.007528034248389303,0.3,0.0003,0.002131968,12160,-1.6951902747154235,0.00078125
327,952,200.0,1218,1191.88,311808,0.10944342613220215,27450.101342773436,13558.435546875,-0.0006314910482615232,0.3,0.0003,0.00040189596,12170,-1.7363907516002655,0.0
327,952,200.0,1219,1191.32,312064,0.4264332056045532,14499.234765625,6875.78564453125,-0.0036820676643401383,0.3,0.0003,0.013310091,12180,-1.6428385496139526,0.003515625
327,952,200.0,1220,1199.17,312320,0.2884080410003662,9295.101831054688,3215.5361328125,-0.0031222825637087226,0.3,0.0003,0.0038072723,12190,-1.7981901347637177,0.0
328,952,200.0,1221,1203.34,312576,0.37672775983810425,8217.892944335938,4691.693359375,-0.001903675403445959,0.3,0.0003,0.0021315455,12200,-1.583271676301956,0.0
328,952,200.0,1222,1197.71,312832,0.19134557247161865,23748.48212890625,9259.7119140625,-0.002619497780688107,0.3,0.0003,0.000713225,12210,-1.689438146352768,0.0
328,952,200.0,1223,1190.4,313088,0.3816784620285034,18479.007421875,10517.0283203125,-0.0013404808996710926,0.3,0.0003,0.0027693019,12220,-1.5087118804454804,0.000390625
328,952,200.0,1224,1193.71,313344,0.026457488536834717,20935.20087890625,5596.47119140625,-0.003636068757623434,0.3,0.0003,0.0072024614,12230,-1.6301535427570344,0.00234375
329,952,200.0,1225,1188.36,313600,0.18614572286605835,12397.592279052735,620.4395751953125,-0.0001250992529094219,0.3,0.0003,0.00043542963,12240,-1.6921980321407317,0.0
329,952,200.0,1226,1190.63,313856,0.24973416328430176,11206.952172851563,7313.703125,-0.001367787504568696,0.3,0.0003,0.0008561327,12250,-1.659103310108185,0.0
329,952,200.0,1227,1193.04,314112,0.3410258889198303,13567.074658203124,8699.7958984375,-0.0017769685015082358,0.3,0.0003,0.0022917993,12260,-1.6583987832069398,0.000390625
330,952,200.0,1228,1197.97,314368,0.33690738677978516,8900.444345092774,2419.633544921875,-0.0007104930002242327,0.3,0.0003,0.00036817463,12270,-1.5627396523952484,0.0
330,952,200.0,1229,1194.45,314624,0.3799591660499573,7653.014788818359,3175.3935546875,-0.0035862773656845093,0.3,0.0003,0.002872289,12280,-1.5652252674102782,0.0
330,952,200.0,1230,1203.22,314880,0.2994759678840637,17797.59580078125,9929.392578125,-0.005733785522170365,0.3,0.0003,0.0039670663,12290,-1.4834221482276917,0.00234375
330,952,200.0,1231,1200.47,315136,0.2989773154258728,10304.036364746094,7149.86669921875,-0.009924086835235357,0.3,0.0003,0.0051571317,12300,-1.6635083913803101,0.0046875
331,952,200.0,1232,1206.33,315392,0.17926931381225586,11170.34296875,4609.0107421875,0.00033253116998821497,0.3,0.0003,4.7340756e-05,12310,-1.7941617667675018,0.0
331,952,200.0,1233,1198.6,315648,0.1139863133430481,19198.23859863281,12386.21875,-0.0014274419751018285,0.3,0.0003,0.00079418183,12320,-1.6765991389751433,0.0
331,952,200.0,1234,1204.41,315904,0.13714903593063354,14713.345104980468,4102.57958984375,-0.001505114953033626,0.3,0.0003,0.0005871258,12330,-1.700870531797409,0.0
331,952,200.0,1235,1203.87,316160,0.09763097763061523,32701.3453125,11344.8271484375,-0.0015484137926250695,0.3,0.0003,0.0003937527,12340,-1.8591580748558045,0.0
332,952,200.0,1236,1200.31,316416,0.20690685510635376,9320.597473144531,5497.99365234375,-0.0012107911985367536,0.3,0.0003,0.0006655038,12350,-1.769610983133316,0.0
332,952,200.0,1237,1192.62,316672,0.15505731105804443,20069.02763671875,7971.83935546875,-0.0037142671644687653,0.3,0.0003,0.0016299721,12360,-1.6478309869766234,0.0
332,952,200.0,1238,1198.36,316928,0.28212976455688477,8651.029931640625,2897.515380859375,-0.0012586963595822454,0.3,0.0003,0.00081415265,12370,-1.5064514696598053,0.0
333,952,200.0,1239,1203.56,317184,0.36989283561706543,7668.046685791016,3144.245361328125,-0.0007820777595043182,0.3,0.0003,0.0002630453,12380,-1.6387097358703613,0.0
333,952,200.0,1240,1209.96,317440,0.4321068525314331,7623.745385742188,3185.693359375,-0.003528677683789283,0.3,0.0003,0.0079,12390,-1.6529472589492797,0.0
333,952,200.0,1241,1213.22,317696,0.4387107491493225,13017.329275512695,2197.27490234375,-0.005777630605734885,0.3,0.0003,0.019334763,12400,-1.6631257474422454,0.025390625
333,952,200.0,1242,1217.57,317952,0.049783170223236084,14450.48173828125,7869.1298828125,0.001934003923088312,0.3,0.0003,0.0088521745,12410,-1.513385832309723,0.01328125
334,952,200.0,1243,1231.13,318208,0.4523438811302185,6339.088171386718,1937.3006591796875,-0.0018304736469872296,0.3,0.0003,0.0025285087,12420,-1.6372804582118987,0.0
334,952,200.0,1244,1220.46,318464,0.34419500827789307,15054.234912109376,8973.3291015625,-0.0008026849594898522,0.3,0.0003,0.0022277634,12430,-1.3741860210895538,0.0
334,952,200.0,1245,1211.69,318720,0.45404917001724243,6497.113677978516,2602.38720703125,-0.0036543017835356296,0.3,0.0003,0.0062262844,12440,-1.058006164431572,0.00078125
334,952,200.0,1246,1211.66,318976,0.4928470849990845,6023.577340698243,4426.05419921875,-0.0015440295916050672,0.3,0.0003,0.009589126,12450,-1.6170223355293274,0.001171875
335,952,200.0,1247,1220.97,319232,0.45363181829452515,8435.163061523437,3588.09375,-0.00027959039434790613,0.3,0.0003,0.0036193167,12460,-1.7132021367549897,0.0
335,952,200.0,1248,1227.45,319488,0.3445461392402649,14958.285595703124,10922.728515625,0.000119616009760648,0.3,0.0003,0.00026959996,12470,-1.2541355192661285,0.0
335,952,200.0,1249,1224.24,319744,0.3889518976211548,7962.921881103515,3029.86083984375,-0.001230550790205598,0.3,0.0003,0.00071191066,12480,-1.5888980865478515,0.0
335,952,200.0,1250,1219.09,320000,0.003092348575592041,21326.2052734375,11254.9228515625,-0.0015333259012550115,0.3,0.0003,0.0004290347,12490,-1.4022277235984801,0.0
336,952,200.0,1251,1225.79,320256,0.33702540397644043,7714.911975097656,3421.64404296875,-0.00019013545534107834,0.3,0.0003,0.000119627686,12500,-1.4493825674057006,0.0
336,952,200.0,1252,1227.64,320512,0.36376136541366577,14884.147094726562,2099.206787109375,-0.0013396534603089094,0.3,0.0003,0.019877264,12510,-1.4374657690525054,0.03125
336,952,200.0,1253,1233.81,320768,0.26890474557876587,11158.535888671875,5952.583984375,-0.0023414971539750693,0.3,0.0003,0.0037019048,12520,-1.667798262834549,0.002734375
337,952,200.0,1254,1238.55,321024,0.41668564081192017,7324.013021850586,4055.060546875,0.00031759318080730735,0.3,0.0003,3.8640806e-05,12530,-1.2578567743301392,0.0
337,952,200.0,1255,1240.42,321280,0.30826401710510254,15372.131854248048,11090.4921875,-0.0015314757823944093,0.3,0.0003,0.00077182567,12540,-1.4744578659534455,0.0
337,952,200.0,1256,1239.17,321536,0.2073131799697876,12529.6912109375,8593.5595703125,-0.003378760488703847,0.3,0.0003,0.0029791172,12550,-1.6491438150405884,0.0
337,952,200.0,1257,1237.84,321792,0.45051097869873047,6713.503442382813,2357.3203125,-0.0009026677347719669,0.3,0.0003,0.00044550747,12560,-1.8097940683364868,0.0
338,952,200.0,1258,1237.85,322048,0.3036419749259949,10607.351989746094,6294.59375,-0.000144607899710536,0.3,0.0003,0.0008841858,12570,-1.6323714435100556,0.0
338,952,200.0,1259,1237.1,322304,0.3617023229598999,14075.51840209961,9859.8447265625,-0.0019162975251674653,0.3,0.0003,0.0048835124,12580,-1.8478891849517822,0.0
338,952,200.0,1260,1232.21,322560,0.29930031299591064,13477.753198242188,6969.9443359375,-0.0006712193368002773,0.3,0.0003,0.0006759891,12590,-1.3198508083820344,0.0
338,952,200.0,1261,1230.02,322816,0.30959540605545044,11310.345385742188,5689.74267578125,-0.0035734175937250255,0.3,0.0003,0.0019522728,12600,-1.6519180536270142,0.0
339,952,200.0,1262,1226.3,323072,0.3556278347969055,15051.085913085937,6879.2109375,-0.0005248336121439934,0.3,0.0003,0.0020441713,12610,-1.6407418847084045,0.0
339,952,200.0,1263,1224.53,323328,0.19555991888046265,12097.639282226562,7703.6728515625,-0.000791594316251576,0.3,0.0003,0.00022330601,12620,-1.3906077921390534,0.0
339,952,200.0,1264,1208.06,323584,-0.09929835796356201,1974.5859985351562,359.7026062011719,-0.0020938398083671927,0.3,0.0003,0.000915064,12630,-0.9148234069347382,0.0
340,952,200.0,1265,1210.71,323840,0.032782137393951416,10329.195758056641,3187.456298828125,-0.0001847850391641259,0.3,0.0003,0.000738207,12640,-1.3046625852584839,0.0
340,952,200.0,1266,1209.74,324096,0.15660911798477173,29449.897998046876,19215.970703125,-0.0005424268310889602,0.3,0.0003,4.450977e-05,12650,-1.7287492454051971,0.0
340,952,200.0,1267,1214.3,324352,0.45306986570358276,7334.525830078125,6727.27685546875,-0.0006667667417787016,0.3,0.0003,0.00017918693,12660,-1.681761509180069,0.0
340,952,200.0,1268,1219.48,324608,0.3212694525718689,8356.351684570312,5401.74169921875,-0.0004994100425392389,0.3,0.0003,0.00025176746,12670,-1.4647082030773162,0.0
341,952,200.0,1269,1220.3,324864,0.3041173815727234,26402.56845703125,15688.388671875,-0.0002624907065182924,0.3,0.0003,0.00013377797,12680,-1.716483038663864,0.0
341,952,200.0,1270,1233.14,325120,0.05929434299468994,18380.15300292969,7036.73388671875,0.00011369354324415326,0.3,0.0003,0.00015362701,12690,-1.5699862599372865,0.0
341,952,200.0,1271,1234.72,325376,0.47247445583343506,7295.54906616211,6478.52294921875,-0.0040566691430285575,0.3,0.0003,0.0049982853,12700,-1.4879180192947388,0.005078125
341,952,200.0,1272,1229.9,325632,0.3773665428161621,6901.417828369141,3170.181640625,-0.0004970442270860076,0.3,0.0003,0.0016442484,12710,-1.6459657967090606,0.0
342,952,200.0,1273,1229.63,325888,0.29550957679748535,12049.365087890625,3120.614501953125,-0.0059598445193842055,0.3,0.0003,0.002578774,12720,-1.8078741490840913,0.000390625
342,952,200.0,1274,1232.26,326144,0.052906930446624756,20159.63603515625,7165.9560546875,-0.00018638302572071552,0.3,0.0003,0.0012842717,12730,-1.8304740488529205,0.0
342,952,200.0,1275,1227.68,326400,0.419558048248291,7452.767230224609,5075.46142578125,-0.0009105666540563107,0.3,0.0003,0.0005552387,12740,-1.7246798753738404,0.0
343,952,200.0,1276,1233.66,326656,0.3801788091659546,9718.026025390625,4869.53125,-9.352841298095881e-05,0.3,0.0003,0.00017179595,12750,-1.4949002981185913,0.0
343,952,200.0,1277,1229.17,326912,0.373110294342041,14016.729711914062,7072.40869140625,-0.0008772443630732596,0.3,0.0003,0.0011509671,12760,-1.7265500485897065,0.0
343,952,200.0,1278,1220.52,327168,0.15609687566757202,14180.067163085938,4959.05224609375,0.0007070645573548972,0.3,0.0003,0.0015291255,12770,-1.7124400436878204,0.0
343,952,200.0,1279,1207.71,327424,0.3053208589553833,8350.52489013672,4602.375,-0.0010922510060481726,0.3,0.0003,0.00032017985,12780,-1.715787261724472,0.0
344,952,200.0,1280,1194.57,327680,0.2143426537513733,16166.46494140625,3632.810302734375,1.5101488679647446e-05,0.3,0.0003,6.263191e-05,12790,-1.5288863241672517,0.0
344,952,200.0,1281,1197.31,327936,0.32981765270233154,8601.211364746094,3656.84814453125,-0.00010474654845893383,0.3,0.0003,0.00020232424,12800,-1.6553710520267486,0.0
344,952,200.0,1282,1196.12,328192,0.2767506241798401,8120.862457275391,6827.736328125,-0.00040450725937262176,0.3,0.0003,0.00018054433,12810,-1.6196452498435974,0.0
344,952,200.0,1283,1202.87,328448,0.41231769323349,10175.52979736328,6438.52783203125,-0.005935171153396368,0.3,0.0003,0.0096180765,12820,-1.6198244154453278,0.013671875
345,952,200.0,1284,1187.8,328704,0.4054300785064697,8218.379986572265,2788.758056640625,-0.0008984151994809508,0.3,0.0003,0.0035588993,12830,-1.748700165748596,0.0
345,952,200.0,1285,1187.92,328960,0.46581506729125977,6602.425554656982,3872.80810546875,-0.00039636173751205205,0.3,0.0003,0.0017619762,12840,-1.574847435951233,0.0
345,952,200.0,1286,1194.93,329216,0.2840651273727417,18900.53095703125,4971.76220703125,-0.0042849412420764565,0.3,0.0003,0.002898432,12850,-1.6813404500484466,0.00078125
345,952,200.0,1287,1197.74,329472,0.39113324880599976,13449.200219726563,8341.2255859375,-0.005969502055086196,0.3,0.0003,0.018267997,12860,-1.4869100511074067,0.05
346,952,200.0,1288,1200.78,329728,0.3642667531967163,8415.571740722657,2382.13330078125,-0.0003169942065142095,0.3,0.0003,0.00072350795,12870,-1.6379209280014038,0.0
346,952,200.0,1289,1195.82,329984,0.37480485439300537,8798.279565429688,1197.7578125,-0.0029550117906183004,0.3,0.0003,0.0012271006,12880,-1.8577162623405457,0.0
346,952,200.0,1290,1205.46,330240,0.3741459846496582,7291.6916778564455,6484.29541015625,-0.0010139131220057607,0.3,0.0003,0.0017575063,12890,-1.8534577429294585,0.0
347,952,200.0,1291,1201.45,330496,0.10138386487960815,30934.680224609376,14209.6435546875,0.00022929783444851636,0.3,0.0003,0.001659015,12900,-1.7542335212230682,0.0
347,952,200.0,1292,1202.0,330752,0.34207242727279663,21122.8126953125,7295.1845703125,-0.006157565582543612,0.3,0.0003,0.009051462,12910,-1.8371787548065186,0.00546875
347,952,200.0,1293,1197.63,331008,0.10207176208496094,19875.10595703125,7418.26953125,0.0034495998406782746,0.3,0.0003,0.00068675773,12920,-1.752430075407028,0.0
347,952,200.0,1294,1192.89,331264,0.3303428888320923,23920.070654296876,9837.1640625,0.00025502939242869613,0.3,0.0003,0.0002945615,12930,-1.7021398901939393,0.0
348,952,200.0,1295,1183.85,331520,0.27266138792037964,8939.74736328125,3108.055419921875,-0.0010430950147565453,0.3,0.0003,0.0003635846,12940,-1.5972040474414826,0.0
348,952,200.0,1296,1179.33,331776,0.07462185621261597,13686.611791992187,8874.697265625,-0.0024310731329023837,0.3,0.0003,0.00064432225,12950,-1.7906000316143036,0.0
348,952,200.0,1297,1174.2,332032,0.12878715991973877,13549.022534179687,2976.8134765625,-0.007138946792110801,0.3,0.0003,0.0069230064,12960,-1.9520269632339478,0.017578125
348,952,200.0,1298,1166.63,332288,0.39802253246307373,12294.359753417968,3638.568603515625,-0.0011068094987422227,0.3,0.0003,0.00088108424,12970,-1.9445672750473022,0.0
349,952,200.0,1299,1159.31,332544,0.17853349447250366,14745.323608398438,5471.96826171875,-0.001836198358796537,0.3,0.0003,0.0015284277,12980,-1.6907290399074555,0.0
349,952,200.0,1300,1161.6,332800,0.31318342685699463,8502.784115600585,6680.7265625,-0.0007311646826565265,0.3,0.0003,0.0002696009,12990,-1.657117062807083,0.0
349,952,200.0,1301,1158.54,333056,0.16779792308807373,20886.512426757814,4737.1201171875,-0.0029535085428506135,0.3,0.0003,0.0005491283,13000,-1.6962098181247711,0.0
350,952,200.0,1302,1165.47,333312,0.30701911449432373,14313.667553710937,3116.645751953125,-0.000980840844567865,0.3,0.0003,0.0009196345,13010,-1.4048868596553803,0.0
350,952,200.0,1303,1159.9,333568,0.21254301071166992,13423.039428710938,5336.81640625,-0.0012939601438120008,0.3,0.0003,0.00049814046,13020,-1.8360303699970246,0.0
350,952,200.0,1304,1167.89,333824,0.3834373950958252,10800.5875,4583.0537109375,-0.0012932556681334972,0.3,0.0003,0.0012681885,13030,-1.5629413545131683,0.0
350,952,200.0,1305,1171.54,334080,0.220891535282135,28800.339794921874,16919.109375,-0.003437240421772003,0.3,0.0003,0.0012456751,13040,-1.807713609933853,0.0
351,952,200.0,1306,1169.11,334336,0.2728803753852844,11807.843322753906,4614.19873046875,-0.00040049456292763353,0.3,0.0003,5.4346398e-05,13050,-1.6653470933437347,0.0
351,952,200.0,1307,1166.94,334592,0.4851225018501282,6014.274934387207,230.40847778320312,-0.007415335823316127,0.3,0.0003,0.014563836,13060,-1.6315287351608276,0.01640625
351,952,200.0,1308,1169.5,334848,0.038611769676208496,22706.489501953125,7406.41552734375,-0.004223275557160377,0.3,0.0003,0.006943938,13070,-1.7878751933574677,0.001953125
351,952,200.0,1309,1173.12,335104,0.4547344446182251,13960.702270507812,4222.60107421875,-0.0022273127920925616,0.3,0.0003,0.0025246644,13080,-1.9287633180618287,0.0
352,952,200.0,1310,1164.35,335360,0.25911176204681396,9978.04100341797,7425.345703125,-0.0021350710652768613,0.3,0.0003,0.0027399715,13090,-1.641065490245819,0.0
352,952,200.0,1311,1159.87,335616,0.4245322346687317,9005.429446411134,4563.00390625,-0.0003978855675086379,0.3,0.0003,0.00033215457,13100,-1.5141248106956482,0.0
352,952,200.0,1312,1148.27,335872,0.21133488416671753,18155.858325195313,8505.576171875,-0.00014553132932633163,0.3,0.0003,7.6240394e-05,13110,-1.6094564855098725,0.0
353,952,200.0,1313,1147.94,336128,0.29885977506637573,10676.737963867188,6401.92626953125,-0.003334499127231538,0.3,0.0003,0.0011349686,13120,-1.835617983341217,0.000390625
353,952,200.0,1314,1151.77,336384,0.3703530430793762,9630.618200683593,1424.81298828125,-0.0015198591630905867,0.3,0.0003,0.0016331251,13130,-1.6199721217155456,0.0
353,952,200.0,1315,1167.56,336640,0.2886326313018799,20851.60283203125,7801.6259765625,-0.0011096717091277242,0.3,0.0003,0.00014102948,13140,-1.7181689321994782,0.0
353,951,200.0,1316,1165.19,336896,0.058894991874694824,34544.42612304688,21225.8125,-0.0009016961092129349,0.3,0.0003,0.00010800385,13150,-1.8825199544429778,0.0
354,951,200.0,1317,1162.91,337152,0.4898812174797058,6591.607194519043,3712.25146484375,-0.0008773181936703623,0.3,0.0003,0.0003521263,13160,-1.771792209148407,0.0
354,951,200.0,1318,1159.23,337408,0.434394896030426,7808.423425292969,2746.95361328125,-0.0014844222459942102,0.3,0.0003,0.0010418068,13170,-1.7521093368530274,0.0
354,951,200.0,1319,1155.66,337664,0.34007495641708374,13582.734814453124,9234.8515625,0.000153463298920542,0.3,0.0003,7.5885095e-05,13180,-1.260041755437851,0.0
355,951,200.0,1320,1158.19,337920,0.3844018578529358,7889.69267578125,4534.33984375,-0.001779063348658383,0.3,0.0003,0.0046769893,13190,-1.580870509147644,0.000390625
355,951,200.0,1321,1167.49,338176,0.3495684862136841,21278.30615234375,10723.89453125,-0.0057556937099434435,0.3,0.0003,0.003982186,13200,-1.765230405330658,0.000390625
355,951,200.0,1322,1181.85,338432,0.4517616629600525,8474.466821289063,3551.10400390625,-0.001024822163162753,0.3,0.0003,0.001027327,13210,-1.8051660716533662,0.0
355,951,200.0,1323,1183.37,338688,0.23234939575195312,35276.99072265625,14777.8720703125,-0.005792039958760142,0.3,0.0003,0.0029107935,13220,-1.79334254860878,0.003125
356,951,200.0,1324,1190.42,338944,-0.34928572177886963,23230.139013671876,8859.8056640625,-0.0003138878149911761,0.3,0.0003,0.0004177168,13230,-1.8636983931064606,0.0
356,951,200.0,1325,1185.24,339200,0.3207583427429199,9711.108642578125,7102.20654296875,-0.0009773427154868841,0.3,0.0003,0.0006906821,13240,-1.5434327661991118,0.0
356,951,200.0,1326,1181.57,339456,0.03376108407974243,22862.689111328124,12876.0478515625,-0.0024557313416153194,0.3,0.0003,0.000871449,13250,-1.6432086527347565,0.0
356,951,200.0,1327,1167.18,339712,0.10640782117843628,10409.803326416015,7360.42041015625,-0.0002160901902243495,0.3,0.0003,0.0014109663,13260,-1.534868633747101,0.0
357,951,200.0,1328,1171.18,339968,0.17055314779281616,11318.051538085938,5140.68603515625,-0.0011675088433548808,0.3,0.0003,0.00026681786,13270,-1.7784331858158111,0.0
357,951,200.0,1329,1162.78,340224,0.40402019023895264,8666.905651855468,551.1143798828125,-0.0030309950467199086,0.3,0.0003,0.0029258921,13280,-1.6084687948226928,0.0
357,951,200.0,1330,1170.17,340480,0.45154500007629395,6741.132000732422,6040.0439453125,-0.0020739209721796215,0.3,0.0003,0.006742606,13290,-1.601380604505539,0.001171875
357,951,200.0,1331,1171.92,340736,0.15193551778793335,33405.817138671875,17384.203125,-0.0026333560002967716,0.3,0.0003,0.004759944,13300,-1.71063112616539,0.00703125
358,951,200.0,1332,1172.63,340992,0.1923292875289917,12608.484167480468,5822.59375,-0.009264841768890619,0.3,0.0003,0.0066218646,13310,-1.7315595507621766,0.005078125
358,951,200.0,1333,1174.08,341248,0.34025877714157104,14781.929736328126,8546.490234375,-0.0024137069936841725,0.3,0.0003,0.0022340629,13320,-1.666941511631012,0.0
358,951,200.0,1334,1178.46,341504,0.27540117502212524,18636.025927734376,10330.408203125,-0.011966426158323884,0.3,0.0003,0.0083228825,13330,-1.6130009114742279,0.00859375
359,951,200.0,1335,1175.65,341760,0.4037267565727234,7411.778881835938,2375.31982421875,0.0005507575813680887,0.3,0.0003,0.0010717292,13340,-1.6019587755203246,0.0
359,951,200.0,1336,1168.82,342016,0.40730148553848267,7452.838891601563,2621.68212890625,-0.0011270736576989293,0.3,0.0003,0.0006187463,13350,-1.7627898335456849,0.0
359,951,200.0,1337,1172.42,342272,0.19424062967300415,9111.082598876954,5309.8544921875,-0.0005324308644048869,0.3,0.0003,0.00032277755,13360,-1.4657856106758118,0.0
359,951,200.0,1338,1175.04,342528,0.40213561058044434,7484.0187316894535,5615.56494140625,-0.000594001670833677,0.3,0.0003,0.0006220965,13370,-1.5187680840492248,0.0
360,951,200.0,1339,1168.19,342784,0.19498437643051147,11056.978814697266,3648.9521484375,-0.0005835172138176859,0.3,0.0003,0.00045664166,13380,-1.7728703439235687,0.0
360,951,200.0,1340,1168.49,343040,0.3747286796569824,7429.108679199218,4994.546875,-0.0009969545993953944,0.3,0.0003,0.0017152696,13390,-1.7214156210422515,0.0
360,951,200.0,1341,1169.16,343296,0.3098486065864563,16929.421752929688,6634.08837890625,-0.0001186286099255085,0.3,0.0003,0.0027572673,13400,-1.6375737488269806,0.000390625
360,951,200.0,1342,1183.39,343552,0.3975645899772644,7948.644311523438,3617.377197265625,-0.00020120825502090156,0.3,0.0003,0.00017806306,13410,-1.759549069404602,0.0
361,951,200.0,1343,1191.12,343808,0.09510427713394165,22400.68896484375,4852.50634765625,-0.0008520560339093208,0.3,0.0003,0.000159855,13420,-1.8517976582050324,0.0
361,951,200.0,1344,1194.06,344064,0.41881364583969116,14352.276538085938,6395.61376953125,-0.0032023364445194604,0.3,0.0003,0.0055244956,13430,-1.7473946034908294,0.001171875
361,951,200.0,1345,1196.57,344320,0.38111042976379395,6655.062796020507,1739.3896484375,-0.0034573421289678663,0.3,0.0003,0.0049428227,13440,-1.3553126096725463,0.001953125
362,951,200.0,1346,1189.29,344576,0.2933467626571655,11153.18369140625,2156.945556640625,-0.00256548747420311,0.3,0.0003,0.001448899,13450,-1.7019262611865997,0.0
362,951,200.0,1347,1179.3,344832,0.14679491519927979,16222.768090820313,4128.46923828125,-0.0013112753455061465,0.3,0.0003,0.0005724116,13460,-1.9455673933029174,0.0
362,951,200.0,1348,1176.87,345088,0.3512260317802429,21151.71796875,19570.6015625,-0.0023059321101754904,0.3,0.0003,0.0015478604,13470,-1.6528963625431061,0.0
362,951,200.0,1349,1178.19,345344,0.34554481506347656,8221.414184570312,2522.5830078125,-0.0018694601021707058,0.3,0.0003,0.0029194353,13480,-1.5025988519191742,0.0
363,951,200.0,1350,1189.12,345600,0.4556458592414856,6935.378625488282,6395.94970703125,-0.0061471341643482445,0.3,0.0003,0.010024706,13490,-1.5641328334808349,0.014453125
363,951,200.0,1351,1191.83,345856,0.42732805013656616,8021.887646484375,7214.1201171875,-0.003198438719846308,0.3,0.0003,0.004107499,13500,-1.6669853448867797,0.00078125
363,951,200.0,1352,1184.96,346112,0.2177356481552124,20528.773706054686,10888.91015625,-0.0005710561294108629,0.3,0.0003,0.0011971348,13510,-1.41375732421875,0.0
363,951,200.0,1353,1175.19,346368,0.3419140577316284,8036.477014160157,2948.37255859375,-0.00019473708234727383,0.3,0.0003,0.000159794,13520,-1.199425220489502,0.0
364,951,200.0,1354,1166.23,346624,0.43382537364959717,7263.719470214844,4059.9111328125,-0.0016320403898134827,0.3,0.0003,0.0014418876,13530,-1.2221951246261598,0.0
364,951,200.0,1355,1167.78,346880,0.10754179954528809,26651.1931640625,11832.330078125,-0.001131856394931674,0.3,0.0003,0.0013669573,13540,-1.6219797313213349,0.0
364,951,200.0,1356,1162.28,347136,0.3407096266746521,7785.011328125,2496.2861328125,0.0002546170610003173,0.3,0.0003,0.00030477857,13550,-1.6292896211147307,0.0
365,951,200.0,1357,1167.29,347392,-0.004150509834289551,22339.64072265625,12990.8095703125,-0.0023458111099898815,0.3,0.0003,0.005579454,13560,-1.6042640209197998,0.003515625
365,951,200.0,1358,1169.23,347648,0.1226385235786438,12933.52548828125,6707.80126953125,-0.0015437544090673328,0.3,0.0003,0.0023422963,13570,-1.422003847360611,0.001171875
365,951,200.0,1359,1168.9,347904,0.21456819772720337,28742.47509765625,15667.0302734375,-0.002257580705918372,0.3,0.0003,0.0007847096,13580,-1.5427960455417633,0.0
365,951,200.0,1360,1178.04,348160,0.4113307595252991,7990.514416503906,4841.64599609375,-0.0022638974362052975,0.3,0.0003,0.00501155,13590,-1.5231215476989746,0.0015625
366,951,200.0,1361,1178.18,348416,0.21600496768951416,14114.327392578125,4716.8154296875,-0.0006439925171434879,0.3,0.0003,0.002299987,13600,-1.541457974910736,0.0015625
366,951,200.0,1362,1192.41,348672,0.3724585771560669,13920.397705078125,8304.06640625,-0.000206683948636055,0.3,0.0003,0.00051645655,13610,-1.6157241702079772,0.0
366,951,200.0,1363,1189.06,348928,-0.1022028923034668,20244.623779296875,12325.154296875,-0.0021911557298153637,0.3,0.0003,0.0009859609,13620,-1.7215900123119354,0.0
366,951,200.0,1364,1192.66,349184,0.25148630142211914,8285.340536499023,3575.899169921875,-0.0008359030354768038,0.3,0.0003,0.00048284186,13630,-1.836383056640625,0.0
367,951,200.0,1365,1197.6,349440,0.25639182329177856,21120.13103027344,10532.9970703125,-0.0012678839033469559,0.3,0.0003,0.00047942158,13640,-1.7366718471050262,0.0
367,951,200.0,1366,1189.94,349696,0.10698342323303223,25403.62783203125,13962.71875,-0.0012361601693555713,0.3,0.0003,0.00037231436,13650,-1.6616381704807281,0.0
367,951,200.0,1367,1193.8,349952,0.421930730342865,7248.358721923828,6002.8681640625,-0.0013151988969184458,0.3,0.0003,0.0010491945,13660,-1.6355572521686554,0.0
367,951,200.0,1368,1169.47,350208,0.4504409432411194,6491.090716552734,1787.4261474609375,-0.0023898266023024916,0.3,0.0003,0.003999869,13670,-1.4840356469154359,0.002734375
368,951,200.0,1369,1173.04,350464,0.31258827447891235,8402.232983398437,3218.49609375,-0.0011227759998291731,0.3,0.0003,0.0013677329,13680,-1.2923000752925873,0.0
368,951,200.0,1370,1172.87,350720,0.3975178599357605,7984.595812988281,3294.998046875,-0.0015520124579779804,0.3,0.0003,0.0011472106,13690,-1.7405974209308623,0.0
368,951,200.0,1371,1176.05,350976,0.31346428394317627,7859.8336730957035,606.8471069335938,-0.001902819168753922,0.3,0.0003,0.0015409226,13700,-1.4726917445659637,0.0
369,951,200.0,1372,1178.84,351232,0.18694305419921875,8597.737091064453,862.2526245117188,-0.0048756565782241525,0.3,0.0003,0.0064026266,13710,-1.417861658334732,0.004296875
369,951,200.0,1373,1185.37,351488,0.4011271595954895,14541.701708984376,6894.1962890625,-0.0011489030905067921,0.3,0.0003,0.0009996465,13720,-1.688273286819458,0.0
369,951,200.0,1374,1191.59,351744,0.3565383553504944,7877.128228759766,1208.03125,-0.0009009834262542427,0.3,0.0003,0.0012914573,13730,-1.5559485316276551,0.0
369,951,200.0,1375,1211.76,352000,0.11528831720352173,22980.51789550781,15925.9033203125,-0.0016935313353314996,0.3,0.0003,0.0011201503,13740,-1.5168330430984498,0.0
370,951,200.0,1376,1216.62,352256,0.16850906610488892,11478.756036376953,4496.72265625,-0.0008534363354556262,0.3,0.0003,0.0016166377,13750,-1.7149469077587127,0.0
370,951,200.0,1377,1222.92,352512,0.24917513132095337,8758.610455322265,3460.768798828125,-0.0001230117166414857,0.3,0.0003,0.00037287455,13760,-1.5882893085479737,0.0
370,951,200.0,1378,1220.74,352768,0.11956906318664551,24719.2095703125,10054.34765625,-0.0033274044981226325,0.3,0.0003,0.002796563,13770,-1.65424542427063,0.0
370,951,200.0,1379,1219.28,353024,0.3822231888771057,7940.224633789063,4894.12255859375,-0.0005621211952529847,0.3,0.0003,0.0013699147,13780,-1.341194462776184,0.0
371,951,200.0,1380,1217.33,353280,0.31196630001068115,13918.778387451172,12438.2783203125,-0.0017289134208112954,0.3,0.0003,0.00146759,13790,-1.5908827662467957,0.0
371,951,200.0,1381,1223.65,353536,0.4776611924171448,6283.836840820312,2592.02294921875,-0.0007006015046499669,0.3,0.0003,0.0015207068,13800,-1.3770188570022583,0.0
371,951,200.0,1382,1220.72,353792,0.020033836364746094,19432.51433105469,9521.67578125,-0.0015898176701739431,0.3,0.0003,0.0005033668,13810,-1.1825453639030457,0.0
372,951,200.0,1383,1202.08,354048,0.4267887473106384,1992.350164794922,792.249267578125,-0.0028145469957962634,0.3,0.0003,0.0015266573,13820,-1.6818633019924163,0.0
372,951,200.0,1384,1193.55,354304,0.15618890523910522,20331.486279296874,15321.865234375,-0.00047690952196717263,0.3,0.0003,0.0008242738,13830,-1.5880659520626068,0.0
372,951,200.0,1385,1190.91,354560,-0.17574214935302734,16454.579541015624,7322.35498046875,-4.2315543396398425e-05,0.3,0.0003,4.131673e-05,13840,-2.0019729673862456,0.0
372,951,200.0,1386,1165.85,354816,-0.6224160194396973,3565.441546630859,1088.8421630859375,-0.0015256434679031372,0.3,0.0003,0.0002571519,13850,-1.8390870332717895,0.0
373,951,200.0,1387,1165.24,355072,-0.008037686347961426,20698.76169433594,13240.537109375,-0.005147180636413395,0.3,0.0003,0.0070222244,13860,-1.7892822623252869,0.0078125
373,951,200.0,1388,1160.44,355328,0.17534363269805908,23416.762841796874,16147.5087890625,0.00020059621892869471,0.3,0.0003,0.00039424608,13870,-1.689629715681076,0.0
373,951,200.0,1389,1164.63,355584,0.2306809425354004,10413.066357421874,3529.082275390625,-0.0007126662763766945,0.3,0.0003,0.00022200518,13880,-1.5445014417171479,0.0
373,951,200.0,1390,1170.67,355840,0.4210622310638428,6997.551574707031,4036.181396484375,-0.0006544861709699035,0.3,0.0003,0.00044385064,13890,-1.5816148042678833,0.0
374,951,200.0,1391,1167.31,356096,0.3462908864021301,12957.65068359375,6779.36767578125,-0.0004563378170132637,0.3,0.0003,0.0005502985,13900,-1.3808681428432465,0.0
374,951,200.0,1392,1161.21,356352,0.406971275806427,7712.975354003906,6541.1875,-0.0011451011174358427,0.3,0.0003,0.0019287029,13910,-1.7943710923194884,0.0
374,951,200.0,1393,1161.4,356608,0.4333770275115967,7595.2872863769535,2292.159912109375,-0.005142908520065248,0.3,0.0003,0.01836907,13920,-1.559091192483902,0.050390625
374,951,200.0,1394,1157.34,356864,0.07842743396759033,36784.9705078125,12199.67578125,-0.0019184895791113377,0.3,0.0003,0.0014809102,13930,-1.494843727350235,0.0
375,951,200.0,1395,1153.49,357120,-0.022457242012023926,19559.17282714844,13220.5771484375,-0.003417813335545361,0.3,0.0003,0.00079056784,13940,-1.8727899372577668,0.0
375,951,200.0,1396,1152.36,357376,0.19400566816329956,13001.647314453125,3352.751953125,-0.00048519663978368043,0.3,0.0003,0.00014519412,13950,-1.7662111520767212,0.0
375,951,200.0,1397,1156.58,357632,0.3648109436035156,7434.669665527344,1992.047119140625,-0.000777633610414341,0.3,0.0003,0.0020559337,13960,-1.5017249584197998,0.0
376,951,200.0,1398,1150.0,357888,0.298042356967926,21741.2962890625,7135.40625,-0.0017196455737575889,0.3,0.0003,0.0027275956,13970,-1.6158740282058717,0.0
376,951,200.0,1399,1137.28,358144,0.33832675218582153,8741.578295898438,7221.19189453125,-0.0024961658753454687,0.3,0.0003,0.0018412762,13980,-1.9096880674362182,0.0
376,951,200.0,1400,1117.94,358400,0.39527463912963867,6756.755920410156,1734.394287109375,-0.0008022391702979803,0.3,0.0003,0.00043884246,13990,-1.9112438201904296,0.0
376,951,200.0,1401,1119.82,358656,0.49762314558029175,6822.986608886718,4210.42431640625,-0.005597611400298774,0.3,0.0003,0.02593543,14000,-1.743825650215149,0.041796875
377,951,200.0,1402,1123.57,358912,0.3706689476966858,15191.8763671875,9372.1376953125,-0.0002495752414688468,0.3,0.0003,0.00036333757,14010,-1.4154126226902009,0.0
377,951,200.0,1403,1129.71,359168,0.41796350479125977,7767.741372680664,2177.12109375,-0.003248476074077189,0.3,0.0003,0.005330844,14020,-1.7019961953163147,0.00078125
377,951,200.0,1404,1122.27,359424,0.23573064804077148,11591.620642089843,7640.5244140625,-0.002224876964464784,0.3,0.0003,0.0045585553,14030,-1.733027881383896,0.001171875
377,951,200.0,1405,1129.01,359680,0.18730729818344116,20006.648876953124,7460.86328125,-0.0042360863648355,0.3,0.0003,0.0014986359,14040,-1.5852228939533233,0.000390625
378,951,200.0,1406,1125.36,359936,0.40135765075683594,7457.123236083984,4963.55126953125,-0.0006298486609011888,0.3,0.0003,0.00019244174,14050,-1.7523369431495666,0.0
378,951,200.0,1407,1127.15,360192,0.5216063261032104,6167.33006439209,1690.9200439453125,-0.005828448431566357,0.3,0.0003,0.01106328,14060,-1.7486793637275695,0.01640625
378,951,200.0,1408,1121.2,360448,0.24419903755187988,9809.07559814453,2818.39111328125,0.0006313713267445565,0.3,0.0003,0.00094160205,14070,-1.2442670822143556,0.0
379,951,200.0,1409,1127.45,360704,0.43917906284332275,14107.162329101562,7646.447265625,-0.0012670419819187373,0.3,0.0003,0.006456097,14080,-1.5266207039356232,0.00234375
379,951,200.0,1410,1127.37,360960,0.4890449047088623,6646.03630065918,1840.080078125,-0.002305550151504576,0.3,0.0003,0.006937274,14090,-1.6832473635673524,0.0046875
379,951,200.0,1411,1144.68,361216,0.44180893898010254,8607.0220703125,5361.8974609375,-0.002503834676463157,0.3,0.0003,0.0043398133,14100,-1.663213962316513,0.001171875
379,951,200.0,1412,1144.04,361472,0.25486332178115845,20858.104833984376,9263.908203125,-0.0035458510275930165,0.3,0.0003,0.0058346298,14110,-1.6267915904521941,0.00625
380,951,200.0,1413,1146.56,361728,0.4006428122520447,7544.276806640625,2417.782470703125,-0.00037957350723445417,0.3,0.0003,0.0006001734,14120,-1.4044025838375092,0.0
380,951,200.0,1414,1150.91,361984,0.4084985852241516,7840.340441894531,2026.5616455078125,-0.0009122369578108191,0.3,0.0003,0.0010062929,14130,-1.5031230866909027,0.0
380,951,200.0,1415,1158.29,362240,0.03979194164276123,21618.452978515626,13002.6337890625,-0.003256647358648479,0.3,0.0003,0.0019761366,14140,-1.7220723509788514,0.0
381,951,200.0,1416,1156.38,362496,0.11157464981079102,24055.73212890625,14002.1572265625,-0.003528916067443788,0.3,0.0003,0.0027751124,14150,-1.5754859745502472,0.000390625
381,951,200.0,1417,1174.35,362752,0.4350193738937378,8219.196487426758,7471.09765625,-0.0018872740911319852,0.3,0.0003,0.00233562,14160,-1.7623155295848847,0.0
381,951,200.0,1418,1169.32,363008,0.386743426322937,8424.678979492188,4245.62060546875,-0.0028077273163944483,0.3,0.0003,0.005881174,14170,-1.670567613840103,0.00390625
381,951,200.0,1419,1174.42,363264,0.3543357253074646,7724.311114501953,2759.117919921875,-0.0006790679995901883,0.3,0.0003,0.00038254773,14180,-1.5038905501365663,0.0
382,951,200.0,1420,1181.4,363520,0.09976571798324585,43377.61865234375,21324.2109375,-0.0007561308098956943,0.3,0.0003,0.00012640771,14190,-1.713047158718109,0.0
382,951,200.0,1421,1173.86,363776,0.42075109481811523,8379.736260986328,3489.9638671875,-0.004543250426650047,0.3,0.0003,0.006285361,14200,-1.6224673628807067,0.005078125
382,951,200.0,1422,1176.64,364032,0.21220505237579346,13210.008374023437,8519.3662109375,0.0008547772653400898,0.3,0.0003,0.00082421233,14210,-1.4422510027885438,0.0
382,951,200.0,1423,1175.12,364288,0.22852200269699097,17338.314599609374,8909.0859375,-0.0059631526004523035,0.3,0.0003,0.0034328543,14220,-1.6659051418304442,0.001953125
383,951,200.0,1424,1174.55,364544,0.07871866226196289,14072.899108886719,6285.84521484375,0.0011383781675249338,0.3,0.0003,0.00013315422,14230,-1.5010092496871947,0.0
383,951,200.0,1425,1174.18,364800,-0.02381432056427002,19755.402197265626,9916.1298828125,-0.0010758647578768433,0.3,0.0003,0.00072857225,14240,-1.4546066761016845,0.0
383,951,200.0,1426,1172.11,365056,0.46208322048187256,6760.741784667969,2306.693603515625,-8.29602824524045e-05,0.3,0.0003,0.00028105965,14250,-1.7133006036281586,0.0
383,951,200.0,1427,1171.23,365312,0.292707622051239,14252.931201171876,10700.6669921875,-0.0005131904501467944,0.3,0.0003,0.0009695778,14260,-1.5782651484012604,0.0
384,951,200.0,1428,1171.33,365568,0.4270695447921753,7522.1405578613285,596.2434692382812,-0.0025531452032737435,0.3,0.0003,0.0035673277,14270,-1.7488320112228393,0.0015625
384,951,200.0,1429,1157.68,365824,0.24995946884155273,12987.178735351563,3458.211669921875,-0.0053886973299086096,0.3,0.0003,0.0047828387,14280,-1.7122742891311646,0.025390625
384,951,200.0,1430,1158.61,366080,0.42530643939971924,13562.548608398438,8811.95703125,-0.004248362849466503,0.3,0.0003,0.003906455,14290,-1.6530922055244446,0.00078125
384,951,200.0,1431,1166.17,366336,0.39814627170562744,10582.001904296874,2209.16455078125,-0.0037471269723027946,0.3,0.0003,0.0025168841,14300,-1.7183523178100586,0.00078125
385,951,200.0,1432,1164.08,366592,0.21065139770507812,10234.912255859375,5573.1142578125,-0.000771948101464659,0.3,0.0003,0.0019344457,14310,-1.452194446325302,0.0
385,951,200.0,1433,1166.79,366848,0.4148877263069153,8229.514489746094,2834.864501953125,-0.0009485167916864157,0.3,0.0003,0.000503452,14320,-1.7281991600990296,0.0
385,951,200.0,1434,1178.3,367104,0.2382259964942932,28687.508984375,10109.69140625,-0.0011113927932456136,0.3,0.0003,0.00042676018,14330,-1.4592019677162171,0.0
386,951,200.0,1435,1183.49,367360,0.3400452136993408,7514.581201171875,3368.148193359375,-0.0006063276261556894,0.3,0.0003,0.0008455061,14340,-1.336856859922409,0.0
386,951,200.0,1436,1183.43,367616,0.0196382999420166,13832.1888671875,3086.0859375,-0.0003782954066991806,0.3,0.0003,0.00060417457,14350,-1.5855573773384095,0.0
386,951,200.0,1437,1183.57,367872,0.28940147161483765,13362.359912109376,5799.20654296875,-0.0002492752857506275,0.3,0.0003,0.00019770302,14360,-1.7403635323047637,0.0
386,951,200.0,1438,1166.47,368128,0.40296995639801025,7266.696368408203,2728.016845703125,-0.002197995944879949,0.3,0.0003,0.002815853,14370,-1.4786463916301726,0.0
387,951,200.0,1439,1167.81,368384,0.5205720663070679,5871.432968902588,92.03972625732422,-0.0022823107545264067,0.3,0.0003,0.001436508,14380,-1.220323657989502,0.0
387,951,200.0,1440,1170.64,368640,0.38006508350372314,7377.987963867187,573.1047973632812,-0.005480788298882544,0.3,0.0003,0.0054907585,14390,-1.5059645295143127,0.00234375
387,951,200.0,1441,1168.15,368896,0.4017900228500366,12659.180395507812,4820.16748046875,3.2593985088169576e-05,0.3,0.0003,0.0045696413,14400,-1.3533801913261414,0.000390625
387,951,200.0,1442,1168.29,369152,0.37428492307662964,7452.609069824219,1030.587158203125,-0.002524125203490257,0.3,0.0003,0.00067529385,14410,-1.638313317298889,0.0
388,951,200.0,1443,1160.04,369408,0.5356580018997192,5491.94739074707,3893.33935546875,-0.0020580017124302687,0.3,0.0003,0.012309337,14420,-1.604060834646225,0.016015625
388,951,200.0,1444,1162.1,369664,0.3322383165359497,16762.064697265625,7453.29541015625,0.0023437350522726775,0.3,0.0003,0.0006077681,14430,-1.5478188633918761,0.0
388,951,200.0,1445,1165.71,369920,0.46724164485931396,7002.471133422851,2099.6572265625,-0.003534865169785917,0.3,0.0003,0.011358287,14440,-1.616093522310257,0.025390625
388,951,200.0,1446,1168.8,370176,0.3264233469963074,7979.709655761719,6932.73974609375,-0.0018026966834440827,0.3,0.0003,0.0071101175,14450,-1.42531818151474,0.005859375
389,951,200.0,1447,1171.36,370432,-0.013254761695861816,2300.257922363281,570.7166748046875,-0.0003573856200091541,0.3,0.0003,0.00017499644,14460,-1.274757593870163,0.0
389,951,200.0,1448,1172.37,370688,0.08508533239364624,18682.032824707032,9994.9814453125,-0.00034553199075162413,0.3,0.0003,0.0004537017,14470,-1.6275720596313477,0.0
389,951,200.0,1449,1177.12,370944,0.5174134373664856,7340.008270263672,1960.6883544921875,-0.0046018102555535735,0.3,0.0003,0.0073299883,14480,-1.7588985323905946,0.0
390,951,200.0,1450,1176.0,371200,0.10531467199325562,13755.79267578125,10139.7158203125,-0.0012731923023238778,0.3,0.0003,0.0039271563,14490,-1.6768319725990295,0.001953125
390,951,200.0,1451,1175.0,371456,0.2767743468284607,11563.72266845703,3854.060302734375,-0.0004056671867147088,0.3,0.0003,0.00024551782,14500,-1.6791415631771087,0.0
390,951,200.0,1452,1179.6,371712,0.44493335485458374,12525.259228515624,7807.85986328125,-0.0024604675360023975,0.3,0.0003,0.0055800946,14510,-1.6576974630355834,0.005078125
390,951,200.0,1453,1173.11,371968,0.4398876428604126,7144.365618896484,980.3212890625,-0.003758237458532676,0.3,0.0003,0.00707664,14520,-1.4931005716323853,0.004296875
391,951,200.0,1454,1163.97,372224,0.15893107652664185,10531.707189941406,3080.554443359375,-0.0008251618943177164,0.3,0.0003,0.003641285,14530,-1.6119390368461608,0.00390625
391,951,200.0,1455,1162.57,372480,0.42525237798690796,14101.91513671875,8324.1708984375,-0.001191644510254264,0.3,0.0003,0.00059665623,14540,-1.6838831067085267,0.0
391,951,200.0,1456,1165.25,372736,0.48784804344177246,6170.503771972656,4579.61669921875,-0.001508696423843503,0.3,0.0003,0.0009270529,14550,-1.542511796951294,0.0
391,951,200.0,1457,1165.56,372992,0.26877421140670776,14734.62783203125,9951.3173828125,-0.000580308132339269,0.3,0.0003,0.00035113096,14560,-1.6731502532958984,0.0
392,951,200.0,1458,1162.22,373248,0.405628502368927,7134.594543457031,4593.3271484375,-0.0024022773723118007,0.3,0.0003,0.0033745454,14570,-1.6823034763336182,0.003125
392,951,200.0,1459,1158.63,373504,0.2021040916442871,22284.43583984375,13299.57421875,-0.0028216698206961154,0.3,0.0003,0.0017680109,14580,-1.4822696149349213,0.0
392,951,200.0,1460,1166.54,373760,0.46062201261520386,7357.488446044922,2081.28857421875,-0.0017186720157042145,0.3,0.0003,0.0012511674,14590,-1.5975622475147246,0.0
393,951,200.0,1461,1168.57,374016,0.23171639442443848,12177.836633300782,9450.8046875,-0.003984136402141303,0.3,0.0003,0.0028369285,14600,-1.4694526195526123,0.0
393,951,200.0,1462,1190.35,374272,-0.13494956493377686,21632.797705078126,11368.1337890625,-0.00860114027163945,0.3,0.0003,0.004680276,14610,-1.6351719558238984,0.003515625
393,951,200.0,1463,1201.61,374528,0.16316252946853638,45184.0205078125,15053.6328125,-6.416260730475187e-05,0.3,0.0003,0.0010779474,14620,-1.7653657972812653,0.0
393,951,200.0,1464,1226.16,374784,0.039087772369384766,20273.285571289063,7836.0341796875,-0.0015339562203735113,0.3,0.0003,0.00082768244,14630,-1.7828522861003875,0.0
394,951,200.0,1465,1232.03,375040,0.3161773085594177,8522.512414550782,4633.3994140625,-0.00025916621088981626,0.3,0.0003,0.00023469864,14640,-1.4649969518184662,0.0
394,951,200.0,1466,1244.26,375296,0.424061119556427,13024.642260742188,6874.32470703125,-0.0009477298008278012,0.3,0.0003,0.0016957344,14650,-1.30364933013916,0.0
394,951,200.0,1467,1244.72,375552,0.47426486015319824,8057.361871337891,2980.553466796875,-0.0015646350337192416,0.3,0.0003,0.0012733953,14660,-1.4592384278774262,0.0
394,951,200.0,1468,1235.11,375808,0.4653880000114441,2170.822509765625,822.1065063476562,-0.006839279225096107,0.3,0.0003,0.014429219,14670,-1.495435220003128,0.028125
395,951,200.0,1469,1239.77,376064,0.3047946095466614,18847.2205078125,9871.4873046875,-0.00017418274655938147,0.3,0.0003,0.0006218769,14680,-1.4837440311908723,0.0
395,951,200.0,1470,1249.59,376320,0.430425226688385,7423.466287231446,5217.12548828125,-0.002353308873716742,0.3,0.0003,0.0016204691,14690,-1.4852559626102448,0.0
395,951,200.0,1471,1249.11,376576,0.39636868238449097,14922.277478027343,1646.2440185546875,-0.006568343052640558,0.3,0.0003,0.00829064,14700,-1.4587348520755767,0.015234375
396,951,200.0,1472,1253.64,376832,0.4340217709541321,8014.145922851562,678.7951049804688,-0.003622671472840011,0.3,0.0003,0.0040823547,14710,-1.838056206703186,0.002734375
396,951,200.0,1473,1258.36,377088,0.2279202938079834,17378.037243652343,1372.7896728515625,0.0001527236308902502,0.3,0.0003,0.0001260934,14720,-1.7587362289428712,0.0
396,951,200.0,1474,1266.82,377344,0.388174831867218,8436.55714111328,2871.787353515625,-0.0017088026041164994,0.3,0.0003,0.0012480393,14730,-1.5860625743865966,0.0
396,951,200.0,1475,1272.48,377600,0.5257306098937988,6355.54561920166,2597.209716796875,-0.0023738798452541234,0.3,0.0003,0.0017760012,14740,-1.5134121477603912,0.0
397,951,200.0,1476,1277.56,377856,0.28296422958374023,8331.450738525391,5057.96630859375,0.00042888179887086154,0.3,0.0003,0.0015382776,14750,-1.1721013605594635,0.0
397,951,200.0,1477,1283.94,378112,0.4136408567428589,12542.306811523438,8885.076171875,-0.0010478826239705085,0.3,0.0003,0.0015813529,14760,-1.6752513766288757,0.0
397,951,200.0,1478,1292.24,378368,0.250801146030426,12550.902856445313,3238.236328125,-0.008115476998500525,0.3,0.0003,0.012176432,14770,-1.6895317137241364,0.03046875
397,951,200.0,1479,1294.44,378624,0.493690550327301,6070.921322631836,4195.244140625,-0.0047602034639567135,0.3,0.0003,0.007240244,14780,-1.786841082572937,0.005859375
398,951,200.0,1480,1291.06,378880,0.3908003568649292,13935.973193359376,5124.2685546875,-0.0007567063556052744,0.3,0.0003,0.0015302484,14790,-1.5320649802684785,0.0
398,951,200.0,1481,1289.61,379136,0.29628098011016846,8677.155993652344,2848.631591796875,-0.0003081116359680891,0.3,0.0003,0.0015799308,14800,-1.8108973622322082,0.0
398,951,200.0,1482,1295.81,379392,0.4979420304298401,6950.068299865723,2825.451171875,-0.0014381764573045074,0.3,0.0003,0.0025202201,14810,-1.5993125319480896,0.0
398,951,200.0,1483,1297.22,379648,0.47247231006622314,7439.239862060547,627.8943481445312,-0.0016428075730800628,0.3,0.0003,0.0056540547,14820,-1.7055724024772645,0.001171875
399,951,200.0,1484,1305.55,379904,0.17246949672698975,12734.804803466797,7223.955078125,-0.0005134374368935823,0.3,0.0003,0.00019894191,14830,-1.7623225569725036,0.0
399,951,200.0,1485,1312.49,380160,-0.04758775234222412,41902.4875,18169.328125,-0.002866973797790706,0.3,0.0003,0.00095112785,14840,-1.701706314086914,0.0
399,951,200.0,1486,1309.51,380416,0.2817508578300476,9740.099548339844,2721.118896484375,-0.004522184934467077,0.3,0.0003,0.0035791206,14850,-1.8039964020252228,0.003125
400,951,200.0,1487,1306.64,380672,0.3145064115524292,18804.124853515626,11584.5283203125,-0.0012188318884000181,0.3,0.0003,0.0003990305,14860,-1.551429432630539,0.0
400,951,200.0,1488,1308.15,380928,0.30390816926956177,11529.871813964844,4635.88427734375,-0.0033127818955108524,0.3,0.0003,0.0043576034,14870,-1.5364018559455872,0.00078125
400,951,200.0,1489,1297.16,381184,0.25122588872909546,11365.573522949218,6234.26025390625,-0.0028946788515895605,0.3,0.0003,0.0032262525,14880,-1.6488284587860107,0.00078125
400,951,200.0,1490,1292.81,381440,0.37358635663986206,7441.4685546875,605.1033325195312,-0.00014406961854547263,0.3,0.0003,8.526747e-05,14890,-1.6893248736858368,0.0
401,951,200.0,1491,1296.2,381696,0.38857167959213257,13789.438110351562,4999.1201171875,-0.0019156406866386532,0.3,0.0003,0.0013394787,14900,-1.5731386244297028,0.0
401,951,200.0,1492,1294.17,381952,0.46931302547454834,7728.402362060547,3402.390625,-0.003333918587304652,0.3,0.0003,0.0029180665,14910,-1.7672609448432923,0.000390625
401,951,200.0,1493,1294.39,382208,0.4151275157928467,7210.693896484375,4027.6572265625,-0.0041978222783654925,0.3,0.0003,0.0067792796,14920,-1.6547423005104065,0.0078125
401,951,200.0,1494,1296.28,382464,0.4526708126068115,12207.74033203125,7335.501953125,-0.0011427631368860602,0.3,0.0003,0.0023254338,14930,-1.5677797019481658,0.0
402,951,200.0,1495,1296.83,382720,0.5246593952178955,7037.631851196289,1832.815185546875,-0.0003926631296053529,0.3,0.0003,0.0019035926,14940,-1.6089762330055237,0.0
402,951,200.0,1496,1313.34,382976,0.47586148977279663,8127.101300048828,2689.817626953125,-0.0027723530074581504,0.3,0.0003,0.005557996,14950,-1.7241115689277648,0.0
402,951,200.0,1497,1317.14,383232,0.3754660487174988,7663.422595214844,4803.9794921875,-0.002176364359911531,0.3,0.0003,0.0020991196,14960,-1.5633736193180083,0.0
403,951,200.0,1498,1306.02,383488,-0.13190579414367676,21724.025439453126,8858.7939453125,-0.0005754621000960469,0.3,0.0003,0.0026736,14970,-1.7017858386039735,0.0
403,951,200.0,1499,1305.99,383744,0.19199490547180176,24740.53388671875,10678.5859375,-0.0023976886877790093,0.3,0.0003,0.00040101074,14980,-1.7275698840618134,0.0
403,951,200.0,1500,1301.5,384000,0.4904710650444031,6665.190843200684,6227.2021484375,-0.0028066809056326745,0.3,0.0003,0.005959064,14990,-1.62615208029747,0.000390625
403,951,200.0,1501,1285.95,384256,0.11734819412231445,13492.716925048828,12314.5029296875,-0.0014196212869137526,0.3,0.0003,0.002051024,15000,-1.549675416946411,0.0
404,951,200.0,1502,1298.65,384512,0.21215826272964478,11306.7896484375,3274.552734375,-0.0024203790933825077,0.3,0.0003,0.00070416974,15010,-1.6350025177001952,0.0
404,951,200.0,1503,1298.94,384768,0.10480761528015137,17780.176391601562,10740.4150390625,-0.001596303191035986,0.3,0.0003,0.0037288445,15020,-1.795100462436676,0.001953125
404,951,200.0,1504,1307.88,385024,0.3425736427307129,7439.974328613282,537.4056396484375,-0.0006740868091583252,0.3,0.0003,0.00061618746,15030,-1.7500423550605775,0.0
404,951,200.0,1505,1304.71,385280,0.17242306470870972,20400.33828125,14614.845703125,-0.005701490957289934,0.3,0.0003,0.0048883245,15040,-1.621407437324524,0.003515625
405,951,200.0,1506,1302.65,385536,0.4360511898994446,6453.870581054687,2395.7705078125,-0.0007080699549987912,0.3,0.0003,0.00048083905,15050,-1.4659926772117615,0.0
405,951,200.0,1507,1310.68,385792,0.5088627338409424,6979.618673706054,4448.19970703125,-0.006771096121519804,0.3,0.0003,0.0074059153,15060,-1.685029524564743,0.01796875
405,951,200.0,1508,1317.61,386048,0.4551176428794861,7403.252545166016,6554.54052734375,-0.0036843536305241286,0.3,0.0003,0.011110718,15070,-1.7709501206874847,0.020703125
406,951,200.0,1509,1323.24,386304,0.30320054292678833,18709.87080078125,9917.3642578125,-0.00045028054155409335,0.3,0.0003,0.0010782485,15080,-1.6834359645843506,0.0
406,951,200.0,1510,1320.84,386560,0.4500826597213745,10307.442944335937,3709.787353515625,-0.0001676461426541209,0.3,0.0003,8.5532665e-05,15090,-1.5924121677875518,0.0
406,951,200.0,1511,1322.04,386816,0.40722137689590454,9623.022003173828,4399.05419921875,-0.0012240137672051787,0.3,0.0003,0.0022010128,15100,-1.4766783714294434,0.0
406,951,200.0,1512,1314.46,387072,0.4082082509994507,8056.432604980469,6094.5380859375,-0.011927474942058324,0.3,0.0003,0.01646492,15110,-1.6149429082870483,0.04375
407,951,200.0,1513,1308.27,387328,0.45962315797805786,8092.509063720703,6139.30712890625,-0.0038480221759527923,0.3,0.0003,0.003970391,15120,-1.7465954720973969,0.001171875
407,951,200.0,1514,1310.55,387584,0.18586093187332153,12187.120080566407,4767.3447265625,-0.0005542149767279625,0.3,0.0003,0.0006662465,15130,-1.7618989408016206,0.0
407,951,200.0,1515,1307.57,387840,0.3239167332649231,10579.23885498047,5765.90576171875,-0.0002845851005986333,0.3,0.0003,0.0001109594,15140,-1.71579407453537,0.0
407,951,200.0,1516,1312.5,388096,0.31312572956085205,17949.193896484376,11420.291015625,-0.0023406861000694335,0.3,0.0003,0.0009827516,15150,-1.6413126647472382,0.0
408,951,200.0,1517,1319.74,388352,0.18250113725662231,14255.907470703125,7550.91552734375,-0.00534869316034019,0.3,0.0003,0.0033835347,15160,-1.850767344236374,0.001953125
408,951,200.0,1518,1314.31,388608,0.3186126947402954,11014.130419921876,5941.13916015625,-0.008135878294706345,0.3,0.0003,0.004264512,15170,-1.7016849637031555,0.001953125
408,951,200.0,1519,1312.0,388864,0.27670156955718994,18111.182177734376,5532.9228515625,0.005482067295815796,0.3,0.0003,0.0011165736,15180,-1.7133986890316009,0.0
408,951,200.0,1520,1319.3,389120,0.3035315275192261,8457.441021728515,4106.81494140625,-0.006086873891763389,0.3,0.0003,0.0015612298,15190,-1.8424439013004303,0.0
409,951,200.0,1521,1316.33,389376,0.5056790113449097,6715.475421142578,5914.43701171875,-0.0023249437799677253,0.3,0.0003,0.0017685792,15200,-1.7484288692474366,0.0
409,951,200.0,1522,1314.91,389632,0.10058647394180298,16654.96828613281,4512.6767578125,-0.0017654444091022015,0.3,0.0003,0.002211061,15210,-1.7533909022808074,0.0
409,951,200.0,1523,1314.74,389888,0.1668870449066162,32045.64130859375,13581.0712890625,-0.0006561632617376745,0.3,0.0003,0.00017152284,15220,-1.7276196718215941,0.0
410,951,200.0,1524,1320.72,390144,0.04472947120666504,14956.545654296875,5514.39990234375,-0.006071174400858581,0.3,0.0003,0.003889079,15230,-1.6074722945690154,0.00078125
410,951,200.0,1525,1328.21,390400,0.430511474609375,6636.709582519531,4483.30126953125,0.0028041592799127103,0.3,0.0003,0.0015373453,15240,-1.6713431000709533,0.0
410,951,200.0,1526,1324.73,390656,0.3431812524795532,8337.933068847657,4537.5751953125,-0.022819192428141833,0.3,0.0003,0.020330884,15250,-1.6757102131843566,0.036328125
410,951,200.0,1527,1318.38,390912,0.22980427742004395,24262.00556640625,14838.865234375,-0.0022395340842194856,0.3,0.0003,0.0037933,15260,-1.9105576574802399,0.00390625
411,951,200.0,1528,1328.55,391168,0.35508131980895996,8273.274462890626,6551.375,-0.001472728932276368,0.3,0.0003,0.0004005828,15270,-1.7240373373031617,0.0
411,951,200.0,1529,1332.25,391424,0.5031591057777405,7001.987841796875,4727.13671875,-0.003605364973191172,0.3,0.0003,0.0033586335,15280,-1.9409030973911285,0.0
411,951,200.0,1530,1329.19,391680,0.4024512767791748,16190.933374023438,3719.778076171875,-0.0004271178739145398,0.3,0.0003,0.004208944,15290,-1.7617289483547212,0.0015625
411,951,200.0,1531,1328.93,391936,0.20268094539642334,15752.030688476563,9766.7099609375,-0.005689266603440046,0.3,0.0003,0.0046943715,15300,-1.6135889828205108,0.005078125
412,951,200.0,1532,1311.8,392192,0.7315107583999634,1897.884210205078,623.7024536132812,-0.0017649132991209627,0.3,0.0003,0.0006727432,15310,-1.8694216191768647,0.0
412,951,200.0,1533,1310.77,392448,0.6262140274047852,3647.394982910156,1489.5863037109375,-0.004828165401704609,0.3,0.0003,0.0011169605,15320,-1.9672459363937378,0.0
412,951,200.0,1534,1305.56,392704,-0.0008646249771118164,20383.79133300781,6661.9150390625,0.0003179074265062809,0.3,0.0003,0.0008041279,15330,-1.770635998249054,0.0
413,951,200.0,1535,1303.39,392960,0.049927353858947754,16029.17255859375,2111.951171875,-0.0013375884504057468,0.3,0.0003,0.000115515664,15340,-1.7153662145137787,0.0
413,951,200.0,1536,1304.51,393216,0.1697431206703186,22289.07810058594,16494.83984375,-0.0025442958809435367,0.3,0.0003,0.0005713836,15350,-1.8040121853351594,0.0
413,951,200.0,1537,1307.82,393472,0.04146909713745117,26697.15146484375,14042.3671875,-0.003499465761706233,0.3,0.0003,0.0012269793,15360,-1.7405949115753174,0.0
413,951,200.0,1538,1307.78,393728,0.27623796463012695,9642.858959960937,2931.904296875,-0.00706355522852391,0.3,0.0003,0.005829034,15370,-1.6115548133850097,0.00546875
414,951,200.0,1539,1321.79,393984,0.45314276218414307,8638.246557617187,5917.53662109375,-0.01094110794365406,0.3,0.0003,0.008046697,15380,-1.802359002828598,0.018359375
414,951,200.0,1540,1320.44,394240,0.5113493204116821,7173.852401733398,4458.201171875,-0.003369645494967699,0.3,0.0003,0.0038230147,15390,-1.7328409910202027,0.00078125
414,951,200.0,1541,1313.37,394496,-0.06143605709075928,29982.6783203125,18721.328125,-0.0015909159556031227,0.3,0.0003,0.0018896558,15400,-1.6785221099853516,0.0
414,951,200.0,1542,1303.95,394752,0.4387737512588501,6675.577575683594,6225.4755859375,-0.0019641572842374446,0.3,0.0003,0.0010581927,15410,-1.5842329800128936,0.0
415,951,200.0,1543,1303.53,395008,0.41355979442596436,7088.105133056641,3726.77978515625,-0.0009464271017350257,0.3,0.0003,0.0005751313,15420,-1.8029131829738616,0.0
415,951,200.0,1544,1300.27,395264,0.378628671169281,14312.068670654297,4704.8291015625,-0.004326776071684435,0.3,0.0003,0.005416881,15430,-1.6523834109306335,0.005078125
415,951,200.0,1545,1309.36,395520,0.4800177812576294,7452.759216308594,3994.378662109375,-0.0004674974596127868,0.3,0.0003,0.0017774648,15440,-1.7201782822608949,0.0
416,951,200.0,1546,1320.87,395776,0.5115602016448975,7778.500433349609,4174.63671875,-0.0022690303972922265,0.3,0.0003,0.0010038146,15450,-1.8034531414508819,0.0
416,951,200.0,1547,1316.24,396032,0.22089886665344238,12183.944934082032,4312.03857421875,-0.001479342975653708,0.3,0.0003,0.00060976227,15460,-1.6136507272720337,0.0
416,951,200.0,1548,1308.24,396288,0.3522270917892456,15564.15322265625,6120.3857421875,-0.000522781815379858,0.3,0.0003,0.00019955495,15470,-1.6700616955757142,0.0
416,951,200.0,1549,1307.89,396544,0.3418533205986023,3380.945135498047,1511.0826416015625,-0.0011379161151126027,0.3,0.0003,0.0001276338,15480,-1.4282307624816895,0.0
417,951,200.0,1550,1307.87,396800,0.3471412658691406,8533.632580566406,910.1636962890625,-0.0006913907243870198,0.3,0.0003,0.00044533215,15490,-1.3610954284667969,0.0
417,951,200.0,1551,1293.74,397056,0.37917423248291016,7497.868304443359,4975.76611328125,-0.00018016509420704097,0.3,0.0003,3.2315496e-05,15500,-1.4173711478710174,0.0
417,951,200.0,1552,1274.67,397312,-0.2901899814605713,5600.114111328125,1676.3438720703125,-0.0015307862078770996,0.3,0.0003,0.00029147277,15510,-1.4696198642253875,0.0
417,951,200.0,1553,1268.32,397568,0.12850654125213623,10243.571221923828,419.58526611328125,-0.0006265673087909818,0.3,0.0003,0.0014600484,15520,-1.415620106458664,0.0
418,951,200.0,1554,1270.08,397824,0.1934283971786499,8263.88681640625,4494.3779296875,-0.002402707003057003,0.3,0.0003,0.0013437003,15530,-1.4928709864616394,0.0
418,951,200.0,1555,1261.23,398080,0.24892133474349976,32198.65859375,9789.1123046875,0.002946463623084128,0.3,0.0003,0.0021024274,15540,-1.5992783844470977,0.0
418,951,200.0,1556,1266.06,398336,0.3632183074951172,8729.000854492188,2809.9033203125,-0.00025112738367170093,0.3,0.0003,0.000101155834,15550,-1.5310696363449097,0.0
418,951,200.0,1557,1262.45,398592,0.491146981716156,6179.382470703125,3330.2626953125,-0.004129794531036168,0.3,0.0003,0.006292228,15560,-1.596915066242218,0.0046875
419,951,200.0,1558,1263.58,398848,0.3707473874092102,7022.518841552735,1785.229248046875,-0.0017372896196320652,0.3,0.0003,0.0016367338,15570,-1.5912241280078887,0.0
419,951,200.0,1559,1271.08,399104,0.480194091796875,12535.562353515625,7029.9453125,-0.001002159563358873,0.3,0.0003,0.0030318664,15580,-1.607773232460022,0.000390625
419,951,200.0,1560,1257.69,399360,0.4062986969947815,8153.337182617188,2710.018798828125,-0.002187181531917304,0.3,0.0003,0.0017361853,15590,-1.7781993389129638,0.0
420,951,200.0,1561,1277.67,399616,0.35548627376556396,8265.8458984375,5021.80029296875,-0.0018302061245776713,0.3,0.0003,0.0010829917,15600,-1.868882691860199,0.0
420,951,200.0,1562,1265.31,399872,0.009334981441497803,40523.079296875,16315.0419921875,3.722112160176039e-05,0.3,0.0003,0.0002566732,15610,-1.696006453037262,0.0
420,951,200.0,1563,1245.64,400128,0.19485807418823242,3091.1238403320312,1085.9178466796875,-0.00047400640323758125,0.3,0.0003,8.397433e-05,15620,-1.1820251166820526,0.0
420,951,200.0,1564,1250.16,400384,0.11825823783874512,13839.800073242188,6553.04638671875,-0.004738988901954145,0.3,0.0003,0.001588482,15630,-1.5777664184570312,0.0
421,951,200.0,1565,1252.23,400640,0.44204145669937134,6587.694155883789,4250.92724609375,-0.003605998761486262,0.3,0.0003,0.005010845,15640,-1.4111577570438385,0.003515625
421,951,200.0,1566,1246.91,400896,0.4979393482208252,6484.814794921875,3620.1533203125,-0.0008667160640470683,0.3,0.0003,0.0006251193,15650,-1.3935269951820373,0.0
421,951,200.0,1567,1255.73,401152,0.4375295042991638,8163.166821289063,660.058837890625,-0.0065397369675338265,0.3,0.0003,0.00914058,15660,-1.6613704800605773,0.00234375
422,951,200.0,1568,1261.51,401408,0.3826686143875122,8284.243017578125,2151.53271484375,-0.0011587568791583181,0.3,0.0003,0.004836661,15670,-1.6929080665111542,0.001171875
422,951,200.0,1569,1263.81,401664,0.0017819404602050781,32172.055078125,18400.443359375,-0.002613532287068665,0.3,0.0003,0.0006285694,15680,-1.594118857383728,0.0
422,951,200.0,1570,1258.6,401920,0.5085892081260681,6227.888626098633,2101.832763671875,-0.0031776422983966768,0.3,0.0003,0.008071208,15690,-1.5994511365890502,0.006640625
422,951,200.0,1571,1267.28,402176,0.4702054262161255,7411.4678405761715,6541.314453125,-0.004476337390951812,0.3,0.0003,0.010724079,15700,-1.570862102508545,0.003125
423,951,200.0,1572,1268.79,402432,-0.035239338874816895,18778.10302734375,5035.26513671875,0.0008256996981799603,0.3,0.0003,0.0024978647,15710,-1.5543652594089508,0.0
423,951,200.0,1573,1259.24,402688,0.40536409616470337,13060.980029296876,4630.88818359375,-0.003148074564523995,0.3,0.0003,0.009733994,15720,-1.5695477187633515,0.015625
423,951,200.0,1574,1244.1,402944,0.276850163936615,11432.0828125,6262.4599609375,-0.005534936697222293,0.3,0.0003,0.005499677,15730,-1.597941482067108,0.004296875
423,951,200.0,1575,1252.3,403200,0.5078111886978149,7318.353161621094,1939.271240234375,-0.0004024897119961679,0.3,0.0003,0.00046010595,15740,-1.5820399940013885,0.0
424,950,200.0,1576,1257.46,403456,0.5137556791305542,6669.591621398926,6343.0888671875,-0.0017055154195986689,0.3,0.0003,0.0023760675,15750,-1.647816663980484,0.0
424,950,200.0,1577,1263.03,403712,0.14507323503494263,28328.14208984375,10996.76171875,0.003902005311101675,0.3,0.0003,0.0019744914,15760,-1.3030307948589326,0.00078125
424,950,200.0,1578,1260.29,403968,0.41015321016311646,7616.6888427734375,4576.61962890625,-0.010341181699186564,0.3,0.0003,0.014696466,15770,-1.4521721720695495,0.0390625
425,950,200.0,1579,1277.45,404224,0.4337483048439026,7036.902569580078,2981.471923828125,-0.0005491786287166178,0.3,0.0003,0.0030337037,15780,-1.4552218437194824,0.0
425,950,200.0,1580,1279.8,404480,0.32664376497268677,17375.806689453126,9919.1953125,-0.0010991800343617796,0.3,0.0003,0.0015122474,15790,-1.5497378349304198,0.0
425,950,200.0,1581,1290.69,404736,0.5134254097938538,7912.597760009766,2676.06005859375,-0.0016674850950948894,0.3,0.0003,0.007764072,15800,-1.6883815944194793,0.009375
425,950,200.0,1582,1283.93,404992,0.2695690393447876,12187.66591796875,4656.67236328125,-0.004407507134601474,0.3,0.0003,0.0031778675,15810,-1.7440136790275573,0.0
426,950,200.0,1583,1283.58,405248,0.42759019136428833,7428.101727294922,4884.37646484375,0.00044419458135962485,0.3,0.0003,9.862962e-05,15820,-1.59490824341774,0.0
426,950,200.0,1584,1282.75,405504,0.3187304735183716,17191.709558105467,14574.037109375,-0.0020628955913707613,0.3,0.0003,0.001292882,15830,-1.8004627525806427,0.0
426,950,200.0,1585,1279.35,405760,0.25046414136886597,8623.05477294922,2881.565673828125,-0.0008953529060818255,0.3,0.0003,0.00040317117,15840,-1.6161297976970672,0.0
426,950,200.0,1586,1282.93,406016,-0.08810293674468994,19385.01533203125,8676.66015625,-0.0016998613718897104,0.3,0.0003,0.0003930463,15850,-1.5752621650695802,0.0
427,950,200.0,1587,1278.56,406272,0.061465442180633545,20680.05615234375,9071.052734375,-0.0014094318612478673,0.3,0.0003,0.00052016205,15860,-1.6583069682121276,0.0
427,951,200.0,1588,1279.97,406528,0.35374146699905396,7114.682269287109,3852.240478515625,-0.0005340209929272533,0.3,0.0003,0.00030303397,15870,-1.483494871854782,0.0
427,951,200.0,1589,1282.43,406784,0.4015006422996521,7737.017663574219,1216.28759765625,-0.002779143617954105,0.3,0.0003,0.003615623,15880,-1.430438107252121,0.000390625
428,951,200.0,1590,1291.79,407040,0.40887451171875,7416.186474609375,4171.77783203125,-0.0009836519369855524,0.3,0.0003,0.0007350524,15890,-1.4522786676883697,0.0
428,951,200.0,1591,1305.48,407296,0.31393635272979736,17438.30234375,8972.671875,-0.0008626532042399048,0.3,0.0003,0.00040607108,15900,-1.611598515510559,0.0
428,951,200.0,1592,1307.39,407552,0.5497889518737793,6691.11918334961,5756.7236328125,-0.0018701332970522343,0.3,0.0003,0.002288551,15910,-1.5074529588222503,0.0
428,951,200.0,1593,1296.8,407808,0.31806546449661255,11698.018420410157,9754.0869140625,-0.0033137632301077245,0.3,0.0003,0.0019588347,15920,-1.647966206073761,0.0
429,951,200.0,1594,1297.84,408064,0.4156554341316223,12104.84931640625,4159.89453125,-0.0021087801083922385,0.3,0.0003,0.0039578946,15930,-1.5255876004695892,0.0046875
429,951,200.0,1595,1297.97,408320,0.2313787341117859,2371.9237731933595,484.0574951171875,-0.006158198229968548,0.3,0.0003,0.0031192922,15940,-1.5035168409347535,0.0
429,951,200.0,1596,1311.79,408576,-0.009715795516967773,35038.3611328125,17423.35546875,-0.01586207961663604,0.3,0.0003,0.0071343053,15950,-1.7338080942630767,0.022265625
429,951,200.0,1597,1312.66,408832,0.05638498067855835,21694.591455078124,14335.7783203125,-0.0026667424361221494,0.3,0.0003,0.0015273932,15960,-1.7598478138446807,0.000390625
430,951,200.0,1598,1306.57,409088,-0.027797222137451172,27464.896484375,11833.390625,-0.0002658518496900797,0.3,0.0003,0.00010638917,15970,-1.5623923718929291,0.0
430,951,200.0,1599,1308.39,409344,0.43177592754364014,7051.476904296875,4552.45263671875,-0.002046218444593251,0.3,0.0003,0.0022391013,15980,-1.63894122838974,0.0
430,951,200.0,1600,1309.16,409600,0.4190148115158081,7132.31953125,5960.8876953125,-0.0022877920302562414,0.3,0.0003,0.0036138853,15990,-1.5761380553245545,0.006640625
430,951,200.0,1601,1314.17,409856,0.29242873191833496,11271.37362060547,4214.6865234375,-0.00036659399047493934,0.3,0.0003,0.00041208812,16000,-1.6488290429115295,0.0
431,951,200.0,1602,1310.73,410112,0.43891382217407227,12481.484417724609,7629.0615234375,-0.0002808219287544489,0.3,0.0003,0.00065977545,16010,-1.538875198364258,0.0
431,951,200.0,1603,1313.01,410368,0.4433673620223999,7821.974438476563,5807.74609375,-0.003985351324081421,0.3,0.0003,0.0055508288,16020,-1.6012007772922516,0.0
431,951,200.0,1604,1322.95,410624,0.5175871253013611,9385.32510986328,1965.2308349609375,-0.00245266854763031,0.3,0.0003,0.0036059623,16030,-1.6422268748283386,0.0
432,951,200.0,1605,1326.73,410880,0.4605249762535095,12159.7,3175.8603515625,-0.0018817550211679191,0.3,0.0003,0.0041312054,16040,-1.6131678998470307,0.009375
432,951,200.0,1606,1328.29,411136,0.47158026695251465,6496.259967041015,4039.946533203125,-0.0026050916174426677,0.3,0.0003,0.0022730825,16050,-1.5436443209648132,0.0
432,951,200.0,1607,1341.82,411392,0.44557440280914307,7631.84614868164,784.924072265625,-0.0022702424554154276,0.3,0.0003,0.002594091,16060,-1.5649664461612702,0.0
432,951,200.0,1608,1327.99,411648,-0.1575477123260498,21480.34775390625,11644.7890625,-0.010762545047327876,0.3,0.0003,0.008454404,16070,-1.6846009731292724,0.0125
433,951,200.0,1609,1333.16,411904,-0.07453691959381104,36127.6744140625,16616.826171875,0.0016072975471615792,0.3,0.0003,0.00044548442,16080,-1.7075413763523102,0.0
433,951,200.0,1610,1351.59,412160,0.1643802523612976,13312.844445800782,1695.1575927734375,-0.001437757257372141,0.3,0.0003,0.00025811326,16090,-1.6273525536060334,0.0
433,951,200.0,1611,1342.98,412416,0.4352204203605652,6453.706091308593,2047.311279296875,-0.0012322700378717855,0.3,0.0003,0.0009120358,16100,-1.7747549057006835,0.0
433,951,200.0,1612,1341.95,412672,0.0255357027053833,37659.716015625,11628.283203125,-0.004194395150989294,0.3,0.0003,0.00093551585,16110,-1.5860450446605683,0.0
434,951,200.0,1613,1348.54,412928,0.3436034321784973,7776.471118164062,1943.796630859375,-0.000767039624042809,0.3,0.0003,0.0004665563,16120,-1.6935303509235382,0.0
434,951,200.0,1614,1345.47,413184,0.5232154726982117,7659.452697753906,6303.896484375,-0.0018496339675039054,0.3,0.0003,0.0030344261,16130,-1.6414884328842163,0.0
434,951,200.0,1615,1353.05,413440,0.4094485640525818,7046.140270996094,2906.44677734375,1.7695396672934292e-05,0.3,0.0003,0.00066261925,16140,-1.4364725589752196,0.0
434,951,200.0,1616,1350.74,413696,0.3571261167526245,13422.560668945312,6480.43212890625,-0.0007015844224952161,0.3,0.0003,0.00045507122,16150,-1.6116374909877778,0.0
435,951,200.0,1617,1326.71,413952,0.4274345636367798,2341.7316040039063,922.567626953125,-0.0047437099274247885,0.3,0.0003,0.0066459584,16160,-1.545103096961975,0.0046875
435,951,200.0,1618,1312.24,414208,0.30435091257095337,11872.989672851563,6431.38525390625,-0.005411443300545216,0.3,0.0003,0.0021746098,16170,-1.4580415308475494,0.00078125
435,951,200.0,1619,1309.87,414464,0.15423953533172607,20492.862109375,11285.5078125,-8.010424207895994e-05,0.3,0.0003,0.00010716892,16180,-1.4047229528427123,0.0
436,951,200.0,1620,1320.54,414720,0.3704949617385864,8986.129821777344,7027.96240234375,-0.000569289387203753,0.3,0.0003,0.000119685195,16190,-1.5710439682006836,0.0
436,951,200.0,1621,1305.58,414976,0.43295514583587646,2259.875897216797,729.47900390625,-0.006465761689469218,0.3,0.0003,0.009092567,16200,-1.6721129834651947,0.013671875
436,951,200.0,1622,1303.06,415232,0.23110389709472656,8593.930130004883,5783.14013671875,-0.0006447366555221379,0.3,0.0003,0.0009781022,16210,-1.484436386823654,0.0
436,951,200.0,1623,1293.36,415488,0.21154391765594482,19205.96865234375,11387.57421875,-0.0016280930489301682,0.3,0.0003,0.0006417127,16220,-1.550330239534378,0.0
437,951,200.0,1624,1293.94,415744,0.366172194480896,9161.964379882813,3459.006103515625,-0.0030725276097655295,0.3,0.0003,0.0049715443,16230,-1.3460064589977265,0.00078125
437,951,200.0,1625,1305.47,416000,0.4787958264350891,8250.801098632812,4240.748046875,-0.0029107310576364396,0.3,0.0003,0.00616314,16240,-1.528550738096237,0.003515625
437,951,200.0,1626,1309.81,416256,0.413780152797699,7357.3294677734375,3989.887939453125,-0.0006078719510696828,0.3,0.0003,0.002747664,16250,-1.5494644701480866,0.001171875
437,951,200.0,1627,1312.52,416512,0.40129637718200684,13112.709057617187,5945.35546875,-0.00025545578682795167,0.3,0.0003,0.00058223656,16260,-1.385983020067215,0.0
438,951,200.0,1628,1310.21,416768,0.21269190311431885,15430.281787109376,6002.5595703125,-0.007498275954276323,0.3,0.0003,0.006132212,16270,-1.5463674724102021,0.00546875
438,951,200.0,1629,1322.23,417024,0.44349730014801025,7367.495776367187,3810.523681640625,-0.0045171372126787904,0.3,0.0003,0.004000011,16280,-1.6312524139881135,0.003125
438,951,200.0,1630,1331.88,417280,0.5130071640014648,11441.754248046875,8532.390625,-0.0019965132931247355,0.3,0.0003,0.003072327,16290,-1.5110444247722625,0.000390625
439,951,200.0,1631,1331.9,417536,0.47960472106933594,6653.425036621094,5988.47900390625,-0.0026122147217392923,0.3,0.0003,0.0032582409,16300,-1.5715983748435973,0.0
439,951,200.0,1632,1347.06,417792,0.3719174861907959,9629.174841308593,5733.87255859375,-0.0032883986132219434,0.3,0.0003,0.0035878306,16310,-1.185982197523117,0.0015625
439,951,200.0,1633,1348.63,418048,0.5073007345199585,6289.995452880859,2674.422119140625,-0.0008332991332281381,0.3,0.0003,0.0013557465,16320,-1.4489893078804017,0.0
439,951,200.0,1634,1346.04,418304,0.24399709701538086,29402.90791015625,16314.71484375,-0.0007371732965111733,0.3,0.0003,0.0021547407,16330,-1.4977647840976716,0.0
440,951,200.0,1635,1346.48,418560,0.009248614311218262,15015.685913085938,5459.74169921875,-0.0017881115199998021,0.3,0.0003,0.0007819568,16340,-1.768199908733368,0.0
440,951,200.0,1636,1341.07,418816,0.5331171154975891,6245.488806152343,2539.9677734375,-0.0002913844888098538,0.3,0.0003,0.00028839335,16350,-1.585235208272934,0.0
440,951,200.0,1637,1336.91,419072,0.28643637895584106,18150.58073730469,12324.9326171875,-0.001667478948365897,0.3,0.0003,0.0010137523,16360,-1.7283608794212342,0.0
440,951,200.0,1638,1344.39,419328,0.057781100273132324,15225.568359375,7232.79296875,-0.003640276798978448,0.3,0.0003,0.0015455976,16370,-1.7353825986385345,0.0
441,951,200.0,1639,1343.94,419584,0.46621131896972656,7015.130316162109,2858.93359375,0.00025934167206287384,0.3,0.0003,0.00011791359,16380,-1.4473091185092926,0.0
441,951,200.0,1640,1335.97,419840,0.5423573851585388,5296.801998901367,4914.0087890625,-0.0021295175305567683,0.3,0.0003,0.0019611327,16390,-1.5354356050491333,0.0
441,951,200.0,1641,1350.72,420096,0.236031174659729,17650.89792480469,9931.2919921875,0.0012945292750373484,0.3,0.0003,0.0011166227,16400,-1.4160453796386718,0.0
442,951,200.0,1642,1359.38,420352,0.47221821546554565,7967.713037109375,2342.081787109375,-0.0018140393076464534,0.3,0.0003,0.0015601311,16410,-1.5861410558223725,0.0
442,951,200.0,1643,1358.57,420608,0.5319286584854126,6281.312048339843,1790.9979248046875,-0.000534555281046778,0.3,0.0003,0.00026483182,16420,-1.5175740242004394,0.0
442,951,200.0,1644,1360.2,420864,0.4641265273094177,12281.802416992188,441.6042175292969,-0.0029709394089877605,0.3,0.0003,0.009629196,16430,-1.5650119960308075,0.008203125
442,951,200.0,1645,1346.2,421120,0.4401593804359436,5512.119598388672,2123.658203125,0.0011521001812070607,0.3,0.0003,0.0010072473,16440,-1.6905587196350098,0.0046875
443,951,200.0,1646,1348.68,421376,0.1769009828567505,12365.780541992188,7924.1162109375,-0.0033295748755335806,0.3,0.0003,0.002015299,16450,-1.6259456813335418,0.0
443,951,200.0,1647,1338.69,421632,0.36724036931991577,7886.480151367187,6333.8955078125,-0.0011183544353116303,0.3,0.0003,0.011775982,16460,-1.4899244248867034,0.03125
443,951,200.0,1648,1343.32,421888,0.11855334043502808,29612.75712890625,11388.328125,-0.0024791206116788088,0.3,0.0003,0.00047950633,16470,-1.6888643383979798,0.0
443,951,200.0,1649,1342.51,422144,0.34153056144714355,9637.664526367187,8217.1064453125,-0.004713351347891148,0.3,0.0003,0.0033879974,16480,-1.5030610799789428,0.003125
444,950,200.0,1650,1351.98,422400,0.15627211332321167,14027.08896484375,3154.056640625,-0.0011768548982217907,0.3,0.0003,0.0011586791,16490,-1.5517752766609192,0.0
444,950,200.0,1651,1355.6,422656,0.46709805727005005,7735.597570800781,6692.4560546875,-0.0006493767723441124,0.3,0.0003,0.0007705223,16500,-1.7003913581371308,0.0
444,950,200.0,1652,1348.01,422912,0.45362329483032227,8633.065295410157,4791.1201171875,-0.0033222611527889967,0.3,0.0003,0.003580475,16510,-1.7552626729011536,0.000390625
444,950,200.0,1653,1346.02,423168,0.40205883979797363,7521.147937011719,2435.66552734375,-0.0005543385166674852,0.3,0.0003,0.0023582866,16520,-1.6031935155391692,0.0
445,950,200.0,1654,1351.72,423424,0.34221774339675903,9174.3220703125,3177.86279296875,-0.005330765200778842,0.3,0.0003,0.0047751623,16530,-1.681265377998352,0.00078125
445,950,200.0,1655,1348.64,423680,0.33421897888183594,16710.474243164062,4409.23828125,-0.0011173057137057185,0.3,0.0003,0.0025695881,16540,-1.5615232110023498,0.0
445,950,200.0,1656,1355.69,423936,0.482157826423645,8016.765100097657,4469.56396484375,-0.002262634108774364,0.3,0.0003,0.0019372427,16550,-1.6581141948699951,0.0
446,950,200.0,1657,1352.17,424192,0.42591536045074463,7697.672961425781,5067.07763671875,0.0001897224225103855,0.3,0.0003,0.00042220624,16560,-1.7258433282375336,0.0
446,950,200.0,1658,1347.24,424448,0.2925170063972473,11121.651611328125,5929.4423828125,-0.007615098194219172,0.3,0.0003,0.007091664,16570,-1.7812228441238402,0.0078125
446,950,200.0,1659,1336.66,424704,0.38078367710113525,15278.81416015625,9027.4130859375,-0.00119202327914536,0.3,0.0003,0.0013459846,16580,-1.6045062005519868,0.0
446,950,200.0,1660,1337.03,424960,0.3663982152938843,8846.269738769532,3819.92724609375,-0.003039492736570537,0.3,0.0003,0.0034066024,16590,-1.6623556971549989,0.00078125
447,950,200.0,1661,1351.53,425216,0.5232794284820557,7273.589099121094,4025.3681640625,-0.0022010963410139086,0.3,0.0003,0.002972731,16600,-1.6425904989242555,0.0
447,951,200.0,1662,1354.41,425472,0.43675297498703003,12645.074328613282,7799.3896484375,-0.006577237555757165,0.3,0.0003,0.018520273,16610,-1.6407628297805785,0.06171875
447,951,200.0,1663,1357.04,425728,0.45646941661834717,6716.9876708984375,3797.21875,-0.0032034910575021057,0.3,0.0003,0.020041924,16620,-1.4593299508094788,0.04609375
447,951,200.0,1664,1351.69,425984,0.5846525430679321,4948.811370849609,1313.8489990234375,-0.004956629674416036,0.3,0.0003,0.024267625,16630,-1.3665461659431457,0.087890625
448,951,200.0,1665,1347.36,426240,0.28270119428634644,11584.179455566406,8997.2509765625,-0.00407247703988105,0.3,0.0003,0.0059135878,16640,-1.5697860360145568,0.008203125
448,951,200.0,1666,1352.37,426496,0.4601343870162964,13102.944561767577,7859.638671875,-0.00045197182334959506,0.3,0.0003,0.00025520567,16650,-1.805108791589737,0.0
448,951,200.0,1667,1349.97,426752,0.4348018169403076,7340.329370117188,4723.38818359375,-0.0010452370624989271,0.3,0.0003,0.00029925886,16660,-1.457656580209732,0.0
449,951,200.0,1668,1347.08,427008,0.28933078050613403,11349.068688964844,9665.376953125,-0.007648768415674567,0.3,0.0003,0.00817202,16670,-1.4901947200298309,0.020703125
449,951,200.0,1669,1337.45,427264,0.4409058690071106,12625.067919921876,7199.64990234375,-0.0006474753958173096,0.3,0.0003,0.0010052598,16680,-1.5852880954742432,0.0
449,950,200.0,1670,1337.66,427520,0.4200800657272339,8525.0171875,2498.9599609375,-0.002437474438920617,0.3,0.0003,0.0022771242,16690,-1.6761252105236053,0.0
449,950,200.0,1671,1345.17,427776,0.41518276929855347,7136.660504150391,6297.05419921875,-0.00036302926018834115,0.3,0.0003,0.0047078123,16700,-1.2587450444698334,0.003515625
450,951,200.0,1672,1352.46,428032,0.5477365851402283,5417.559730529785,1363.9981689453125,-0.0011691340478137136,0.3,0.0003,0.005699941,16710,-1.3286888897418976,0.001953125
450,951,200.0,1673,1348.97,428288,0.5066559314727783,11249.747485351563,7817.7470703125,-0.00271091996692121,0.3,0.0003,0.006110654,16720,-1.5759888947010041,0.000390625
450,950,200.0,1674,1337.34,428544,0.4700297713279724,6300.634680175781,2037.806396484375,-0.005978775414405391,0.3,0.0003,0.021640783,16730,-1.4915307879447937,0.029296875
450,951,200.0,1675,1351.12,428800,0.5388007164001465,6164.3919921875,1845.825439453125,-0.004127958067692816,0.3,0.0003,0.003157659,16740,-1.3488361477851867,0.000390625
451,950,200.0,1676,1346.32,429056,0.28676873445510864,9218.76212158203,4226.10205078125,-0.00439359419979155,0.3,0.0003,0.020818677,16750,-1.3621602296829223,0.0625
451,951,200.0,1677,1333.15,429312,0.397524356842041,6871.731365966797,4283.81396484375,-0.00021471616346389056,0.3,0.0003,0.00036636158,16760,-1.4187372624874115,0.0
451,950,200.0,1678,1334.28,429568,0.48161327838897705,5291.694317626953,2841.71630859375,-0.0010045148432254792,0.3,0.0003,0.0015870323,16770,-1.5256223857402802,0.0
451,950,200.0,1679,1330.41,429824,0.2250043749809265,11929.669177246094,8975.5498046875,-0.009979068534448743,0.3,0.0003,0.008492336,16780,-1.528180968761444,0.019140625
452,950,200.0,1680,1332.65,430080,0.3070436716079712,18335.8029296875,10178.8486328125,-0.000903946696780622,0.3,0.0003,0.00042820908,16790,-1.5086024463176728,0.0
452,950,200.0,1681,1338.36,430336,0.4672054648399353,8440.279138183594,2927.255859375,-0.0037387663614936173,0.3,0.0003,0.0026645507,16800,-1.648660236597061,0.0015625
452,950,200.0,1682,1339.56,430592,0.48931849002838135,7052.783563232422,4422.7626953125,-0.009477274725213647,0.3,0.0003,0.037848704,16810,-1.6104649662971497,0.10546875
453,950,200.0,1683,1339.15,430848,0.09644931554794312,24646.73642578125,8335.0419921875,-0.003807220747694373,0.3,0.0003,0.0014545021,16820,-1.6106017649173736,0.0
453,950,200.0,1684,1329.05,431104,0.17608433961868286,24349.34599609375,11668.5390625,-0.004551894217729569,0.3,0.0003,0.0015635081,16830,-1.5212676286697389,0.0
453,950,200.0,1685,1318.41,431360,0.37082844972610474,9680.56053466797,1501.798095703125,0.00020133212674409152,0.3,0.0003,0.00047743204,16840,-1.4839273869991303,0.0
453,950,200.0,1686,1312.03,431616,0.30072033405303955,9193.085986328126,1086.7916259765625,0.0005614496069028974,0.3,0.0003,0.00018002465,16850,-1.352208811044693,0.0
454,950,200.0,1687,1305.88,431872,0.4175998568534851,17168.966748046874,11511.521484375,-0.0012847995618358254,0.3,0.0003,0.0007210262,16860,-1.1789910733699798,0.0
454,950,200.0,1688,1302.87,432128,0.3184901475906372,7257.798913574219,2651.2568359375,0.00014824573881924152,0.3,0.0003,9.876629e-05,16870,-1.4327324688434602,0.0
454,950,200.0,1689,1307.01,432384,0.4182288646697998,5997.0269775390625,3966.586669921875,-0.0012561323121190072,0.3,0.0003,0.0021695308,16880,-1.4800983369350433,0.0
454,950,200.0,1690,1319.25,432640,0.30522972345352173,10327.414794921875,2830.771240234375,0.00011605995241552592,0.3,0.0003,0.0010673532,16890,-1.4267239212989806,0.0
455,950,200.0,1691,1311.97,432896,0.4743884205818176,12815.62158203125,9151.826171875,-0.0005629687104374171,0.3,0.0003,0.00021844637,16900,-1.5189005851745605,0.0
455,950,200.0,1692,1317.46,433152,0.448915958404541,6892.130102539062,2508.62060546875,-0.0013753599137999117,0.3,0.0003,0.007238754,16910,-1.4786195874214172,0.004296875
455,950,200.0,1693,1323.71,433408,0.526157021522522,7401.054846191406,2112.1083984375,-0.0007146560586988926,0.3,0.0003,0.0005241537,16920,-1.5841877043247223,0.0
456,950,200.0,1694,1323.64,433664,0.32943248748779297,16428.66145019531,4140.78125,0.00012220833450555802,0.3,0.0003,0.00020043342,16930,-1.5419630050659179,0.0
456,950,200.0,1695,1328.25,433920,0.45087963342666626,6700.095056152344,3876.7626953125,-0.0015790654928423465,0.3,0.0003,0.0018465002,16940,-1.5828779876232146,0.0
456,950,200.0,1696,1322.44,434176,0.4147043228149414,6576.47041015625,352.58258056640625,-2.090282505378127e-05,0.3,0.0003,0.00071548205,16950,-1.6627985537052155,0.0
456,950,200.0,1697,1331.65,434432,0.5154713988304138,6516.209503173828,1247.9365234375,-0.0015312413626816124,0.3,0.0003,0.005594679,16960,-1.4527589857578278,0.000390625
457,950,200.0,1698,1327.88,434688,0.4688412547111511,12144.333764648438,4894.4189453125,-7.191663607954978e-05,0.3,0.0003,0.0031826496,16970,-1.600508028268814,0.000390625
457,950,200.0,1699,1344.59,434944,0.05400526523590088,27508.58525390625,8632.0595703125,-0.008043812029063702,0.3,0.0003,0.0032698775,16980,-1.7084357798099519,0.001953125
457,950,200.0,1700,1336.28,435200,-0.01567971706390381,2854.8054382324217,871.2765502929688,-0.0025143386097624897,0.3,0.0003,0.0016524941,16990,-1.8063551127910613,0.0
457,950,200.0,1701,1329.79,435456,0.2048587203025818,10062.641259765625,4448.1953125,-0.0014593638421501963,0.3,0.0003,0.0019498023,17000,-1.4727240204811096,0.0
458,951,200.0,1702,1326.07,435712,0.4536546468734741,10910.117626953124,5555.9970703125,-0.001895712607074529,0.3,0.0003,0.0025248963,17010,-1.379206109046936,0.0
458,950,200.0,1703,1312.67,435968,0.378558874130249,2384.3717346191406,914.7985229492188,-0.006712968484498561,0.3,0.0003,0.0093347905,17020,-1.4734277129173279,0.008984375
458,951,200.0,1704,1331.68,436224,-0.021944046020507812,20543.558471679688,15942.3359375,-0.003017131728120148,0.3,0.0003,0.002860344,17030,-1.6503614366054535,0.0
458,951,200.0,1705,1327.14,436480,0.11482495069503784,16435.612548828125,8686.279296875,-8.904713904485106e-05,0.3,0.0003,0.00026151678,17040,-1.6841235399246215,0.0
459,951,200.0,1706,1331.74,436736,-0.08220362663269043,23061.42060546875,10216.224609375,-0.002434153435751796,0.3,0.0003,0.00080634956,17050,-1.6077164649963378,0.0
459,951,200.0,1707,1337.16,436992,0.5011041760444641,7207.913684082031,3478.803955078125,-0.0012664118432439864,0.3,0.0003,0.0008135489,17060,-1.6099676728248595,0.0
459,951,200.0,1708,1349.78,437248,0.3331725597381592,7518.3255615234375,4112.89013671875,-3.0420860275626184e-05,0.3,0.0003,0.0004239604,17070,-1.5413192808628082,0.0
460,951,200.0,1709,1349.16,437504,0.19019240140914917,30145.992578125,10022.8427734375,-0.0012986366637051105,0.3,0.0003,0.00041641272,17080,-1.622756677865982,0.0
460,951,200.0,1710,1341.15,437760,0.44209277629852295,6183.714367675781,4000.93896484375,-0.0008108870824798942,0.3,0.0003,0.0012961654,17090,-1.4483230710029602,0.0
460,951,200.0,1711,1332.21,438016,0.5118094682693481,6081.995007324219,3548.8662109375,-0.002074783283751458,0.3,0.0003,0.0021430275,17100,-1.5885593831539153,0.0
460,951,200.0,1712,1330.3,438272,0.4613431692123413,11549.75791015625,8880.732421875,-0.0021881023421883583,0.3,0.0003,0.017670304,17110,-1.5478624880313874,0.030078125
461,951,200.0,1713,1332.61,438528,0.48206788301467896,6436.422515869141,3814.665771484375,-0.0003919603186659515,0.3,0.0003,0.0013646893,17120,-1.5446813583374024,0.0
461,951,200.0,1714,1328.41,438784,0.13954156637191772,13403.210607910156,1101.6368408203125,-0.005392448650673032,0.3,0.0003,0.014257807,17130,-1.5164161443710327,0.032421875
461,951,200.0,1715,1322.85,439040,0.32614994049072266,9731.198669433594,5368.70166015625,-0.0024369509425014257,0.3,0.0003,0.00086720637,17140,-1.6405661642551421,0.0
461,951,200.0,1716,1331.38,439296,0.05350238084793091,28233.45393066406,19346.916015625,-0.002445451286621392,0.3,0.0003,0.00041897222,17150,-1.4651065289974212,0.0
462,951,200.0,1717,1328.9,439552,0.41331762075424194,8002.838751220703,876.9249267578125,-0.006093909335322678,0.3,0.0003,0.0092224255,17160,-1.829248070716858,0.00625
462,951,200.0,1718,1336.67,439808,-0.18416643142700195,22948.39064941406,12933.2841796875,-0.002003586199134588,0.3,0.0003,0.0011255348,17170,-1.6892832338809967,0.0
462,951,200.0,1719,1335.19,440064,0.43295812606811523,13098.234741210938,6247.93603515625,-0.0014370315242558719,0.3,0.0003,0.00060430565,17180,-1.5459176063537599,0.0
462,951,200.0,1720,1326.85,440320,0.4885703921318054,6785.346939086914,3437.496826171875,-0.002092449413612485,0.3,0.0003,0.002203291,17190,-1.7205827057361602,0.0
463,951,200.0,1721,1334.94,440576,0.420668363571167,9298.575866699219,3006.356689453125,-0.00284257885068655,0.3,0.0003,0.0014105479,17200,-1.6034829497337342,0.0
463,951,200.0,1722,1341.73,440832,0.23918110132217407,2734.2328369140623,1031.106201171875,-0.0070319425780326125,0.3,0.0003,0.0064928597,17210,-1.6999859094619751,0.004296875
463,951,200.0,1723,1352.41,441088,0.2766804099082947,23534.269775390625,11398.65234375,-0.0010658724699169398,0.3,0.0003,0.0012668285,17220,-1.586209225654602,0.0
464,951,200.0,1724,1346.28,441344,0.10802561044692993,18816.69921875,6307.03564453125,-0.0036308073438704016,0.3,0.0003,0.0009596555,17230,-1.7173713862895965,0.0
464,951,200.0,1725,1360.02,441600,0.33545058965682983,9913.15029296875,2963.095947265625,-0.0015771410660818219,0.3,0.0003,0.0013172473,17240,-1.8549062490463257,0.0
464,951,200.0,1726,1365.24,441856,0.4980309009552002,7122.463647460938,6166.599609375,-0.0021755225490778683,0.3,0.0003,0.001911643,17250,-1.7174810230731965,0.0
464,951,200.0,1727,1356.57,442112,0.18676120042800903,21826.202734375,6168.23388671875,-0.0032674437388777733,0.3,0.0003,0.0010888088,17260,-1.6739114224910736,0.0
465,951,200.0,1728,1353.06,442368,0.4269139766693115,7924.522045898438,3602.140380859375,-0.0008329828269779682,0.3,0.0003,0.000499957,17270,-1.494131737947464,0.0
465,951,200.0,1729,1343.86,442624,0.4021207094192505,6841.183093261719,2903.725830078125,-0.0010144910542294384,0.3,0.0003,0.0013806375,17280,-1.493798667192459,0.0
465,951,200.0,1730,1354.24,442880,0.2496517300605774,20941.58505859375,5656.89453125,-0.0001929240534082055,0.3,0.0003,0.0006255163,17290,-1.636963564157486,0.0
465,951,200.0,1731,1334.5,443136,0.5431163311004639,2388.655731201172,640.6683959960938,-0.0023488729959353803,0.3,0.0003,0.00036271312,17300,-1.6998936831951141,0.0
466,951,200.0,1732,1320.82,443392,0.4027087688446045,10703.216668701172,3636.993896484375,-0.001978157949633896,0.3,0.0003,0.0035125043,17310,-1.9462024092674255,0.0
466,951,200.0,1733,1321.28,443648,0.5168272852897644,6018.641357421875,5648.40478515625,-0.00373468809411861,0.3,0.0003,0.007554835,17320,-1.4125943243503571,0.00546875
466,951,200.0,1734,1316.77,443904,0.40041279792785645,13825.294860839844,10817.193359375,-0.000802141078747809,0.3,0.0003,0.004575124,17330,-1.6298934161663055,0.0
466,951,200.0,1735,1319.52,444160,0.5540227293968201,5714.195581054688,1939.0576171875,-0.0018130560987628997,0.3,0.0003,0.0017650784,17340,-1.7190820455551148,0.0
467,951,200.0,1736,1323.93,444416,0.35737234354019165,8132.456555175781,4382.7607421875,-0.0005303127400111407,0.3,0.0003,0.0014319916,17350,-1.4618760824203492,0.0
467,951,200.0,1737,1316.68,444672,0.3902711272239685,8744.682250976562,4503.53125,-0.0010748451808467508,0.3,0.0003,0.00045636715,17360,-1.0511607021093368,0.0
467,951,200.0,1738,1331.31,444928,0.23810023069381714,9714.593725585937,2737.114501953125,-0.0012860578484833241,0.3,0.0003,0.0007497652,17370,-1.810035490989685,0.0
468,951,200.0,1739,1317.09,445184,0.19191265106201172,23966.23232421875,11962.5908203125,-0.0034640565747395156,0.3,0.0003,0.0008575467,17380,-1.701442587375641,0.0
468,951,200.0,1740,1321.53,445440,0.31850969791412354,10010.5984375,5499.638671875,-0.0007453984930180013,0.3,0.0003,0.00060553174,17390,-1.675591093301773,0.0
468,951,200.0,1741,1325.89,445696,-0.0034782886505126953,25888.2451171875,8168.478515625,-0.007094331504777074,0.3,0.0003,0.0019977663,17400,-1.669359838962555,0.0
468,951,200.0,1742,1331.77,445952,0.06591224670410156,31994.726806640625,22367.373046875,-0.0026550463400781153,0.3,0.0003,0.0017584602,17410,-1.5603384673595428,0.0
469,951,200.0,1743,1351.59,446208,-0.020389199256896973,23811.831640625,13017.7841796875,-0.0023579745669849218,0.3,0.0003,0.0006078307,17420,-1.5735912442207336,0.0
469,951,200.0,1744,1347.9,446464,0.34756386280059814,14499.357055664062,7551.8564453125,-0.0004343577194958925,0.3,0.0003,0.00017021527,17430,-1.580882728099823,0.0
469,951,200.0,1745,1359.07,446720,0.35838979482650757,9148.827978515625,5503.51318359375,-0.0003345697186887264,0.3,0.0003,9.0390444e-05,17440,-1.2896462738513947,0.0
469,951,200.0,1746,1362.22,446976,0.4481356143951416,6936.686041259765,2391.06884765625,-0.002297717344481498,0.3,0.0003,0.0034974727,17450,-1.567724311351776,0.000390625
470,951,200.0,1747,1362.55,447232,-0.10395824909210205,20810.39436035156,13496.912109375,-0.0012996762990951539,0.3,0.0003,0.0020560492,17460,-1.302237719297409,0.0
470,951,200.0,1748,1364.82,447488,0.3499142527580261,14361.544641113282,8109.58837890625,0.0003782290732488036,0.3,0.0003,0.00058464264,17470,-1.5915288090705872,0.0
470,951,200.0,1749,1367.75,447744,0.5332449674606323,5593.750364685058,5320.61572265625,-0.004048357449937612,0.3,0.0003,0.014135847,17480,-1.4059364676475525,0.01953125
471,951,200.0,1750,1366.7,448000,0.14003008604049683,23049.5298828125,12046.205078125,-0.00013070523273199796,0.3,0.0003,0.0015933248,17490,-1.4332608878612518,0.0
471,951,200.0,1751,1364.66,448256,0.10661250352859497,10591.32138671875,4419.28369140625,-0.0006801256793551147,0.3,0.0003,0.00017686724,17500,-1.3690348267555237,0.0
471,951,200.0,1752,1367.96,448512,0.48777318000793457,11312.2650390625,7990.9423828125,-0.0003228155430406332,0.3,0.0003,0.00036377646,17510,-1.3764150202274323,0.0
471,951,200.0,1753,1367.85,448768,0.4272424578666687,8260.91014404297,7180.689453125,-0.003812137199565768,0.3,0.0003,0.0068953875,17520,-1.3806733071804047,0.0015625
472,951,200.0,1754,1379.51,449024,0.4527575969696045,6152.598684692382,986.9772338867188,-0.0012075732462108134,0.3,0.0003,0.002898039,17530,-1.3691375136375428,0.0
472,951,200.0,1755,1402.06,449280,0.48658132553100586,13365.906604003907,4621.5048828125,-0.003315091738477349,0.3,0.0003,0.013306633,17540,-1.2796825468540192,0.023046875
472,951,200.0,1756,1400.83,449536,0.17633652687072754,13117.7853515625,6210.77783203125,-0.0021480919094756246,0.3,0.0003,0.00104774,17550,-1.5192355692386628,0.0
472,951,200.0,1757,1405.87,449792,0.510647714138031,6277.0723327636715,2084.508056640625,-0.0003410382429137826,0.3,0.0003,0.00050226715,17560,-1.4690818071365357,0.0
473,951,200.0,1758,1404.92,450048,0.5253771543502808,6990.431018066406,1893.9857177734375,-0.007368088432122022,0.3,0.0003,0.011654741,17570,-1.545701229572296,0.054296875
473,951,200.0,1759,1398.92,450304,0.44263261556625366,11272.409802246093,8697.6220703125,-0.001095972949406132,0.3,0.0003,0.002174032,17580,-1.4686095654964446,0.0
473,951,200.0,1760,1397.39,450560,0.3189318776130676,8099.753283691406,869.6753540039062,-0.0032518481137230994,0.3,0.0003,0.009050003,17590,-1.2721425771713257,0.0109375
473,951,200.0,1761,1399.46,450816,0.3641088008880615,9548.71826171875,5302.353515625,0.00011405739933252334,0.3,0.0003,0.00033646356,17600,-1.401038157939911,0.0
474,951,200.0,1762,1409.69,451072,0.3178408145904541,17912.86619873047,13614.9375,-0.006985345471184701,0.3,0.0003,0.0041534016,17610,-1.0789307355880737,0.0046875
474,951,200.0,1763,1412.31,451328,0.430215060710907,8058.504138183594,2743.614501953125,-0.0018761930055916308,0.3,0.0003,0.0019283437,17620,-1.5474933207035064,0.0
474,951,200.0,1764,1424.25,451584,0.5621433258056641,5404.720971679688,1468.8284912109375,-0.0013653834641445429,0.3,0.0003,0.00093627954,17630,-1.5755715727806092,0.0
475,951,200.0,1765,1432.25,451840,0.48100847005844116,7323.573950195312,2528.914794921875,-0.00562228262424469,0.3,0.0003,0.010695074,17640,-1.5813401341438293,0.015234375
475,951,200.0,1766,1437.91,452096,0.32140350341796875,16180.1490234375,11367.6318359375,0.002110675978474319,0.3,0.0003,0.0012256573,17650,-1.6109560012817383,0.0
475,951,200.0,1767,1428.09,452352,0.7089548110961914,1161.0365173339844,487.7764892578125,-0.003860428021289408,0.3,0.0003,0.0067514433,17660,-1.6646048426628113,0.0015625
475,951,200.0,1768,1412.7,452608,0.3345756530761719,9018.098266601562,3103.341552734375,0.0033705846406519415,0.3,0.0003,0.0015459582,17670,-1.5779842495918275,0.0
476,951,200.0,1769,1423.22,452864,0.30902189016342163,8532.845904541016,937.2904663085938,-0.0018901909003034233,0.3,0.0003,0.0011166479,17680,-0.4305382490158081,0.0015625
476,951,200.0,1770,1423.48,453120,0.4755502939224243,6504.278128051757,439.5286560058594,-0.0007632946944795549,0.3,0.0003,0.0014485461,17690,-1.486391407251358,0.0
476,951,200.0,1771,1418.13,453376,0.5073279142379761,6241.930688476563,2497.8896484375,-0.0016653968545142562,0.3,0.0003,0.020569425,17700,-1.2326725244522094,0.05625
476,951,200.0,1772,1437.71,453632,0.4932134747505188,6911.908819580078,4755.35986328125,-0.0004622254287824035,0.3,0.0003,0.0011206707,17710,-1.493837833404541,0.0
477,951,200.0,1773,1441.05,453888,0.3083893656730652,15721.443725585938,5343.41259765625,0.00037240745732560756,0.3,0.0003,0.00013679243,17720,-1.374924474954605,0.0
477,951,200.0,1774,1445.77,454144,0.47251152992248535,7114.875524902343,4294.11328125,-0.00027590963582042606,0.3,0.0003,9.075948e-05,17730,-1.4811637282371521,0.0
477,951,200.0,1775,1453.04,454400,0.5285066366195679,5758.274931335449,116.59513854980469,-0.002939491788856685,0.3,0.0003,0.009976432,17740,-1.5037731289863587,0.012109375
478,951,200.0,1776,1458.75,454656,0.4265562891960144,6733.0134765625,3381.673583984375,0.0009658844908699393,0.3,0.0003,0.008322454,17750,-1.488884061574936,0.014453125
478,951,200.0,1777,1459.37,454912,0.368009090423584,15256.13662109375,6419.84033203125,-0.0027142580365762115,0.3,0.0003,0.002849073,17760,-1.6421838402748108,0.0
478,951,200.0,1778,1456.47,455168,0.39244258403778076,2875.8567626953127,1033.68115234375,-0.0006394276046194136,0.3,0.0003,0.00022600102,17770,-1.0532041668891907,0.0
478,951,200.0,1779,1471.65,455424,0.4569127559661865,8599.433972167968,3179.322021484375,-0.0026592618436552585,0.3,0.0003,0.001162465,17780,-1.0184632986783981,0.0
479,951,200.0,1780,1469.6,455680,0.47853273153305054,11652.889916992188,7939.1943359375,4.7655939124524596e-05,0.3,0.0003,0.00021337811,17790,-1.5825113713741303,0.0
479,951,200.0,1781,1483.31,455936,0.44260990619659424,8001.380841064453,2137.971435546875,-0.0010978906648233533,0.3,0.0003,0.00039298204,17800,-1.6978351175785065,0.0
479,951,200.0,1782,1475.86,456192,0.2815002202987671,11153.889538574218,6174.47314453125,-0.005924551887437702,0.3,0.0003,0.003171528,17810,-1.627544343471527,0.001171875
479,951,200.0,1783,1477.49,456448,0.33691734075546265,8203.078173828126,3823.739501953125,0.0004389096633531153,0.3,0.0003,4.1970285e-05,17820,-1.3798319101333618,0.0
480,951,200.0,1784,1470.66,456704,0.4607686400413513,12977.900952148437,4510.27685546875,-0.0008012003148905933,0.3,0.0003,0.00067280023,17830,-1.5441653847694397,0.0
480,951,200.0,1785,1453.64,456960,0.013003945350646973,20115.609130859375,10365.1552734375,-0.007283866778016091,0.3,0.0003,0.0055817096,17840,-1.602956974506378,0.00078125
480,951,200.0,1786,1452.11,457216,0.5181636810302734,7540.581494140625,2842.231201171875,-0.004684485145844519,0.3,0.0003,0.00986004,17850,-1.5879228293895722,0.0109375
480,951,200.0,1787,1461.61,457472,0.5389485359191895,6401.725122070313,2495.1474609375,-0.0005111774778924882,0.3,0.0003,0.00053461106,17860,-1.3699675917625427,0.0
481,951,200.0,1788,1453.22,457728,0.16818684339523315,26850.2556640625,12525.4697265625,-0.0031325211748480797,0.3,0.0003,0.00044803089,17870,-1.7257046759128571,0.0
481,951,200.0,1789,1461.38,457984,0.31644296646118164,8373.89487915039,777.4696044921875,-0.0015188015066087246,0.3,0.0003,0.00063860253,17880,-1.7128951251506805,0.0
481,951,200.0,1790,1480.29,458240,0.29387640953063965,10922.51962890625,4865.7607421875,-0.0005247347289696336,0.3,0.0003,0.0006520739,17890,-1.5576932728290558,0.0
482,951,200.0,1791,1479.86,458496,0.44532573223114014,13150.764599609374,6917.84765625,-0.0008066603215411306,0.3,0.0003,0.0010094591,17900,-1.5547715604305268,0.0
482,951,200.0,1792,1484.66,458752,0.39313656091690063,8199.693029785156,4768.8291015625,-0.0016129419673234224,0.3,0.0003,0.0006262595,17910,-1.707983773946762,0.0
482,951,200.0,1793,1504.49,459008,0.4750017523765564,7598.414837646485,3274.876708984375,-0.00296236842405051,0.3,0.0003,0.0016215816,17920,-1.7056069493293762,0.0
482,951,200.0,1794,1498.57,459264,0.3981868624687195,13548.690771484375,8685.62890625,-0.000448419019812718,0.3,0.0003,0.00097141834,17930,-1.5547795474529267,0.0
483,951,200.0,1795,1503.32,459520,0.2027340531349182,19566.656103515626,10179.15625,-0.006855116668157279,0.3,0.0003,0.003646537,17940,-1.4503452837467194,0.001171875
483,951,200.0,1796,1493.13,459776,0.15668225288391113,14739.288256835938,3577.336669921875,-0.007422340335324407,0.3,0.0003,0.0051865806,17950,-1.347033727169037,0.008203125
483,951,200.0,1797,1500.93,460032,0.46883708238601685,8287.49610595703,6046.451171875,-0.0021746949292719363,0.3,0.0003,0.0069176317,17960,-1.168610680103302,0.0078125
483,951,200.0,1798,1505.47,460288,0.4163195490837097,13831.69248046875,4734.08349609375,-0.007329675368964672,0.3,0.0003,0.016781487,17970,-1.4903695344924928,0.031640625
484,951,200.0,1799,1500.15,460544,0.3555588722229004,8620.01669921875,4850.8330078125,1.7284881323575974e-06,0.3,0.0003,0.00092869205,17980,-1.625509297847748,0.0
484,951,200.0,1800,1509.0,460800,0.5593142509460449,7063.8013916015625,4274.89111328125,-0.0021165911108255385,0.3,0.0003,0.0022390087,17990,-1.343818837404251,0.00078125
484,951,200.0,1801,1514.52,461056,0.5671182870864868,5322.061526489258,3748.530517578125,-0.009231635206378996,0.3,0.0003,0.0149609465,18000,-1.4750623524188995,0.0421875
485,951,200.0,1802,1523.57,461312,0.46623694896698,13682.931591796874,6154.82861328125,-0.0017958115320652723,0.3,0.0003,0.004995846,18010,-1.2909542560577392,0.001953125
485,951,200.0,1803,1513.13,461568,0.47699785232543945,7065.093768310547,1139.0047607421875,-0.008306952100247145,0.3,0.0003,0.022603272,18020,-1.438856554031372,0.070703125
485,951,200.0,1804,1497.85,461824,0.1396922469139099,16854.610009765624,9639.7109375,-0.00021530005615204572,0.3,0.0003,0.0018816746,18030,-1.4467202603816987,0.0
485,951,200.0,1805,1502.56,462080,0.5248092412948608,10495.531713867187,5177.962890625,-0.0008714062045328319,0.3,0.0003,0.0012702562,18040,-1.4965440690517426,0.0
486,951,200.0,1806,1513.88,462336,0.44745934009552,7498.431604003907,1927.9210205078125,-0.0015238914988003672,0.3,0.0003,0.002131786,18050,-1.6165091931819915,0.0
486,951,200.0,1807,1518.62,462592,0.541520893573761,5516.9028991699215,1859.1337890625,-0.007022489979863167,0.3,0.0003,0.014854915,18060,-1.5418981313705444,0.030859375
486,951,200.0,1808,1532.8,462848,0.09192585945129395,22720.396630859374,8067.54052734375,-9.108087979257107e-05,0.3,0.0003,0.0010321033,18070,-1.5776954889297485,0.0
486,951,200.0,1809,1546.18,463104,0.35241377353668213,14691.931567382813,2514.42822265625,-0.00021821437403559684,0.3,0.0003,0.00023068604,18080,-1.3072366058826446,0.0
487,951,200.0,1810,1544.54,463360,0.4531744718551636,2099.2329010009767,496.7360534667969,-0.002566213300451636,0.3,0.0003,0.00043631112,18090,-1.6081306695938111,0.0
487,951,200.0,1811,1547.55,463616,0.357241153717041,7301.558294677734,3524.116455078125,-0.00020281579345464705,0.3,0.0003,0.00023781881,18100,-1.6006860256195068,0.0
487,951,200.0,1812,1549.97,463872,0.38718199729919434,7490.022082519531,2320.09814453125,-0.0021310461917892097,0.3,0.0003,0.010962862,18110,-1.4341628134250641,0.0109375
487,951,200.0,1813,1548.06,464128,0.014268100261688232,31776.30908203125,17131.384765625,0.0003295041620731354,0.3,0.0003,0.002021998,18120,-1.7430704534053802,0.0
488,951,200.0,1814,1536.41,464384,0.36234182119369507,2329.6159545898436,840.4256591796875,-0.0017474411870352924,0.3,0.0003,0.001431853,18130,-1.7068142592906952,0.0
488,951,200.0,1815,1555.02,464640,0.5568495988845825,6255.754943847656,3858.98388671875,-0.00019098219345323742,0.3,0.0003,0.0012876212,18140,-1.734223198890686,0.0
488,951,200.0,1816,1544.27,464896,0.22013527154922485,20212.46530761719,4281.8759765625,-0.004980263020843268,0.3,0.0003,0.004363806,18150,-1.4759300470352172,0.00390625
489,951,200.0,1817,1560.48,465152,0.5695282220840454,5929.8258056640625,3198.711669921875,-0.0014375997881870717,0.3,0.0003,0.0012363831,18160,-1.6897318661212921,0.0
489,951,200.0,1818,1546.02,465408,0.5372769832611084,6446.272497558593,1932.0206298828125,-0.0009484422393143177,0.3,0.0003,0.0015913493,18170,-1.7128743529319763,0.0
489,951,200.0,1819,1536.47,465664,0.09001266956329346,22952.2828125,8499.4892578125,-0.00359086305834353,0.3,0.0003,0.0017732109,18180,-1.4673373758792878,0.0
489,951,200.0,1820,1537.26,465920,0.20897018909454346,19082.648583984374,7191.71875,-0.0034564576926641166,0.3,0.0003,0.0011628496,18190,-1.6798498690128327,0.0
490,951,200.0,1821,1532.58,466176,0.4867488741874695,6119.696130371094,3841.7841796875,-0.0036127572413533924,0.3,0.0003,0.0018258931,18200,-1.5310985505580903,0.0
490,951,200.0,1822,1512.7,466432,0.4709476828575134,7311.05712890625,6106.66015625,0.00020851941080763937,0.3,0.0003,0.0005340569,18210,-1.6216578245162965,0.0
490,951,200.0,1823,1512.29,466688,0.30236363410949707,17468.11142578125,11498.732421875,-0.002074579428881407,0.3,0.0003,0.0023286557,18220,-1.5780933618545532,0.0
490,951,200.0,1824,1520.59,466944,0.5381404161453247,7583.102545166015,3082.367919921875,-0.0018681505462154746,0.3,0.0003,0.0012085417,18230,-1.710048460960388,0.0
491,951,200.0,1825,1522.96,467200,0.5793415307998657,5710.017343139649,485.57647705078125,-0.002136723301373422,0.3,0.0003,0.00130908,18240,-1.6704459488391876,0.0
491,951,200.0,1826,1522.4,467456,0.4844791889190674,7018.498516845703,2800.2412109375,-0.0030827469425275924,0.3,0.0003,0.0054922123,18250,-1.7984168648719787,0.0046875
491,951,200.0,1827,1524.51,467712,0.47655898332595825,11585.198217773437,3809.750732421875,-0.0004405770800076425,0.3,0.0003,0.0007310086,18260,-1.6090432286262513,0.0
492,951,200.0,1828,1519.07,467968,0.1647915244102478,13560.80107421875,6115.7080078125,-0.0005375520093366503,0.3,0.0003,0.0003303995,18270,-1.6796396195888519,0.0
492,951,200.0,1829,1518.0,468224,0.38137221336364746,9976.245336914062,3460.325439453125,-0.0015175879234448075,0.3,0.0003,0.0006805693,18280,-1.6802833199501037,0.0
492,951,200.0,1830,1516.02,468480,0.29204261302948,19742.706787109375,9288.41796875,-0.0030875884927809238,0.3,0.0003,0.0010478483,18290,-1.6663382053375244,0.0
492,951,200.0,1831,1507.84,468736,0.4829596281051636,2421.582440185547,1122.2113037109375,-0.00498215218540281,0.3,0.0003,0.003295313,18300,-1.5230169355869294,0.001953125
493,951,200.0,1832,1519.95,468992,0.47883665561676025,7110.646807861328,3924.37744140625,-0.0015301607199944556,0.3,0.0003,0.001361622,18310,-1.613514816761017,0.0
493,951,200.0,1833,1516.85,469248,0.45757585763931274,7071.9049072265625,2478.256103515625,-0.0032296162098646164,0.3,0.0003,0.004122274,18320,-1.689274501800537,0.003125
493,951,200.0,1834,1530.34,469504,0.2953057289123535,21252.371142578126,11027.986328125,-0.00034725877922028305,0.3,0.0003,0.00087510375,18330,-1.4191224873065948,0.0
493,951,200.0,1835,1536.13,469760,0.2743532657623291,10656.900390625,3229.865966796875,-0.002265892212744802,0.3,0.0003,0.0012385219,18340,-1.6273000955581665,0.0
494,951,200.0,1836,1551.84,470016,0.43563300371170044,7149.09609375,910.209716796875,-0.004317307309247553,0.3,0.0003,0.005822828,18350,-1.5612707674503326,0.00390625
494,951,200.0,1837,1547.74,470272,0.40232962369918823,13213.065362548828,2795.17822265625,-0.004351824009791017,0.3,0.0003,0.0048619723,18360,-1.5834023237228394,0.0
494,951,200.0,1838,1549.22,470528,0.3723881244659424,8292.11824951172,1940.3580322265625,-0.001207410334609449,0.3,0.0003,0.00087993476,18370,-1.4008266031742096,0.0
494,951,200.0,1839,1537.42,470784,0.393535852432251,9788.933813476562,6114.0498046875,-0.005188464047387242,0.3,0.0003,0.0037757475,18380,-1.5595055162906646,0.001953125
495,951,200.0,1840,1522.01,471040,0.29337769746780396,11043.3671875,7248.93701171875,-0.0027784839505329726,0.3,0.0003,0.0017352984,18390,-1.6479404807090758,0.00078125
495,951,200.0,1841,1521.09,471296,0.464086651802063,10826.78946838379,5353.73828125,-0.0001552123110741377,0.3,0.0003,0.00019944878,18400,-1.2754845559597014,0.0
495,951,200.0,1842,1516.45,471552,0.41650354862213135,8288.818591308594,4827.8330078125,-0.0015759113244712352,0.3,0.0003,0.0009332702,18410,-1.4819147884845734,0.0
495,951,200.0,1843,1505.4,471808,0.24720805883407593,10512.47470703125,3730.512939453125,-0.0030025083106011152,0.3,0.0003,0.0015428488,18420,-1.4532069861888885,0.0
496,951,200.0,1844,1496.17,472064,0.15106117725372314,11610.986938476562,4125.60986328125,-0.00019571376033127307,0.3,0.0003,0.00039096107,18430,-1.9011005759239197,0.0
496,951,200.0,1845,1498.9,472320,0.14351588487625122,2654.662744140625,929.700439453125,-0.002246298082172871,0.3,0.0003,0.0010723893,18440,-1.5113945066928864,0.0
496,951,200.0,1846,1493.12,472576,0.021976172924041748,31783.278759765624,17203.380859375,-0.0010060183703899384,0.3,0.0003,0.001404379,18450,-1.413726019859314,0.0
497,951,200.0,1847,1499.18,472832,-0.02156376838684082,20620.1087890625,12726.953125,-0.0013008784968405961,0.3,0.0003,0.00026718155,18460,-1.6242174446582793,0.0
497,951,200.0,1848,1500.89,473088,0.1914014220237732,18326.20817871094,8206.03125,-0.00042484879959374665,0.3,0.0003,0.00015063793,18470,-1.4655249834060669,0.0
497,951,200.0,1849,1511.36,473344,0.39217889308929443,8984.09033203125,5732.84423828125,-0.002075886516831815,0.3,0.0003,0.0014962021,18480,-1.4855996191501617,0.0
497,951,200.0,1850,1482.03,473600,0.5178282260894775,2900.0300537109374,813.2498779296875,-0.005243632069323212,0.3,0.0003,0.0024922958,18490,-1.5434841513633728,0.00078125
498,951,200.0,1851,1489.11,473856,0.020288705825805664,20856.582861328126,6204.1865234375,-0.013007545284926892,0.3,0.0003,0.011245249,18500,-1.551120752096176,0.00859375
498,951,200.0,1852,1492.16,474112,0.4298611879348755,12046.071923828125,6206.9736328125,-0.0016845773090608418,0.3,0.0003,0.006503436,18510,-1.27864009141922,0.003125
498,951,200.0,1853,1485.99,474368,0.3879084587097168,9838.6728515625,4520.00634765625,-0.006159236142411828,0.3,0.0003,0.022981502,18520,-1.2620301723480225,0.059375
498,951,200.0,1854,1497.67,474624,0.5032306909561157,7092.905200195312,4827.5419921875,-0.0011064257007092238,0.3,0.0003,0.0008078227,18530,-1.6183662474155427,0.0
499,951,200.0,1855,1494.53,474880,0.34966492652893066,14040.238110351562,10195.640625,-0.0019536915933713317,0.3,0.0003,0.0008612608,18540,-1.473972702026367,0.0
499,951,200.0,1856,1513.07,475136,0.46350419521331787,6936.423492431641,1735.5653076171875,-0.003532336512580514,0.3,0.0003,0.010316189,18550,-1.2640358805656433,0.00703125
499,951,200.0,1857,1502.81,475392,0.3127526640892029,14724.392065429687,4906.65869140625,0.0032492787577211857,0.3,0.0003,0.0029747973,18560,-1.3884073734283446,0.005859375
499,951,200.0,1858,1494.83,475648,0.33394449949264526,10997.855712890625,4314.84130859375,-0.0009594098082743585,0.3,0.0003,0.0009040942,18570,-1.5611149787902832,0.0
500,951,200.0,1859,1486.92,475904,0.3431292772293091,16288.803430175782,7584.0380859375,-0.0013358916155993938,0.3,0.0003,0.0005217383,18580,-1.4901937544345856,0.0
500,951,200.0,1860,1495.18,476160,0.41704344749450684,7304.287432861328,5184.267578125,-0.003200408513657749,0.3,0.0003,0.0015219722,18590,-1.4122719407081603,0.001171875
500,951,200.0,1861,1492.62,476416,0.36518216133117676,7558.936242675782,5624.08837890625,-0.0016206500586122274,0.3,0.0003,0.0010958246,18600,-1.3881090521812438,0.0
500,951,200.0,1862,1497.7,476672,0.42707759141921997,13435.733337402344,5930.78271484375,-0.002338363160379231,0.3,0.0003,0.0067451503,18610,-1.6219187080860138,0.000390625
501,951,200.0,1863,1513.32,476928,0.4570045471191406,6077.189752197266,3226.886962890625,-0.002247067866846919,0.3,0.0003,0.0036080745,18620,-1.4010914027690888,0.0
501,951,200.0,1864,1507.97,477184,0.26682472229003906,7970.275317382812,2649.050537109375,-0.00017512812046334149,0.3,0.0003,0.00061207893,18630,-1.5610342621803284,0.0
501,951,200.0,1865,1510.11,477440,0.046726226806640625,18273.137451171875,11053.7529296875,-0.002215909888036549,0.3,0.0003,0.0006504599,18640,-1.6464241027832032,0.0
501,951,200.0,1866,1518.85,477696,0.4780644178390503,12606.609704589844,9682.2021484375,-0.000882983417250216,0.3,0.0003,0.00035389722,18650,-1.572156971693039,0.0
502,951,200.0,1867,1515.13,477952,-0.11677634716033936,23507.28134765625,11033.84765625,-0.004026154475286603,0.3,0.0003,0.0006251375,18660,-1.3235291600227357,0.0
502,951,200.0,1868,1503.47,478208,0.7088016867637634,1075.4048095703124,437.133056640625,-0.006755162414629012,0.3,0.0003,0.00567457,18670,-1.6063634276390075,0.00234375
502,951,200.0,1869,1503.12,478464,-0.008180379867553711,21306.130517578124,10069.234375,0.0009484066627919674,0.3,0.0003,0.0018949709,18680,-1.6562193512916565,0.0
503,951,200.0,1870,1499.52,478720,0.1514672040939331,23829.403076171875,16707.197265625,-0.002051117504015565,0.3,0.0003,0.00082746265,18690,-1.6463127613067627,0.0
503,951,200.0,1871,1493.07,478976,0.2069312334060669,10857.706121826172,2965.90869140625,-0.0009945451514795423,0.3,0.0003,0.0010002204,18700,-1.2521065294742584,0.0
503,951,200.0,1872,1480.92,479232,0.3855120539665222,1866.5575744628907,912.4155883789062,-0.005550680658780038,0.3,0.0003,0.0023997165,18710,-1.6387071192264557,0.0
503,951,200.0,1873,1489.06,479488,0.18634432554244995,22095.8140625,10681.642578125,0.00040566553361713885,0.3,0.0003,0.0008367591,18720,-1.3293936014175416,0.0
504,951,200.0,1874,1492.33,479744,-0.048833370208740234,18980.29719238281,13889.234375,-0.0015538337640464306,0.3,0.0003,0.0005517679,18730,-1.6249393105506897,0.0
504,951,200.0,1875,1487.41,480000,0.32208776473999023,10210.87421875,5857.091796875,-0.00040744985453784467,0.3,0.0003,0.00016273279,18740,-1.6532468259334565,0.0
504,951,200.0,1876,1483.1,480256,0.3219558596611023,14375.636767578126,7747.5810546875,-0.0022115494590252637,0.3,0.0003,0.0011382727,18750,-1.3486116886138917,0.000390625
504,951,200.0,1877,1481.43,480512,0.4912307858467102,11639.257104492188,8250.044921875,-0.002404055360238999,0.3,0.0003,0.002436554,18760,-1.393605786561966,0.00234375
505,951,200.0,1878,1473.79,480768,0.5379359722137451,5389.655032348633,4398.38671875,-0.003089423559140414,0.3,0.0003,0.010716806,18770,-1.586314308643341,0.011328125
505,951,200.0,1879,1479.56,481024,0.5434393882751465,6670.826806640625,3589.81005859375,-0.003531133197247982,0.3,0.0003,0.0059277494,18780,-1.563980096578598,0.0015625
505,951,200.0,1880,1474.17,481280,0.2829376459121704,18773.5134765625,15046.181640625,-0.001844661927316338,0.3,0.0003,0.0010247652,18790,-1.57173290848732,0.0
505,951,200.0,1881,1477.51,481536,0.04524075984954834,16201.02628173828,11971.9072265625,-0.00016448127571493386,0.3,0.0003,4.7726324e-05,18800,-1.5513466477394104,0.0
506,951,200.0,1882,1496.69,481792,0.47720783948898315,8386.866040039062,2223.535888671875,-0.002159769902937114,0.3,0.0003,0.00085874856,18810,-1.5411341071128846,0.0
506,951,200.0,1883,1492.63,482048,0.5727044343948364,6093.780688476562,5146.27734375,-0.0008744388003833592,0.3,0.0003,0.0008194116,18820,-1.3439928233623504,0.0
506,951,200.0,1884,1477.39,482304,0.31513214111328125,18499.954638671876,6593.32470703125,-0.003805187251418829,0.3,0.0003,0.0019230584,18830,-1.4560539662837981,0.0
506,951,200.0,1885,1482.58,482560,0.49753981828689575,7048.96484375,799.0065307617188,-0.003340067167300731,0.3,0.0003,0.0017666768,18840,-1.3566235899925232,0.0
507,951,200.0,1886,1479.6,482816,0.47092002630233765,7843.7896484375,2571.701171875,-0.001019221660681069,0.3,0.0003,0.0013926819,18850,-1.4675360918045044,0.0
507,951,200.0,1887,1466.81,483072,0.30465519428253174,10738.764819335938,5278.2685546875,-0.006075772951589897,0.3,0.0003,0.0023762875,18860,-1.4726195096969605,0.001953125
507,951,200.0,1888,1467.47,483328,0.06330466270446777,12111.06435546875,5550.5859375,-0.00048433749470859765,0.3,0.0003,0.00242156,18870,-1.4860980689525605,0.0
508,951,200.0,1889,1480.62,483584,0.3489827513694763,8342.928399658203,2615.65869140625,-0.00026773617137223484,0.3,0.0003,0.0009032097,18880,-1.3260304391384126,0.0
508,951,200.0,1890,1477.29,483840,0.45389091968536377,7297.317895507813,1475.1373291015625,-0.0033273694396484645,0.3,0.0003,0.0072027063,18890,-1.371491003036499,0.0109375
508,951,200.0,1891,1468.61,484096,0.45172375440597534,11734.45888671875,7773.431640625,-0.001106636761687696,0.3,0.0003,0.0013707818,18900,-1.4251610457897186,0.0
508,951,200.0,1892,1490.9,484352,0.47940146923065186,9001.468566894531,4854.359375,-0.001999994576908648,0.3,0.0003,0.0016316592,18910,-1.18198903799057,0.001171875
509,951,200.0,1893,1466.56,484608,0.3208855986595154,2473.6852416992188,712.8228149414062,-0.020085220457985997,0.3,0.0003,0.035833776,18920,-1.4617057383060454,0.06796875
509,951,200.0,1894,1480.45,484864,0.3741779923439026,8547.603002929687,4944.65771484375,0.0012912234757095574,0.3,0.0003,0.0018999833,18930,-1.4493329226970673,0.0
509,951,200.0,1895,1470.65,485120,0.5469076037406921,6061.519296264649,4284.76513671875,-0.001931837759912014,0.3,0.0003,0.001635442,18940,-1.4493554711341858,0.0
509,951,200.0,1896,1470.11,485376,0.21295660734176636,12348.008447265625,6064.22265625,0.0006106398534029723,0.3,0.0003,0.0010288539,18950,-1.3670989573001862,0.0
510,951,200.0,1897,1490.16,485632,0.4498921036720276,8397.036169433593,5492.119140625,-0.0022487447829917075,0.3,0.0003,0.0025495093,18960,-1.4657081604003905,0.0
510,951,200.0,1898,1492.16,485888,0.508941650390625,10601.502722167968,6581.2158203125,-0.0007605581660754979,0.3,0.0003,0.0016989175,18970,-1.2424727916717528,0.0
510,951,200.0,1899,1494.66,486144,0.35310590267181396,10316.45859375,4142.09033203125,-0.004459781150217168,0.3,0.0003,0.012676742,18980,-1.1918201506137849,0.024609375
510,951,200.0,1900,1520.65,486400,0.5112670660018921,8262.157885742188,4071.39208984375,-0.004565082164481283,0.3,0.0003,0.005026702,18990,-1.446874725818634,0.01875
511,952,200.0,1901,1522.82,486656,0.4846656322479248,6973.201672363281,5634.04052734375,-0.006141402875073254,0.3,0.0003,0.0063796695,19000,-1.3267557859420775,0.031640625
511,952,200.0,1902,1511.22,486912,0.17506355047225952,26409.879296875,6037.88818359375,-0.00015073977410793305,0.3,0.0003,0.003265988,19010,-1.3978500247001648,0.004296875
511,952,200.0,1903,1510.3,487168,0.4279944896697998,8777.35408935547,6214.1748046875,-0.00029555577784776685,0.3,0.0003,0.00016962853,19020,-1.3584778547286986,0.0
511,952,200.0,1904,1512.13,487424,0.4796346426010132,7362.7001953125,4743.83251953125,-0.004736826615408063,0.3,0.0003,0.0030276538,19030,-1.3787443816661835,0.002734375
512,952,200.0,1905,1508.56,487680,0.47236382961273193,11521.740478515625,2214.091796875,-0.00337706976570189,0.3,0.0003,0.0034077,19040,-1.5305265665054322,0.001953125
512,952,200.0,1906,1524.47,487936,0.5105788111686707,7658.335412597657,6142.435546875,-0.00196183230727911,0.3,0.0003,0.003018299,19050,-1.4997569918632507,0.00625
512,952,200.0,1907,1537.11,488192,0.42435723543167114,7980.324536132813,2845.895751953125,-0.008182190614752472,0.3,0.0003,0.014417582,19060,-1.4721363544464112,0.025
513,952,200.0,1908,1544.64,488448,0.03858208656311035,19615.988037109375,6286.85107421875,-0.0011343904305249452,0.3,0.0003,0.0016296015,19070,-1.5662433445453643,0.0
513,952,200.0,1909,1561.89,488704,0.18974995613098145,26078.996484375,12457.2734375,0.00011279548052698374,0.3,0.0003,0.000120077515,19080,-1.4135566830635071,0.0
513,952,200.0,1910,1547.58,488960,0.6306053996086121,1775.1765228271483,1016.9801025390625,-0.005480241868644953,0.3,0.0003,0.002739615,19090,-1.4991268992424012,0.000390625
513,952,200.0,1911,1554.17,489216,0.1118694543838501,24420.929296875,9158.9482421875,-0.0005831661866977811,0.3,0.0003,0.001752195,19100,-1.33965522646904,0.0
514,952,200.0,1912,1543.49,489472,0.44136613607406616,13762.111083984375,5519.32275390625,-0.0027759286807850004,0.3,0.0003,0.007602944,19110,-1.3017939448356628,0.01171875
514,952,200.0,1913,1532.3,489728,0.22247278690338135,11599.86466064453,3344.09716796875,2.3051584139466286e-05,0.3,0.0003,0.0019433601,19120,-1.252946424484253,0.0
514,952,200.0,1914,1520.48,489984,0.4769405126571655,6708.942431640625,2338.63037109375,-0.0006499030161648989,0.3,0.0003,0.00025632768,19130,-1.4932263851165772,0.0
514,952,200.0,1915,1518.37,490240,0.48412781953811646,7555.351397705078,3834.896484375,-0.006111049768514931,0.3,0.0003,0.012877562,19140,-1.2408835232257842,0.03671875
515,952,200.0,1916,1512.5,490496,0.00975567102432251,32823.62548828125,20351.951171875,-0.007234595343470573,0.3,0.0003,0.0032582239,19150,-1.48802307844162,0.003125
515,952,200.0,1917,1517.48,490752,0.29290032386779785,7803.898602294922,5672.763671875,-0.0017453724285587668,0.3,0.0003,0.0017058663,19160,-1.4231383681297303,0.000390625
515,952,200.0,1918,1552.66,491008,0.46972018480300903,8089.318859863281,2990.587646484375,-0.000227523862849921,0.3,0.0003,0.0029719807,19170,-1.4198952496051789,0.0
515,952,200.0,1919,1553.56,491264,0.4327141046524048,12585.052185058594,4815.43017578125,-0.007353868195787072,0.3,0.0003,0.004582572,19180,-1.5050762355327607,0.006640625
516,952,200.0,1920,1568.68,491520,0.4062981605529785,7959.663647460938,1785.923095703125,-0.0035965834278613327,0.3,0.0003,0.006312463,19190,-1.4582132399082184,0.004296875
516,952,200.0,1921,1574.95,491776,0.4417034387588501,7141.451342773437,997.357177734375,-0.008407559874467552,0.3,0.0003,0.00678787,19200,-1.5245268225669861,0.001953125
516,952,200.0,1922,1589.71,492032,0.21508532762527466,3249.229528808594,1307.5001220703125,-0.007771970354951918,0.3,0.0003,0.008876373,19210,-1.5563213169574737,0.007421875
516,952,200.0,1923,1595.08,492288,0.42895936965942383,14948.97529296875,7020.62841796875,-0.003701926302164793,0.3,0.0003,0.002574535,19220,-1.2621013879776002,0.00234375
517,952,200.0,1924,1597.92,492544,0.3625640273094177,11162.878686523438,4968.58203125,0.00020840918878093362,0.3,0.0003,1.1188909e-05,19230,-1.3994048714637757,0.0
517,952,200.0,1925,1613.35,492800,0.26841676235198975,12326.351049804687,8193.5107421875,-0.0009733537677675486,0.3,0.0003,0.0002695024,19240,-1.4274511277675628,0.0
517,952,200.0,1926,1596.88,493056,0.36615920066833496,9741.537548828124,4681.837890625,-0.010516818752512336,0.3,0.0003,0.0031914492,19250,-1.5462905883789062,0.0046875
518,952,200.0,1927,1587.2,493312,-0.10332143306732178,25143.9587890625,19928.08203125,-0.0037298321723937987,0.3,0.0003,0.0016793327,19260,-1.6023131966590882,0.0
518,952,200.0,1928,1599.1,493568,0.36655449867248535,10599.112854003906,6458.07958984375,-0.004634646605700255,0.3,0.0003,0.0017226795,19270,-1.4446316003799438,0.0
518,952,200.0,1929,1598.09,493824,0.36774909496307373,10083.075524902344,3574.731201171875,-0.007350911782123148,0.3,0.0003,0.0033913404,19280,-1.559038382768631,0.000390625
518,952,200.0,1930,1585.64,494080,0.269710898399353,17009.962109375,12100.5615234375,-0.003467690059915185,0.3,0.0003,0.0037131065,19290,-1.4011672973632812,0.01171875
519,952,200.0,1931,1588.83,494336,0.5000046491622925,7632.504296875,4587.658203125,-0.0010943119763396681,0.3,0.0003,0.0003600244,19300,-1.442654901742935,0.0
519,952,200.0,1932,1575.65,494592,0.43196725845336914,6475.242193603515,5666.03662109375,-0.006851740647107363,0.3,0.0003,0.012195542,19310,-1.4692280173301697,0.03359375
519,952,200.0,1933,1559.11,494848,0.4504527449607849,6508.04677734375,2966.775390625,0.0006908012554049491,0.3,0.0003,0.00059450394,19320,-1.5144375205039977,0.0
519,952,200.0,1934,1559.28,495104,0.36579227447509766,16151.137719726563,4142.162109375,-0.0028238130733370783,0.3,0.0003,0.0011693446,19330,-1.5561588525772094,0.0
520,952,200.0,1935,1554.02,495360,-0.23984897136688232,4862.149438476563,2612.1435546875,-0.00100919499527663,0.3,0.0003,0.0004021353,19340,-1.5285947144031524,0.0
520,952,200.0,1936,1571.38,495616,0.600441575050354,7671.869213867188,5337.9208984375,-0.005871154740452767,0.3,0.0003,0.0041795843,19350,-1.6251223266124726,0.00234375
520,952,200.0,1937,1549.49,495872,0.13307255506515503,16061.498486328124,5423.654296875,-0.009701973712071776,0.3,0.0003,0.010517505,19360,-1.5222100079059602,0.014453125
520,952,200.0,1938,1541.94,496128,0.513633668422699,8599.89844970703,4983.36181640625,-0.005052220425568521,0.3,0.0003,0.0039717183,19370,-1.6201077163219453,0.00078125
521,952,200.0,1939,1539.73,496384,0.12705481052398682,12772.944555664062,6761.7080078125,-0.0015262974658980966,0.3,0.0003,0.0017279775,19380,-1.5227453589439393,0.0
521,952,200.0,1940,1540.56,496640,0.5499823093414307,7052.237640380859,3800.939697265625,-0.009352136612869799,0.3,0.0003,0.015875299,19390,-1.48887380361557,0.028125
521,952,200.0,1941,1538.07,496896,0.3409883975982666,18303.02897949219,7541.12939453125,-0.0024279344361275434,0.3,0.0003,0.001951975,19400,-1.5691507577896118,0.002734375
522,952,200.0,1942,1539.81,497152,0.42396944761276245,6707.193084716797,3986.556884765625,-0.00022442289628088474,0.3,0.0003,0.00031592185,19410,-1.4426881968975067,0.0
522,952,200.0,1943,1536.28,497408,0.48673421144485474,6394.764378356934,2071.603271484375,0.00035061061498709023,0.3,0.0003,0.00047179032,19420,-1.3094902515411377,0.0
522,952,200.0,1944,1525.5,497664,0.46997278928756714,13118.241479492188,6072.234375,-0.004889874649234116,0.3,0.0003,0.013583458,19430,-1.4002862453460694,0.012890625
522,952,200.0,1945,1526.25,497920,0.39542824029922485,7029.097668457031,1789.795166015625,-0.004541931324638426,0.3,0.0003,0.010219784,19440,-1.4369942605495454,0.022265625
523,952,200.0,1946,1532.03,498176,0.4073811173439026,7062.369494628906,4648.24365234375,-0.0007076852372847498,0.3,0.0003,0.0004564831,19450,-1.5584354043006896,0.0
523,952,200.0,1947,1521.46,498432,0.3541065454483032,7683.3079284667965,6358.14599609375,-0.00022527540568262339,0.3,0.0003,0.00033213245,19460,-1.2441218197345734,0.0
523,952,200.0,1948,1521.81,498688,0.4826311469078064,11698.363903808593,9197.1728515625,-0.0003767374320887029,0.3,0.0003,0.00011553173,19470,-1.546944522857666,0.0
523,952,200.0,1949,1522.68,498944,0.45706063508987427,8034.155603027344,838.9058227539062,-0.0030760779744014146,0.3,0.0003,0.0055842586,19480,-1.4305145800113679,0.001953125
524,952,200.0,1950,1523.92,499200,0.025573432445526123,3113.246966552734,883.5678100585938,-0.004137588746380061,0.3,0.0003,0.005917675,19490,-1.5574865221977234,0.003125
524,952,200.0,1951,1515.87,499456,0.17780673503875732,10171.946173095703,5577.0126953125,-0.000558960740454495,0.3,0.0003,0.00018288661,19500,-1.4705071330070496,0.0
524,952,200.0,1952,1519.18,499712,0.0962335467338562,32902.98481445313,16956.19921875,-0.001368443330284208,0.3,0.0003,0.00035828026,19510,-1.6502801179885864,0.0
524,952,200.0,1953,1520.98,499968,0.6237448453903198,5105.681512451172,288.7413330078125,-0.006694268831051886,0.3,0.0003,0.013060298,19520,-1.653822761774063,0.016015625
525,952,200.0,1954,1526.03,500224,0.5109850764274597,7439.519982910157,6420.14990234375,-0.005442359508015216,0.3,0.0003,0.009005046,19530,-1.5571476340293884,0.00390625
525,952,200.0,1955,1519.25,500480,0.5057107210159302,6496.7380859375,2501.453857421875,-0.0018112092278897763,0.3,0.0003,0.0023627942,19540,-1.5760482013225556,0.000390625
525,952,200.0,1956,1516.99,500736,0.381062388420105,7220.880212402344,3155.094970703125,-0.0013394798850640654,0.3,0.0003,0.0012209443,19550,-1.6707047402858735,0.000390625
526,952,200.0,1957,1507.22,500992,0.15390175580978394,13075.383203125,5428.09228515625,-0.0011681012227199971,0.3,0.0003,0.0022273075,19560,-1.609034824371338,0.0
526,952,200.0,1958,1504.3,501248,0.5528161525726318,5230.117041015625,4738.87646484375,-0.011659600504208356,0.3,0.0003,0.024234217,19570,-1.4846030831336976,0.034765625
526,952,200.0,1959,1503.45,501504,0.4944480061531067,11338.168200683594,5743.07373046875,-0.000554906134493649,0.3,0.0003,0.0010650288,19580,-1.487210649251938,0.0
526,952,200.0,1960,1499.11,501760,0.5027031898498535,7554.84204711914,4888.6640625,-0.0017337057972326875,0.3,0.0003,0.0014241876,19590,-1.4817948400974275,0.0
527,952,200.0,1961,1501.44,502016,0.5946475267410278,5836.292514038086,2410.271484375,-0.004639518959447741,0.3,0.0003,0.005015571,19600,-1.3248114705085754,0.004296875
527,952,200.0,1962,1501.37,502272,0.35548537969589233,15828.958618164062,9447.8837890625,0.0014507235027849674,0.3,0.0003,0.0002747348,19610,-1.4224408388137817,0.0
527,952,200.0,1963,1491.19,502528,0.10869407653808594,17246.18271484375,10109.1787109375,-0.0054032619344070556,0.3,0.0003,0.002162883,19620,-1.4577140629291534,0.000390625
528,952,200.0,1964,1480.33,502784,0.4228607416152954,7131.3487548828125,1730.0076904296875,-0.0018218177719973028,0.3,0.0003,0.0014936561,19630,-1.4470835208892823,0.0
528,952,200.0,1965,1518.59,503040,0.4499313235282898,6424.464669799805,3400.153564453125,-4.3901056051254274e-05,0.3,0.0003,0.00027180673,19640,-1.4049865782260895,0.0
528,952,200.0,1966,1523.16,503296,0.4252023696899414,12389.53525390625,3938.40869140625,-0.0010300272959284484,0.3,0.0003,0.0010858628,19650,-1.4176215887069703,0.0
528,952,200.0,1967,1508.21,503552,0.592803955078125,4946.862771606446,1586.313720703125,-0.0033611456397920846,0.3,0.0003,0.007783572,19660,-1.4212620198726653,0.009375
529,952,200.0,1968,1505.31,503808,0.4902998208999634,7205.1693115234375,3070.22900390625,-0.0019818568136543034,0.3,0.0003,0.0026380285,19670,-1.4059059202671051,0.0
529,952,200.0,1969,1516.56,504064,0.49094927310943604,10834.566967773437,6689.8662109375,-0.0004028152907267213,0.3,0.0003,0.00029629888,19680,-1.328138953447342,0.0
529,952,200.0,1970,1505.45,504320,0.15974313020706177,12959.1482421875,3594.966064453125,-0.001698734099045396,0.3,0.0003,0.0006942516,19690,-1.378264445066452,0.0
529,952,200.0,1971,1509.73,504576,0.3606948256492615,9602.802026367188,3015.759033203125,-0.0012846230063587427,0.3,0.0003,0.00042691128,19700,-1.6184356331825256,0.0
530,952,200.0,1972,1504.26,504832,0.36651450395584106,11257.632592773438,2763.6279296875,-0.0033389873278792948,0.3,0.0003,0.0013420042,19710,-1.6433088839054109,0.0
530,952,200.0,1973,1505.84,505088,0.5242570638656616,11604.899133300782,6600.587890625,-0.0006235351320356131,0.3,0.0003,0.000562028,19720,-1.6496698677539825,0.0
530,952,200.0,1974,1504.36,505344,0.4410601258277893,2270.613934326172,811.7711181640625,-0.0030742462491616606,0.3,0.0003,0.0018786713,19730,-1.5580484449863434,0.0
530,952,200.0,1975,1509.19,505600,0.08600199222564697,29870.995166015626,19809.36328125,-0.0018347167642787099,0.3,0.0003,0.0023285646,19740,-1.4699753284454347,0.0
531,952,200.0,1976,1506.8,505856,0.5104997158050537,8816.674279785157,4239.77880859375,-0.002529044891707599,0.3,0.0003,0.0016242594,19750,-1.4817265391349792,0.0
531,952,200.0,1977,1508.86,506112,0.4663184881210327,11715.4689453125,4847.20361328125,-0.00011633075773715973,0.3,0.0003,0.00071016257,19760,-1.3602187395095826,0.0
531,952,200.0,1978,1498.76,506368,0.046845972537994385,15610.186889648438,4357.5771484375,8.3674379857257e-05,0.3,0.0003,8.945516e-05,19770,-1.3420299410820007,0.0
532,952,200.0,1979,1497.95,506624,0.21685469150543213,10832.336889648437,3965.72900390625,-0.0004169590072706342,0.3,0.0003,0.000105399406,19780,-1.5321613788604735,0.0
532,952,200.0,1980,1501.3,506880,0.537883996963501,9736.258422851562,6292.1796875,-0.005146010941825807,0.3,0.0003,0.017705146,19790,-1.2467347860336304,0.02890625
532,952,200.0,1981,1506.24,507136,0.4390965700149536,6742.654974365234,2030.6807861328125,-0.00019048373214900494,0.3,0.0003,0.0010632512,19800,-1.4796590387821198,0.0
532,952,200.0,1982,1517.51,507392,0.561862587928772,6477.323028564453,3966.624755859375,-0.0006777785951271653,0.3,0.0003,0.0005283195,19810,-1.4194072604179382,0.0
533,952,200.0,1983,1519.05,507648,0.31405460834503174,10557.51953125,7002.041015625,-0.011777668143622577,0.3,0.0003,0.007546639,19820,-1.5250726759433746,0.00859375
533,952,200.0,1984,1507.28,507904,-0.04112374782562256,35444.68544921875,14430.87109375,-0.0011515691876411438,0.3,0.0003,0.0006939776,19830,-1.5375798881053924,0.0
533,952,200.0,1985,1497.58,508160,0.5188148021697998,6563.542337036133,394.3584899902344,-0.0005193477496504784,0.3,0.0003,0.00014197035,19840,-1.5161518990993499,0.0
533,952,200.0,1986,1509.88,508416,0.5862302780151367,7331.6451416015625,3024.211669921875,-0.004608596488833427,0.3,0.0003,0.004559681,19850,-1.4022839069366455,0.00390625
534,952,200.0,1987,1503.22,508672,0.4673289656639099,13967.021118164062,6715.56298828125,-0.0030402273638173937,0.3,0.0003,0.017113894,19860,-1.413623607158661,0.04140625
534,952,200.0,1988,1500.85,508928,0.3474777340888977,11141.652490234375,6172.4697265625,-0.0007307842606678605,0.3,0.0003,0.00046016718,19870,-1.574245810508728,0.0
534,952,200.0,1989,1501.26,509184,0.553678035736084,6117.571435546875,3987.45458984375,-0.00547271161340177,0.3,0.0003,0.0045722425,19880,-1.4929549992084503,0.012109375
534,952,200.0,1990,1493.45,509440,0.47198837995529175,6321.368760681153,1936.203857421875,-0.007992398622445763,0.3,0.0003,0.027440988,19890,-1.4087869942188262,0.071484375
535,952,200.0,1991,1500.6,509696,0.11195337772369385,32033.0451171875,16258.1884765625,-0.0012822600081562995,0.3,0.0003,0.0009415159,19900,-1.457046592235565,0.0
535,952,200.0,1992,1504.74,509952,0.33429962396621704,9802.84013671875,3761.51904296875,-0.007568725780583918,0.3,0.0003,0.0030678203,19910,-1.6372829496860504,0.00078125
535,952,200.0,1993,1491.62,510208,0.35131514072418213,9723.667333984375,4587.994140625,-0.005868203430145514,0.3,0.0003,0.0057479255,19920,-1.605950379371643,0.0015625
536,952,200.0,1994,1502.66,510464,0.38105350732803345,8061.07939453125,4145.04345703125,-0.005048197996802628,0.3,0.0003,0.0023011663,19930,-1.705000114440918,0.000390625
536,952,200.0,1995,1488.31,510720,0.5084857940673828,7011.574792480469,3959.03076171875,-0.0023239566944539547,0.3,0.0003,0.0015529082,19940,-1.5729414641857147,0.0
536,952,200.0,1996,1467.13,510976,0.4628681540489197,6537.193090820312,5071.96337890625,-0.002068477752618492,0.3,0.0003,0.0008372036,19950,-1.2213617205619811,0.0
536,952,200.0,1997,1456.08,511232,0.2658039331436157,8957.016528320313,4101.6220703125,-0.0016205195628572256,0.3,0.0003,0.0036755975,19960,-1.3268339097499848,0.0
537,952,200.0,1998,1456.19,511488,0.26147526502609253,17454.114306640626,5305.74462890625,-0.0024811916053295137,0.3,0.0003,0.0008638459,19970,-1.6069240510463714,0.0
537,952,200.0,1999,1450.11,511744,0.5482989549636841,6644.892248535156,500.0416259765625,-0.0022277415962889792,0.3,0.0003,0.0021994277,19980,-1.4953194200992583,0.0
537,952,200.0,2000,1466.94,512000,0.5538570284843445,6902.204382324218,4172.47998046875,-0.0017209269339218737,0.3,0.0003,0.0014078796,19990,-1.4967830419540404,0.0
537,952,200.0,2001,1477.3,512256,-0.11422252655029297,25686.487158203126,6804.181640625,-0.0054395296494476495,0.3,0.0003,0.002652658,20000,-1.5215725898742676,0.000390625
538,952,200.0,2002,1468.74,512512,0.18194985389709473,23539.134033203125,14986.7900390625,-0.008685405272990466,0.3,0.0003,0.004286526,20010,-1.5631529092788696,0.009375
538,952,200.0,2003,1466.06,512768,0.014815092086791992,15296.41171875,6649.76123046875,-0.0007772159762680531,0.3,0.0003,0.0001294897,20020,-1.5560459434986114,0.0
538,952,200.0,2004,1482.81,513024,0.5090622901916504,7405.095190429687,1983.799560546875,-0.00263107925420627,0.3,0.0003,0.0020661778,20030,-1.4745309948921204,0.0
538,952,200.0,2005,1474.97,513280,0.41021889448165894,15604.131689453125,5969.32861328125,-0.0008991471258923411,0.3,0.0003,0.0016732845,20040,-1.6936130046844482,0.0
539,952,200.0,2006,1473.63,513536,0.39643537998199463,3004.0129577636717,776.1303100585938,-0.0021330398973077535,0.3,0.0003,0.000613817,20050,-1.5181763112545013,0.0
539,952,200.0,2007,1472.44,513792,0.16885894536972046,27600.4947265625,19976.0625,-0.0032649214379489424,0.3,0.0003,0.001065175,20060,-1.2700571298599244,0.0
539,952,200.0,2008,1469.48,514048,0.4563421607017517,1871.8674926757812,510.74261474609375,-0.005478601064532995,0.3,0.0003,0.005369199,20070,-1.525614506006241,0.00234375
540,952,200.0,2009,1470.07,514304,0.17303746938705444,14243.123474121094,7137.4130859375,-0.005788054643198847,0.3,0.0003,0.0068681,20080,-1.5472694754600524,0.006640625
540,952,200.0,2010,1471.07,514560,0.13601863384246826,18867.834375,4688.4248046875,-0.0011492104036733507,0.3,0.0003,0.0007134252,20090,-1.386462277173996,0.0
540,952,200.0,2011,1470.75,514816,-0.5756750106811523,3253.533807373047,996.203369140625,-0.0022197973215952516,0.3,0.0003,0.0038777047,20100,-1.27501722574234,0.0
540,952,200.0,2012,1476.63,515072,0.11850649118423462,30847.8525390625,13539.970703125,0.00047173593193292616,0.3,0.0003,0.0014908158,20110,-1.5301250159740447,0.0
541,952,200.0,2013,1462.52,515328,0.47825902700424194,3481.093634033203,1000.9197998046875,-0.003298617573454976,0.3,0.0003,0.002406841,20120,-1.6175316870212555,0.000390625
541,952,200.0,2014,1454.36,515584,0.5811817646026611,7552.720849609375,4344.2158203125,-0.0002896131831221282,0.3,0.0003,0.00077085337,20130,-1.8826111853122711,0.0
541,952,200.0,2015,1473.36,515840,0.5166323184967041,5790.518551635742,3309.35205078125,-0.0031517651630565526,0.3,0.0003,0.010827918,20140,-1.278602534532547,0.012109375
541,952,200.0,2016,1477.74,516096,0.11141473054885864,31315.81591796875,14649.771484375,-0.0004220298025757074,0.3,0.0003,0.0021904132,20150,-1.4563895285129547,0.0
542,952,200.0,2017,1480.34,516352,0.5278199911117554,5990.935034179687,3811.177734375,-0.0017266779439523816,0.3,0.0003,0.0075990083,20160,-1.413446307182312,0.00625
542,952,200.0,2018,1461.54,516608,-0.3425709009170532,4430.586560058594,1858.0118408203125,-0.009562428225763142,0.3,0.0003,0.00812258,20170,-1.563213735818863,0.008984375
542,952,200.0,2019,1461.75,516864,0.5520461797714233,6054.846618652344,3054.85302734375,-0.0014833718712907284,0.3,0.0003,0.0014183985,20180,-1.3511041820049285,0.0
542,952,200.0,2020,1467.66,517120,0.4739980697631836,10418.470050048829,7642.7978515625,-0.0021521224407479167,0.3,0.0003,0.006070843,20190,-1.3421128034591674,0.004296875
543,952,200.0,2021,1467.39,517376,0.5437860488891602,6001.826257324219,3946.587646484375,-0.001130986725911498,0.3,0.0003,0.0008278503,20200,-1.5751960337162019,0.0
543,952,200.0,2022,1474.92,517632,0.23502391576766968,12119.998419189453,3637.255859375,-0.0018430863507091998,0.3,0.0003,0.0017462948,20210,-1.5121348559856416,0.0
543,952,200.0,2023,1468.09,517888,0.36329203844070435,13695.9943359375,4943.40185546875,-0.0012801467790268361,0.3,0.0003,0.0027172845,20220,-1.1699231564998627,0.00078125
544,952,200.0,2024,1465.1,518144,-0.0074923038482666016,25655.052685546874,6692.56005859375,-0.001307735498994589,0.3,0.0003,0.00034523197,20230,-1.3901862919330596,0.0
544,952,200.0,2025,1459.97,518400,0.09074282646179199,13791.748217773438,3555.543701171875,-8.447673171758651e-05,0.3,0.0003,3.306754e-05,20240,-1.2664316654205323,0.0
544,952,200.0,2026,1454.28,518656,-0.07440567016601562,3740.7192199707033,1855.5501708984375,-0.002284078858792782,0.3,0.0003,0.0013116661,20250,-1.3057905435562134,0.0
544,952,200.0,2027,1455.68,518912,0.5089915990829468,10231.287036132813,4927.3984375,-0.000593958725221455,0.3,0.0003,0.0013574171,20260,-1.1643493711948394,0.0
545,952,200.0,2028,1466.79,519168,0.5018151998519897,6631.09697265625,2936.31494140625,-0.0013871860224753617,0.3,0.0003,0.0019223744,20270,-1.3575647830963136,0.0
545,952,200.0,2029,1463.28,519424,0.37685495615005493,7687.525463867188,2694.453369140625,-0.002346780034713447,0.3,0.0003,0.0069518397,20280,-1.2259260952472686,0.011328125
545,952,200.0,2030,1463.31,519680,0.3974877595901489,16890.055859375,8957.52734375,-0.0014913428691215812,0.3,0.0003,0.0015524733,20290,-1.0468646973371505,0.0
545,952,200.0,2031,1470.73,519936,0.5318233966827393,7900.636865234375,3364.340576171875,-0.0013214851263910533,0.3,0.0003,0.000725158,20300,-1.2922035336494446,0.0
546,952,200.0,2032,1454.71,520192,0.23345357179641724,3172.5634216308595,1131.512451171875,-0.005093591834884137,0.3,0.0003,0.0047565717,20310,-1.5744841396808624,0.00546875
546,952,200.0,2033,1469.97,520448,0.08858144283294678,10288.235302734374,2491.869873046875,-0.0002672104863449931,0.3,0.0003,0.00051505934,20320,-1.3188004970550538,0.0
546,952,200.0,2034,1474.5,520704,0.22227150201797485,13697.9814453125,10594.751953125,-2.985487226396799e-05,0.3,0.0003,8.442486e-05,20330,-1.2022047638893127,0.0
547,952,200.0,2035,1478.84,520960,0.45027172565460205,7462.776824951172,2747.686767578125,-0.0020640771952457728,0.3,0.0003,0.0032052365,20340,-1.2791658580303191,0.00078125
547,952,200.0,2036,1483.74,521216,0.12225747108459473,13615.279638671875,7700.04052734375,-0.001972468802705407,0.3,0.0003,0.0016375163,20350,-1.4581268966197967,0.0
547,952,200.0,2037,1463.66,521472,0.3246542811393738,8415.431341552734,3778.116943359375,-0.0012719487305730582,0.3,0.0003,0.00085557485,20360,-1.2969931542873383,0.0
547,952,200.0,2038,1455.55,521728,0.06626838445663452,23234.170166015625,10323.169921875,-0.002847863733768463,0.3,0.0003,0.0016717368,20370,-1.431222641468048,0.0
548,952,200.0,2039,1459.16,521984,0.31468284130096436,11071.226599121093,9603.205078125,-0.008011724101379514,0.3,0.0003,0.0110095125,20380,-1.6240927815437316,0.0265625
548,952,200.0,2040,1464.93,522240,0.43425774574279785,6633.3024230957035,5902.328125,-0.0031537139788269998,0.3,0.0003,0.0070833527,20390,-1.343429261445999,0.01015625
548,952,200.0,2041,1463.0,522496,0.38095229864120483,13819.435595703126,8109.4296875,-0.001088161626830697,0.3,0.0003,0.0009787648,20400,-1.1936150729656219,0.0
548,952,200.0,2042,1460.41,522752,0.4354704022407532,7152.976696777344,3742.0263671875,4.3638818897306916e-05,0.3,0.0003,6.783637e-05,20410,-0.732620021700859,0.0
549,952,200.0,2043,1449.33,523008,0.3016062378883362,10574.403381347656,8440.037109375,-0.00607774592936039,0.3,0.0003,0.0027944692,20420,-1.36036656498909,0.001171875
549,952,200.0,2044,1441.76,523264,0.5516104698181152,9968.212673950195,6338.6064453125,-0.0016393751138821244,0.3,0.0003,0.0016044129,20430,-1.2387780547142029,0.00078125
549,952,200.0,2045,1443.44,523520,0.40607231855392456,7490.951306152344,1171.2178955078125,-0.0012489310931414366,0.3,0.0003,0.0009982442,20440,-1.5081228494644165,0.0
549,952,200.0,2046,1443.15,523776,0.5610065460205078,6456.081414794922,3173.229736328125,-3.521441831253469e-05,0.3,0.0003,0.00016604387,20450,-1.3315463066101074,0.0
550,952,200.0,2047,1451.89,524032,0.5367538928985596,7198.099969482422,5737.7529296875,-0.004724444996099919,0.3,0.0003,0.011531619,20460,-1.4969114303588866,0.015625
550,952,200.0,2048,1452.38,524288,0.27821582555770874,16992.057470703126,8548.435546875,-0.0014672447461634875,0.3,0.0003,0.0016760845,20470,-1.499522966146469,0.0
550,952,200.0,2049,1459.87,524544,0.4523043632507324,6886.686865234375,2969.001953125,-0.0049077143194153905,0.3,0.0003,0.006587189,20480,-1.4909843981266022,0.00390625
551,952,200.0,2050,1459.39,524800,-0.056423068046569824,26137.64423828125,4548.6162109375,-0.0026318075601011516,0.3,0.0003,0.0022763812,20490,-1.451678878068924,0.0
551,952,200.0,2051,1469.42,525056,0.34892910718917847,9957.121313476562,3293.52294921875,-0.0013638730393722653,0.3,0.0003,0.0004633218,20500,-1.83413907289505,0.0
551,952,200.0,2052,1469.07,525312,0.5207314491271973,12429.514672851563,5263.57568359375,-0.0022194977500475943,0.3,0.0003,0.0015596631,20510,-1.4228692889213561,0.0
551,952,200.0,2053,1455.28,525568,0.5289641618728638,1424.5848815917968,535.2045288085938,-0.012117785541340709,0.3,0.0003,0.008072671,20520,-1.6172674536705016,0.009765625
552,952,200.0,2054,1437.57,525824,0.11102712154388428,14511.29825439453,11283.2939453125,-0.006764951883815229,0.3,0.0003,0.0068766843,20530,-1.5664888381958009,0.003125
552,952,200.0,2055,1437.3,526080,0.13909488916397095,12310.110620117188,3448.900634765625,0.0005387947661802172,0.3,0.0003,0.00042123976,20540,-1.209408849477768,0.0
552,952,200.0,2056,1439.79,526336,0.5356228351593018,6220.820974731445,326.7517395019531,-0.003566924063488841,0.3,0.0003,0.002981279,20550,-1.517344319820404,0.0
552,952,200.0,2057,1431.53,526592,0.5263711214065552,7203.213330078125,1728.318359375,-0.0025078150036279114,0.3,0.0003,0.0019064278,20560,-1.3502465426921844,0.0
553,952,200.0,2058,1438.34,526848,0.2964215874671936,13793.530444335938,5685.8037109375,-0.0008329060859978199,0.3,0.0003,0.0029996221,20570,-1.4209814012050628,0.000390625
553,952,200.0,2059,1435.37,527104,0.36543697118759155,15283.85712890625,7106.5712890625,-0.008120751101523637,0.3,0.0003,0.004460004,20580,-1.3413594722747804,0.00859375
553,952,200.0,2060,1424.67,527360,0.5145894289016724,5764.6158203125,2548.675048828125,-0.0014893545769155026,0.3,0.0003,0.0025025718,20590,-1.3368722319602966,0.0
554,952,200.0,2061,1416.89,527616,0.48029541969299316,6751.432336425782,5348.69677734375,-0.0005122356349602341,0.3,0.0003,0.00030159717,20600,-1.2467872560024262,0.0
554,952,200.0,2062,1417.62,527872,0.3933558464050293,15500.68017578125,6981.17626953125,-0.00043826301116496326,0.3,0.0003,0.000401309,20610,-1.2974963247776032,0.0
554,952,200.0,2063,1412.56,528128,0.07320559024810791,13434.661096191407,5692.9296875,0.0002251496771350503,0.3,0.0003,8.001388e-05,20620,-1.171167129278183,0.0
554,952,200.0,2064,1399.75,528384,0.37402355670928955,9512.404809570313,6326.3896484375,-0.003630523954052478,0.3,0.0003,0.0042235623,20630,-1.4891823291778565,0.002734375
555,952,200.0,2065,1392.06,528640,0.4786455035209656,7159.7232421875,4494.74853515625,-0.00040177302435040474,0.3,0.0003,0.00013181241,20640,-1.3513033986091614,0.0
555,952,200.0,2066,1394.06,528896,0.51175856590271,11774.488708496094,10516.0146484375,-0.0009017775068059563,0.3,0.0003,0.00075105694,20650,-1.4308971226215363,0.0
555,952,200.0,2067,1398.84,529152,0.5134003162384033,7840.440075683594,2672.47265625,-0.0010175032773986458,0.3,0.0003,0.0007920135,20660,-1.4784450769424438,0.0
555,952,200.0,2068,1392.57,529408,0.4152452349662781,7542.565576171875,1450.6998291015625,-0.004748209286481142,0.3,0.0003,0.0046899477,20670,-1.2476050853729248,0.00078125
556,952,200.0,2069,1388.67,529664,0.08750677108764648,27816.24951171875,16174.1103515625,0.0008777751820161939,0.3,0.0003,0.0005590429,20680,-1.6618891954421997,0.0
556,952,200.0,2070,1388.48,529920,0.43647265434265137,8619.00780029297,1917.3861083984375,-0.00037960798945277927,0.3,0.0003,0.00020166417,20690,-1.3457327604293823,0.0
556,952,200.0,2071,1388.97,530176,0.48040950298309326,6499.687850952148,4830.70556640625,-0.00014413563185371457,0.3,0.0003,3.4916447e-05,20700,-1.3442742645740509,0.0
556,952,200.0,2072,1406.19,530432,0.510489284992218,7757.799371337891,2829.452880859375,-0.0036880534491501747,0.3,0.0003,0.005384834,20710,-1.3461224138736725,0.005859375
557,952,200.0,2073,1419.36,530688,-0.046113014221191406,19946.99365234375,5353.6943359375,-0.008463591430336237,0.3,0.0003,0.005497074,20720,-1.4361585319042205,0.01640625
557,952,200.0,2074,1426.71,530944,0.24369418621063232,24618.484521484374,13231.9580078125,-0.002751476364210248,0.3,0.0003,0.0005181646,20730,-1.3990748941898346,0.0
557,952,200.0,2075,1447.44,531200,0.5510044097900391,6459.36630859375,4476.5810546875,-0.0036036751698702574,0.3,0.0003,0.0035497851,20740,-1.335211342573166,0.0
558,952,200.0,2076,1436.76,531456,0.42759084701538086,7252.715545654297,5268.40771484375,-0.0026642282493412493,0.3,0.0003,0.009564653,20750,-1.2094250917434692,0.015625
558,952,200.0,2077,1433.79,531712,0.24960023164749146,17134.914599609376,8363.40625,-0.0021564871189184488,0.3,0.0003,0.0007169836,20760,-1.1453886806964875,0.0
558,952,200.0,2078,1430.73,531968,0.34379976987838745,8988.229528808593,6572.1064453125,-0.004538328922353685,0.3,0.0003,0.0029592435,20770,-1.440535980463028,0.0
558,952,200.0,2079,1419.08,532224,0.5771867036819458,9387.892431640625,3266.2216796875,-0.003942101961001754,0.3,0.0003,0.0156045165,20780,-1.2707729160785675,0.02890625
559,952,200.0,2080,1429.3,532480,-0.0037622451782226562,32370.659765625,9275.2470703125,-0.0007010519038885832,0.3,0.0003,0.0009897924,20790,-1.495746272802353,0.0
559,952,200.0,2081,1426.07,532736,0.5215431451797485,6295.063943481446,5541.7626953125,-0.0038088331348262727,0.3,0.0003,0.002113989,20800,-1.486295109987259,0.000390625
559,952,200.0,2082,1414.54,532992,0.07243502140045166,26031.7447265625,16317.3837890625,-0.002872659871354699,0.3,0.0003,0.0015729966,20810,-1.577719807624817,0.0
559,952,200.0,2083,1440.19,533248,0.5894002318382263,5559.876467895508,3483.91015625,-0.0018786240369081497,0.3,0.0003,0.0027585435,20820,-1.533404493331909,0.0
560,952,200.0,2084,1446.56,533504,0.48423999547958374,12167.384765625,6070.609375,-0.00013881810009479522,0.3,0.0003,0.0015299963,20830,-1.442564421892166,0.0
560,952,200.0,2085,1461.16,533760,0.4893757104873657,7088.845968627929,2507.8642578125,-0.00033739334903657434,0.3,0.0003,0.00060010515,20840,-1.3742499887943267,0.0
560,952,200.0,2086,1466.26,534016,0.24769139289855957,11941.52635498047,7785.1015625,-0.010865961643867194,0.3,0.0003,0.007954886,20850,-1.439128851890564,0.0140625
561,952,200.0,2087,1464.46,534272,0.2817477583885193,8583.96134033203,3618.427978515625,-0.0017628903267905116,0.3,0.0003,0.0021168694,20860,-1.642788392305374,0.0
561,952,200.0,2088,1469.3,534528,0.07253634929656982,22440.93798828125,14054.2197265625,-0.0011057169176638126,0.3,0.0003,0.00078463624,20870,-1.1969137072563172,0.0
561,952,200.0,2089,1484.64,534784,0.03151237964630127,14517.969262695313,6144.88818359375,-0.0028124189469963313,0.3,0.0003,0.00096083945,20880,-1.42519109249115,0.0
561,952,200.0,2090,1470.96,535040,0.2103847861289978,11493.0421875,5621.11181640625,-0.016521802777424453,0.3,0.0003,0.011188918,20890,-1.458172971010208,0.021875
562,952,200.0,2091,1506.75,535296,0.19775229692459106,27087.52216796875,16416.984375,-0.005149700865149498,0.3,0.0003,0.0016320492,20900,-1.5368314743041993,0.0
562,952,200.0,2092,1506.19,535552,0.5351141691207886,6439.373883056641,4278.259765625,-0.001921680266968906,0.3,0.0003,0.002087862,20910,-1.4373636722564698,0.0
562,952,200.0,2093,1487.89,535808,0.3203413486480713,10583.644372558594,2051.869140625,-0.00555327539332211,0.3,0.0003,0.005866732,20920,-1.5139834821224212,0.003125
562,952,200.0,2094,1485.83,536064,0.4063548445701599,8363.906018066406,1126.6834716796875,-0.00010049119591712952,0.3,0.0003,0.00036174525,20930,-1.4786710143089294,0.0
563,952,200.0,2095,1485.67,536320,0.5007292628288269,5676.402003479004,2531.006103515625,-0.0008524927077814936,0.3,0.0003,0.00233397,20940,-1.1976101577281952,0.0
563,952,200.0,2096,1496.57,536576,0.31280118227005005,10221.290902709961,5936.3115234375,-0.0019802881171926854,0.3,0.0003,0.00064358953,20950,-1.3901538908481599,0.0
563,952,200.0,2097,1504.48,536832,0.46968990564346313,6260.898236083985,3054.930419921875,-0.0010473882430233061,0.3,0.0003,0.0034627747,20960,-1.2712241768836976,0.0
563,952,200.0,2098,1491.32,537088,0.06959205865859985,32581.84765625,15890.6953125,-0.00032140635885298253,0.3,0.0003,0.00021150219,20970,-1.4429389595985413,0.0
564,952,200.0,2099,1501.61,537344,0.2318178415298462,10487.0630859375,5403.30078125,-0.0001643760362640023,0.3,0.0003,0.00010827859,20980,-1.4872310936450959,0.0
564,952,200.0,2100,1502.89,537600,0.5832952260971069,5564.863708496094,1573.7027587890625,-0.0033013496315106748,0.3,0.0003,0.0019561488,20990,-1.4372915267944335,0.0
564,952,200.0,2101,1506.78,537856,0.5363768339157104,5678.126086425781,1571.5025634765625,0.00011555952951312066,0.3,0.0003,0.0013764678,21000,-1.3460390388965606,0.0
565,952,200.0,2102,1514.33,538112,0.15742391347885132,41606.40625,26226.484375,-0.0015261015039868652,0.3,0.0003,0.00038373237,21010,-1.4681269586086274,0.0
565,952,200.0,2103,1520.61,538368,0.44060707092285156,7413.890905761718,4182.916015625,-0.005589931143913418,0.3,0.0003,0.008103022,21020,-1.4898118019104003,0.001171875
565,952,200.0,2104,1535.87,538624,0.2164056897163391,3333.760205078125,948.8111572265625,-0.0052373500540852545,0.3,0.0003,0.011091171,21030,-1.4519770205020905,0.025390625
565,952,200.0,2105,1535.99,538880,0.3860345482826233,15448.22176513672,4742.83935546875,-0.0006066981470212341,0.3,0.0003,0.00072711403,21040,-1.511215204000473,0.0
566,952,200.0,2106,1527.86,539136,0.5638745427131653,7211.6900085449215,3792.80029296875,-0.003990842949133366,0.3,0.0003,0.018262789,21050,-1.4085723757743835,0.033984375
566,952,200.0,2107,1533.27,539392,0.21644049882888794,15183.8857421875,5078.36962890625,-0.0006111740483902394,0.3,0.0003,0.0008856214,21060,-1.4489582777023315,0.0
566,952,200.0,2108,1533.29,539648,0.5736733675003052,6774.238439941406,3333.431396484375,-0.0037400480010546743,0.3,0.0003,0.0090236105,21070,-1.47885964512825,0.005859375
566,952,200.0,2109,1504.1,539904,-0.3092139959335327,5296.530773925781,1413.701416015625,-0.0034718384966254236,0.3,0.0003,0.005383593,21080,-1.4188789963722228,0.003125
567,952,200.0,2110,1515.87,540160,0.0576246976852417,13213.144140625,3807.439208984375,-0.000441892072558403,0.3,0.0003,0.00035868515,21090,-1.4816283643245698,0.0
567,952,200.0,2111,1526.69,540416,0.35366320610046387,9082.149035644532,5356.1767578125,-0.00041441400535404684,0.3,0.0003,0.00011661602,21100,-1.3930968582630157,0.0
567,952,200.0,2112,1527.19,540672,0.22423821687698364,25800.047119140625,12711.03515625,-0.0017116048373281955,0.3,0.0003,0.0005497632,21110,-1.5096087634563446,0.0
568,952,200.0,2113,1527.25,540928,0.5963768362998962,5242.902546691895,2189.397216796875,-0.00317158717662096,0.3,0.0003,0.01849708,21120,-1.5494434118270874,0.029296875
568,952,200.0,2114,1508.65,541184,-0.09685635566711426,21965.169189453125,6826.21484375,-0.00035341207403689624,0.3,0.0003,0.0019761303,21130,-1.7245008647441864,0.0
568,952,200.0,2115,1512.69,541440,-0.8379313945770264,7468.916735839844,1910.6431884765625,-0.002586067421361804,0.3,0.0003,0.0007610335,21140,-1.7683528304100036,0.0
568,952,200.0,2116,1512.16,541696,0.3469048738479614,11546.5357421875,4462.39013671875,0.0007698275614529849,0.3,0.0003,7.1848975e-05,21150,-1.4104055404663085,0.0
569,952,200.0,2117,1500.53,541952,0.36031675338745117,7808.847326660156,1834.6688232421875,4.5459019020199776e-05,0.3,0.0003,0.0009558627,21160,-1.5216866612434388,0.0
569,952,200.0,2118,1499.7,542208,0.05299907922744751,18482.433935546876,10585.419921875,-0.004422833467833698,0.3,0.0003,0.00071978825,21170,-1.6258824348449707,0.0
569,952,200.0,2119,1506.38,542464,0.35865914821624756,16647.107690429686,12086.18359375,-0.0018160949926823377,0.3,0.0003,0.0010831698,21180,-1.4603073596954346,0.0
569,952,200.0,2120,1519.33,542720,0.5159200429916382,6761.954809570312,1999.5419921875,-0.00354653598042205,0.3,0.0003,0.004844203,21190,-1.4764700412750245,0.0046875
570,952,200.0,2121,1517.81,542976,0.5667728185653687,5574.5443664550785,1911.244140625,-0.0015343940467573702,0.3,0.0003,0.005998466,21200,-1.4919536888599396,0.008984375
570,952,200.0,2122,1509.91,543232,0.5015920400619507,5967.0361328125,3317.594482421875,-0.0018989535979926585,0.3,0.0003,0.0021993238,21210,-1.4607394576072692,0.0015625
570,952,200.0,2123,1507.86,543488,0.3585435748100281,7990.388500976563,4739.98974609375,-0.0035185327054932714,0.3,0.0003,0.0027183515,21220,-1.6726379096508026,0.00234375
571,952,200.0,2124,1517.79,543744,0.5601409673690796,7294.541906738281,4469.404296875,-0.003840274643152952,0.3,0.0003,0.0041633584,21230,-1.5360578775405884,0.00625
571,952,200.0,2125,1523.99,544000,0.4607425928115845,8707.294567871093,6995.98828125,-0.001943505695089698,0.3,0.0003,0.0018678012,21240,-1.560103988647461,0.0
571,952,200.0,2126,1522.59,544256,-0.06385910511016846,24848.9560546875,11916.9033203125,-0.0028045805636793377,0.3,0.0003,0.0013536115,21250,-1.645283031463623,0.0
571,952,200.0,2127,1519.81,544512,0.4131886959075928,16650.729638671874,9066.0234375,-0.00031480530742555857,0.3,0.0003,0.00018295832,21260,-1.4942632079124452,0.0
572,952,200.0,2128,1518.16,544768,0.5015954971313477,5937.240649414062,3463.33447265625,-0.0064837256446480755,0.3,0.0003,0.007921926,21270,-1.5353743195533753,0.00703125
572,952,200.0,2129,1515.03,545024,0.04692012071609497,22268.166259765625,10414.017578125,-0.0006310073658823967,0.3,0.0003,0.0013026576,21280,-1.5743919551372527,0.0
572,952,200.0,2130,1525.94,545280,0.2722705006599426,18486.8166015625,11230.076171875,-0.00014675469137728214,0.3,0.0003,4.3538632e-05,21290,-1.6675182342529298,0.0
572,952,200.0,2131,1550.42,545536,0.46056270599365234,7513.26441040039,3232.613037109375,-0.005204352579312399,0.3,0.0003,0.007540142,21300,-1.5244227766990661,0.008984375
573,952,200.0,2132,1549.29,545792,0.10803896188735962,4178.125659179687,1645.305419921875,-0.002836152724921703,0.3,0.0003,0.0036968929,21310,-1.5619786500930786,0.002734375
573,952,200.0,2133,1554.15,546048,0.11385083198547363,26402.279150390626,9156.9501953125,-0.0070366153959184885,0.3,0.0003,0.0067752833,21320,-1.4813292860984801,0.00625
573,952,200.0,2134,1547.28,546304,0.2672012448310852,27903.22666015625,14054.205078125,-0.0005532549228519201,0.3,0.0003,0.0018098671,21330,-1.479848027229309,0.0
573,952,200.0,2135,1557.74,546560,0.4618538022041321,8196.26484375,4294.89306640625,-0.0036100133787840606,0.3,0.0003,0.0023095803,21340,-1.5688604056835174,0.000390625
574,952,200.0,2136,1533.87,546816,0.24962329864501953,2770.0943237304687,684.7714233398438,-0.0038751997519284485,0.3,0.0003,0.0021187891,21350,-1.6823401510715486,0.0
574,952,200.0,2137,1528.59,547072,0.25102871656417847,23048.13642578125,13414.6533203125,-0.001396211003884673,0.3,0.0003,0.00040068477,21360,-0.6179462462663651,0.0
574,952,200.0,2138,1534.76,547328,0.2940177917480469,11753.329223632812,5364.126953125,-0.0010828126105479896,0.3,0.0003,0.0005028136,21370,-1.8394151210784913,0.0
575,952,200.0,2139,1536.85,547584,0.1383240818977356,21222.720166015624,10522.52734375,-0.00035516191856004297,0.3,0.0003,0.00012617325,21380,-1.6546171009540558,0.0
575,952,200.0,2140,1532.6,547840,0.46227067708969116,7136.106091308594,1396.7310791015625,-0.0016317983390763402,0.3,0.0003,0.0032802958,21390,-1.4289680063724517,0.000390625
575,952,200.0,2141,1527.82,548096,0.42974984645843506,6844.752966308593,4496.56689453125,-0.00174971577944234,0.3,0.0003,0.0028957627,21400,-1.6296589970588684,0.0
575,952,200.0,2142,1524.7,548352,0.5071314573287964,7049.909411621094,2314.01220703125,-0.0017707721679471433,0.3,0.0003,0.0013474026,21410,-1.5295827627182006,0.0
576,952,200.0,2143,1505.63,548608,-1.5185229778289795,6545.826495361328,890.9285888671875,-0.00045696385204792024,0.3,0.0003,0.00010094815,21420,-0.9919896692037582,0.0
576,952,200.0,2144,1506.97,548864,0.12669026851654053,35141.5515625,12218.0048828125,-0.0010548592079430818,0.3,0.0003,0.00022902712,21430,-1.3114407420158387,0.0
576,952,200.0,2145,1488.52,549120,0.5760846138000488,1459.6675872802734,437.5141906738281,-0.009736162098124623,0.3,0.0003,0.011272161,21440,-1.645646518468857,0.04140625
576,952,200.0,2146,1495.7,549376,0.15846139192581177,11008.515734863282,3488.55126953125,-0.0001729165203869343,0.3,0.0003,0.0019141566,21450,-1.6097170472145081,0.001171875
577,952,200.0,2147,1509.3,549632,0.5846216678619385,5065.664962768555,4488.359375,-0.0026916293194517494,0.3,0.0003,0.0035852953,21460,-1.5297410190105438,0.0
577,952,200.0,2148,1502.4,549888,0.5600372552871704,10895.827270507812,7394.2685546875,-0.0004021527478471398,0.3,0.0003,0.0012493671,21470,-1.434197825193405,0.0
577,952,200.0,2149,1497.89,550144,0.5008577704429626,6529.984643554688,2545.23779296875,-0.001977646956220269,0.3,0.0003,0.0011248966,21480,-1.6908845245838164,0.0
578,952,200.0,2150,1507.68,550400,0.38340580463409424,9121.280224609374,4586.48779296875,-0.0011055001057684421,0.3,0.0003,0.00044494215,21490,-1.518605250120163,0.0
578,952,200.0,2151,1505.95,550656,0.18752801418304443,14120.460034179687,8882.5,-0.007506634946912527,0.3,0.0003,0.0051621282,21500,-1.514325487613678,0.004296875
578,952,200.0,2152,1517.04,550912,0.35735732316970825,17042.863647460938,10657.447265625,-0.01073987977579236,0.3,0.0003,0.016125655,21510,-1.472660368680954,0.051171875
578,952,200.0,2153,1504.34,551168,0.36331021785736084,8452.008349609376,5776.9560546875,-0.0005169876967556775,0.3,0.0003,0.0006085122,21520,-1.2798658967018128,0.0
579,952,200.0,2154,1521.8,551424,0.2608996629714966,12502.458447265624,7476.54296875,-0.0006450345972552896,0.3,0.0003,0.0003453798,21530,-1.3573147118091584,0.0
579,952,200.0,2155,1528.76,551680,0.4967842698097229,13419.747412109375,5935.072265625,-0.002049239398911595,0.3,0.0003,0.0009647438,21540,-1.436779659986496,0.0
579,952,200.0,2156,1523.17,551936,0.45583486557006836,7879.36865234375,6338.771484375,-0.0014114862075075506,0.3,0.0003,0.0011029188,21550,-1.4968012273311615,0.0
579,952,200.0,2157,1537.88,552192,0.496570885181427,7289.4063720703125,584.0834350585938,-0.002071078075096011,0.3,0.0003,0.0059437286,21560,-1.3611585438251494,0.000390625
580,952,200.0,2158,1542.45,552448,0.557614803314209,5915.210827636719,2441.103759765625,-0.00037722704000771047,0.3,0.0003,0.0031772982,21570,-1.3836659491062164,0.0
580,952,200.0,2159,1540.22,552704,0.26989078521728516,24299.4876953125,10880.0224609375,-0.0014367875643074512,0.3,0.0003,0.00048205117,21580,-1.5565832316875459,0.0
580,952,200.0,2160,1539.54,552960,0.42418020963668823,7585.679309082031,1698.13525390625,-0.00236194406170398,0.3,0.0003,0.0033817396,21590,-1.2810555875301362,0.00078125
580,952,200.0,2161,1546.95,553216,0.07500684261322021,21968.055712890626,10159.748046875,-0.00826514974469319,0.3,0.0003,0.0051465915,21600,-1.492670041322708,0.012890625
581,952,200.0,2162,1534.97,553472,0.3270346522331238,19210.045532226562,6725.8916015625,-0.00017263651825487613,0.3,0.0003,6.5820524e-05,21610,-1.2424732565879821,0.0
581,952,200.0,2163,1521.74,553728,0.5916754007339478,5760.015344238282,2931.826904296875,-0.0012379895662888885,0.3,0.0003,0.0012284713,21620,-1.4309881806373597,0.0
581,952,200.0,2164,1521.6,553984,0.20105290412902832,12048.955517578124,4877.68017578125,-0.003801435395143926,0.3,0.0003,0.0031003228,21630,-1.2969855844974518,0.001171875
582,952,200.0,2165,1548.86,554240,0.49983376264572144,6223.646569824219,3230.11376953125,-0.0033290063380263745,0.3,0.0003,0.008060431,21640,-1.3787142634391785,0.007421875
582,952,200.0,2166,1536.7,554496,0.4562835693359375,7508.5303405761715,568.1222534179688,-0.0015907528111711144,0.3,0.0003,0.0018711181,21650,-1.3740967869758607,0.001953125
582,952,200.0,2167,1534.84,554752,0.21205776929855347,12605.077807617188,1464.861572265625,-0.0016951300436630844,0.3,0.0003,0.0012322352,21660,-1.6880188822746276,0.0
582,952,200.0,2168,1550.15,555008,0.4585456848144531,7005.705346679688,4372.73095703125,-0.001170995202846825,0.3,0.0003,0.0013287091,21670,-1.4382874548435212,0.0
583,952,200.0,2169,1538.51,555264,0.27077925205230713,17979.003955078126,7142.7734375,-0.0041408508259337395,0.3,0.0003,0.0017723497,21680,-1.4208239495754242,0.001171875
583,952,200.0,2170,1525.89,555520,0.44176924228668213,2710.388635253906,1317.2662353515625,-0.006316787999821827,0.3,0.0003,0.0036698906,21690,-1.5552639186382293,0.000390625
583,952,200.0,2171,1527.94,555776,0.3923177719116211,6907.58818359375,2588.3134765625,-0.0004053714219480753,0.3,0.0003,0.0022382517,21700,-1.4571639358997346,0.0
583,952,200.0,2172,1539.92,556032,0.5094536542892456,6767.957977294922,3210.052001953125,-0.0008493015659041703,0.3,0.0003,0.0003292961,21710,-1.495678561925888,0.0
584,952,200.0,2173,1539.5,556288,0.09666997194290161,31933.75283203125,11340.1953125,-0.00547135230153799,0.3,0.0003,0.0033866304,21720,-1.0269681602716445,0.002734375
584,952,200.0,2174,1538.21,556544,0.4768489599227905,6032.39555053711,5192.1728515625,-0.004199433117173612,0.3,0.0003,0.0053171534,21730,-1.498415905237198,0.001171875
584,952,200.0,2175,1564.02,556800,0.5923265218734741,7275.588464355469,4234.69140625,-0.0008825808763504028,0.3,0.0003,0.0017342889,21740,-1.4193309187889098,0.0
584,952,200.0,2176,1569.42,557056,0.47350382804870605,7302.560626220703,3837.02685546875,-0.0029852302279323338,0.3,0.0003,0.0024601414,21750,-1.412806910276413,0.0
585,952,200.0,2177,1558.83,557312,0.33152949810028076,16209.766577148437,5783.986328125,-0.0010995746590197087,0.3,0.0003,0.0017804801,21760,-1.3600099861621857,0.0
585,952,200.0,2178,1557.86,557568,0.28278201818466187,11090.466650390625,4121.517578125,-0.0030184275470674037,0.3,0.0003,0.0016314685,21770,-1.4676467716693877,0.0
585,952,200.0,2179,1571.54,557824,0.5221329927444458,7299.6450866699215,6026.00048828125,-0.007908473489806056,0.3,0.0003,0.011528339,21780,-1.424353802204132,0.011328125
586,952,200.0,2180,1574.6,558080,0.2576581835746765,21673.827685546876,9300.0009765625,-0.003916536783799529,0.3,0.0003,0.0059392983,21790,-1.494672268629074,0.00625
586,952,200.0,2181,1560.58,558336,0.3977815508842468,10368.760864257812,6317.25732421875,-0.0018071099882945418,0.3,0.0003,0.0015263166,21800,-1.4500860750675202,0.0
586,952,200.0,2182,1568.98,558592,0.5882642269134521,6275.12021484375,4096.6796875,-0.0038994174683466554,0.3,0.0003,0.0031852226,21810,-1.5565107703208922,0.003125
586,952,200.0,2183,1574.72,558848,0.437045693397522,6815.146826171875,946.0137939453125,-0.00016611068276688455,0.3,0.0003,0.0023375636,21820,-1.3621275186538697,0.0
587,952,200.0,2184,1577.9,559104,0.28441572189331055,25411.729296875,10525.345703125,-0.0034707866609096525,0.3,0.0003,0.0005442004,21830,-1.3760423243045807,0.0
587,952,200.0,2185,1572.43,559360,0.48223817348480225,6878.933996582031,4192.77197265625,-0.001492287521250546,0.3,0.0003,0.0037617795,21840,-1.2947272419929505,0.000390625
587,952,200.0,2186,1579.66,559616,0.5034288763999939,6042.425506591797,5355.60693359375,-0.002944510686211288,0.3,0.0003,0.013552131,21850,-1.3980568945407867,0.015625
587,952,200.0,2187,1613.59,559872,0.28639936447143555,18492.115380859374,11201.9375,-0.0030911752488464116,0.3,0.0003,0.003861104,21860,-1.3818813681602478,0.0
588,952,200.0,2188,1612.76,560128,0.3180198073387146,12113.41953125,5826.78173828125,-0.00564195275073871,0.3,0.0003,0.0026810502,21870,-1.3692001402378082,0.0015625
588,952,200.0,2189,1593.69,560384,0.35788893699645996,14044.765600585937,3617.058349609375,0.0001391218975186348,0.3,0.0003,2.0657433e-05,21880,-1.1897382020950318,0.0
588,952,200.0,2190,1594.26,560640,0.2499125599861145,12890.822033691406,10107.2080078125,-0.002841249410994351,0.3,0.0003,0.0007008095,21890,-1.3664582908153533,0.0
589,952,200.0,2191,1589.78,560896,0.43309253454208374,12978.843212890624,6816.4970703125,-0.0005896976217627525,0.3,0.0003,0.0002990116,21900,-1.3333173096179962,0.0
589,952,200.0,2192,1618.2,561152,0.5965605974197388,6666.5169128417965,3510.792724609375,-0.002545303467195481,0.3,0.0003,0.0020603482,21910,-1.4817725896835328,0.001171875
589,952,200.0,2193,1633.67,561408,0.530224621295929,5907.366473388672,1659.3634033203125,-0.0010440875601489096,0.3,0.0003,0.0027264417,21920,-1.342595136165619,0.0
589,952,200.0,2194,1631.33,561664,0.3705323338508606,13700.195654296875,4677.41162109375,8.473681518808007e-05,0.3,0.0003,0.00082582445,21930,-1.2254419565200805,0.0
590,952,200.0,2195,1639.34,561920,0.45646584033966064,8279.34083251953,2507.44873046875,-0.0018301137257367372,0.3,0.0003,0.0015226791,21940,-1.3588283360004425,0.000390625
590,952,200.0,2196,1646.95,562176,0.28749847412109375,8867.00438232422,3956.421630859375,-0.00021204780787229539,0.3,0.0003,7.962319e-05,21950,-1.5228715717792511,0.0
590,952,200.0,2197,1652.87,562432,0.48208189010620117,6063.6082763671875,1921.857177734375,-0.0027638469240628184,0.3,0.0003,0.0020792612,21960,-1.4345887780189515,0.0
591,952,200.0,2198,1650.75,562688,0.4966014623641968,12642.203930664062,6844.99072265625,-0.004935576091520488,0.3,0.0003,0.009405413,21970,-1.463762778043747,0.012109375
591,952,200.0,2199,1655.23,562944,0.5346921682357788,5974.322436523437,730.3497924804688,-0.001294375886209309,0.3,0.0003,0.0016038513,21980,-1.3718490064144135,0.0
591,952,200.0,2200,1670.71,563200,0.4564563035964966,7285.071118164063,5259.119140625,-0.00824610801646486,0.3,0.0003,0.01440623,21990,-1.3532579481601714,0.033984375
591,952,200.0,2201,1685.81,563456,0.31183141469955444,3899.5696533203127,1383.234619140625,-0.005378116015344858,0.3,0.0003,0.004462463,22000,-1.5182129442691803,0.003125
592,952,200.0,2202,1686.78,563712,0.4420807361602783,12583.638623046874,5538.21435546875,-0.0007487083319574594,0.3,0.0003,0.0027133585,22010,-1.429337775707245,0.001171875
592,951,200.0,2203,1678.5,563968,0.5030393004417419,6771.320764160157,881.8365478515625,-0.0024082040414214133,0.3,0.0003,0.0057740444,22020,-1.4288778483867646,0.0109375
592,951,200.0,2204,1697.37,564224,0.6196303367614746,4516.568856811524,3190.857666015625,-0.0022886017337441444,0.3,0.0003,0.003971596,22030,-1.280872541666031,0.001953125
592,951,200.0,2205,1700.05,564480,0.494651198387146,11669.594287109376,8169.78857421875,-0.0015678273746743798,0.3,0.0003,0.004450744,22040,-1.2817203044891357,0.0
593,951,200.0,2206,1687.88,564736,0.44532066583633423,7826.514855957032,2639.139892578125,-0.0022827569860965013,0.3,0.0003,0.0009130207,22050,-1.4417117476463317,0.0
593,951,200.0,2207,1697.81,564992,0.518019437789917,9368.04249267578,2732.06787109375,-0.0005113523686304689,0.3,0.0003,0.0005377643,22060,-1.4881963312625885,0.0
593,951,200.0,2208,1689.78,565248,0.18471431732177734,14802.461572265625,4853.1748046875,-0.0015613057068549097,0.3,0.0003,0.00063168816,22070,-1.4609923541545868,0.0
594,951,200.0,2209,1692.01,565504,0.5016201734542847,11861.796166992188,7462.794921875,-0.001313852914609015,0.3,0.0003,0.0016657598,22080,-1.3376951098442078,0.0
594,951,200.0,2210,1697.83,565760,0.5549077987670898,6479.358673095703,2399.258544921875,-0.0004253263003192842,0.3,0.0003,0.0014346268,22090,-1.3485953748226165,0.0
594,951,200.0,2211,1708.46,566016,0.3510354161262512,8036.88046875,3652.09033203125,-0.0024245919892564418,0.3,0.0003,0.0026711589,22100,-1.2287242889404297,0.000390625
594,951,200.0,2212,1705.98,566272,0.38910382986068726,13491.424926757812,6734.0849609375,-0.003145725326612592,0.3,0.0003,0.0014703935,22110,-1.2728047609329223,0.000390625
595,951,200.0,2213,1683.36,566528,0.3671303987503052,9655.55244140625,3277.080810546875,-0.0019769234932027757,0.3,0.0003,0.0011642163,22120,-1.5023851156234742,0.0
595,951,200.0,2214,1699.41,566784,0.46309447288513184,7592.801000976562,2818.9453125,-0.001126459363149479,0.3,0.0003,0.00062683085,22130,-1.72211874127388,0.0
595,951,200.0,2215,1714.97,567040,0.5553634166717529,6441.94208984375,4265.85107421875,-0.000662921229377389,0.3,0.0003,0.00034166384,22140,-1.4661202371120452,0.0
595,951,200.0,2216,1712.86,567296,0.518465518951416,11548.092602539062,6104.26123046875,-0.0008254400454461575,0.3,0.0003,0.00086493534,22150,-1.3938052833080292,0.0
596,951,200.0,2217,1716.54,567552,0.4891759753227234,7755.2041015625,2114.96728515625,-0.0009065819322131574,0.3,0.0003,0.0013741965,22160,-1.4336193382740021,0.0
596,951,200.0,2218,1718.17,567808,0.38703984022140503,10255.82022705078,3824.8974609375,0.00012550855753943325,0.3,0.0003,8.94703e-05,22170,-1.4430056989192963,0.0
596,951,200.0,2219,1740.03,568064,0.5100983381271362,11476.738012695312,1633.5450439453125,-0.005735741485841573,0.3,0.0003,0.0070558293,22180,-1.3549498200416565,0.00859375
597,951,200.0,2220,1740.24,568320,0.5718053579330444,6244.347650146485,3169.564697265625,-0.0027975654345937075,0.3,0.0003,0.0016873954,22190,-1.3922189772129059,0.0
597,951,200.0,2221,1755.49,568576,0.544044017791748,7175.552868652344,4622.2509765625,-0.008675067371223122,0.3,0.0003,0.016370058,22200,-1.4651139974594116,0.02265625
597,951,200.0,2222,1749.55,568832,0.5156837701797485,5789.098727416992,3105.511474609375,-0.0024774618679657577,0.3,0.0003,0.00443526,22210,-1.4893272817134857,0.001171875
597,951,200.0,2223,1760.67,569088,0.3303394913673401,8870.30771484375,4560.1357421875,-0.0005406172713264823,0.3,0.0003,0.00027609966,22220,-1.5716429650783539,0.0
598,951,200.0,2224,1768.99,569344,0.5494579672813416,7368.963348388672,6072.8408203125,-0.00521478911396116,0.3,0.0003,0.006368111,22230,-1.442843097448349,0.0046875
598,951,200.0,2225,1758.93,569600,0.49850016832351685,8679.264916992188,4172.51318359375,-0.002373834140598774,0.3,0.0003,0.0051906416,22240,-1.3344037294387818,0.0
598,951,200.0,2226,1768.2,569856,0.438210129737854,6858.188879394531,5222.1416015625,-0.0022129217395558953,0.3,0.0003,0.009712711,22250,-1.1762869238853455,0.004296875
598,951,200.0,2227,1774.98,570112,0.45349955558776855,13469.312670898438,7944.9990234375,0.001081111328676343,0.3,0.0003,0.0067075854,22260,-1.2269591748714448,0.00546875
599,951,200.0,2228,1761.6,570368,0.10933083295822144,12912.083239746094,3502.582275390625,-0.009570513479411602,0.3,0.0003,0.0027464393,22270,-1.306993019580841,0.003515625
599,951,200.0,2229,1765.29,570624,0.5625303983688354,7112.72470703125,2192.402099609375,-0.0011195474187843501,0.3,0.0003,0.0006114193,22280,-1.4345117270946504,0.0
599,951,200.0,2230,1767.9,570880,0.4406782388687134,13889.1921875,9661.107421875,-0.00041614144574850795,0.3,0.0003,0.0005250524,22290,-1.3912887036800385,0.0
600,951,200.0,2231,1767.57,571136,0.5654685497283936,6201.905603027344,2504.0400390625,-0.0018279293435625732,0.3,0.0003,0.00076588313,22300,-1.3205327332019805,0.0
600,951,200.0,2232,1751.51,571392,0.1791871190071106,12534.410327148438,4146.8916015625,-9.192253928631544e-05,0.3,0.0003,0.00041440479,22310,-1.519123411178589,0.0
600,951,200.0,2233,1738.98,571648,0.3687940239906311,9325.236376953126,4242.33349609375,-0.0008877361076883971,0.3,0.0003,0.00016865507,22320,-1.4300083220005035,0.0
600,951,200.0,2234,1739.65,571904,0.45383626222610474,14320.276513671875,9034.5166015625,-0.000994403543882072,0.3,0.0003,0.00025641476,22330,-1.4569486498832702,0.0
601,951,200.0,2235,1728.45,572160,0.4254593849182129,7422.5612121582035,6370.19091796875,-0.001909934962168336,0.3,0.0003,0.0011795652,22340,-1.338897156715393,0.0
601,951,200.0,2236,1741.48,572416,0.6406510472297668,4438.7034317016605,1113.9801025390625,-0.0027610513381659983,0.3,0.0003,0.008003357,22350,-1.377481424808502,0.0078125
601,951,200.0,2237,1744.34,572672,0.5234352946281433,11692.446734619141,5507.79052734375,-0.0012439778773114085,0.3,0.0003,0.002914035,22360,-1.3474376201629639,0.0
602,951,200.0,2238,1745.42,572928,0.3995155096054077,7379.827038574219,5174.99560546875,0.000615280179772526,0.3,0.0003,0.0034115543,22370,-1.237046366930008,0.00234375
602,951,200.0,2239,1742.69,573184,0.49592429399490356,7085.720718383789,609.1053466796875,-0.0007596227806061506,0.3,0.0003,0.0004047677,22380,-1.4036384701728821,0.0
602,951,200.0,2240,1721.34,573440,0.5316325426101685,5736.426550292968,2866.253173828125,-0.001011181203648448,0.3,0.0003,0.0005575691,22390,-1.3332735300064087,0.0
602,951,200.0,2241,1725.98,573696,0.527079701423645,6303.69457397461,2900.804931640625,-0.0015222865506075323,0.3,0.0003,0.0012471657,22400,-1.430062198638916,0.0
603,951,200.0,2242,1739.66,573952,0.48414087295532227,7874.060162353516,4008.4248046875,-0.0028905381797812877,0.3,0.0003,0.0014688177,22410,-1.4557475328445435,0.0
603,951,200.0,2243,1729.07,574208,0.4764217138290405,8181.882183837891,2729.51318359375,-0.0016523959464393556,0.3,0.0003,0.0026645497,22420,-1.445180457830429,0.0
603,951,200.0,2244,1748.73,574464,0.40636223554611206,15624.131884765626,4706.1083984375,-2.8320145793259145e-05,0.3,0.0003,0.00048792362,22430,-1.4093175828456879,0.0
603,951,200.0,2245,1751.11,574720,0.21883195638656616,10672.634979248047,3080.755615234375,-0.0005251254537142813,0.3,0.0003,8.1387116e-05,22440,-1.4050359547138214,0.0
604,951,200.0,2246,1758.46,574976,0.5998594760894775,7207.242590332031,4786.68701171875,-0.0064708096208050845,0.3,0.0003,0.013720134,22450,-1.435411924123764,0.023046875
604,951,200.0,2247,1762.86,575232,0.3040235638618469,9436.4263671875,3737.6533203125,-0.0006099604535847903,0.3,0.0003,0.002455654,22460,-1.3528472185134888,0.001171875
604,951,200.0,2248,1776.22,575488,0.4756684899330139,11750.88369140625,3358.2919921875,-0.0004624942084774375,0.3,0.0003,0.00013652304,22470,-1.3918344497680664,0.0
605,951,200.0,2249,1780.18,575744,0.5140043497085571,5760.284161376953,3679.056396484375,-0.0022141305496916177,0.3,0.0003,0.0011690431,22480,-1.3708876609802245,0.0
605,951,200.0,2250,1784.29,576000,0.5469354391098022,6889.827416992188,2772.29931640625,-0.003467847406864166,0.3,0.0003,0.029393962,22490,-1.220617151260376,0.0546875
605,951,200.0,2251,1786.27,576256,0.2538421154022217,21736.13505859375,9054.0283203125,-0.012819220731034874,0.3,0.0003,0.0061691604,22500,-1.4378211796283722,0.0078125
605,951,200.0,2252,1790.29,576512,0.48994123935699463,10529.563330078125,5717.11962890625,-0.0006008643307723105,0.3,0.0003,0.0009799853,22510,-1.1900148808956146,0.0
606,951,200.0,2253,1774.04,576768,0.02471315860748291,20658.95556640625,9499.16015625,-0.0005006322404369712,0.3,0.0003,3.7687365e-05,22520,-1.4138804793357849,0.0
606,951,200.0,2254,1776.08,577024,0.3808266520500183,9464.894213867188,5055.787109375,-0.0004891976714134216,0.3,0.0003,0.00012612948,22530,-1.0314067214727403,0.0
606,951,200.0,2255,1775.91,577280,0.45305532217025757,17888.815698242186,6859.29052734375,-0.0024251896655187012,0.3,0.0003,0.0014717332,22540,-1.1444083034992218,0.0
606,951,200.0,2256,1778.52,577536,0.4002201557159424,7691.499084472656,3993.038818359375,-0.0025289847515523435,0.3,0.0003,0.0024616783,22550,-1.350682270526886,0.00078125
607,951,200.0,2257,1778.76,577792,0.53114253282547,7026.675451660156,4462.248046875,-0.0015626310254447163,0.3,0.0003,0.0014374976,22560,-1.2526939988136292,0.0
607,951,200.0,2258,1774.34,578048,0.5212236642837524,5891.22680053711,3880.09033203125,-0.0022147760610096157,0.3,0.0003,0.0026172295,22570,-1.3260207951068879,0.0
607,951,200.0,2259,1781.81,578304,0.533225417137146,10416.025354003907,4108.375,-0.0006535604596138,0.3,0.0003,0.0016049922,22580,-1.3190474450588225,0.0
608,951,200.0,2260,1778.33,578560,0.2697424292564392,10864.891906738281,7160.18896484375,-0.0036213847808539866,0.3,0.0003,0.005287143,22590,-1.2970880627632142,0.003125
608,951,200.0,2261,1766.96,578816,-0.3045170307159424,22364.66181640625,7350.6953125,-0.0017386083025485277,0.3,0.0003,0.00071485573,22600,-1.5440271019935607,0.0
608,951,200.0,2262,1764.03,579072,0.30475282669067383,13371.474536132813,3058.85986328125,-0.0001147781265899539,0.3,0.0003,4.872936e-05,22610,-1.332902443408966,0.0
608,951,200.0,2263,1761.89,579328,0.31008589267730713,14280.482592773438,7697.79296875,-0.002165065030567348,0.3,0.0003,0.0009200205,22620,-1.1922121345996857,0.0
609,951,200.0,2264,1761.87,579584,0.59834885597229,5978.976879882813,2027.753662109375,-0.003001476498320699,0.3,0.0003,0.004022194,22630,-1.2582527935504912,0.0015625
609,951,200.0,2265,1764.6,579840,0.43504416942596436,6763.662661743164,3767.582763671875,-0.0004756351932883263,0.3,0.0003,0.002316334,22640,-1.2209696352481842,0.0
609,951,200.0,2266,1776.48,580096,0.4055158495903015,14432.457446289063,4676.24462890625,-0.00023073675693012773,0.3,0.0003,0.0005556976,22650,-1.309826123714447,0.0
610,951,200.0,2267,1785.0,580352,0.48560601472854614,6812.114801025391,5522.5966796875,-0.002677229675464332,0.3,0.0003,0.0014145167,22660,-1.416586709022522,0.00078125
610,951,200.0,2268,1776.93,580608,0.4728516936302185,12549.254931640626,5881.9189453125,-0.002277642942499369,0.3,0.0003,0.0027158177,22670,-1.4557016789913177,0.00234375
610,951,200.0,2269,1780.51,580864,0.39216893911361694,13971.4607421875,6482.15869140625,6.15603756159544e-05,0.3,0.0003,0.00044950307,22680,-1.3430305540561676,0.0
610,951,200.0,2270,1780.65,581120,0.5157985687255859,6970.660229492188,1950.07470703125,-0.002306253113783896,0.3,0.0003,0.0014630572,22690,-1.4376988410949707,0.0
611,951,200.0,2271,1776.04,581376,0.6282331347465515,5056.703356933594,364.3034973144531,-0.0019996991381049157,0.3,0.0003,0.004759906,22700,-1.3388186514377594,0.003125
611,951,200.0,2272,1789.42,581632,0.6283414363861084,6820.856045532227,5895.19775390625,-0.007527823117561639,0.3,0.0003,0.020565601,22710,-1.3928021669387818,0.037109375
611,951,200.0,2273,1797.49,581888,0.05672651529312134,25721.547607421875,10344.2978515625,0.001812744140625,0.3,0.0003,0.0017818438,22720,-1.1475365996360778,0.0
611,951,200.0,2274,1793.64,582144,0.4833247661590576,6190.237548828125,2220.7421875,-0.0020142839988693596,0.3,0.0003,0.0010852532,22730,-1.4426600873470306,0.0
612,951,200.0,2275,1780.56,582400,-0.17714250087738037,20674.46044921875,9042.212890625,-0.0028280700789764524,0.3,0.0003,0.000942803,22740,-1.58878333568573,0.0
612,951,200.0,2276,1761.1,582656,-0.16290724277496338,24513.97197265625,13169.724609375,-0.002493611862882972,0.3,0.0003,0.00080003496,22750,-1.6137515246868133,0.0
612,951,200.0,2277,1746.24,582912,-0.13516736030578613,14812.35750732422,5126.462890625,-0.0005736759398132562,0.3,0.0003,0.00011722953,22760,-1.0350631862878799,0.0
613,951,200.0,2278,1738.4,583168,-0.1751493215560913,11127.456225585938,2922.8017578125,-0.00019422287587076426,0.3,0.0003,4.280382e-05,22770,-1.570853340625763,0.0
613,951,200.0,2279,1732.74,583424,0.29268306493759155,8315.45830078125,4082.318359375,-0.0017171848216094078,0.3,0.0003,0.0032591813,22780,-1.1781458020210267,0.0
613,951,200.0,2280,1732.49,583680,0.4320636987686157,12814.782775878906,7810.66162109375,0.0004205245291814208,0.3,0.0003,0.001945728,22790,-1.2372611701488494,0.0
613,951,200.0,2281,1721.46,583936,0.3407725691795349,10482.928735351563,3263.23583984375,-0.0019141380675137044,0.3,0.0003,0.00031520217,22800,-1.5004270672798157,0.0
614,951,200.0,2282,1734.49,584192,0.5263886451721191,7857.030786132813,2778.373046875,-0.0034190640319138764,0.3,0.0003,0.0027628539,22810,-1.513727855682373,0.002734375
614,951,200.0,2283,1708.46,584448,0.3182027339935303,3010.7778503417967,927.402099609375,-0.003999920841306448,0.3,0.0003,0.0021307482,22820,-1.5051662027835846,0.000390625
614,951,200.0,2284,1720.78,584704,0.4928058385848999,11500.46484375,5984.43701171875,-0.0005295434035360813,0.3,0.0003,0.002895982,22830,-1.292591643333435,0.0
614,951,200.0,2285,1709.37,584960,0.2692359685897827,10399.571850585937,4044.668701171875,-0.0010678014252334834,0.3,0.0003,0.00036133965,22840,-1.3912352800369263,0.0
615,951,200.0,2286,1708.94,585216,0.3875774145126343,9538.770642089843,6134.8671875,-0.009335235971957446,0.3,0.0003,0.008681257,22850,-1.5200438320636749,0.020703125
615,951,200.0,2287,1695.57,585472,0.4475409984588623,12086.596411132812,5110.37255859375,-0.000977877518744208,0.3,0.0003,0.0008144148,22860,-1.2685563385486602,0.0
615,951,200.0,2288,1697.49,585728,0.1718718409538269,10879.98504333496,3848.72705078125,-0.0012452718219719827,0.3,0.0003,0.0007381139,22870,-1.2905685365200044,0.0
616,951,200.0,2289,1707.61,585984,0.3347783088684082,9024.085388183594,4643.50390625,4.0809967322275044e-05,0.3,0.0003,0.00039754575,22880,-1.495203185081482,0.0
616,951,200.0,2290,1696.23,586240,0.06265342235565186,22776.56589355469,12119.6513671875,-0.0014021324692294,0.3,0.0003,0.0005243507,22890,-1.6677185237407683,0.0
616,951,200.0,2291,1707.66,586496,0.08462929725646973,29313.63310546875,22137.771484375,-0.005062703997828067,0.3,0.0003,0.0017175686,22900,-1.441060757637024,0.0
616,951,200.0,2292,1700.64,586752,0.64131760597229,4259.292674255371,2323.921630859375,-0.003696594829671085,0.3,0.0003,0.009775213,22910,-1.4142945885658265,0.010546875
617,951,200.0,2293,1698.58,587008,0.5857682228088379,4780.932434082031,689.3447265625,-0.0026475201593711972,0.3,0.0003,0.014802034,22920,-1.2935558438301087,0.0265625
617,951,200.0,2294,1693.66,587264,0.13022732734680176,22434.7275390625,4764.6904296875,6.507572252303361e-05,0.3,0.0003,0.0025794439,22930,-1.5546234488487243,0.000390625
617,951,200.0,2295,1693.65,587520,0.6087737083435059,5707.708459472657,5313.99560546875,-0.0012437867466360331,0.3,0.0003,0.0014273154,22940,-1.6394161939620973,0.0
617,951,200.0,2296,1699.3,587776,0.40244001150131226,7169.694165039063,2173.52880859375,-0.0016160788072738796,0.3,0.0003,0.0068732807,22950,-1.256590735912323,0.0046875
618,951,200.0,2297,1691.58,588032,0.08954876661300659,22466.00224609375,6684.9150390625,-0.0019222828559577465,0.3,0.0003,0.0017487167,22960,-1.3625137090682984,0.0
618,951,200.0,2298,1691.73,588288,0.07643741369247437,21884.2177734375,12292.830078125,0.0014291727682575583,0.3,0.0003,7.3702075e-05,22970,-1.567498940229416,0.0
618,951,200.0,2299,1703.63,588544,0.36444199085235596,10984.967456054688,3841.9921875,-0.003501979331485927,0.3,0.0003,0.0012847213,22980,-1.582097238302231,0.0
619,951,200.0,2300,1707.69,588800,0.36789125204086304,10839.902880859376,8240.927734375,-0.002124286792241037,0.3,0.0003,0.001176104,22990,-1.526761931180954,0.0
619,951,200.0,2301,1721.3,589056,0.4853059649467468,6617.74755859375,5088.5712890625,-0.004496900155209005,0.3,0.0003,0.003092332,23000,-1.4723081767559052,0.001953125
619,950,200.0,2302,1708.16,589312,0.46570390462875366,12203.0986328125,6956.63818359375,-0.0015274645411409438,0.3,0.0003,0.0013664442,23010,-1.3691572487354278,0.0
619,950,200.0,2303,1703.62,589568,0.44864732027053833,7007.020727539062,2847.77734375,-0.00030829174211248754,0.3,0.0003,0.0006260583,23020,-1.1853584587574004,0.0
620,950,200.0,2304,1704.91,589824,0.1353834867477417,19944.45595703125,8178.7958984375,-0.0018849996151402593,0.3,0.0003,0.00036322558,23030,-1.508696085214615,0.0
620,950,200.0,2305,1712.68,590080,0.11789578199386597,18828.40267944336,3246.837890625,-0.001536654168739915,0.3,0.0003,0.00077258656,23040,-1.215539914369583,0.0
620,950,200.0,2306,1710.41,590336,0.5683354139328003,3063.094201660156,1342.1226806640625,-0.006455475045368075,0.3,0.0003,0.006496627,23050,-1.538311207294464,0.006640625
621,950,200.0,2307,1709.89,590592,0.47125595808029175,7555.669543457031,4447.2197265625,-0.003562488337047398,0.3,0.0003,0.002807327,23060,-1.5132527828216553,0.002734375
621,950,200.0,2308,1716.91,590848,0.4691463112831116,6579.081158447266,3502.34375,-0.0018512446666136384,0.3,0.0003,0.001382027,23070,-1.4656911969184876,0.0
621,950,200.0,2309,1724.36,591104,0.24793165922164917,17534.275,6473.8408203125,0.00017171992221847175,0.3,0.0003,0.00039999187,23080,-1.2849265456199646,0.0
621,950,200.0,2310,1729.26,591360,0.5547477006912231,5387.609948730469,1793.6131591796875,-0.0016563382116146386,0.3,0.0003,0.0007640978,23090,-1.3636614978313446,0.0
622,950,200.0,2311,1727.24,591616,0.5102988481521606,6570.17398223877,2244.554443359375,-0.00082593800034374,0.3,0.0003,0.0010195638,23100,-1.289307415485382,0.0
622,950,200.0,2312,1734.11,591872,0.2634848952293396,20807.186401367188,9356.9990234375,-0.0003729551797732711,0.3,0.0003,0.0005958129,23110,-1.208718752861023,0.0
622,950,200.0,2313,1732.05,592128,0.4414364695549011,7304.408935546875,1865.6357421875,-0.0016573047265410422,0.3,0.0003,0.00075952127,23120,-1.4072185814380647,0.0
623,950,200.0,2314,1732.01,592384,0.5765466690063477,5648.792663574219,3804.09912109375,-0.0006979222642257809,0.3,0.0003,0.0006451204,23130,-1.359203964471817,0.0
623,950,200.0,2315,1710.54,592640,0.5510274171829224,6242.996984863281,819.2094116210938,-0.0002070400514639914,0.3,0.0003,6.180513e-05,23140,-1.2391706109046936,0.0
623,950,200.0,2316,1708.23,592896,0.5429890155792236,13837.426489257812,5410.763671875,-2.944867592304945e-05,0.3,0.0003,1.421012e-05,23150,-1.2262418806552886,0.0
623,950,200.0,2317,1717.79,593152,0.6175248622894287,6039.99524230957,494.9671936035156,-0.0009550123941153288,0.3,0.0003,0.0005773932,23160,-1.2830769002437592,0.0
624,950,200.0,2318,1713.96,593408,0.33783453702926636,4176.431799316406,1856.740478515625,-0.0030544763198122383,0.3,0.0003,0.0015418322,23170,-1.5102350950241088,0.00078125
624,950,200.0,2319,1722.88,593664,0.15262669324874878,30265.4916015625,6902.0068359375,-0.0011113204760476946,0.3,0.0003,0.0004680038,23180,-1.122409588098526,0.0
624,950,200.0,2320,1711.74,593920,0.48044681549072266,7258.2421875,1393.8779296875,-0.0009643338155001402,0.3,0.0003,0.00029697968,23190,-1.446006816625595,0.0
624,950,200.0,2321,1698.98,594176,0.29003167152404785,8906.473205566406,2165.838623046875,-0.0014767906628549098,0.3,0.0003,0.00055143517,23200,-1.1233904838562012,0.0
625,950,200.0,2322,1719.81,594432,0.48401057720184326,7216.266241455078,4191.71728515625,-0.0022649542544968424,0.3,0.0003,0.0016778572,23210,-1.4587395787239075,0.000390625
625,950,200.0,2323,1719.1,594688,0.11652672290802002,23008.38154296875,9637.6845703125,-0.0015416657784953713,0.3,0.0003,0.0011896216,23220,-1.4638074517250061,0.0
625,950,200.0,2324,1696.74,594944,0.3561657667160034,8665.771728515625,4333.89453125,-0.0009307283442467451,0.3,0.0003,0.0003317697,23230,-1.3762924194335937,0.0
626,950,200.0,2325,1686.73,595200,0.4448017477989197,8188.44150390625,4778.4384765625,-0.000547177589032799,0.3,0.0003,0.00023682648,23240,-1.3220800101757049,0.0
626,950,200.0,2326,1684.92,595456,0.46547073125839233,10026.800122070312,2394.80615234375,-0.00011735371081158518,0.3,0.0003,0.00022171694,23250,-1.146456390619278,0.0
626,950,200.0,2327,1684.27,595712,0.5825451016426086,10532.907287597656,4299.00390625,-0.0033294900320470335,0.3,0.0003,0.0056951838,23260,-1.3831707000732423,0.0
626,950,200.0,2328,1685.38,595968,0.47258633375167847,6120.075891113282,2346.836669921875,-9.163132635876536e-05,0.3,0.0003,0.0007305434,23270,-1.3189733266830443,0.0
627,950,200.0,2329,1689.39,596224,0.3580514192581177,9718.64951171875,4335.64111328125,-0.00044336345745250584,0.3,0.0003,0.0001045682,23280,-1.3130556881427764,0.0
627,950,200.0,2330,1683.35,596480,0.39947718381881714,13081.69296875,4258.7236328125,-0.00029297496075741947,0.3,0.0003,0.00018338021,23290,-1.3632376968860627,0.0
627,950,200.0,2331,1688.31,596736,0.49454134702682495,6578.218212890625,4075.32275390625,-0.0018043036689050496,0.3,0.0003,0.0040011075,23300,-1.341541200876236,0.0
627,950,200.0,2332,1673.41,596992,0.27944761514663696,8250.728442382813,4240.6708984375,-0.0009432213148102165,0.3,0.0003,0.002322513,23310,-1.2263600826263428,0.0
628,950,200.0,2333,1685.32,597248,0.36443227529525757,7106.360778808594,3667.841552734375,-8.584116585552692e-05,0.3,0.0003,6.4118765e-05,23320,-1.315284514427185,0.0
628,950,200.0,2334,1685.29,597504,0.553896427154541,11478.341723632813,5102.9921875,-0.0014511889079585672,0.3,0.0003,0.00068752095,23330,-1.387066948413849,0.0
628,950,200.0,2335,1673.72,597760,0.16357898712158203,12418.53907470703,6452.74462890625,-0.0025171578861773016,0.3,0.0003,0.00066053495,23340,-1.4993709027767181,0.0
629,950,200.0,2336,1692.54,598016,0.47241127490997314,6935.868469238281,1554.6097412109375,0.00025337745901197193,0.3,0.0003,9.81756e-05,23350,-1.375854605436325,0.0
629,950,200.0,2337,1689.93,598272,0.504716157913208,12587.882543945312,7314.52392578125,-0.0003606643527746201,0.3,0.0003,0.00022677612,23360,-1.2950399339199066,0.0
629,950,200.0,2338,1700.97,598528,0.5962508916854858,7170.2041015625,4704.7724609375,-0.00201950550545007,0.3,0.0003,0.0025910921,23370,-1.3021604239940643,0.0
629,950,200.0,2339,1706.76,598784,0.4895859956741333,6990.475793457032,2464.183349609375,-0.0020107736578211187,0.3,0.0003,0.0016942862,23380,-1.325496119260788,0.0
630,950,200.0,2340,1710.74,599040,0.5023956298828125,5991.361697387695,4246.2236328125,-0.0003879411495290697,0.3,0.0003,0.0016554908,23390,-1.383607703447342,0.0
630,950,200.0,2341,1706.03,599296,0.5086226463317871,9099.478784179688,5549.25341796875,-3.264617989771068e-05,0.3,0.0003,8.287979e-05,23400,-1.1386151254177093,0.0
630,950,200.0,2342,1690.56,599552,-0.9300051927566528,4452.554370117187,1146.0789794921875,-0.0022332788561470807,0.3,0.0003,0.00059427996,23410,-1.129428207874298,0.0
631,950,200.0,2343,1676.92,599808,0.056109845638275146,15047.554418945312,3975.11083984375,-0.00038405242376029494,0.3,0.0003,0.0002970472,23420,-1.4511030912399292,0.0
631,950,200.0,2344,1666.45,600064,0.2953353524208069,10455.920922851563,1517.8297119140625,-2.72850738838315e-05,0.3,0.0003,1.6190577e-05,23430,-1.269105648994446,0.0
631,950,200.0,2345,1676.23,600320,0.530921995639801,7609.999731445312,4265.8046875,-0.0005255185591522604,0.3,0.0003,9.882194e-05,23440,-1.4113978028297425,0.0
632,950,200.0,2346,1675.19,600576,0.48537003993988037,3377.8610412597654,1680.333251953125,-0.006406250479631126,0.3,0.0003,0.00349545,23450,-1.4186126351356507,0.000390625
632,950,200.0,2347,1689.28,600832,0.4004278779029846,16257.90107421875,7345.71435546875,-0.0026247724890708923,0.3,0.0003,0.005432172,23460,-1.3894077360630035,0.000390625
632,950,200.0,2348,1676.03,601088,0.20557528734207153,18266.33937988281,10079.4169921875,-0.0024397465400397777,0.3,0.0003,0.0015105198,23470,-1.2219471395015717,0.0
632,950,200.0,2349,1693.73,601344,0.5534486770629883,7384.375927734375,790.2904663085938,-0.008880265383049845,0.3,0.0003,0.008945326,23480,-1.4158863306045533,0.00703125
633,950,200.0,2350,1692.16,601600,0.3803144693374634,10610.156579589844,7590.353515625,0.0005420477362349629,0.3,0.0003,0.0020328972,23490,-1.3180752277374268,0.0
633,950,200.0,2351,1698.24,601856,0.5594339370727539,6524.010083007813,3567.860595703125,-0.003214487573131919,0.3,0.0003,0.0031274469,23500,-1.3572969257831573,0.0
633,950,200.0,2352,1700.79,602112,0.4993271231651306,11159.917260742188,4830.115234375,-0.00011421495582908392,0.3,0.0003,0.0007976417,23510,-1.328433483839035,0.0
633,950,200.0,2353,1696.07,602368,0.20275193452835083,14276.128784179688,6084.74365234375,-0.0011206728755496441,0.3,0.0003,0.0017456121,23520,-1.329845380783081,0.0
634,950,200.0,2354,1703.25,602624,-0.006921291351318359,21973.30517578125,8992.7822265625,-0.0023811356630176308,0.3,0.0003,0.00078176754,23530,-1.4958901762962342,0.0
634,950,200.0,2355,1721.22,602880,0.13945096731185913,17099.761767578126,5438.9599609375,-0.0010083093075081706,0.3,0.0003,0.00044382387,23540,-1.1532059729099273,0.0
634,950,200.0,2356,1713.4,603136,0.3878735899925232,1921.1077026367188,494.2595520019531,-0.01066091493703425,0.3,0.0003,0.01170354,23550,-1.2383226692676543,0.022265625
635,950,200.0,2357,1713.0,603392,0.3328216075897217,11204.549731445313,6824.75048828125,0.00012671905569732188,0.3,0.0003,0.00038128183,23560,-1.4352767288684845,0.0
635,950,200.0,2358,1711.05,603648,0.5802267789840698,5254.816619873047,2775.96923828125,-0.00218140403740108,0.3,0.0003,0.002250046,23570,-1.360301774740219,0.0
635,950,200.0,2359,1719.11,603904,0.45675128698349,14464.56240234375,9489.232421875,-0.0013789085438475012,0.3,0.0003,0.00083935494,23580,-1.285953974723816,0.0
635,950,200.0,2360,1702.76,604160,0.4017810821533203,9253.106994628906,3958.81884765625,-0.0017045659944415093,0.3,0.0003,0.00045293663,23590,-1.3888965606689454,0.0
636,950,200.0,2361,1712.12,604416,0.5189472436904907,5367.465490722656,2424.966796875,-0.0016356948588509112,0.3,0.0003,0.0017422067,23600,-1.3742293775081635,0.0
636,950,200.0,2362,1708.97,604672,0.41458427906036377,14697.175170898438,5206.22314453125,0.000373947131447494,0.3,0.0003,0.00056128297,23610,-1.2317142724990844,0.0
636,950,200.0,2363,1705.92,604928,0.10915374755859375,22356.071142578126,13391.796875,-0.0014079103246331214,0.3,0.0003,0.0008172579,23620,-1.4615654170513153,0.0
637,950,200.0,2364,1708.37,605184,-0.08911323547363281,24913.5515625,17958.0625,-0.001625826582312584,0.3,0.0003,0.0008990478,23630,-1.5952007710933684,0.0
637,949,200.0,2365,1736.96,605440,0.14680635929107666,27080.50322265625,10739.57421875,-0.001962669100612402,0.3,0.0003,0.00087400153,23640,-1.4786843597888946,0.0
637,949,200.0,2366,1735.51,605696,0.5153765082359314,10948.761889648438,5917.6845703125,-0.001517500006593764,0.3,0.0003,0.0017910013,23650,-1.3423331022262572,0.0
637,949,200.0,2367,1726.96,605952,0.5744330883026123,5196.180360412598,174.29103088378906,-0.005416770535521209,0.3,0.0003,0.017870136,23660,-1.2372255623340607,0.04609375
638,949,200.0,2368,1730.11,606208,0.38017529249191284,8111.119128417969,4870.03955078125,-0.00036958688870072367,0.3,0.0003,0.0016781555,23670,-1.2124940991401671,0.0
638,949,200.0,2369,1738.82,606464,0.42854613065719604,7522.265270996094,2794.999267578125,-0.00014832830056548118,0.3,0.0003,0.00018246635,23680,-1.2191201508045197,0.0
638,949,200.0,2370,1752.2,606720,0.11088168621063232,20936.485400390626,9729.85546875,-0.004172800492960959,0.3,0.0003,0.0009808226,23690,-1.397288167476654,0.0
638,949,200.0,2371,1752.38,606976,0.5486403703689575,6433.885247802735,2397.8623046875,-0.0003302784636616707,0.3,0.0003,0.00093064737,23700,-1.3730945408344268,0.0
639,949,200.0,2372,1758.03,607232,0.31967663764953613,8443.18525390625,3205.493408203125,-0.00042408088338561354,0.3,0.0003,0.00027455646,23710,-1.255213212966919,0.0
639,949,200.0,2373,1750.25,607488,0.4628109335899353,10922.700134277344,1444.5361328125,-0.0005306624691002071,0.3,0.0003,0.00021866988,23720,-1.4307125091552735,0.0
639,949,200.0,2374,1752.49,607744,0.27232825756073,10768.329809570312,5208.0771484375,-0.0008406841196119785,0.3,0.0003,0.00034526363,23730,-1.6337519884109497,0.0
640,949,200.0,2375,1758.59,608000,0.5529865026473999,7497.044934082031,2517.904052734375,-0.0018705521710217,0.3,0.0003,0.0015127207,23740,-1.3785148918628694,0.000390625
640,949,200.0,2376,1772.19,608256,0.36628472805023193,11459.371313476562,3950.962890625,-0.0036819080589339135,0.3,0.0003,0.0030705333,23750,-1.4669476449489594,0.0015625
640,949,200.0,2377,1764.86,608512,0.48407119512557983,11068.721771240234,753.1199951171875,-0.0008373931632377207,0.3,0.0003,0.00038451864,23760,-1.266145759820938,0.0
640,949,200.0,2378,1780.47,608768,0.3696329593658447,9112.607818603516,5952.9775390625,-0.00029305683565326033,0.3,0.0003,0.0009596539,23770,-1.1493030488491058,0.0
641,949,200.0,2379,1766.38,609024,0.5226349830627441,5936.329541015625,2213.12109375,-0.0006519601680338383,0.3,0.0003,0.00032801065,23780,-1.2988780856132507,0.0
641,949,200.0,2380,1766.42,609280,0.3630519509315491,16336.235571289062,7859.970703125,-0.0018322073854506015,0.3,0.0003,0.0006684752,23790,-1.4059313654899597,0.0
641,949,200.0,2381,1781.37,609536,0.34764015674591064,10314.799780273437,4872.126953125,-0.008739615185186267,0.3,0.0003,0.0045560244,23800,-1.3389867484569549,0.00859375
642,949,200.0,2382,1777.16,609792,0.5266711711883545,8853.506030273438,5415.85595703125,-0.009371117618866266,0.3,0.0003,0.0031496102,23810,-1.4664900064468385,0.001953125
642,949,200.0,2383,1745.4,610048,0.22379255294799805,13304.55361328125,3731.30810546875,-0.00590709107927978,0.3,0.0003,0.0030314582,23820,-1.6565991044044495,0.0
642,949,200.0,2384,1737.51,610304,-0.8118911981582642,8166.398046875,2122.486083984375,0.0007847712258808315,0.3,0.0003,7.1624294e-05,23830,-1.6146301090717317,0.0
642,949,200.0,2385,1724.71,610560,0.5333678722381592,5634.181201171875,609.4623413085938,-0.0026142964139580726,0.3,0.0003,0.0020371573,23840,-1.3803528130054474,0.001171875
643,949,200.0,2386,1700.94,610816,0.644834041595459,4122.688491821289,2840.90087890625,-0.004453929851297289,0.3,0.0003,0.0078046084,23850,-1.2603630244731903,0.00859375
643,949,200.0,2387,1706.07,611072,0.504133403301239,17188.42783203125,13331.1572265625,0.0006171866552904248,0.3,0.0003,0.002812184,23860,-1.2003364980220794,0.0
643,949,200.0,2388,1717.6,611328,0.5287730693817139,7604.495288085937,3012.339599609375,-0.002203028975054622,0.3,0.0003,0.0018818418,23870,-1.3959284245967865,0.0
643,949,200.0,2389,1715.09,611584,0.37086594104766846,9829.40283203125,3066.296875,-0.0037225019186735153,0.3,0.0003,0.0052262098,23880,-1.3568823277950286,0.010546875
644,949,200.0,2390,1705.59,611840,0.20008724927902222,10416.743579101563,4002.27880859375,0.0002469243248924613,0.3,0.0003,0.00012512621,23890,-1.1715360879898071,0.0
644,949,200.0,2391,1707.93,612096,0.37815046310424805,15379.12099609375,8991.3271484375,-0.0012490183115005493,0.3,0.0003,0.00018945988,23900,-1.3032690286636353,0.0
644,949,200.0,2392,1721.5,612352,0.5629293918609619,6740.502655029297,5836.2548828125,-0.0025633575394749643,0.3,0.0003,0.0016477373,23910,-1.3957869827747345,0.0
645,949,200.0,2393,1720.12,612608,0.43214094638824463,8279.4193359375,5580.56201171875,-0.0007088400889188051,0.3,0.0003,0.00035413937,23920,-1.3099972784519196,0.0
645,949,200.0,2394,1733.78,612864,0.41025471687316895,13630.2544921875,2952.484130859375,-0.0007647544261999428,0.3,0.0003,0.0003990014,23930,-1.5009618997573853,0.0
645,949,200.0,2395,1689.77,613120,0.5397763252258301,4418.589001464844,1748.292236328125,-0.0028955918038263916,0.3,0.0003,0.0018380848,23940,-1.4801254451274872,0.0
645,949,200.0,2396,1710.75,613376,0.7188527584075928,6904.522155761719,3907.54248046875,-0.004942379868589341,0.3,0.0003,0.006373355,23950,-1.689835923910141,0.00078125
646,949,200.0,2397,1695.63,613632,0.17683887481689453,12756.001306152344,7151.47314453125,-0.0007611650507897139,0.3,0.0003,0.0013730174,23960,-1.3863406360149384,0.0
646,949,200.0,2398,1692.07,613888,0.4590722322463989,7794.442846679687,2359.426513671875,-0.001933138200547546,0.3,0.0003,0.00059461524,23970,-1.455947256088257,0.0
646,949,200.0,2399,1692.23,614144,0.42931807041168213,2496.679638671875,655.2129516601562,-0.004961661156266927,0.3,0.0003,0.0021791023,23980,-1.4815932989120484,0.0
646,949,200.0,2400,1684.33,614400,-0.06350195407867432,49130.49375,28029.95703125,-0.003283243894111365,0.3,0.0003,0.0027958415,23990,-1.5848494946956635,0.0
647,949,200.0,2401,1689.61,614656,0.5684634447097778,7413.060522460937,4546.89306640625,-0.00120367466006428,0.3,0.0003,0.00065174745,24000,-1.4308578729629517,0.0
647,949,200.0,2402,1702.62,614912,0.49865221977233887,11372.291650390625,4885.2646484375,-0.001000153401400894,0.3,0.0003,0.00066486164,24010,-1.4061613380908966,0.0
647,949,200.0,2403,1697.13,615168,-0.032564520835876465,15974.5888671875,5944.232421875,-0.004184953484218568,0.3,0.0003,0.0008093703,24020,-1.4412258505821227,0.0
648,949,200.0,2404,1702.88,615424,0.33954018354415894,10664.882495117188,5053.69287109375,-0.0013173826038837433,0.3,0.0003,0.0010715786,24030,-1.5408854842185975,0.0
648,949,200.0,2405,1703.04,615680,0.4688461422920227,11092.544372558594,8426.84375,0.0013663333375006914,0.3,0.0003,0.00017455523,24040,-1.3637239575386046,0.0
648,949,200.0,2406,1709.13,615936,0.3317255973815918,10440.504638671875,4229.0869140625,-0.0051463762763887646,0.3,0.0003,0.0013629412,24050,-1.3466400504112244,0.0
648,949,200.0,2407,1711.44,616192,0.44818753004074097,5422.672937011719,2234.89990234375,-0.0013854933087714017,0.3,0.0003,0.00074920873,24060,-1.361028242111206,0.0
649,949,200.0,2408,1697.44,616448,0.4709412455558777,5332.591641235352,2594.517822265625,-0.00107009697239846,0.3,0.0003,0.00080962153,24070,-1.4742947280406953,0.0
649,949,200.0,2409,1708.11,616704,0.3713749051094055,14012.8849609375,5313.16162109375,-0.00038364530773833395,0.3,0.0003,0.00025618938,24080,-1.1039406716823579,0.0
649,949,200.0,2410,1710.21,616960,0.5763645172119141,6265.474365234375,761.320556640625,-0.0012339181965216994,0.3,0.0003,0.0006031294,24090,-1.3908869624137878,0.0
649,949,200.0,2411,1710.12,617216,0.21991920471191406,12879.116479492188,5281.3076171875,-6.183900404721498e-05,0.3,0.0003,0.00029387814,24100,-1.4225271224975586,0.0
650,949,200.0,2412,1712.06,617472,0.48737186193466187,16828.916552734376,10895.6787109375,-0.00032785794464871285,0.3,0.0003,9.6879434e-05,24110,-0.9356993138790131,0.0
650,949,200.0,2413,1709.84,617728,0.3982776403427124,7204.2171630859375,1939.391357421875,-0.0005298868985846638,0.3,0.0003,0.000691453,24120,-1.259744155406952,0.0
650,949,200.0,2414,1709.76,617984,0.571591854095459,6959.967749023437,3628.118408203125,-0.002024346124380827,0.3,0.0003,0.0024036185,24130,-1.3901940703392028,0.001171875
651,949,200.0,2415,1695.1,618240,0.40427809953689575,9758.259985351562,5965.57861328125,-0.001758579071611166,0.3,0.0003,0.0011401146,24140,-1.4619896590709687,0.0
651,949,200.0,2416,1687.29,618496,0.4753994941711426,15739.647216796875,6451.076171875,6.659498903900385e-05,0.3,0.0003,0.00043700542,24150,-1.3612571239471436,0.0
651,949,200.0,2417,1670.33,618752,0.1226087212562561,3439.155224609375,1020.6854858398438,-0.0031989464070647953,0.3,0.0003,0.0019433184,24160,-1.3140988647937775,0.000390625
651,949,200.0,2418,1687.48,619008,0.5810511112213135,7310.220812988281,1954.3160400390625,-0.0021657318924553693,0.3,0.0003,0.0024489206,24170,-1.4137371897697448,0.0
652,949,200.0,2419,1704.21,619264,0.4315751791000366,12777.277221679688,2936.21875,-0.002899221843108535,0.3,0.0003,0.002036963,24180,-1.456640785932541,0.0
652,949,200.0,2420,1717.67,619520,0.4437904953956604,7730.123840332031,2769.811767578125,-0.0018645321018993855,0.3,0.0003,0.0009884741,24190,-1.3765812754631042,0.0
652,949,200.0,2421,1712.2,619776,0.02416408061981201,23805.517529296874,13329.7880859375,-0.003654493624344468,0.3,0.0003,0.0015814775,24200,-1.415017658472061,0.0
652,949,200.0,2422,1726.27,620032,0.6911128759384155,6092.546435546875,3619.9375,-0.0012531647691503168,0.3,0.0003,0.0010907385,24210,-1.3767759680747986,0.0
653,949,200.0,2423,1731.35,620288,0.47985678911209106,12193.416186523438,9428.125,-0.0041032176930457355,0.3,0.0003,0.0096089905,24220,-1.2905295670032502,0.012890625
653,949,200.0,2424,1735.13,620544,0.10618948936462402,21405.374951171874,10743.857421875,0.00011732280254364013,0.3,0.0003,0.0024202322,24230,-1.1719580173492432,0.0
653,949,200.0,2425,1714.73,620800,-0.08518815040588379,24222.306103515624,12131.2919921875,-0.0022614594316110017,0.3,0.0003,0.0010649725,24240,-1.6022978723049164,0.0
653,949,200.0,2426,1699.83,621056,0.2931756377220154,9466.484228515625,2874.672119140625,-0.00045346333645284175,0.3,0.0003,0.00017068,24250,-1.5640784323215484,0.0
654,949,200.0,2427,1683.95,621312,0.4321821928024292,7545.890167236328,3216.837890625,-0.003813696652650833,0.3,0.0003,0.0053526144,24260,-1.1642244398593902,0.00625
654,949,200.0,2428,1684.94,621568,0.4851781725883484,5870.48251953125,4794.03759765625,-0.0029528453713282945,0.3,0.0003,0.009391388,24270,-1.2138007938861848,0.010546875
654,949,200.0,2429,1646.13,621824,-0.13328790664672852,3709.4142333984373,1088.3270263671875,0.00013306145556271076,0.3,0.0003,0.0016742109,24280,-1.3645727455615997,0.0
655,949,200.0,2430,1633.49,622080,0.12746846675872803,13597.11416015625,7027.86962890625,-0.0034079512115567923,0.3,0.0003,0.0004158707,24290,-1.452282154560089,0.0
655,949,200.0,2431,1632.18,622336,0.3493742346763611,7147.117126464844,726.964111328125,-0.0011615791008807719,0.3,0.0003,0.00029415684,24300,-1.4316942036151885,0.0
655,949,200.0,2432,1642.93,622592,0.4775680899620056,7104.673901367188,4014.09033203125,-0.0009792301105335354,0.3,0.0003,0.0004569788,24310,-1.5427712380886078,0.0
655,949,200.0,2433,1646.32,622848,0.40815651416778564,7029.418994140625,2440.727294921875,-0.015086056711152197,0.3,0.0003,0.021849878,24320,-1.4778650045394897,0.021484375
656,949,200.0,2434,1653.26,623104,0.6033675670623779,10122.561499023437,4843.5986328125,0.0021852613310329614,0.3,0.0003,0.0014236991,24330,-1.4546583235263824,0.00078125
656,949,200.0,2435,1645.44,623360,-0.25763368606567383,4193.053503417968,1612.6748046875,-0.010759030422195792,0.3,0.0003,0.008785696,24340,-1.3219390094280243,0.008203125
656,949,200.0,2436,1654.66,623616,0.5448006391525269,6930.323645019531,3490.868408203125,0.0003937912988476455,0.3,0.0003,0.0010514914,24350,-1.4530575096607208,0.0
656,949,200.0,2437,1655.31,623872,0.5492310523986816,11813.831079101563,8164.13037109375,-0.00844518420053646,0.3,0.0003,0.013402615,24360,-1.3247776091098786,0.01328125
657,949,200.0,2438,1654.46,624128,0.38993334770202637,7981.273193359375,2859.0771484375,-8.33302445244044e-05,0.3,0.0003,0.0034437955,24370,-1.2517110586166382,0.001953125
657,949,200.0,2439,1654.9,624384,0.44510459899902344,7406.050231933594,444.5540466308594,-4.414873546920717e-05,0.3,0.0003,9.459886e-05,24380,-1.3749912977218628,0.0
657,949,200.0,2440,1665.57,624640,0.4476664662361145,7400.815026855469,3247.52783203125,-0.0015908469446003436,0.3,0.0003,0.0008565488,24390,-1.3800894021987915,0.0
657,949,200.0,2441,1669.11,624896,0.6083452701568604,8513.021838378907,2860.740478515625,-0.0027218705508857965,0.3,0.0003,0.0049044965,24400,-1.3984925508499146,0.00078125
658,949,200.0,2442,1685.16,625152,0.508798360824585,8258.664916992188,3437.1396484375,6.9568399339914325e-06,0.3,0.0003,0.0013807514,24410,-1.411777526140213,0.0
658,949,200.0,2443,1664.29,625408,0.5705388188362122,5825.124212646484,1374.0711669921875,-0.005290054075885564,0.3,0.0003,0.016603705,24420,-1.3567124724388122,0.035546875
658,949,200.0,2444,1662.25,625664,0.352813184261322,14904.521313476562,1070.3212890625,-0.003189731470774859,0.3,0.0003,0.0061789416,24430,-1.4227458834648132,0.0046875
659,949,200.0,2445,1660.95,625920,0.49206382036209106,1885.6338745117187,367.64892578125,-0.003512488817796111,0.3,0.0003,0.0012704544,24440,-1.5230262279510498,0.0
659,949,200.0,2446,1652.71,626176,-0.0071392059326171875,14557.190795898438,6086.1884765625,-0.00210364768281579,0.3,0.0003,0.0005177611,24450,-1.602692723274231,0.0
659,949,200.0,2447,1645.85,626432,0.10371768474578857,43986.8595703125,21462.796875,-0.0017927351174876094,0.3,0.0003,0.00077359006,24460,-1.644632911682129,0.0
659,949,200.0,2448,1630.25,626688,0.011104285717010498,15246.079956054688,5951.53515625,-0.0010412372765131294,0.3,0.0003,0.0003079106,24470,-1.4504644393920898,0.0
660,949,200.0,2449,1625.57,626944,0.22034847736358643,29355.565625,13778.9462890625,-0.0009405473945662379,0.3,0.0003,0.00012146006,24480,-1.411118507385254,0.0
660,949,200.0,2450,1629.16,627200,0.5159566402435303,7205.285876464844,3793.445068359375,-0.007677658461034298,0.3,0.0003,0.011826075,24490,-1.5364881455898285,0.005078125
660,949,200.0,2451,1637.07,627456,0.22562408447265625,11815.276611328125,3276.216796875,0.001752011408098042,0.3,0.0003,0.0036510306,24500,-1.584162712097168,0.0
660,949,200.0,2452,1634.67,627712,0.48626822233200073,10737.52509765625,3788.43017578125,-0.003388137184083462,0.3,0.0003,0.003849714,24510,-1.39893137216568,0.00703125
661,949,200.0,2453,1616.9,627968,0.5779229402542114,5088.768743896484,1345.0615234375,-0.0009914620080962778,0.3,0.0003,0.0011069751,24520,-1.430066704750061,0.0
661,949,200.0,2454,1611.61,628224,0.024253487586975098,20498.180578613283,8436.3212890625,-0.01270471210591495,0.3,0.0003,0.005468838,24530,-1.4667633652687073,0.00546875
661,949,200.0,2455,1608.98,628480,0.14584225416183472,25048.101220703124,11596.0478515625,-0.004205309716053307,0.3,0.0003,0.0030651968,24540,-1.5603236973285675,0.001171875
662,949,200.0,2456,1598.26,628736,0.6170874834060669,4718.773889160157,2449.798095703125,-0.001659125543665141,0.3,0.0003,0.000863052,24550,-1.4956496894359588,0.0
662,949,200.0,2457,1600.67,628992,0.42841362953186035,6988.298901367188,4027.59130859375,-0.00036364832776598633,0.3,0.0003,0.00075703976,24560,-1.40133056640625,0.0
662,949,200.0,2458,1606.37,629248,0.5272002220153809,5894.3060302734375,1560.978271484375,-0.0006318746018223464,0.3,0.0003,0.00042346655,24570,-1.4961095929145813,0.0
662,949,200.0,2459,1590.24,629504,0.43807023763656616,12977.956665039062,6379.1953125,-0.0035253251786343752,0.3,0.0003,0.00091328705,24580,-1.407060879468918,0.0
663,949,200.0,2460,1604.6,629760,0.5198923349380493,7385.622021484375,4217.59521484375,-0.00369812254793942,0.3,0.0003,0.0020454146,24590,-1.4705232679843903,0.0015625
663,949,200.0,2461,1652.95,630016,0.44852226972579956,6911.016918945313,3777.489990234375,-0.004274150135461241,0.3,0.0003,0.005745557,24600,-1.4147476494312285,0.003515625
663,949,200.0,2462,1659.52,630272,0.3669561743736267,8688.47169189453,2930.592041015625,-0.01370791089721024,0.3,0.0003,0.027520541,24610,-1.4514631807804108,0.07265625
663,949,200.0,2463,1661.55,630528,0.608475923538208,6107.906823730469,1677.6226806640625,-0.0011507438728585839,0.3,0.0003,0.0014768285,24620,-1.4109670400619507,0.0
664,949,200.0,2464,1667.88,630784,0.5490555763244629,5565.549772644043,1894.8900146484375,-0.002044351026415825,0.3,0.0003,0.0029364466,24630,-1.4774370312690734,0.001171875
664,949,200.0,2465,1669.98,631040,0.19045519828796387,14595.94051513672,6432.58447265625,0.0015916490112431348,0.3,0.0003,0.00043657096,24640,-1.383461207151413,0.0
664,949,200.0,2466,1672.25,631296,0.36973124742507935,16390.47770996094,11789.287109375,-0.0024340454721823333,0.3,0.0003,0.0012265162,24650,-1.4646695733070374,0.0
664,949,200.0,2467,1672.76,631552,0.5606153607368469,7605.152624511718,1591.82958984375,-0.003065782831981778,0.3,0.0003,0.0010226474,24660,-1.433741021156311,0.0
665,949,200.0,2468,1655.66,631808,0.25966203212738037,2253.3233947753906,633.873291015625,-0.006846870435401798,0.3,0.0003,0.0044204853,24670,-1.090278434753418,0.003125
665,949,200.0,2469,1664.54,632064,0.46889007091522217,7150.815576171875,3297.567138671875,-0.003935222898144275,0.3,0.0003,0.0070159268,24680,-1.4344356536865235,0.01171875
665,949,200.0,2470,1654.89,632320,0.6123939156532288,4652.356710815429,2473.731201171875,-0.0012595437467098237,0.3,0.0003,0.0009692253,24690,-1.3877677083015443,0.0
666,949,200.0,2471,1659.03,632576,0.5384929180145264,5511.091156005859,4035.5595703125,-0.0014185959938913585,0.3,0.0003,0.0007450045,24700,-1.436292964220047,0.0
666,949,200.0,2472,1665.52,632832,0.6393681764602661,5661.178448486328,5140.27294921875,-0.0016820703633129597,0.3,0.0003,0.0023197492,24710,-1.268229740858078,0.0
666,949,200.0,2473,1692.01,633088,0.46854305267333984,11544.311181640625,5081.13134765625,-0.0012728032364975662,0.3,0.0003,0.0022850996,24720,-1.306925404071808,0.000390625
666,949,200.0,2474,1677.68,633344,0.23088377714157104,11682.84296875,6067.57958984375,-0.0018865346908569336,0.3,0.0003,0.0011042692,24730,-1.4473364651203156,0.0
667,949,200.0,2475,1690.95,633600,0.4950547218322754,6291.925378417969,2514.432373046875,-0.0004947919165715575,0.3,0.0003,0.00044874474,24740,-1.3397298991680144,0.0
667,949,200.0,2476,1694.78,633856,0.26307743787765503,12773.127807617188,8600.337890625,-0.007172334962524474,0.3,0.0003,0.004237834,24750,-1.3819881439208985,0.003125
667,949,200.0,2477,1693.7,634112,0.37638038396835327,14108.143115234376,9060.61328125,-0.0031812704633921384,0.3,0.0003,0.0013369254,24760,-1.2132822632789613,0.0
667,949,200.0,2478,1707.47,634368,0.5069581866264343,7750.920526123047,5940.81591796875,-0.001763002760708332,0.3,0.0003,0.0009518324,24770,-1.4126877546310426,0.0
668,949,200.0,2479,1693.37,634624,0.6499107480049133,5020.8912353515625,1958.5709228515625,-0.0042235045693814754,0.3,0.0003,0.0043367106,24780,-1.3437966406345367,0.0
668,949,200.0,2480,1706.78,634880,0.45814162492752075,14310.58447265625,11433.46484375,-0.0025907874864060433,0.3,0.0003,0.005216056,24790,-1.3917236983776093,0.00546875
668,949,200.0,2481,1702.21,635136,0.5091056227684021,3117.3148681640623,1093.948486328125,-0.004687272070441395,0.3,0.0003,0.0066013956,24800,-1.3730738699436187,0.00703125
669,949,200.0,2482,1696.81,635392,0.3365505337715149,10700.760961914062,4924.84912109375,-0.004093414079397917,0.3,0.0003,0.0055587757,24810,-1.3571806788444518,0.008984375
669,949,200.0,2483,1705.99,635648,0.5142382383346558,7058.216784667969,3709.58349609375,-0.001906383887398988,0.3,0.0003,0.0011491762,24820,-1.4148431658744811,0.0
669,949,200.0,2484,1699.23,635904,0.5854166746139526,11560.863403320312,7304.82275390625,-0.0008524485398083925,0.3,0.0003,0.001936903,24830,-1.3238406956195832,0.0
669,949,200.0,2485,1691.98,636160,-0.027410268783569336,3956.8263977050783,984.8102416992188,-0.002378638810478151,0.3,0.0003,0.0034445375,24840,-1.1659272611141205,0.00078125
670,949,200.0,2486,1702.0,636416,0.6339393854141235,1566.6311584472655,638.3615112304688,-0.008768768794834614,0.3,0.0003,0.010872077,24850,-1.4501962602138518,0.00859375
670,949,200.0,2487,1700.06,636672,0.1447475552558899,40973.78486328125,7665.3603515625,0.003531293128617108,0.3,0.0003,0.0022936007,24860,-1.3395477116107941,0.0
670,949,200.0,2488,1688.16,636928,0.5128551721572876,5559.690447998047,430.06927490234375,-0.005770957563072443,0.3,0.0003,0.0071448255,24870,-1.3395219087600707,0.008984375
670,949,200.0,2489,1677.13,637184,0.4653175473213196,7830.974670410156,1852.68603515625,-0.006266875541768968,0.3,0.0003,0.0058662975,24880,-1.1705007553100586,0.004296875
671,949,200.0,2490,1675.15,637440,0.4195966124534607,7005.152645874024,105.90025329589844,-0.001712092210073024,0.3,0.0003,0.013295045,24890,-1.229577898979187,0.015625
671,949,200.0,2491,1681.58,637696,0.5235133171081543,6197.236828613281,3745.291015625,0.00038622557185590266,0.3,0.0003,0.0005041687,24900,-1.3258071184158324,0.0
671,949,200.0,2492,1679.39,637952,0.29515933990478516,25990.84287109375,15695.7412109375,-0.002000441262498498,0.3,0.0003,0.00060902606,24910,-1.4015557050704956,0.0
672,949,200.0,2493,1686.13,638208,0.11162835359573364,21215.312109375,12988.47265625,-0.0010670473799109458,0.3,0.0003,0.00065636216,24920,-1.417170411348343,0.0
672,949,200.0,2494,1689.25,638464,0.28572767972946167,14835.94072265625,8974.5107421875,-7.863293867558241e-05,0.3,0.0003,0.00030581607,24930,-1.2388972401618958,0.0
672,949,200.0,2495,1707.64,638720,0.6067212820053101,5447.658953857422,3529.999755859375,-0.008340842230245471,0.3,0.0003,0.00697759,24940,-1.378016185760498,0.002734375
672,949,200.0,2496,1701.38,638976,-0.06334197521209717,24068.8052734375,8400.4326171875,-0.008048242493532597,0.3,0.0003,0.008404272,24950,-1.306801325082779,0.012109375
673,949,200.0,2497,1692.38,639232,0.576272189617157,7615.018334960938,2837.787841796875,-0.0041339976713061334,0.3,0.0003,0.0023324958,24960,-1.3672742664813995,0.003125
673,949,200.0,2498,1697.7,639488,0.49918991327285767,11017.54560546875,2274.2939453125,-0.0039062245981767774,0.3,0.0003,0.0038767876,24970,-1.3772927582263947,0.00390625
673,949,200.0,2499,1708.42,639744,0.5337639451026917,6018.3404296875,4815.3994140625,-0.006577999703586102,0.3,0.0003,0.008659746,24980,-1.3967563271522523,0.01796875
673,949,200.0,2500,1706.8,640000,0.08138877153396606,11830.800036621094,9330.8681640625,-0.003894900786690414,0.3,0.0003,0.0049099172,24990,-1.3415713727474212,0.00234375
674,949,200.0,2501,1701.96,640256,0.5622419118881226,6490.420086669922,2197.962646484375,-0.003721392434090376,0.3,0.0003,0.005227426,25000,-1.4138345181941987,0.0
674,949,200.0,2502,1704.58,640512,0.14119023084640503,30009.39228515625,23947.044921875,-0.00467705512419343,0.3,0.0003,0.0058938283,25010,-1.2805475771427155,0.00078125
674,949,200.0,2503,1707.25,640768,-0.03666102886199951,23560.855908203124,14193.548828125,-0.002137785078957677,0.3,0.0003,0.0006366428,25020,-1.3386130630970001,0.0
674,949,200.0,2504,1750.53,641024,0.3111504912376404,8643.873425292968,4155.01513671875,-0.0011291506118141115,0.3,0.0003,0.00076228497,25030,-1.359746778011322,0.0
675,949,200.0,2505,1750.39,641280,0.3170963525772095,15894.819708251953,10326.4990234375,-0.0008655247162096203,0.3,0.0003,0.000612478,25040,-1.2912340581417083,0.0
675,949,200.0,2506,1754.59,641536,0.5032552480697632,8111.6832275390625,2858.73388671875,-0.0014278409536927939,0.3,0.0003,0.0016113394,25050,-1.3620275020599366,0.0
675,949,200.0,2507,1772.3,641792,0.3266962170600891,2280.598498535156,1175.4696044921875,-0.006353485002182424,0.3,0.0003,0.006288745,25060,-1.393054223060608,0.0015625
676,949,200.0,2508,1787.25,642048,0.34121567010879517,25227.646875,11199.6142578125,0.0003286898601800203,0.3,0.0003,0.0008870156,25070,-1.3863894879817962,0.0
676,949,200.0,2509,1793.22,642304,0.13434791564941406,16216.031762695313,7400.98291015625,-0.0012846612371504307,0.3,0.0003,0.0015108446,25080,-1.2763698875904084,0.0
676,949,200.0,2510,1793.82,642560,0.2201063632965088,24726.953955078126,14026.98046875,-0.002876329654827714,0.3,0.0003,0.0008220263,25090,-1.4426444053649903,0.0
676,949,200.0,2511,1790.22,642816,0.48800814151763916,6226.633197021484,767.3665771484375,-0.00362882959889248,0.3,0.0003,0.008588802,25100,-1.2697484374046326,0.011328125
677,949,200.0,2512,1802.36,643072,0.46502208709716797,11873.961254882812,8625.447265625,-0.00039639146998524664,0.3,0.0003,0.0015501906,25110,-1.2475555002689362,0.0
677,949,200.0,2513,1810.08,643328,0.2638373374938965,11400.16025390625,5725.43798828125,-0.0005170017422642559,0.3,0.0003,0.00048717228,25120,-1.3467649161815642,0.0
677,949,200.0,2514,1803.9,643584,0.39874696731567383,8156.546484375,6202.4169921875,-0.0006554640247486531,0.3,0.0003,0.0007023474,25130,-1.2456978261470795,0.0
677,949,200.0,2515,1798.81,643840,0.5273821353912354,1749.2342102050782,484.6895751953125,-0.009454242419451475,0.3,0.0003,0.00890616,25140,-1.467631083726883,0.00859375
678,949,200.0,2516,1818.41,644096,0.06470298767089844,18975.61279296875,4658.6484375,-0.0018451319076120854,0.3,0.0003,0.0017620595,25150,-1.2904236733913421,0.0
678,949,200.0,2517,1820.04,644352,0.22227329015731812,13237.342065429688,3279.451171875,-0.012823568051680922,0.3,0.0003,0.0060521187,25160,-1.350875151157379,0.00859375
678,949,200.0,2518,1835.16,644608,0.6191861629486084,6195.20185546875,1751.115478515625,-0.009109383320901544,0.3,0.0003,0.015236953,25170,-1.3281236350536347,0.0265625
678,949,200.0,2519,1827.13,644864,0.47699058055877686,11575.62978515625,7905.8681640625,-0.003606964438222349,0.3,0.0003,0.008804488,25180,-1.3286830961704255,0.00625
679,949,200.0,2520,1814.46,645120,0.2964804172515869,10223.833325195312,5956.728515625,-0.0006080444902181626,0.3,0.0003,0.0011288626,25190,-1.300999242067337,0.0
679,949,200.0,2521,1807.84,645376,0.31394100189208984,2895.7658447265626,1188.995849609375,-0.0024615685106255114,0.3,0.0003,0.00065462175,25200,-1.37961443066597,0.0
679,949,200.0,2522,1781.5,645632,0.19504326581954956,3189.369464111328,1052.2152099609375,-0.0042405575281009075,0.3,0.0003,0.002897495,25210,-1.516930091381073,0.0
680,949,200.0,2523,1782.89,645888,-0.21693789958953857,37697.88701171875,11298.9111328125,0.000245822430588305,0.3,0.0003,0.0054361103,25220,-1.59621342420578,0.001171875
680,949,200.0,2524,1791.05,646144,0.11650943756103516,15532.54189453125,6774.1962890625,-0.004971206653863192,0.3,0.0003,0.004570538,25230,-1.2585447549819946,0.001953125
680,949,200.0,2525,1785.05,646400,0.05581873655319214,20757.108032226562,8706.291015625,-0.003515014727599919,0.3,0.0003,0.0020109534,25240,-1.241651290655136,0.0
680,949,200.0,2526,1796.19,646656,0.2157270312309265,8801.938037109376,1015.9323120117188,0.0004521016264334321,0.3,0.0003,5.4183183e-05,25250,-1.338944101333618,0.0
681,949,200.0,2527,1783.43,646912,0.28415584564208984,10308.650366210937,3202.10498046875,-0.0018285547383129596,0.3,0.0003,0.00049498794,25260,-1.1431542754173278,0.0
681,949,200.0,2528,1763.4,647168,0.4726671576499939,7438.506817626953,674.9490356445312,-0.0002669556997716427,0.3,0.0003,0.00022770581,25270,-1.1235582053661346,0.0
681,949,200.0,2529,1766.71,647424,0.17388367652893066,11433.5392578125,6499.0380859375,-0.0007061539683490992,0.3,0.0003,8.956413e-05,25280,-1.252138113975525,0.0
681,949,200.0,2530,1768.87,647680,0.4697027802467346,12789.61717529297,7221.72607421875,-0.0063408613204956055,0.3,0.0003,0.00564948,25290,-1.3750015854835511,0.009375
682,949,200.0,2531,1771.19,647936,0.4310077428817749,1807.7214904785155,598.4074096679688,-0.004897265485487879,0.3,0.0003,0.0024555628,25300,-1.530121922492981,0.000390625
682,949,200.0,2532,1766.02,648192,0.12628120183944702,24483.166162109374,5046.1796875,0.0014190328191034495,0.3,0.0003,0.0010668654,25310,-1.435515695810318,0.0
682,949,200.0,2533,1773.27,648448,0.523365318775177,6075.57822265625,2824.08349609375,-0.0036230910569429397,0.3,0.0003,0.0019453582,25320,-1.403053992986679,0.0
683,949,200.0,2534,1772.62,648704,0.504601240158081,13013.978491210937,2578.181884765625,-0.006056534545496106,0.3,0.0003,0.0061068777,25330,-1.4006021559238433,0.005078125
683,949,200.0,2535,1772.68,648960,0.07237058877944946,10930.133258056641,8994.3251953125,-0.010462635202566161,0.3,0.0003,0.009501757,25340,-1.3811136305332183,0.0140625
683,949,200.0,2536,1778.79,649216,0.25076723098754883,9955.779333496093,5118.8671875,-0.00026613608933985234,0.3,0.0003,0.0017978512,25350,-1.45476553440094,0.001953125
683,949,200.0,2537,1782.3,649472,0.18419378995895386,21632.04501953125,13333.30859375,-0.0007961777271702885,0.3,0.0003,0.000170663,25360,-1.4511386454105377,0.0
684,949,200.0,2538,1778.81,649728,0.04814624786376953,14368.301696777344,6042.6142578125,-0.0020914408436510713,0.3,0.0003,0.0005215029,25370,-1.4483844339847565,0.0
684,949,200.0,2539,1767.63,649984,0.5078921914100647,7633.541339111328,2018.854736328125,-0.0006462531397119165,0.3,0.0003,0.0008796654,25380,-1.452314031124115,0.0
684,949,200.0,2540,1771.48,650240,0.5485622882843018,5806.007708740234,611.652587890625,-0.009201984340324997,0.3,0.0003,0.0075424067,25390,-1.3774085223674775,0.010546875
684,949,200.0,2541,1770.03,650496,0.49585461616516113,12646.771411132813,6396.14990234375,-0.0052909382153302435,0.3,0.0003,0.007598955,25400,-1.341069358587265,0.008203125
685,949,200.0,2542,1767.48,650752,0.505433976650238,5631.026446533203,4291.8525390625,-0.0008140307152643799,0.3,0.0003,0.0007498008,25410,-1.405709093809128,0.0
685,949,200.0,2543,1763.22,651008,0.4894702434539795,5556.06767578125,3376.080810546875,-0.0005962821654975414,0.3,0.0003,0.0002338069,25420,-1.2530809938907623,0.0
685,949,200.0,2544,1750.16,651264,0.34445345401763916,10127.238989257812,2457.88037109375,-0.011913117859512568,0.3,0.0003,0.022014806,25430,-1.3057549357414246,0.057421875
685,949,200.0,2545,1768.44,651520,0.24153679609298706,13844.7560546875,8067.82080078125,-0.0003363525494933128,0.3,0.0003,0.0005297342,25440,-1.2358952760696411,0.0
686,949,200.0,2546,1785.66,651776,0.5089942216873169,6851.002795410156,1378.765869140625,-0.001439141808077693,0.3,0.0003,0.00048052846,25450,-1.2490251958370209,0.0
686,949,200.0,2547,1782.71,652032,0.5104714632034302,5821.624572753906,4259.91162109375,-0.0004109158995561302,0.3,0.0003,0.00034718774,25460,-1.2952674865722655,0.0
686,949,200.0,2548,1781.47,652288,0.5348924398422241,8264.095648193359,2335.760498046875,-0.0017379538738168776,0.3,0.0003,0.004806736,25470,-1.2897240340709686,0.005078125
687,949,200.0,2549,1771.62,652544,0.4029213786125183,7835.055834960937,5299.818359375,-0.0023303360096178947,0.3,0.0003,0.0074481005,25480,-1.4051037907600403,0.00546875
687,949,200.0,2550,1761.02,652800,0.05491328239440918,25307.269921875,14146.33984375,-0.0015982116106897592,0.3,0.0003,0.0024720319,25490,-1.5401314318180084,0.0
687,949,200.0,2551,1754.02,653056,0.41986721754074097,7370.904150390625,4270.93994140625,-0.008128612162545323,0.3,0.0003,0.019792892,25500,-1.370037704706192,0.042578125
687,949,200.0,2552,1767.91,653312,0.4710943102836609,7660.841235351562,6242.87548828125,-0.0005104483105242252,0.3,0.0003,0.0015436129,25510,-1.4119058132171631,0.0
688,949,200.0,2553,1763.18,653568,0.4808579683303833,9721.802563476562,5735.044921875,-0.002851624466711655,0.3,0.0003,0.0010246285,25520,-1.3216011106967926,0.000390625
688,949,200.0,2554,1763.02,653824,0.39088356494903564,10314.972729492187,4895.505859375,-0.00028192024328745904,0.3,0.0003,5.9977407e-05,25530,-1.4205942273139953,0.0
688,949,200.0,2555,1761.47,654080,0.30974435806274414,18761.98359375,12978.69921875,-0.0009705051896162331,0.3,0.0003,0.00031030597,25540,-1.3595667243003846,0.0
688,949,200.0,2556,1739.43,654336,0.4662603735923767,7979.645104980469,2810.088623046875,-0.0020533233764581382,0.3,0.0003,0.001375455,25550,-1.414095687866211,0.0
689,949,200.0,2557,1732.18,654592,0.5643579959869385,7139.030969238282,3922.096435546875,-0.0007424185401760042,0.3,0.0003,0.0021551135,25560,-1.5077439844608307,0.0
689,949,200.0,2558,1716.92,654848,0.6808774471282959,3930.7260986328124,1337.4765625,-0.0019534418592229486,0.3,0.0003,0.0032001825,25570,-1.2707477867603303,0.0
689,949,200.0,2559,1721.72,655104,0.40232670307159424,14287.19677734375,7591.0556640625,-0.004229734116233885,0.3,0.0003,0.004466472,25580,-1.2661534130573273,0.004296875
689,949,200.0,2560,1727.26,655360,0.3991362452507019,9693.547094726562,5025.5859375,-0.001947507745353505,0.3,0.0003,0.0011122483,25590,-1.4002263128757477,0.000390625
690,949,200.0,2561,1701.82,655616,-1.4944708347320557,8538.662744140625,1644.173095703125,-0.003477800847031176,0.3,0.0003,0.0013615387,25600,-0.9903411477804184,0.000390625
690,949,200.0,2562,1701.45,655872,0.4700295329093933,8430.190222167968,3852.830078125,-0.003831091173924506,0.3,0.0003,0.003411652,25610,-1.3452401995658874,0.000390625
690,949,200.0,2563,1722.44,656128,0.31989622116088867,23898.48935546875,12212.8583984375,-0.0074211132479831575,0.3,0.0003,0.0029773882,25620,-1.332957100868225,0.000390625
691,949,200.0,2564,1719.15,656384,0.5523945689201355,6443.050268554687,1877.3419189453125,-0.0011195749044418334,0.3,0.0003,0.0016549637,25630,-1.328205978870392,0.0
691,949,200.0,2565,1742.21,656640,0.6594236493110657,6213.3441711425785,1988.7249755859375,-0.004181309742853046,0.3,0.0003,0.0056376057,25640,-1.325721764564514,0.002734375
691,949,200.0,2566,1764.42,656896,0.49410420656204224,11631.139624023437,8468.5859375,-0.002948200306855142,0.3,0.0003,0.0055290577,25650,-1.2933561205863953,0.000390625
691,949,200.0,2567,1772.61,657152,0.5213443040847778,6554.4747314453125,3930.4228515625,-0.007992509170435369,0.3,0.0003,0.017340869,25660,-1.2652963042259215,0.03671875
692,949,200.0,2568,1775.16,657408,0.3092355728149414,9314.939013671876,1434.0086669921875,-0.002524077636189759,0.3,0.0003,0.0007996289,25670,-1.423111581802368,0.0
692,949,200.0,2569,1766.64,657664,0.48685532808303833,13472.879443359376,6748.77197265625,-0.0005315980408340693,0.3,0.0003,0.00056673796,25680,-1.292196387052536,0.0
692,949,200.0,2570,1769.02,657920,0.5353437662124634,5529.867138671875,3234.087646484375,-0.00075246806954965,0.3,0.0003,0.0002237882,25690,-1.4083545625209808,0.0
692,949,200.0,2571,1767.92,658176,0.3027156591415405,16327.646508789063,9164.1201171875,-0.002023083157837391,0.3,0.0003,0.0003590898,25700,-1.284732460975647,0.0
693,949,200.0,2572,1769.19,658432,0.499783992767334,7911.277038574219,5147.30126953125,-0.0006453077076002955,0.3,0.0003,0.0002340253,25710,-1.2573070049285888,0.0
693,949,200.0,2573,1756.96,658688,0.3461887836456299,10718.002075195312,4641.7783203125,0.0005089954705908894,0.3,0.0003,0.0006082505,25720,-1.3842440605163575,0.0
693,949,200.0,2574,1736.17,658944,-0.2462679147720337,4647.399975585938,1011.1552734375,-0.008119464153423905,0.3,0.0003,0.0047916835,25730,-1.3108717441558837,0.00703125
694,949,200.0,2575,1737.26,659200,0.5543152689933777,5780.706552124024,3785.714599609375,-0.0006037020008079708,0.3,0.0003,0.0010494287,25740,-1.1956091284751893,0.0
694,949,200.0,2576,1733.9,659456,0.5641167163848877,6529.910485839844,3473.683349609375,-0.0033566617872565984,0.3,0.0003,0.0015028119,25750,-1.2179547131061554,0.0
694,949,200.0,2577,1739.53,659712,0.49385005235671997,12613.87156982422,9045.7568359375,-0.0001692786579951644,0.3,0.0003,0.0008858533,25760,-1.3673449814319611,0.0
694,949,200.0,2578,1743.34,659968,0.4435177445411682,7730.30126953125,3121.103759765625,-0.0016637176857329905,0.3,0.0003,0.0011512835,25770,-1.2676749646663665,0.0
695,949,200.0,2579,1711.6,660224,0.26933711767196655,4785.629467773438,1384.9940185546875,-0.004722663143184036,0.3,0.0003,0.0029170474,25780,-1.5329194068908691,0.0
695,949,200.0,2580,1702.03,660480,0.330231249332428,12694.954418945312,6074.42919921875,-0.0001611290848813951,0.3,0.0003,0.00022266386,25790,-1.2758588433265685,0.0
695,949,200.0,2581,1699.61,660736,0.3513071537017822,8239.993310546875,3787.809814453125,-0.0014490114292129875,0.3,0.0003,0.00063284184,25800,-1.4525783598423003,0.0
695,949,200.0,2582,1675.26,660992,-0.2998925447463989,4142.772216796875,1391.2957763671875,-0.0007257027202285827,0.3,0.0003,0.0003118883,25810,-0.8345951527357102,0.0
696,949,200.0,2583,1659.12,661248,0.6500573754310608,6403.660614013672,2048.269775390625,-0.000666649779304862,0.3,0.0003,0.0006618621,25820,-0.9869816303253174,0.0
696,949,200.0,2584,1657.26,661504,0.5464441776275635,6983.889245605469,3927.48095703125,-0.0014459666097536683,0.3,0.0003,0.0005171243,25830,-1.3385912895202636,0.0
696,949,200.0,2585,1665.29,661760,0.6326517462730408,6956.2126953125,2328.33056640625,-0.001428646850399673,0.3,0.0003,0.0008840796,25840,-1.2569404244422913,0.0
696,949,200.0,2586,1678.24,662016,0.3750876784324646,10884.915270996094,7258.5625,0.00048633217811584474,0.3,0.0003,0.0003839361,25850,-1.3716776490211486,0.0
697,949,200.0,2587,1673.47,662272,0.530631422996521,8203.531896972656,1934.2015380859375,-0.0016688368399627508,0.3,0.0003,0.001753944,25860,-1.2937240839004516,0.0
697,949,200.0,2588,1676.41,662528,0.32431477308273315,24928.7951171875,13231.98046875,-0.0010844674427062273,0.3,0.0003,0.0002987599,25870,-1.248885577917099,0.0
697,949,200.0,2589,1678.19,662784,0.5849044919013977,6990.303381347656,2542.232421875,-0.002106774807907641,0.3,0.0003,0.0009006236,25880,-1.3185827255249023,0.0
698,949,200.0,2590,1664.77,663040,0.4969806671142578,7204.19970703125,2228.716552734375,-0.001884634094312787,0.3,0.0003,0.0010569566,25890,-1.2917929887771606,0.0
698,949,200.0,2591,1670.57,663296,0.4606392979621887,12298.906567382812,6212.220703125,-0.0025212666601873933,0.3,0.0003,0.0007664559,25900,-1.3185469210147858,0.0
698,949,200.0,2592,1675.04,663552,0.5215637683868408,6115.881774902344,2115.238525390625,-0.001893369189929217,0.3,0.0003,0.0028814794,25910,-1.3470601677894591,0.00078125
698,949,200.0,2593,1677.19,663808,0.18845528364181519,18337.023999023437,13012.599609375,-0.006656361278146505,0.3,0.0003,0.0039398866,25920,-1.3916096031665801,0.001171875
699,949,200.0,2594,1645.71,664064,0.4207286238670349,7607.064208984375,4321.35205078125,-0.00323096439242363,0.3,0.0003,0.0014982396,25930,-1.429286628961563,0.0
699,949,200.0,2595,1646.28,664320,0.5903860330581665,6589.7454284667965,912.7022094726562,-0.004571975686121732,0.3,0.0003,0.003831572,25940,-1.3037702023983002,0.002734375
699,949,200.0,2596,1632.86,664576,0.5113385915756226,7509.492846679687,3800.736572265625,-0.009326349408365787,0.3,0.0003,0.003785499,25950,-1.4343618392944335,0.002734375
699,949,200.0,2597,1649.73,664832,0.5828142762184143,5128.140777587891,3177.45703125,-0.0028749223332852126,0.3,0.0003,0.0063282717,25960,-1.4775645196437837,0.0
700,949,200.0,2598,1647.21,665088,0.5815590620040894,10175.290307617188,8172.466796875,-0.0018536906922236086,0.3,0.0003,0.005847242,25970,-1.330984902381897,0.003515625
700,949,200.0,2599,1667.21,665344,0.5447986721992493,7054.842346191406,4631.5,8.160248398780823e-07,0.3,0.0003,0.00024563167,25980,-1.4735737860202789,0.0
700,949,200.0,2600,1687.56,665600,0.6675136089324951,4838.827035522461,2150.322021484375,-0.0046598762040957805,0.3,0.0003,0.007967701,25990,-1.341366457939148,0.015234375
701,949,200.0,2601,1685.69,665856,0.5317460298538208,7068.323547363281,5654.58251953125,-0.0004343088599853218,0.3,0.0003,0.0018996575,26000,-1.295954990386963,0.0
701,949,200.0,2602,1680.82,666112,0.5129746198654175,9883.745080566407,4486.2119140625,3.442973829805851e-05,0.3,0.0003,0.0005775264,26010,-1.3455475449562073,0.0
701,949,200.0,2603,1678.39,666368,0.5117638111114502,5639.758459472656,2478.66943359375,-0.0006684853695333004,0.3,0.0003,0.00025724224,26020,-1.3741801917552947,0.0
701,949,200.0,2604,1688.37,666624,0.6373028755187988,6372.550836181641,3615.70947265625,-0.001045995845925063,0.3,0.0003,0.0007841424,26030,-1.3326484143733979,0.0
702,949,200.0,2605,1696.03,666880,0.17473000288009644,17860.522680664064,3366.166015625,-0.0007656950037926435,0.3,0.0003,0.0010453621,26040,-1.1222758769989014,0.0
702,949,200.0,2606,1701.48,667136,0.1565101146697998,3269.2920471191405,1665.0599365234375,-0.005445928056724369,0.3,0.0003,0.002798868,26050,-1.533324134349823,0.001171875
702,949,200.0,2607,1712.62,667392,0.24104809761047363,29677.52646484375,10179.404296875,-0.0023377039935439823,0.3,0.0003,0.0021029885,26060,-1.295490998029709,0.00078125
702,949,200.0,2608,1719.32,667648,0.613959550857544,4861.414614868164,4243.6162109375,-0.0062258461955934765,0.3,0.0003,0.011203067,26070,-1.458003705739975,0.0140625
703,949,200.0,2609,1719.2,667904,0.5084307193756104,10303.590209960938,5714.541015625,-0.004796116263605654,0.3,0.0003,0.006783625,26080,-1.340212309360504,0.00546875
703,949,200.0,2610,1721.22,668160,0.33005040884017944,7894.84086303711,1379.6763916015625,-0.00022263143910095096,0.3,0.0003,0.00019708578,26090,-1.3718745410442352,0.0
703,949,200.0,2611,1729.28,668416,0.2142009139060974,9004.735520172118,8899.2822265625,-0.0011080969823524355,0.3,0.0003,0.00022802595,26100,-1.2985155045986176,0.0
704,949,200.0,2612,1729.32,668672,0.10733598470687866,16040.631787109374,7653.921875,-0.0007274763891473412,0.3,0.0003,0.00012825662,26110,-1.3474544703960418,0.0
704,949,200.0,2613,1726.39,668928,0.669620156288147,5946.106753540039,4301.34521484375,-0.00837850347161293,0.3,0.0003,0.008042798,26120,-1.4230154156684875,0.008203125
704,949,200.0,2614,1716.99,669184,0.13747280836105347,10250.883154296875,3878.41455078125,-0.0014614420710131527,0.3,0.0003,0.0048717204,26130,-1.441969531774521,0.0
704,949,200.0,2615,1731.87,669440,0.5736210346221924,6365.094354248047,2680.95166015625,-0.00038145396392792464,0.3,0.0003,0.000116424635,26140,-1.2844049096107484,0.0
705,949,200.0,2616,1734.84,669696,0.2567285895347595,20745.51669921875,9634.515625,-0.009658705815672875,0.3,0.0003,0.0034435308,26150,-1.3190329790115356,0.00234375
705,949,200.0,2617,1710.14,669952,0.17475414276123047,5973.059899902344,1544.6212158203125,-0.005420893686823547,0.3,0.0003,0.004693206,26160,-1.4216351985931397,0.002734375
705,949,200.0,2618,1700.06,670208,0.5623766183853149,7009.727465820312,3514.035888671875,-0.0013947413070127368,0.3,0.0003,0.0009738691,26170,-1.4705596923828126,0.0
705,949,200.0,2619,1700.43,670464,0.5243636965751648,16053.456372070312,7337.82373046875,-0.0007534502772614359,0.3,0.0003,0.00040449668,26180,-1.3291817247867583,0.0
706,949,200.0,2620,1700.14,670720,0.11205446720123291,3971.4506225585938,925.0377807617188,-0.000689290789887309,0.3,0.0003,0.00077732396,26190,-1.352252435684204,0.0
706,949,200.0,2621,1703.38,670976,0.18800640106201172,25814.2435546875,9909.7001953125,-0.007545016682706773,0.3,0.0003,0.0029472385,26200,-1.4094504237174987,0.0
706,949,200.0,2622,1679.21,671232,-0.6730180978775024,4320.9852294921875,2340.37744140625,-0.0024778007296845316,0.3,0.0003,0.0019140814,26210,-1.3263787150382995,0.0
706,949,200.0,2623,1662.2,671488,0.372126042842865,7182.575360107422,5187.6220703125,0.00035306833451613783,0.3,0.0003,0.00026318687,26220,-1.363512748479843,0.0
707,949,200.0,2624,1667.07,671744,0.18783271312713623,25565.79501953125,10297.7548828125,-0.006635730457492173,0.3,0.0003,0.0015517862,26230,-1.477420938014984,0.001171875
707,949,200.0,2625,1668.12,672000,0.2775301933288574,9278.6953125,1372.2432861328125,-0.0010354131110943854,0.3,0.0003,0.0020278343,26240,-1.3127741754055022,0.001171875
707,949,200.0,2626,1676.88,672256,-0.19900715351104736,22569.846240234376,13845.384765625,-0.0017861577682197094,0.3,0.0003,0.0014604684,26250,-1.4923680782318116,0.0
708,949,200.0,2627,1689.9,672512,0.369545042514801,12317.82958984375,4996.91162109375,0.00022030750405974687,0.3,0.0003,3.0508265e-05,26260,-1.4149810671806335,0.0
708,949,200.0,2628,1686.84,672768,0.5429003238677979,5716.638238525391,3462.42041015625,-0.004295073915272951,0.3,0.0003,0.0038632797,26270,-1.4788562417030335,0.00234375
708,949,200.0,2629,1723.36,673024,0.5529494881629944,6488.294750976563,3707.24365234375,-0.004472712229471654,0.3,0.0003,0.0067572687,26280,-1.4605655312538146,0.00703125
708,949,200.0,2630,1725.5,673280,0.44214892387390137,8201.97755126953,2492.9228515625,-0.004707910818979144,0.3,0.0003,0.00959855,26290,-1.311881285905838,0.016796875
709,949,200.0,2631,1734.92,673536,0.21559596061706543,21449.48664550781,7604.29736328125,-0.003510517254471779,0.3,0.0003,0.0036479374,26300,-1.3697018146514892,0.0
709,949,200.0,2632,1737.37,673792,0.1607811450958252,29480.65869140625,11841.525390625,-0.00135012895334512,0.3,0.0003,0.0011355488,26310,-1.4355664014816285,0.0
709,949,200.0,2633,1750.36,674048,0.5887107253074646,6090.30122680664,5450.3466796875,-0.005370398482773453,0.3,0.0003,0.010537852,26320,-1.3420883893966675,0.019140625
709,949,200.0,2634,1757.54,674304,0.3541784882545471,8618.5943359375,2965.146240234375,-0.0011384986690245568,0.3,0.0003,0.0008790223,26330,-1.4405548989772796,0.0
710,949,200.0,2635,1762.76,674560,-0.4844568967819214,36267.2734375,15886.9150390625,-0.0006600014865398407,0.3,0.0003,0.00015380769,26340,-1.117039680480957,0.0
710,949,200.0,2636,1787.07,674816,0.399735689163208,8841.170336914063,2404.9267578125,-0.0008769177016802132,0.3,0.0003,0.0003846113,26350,-1.4068589746952056,0.0
710,949,200.0,2637,1789.33,675072,0.46170949935913086,11529.736645507812,4686.06884765625,-0.004887739103287459,0.3,0.0003,0.0095562525,26360,-1.3231160819530488,0.005078125
710,949,200.0,2638,1800.21,675328,0.632133960723877,6110.874142456055,3262.218505859375,0.00025281260604970157,0.3,0.0003,0.0016197332,26370,-1.3677982211112976,0.0
711,949,200.0,2639,1827.88,675584,0.5050641298294067,6303.203405761718,3522.009765625,-0.002909125154837966,0.3,0.0003,0.0022815673,26380,-1.3524092316627503,0.0
711,949,200.0,2640,1823.66,675840,0.1523788571357727,16565.34326171875,6009.9453125,0.0002816375344991684,0.3,0.0003,0.00059387344,26390,-1.3352061212062836,0.0
711,949,200.0,2641,1825.84,676096,0.17324680089950562,24877.920947265626,9265.8603515625,-0.00020168875344097614,0.3,0.0003,0.00010953378,26400,-1.2296736419200898,0.0
711,949,200.0,2642,1823.6,676352,0.5449198484420776,6823.8289794921875,3831.45751953125,-0.000990300450939685,0.3,0.0003,0.00043600192,26410,-1.3169509291648864,0.0
712,949,200.0,2643,1808.89,676608,0.387554407119751,10214.499072265626,4222.3583984375,-0.001602675230242312,0.3,0.0003,0.001394046,26420,-1.3502075791358947,0.0
712,950,200.0,2644,1788.78,676864,0.5605310201644897,11708.384130859375,7015.181640625,-0.0008212118991650641,0.3,0.0003,0.00026329374,26430,-1.2669299840927124,0.0
712,950,200.0,2645,1796.04,677120,0.4577498435974121,9182.701928710938,4004.0546875,-0.0011124573182314634,0.3,0.0003,0.00040293392,26440,-1.3809441387653352,0.0
713,950,200.0,2646,1800.84,677376,0.4721623659133911,7742.0138671875,4120.44970703125,-0.001896781101822853,0.3,0.0003,0.001942015,26450,-1.259584081172943,0.0
713,950,200.0,2647,1818.61,677632,0.26466935873031616,10679.865936279297,4909.66943359375,-0.0016546994913369418,0.3,0.0003,0.0007329474,26460,-1.383217692375183,0.0
713,950,200.0,2648,1834.11,677888,0.4372766613960266,14017.822216796874,7051.646484375,-0.0033398005412891506,0.3,0.0003,0.0011454246,26470,-1.271809947490692,0.0
713,950,200.0,2649,1829.18,678144,0.6470483541488647,5072.782391357422,4131.09130859375,-0.0018867508741095662,0.3,0.0003,0.002828236,26480,-1.2567201554775238,0.00234375
714,950,200.0,2650,1840.44,678400,0.6634258031845093,6079.4678009033205,398.2483825683594,-0.0008432309143245221,0.3,0.0003,0.0013546343,26490,-1.1987168788909912,0.0
714,950,200.0,2651,1862.98,678656,0.4939226508140564,7832.1970703125,4132.17236328125,-0.002011300146114081,0.3,0.0003,0.0018382375,26500,-1.4542473316192628,0.004296875
714,950,200.0,2652,1891.52,678912,0.4265559911727905,17415.837255859376,6074.66357421875,-0.005653203069232404,0.3,0.0003,0.0033704576,26510,-1.264315515756607,0.00390625
714,950,200.0,2653,1888.01,679168,0.5278149843215942,7125.650256347656,2819.201904296875,-0.002006003726273775,0.3,0.0003,0.003086879,26520,-1.2511904537677765,0.0
715,950,200.0,2654,1883.45,679424,0.4780887961387634,10081.228637695312,5818.73095703125,-0.0006775779300369322,0.3,0.0003,0.0004450637,26530,-1.1388298392295837,0.0
715,950,200.0,2655,1888.44,679680,0.39186030626296997,14271.551171875,5037.94677734375,-0.0003483444277662784,0.3,0.0003,0.00015929434,26540,-1.2140441715717316,0.0
715,950,200.0,2656,1883.11,679936,0.5814924240112305,7135.361303710937,1879.3834228515625,-0.004879569634795189,0.3,0.0003,0.0014399786,26550,-1.2660346925258636,0.00078125
715,950,200.0,2657,1906.29,680192,0.369501531124115,7950.982507324219,4484.45263671875,-0.0013493690523318947,0.3,0.0003,0.0019664578,26560,-1.294912052154541,0.0015625
716,950,200.0,2658,1905.18,680448,0.5928725600242615,6204.33833618164,2539.9970703125,-0.00144057332072407,0.3,0.0003,0.0011572186,26570,-1.2558854281902314,0.0
716,950,200.0,2659,1922.93,680704,0.6528267860412598,10876.377380371094,4509.04638671875,-0.007892385125160217,0.3,0.0003,0.011880071,26580,-1.3495153784751892,0.00390625
716,950,200.0,2660,1939.37,680960,0.6442433595657349,6111.111547851562,4920.3525390625,-0.008806762122549116,0.3,0.0003,0.014633192,26590,-1.3198983728885652,0.026953125
716,950,200.0,2661,1941.12,681216,0.2912372946739197,8852.968896484375,4684.46044921875,0.0002818078733980656,0.3,0.0003,0.00027373736,26600,-1.2736084580421447,0.0
717,950,200.0,2662,1942.56,681472,0.26009100675582886,14468.1240234375,7771.32763671875,-0.00030963870231062176,0.3,0.0003,7.703528e-05,26610,-1.2621432483196258,0.0
717,950,200.0,2663,1928.03,681728,0.5149310827255249,6203.6483154296875,875.5436401367188,-0.0010527166072279216,0.3,0.0003,0.00048547704,26620,-1.339384561777115,0.0
717,950,200.0,2664,1931.42,681984,0.48594582080841064,6427.844372558594,2637.629638671875,-0.001375137537252158,0.3,0.0003,0.0009954574,26630,-1.2764950275421143,0.0
718,950,200.0,2665,1924.25,682240,0.3435062766075134,8451.688146972656,3773.026611328125,-0.00016211187466979026,0.3,0.0003,0.00033315318,26640,-1.146109586954117,0.0
718,950,200.0,2666,1928.77,682496,0.5614790916442871,9694.596789550782,3947.237060546875,-0.0009011726593598724,0.3,0.0003,0.0011357144,26650,-1.281877738237381,0.0
718,950,200.0,2667,1928.86,682752,0.6640955209732056,5450.098834228515,2306.53466796875,-0.0032692032458726318,0.3,0.0003,0.006336607,26660,-1.3019739627838134,0.0015625
718,950,200.0,2668,1907.32,683008,0.08898615837097168,4142.644604492188,2211.216552734375,-0.0009996535489335656,0.3,0.0003,0.0036086657,26670,-1.315269446372986,0.0015625
719,950,200.0,2669,1916.91,683264,-0.16336798667907715,20692.314111328124,8521.6953125,0.0010317399865016341,0.3,0.0003,0.00014147605,26680,-1.6083543181419373,0.0
719,950,200.0,2670,1916.68,683520,0.212999165058136,31222.89365234375,11360.4609375,-0.0004045782843604684,0.3,0.0003,5.3485157e-05,26690,-1.1866182208061218,0.0
719,950,200.0,2671,1905.78,683776,-1.0537700653076172,7218.130590820312,2830.482666015625,-0.0008281601825729012,0.3,0.0003,0.000644858,26700,-1.1926258385181427,0.0
719,950,200.0,2672,1912.89,684032,0.597582221031189,5042.804125976562,1831.3948974609375,-0.0012541857664473354,0.3,0.0003,0.0014926926,26710,-1.3376154780387879,0.0
720,950,200.0,2673,1912.68,684288,0.6399750709533691,7517.891845703125,4039.062744140625,-3.071452956646681e-05,0.3,0.0003,0.0012837003,26720,-1.2840225398540497,0.0
720,950,200.0,2674,1909.81,684544,0.3633171319961548,8573.784204101563,5128.96875,0.0003052318235859275,0.3,0.0003,0.0029125696,26730,-1.2382510960102082,0.0015625
720,950,200.0,2675,1891.2,684800,0.19633996486663818,9673.33681640625,6496.89404296875,-0.0028303179424256086,0.3,0.0003,0.0020839765,26740,-1.311939787864685,0.0
720,950,200.0,2676,1888.5,685056,0.6200656294822693,4778.365200805664,1357.9842529296875,-0.0022470345720648766,0.3,0.0003,0.001527309,26750,-1.2219801843166351,0.0
721,950,200.0,2677,1874.89,685312,0.5547090768814087,9526.163208007812,6511.79150390625,-7.339671719819307e-05,0.3,0.0003,0.00027072267,26760,-1.3269024729728698,0.0
721,950,200.0,2678,1874.98,685568,0.5218597650527954,5996.8660888671875,2969.443359375,-0.0022975059226155283,0.3,0.0003,0.0014506807,26770,-1.2585141241550446,0.0
721,950,200.0,2679,1902.39,685824,0.5703912973403931,7202.421185302735,5771.40966796875,-0.0026597984135150908,0.3,0.0003,0.0023891993,26780,-1.2799707889556884,0.0
721,950,200.0,2680,1907.32,686080,0.5736956000328064,10813.289782714844,7330.2734375,-0.0005565870204009115,0.3,0.0003,0.00057919836,26790,-1.2129074454307556,0.0
722,950,200.0,2681,1907.43,686336,0.4902879595756531,6653.043609619141,1306.356689453125,-0.0008618609164841474,0.3,0.0003,0.002177051,26800,-1.310231477022171,0.0
722,950,200.0,2682,1907.11,686592,0.5929542779922485,6884.013317871094,2795.264404296875,-0.00020030024461448193,0.3,0.0003,0.0005216154,26810,-1.261333954334259,0.0
722,950,200.0,2683,1932.79,686848,0.13019758462905884,17902.840063476564,5130.0625,-0.001810091524384916,0.3,0.0003,0.0006619785,26820,-1.2224023580551147,0.0
723,950,200.0,2684,1933.89,687104,0.4957306385040283,12748.89033203125,6219.9453125,-0.0014743319246917964,0.3,0.0003,0.00010765996,26830,-1.383258008956909,0.0
723,950,200.0,2685,1925.67,687360,0.5828579664230347,4959.040447998047,4172.755859375,-0.0010756937088444829,0.3,0.0003,0.001073047,26840,-1.3695070564746856,0.0
723,950,200.0,2686,1917.88,687616,0.5689774751663208,6334.987878417969,1634.2684326171875,-0.002238477091304958,0.3,0.0003,0.0032192362,26850,-1.3729255259037019,0.00234375
723,950,200.0,2687,1912.62,687872,0.5082556009292603,11166.287939453125,7586.4033203125,-0.001639416511170566,0.3,0.0003,0.0059331665,26860,-1.2139054775238036,0.001953125
724,950,200.0,2688,1912.67,688128,0.45800119638442993,5401.169822692871,237.07736206054688,0.0009931745938956738,0.3,0.0003,0.0006398903,26870,-1.247732001543045,0.0
724,950,200.0,2689,1909.72,688384,0.6297134160995483,5457.665032958985,3312.639404296875,-0.005852284072898328,0.3,0.0003,0.008575469,26880,-1.412519782781601,0.004296875
724,950,200.0,2690,1920.6,688640,0.540067195892334,7592.651635742188,4036.704345703125,-0.0026149062672629953,0.3,0.0003,0.0041900272,26890,-1.3608084678649903,0.0
724,950,200.0,2691,1923.44,688896,0.5574592351913452,10678.11708984375,5529.90380859375,-0.002565013710409403,0.3,0.0003,0.0039176783,26900,-1.2714806199073792,0.004296875
725,950,200.0,2692,1941.1,689152,0.4454241991043091,6820.18349609375,3964.80224609375,-0.0003994977683760226,0.3,0.0003,0.00037946203,26910,-1.2752566397190095,0.0
725,950,200.0,2693,1922.48,689408,0.38674449920654297,8113.505908203125,5813.51806640625,-0.0013495056889951229,0.3,0.0003,0.0014186078,26920,-1.2952217280864715,0.0
725,950,200.0,2694,1910.02,689664,0.37363576889038086,13685.222680664063,5902.75439453125,-0.0008874568156898022,0.3,0.0003,0.0010886777,26930,-1.2104033529758453,0.0
725,950,200.0,2695,1929.56,689920,0.667715311050415,4024.0277770996095,336.5244140625,-0.0020110984914936125,0.3,0.0003,0.0006121448,26940,-1.4252447426319121,0.0
726,950,200.0,2696,1925.33,690176,0.37278318405151367,10063.754809570313,3427.4453125,-0.002346175885759294,0.3,0.0003,0.0011949693,26950,-1.5085294365882873,0.0
726,950,200.0,2697,1931.23,690432,0.1829594373703003,9695.756726074218,4521.919921875,-0.002825490420218557,0.3,0.0003,0.003487929,26960,-1.3756778717041016,0.001953125
726,950,200.0,2698,1933.4,690688,0.4778122901916504,10550.266259765625,7704.73681640625,-0.00692478840937838,0.3,0.0003,0.0030373225,26970,-1.3189433217048645,0.00390625
726,950,200.0,2699,1925.59,690944,-0.02983272075653076,19922.923950195312,3705.39306640625,-0.00028548098634928465,0.3,0.0003,0.0001324804,26980,-1.3891591250896453,0.0
727,950,200.0,2700,1938.44,691200,-0.32355284690856934,16584.389282226562,3952.843994140625,-0.001532007846981287,0.3,0.0003,0.00021624239,26990,-1.3217138946056366,0.0
727,950,200.0,2701,1937.51,691456,0.23633819818496704,9398.063989257813,2289.907470703125,-0.0002052338095381856,0.3,0.0003,0.00011836109,27000,-1.25982825756073,0.0
727,950,200.0,2702,1933.2,691712,0.6442729830741882,7881.959375,5576.66259765625,-0.0015444891061633826,0.3,0.0003,0.0018475675,27010,-1.3710533678531647,0.0
728,950,200.0,2703,1933.55,691968,0.2543981671333313,10684.693041992188,5474.42236328125,-0.0022281005803961307,0.3,0.0003,0.014295092,27020,-1.2643000543117524,0.03125
728,950,200.0,2704,1922.26,692224,0.48231232166290283,8581.898474121093,3799.09423828125,-0.0047752571292221544,0.3,0.0003,0.002436858,27030,-1.3450586140155791,0.002734375
728,950,200.0,2705,1920.84,692480,0.32486099004745483,14498.153637695312,7536.015625,-0.0012956233345903455,0.3,0.0003,0.00028400356,27040,-1.5229349911212922,0.0
728,950,200.0,2706,1918.44,692736,0.6836342811584473,7171.19970703125,4422.24609375,-0.0022025344893336295,0.3,0.0003,0.0016672271,27050,-1.335185444355011,0.00390625
729,950,200.0,2707,1904.82,692992,0.37527745962142944,6742.803820800781,1640.939208984375,4.7944026300683616e-05,0.3,0.0003,0.00034339353,27060,-1.307035756111145,0.0
729,950,200.0,2708,1889.33,693248,0.5901700258255005,5049.366213989258,2119.214111328125,-0.0011427197838202118,0.3,0.0003,0.00094672013,27070,-1.4235094428062438,0.0
729,950,200.0,2709,1885.91,693504,0.4780105948448181,14727.887670898437,4586.69775390625,-0.0005823847837746144,0.3,0.0003,0.0009311165,27080,-1.4173930048942567,0.0
729,950,200.0,2710,1899.67,693760,0.5650514364242554,6521.848687744141,641.033203125,-0.002883389499038458,0.3,0.0003,0.0022519238,27090,-1.4319051384925843,0.0
730,950,200.0,2711,1902.38,694016,-0.274128794670105,23282.98486328125,10305.19140625,-0.0011131647741422057,0.3,0.0003,0.0008143522,27100,-1.368280690908432,0.0
730,950,200.0,2712,1911.8,694272,0.559752881526947,10589.642559814452,6666.1708984375,-0.0013433050480671227,0.3,0.0003,0.0015888982,27110,-1.4595592379570008,0.000390625
730,950,200.0,2713,1914.74,694528,0.4795619249343872,6421.063793945313,3626.693603515625,-0.0044860898982733485,0.3,0.0003,0.006358762,27120,-1.3814835906028748,0.003125
730,950,200.0,2714,1901.98,694784,0.31721270084381104,8579.89912109375,3347.23095703125,0.001003865123493597,0.3,0.0003,0.0013738931,27130,-1.3301319062709809,0.0
731,950,200.0,2715,1899.36,695040,0.5256412029266357,6273.527770996094,2119.62939453125,-0.0015195025596767664,0.3,0.0003,0.0009315836,27140,-1.4158252477645874,0.0
731,950,200.0,2716,1888.16,695296,0.5436174869537354,10644.756298828124,5851.9765625,-0.0020659501664340497,0.3,0.0003,0.0029057444,27150,-1.2759299099445343,0.0015625
731,950,200.0,2717,1886.02,695552,0.3826638460159302,9110.467346191406,3591.26708984375,0.0008739811717532575,0.3,0.0003,0.0007291229,27160,-1.3773352265357972,0.0
732,950,200.0,2718,1861.06,695808,0.4774055480957031,9178.742150878907,2891.622314453125,-0.002202200691681355,0.3,0.0003,0.00066036964,27170,-1.4349981486797332,0.0
732,950,200.0,2719,1860.95,696064,0.44410139322280884,7954.906408691406,2031.691162109375,-0.00042218349408358337,0.3,0.0003,0.0004000985,27180,-1.4682231783866881,0.0
732,950,200.0,2720,1882.14,696320,0.5882806181907654,5945.091247558594,535.5169067382812,-0.0008244377677328885,0.3,0.0003,0.00041871215,27190,-1.3186381161212921,0.0
732,950,200.0,2721,1882.62,696576,0.482463002204895,1936.8853271484375,1211.81494140625,-0.0024799719685688615,0.3,0.0003,0.0024840066,27200,-1.4022041738033295,0.000390625
733,950,200.0,2722,1892.54,696832,-0.047384023666381836,18140.927001953125,7403.8232421875,-0.0007176436483860016,0.3,0.0003,0.00090628327,27210,-1.4914608657360078,0.0
733,950,200.0,2723,1876.03,697088,0.23448097705841064,14997.149267578125,5889.3916015625,0.00013390504755079747,0.3,0.0003,0.0001952448,27220,-1.3332074880599976,0.0
733,950,200.0,2724,1874.25,697344,0.5390564203262329,6835.104296875,3948.5107421875,-0.0008071589516475796,0.3,0.0003,0.00038762647,27230,-1.4073697865009307,0.0
733,950,200.0,2725,1863.93,697600,0.27627313137054443,10208.360717773438,3006.70556640625,-0.0010371065116487443,0.3,0.0003,0.0010985944,27240,-1.3758477032184602,0.0
734,950,200.0,2726,1842.78,697856,0.3509637117385864,10242.797534179688,5554.31787109375,-0.016764944058377296,0.3,0.0003,0.011860978,27250,-1.4573421418666839,0.01953125
734,950,200.0,2727,1841.95,698112,0.2671659588813782,27575.09619140625,21195.396484375,-0.0012658161576837301,0.3,0.0003,0.0011771256,27260,-1.1136040389537811,0.001171875
734,950,200.0,2728,1839.52,698368,0.44494467973709106,7849.912609863281,3628.890869140625,-0.0015169830876402557,0.3,0.0003,0.000384785,27270,-1.4906977355480193,0.0
735,950,200.0,2729,1827.61,698624,0.3708922266960144,10552.571643066407,1512.94140625,-0.0008623196510598064,0.3,0.0003,0.00039287936,27280,-1.456424081325531,0.0
735,950,200.0,2730,1813.75,698880,0.4936476945877075,13130.913037109374,1843.9278564453125,-0.001056195527780801,0.3,0.0003,0.00021267356,27290,-1.461477553844452,0.0
735,950,200.0,2731,1816.96,699136,0.6352559328079224,5714.766387939453,2861.830322265625,-0.0008624959009466693,0.3,0.0003,0.001740854,27300,-1.4157860815525054,0.0
735,950,200.0,2732,1815.66,699392,0.2837914228439331,12274.67391357422,4387.96826171875,-0.0016955443425104022,0.3,0.0003,0.0006450659,27310,-1.2475421965122222,0.0
736,950,200.0,2733,1793.75,699648,0.3620760440826416,10901.10791015625,4535.68310546875,0.00012242532102391124,0.3,0.0003,0.0011567092,27320,-1.4048897624015808,0.0
736,950,200.0,2734,1792.08,699904,0.2876649498939514,14629.395336914062,3471.572998046875,-0.0010915697901509702,0.3,0.0003,0.00030305702,27330,-1.0843404233455658,0.0
736,950,200.0,2735,1786.74,700160,0.15637820959091187,11206.101684570312,4152.6552734375,-0.00038298348954413086,0.3,0.0003,2.1210872e-05,27340,-1.4159693360328673,0.0
737,950,200.0,2736,1762.54,700416,-3.1940150260925293,5963.2203369140625,1838.9112548828125,-0.002135834633372724,0.3,0.0003,0.00018638745,27350,-0.6273744121193886,0.0
737,950,200.0,2737,1744.86,700672,0.08032429218292236,22161.646044921876,6878.6708984375,-6.439783610403537e-05,0.3,0.0003,0.00013475772,27360,-1.0362236112356187,0.0
737,950,200.0,2738,1745.91,700928,0.27858591079711914,6921.644818115235,310.9302062988281,-0.001994689414277673,0.3,0.0003,0.0017339175,27370,-1.3607611894607543,0.0
737,950,200.0,2739,1750.67,701184,-0.2035808563232422,5658.689733886718,1950.3388671875,-0.0013918382464908063,0.3,0.0003,0.001732144,27380,-1.4989766001701355,0.0
738,950,200.0,2740,1751.07,701440,0.12395364046096802,25809.583349609376,17999.119140625,-4.896991886198521e-05,0.3,0.0003,0.00035724882,27390,-1.553334230184555,0.0
738,950,200.0,2741,1742.07,701696,0.5597235560417175,10534.412341308594,6803.259765625,-0.004624679975677282,0.3,0.0003,0.010746869,27400,-1.4715740025043487,0.01015625
738,950,200.0,2742,1745.1,701952,-0.34895575046539307,6165.658422851562,2227.140625,-0.0010286199627444147,0.3,0.0003,0.0021556767,27410,-1.5373091101646423,0.001171875
738,950,200.0,2743,1749.68,702208,0.02388477325439453,46714.9955078125,19596.57421875,-0.003213020088151097,0.3,0.0003,0.00085357204,27420,-1.302646517753601,0.0
739,950,200.0,2744,1739.44,702464,0.15433895587921143,22332.194775390624,16276.4423828125,-0.0004164916230365634,0.3,0.0003,0.00022886391,27430,-1.0960147559642792,0.0
739,950,200.0,2745,1737.57,702720,0.3744191527366638,15039.6205078125,7835.775390625,-0.003442118363454938,0.3,0.0003,0.0017322791,27440,-1.3904900550842285,0.000390625
739,950,200.0,2746,1760.15,702976,0.42173337936401367,8791.17373046875,5663.02197265625,-0.001631186087615788,0.3,0.0003,0.0032714105,27450,-1.2580845475196838,0.0
739,950,200.0,2747,1762.54,703232,0.4683932065963745,6862.5816101074215,2922.1904296875,-0.0015114418929442763,0.3,0.0003,0.0038064343,27460,-1.3113811612129211,0.0015625
740,950,200.0,2748,1765.07,703488,0.4229736328125,12459.933374023438,7229.94970703125,-0.001451931754127145,0.3,0.0003,0.0007505596,27470,-1.2498082935810089,0.0
740,950,200.0,2749,1785.35,703744,0.5068964958190918,6755.348529052734,4126.24853515625,-0.0011283246334642173,0.3,0.0003,0.0006827556,27480,-1.4336560487747192,0.0
740,950,200.0,2750,1778.01,704000,0.6893783211708069,4652.077807617187,1816.2049560546875,-0.00326162917772308,0.3,0.0003,0.001601882,27490,-1.3771633148193358,0.001171875
741,950,200.0,2751,1793.73,704256,0.5702944993972778,5951.456567382813,4572.08642578125,-0.0016862652380950748,0.3,0.0003,0.0014456096,27500,-1.2221726655960083,0.0
741,950,200.0,2752,1796.6,704512,0.5256913900375366,10818.479418945313,6983.693359375,-0.0016206042491830885,0.3,0.0003,0.0015886913,27510,-1.315768450498581,0.001171875
741,950,200.0,2753,1794.57,704768,0.21008771657943726,9863.407275390626,3559.966796875,-0.00039995809784159063,0.3,0.0003,0.0013032453,27520,-1.1446801602840424,0.0
741,950,200.0,2754,1813.09,705024,0.5652847290039062,7912.284777832031,2488.910400390625,-0.0006819858215749263,0.3,0.0003,0.00038169627,27530,-1.3241763174533845,0.0
742,950,200.0,2755,1817.08,705280,0.5239839553833008,10597.567889404298,6944.5458984375,-0.00027025798335671424,0.3,0.0003,0.00019566086,27540,-1.3030818045139312,0.0
742,950,200.0,2756,1816.71,705536,0.3285050392150879,8727.65166015625,1807.2525634765625,-0.0010770816879812628,0.3,0.0003,0.00032264576,27550,-1.5107257187366485,0.0
742,950,200.0,2757,1820.17,705792,0.5526168346405029,7090.949951171875,5461.9384765625,-0.0012969947420060635,0.3,0.0003,0.0005181446,27560,-1.4440016508102418,0.0
742,950,200.0,2758,1812.95,706048,0.479744553565979,6866.24072265625,2872.7158203125,-0.0061456834664568305,0.3,0.0003,0.008640458,27570,-1.383508324623108,0.010546875
743,950,200.0,2759,1807.13,706304,0.4363332986831665,12298.52841796875,5999.544921875,-0.0017582552507519722,0.3,0.0003,0.0026974995,27580,-1.2816989362239837,0.0
743,950,200.0,2760,1792.4,706560,0.5559262037277222,6041.547741699219,3601.2001953125,-0.0005181374901439995,0.3,0.0003,0.0005134966,27590,-1.1209513366222381,0.0
743,950,200.0,2761,1797.99,706816,0.5060546398162842,6710.187164306641,4548.9052734375,-0.001404629403259605,0.3,0.0003,0.00065006805,27600,-1.440601545572281,0.0
743,950,200.0,2762,1799.97,707072,0.5593077540397644,11346.019458007813,3858.958251953125,-0.003609690978191793,0.3,0.0003,0.0045780567,27610,-1.3569365978240966,0.00078125
744,950,200.0,2763,1807.96,707328,0.620621919631958,5637.244223022461,3721.996826171875,-0.00257317628711462,0.3,0.0003,0.003617144,27620,-1.3652280628681184,0.001953125
744,950,200.0,2764,1811.04,707584,0.6228348612785339,5194.574914550782,2565.40576171875,-0.0060719807865098115,0.3,0.0003,0.006674343,27630,-1.3909784615039826,0.002734375
744,950,200.0,2765,1789.49,707840,0.10857045650482178,18287.37990722656,7682.0107421875,-0.008936518291011452,0.3,0.0003,0.004094151,27640,-1.6057328820228576,0.0
745,950,200.0,2766,1797.4,708096,0.12332457304000854,30090.896044921876,17139.3046875,0.0009233937598764896,0.3,0.0003,0.0004060273,27650,-1.5287541329860688,0.0
745,950,200.0,2767,1803.73,708352,0.5669960975646973,6293.0909423828125,1131.7508544921875,-0.003977277781814337,0.3,0.0003,0.0038454013,27660,-1.3393125712871552,0.000390625
745,950,200.0,2768,1794.92,708608,0.4759187698364258,6580.432275390625,3057.548583984375,-0.0006140518933534622,0.3,0.0003,0.0015904356,27670,-1.3657684206962586,0.0
745,950,200.0,2769,1796.76,708864,0.5329575538635254,6718.608325195312,3668.392333984375,-0.0002745828591287136,0.3,0.0003,0.00017275289,27680,-1.3088699460029602,0.0
746,950,200.0,2770,1790.54,709120,0.17442625761032104,26584.45234375,15461.826171875,-0.004340939922258258,0.3,0.0003,0.002367513,27690,-1.4831982612609864,0.00234375
746,950,200.0,2771,1790.25,709376,0.40069150924682617,6955.88974609375,5074.294921875,-0.0006005118018947541,0.3,0.0003,0.00097449054,27700,-1.2847408413887025,0.0
746,950,200.0,2772,1804.91,709632,0.5846269130706787,6055.188833618164,3319.85693359375,-0.0007720807334408164,0.3,0.0003,0.00068299356,27710,-1.2811866641044616,0.0
746,950,200.0,2773,1813.39,709888,0.30633169412612915,13299.3400390625,2722.5107421875,-0.00011144081363454462,0.3,0.0003,0.00010446459,27720,-1.3635761857032775,0.0
747,950,200.0,2774,1829.67,710144,0.47265058755874634,8132.5035400390625,2088.864013671875,-0.0008632989833131432,0.3,0.0003,0.0004443645,27730,-1.3357078671455382,0.0
747,950,200.0,2775,1825.07,710400,0.4146021604537964,7463.175854492188,3847.84765625,-0.003467523492872715,0.3,0.0003,0.0053950436,27740,-1.2830063581466675,0.0015625
747,950,200.0,2776,1828.68,710656,0.4943629503250122,7198.239373779297,2844.5498046875,-0.0011816406389698387,0.3,0.0003,0.0020379391,27750,-1.387208139896393,0.0
747,950,200.0,2777,1829.07,710912,0.618253231048584,8565.223840332032,5294.2802734375,-0.002054483920801431,0.3,0.0003,0.0028314074,27760,-1.3914734780788423,0.0
748,950,200.0,2778,1843.08,711168,0.24621760845184326,3383.0117614746096,532.6219482421875,0.004558709380216896,0.3,0.0003,0.00045507774,27770,-1.263371580839157,0.0
748,950,200.0,2779,1823.64,711424,0.23185408115386963,22667.697607421876,7920.337890625,-0.0017895879223942756,0.3,0.0003,0.00072118826,27780,-1.541380900144577,0.0
748,950,200.0,2780,1823.5,711680,0.3075218200683594,8691.93563232422,2750.63134765625,1.1284981155768037e-06,0.3,0.0003,0.000100279925,27790,-1.0042774349451065,0.0
749,950,200.0,2781,1829.19,711936,0.5868041515350342,5300.629693603516,2437.35498046875,-9.171993006020784e-05,0.3,0.0003,9.286869e-05,27800,-1.211168611049652,0.0
749,950,200.0,2782,1811.05,712192,0.32009410858154297,2809.620635986328,722.1685791015625,-0.005963356094434857,0.3,0.0003,0.001485887,27810,-1.369485992193222,0.0
749,950,200.0,2783,1799.92,712448,0.2708631157875061,11390.516625976563,3459.683349609375,-0.008952785492874682,0.3,0.0003,0.005015916,27820,-1.454554057121277,0.008984375
749,950,200.0,2784,1794.43,712704,0.26839643716812134,17193.3388671875,8977.5673828125,-0.00018402590649202466,0.3,0.0003,6.3382555e-05,27830,-1.466179758310318,0.0
750,950,200.0,2785,1797.59,712960,0.6258326768875122,4756.476702880859,1236.0843505859375,-0.003824418364092708,0.3,0.0003,0.0021486501,27840,-1.4859099745750428,0.00234375
750,950,200.0,2786,1783.57,713216,0.46039777994155884,8584.112493896484,4219.61376953125,-0.002410226035863161,0.3,0.0003,0.0019323868,27850,-1.454799908399582,0.0
750,950,200.0,2787,1794.87,713472,0.5487035512924194,11235.050244140624,3815.088623046875,-0.002252389467321336,0.3,0.0003,0.002193819,27860,-1.3452991783618926,0.0015625
750,950,200.0,2788,1791.49,713728,0.37110966444015503,10829.553381347656,3423.94970703125,-0.002575166686438024,0.3,0.0003,0.0006522562,27870,-1.3508814811706542,0.0
751,950,200.0,2789,1783.62,713984,0.5824205875396729,5083.913879394531,1643.5272216796875,-0.0017982493387535214,0.3,0.0003,0.0022579988,27880,-1.2638822495937347,0.000390625
751,950,200.0,2790,1778.12,714240,-0.33177340030670166,23926.2990234375,13372.7666015625,-0.0023525520227849483,0.3,0.0003,0.0011791638,27890,-1.3764269649982452,0.0
751,950,200.0,2791,1772.93,714496,0.32283347845077515,16959.34287109375,6097.974609375,-0.001475780690088868,0.3,0.0003,0.00027389848,27900,-1.281603318452835,0.0
752,950,200.0,2792,1759.29,714752,0.27887028455734253,11053.957153320312,5565.9072265625,-0.00014511101180687548,0.3,0.0003,0.0003499335,27910,-1.4730442345142365,0.0
752,950,200.0,2793,1759.12,715008,0.5082288980484009,7727.6336669921875,4172.9169921875,-0.00244253643322736,0.3,0.0003,0.0024730195,27920,-1.032500684261322,0.00078125
752,950,200.0,2794,1759.38,715264,0.42234569787979126,14468.080883789062,6603.72314453125,-0.0008067236049100757,0.3,0.0003,0.00225935,27930,-1.4425980567932128,0.00078125
752,950,200.0,2795,1770.56,715520,0.22904890775680542,10550.301879882812,5392.3603515625,-0.002815339108929038,0.3,0.0003,0.0020485853,27940,-1.294724315404892,0.00078125
753,950,200.0,2796,1774.61,715776,0.5409042835235596,6644.141516113281,3187.552978515625,-0.0014317368157207965,0.3,0.0003,0.0013758803,27950,-1.336150586605072,0.0
753,950,200.0,2797,1782.31,716032,0.6530823707580566,5598.04599609375,1894.4722900390625,-0.004392915242351592,0.3,0.0003,0.009064897,27960,-1.3921682834625244,0.009765625
753,950,200.0,2798,1769.35,716288,0.14088034629821777,32009.81865234375,9093.232421875,0.0012198438169434666,0.3,0.0003,0.0023035773,27970,-1.433451509475708,0.0
753,950,200.0,2799,1765.59,716544,0.6085686683654785,5194.36669921875,2300.30029296875,-0.00508051582146436,0.3,0.0003,0.005584345,27980,-1.480968028306961,0.0046875
754,950,200.0,2800,1744.6,716800,0.42165499925613403,9005.424291992187,6942.91796875,0.0008935686433687806,0.3,0.0003,0.00030961912,27990,-1.153666192293167,0.0
754,950,200.0,2801,1747.96,717056,0.5476152896881104,6476.598956298828,2942.23974609375,-0.000968448189087212,0.3,0.0003,0.00048395456,28000,-1.4511483669281007,0.0
754,950,200.0,2802,1747.6,717312,0.6201840043067932,8997.872583007813,4444.98876953125,-0.0015841860324144364,0.3,0.0003,0.004109529,28010,-1.3327304422855377,0.00078125
754,950,200.0,2803,1760.79,717568,0.6420341730117798,5411.654833984375,2609.9609375,0.0006171141751110554,0.3,0.0003,0.001783103,28020,-1.4019447028636933,0.0
755,950,200.0,2804,1776.07,717824,0.23810416460037231,4417.743707275391,913.9442749023438,-0.0023184446908999234,0.3,0.0003,0.0010230953,28030,-1.3627487957477569,0.0
755,950,200.0,2805,1774.58,718080,-0.10440421104431152,40490.2251953125,11652.5205078125,-0.00026604663580656054,0.3,0.0003,0.00045551592,28040,-1.348450630903244,0.0
755,950,200.0,2806,1760.98,718336,0.5288742780685425,5798.908520507813,3344.156982421875,-0.00027052314253523947,0.3,0.0003,4.9252994e-05,28050,-1.497709959745407,0.0
756,950,200.0,2807,1752.87,718592,0.606704592704773,4948.682092285157,3281.673095703125,-0.00019828916992992163,0.3,0.0003,0.00014108163,28060,-1.1056540727615356,0.0
756,950,200.0,2808,1758.43,718848,0.6657417416572571,5493.368139648437,2768.472412109375,-0.000876961590256542,0.3,0.0003,0.00019970722,28070,-1.0333262503147125,0.0
756,950,200.0,2809,1758.58,719104,0.3397899270057678,14000.781372070312,5203.57470703125,-0.004346931318286807,0.3,0.0003,0.011764756,28080,-1.3035578966140746,0.01328125
756,950,200.0,2810,1760.52,719360,0.5384469032287598,6411.477844238281,2709.724609375,-0.0008007165160961449,0.3,0.0003,0.0025709893,28090,-1.443649673461914,0.0
757,950,200.0,2811,1765.86,719616,0.48416751623153687,7311.286657714843,5335.28857421875,-0.004674658109433949,0.3,0.0003,0.00582797,28100,-1.377125608921051,0.005078125
757,950,200.0,2812,1760.62,719872,0.3731995224952698,9005.508715820313,4425.65576171875,-0.003181945695541799,0.3,0.0003,0.0027153422,28110,-1.5036345064640044,0.0
757,950,200.0,2813,1763.5,720128,0.08720642328262329,16643.433959960938,7602.24169921875,-0.0002907667425461113,0.3,0.0003,0.00016722409,28120,-1.0615781545639038,0.0
757,950,200.0,2814,1782.45,720384,0.688469648361206,3818.042037963867,2643.13134765625,-0.0012106548761948942,0.3,0.0003,0.0014485428,28130,-1.1267937064170837,0.0
758,950,200.0,2815,1780.93,720640,0.6203511953353882,4921.990341186523,1566.7591552734375,-0.0016267792787402868,0.3,0.0003,0.0028667564,28140,-1.3464884340763092,0.00234375
758,950,200.0,2816,1782.61,720896,0.4833216071128845,12027.940625,7072.0576171875,-0.001147018256597221,0.3,0.0003,0.0005782249,28150,-1.5696465730667115,0.0
758,950,200.0,2817,1787.84,721152,0.5331791043281555,6175.70927734375,3077.322265625,-0.0007279309676960111,0.3,0.0003,0.00028818753,28160,-1.379895555973053,0.0
759,950,200.0,2818,1818.28,721408,0.5590399503707886,7198.752978515625,3964.849365234375,-0.0024334410089068116,0.3,0.0003,0.0011593048,28170,-1.2455000400543212,0.0
759,950,200.0,2819,1826.47,721664,0.5453356504440308,10484.600329589844,9047.2705078125,-0.004073435330064967,0.3,0.0003,0.003324604,28180,-1.2362366557121276,0.000390625
759,950,200.0,2820,1821.59,721920,0.48001253604888916,6664.390277099609,401.2901306152344,-0.007607181114144624,0.3,0.0003,0.010332098,28190,-1.390474271774292,0.00703125
759,950,200.0,2821,1826.61,722176,0.11137068271636963,13494.2134765625,3232.316162109375,0.0010191397974267601,0.3,0.0003,0.0051738312,28200,-1.3619187295436859,0.006640625
760,950,200.0,2822,1824.17,722432,0.6393884420394897,6329.560803222656,748.1354370117188,-0.0014454127755016088,0.3,0.0003,0.0010739213,28210,-1.3941481173038484,0.0
760,950,200.0,2823,1834.72,722688,0.17614752054214478,25306.559619140626,8958.208984375,-8.24689632281661e-05,0.3,0.0003,0.00038753077,28220,-1.4071594953536988,0.0
760,950,200.0,2824,1832.44,722944,0.5391506552696228,6177.4556884765625,3928.734130859375,-0.0026723560062237085,0.3,0.0003,0.0041426625,28230,-1.3168704807758331,0.004296875
760,950,200.0,2825,1837.21,723200,0.5635089874267578,6444.369519042969,3385.2880859375,-0.006809778837487101,0.3,0.0003,0.0033488914,28240,-1.3987955749034882,0.00234375
761,950,200.0,2826,1819.09,723456,-0.10482096672058105,22861.77236328125,11011.0576171875,-0.0004827905911952257,0.3,0.0003,0.0022901278,28250,-1.4252616465091705,0.0
761,950,200.0,2827,1808.38,723712,0.011028468608856201,13582.18671875,6477.23388671875,-0.00045280306367203595,0.3,0.0003,0.00017775898,28260,-1.3287874281406402,0.0
761,950,200.0,2828,1815.07,723968,0.552946925163269,5375.988354492188,4592.0732421875,-0.000650944048538804,0.3,0.0003,9.2813745e-05,28270,-1.4511434435844421,0.0
761,950,200.0,2829,1803.15,724224,0.16313934326171875,23888.769580078126,13682.146484375,-0.002366733807139099,0.3,0.0003,0.00028420216,28280,-1.468822181224823,0.0
762,950,200.0,2830,1798.1,724480,0.42104166746139526,11661.47470703125,4158.8291015625,-0.0003768277587369084,0.3,0.0003,0.00017573358,28290,-1.4057921290397644,0.0
762,950,200.0,2831,1802.75,724736,0.4458206295967102,7979.158239746093,2206.861328125,-0.0015775165753439068,0.3,0.0003,0.0009779963,28300,-1.4003561973571776,0.0
762,950,200.0,2832,1787.17,724992,0.29682546854019165,8813.061987304687,2631.712158203125,-0.006205236876849085,0.3,0.0003,0.011191306,28310,-1.3741130113601685,0.021484375
763,950,200.0,2833,1776.88,725248,0.21938413381576538,12663.011865234375,5946.107421875,-0.001286271447315812,0.3,0.0003,0.00065975403,28320,-1.4064918398857116,0.0
763,950,200.0,2834,1790.4,725504,0.3269287347793579,11955.861889648437,989.394287109375,-0.0009576658485457301,0.3,0.0003,0.0011521017,28330,-1.4203500270843505,0.0
763,950,200.0,2835,1779.6,725760,0.5077208280563354,6438.7224609375,3233.50439453125,-0.0024535535427276044,0.3,0.0003,0.0026386199,28340,-1.4934441924095154,0.0
763,950,200.0,2836,1744.22,726016,0.6579321622848511,4677.204165649414,3143.121826171875,-0.0029687220230698586,0.3,0.0003,0.0029748394,28350,-0.7949465483427047,0.000390625
764,950,200.0,2837,1750.45,726272,0.3615943193435669,8701.670483398437,3069.432861328125,-0.0019358526333235204,0.3,0.0003,0.0036942214,28360,-1.0842093884944917,0.0
764,950,200.0,2838,1752.08,726528,0.6640629768371582,4586.395455932618,1242.2677001953125,-0.00044567795703187585,0.3,0.0003,0.0012510836,28370,-1.4985386073589324,0.0
764,950,200.0,2839,1736.24,726784,0.20809102058410645,11141.800183105468,1588.815185546875,-0.0004455021698959172,0.3,0.0003,0.00054465956,28380,-1.395739245414734,0.0
764,950,200.0,2840,1733.78,727040,0.5315098762512207,6981.0499267578125,3316.79296875,-0.004238559724763035,0.3,0.0003,0.004157305,28390,-1.5004720091819763,0.0015625
765,950,200.0,2841,1736.57,727296,0.5260411500930786,7766.768237304687,2261.819091796875,-0.0016972786048427223,0.3,0.0003,0.0010188594,28400,-1.419492644071579,0.0
765,950,200.0,2842,1735.41,727552,0.628833532333374,5385.414331054688,2942.166748046875,-0.0023564049042761326,0.3,0.0003,0.0035022176,28410,-1.4997580647468567,0.00390625
765,950,200.0,2843,1769.99,727808,0.6519358158111572,5575.914367675781,4894.99658203125,-0.01521534277126193,0.3,0.0003,0.031552393,28420,-1.4358935058116913,0.040234375
765,950,200.0,2844,1764.26,728064,0.47499871253967285,13912.679431152344,8043.8251953125,-0.008979564369656145,0.3,0.0003,0.015627969,28430,-1.4291744351387023,0.037890625
766,950,200.0,2845,1764.47,728320,0.04452383518218994,22603.5619140625,11239.666015625,-0.004878859780728817,0.3,0.0003,0.0015522777,28440,-1.358791583776474,0.0
766,950,200.0,2846,1765.14,728576,0.5220706462860107,6010.40322265625,1919.899169921875,-0.007179235480725766,0.3,0.0003,0.009424761,28450,-1.4365340888500213,0.008203125
766,950,200.0,2847,1768.59,728832,0.010590076446533203,12125.20615234375,7108.43896484375,-0.0030491393874399362,0.3,0.0003,0.010527747,28460,-1.1853108048439025,0.040234375
767,950,200.0,2848,1763.44,729088,0.6074581146240234,9510.562036132813,7599.9931640625,-0.0022290445980615915,0.3,0.0003,0.006222602,28470,-1.3283294916152955,0.005859375
767,950,200.0,2849,1763.32,729344,0.526189923286438,7187.814044189453,5826.86767578125,-0.0008794835419394075,0.3,0.0003,0.000661982,28480,-1.4330783843994142,0.0
767,950,200.0,2850,1757.01,729600,0.01787698268890381,18548.581762695314,10926.8837890625,-0.003099655418191105,0.3,0.0003,0.0015077994,28490,-1.2685731112957002,0.0
767,950,200.0,2851,1751.16,729856,0.5619051456451416,5240.521484375,3960.46630859375,-0.00311785452067852,0.3,0.0003,0.004059189,28500,-1.2503894209861754,0.0
768,950,200.0,2852,1735.64,730112,0.6619145274162292,6881.780834960938,875.0818481445312,-0.0013012752402573823,0.3,0.0003,0.005385885,28510,-1.269878441095352,0.001171875
768,950,200.0,2853,1749.6,730368,0.6522574424743652,6035.99296875,3537.341064453125,0.0036736873909831045,0.3,0.0003,0.0025995083,28520,-1.3970989763736725,0.00390625
768,950,200.0,2854,1755.54,730624,0.5047510862350464,6685.076843261719,5527.57666015625,-0.008866534940898419,0.3,0.0003,0.010391971,28530,-1.42450612783432,0.015625
768,950,200.0,2855,1762.09,730880,0.42464298009872437,16590.474267578124,10138.5009765625,-9.048455394804478e-05,0.3,0.0003,0.0010680552,28540,-0.9287113398313522,0.0
769,950,200.0,2856,1758.94,731136,0.3894261121749878,7645.9368896484375,4711.2236328125,-0.00036647432134486737,0.3,0.0003,0.00011328375,28550,-1.232992935180664,0.0
769,950,200.0,2857,1742.21,731392,0.37876200675964355,6800.2471923828125,3535.85986328125,-3.5753700649365784e-05,0.3,0.0003,4.80609e-06,28560,-0.8830495834350586,0.0
769,950,200.0,2858,1735.07,731648,0.42528069019317627,8660.871398925781,1202.878173828125,-0.0014808766543865203,0.3,0.0003,0.00039611314,28570,-1.3277612209320069,0.0
769,950,200.0,2859,1723.83,731904,-0.07788419723510742,19933.516845703125,11079.591796875,0.0013024993822909892,0.3,0.0003,0.00019214558,28580,-1.533706796169281,0.0
770,950,200.0,2860,1742.91,732160,0.4104923605918884,9852.015844726562,3235.731201171875,-0.0004188770428299904,0.3,0.0003,0.00017685047,28590,-1.4761139750480652,0.0
770,950,200.0,2861,1744.13,732416,0.5424685478210449,5577.167150878906,1341.813720703125,-9.107713121920824e-05,0.3,0.0003,4.789955e-05,28600,-1.3222490787506103,0.0
770,950,200.0,2862,1763.17,732672,0.21756470203399658,27727.29853515625,11933.4306640625,-0.0010353140765801071,0.3,0.0003,0.00018020254,28610,-1.4594626903533936,0.0
771,950,200.0,2863,1746.58,732928,-0.025359511375427246,23122.15964355469,3860.11865234375,-0.001574391475878656,0.3,0.0003,0.00043285848,28620,-1.262513393163681,0.0
771,950,200.0,2864,1746.5,733184,0.3373120427131653,12234.219091796875,1611.501220703125,-0.0020523260580375792,0.3,0.0003,0.0005315328,28630,-1.3871554732322693,0.0
771,950,200.0,2865,1734.79,733440,0.5154365301132202,5877.407421875,1617.59716796875,-0.0009711739578051493,0.3,0.0003,0.00065432535,28640,-1.4357960283756257,0.0
771,950,200.0,2866,1722.11,733696,0.36883389949798584,10244.058276367188,5698.08642578125,-0.00786143516888842,0.3,0.0003,0.0031196005,28650,-1.5090104043483734,0.003515625
772,950,200.0,2867,1718.94,733952,0.2217084765434265,10921.978955078124,4087.430908203125,-0.0032072282629087567,0.3,0.0003,0.002084045,28660,-1.5218400835990906,0.00234375
772,950,200.0,2868,1727.17,734208,0.6526824235916138,5712.095440673828,1958.3226318359375,-0.003010107297450304,0.3,0.0003,0.0034266156,28670,-1.4014282941818237,0.0015625
772,950,200.0,2869,1729.99,734464,0.6188978552818298,8164.9283203125,2037.568359375,-0.009726786892861128,0.3,0.0003,0.012596669,28680,-1.2933593451976777,0.021875
772,950,200.0,2870,1752.02,734720,0.13395631313323975,20895.6916015625,3758.693603515625,-0.011764827556908131,0.3,0.0003,0.006228662,28690,-1.3866815209388732,0.0046875
773,950,200.0,2871,1741.18,734976,0.47590017318725586,6543.607116699219,3839.31396484375,-0.007249989733099938,0.3,0.0003,0.015822021,28700,-1.4592175841331483,0.0171875
773,950,200.0,2872,1752.45,735232,0.616485059261322,6035.006079101562,2434.57373046875,-0.008268474019132555,0.3,0.0003,0.011737012,28710,-1.3813500583171845,0.01171875
773,950,200.0,2873,1735.55,735488,0.670879602432251,7490.029699707031,6188.12255859375,-0.005642101634293795,0.3,0.0003,0.01627338,28720,-1.3852757930755615,0.0359375
773,950,200.0,2874,1740.94,735744,0.6520545482635498,4883.942388916015,2931.66064453125,-0.0017732640262693167,0.3,0.0003,0.0032828988,28730,-1.3257626473903656,0.0015625
774,950,200.0,2875,1743.1,736000,0.47857666015625,6626.07392578125,2935.283203125,-0.002928109932690859,0.3,0.0003,0.0008182328,28740,-1.3082788109779357,0.0
774,950,200.0,2876,1740.2,736256,0.32183897495269775,7426.194018554687,6817.12744140625,-0.0001457487465813756,0.3,0.0003,0.00026515126,28750,-1.2317882239818574,0.0
774,950,200.0,2877,1749.8,736512,0.14472782611846924,25257.324169921874,12359.560546875,-0.001195216248743236,0.3,0.0003,0.00014255755,28760,-1.4055459797382355,0.0
775,950,200.0,2878,1752.78,736768,0.24567562341690063,8308.566552734375,2205.837158203125,7.183952257037163e-05,0.3,0.0003,3.5075005e-05,28770,-1.087390273809433,0.0
775,950,200.0,2879,1748.89,737024,0.1801040768623352,22557.709594726562,12252.3779296875,-0.004991810116916895,0.3,0.0003,0.0017158191,28780,-1.409278267621994,0.0
775,950,200.0,2880,1749.46,737280,0.03952312469482422,20029.545141601564,6706.28662109375,0.00043716856744140385,0.3,0.0003,0.0008007637,28790,-1.478873360157013,0.0
775,950,200.0,2881,1744.72,737536,0.43910807371139526,8159.408166503907,6475.3994140625,-0.0003383337170816958,0.3,0.0003,9.227195e-05,28800,-1.174052321910858,0.0
776,950,200.0,2882,1761.54,737792,0.44830143451690674,8893.870153808593,4033.5869140625,-0.005771237798035145,0.3,0.0003,0.0026917323,28810,-1.2321264505386353,0.0015625
776,950,200.0,2883,1757.86,738048,0.646961510181427,6795.055981445313,4509.47314453125,-0.0006669473834335804,0.3,0.0003,0.0007507093,28820,-1.3235075414180755,0.0
776,950,200.0,2884,1758.13,738304,0.5575680732727051,11089.489453125,6823.93408203125,-0.0018416849430650472,0.3,0.0003,0.00015270896,28830,-1.3267984867095948,0.0
776,950,200.0,2885,1766.02,738560,0.2148956060409546,10944.122778320312,6086.8701171875,-0.0009781788801774382,0.3,0.0003,0.00053291325,28840,-1.242807388305664,0.0
777,950,200.0,2886,1782.58,738816,0.30062323808670044,11259.671142578125,5414.80615234375,-0.001080408087000251,0.3,0.0003,0.0004372513,28850,-1.362054353952408,0.0
777,950,200.0,2887,1787.31,739072,0.3022189736366272,13283.290966796874,4500.38525390625,3.9341358933597804e-05,0.3,0.0003,5.4142438e-05,28860,-1.1505141317844392,0.0
777,950,200.0,2888,1789.71,739328,0.6104562282562256,5364.509289550781,2729.432861328125,-0.0027557830675505103,0.3,0.0003,0.0026758513,28870,-1.498876792192459,0.001171875
777,950,200.0,2889,1791.47,739584,0.5556726455688477,6182.995788574219,874.7136840820312,-0.002423140988685191,0.3,0.0003,0.0020008255,28880,-1.3205853939056396,0.00078125
778,950,200.0,2890,1796.01,739840,0.4330938458442688,2979.5291900634766,424.3682556152344,-0.0051047208718955515,0.3,0.0003,0.0047247736,28890,-1.389875191450119,0.00703125
778,950,200.0,2891,1796.17,740096,0.6126109957695007,8992.680139160157,4334.92626953125,-0.00024394603678956628,0.3,0.0003,0.0053444696,28900,-1.188572347164154,0.001171875
778,950,200.0,2892,1812.19,740352,0.5596739053726196,7387.19296875,1828.156982421875,-0.005514946137554944,0.3,0.0003,0.0089879,28910,-1.319967895746231,0.01328125
779,950,200.0,2893,1807.14,740608,0.648770809173584,7706.1447265625,1369.1239013671875,-0.0008524003904312849,0.3,0.0003,0.0027384958,28920,-1.521814113855362,0.0
779,950,200.0,2894,1815.57,740864,0.6096705198287964,10746.541821289062,4796.611328125,-0.0040493586100637914,0.3,0.0003,0.006221945,28930,-1.375537931919098,0.003515625
779,950,200.0,2895,1803.56,741120,0.36765801906585693,3089.055792236328,1323.418701171875,-0.006281022354960442,0.3,0.0003,0.0062159575,28940,-1.3763490438461303,0.00546875
779,950,200.0,2896,1793.45,741376,0.30971193313598633,12723.551977539062,5817.8662109375,-0.004145647468976677,0.3,0.0003,0.0018661537,28950,-1.6005837261676787,0.0
780,950,200.0,2897,1776.22,741632,0.02283775806427002,27863.40927734375,13733.2197265625,-0.0007019782206043601,0.3,0.0003,0.00025269948,28960,-1.369185608625412,0.0
780,950,200.0,2898,1785.43,741888,0.2926790118217468,15432.12734375,6050.61181640625,-0.0010338500840589404,0.3,0.0003,8.875225e-05,28970,-1.0371540129184722,0.0
780,950,200.0,2899,1785.3,742144,0.645226001739502,6363.139794921875,4122.11865234375,-0.0011205972405150533,0.3,0.0003,0.0005648057,28980,-1.1615393340587616,0.0
780,950,200.0,2900,1788.57,742400,0.7002146244049072,5363.320858764649,1432.0904541015625,-0.0014493989758193493,0.3,0.0003,0.0035745713,28990,-1.2549719870090486,0.00234375
781,950,200.0,2901,1785.62,742656,0.4223465919494629,8261.363098144531,3577.49951171875,-0.0006906451657414436,0.3,0.0003,0.0027144344,29000,-1.0999841213226318,0.0078125
781,950,200.0,2902,1774.15,742912,0.6448029279708862,8624.210998535156,6032.53857421875,-0.0017948732245713472,0.3,0.0003,0.0019816621,29010,-1.3731325089931488,0.0
781,950,200.0,2903,1779.74,743168,0.4062154293060303,8982.2115234375,3369.115478515625,-0.003662330494262278,0.3,0.0003,0.005515171,29020,-1.2604799151420594,0.0015625
781,950,200.0,2904,1806.48,743424,0.5622894763946533,5410.948675537109,3209.517578125,-0.0023596539918798952,0.3,0.0003,0.0045577786,29030,-1.3384297013282775,0.002734375
782,950,200.0,2905,1803.73,743680,0.5679382085800171,9391.980883789063,3858.654296875,-0.0019188803853467107,0.3,0.0003,0.0029047683,29040,-1.2821640491485595,0.000390625
782,950,200.0,2906,1816.51,743936,0.5524301528930664,7201.941589355469,4097.3193359375,-0.0016674938960932195,0.3,0.0003,0.0020143483,29050,-1.353207516670227,0.0
782,950,200.0,2907,1814.28,744192,0.7284421920776367,6307.455920410156,4161.0166015625,-0.007588878972455859,0.3,0.0003,0.019368092,29060,-1.36134575009346,0.03046875
782,950,200.0,2908,1824.56,744448,0.5926069021224976,4872.951358032226,255.51712036132812,-0.0006572309997864067,0.3,0.0003,0.0038881437,29070,-1.4240024745464326,0.0
783,950,200.0,2909,1817.24,744704,0.37027406692504883,18668.937939453124,6601.00537109375,-0.00027079007122665644,0.3,0.0003,0.00021105795,29080,-1.3161139011383056,0.0
783,950,200.0,2910,1813.95,744960,0.32009100914001465,12287.934350585938,3499.858154296875,-0.0031798581825569273,0.3,0.0003,0.0010031885,29090,-1.4375510931015014,0.0
783,950,200.0,2911,1831.2,745216,0.5757197141647339,7436.332824707031,1448.2109375,-0.0035352970007807016,0.3,0.0003,0.0013688325,29100,-1.378995305299759,0.0
784,950,200.0,2912,1814.37,745472,0.47370582818984985,13493.819482421875,5865.70458984375,-0.0057583519024774436,0.3,0.0003,0.0036249505,29110,-1.447544378042221,0.00234375
784,950,200.0,2913,1814.58,745728,0.5434210896492004,6319.195703125,3166.72607421875,-0.00018372852355241776,0.3,0.0003,0.0010119204,29120,-1.3367007791996002,0.0
784,950,200.0,2914,1824.83,745984,0.6050273180007935,6211.073138427734,3546.2099609375,-0.0028072930406779053,0.3,0.0003,0.0010975255,29130,-1.2561585426330566,0.0
784,950,200.0,2915,1835.91,746240,0.6313287615776062,4624.9384094238285,638.0009765625,-0.0027264028089120985,0.3,0.0003,0.0017624858,29140,-1.1705975770950316,0.0
785,950,200.0,2916,1833.4,746496,0.339277446269989,16656.02783203125,7491.748046875,-0.0002840220229700208,0.3,0.0003,0.0012034103,29150,-1.315148800611496,0.0
785,950,200.0,2917,1835.94,746752,0.4211058020591736,6770.07958984375,4115.90966796875,-0.00037706084840465336,0.3,0.0003,0.0003862658,29160,-1.2815790057182312,0.0
785,950,200.0,2918,1831.3,747008,0.7182326316833496,3545.664093017578,874.0960693359375,-0.006641731678973884,0.3,0.0003,0.020349529,29170,-1.304045706987381,0.033984375
785,950,200.0,2919,1819.28,747264,0.4181155562400818,7107.437551879882,3463.0654296875,-0.0001737990416586399,0.3,0.0003,0.0035068977,29180,-0.9153799682855606,0.008984375
786,950,200.0,2920,1818.71,747520,0.23457598686218262,22200.321630859376,9839.9111328125,-0.0022745653986930847,0.3,0.0003,0.000861065,29190,-1.5009140908718108,0.0
786,950,200.0,2921,1808.76,747776,0.468345582485199,6602.388598632812,3866.25927734375,-0.00316768727498129,0.3,0.0003,0.005040936,29200,-1.3751564025878906,0.003515625
786,950,200.0,2922,1785.81,748032,0.4119895100593567,7794.549645996094,1721.015869140625,-0.0001906125107780099,0.3,0.0003,0.00025510206,29210,-1.6120299875736237,0.0
787,950,200.0,2923,1777.81,748288,0.40954989194869995,7918.764575195312,4461.1865234375,-0.00021963075269013644,0.3,0.0003,6.111595e-05,29220,-0.7624344944953918,0.0
787,950,200.0,2924,1785.18,748544,0.6799737811088562,5481.606579589844,2654.020263671875,-0.0021741049829870464,0.3,0.0003,0.0017510531,29230,-0.9974969655275345,0.0
787,950,200.0,2925,1796.15,748800,0.6380127668380737,5273.036413574218,1466.070556640625,-0.008583571412600577,0.3,0.0003,0.033841528,29240,-1.4267167568206787,0.059765625
787,950,200.0,2926,1804.7,749056,0.5779929161071777,6480.644836425781,913.6290893554688,-0.0028610493522137404,0.3,0.0003,0.003006104,29250,-1.2749116897583008,0.00078125
788,950,200.0,2927,1805.15,749312,0.6357377171516418,9093.131915283204,3387.330322265625,-0.0021934601245447993,0.3,0.0003,0.0023715165,29260,-1.3691010355949402,0.0
788,950,200.0,2928,1799.95,749568,0.4093325734138489,9048.472045898438,6534.42041015625,-0.0034748996957205238,0.3,0.0003,0.0008955167,29270,-1.3043727934360505,0.0
788,950,200.0,2929,1826.33,749824,0.5955342650413513,6410.138134765625,1887.543701171875,-0.004328273166902363,0.3,0.0003,0.003321275,29280,-1.3429463744163512,0.0
788,950,200.0,2930,1844.25,750080,0.5422109365463257,10074.838696289062,4684.787109375,-0.003020530566573143,0.3,0.0003,0.005470524,29290,-1.2422859907150268,0.00546875
789,950,200.0,2931,1846.41,750336,0.5526353716850281,6594.9769836425785,1997.6552734375,-0.0019332739408127963,0.3,0.0003,0.003318571,29300,-1.1998714089393616,0.0
789,950,200.0,2932,1837.49,750592,0.6241191625595093,5689.262640380859,2552.877197265625,-0.006411542184650898,0.3,0.0003,0.0076966817,29310,-1.324507975578308,0.010546875
789,950,200.0,2933,1857.46,750848,0.47191673517227173,7644.431396484375,1774.9869384765625,0.00020502868574112654,0.3,0.0003,0.0012709633,29320,-1.233398252725601,0.0
790,950,200.0,2934,1859.86,751104,0.45894092321395874,10501.4908203125,7700.46728515625,-0.0004593810066580772,0.3,0.0003,0.0009658986,29330,-1.2165311396121978,0.0
790,950,200.0,2935,1881.68,751360,0.2784801125526428,19211.73837890625,6300.99072265625,-0.002046482125297189,0.3,0.0003,0.00099533,29340,-1.3283787667751312,0.0
790,950,200.0,2936,1915.29,751616,0.5341030359268188,5465.434619140625,2981.46044921875,-0.004846508672926575,0.3,0.0003,0.009077241,29350,-1.1418497443199158,0.002734375
790,950,200.0,2937,1919.84,751872,0.4845203757286072,12631.069555664062,6868.93310546875,0.0010527794016525148,0.3,0.0003,0.0027812715,29360,-1.0907542705535889,0.00234375
791,950,200.0,2938,1930.74,752128,0.44704240560531616,8310.200354003906,4579.61767578125,-0.0014657063060440124,0.3,0.0003,0.00039983867,29370,-1.2264482080936432,0.0
791,950,200.0,2939,1934.36,752384,0.5895125865936279,5946.43447265625,3018.429443359375,-0.0021653014700859785,0.3,0.0003,0.0012289402,29380,-1.0747957974672318,0.0
791,950,200.0,2940,1924.1,752640,0.42161285877227783,8882.966259765624,2268.8408203125,-0.00434754085727036,0.3,0.0003,0.0021471395,29390,-1.28857883810997,0.001953125
791,950,200.0,2941,1940.17,752896,0.3126910328865051,14263.563916015624,6852.236328125,-0.0005010179243981838,0.3,0.0003,0.0002359075,29400,-1.0650236129760742,0.0
792,950,200.0,2942,1937.72,753152,0.5392974615097046,5579.432971191406,758.4109497070312,-0.0026683417381718755,0.3,0.0003,0.010460366,29410,-1.1388476610183715,0.01015625
792,950,200.0,2943,1934.8,753408,0.6645718812942505,5151.151666259766,531.700439453125,-0.00019546253606677054,0.3,0.0003,0.0020309149,29420,-1.1066363275051116,0.001953125
792,950,200.0,2944,1937.71,753664,0.4787582755088806,11143.374853515625,6331.25048828125,-0.00018340495880693198,0.3,0.0003,0.00027941028,29430,-1.1145655155181884,0.0
792,950,200.0,2945,1934.96,753920,0.351110577583313,8400.941717529297,5909.1630859375,-0.0006045601097866893,0.3,0.0003,0.00017357222,29440,-1.245329487323761,0.0
793,950,200.0,2946,1918.91,754176,0.36643320322036743,7582.799792480469,3738.071533203125,-0.0002804765594191849,0.3,0.0003,0.00022407668,29450,-1.242763841152191,0.0
793,950,200.0,2947,1921.05,754432,0.3556085228919983,7658.662158203125,6004.029296875,-0.003724579105619341,0.3,0.0003,0.002136655,29460,-1.0603607177734375,0.0
793,950,200.0,2948,1912.58,754688,0.42249900102615356,10238.666064453126,6369.486328125,5.166222108528018e-05,0.3,0.0003,0.00012049591,29470,-1.1161547422409057,0.0
794,950,200.0,2949,1910.31,754944,0.4649474024772644,6060.682824707032,665.174560546875,-0.00011535570956766605,0.3,0.0003,3.411318e-05,29480,-0.9076572358608246,0.0
794,950,200.0,2950,1899.56,755200,0.45593976974487305,8290.99443359375,5663.53076171875,-6.262357346713543e-05,0.3,0.0003,1.2736535e-05,29490,-0.9760639697313309,0.0
794,950,200.0,2951,1905.44,755456,0.5296692848205566,6094.638452148438,4629.734375,-0.00012495261617004872,0.3,0.0003,1.3221521e-05,29500,-1.147002249956131,0.0
794,950,200.0,2952,1916.32,755712,0.529638409614563,10626.87930908203,6472.95458984375,-5.852063186466694e-05,0.3,0.0003,9.653857e-06,29510,-1.1251906216144563,0.0
795,950,200.0,2953,1908.4,755968,0.5508005619049072,6614.546295166016,2012.61962890625,-6.964902859181165e-05,0.3,0.0003,4.0021492e-05,29520,-1.114280641078949,0.0
795,950,200.0,2954,1906.84,756224,0.2943202257156372,9336.440075683593,5350.32470703125,-0.0008093760814517736,0.3,0.0003,0.00032882998,29530,-1.0299635440111161,0.0
795,950,200.0,2955,1904.16,756480,0.4095047116279602,11071.462451171876,5453.03515625,-0.00017542666755616666,0.3,0.0003,8.239644e-05,29540,-1.2108766317367554,0.0
795,950,200.0,2956,1920.08,756736,0.5675666332244873,7542.864819335938,3882.635009765625,-0.000557888625189662,0.3,0.0003,0.00024630106,29550,-1.076531633734703,0.0
796,950,200.0,2957,1914.86,756992,0.4143756031990051,10935.00047607422,4030.611572265625,-0.0013085392070934176,0.3,0.0003,0.000387982,29560,-1.1553406238555908,0.0
796,950,200.0,2958,1916.5,757248,0.576770544052124,5248.537829589844,1966.8531494140625,-0.00012092543765902519,0.3,0.0003,0.00010707136,29570,-1.1420186161994934,0.0
796,950,200.0,2959,1907.17,757504,0.36715441942214966,17806.64387207031,6126.29345703125,-0.0014042119029909373,0.3,0.0003,0.00032584975,29580,-1.0529004424810409,0.0
796,950,200.0,2960,1912.41,757760,0.6706559658050537,5992.895159912109,2016.3204345703125,-0.0012121759820729495,0.3,0.0003,0.0011390513,29590,-1.165358543395996,0.0
797,950,200.0,2961,1941.31,758016,0.5687124729156494,6311.4125305175785,1848.4503173828125,-0.0053827191586606205,0.3,0.0003,0.008803832,29600,-1.104711079597473,0.01796875
797,950,200.0,2962,1941.32,758272,0.505683183670044,10924.731982421876,5806.0537109375,-0.0037364271585829554,0.3,0.0003,0.010053026,29610,-1.1100202202796936,0.021484375
797,950,200.0,2963,1951.77,758528,0.03844386339187622,15108.530151367188,2780.417236328125,-0.003176252101548016,0.3,0.0003,0.0034282892,29620,-1.1412549495697022,0.00234375
798,950,200.0,2964,1935.57,758784,0.3842676877975464,10339.61396484375,2933.4794921875,-0.0010171418776735663,0.3,0.0003,0.00014059921,29630,-1.1965029120445252,0.0
798,950,200.0,2965,1924.3,759040,0.35034722089767456,7948.337841796875,3498.3154296875,-0.001665497338399291,0.3,0.0003,0.001344685,29640,-1.0485901415348053,0.0
798,950,200.0,2966,1911.26,759296,-0.2435147762298584,24653.940625,8179.11328125,-0.00147762798005715,0.3,0.0003,0.002123389,29650,-1.2344436705112458,0.000390625
798,950,200.0,2967,1883.99,759552,0.04892975091934204,19688.629638671875,5750.18701171875,-0.0010321046458557249,0.3,0.0003,0.00024396018,29660,-1.2866826415061952,0.0
799,950,200.0,2968,1902.47,759808,0.1516948938369751,10086.22354736328,6378.57763671875,-0.00027890889905393126,0.3,0.0003,0.00013352721,29670,-1.1207367360591889,0.0
799,950,200.0,2969,1902.18,760064,0.14384573698043823,27140.03896484375,14931.1064453125,-0.0009898487944155932,0.3,0.0003,0.0001112828,29680,-1.279824560880661,0.0
799,950,200.0,2970,1887.89,760320,0.33747756481170654,9431.911474609375,2000.13232421875,-0.0009084338787943124,0.3,0.0003,7.403549e-05,29690,-1.176194667816162,0.0
799,950,200.0,2971,1901.68,760576,0.32816267013549805,7699.837969970703,4770.2099609375,-0.00022497980389744044,0.3,0.0003,9.23085e-05,29700,-1.1514135718345642,0.0
800,950,200.0,2972,1900.57,760832,0.3966095447540283,7456.750695800782,848.703125,-0.0009176396299153567,0.3,0.0003,0.00021793833,29710,-0.9965966731309891,0.0
800,950,200.0,2973,1904.22,761088,0.4830809235572815,10625.651159667968,7077.74853515625,-0.00017728726379573345,0.3,0.0003,0.00015110057,29720,-1.178658127784729,0.0
800,950,200.0,2974,1919.03,761344,0.6293996572494507,6051.453204345703,3386.4091796875,-0.00317900002701208,0.3,0.0003,0.0049577747,29730,-1.1632522463798523,0.001953125
800,950,200.0,2975,1920.14,761600,0.36636459827423096,9571.17109375,3179.9189453125,-0.001453891908749938,0.3,0.0003,0.0027581078,29740,-1.0159129202365875,0.000390625
801,950,200.0,2976,1909.49,761856,0.4325758218765259,8244.770886230468,4177.0791015625,-0.005349369824398309,0.3,0.0003,0.0037764325,29750,-1.2513905763626099,0.003125
801,950,200.0,2977,1902.26,762112,0.29640495777130127,11185.984741210938,6697.31640625,-0.004314873227849602,0.3,0.0003,0.0043898886,29760,-1.2430461823940278,0.00078125
801,950,200.0,2978,1883.74,762368,0.28657275438308716,11695.945239257813,4824.4609375,-0.002324133412912488,0.3,0.0003,0.0009859216,29770,-1.2822142899036408,0.0
802,950,200.0,2979,1871.39,762624,0.35601693391799927,10577.3609375,8217.81640625,-0.0034471636172384024,0.3,0.0003,0.0032096012,29780,-1.2519679605960845,0.003125
802,950,200.0,2980,1871.91,762880,0.2581278085708618,24975.38193359375,13262.6015625,-0.001458965800702572,0.3,0.0003,0.00037867087,29790,-1.3410701692104339,0.0
802,950,200.0,2981,1874.7,763136,-0.0026128292083740234,23129.399365234374,4346.0029296875,-0.002541365590877831,0.3,0.0003,0.0012485294,29800,-1.2022636473178863,0.0
802,950,200.0,2982,1874.25,763392,0.522042989730835,7112.7859375,1588.6583251953125,-0.003668831428512931,0.3,0.0003,0.002583221,29810,-1.1702822983264922,0.002734375
803,950,200.0,2983,1850.6,763648,0.11132508516311646,2916.402972412109,1009.8119506835938,-0.0007176354178227484,0.3,0.0003,0.00060974597,29820,-1.33574578166008,0.0
803,950,200.0,2984,1838.05,763904,0.28494948148727417,13831.565991210937,6641.13720703125,-0.00021918972488492726,0.3,0.0003,3.452925e-05,29830,-1.018789529800415,0.0
803,950,200.0,2985,1854.8,764160,0.6328411102294922,6167.144702148437,2955.3564453125,-0.0013180954847484827,0.3,0.0003,0.0011065027,29840,-1.1619540274143219,0.0
803,950,200.0,2986,1846.21,764416,0.5941891670227051,7479.183459472656,5852.0771484375,-0.005884750210680067,0.3,0.0003,0.008981225,29850,-1.131574547290802,0.013671875
804,950,200.0,2987,1847.38,764672,0.6959218978881836,7510.5775390625,3953.67529296875,-0.002998136298265308,0.3,0.0003,0.01011497,29860,-1.0805531978607177,0.01015625
804,950,200.0,2988,1849.01,764928,0.5628997087478638,5409.767346191406,2478.1435546875,-0.001595501182600856,0.3,0.0003,0.0024348036,29870,-1.0963329076766968,0.0
804,950,200.0,2989,1832.88,765184,0.17666298151016235,21489.35458984375,4641.41796875,-0.002195881330408156,0.3,0.0003,0.00055108475,29880,-1.3364007353782654,0.0
805,950,200.0,2990,1838.71,765440,0.19668734073638916,8178.290716552734,3074.9716796875,-6.971307448111475e-05,0.3,0.0003,0.00017466699,29890,-1.1731665909290314,0.0
805,950,200.0,2991,1840.97,765696,0.43077754974365234,7892.227282714844,3468.74609375,-0.003648091829381883,0.3,0.0003,0.0034140465,29900,-1.386446511745453,0.0
805,950,200.0,2992,1830.1,765952,-0.04129981994628906,42463.61015625,23822.849609375,-0.0035258028190582992,0.3,0.0003,0.0028724587,29910,-1.3775542676448822,0.001171875
805,950,200.0,2993,1823.92,766208,-0.19785451889038086,23979.8220703125,10421.4765625,-0.00039043664000928404,0.3,0.0003,0.00016590953,29920,-1.4461296260356904,0.0
806,950,200.0,2994,1841.99,766464,0.3535202741622925,9329.038879394531,3875.7001953125,-0.0006131871836259961,0.3,0.0003,0.00036260416,29930,-1.3780247926712037,0.0
806,950,200.0,2995,1847.97,766720,0.5309118628501892,6720.462194824218,2142.23681640625,-0.0008571316953748465,0.3,0.0003,0.0017599685,29940,-1.0147530347108842,0.0
806,950,200.0,2996,1845.16,766976,0.35630327463150024,11082.91641845703,8068.41162109375,-0.003792548063211143,0.3,0.0003,0.0044394014,29950,-1.1655213236808777,0.00625
806,950,200.0,2997,1860.92,767232,0.04560202360153198,23712.8025390625,9070.080078125,-0.002644251473248005,0.3,0.0003,0.0009347801,29960,-1.2910558462142945,0.0
807,950,200.0,2998,1859.06,767488,0.6475471258163452,9764.254516601562,4559.18359375,-0.002557198191061616,0.3,0.0003,0.006070704,29970,-1.1371554732322693,0.00390625
807,950,200.0,2999,1852.87,767744,-0.06506240367889404,20076.94814453125,6341.17822265625,-0.005252775154076517,0.3,0.0003,0.0021765258,29980,-1.0898463785648347,0.0
807,950,200.0,3000,1876.46,768000,0.3425694704055786,7779.167797851563,5773.4541015625,-0.0013229756616055966,0.3,0.0003,0.001987522,29990,-1.1428332686424256,0.0
807,950,200.0,3001,1879.95,768256,0.44694793224334717,6691.388458251953,3090.06103515625,-0.002147014159709215,0.3,0.0003,0.001971233,30000,-1.009882864356041,0.0
808,950,200.0,3002,1880.63,768512,0.4568897485733032,10469.421704101562,3525.468994140625,-0.0006694306619465351,0.3,0.0003,0.0005402453,30010,-1.2509139418601989,0.0
808,950,200.0,3003,1864.42,768768,-0.06907963752746582,22417.751806640626,12189.37890625,-0.0049317709635943174,0.3,0.0003,0.0031729706,30020,-1.1571062505245209,0.003515625
808,950,200.0,3004,1858.89,769024,0.548884391784668,6875.228192138672,4103.73095703125,-0.0024796016165055334,0.3,0.0003,0.0021389755,30030,-1.1814346969127656,0.00078125
809,950,200.0,3005,1858.71,769280,0.5504798293113708,10720.368725585937,3626.024169921875,-0.00044954316690564154,0.3,0.0003,0.0009004753,30040,-0.9552703112363815,0.0
809,950,200.0,3006,1857.43,769536,0.5622048377990723,7586.434887695313,4733.88720703125,-0.0018435502657666802,0.3,0.0003,0.0018855743,30050,-1.0485200822353362,0.0
809,950,200.0,3007,1839.94,769792,0.17426085472106934,12518.912060546874,4927.8349609375,-0.0012964993948116899,0.3,0.0003,0.0021076817,30060,-0.9739850550889969,0.0
809,950,200.0,3008,1844.84,770048,0.6219048500061035,7321.168371582031,2271.7646484375,-0.001418102264869958,0.3,0.0003,0.00095417444,30070,-1.147042030096054,0.0
810,950,200.0,3009,1829.07,770304,0.5518853664398193,10768.997497558594,5655.3095703125,-0.002185413462575525,0.3,0.0003,0.0033516372,30080,-1.149413776397705,0.001171875
810,950,200.0,3010,1824.18,770560,0.5369704365730286,5659.925323486328,4777.7177734375,-0.000558857899159193,0.3,0.0003,0.0005172442,30090,-1.0725698232650758,0.0
810,950,200.0,3011,1824.6,770816,0.52582848072052,6361.942608642578,3664.11083984375,-0.00015325669664889574,0.3,0.0003,4.4757733e-05,30100,-0.9686790257692337,0.0
810,950,200.0,3012,1821.19,771072,0.3107292652130127,17483.759838867187,8541.9443359375,-0.0004651236580684781,0.3,0.0003,0.00010748021,30110,-1.1174459159374237,0.0
811,950,200.0,3013,1827.88,771328,0.6267721652984619,6621.995922851563,679.5213012695312,-0.00034667381551116704,0.3,0.0003,8.698669e-05,30120,-1.1697770059108734,0.0
811,950,200.0,3014,1807.4,771584,0.682486355304718,5060.160791015625,3152.43798828125,-0.002404205873608589,0.3,0.0003,0.0026258347,30130,-0.9545685321092605,0.0
811,950,200.0,3015,1810.07,771840,0.26755839586257935,10760.716430664062,6037.5751953125,0.002082032652106136,0.3,0.0003,0.001393466,30140,-1.0676298022270203,0.001171875
811,950,200.0,3016,1799.43,772096,0.49303215742111206,11587.97158203125,6086.8896484375,-0.002009671783889644,0.3,0.0003,0.0018836125,30150,-1.3061280369758606,0.0
812,950,200.0,3017,1800.41,772352,-0.025673985481262207,12278.85,5403.50146484375,0.0004920036531984806,0.3,0.0003,0.00020502065,30160,-0.9505039632320404,0.0
812,950,200.0,3018,1827.84,772608,0.3384459614753723,8637.532739257813,3064.724609375,-0.0007025827653706074,0.3,0.0003,0.00023983815,30170,-1.158407026529312,0.0
812,950,200.0,3019,1830.79,772864,0.57839035987854,9672.9953125,3710.4736328125,-0.0006277091801166534,0.3,0.0003,0.0002600816,30180,-1.0971252918243408,0.0
813,950,200.0,3020,1834.26,773120,-0.023537039756774902,4232.739166259766,1482.3331298828125,-0.001179935596883297,0.3,0.0003,0.000463248,30190,-1.3838455855846405,0.0
813,950,200.0,3021,1834.21,773376,0.11443817615509033,23293.82939453125,8143.58935546875,-0.003900550026446581,0.3,0.0003,0.0032089953,30200,-1.3187897324562072,0.0
813,950,200.0,3022,1820.94,773632,0.10246396064758301,12359.930737304687,6536.59326171875,-0.0025787114282138646,0.3,0.0003,0.008437383,30210,-1.0193596363067627,0.00625
813,950,200.0,3023,1839.18,773888,0.3273208737373352,19130.547900390626,6113.33642578125,-0.00014095085207372905,0.3,0.0003,0.0014296533,30220,-1.4325521469116211,0.0
814,950,200.0,3024,1839.17,774144,0.44679754972457886,2395.9109008789064,840.7622680664062,-0.0015509149758145212,0.3,0.0003,0.00039159064,30230,-1.159673136472702,0.0
814,950,200.0,3025,1829.43,774400,0.1930713653564453,23286.79130859375,15336.5615234375,-0.0011171973077580334,0.3,0.0003,0.0004045989,30240,-1.2787723124027253,0.0
814,950,200.0,3026,1828.39,774656,0.14200931787490845,20349.7572265625,13494.1708984375,-0.005115129787009209,0.3,0.0003,0.0018182385,30250,-1.5290708541870117,0.0
814,950,200.0,3027,1826.59,774912,0.13873493671417236,26434.896240234375,18487.119140625,0.0008299888344481587,0.3,0.0003,0.00064356066,30260,-1.3218882083892822,0.0
815,950,200.0,3028,1836.15,775168,0.2356501817703247,13489.624780273438,6906.27099609375,-0.0033549173618666827,0.3,0.0003,0.001834292,30270,-1.3667601346969604,0.00078125
815,950,200.0,3029,1837.65,775424,0.022083699703216553,20159.372607421876,7763.6259765625,-0.0017855189042165875,0.3,0.0003,0.00061546057,30280,-1.1725966393947602,0.0
815,950,200.0,3030,1821.85,775680,0.6192264556884766,7997.672875976563,6218.60107421875,-0.0023042144952341915,0.3,0.0003,0.002196903,30290,-1.2429498314857483,0.0
816,950,200.0,3031,1821.6,775936,0.6798326969146729,3793.3024200439454,1175.59716796875,-0.0038982809521257876,0.3,0.0003,0.0035680793,30300,-1.2030036330223084,0.00078125
816,950,200.0,3032,1836.59,776192,0.5132890343666077,7785.245654296875,4762.158203125,-0.008118301688227803,0.3,0.0003,0.009132098,30310,-1.0979913115501403,0.01484375
816,950,200.0,3033,1832.96,776448,0.6399708986282349,5622.7220703125,2142.162353515625,-0.004009284521453082,0.3,0.0003,0.0076226015,30320,-1.1965990602970122,0.01015625
816,950,200.0,3034,1834.97,776704,0.5207842588424683,11840.167456054687,3181.2451171875,9.469416690990328e-05,0.3,0.0003,0.0003051604,30330,-1.0677393525838852,0.0
817,950,200.0,3035,1839.03,776960,0.5636976957321167,2581.7917358398436,896.3622436523438,-0.0017498226836323739,0.3,0.0003,0.0005182517,30340,-1.236308652162552,0.0
817,950,200.0,3036,1859.09,777216,0.12434709072113037,28223.62802734375,15174.705078125,-0.0010817269794642925,0.3,0.0003,0.00022870651,30350,-1.2724819660186768,0.0
817,950,200.0,3037,1863.08,777472,0.357673704624176,15527.757177734375,7137.47119140625,-0.001252585626207292,0.3,0.0003,0.0030519734,30360,-1.1016703188419341,0.0
817,950,200.0,3038,1825.13,777728,0.4376640319824219,4175.756262207031,1464.9434814453125,0.0006258369190618396,0.3,0.0003,0.0008669575,30370,-1.1704308152198792,0.0
818,950,200.0,3039,1806.89,777984,0.6144647598266602,4867.147280883789,2811.392578125,-0.00012961030006408691,0.3,0.0003,0.00097461883,30380,-1.1241293489933013,0.0
818,950,200.0,3040,1788.46,778240,0.3741686940193176,7292.353454589844,2703.31103515625,-0.0019643733685370535,0.3,0.0003,0.002234627,30390,-1.1665763139724732,0.0
818,950,200.0,3041,1778.38,778496,0.667131781578064,8262.71962890625,5411.73193359375,8.964383159764111e-05,0.3,0.0003,0.00096405204,30400,-1.163600778579712,0.0
819,950,200.0,3042,1794.25,778752,0.5286459922790527,8263.001745605468,5466.9462890625,-0.0023200820200145245,0.3,0.0003,0.0012141247,30410,-1.216566950082779,0.0
819,950,200.0,3043,1799.95,779008,0.31196439266204834,11079.290887451172,4658.12451171875,-0.0010956735350191593,0.3,0.0003,0.0008378178,30420,-1.3078905045986176,0.0
819,950,200.0,3044,1804.49,779264,0.562445878982544,10423.129248046875,3194.188720703125,-0.0006659302860498428,0.3,0.0003,0.00089220656,30430,-1.2449031591415405,0.0
819,950,200.0,3045,1819.58,779520,0.50240159034729,6128.159143066407,3467.840576171875,-5.261892220005393e-05,0.3,0.0003,9.806035e-05,30440,-1.2687353134155273,0.0
820,950,200.0,3046,1819.38,779776,0.6682804822921753,4790.546151733399,2561.451416015625,-0.0010047995019704103,0.3,0.0003,0.0016186852,30450,-1.3351985394954682,0.0
820,950,200.0,3047,1826.0,780032,0.22297871112823486,9026.034350585938,3766.975830078125,-0.002241941436659545,0.3,0.0003,0.0016585146,30460,-1.1893468141555785,0.0
820,950,200.0,3048,1830.41,780288,0.2356216311454773,20180.951538085938,8114.5390625,-0.0008780984207987785,0.3,0.0003,0.00018865289,30470,-1.1906952679157257,0.0
820,950,200.0,3049,1848.63,780544,0.5656746625900269,6370.155480957032,2277.129150390625,-0.0034071770031005146,0.3,0.0003,0.001987244,30480,-1.2712394416332244,0.0
821,950,200.0,3050,1831.22,780800,0.7198333740234375,5214.963159179688,1527.70361328125,-0.003251262102276087,0.3,0.0003,0.0033028228,30490,-1.3163255870342254,0.000390625
821,950,200.0,3051,1826.81,781056,0.5834399461746216,5373.504754638672,643.531982421875,-0.0015250461176037789,0.3,0.0003,0.0023979142,30500,-1.3252602219581604,0.0
821,950,200.0,3052,1808.88,781312,0.2798914313316345,21972.216162109376,7829.49365234375,7.525309920310974e-05,0.3,0.0003,0.0015880631,30510,-1.2977348804473876,0.001953125
821,950,200.0,3053,1808.9,781568,0.4580534100532532,6624.766571044922,1842.2957763671875,-0.00199479681905359,0.3,0.0003,0.0038281411,30520,-1.2298700928688049,0.00078125
822,950,200.0,3054,1827.88,781824,0.5579569339752197,7553.635803222656,1807.69580078125,0.0008040663320571184,0.3,0.0003,0.0013289887,30530,-1.2213616132736207,0.0
822,950,200.0,3055,1853.66,782080,0.5512425899505615,9993.602368164062,5965.60693359375,-0.0006492458516731859,0.3,0.0003,0.0002629261,30540,-1.2330748558044433,0.0
822,950,200.0,3056,1864.94,782336,-0.026211857795715332,18210.74521484375,12006.359375,-0.0026335936156101523,0.3,0.0003,0.0009545947,30550,-1.2446479320526123,0.0
823,950,200.0,3057,1860.74,782592,0.3193153738975525,4215.176403808594,1847.04296875,-0.0011128478101454676,0.3,0.0003,0.00041354448,30560,-1.2742381036281585,0.0
823,950,200.0,3058,1850.76,782848,0.36281198263168335,8706.712255859375,5240.42236328125,-0.0004965938860550523,0.3,0.0003,0.00016253162,30570,-1.0435288727283478,0.0
823,950,200.0,3059,1839.86,783104,0.45672768354415894,13036.571875,5167.94482421875,-0.010192670882679522,0.3,0.0003,0.009792373,30580,-1.278522253036499,0.021875
823,950,200.0,3060,1833.79,783360,0.6771836280822754,4488.593151855469,358.475830078125,-0.0018378642853349447,0.3,0.0003,0.0017727867,30590,-1.102334100008011,0.0
824,950,200.0,3061,1851.16,783616,0.444932758808136,6453.121395874024,3998.108154296875,-0.0016904474934563041,0.3,0.0003,0.004524166,30600,-1.1567640781402588,0.01015625
824,950,200.0,3062,1849.43,783872,0.18747633695602417,25438.89814453125,9330.40625,-0.0010968094924464823,0.3,0.0003,0.00017501577,30610,-1.3352607131004333,0.0
824,950,200.0,3063,1829.93,784128,0.4071655869483948,9118.24708251953,7070.2861328125,-0.0012061623274348676,0.3,0.0003,0.00087402575,30620,-1.3268744111061097,0.0
824,950,200.0,3064,1830.54,784384,0.44276440143585205,7332.331591796875,2568.869873046875,-0.0007785216032061726,0.3,0.0003,0.0016701671,30630,-1.2714273929595947,0.0
825,950,200.0,3065,1844.89,784640,0.44428426027297974,7653.5994873046875,2495.6318359375,-0.00023796706227585673,0.3,0.0003,0.0001175541,30640,-1.189335548877716,0.0
825,950,200.0,3066,1847.08,784896,0.6331990957260132,7371.005224609375,3731.2822265625,-0.0012395350961014629,0.3,0.0003,0.0016546645,30650,-1.30745969414711,0.0
825,950,200.0,3067,1849.94,785152,0.4124491214752197,9328.650854492187,4758.0986328125,-0.0060610280372202395,0.3,0.0003,0.010582784,30660,-1.2768317580223083,0.01640625
825,950,200.0,3068,1848.38,785408,0.2679211497306824,8646.9962890625,1760.04052734375,-0.0003739977953955531,0.3,0.0003,0.0007912796,30670,-1.2315965294837952,0.0
826,950,200.0,3069,1853.99,785664,0.2901962995529175,16018.010925292969,610.4669799804688,-6.246936973184348e-05,0.3,0.0003,2.2985041e-05,30680,-1.2208606123924255,0.0
826,950,200.0,3070,1855.82,785920,0.30765777826309204,11674.836669921875,3423.037109375,-0.0013590282644145191,0.3,0.0003,0.00068959873,30690,-1.2402897417545318,0.0
826,950,200.0,3071,1856.03,786176,0.5623445510864258,5750.711267089844,3425.720947265625,-0.0010628115152940155,0.3,0.0003,0.0024026087,30700,-1.270817184448242,0.0
827,950,200.0,3072,1849.72,786432,0.010697364807128906,17171.96484375,9855.7119140625,-0.001868133421521634,0.3,0.0003,0.0011140092,30710,-1.340571105480194,0.0
827,950,200.0,3073,1857.36,786688,0.579971432685852,10247.658544921875,4383.71435546875,-1.5458790585398674e-06,0.3,0.0003,0.00013934472,30720,-1.3806543409824372,0.0
827,950,200.0,3074,1857.15,786944,0.28736716508865356,12701.694769287109,2061.4150390625,-0.00115278527373448,0.3,0.0003,0.00015651644,30730,-1.2743701934814453,0.0
827,950,200.0,3075,1856.1,787200,0.6654188632965088,4941.770623779297,3179.49560546875,-0.0017444497090764344,0.3,0.0003,0.0034743226,30740,-1.3466677963733673,0.001953125
828,950,200.0,3076,1862.02,787456,0.5024724006652832,8319.152001953125,5871.5361328125,-0.0036476516863331197,0.3,0.0003,0.0022104278,30750,-1.27649165391922,0.00078125
828,950,200.0,3077,1863.08,787712,0.7227092385292053,9074.728491210937,6570.43115234375,-0.0034122858196496964,0.3,0.0003,0.005113166,30760,-1.435696929693222,0.000390625
828,950,200.0,3078,1859.0,787968,0.3053438067436218,8691.546533203125,3681.933349609375,-0.0030779923545196652,0.3,0.0003,0.0050531505,30770,-1.1411593914031983,0.001171875
828,950,200.0,3079,1869.71,788224,0.3460681438446045,10368.426696777344,7667.29296875,-0.0048830060753971335,0.3,0.0003,0.0044757854,30780,-1.3013668477535247,0.004296875
829,950,200.0,3080,1876.93,788480,0.6407616138458252,9560.889111328124,5964.01416015625,9.608769323676825e-05,0.3,0.0003,0.00030449545,30790,-1.2336212396621704,0.0
829,950,200.0,3081,1882.52,788736,0.5224193334579468,6731.950500488281,3165.683349609375,-0.0008718180295545607,0.3,0.0003,0.0006480508,30800,-1.1053431987762452,0.0
829,950,200.0,3082,1852.09,788992,-0.1094968318939209,5345.054553222656,1375.0543212890625,-0.00010309505742043257,0.3,0.0003,3.718282e-05,30810,-1.2535763323307036,0.0
830,950,200.0,3083,1878.17,789248,0.12069708108901978,23940.94630126953,12118.8564453125,-0.0015208446537144482,0.3,0.0003,0.0003260083,30820,-1.241785043478012,0.0
830,950,200.0,3084,1880.43,789504,0.21880829334259033,14571.336962890626,4066.616943359375,3.588823601603508e-05,0.3,0.0003,9.582122e-05,30830,-1.1244262635707856,0.0
830,950,200.0,3085,1882.29,789760,0.24462401866912842,9887.398779296875,3587.30517578125,-0.0009375388850457967,0.3,0.0003,0.00093127904,30840,-1.1106105625629425,0.0
830,950,200.0,3086,1850.93,790016,0.27047592401504517,7225.345208740235,5637.4580078125,0.0003595920046791434,0.3,0.0003,0.0004948508,30850,-1.1811388432979584,0.0
831,950,200.0,3087,1855.84,790272,0.057613253593444824,22630.094677734374,13814.515625,-0.0009448716184124351,0.3,0.0003,0.00028466526,30860,-1.3469053864479066,0.0
831,950,200.0,3088,1872.69,790528,0.1467897891998291,31001.286328125,15425.955078125,-0.0007490583579055965,0.3,0.0003,0.0003993006,30870,-1.347099143266678,0.0
831,950,200.0,3089,1870.72,790784,0.2735528349876404,9105.04775390625,2530.395751953125,-0.0014249989646486938,0.3,0.0003,0.000330857,30880,-1.410687553882599,0.0
831,950,200.0,3090,1882.12,791040,0.5521412491798401,7442.019873046875,2372.375,-0.0007496529724448919,0.3,0.0003,0.0001335009,30890,-1.2326161801815032,0.0
832,950,200.0,3091,1860.5,791296,0.024461865425109863,25648.33955078125,11215.5107421875,-0.0013231365708634257,0.3,0.0003,0.0006521535,30900,-1.1551060140132905,0.0
832,950,200.0,3092,1865.1,791552,0.5032097101211548,7217.891516113281,3112.863525390625,-0.001490613038185984,0.3,0.0003,0.00085281464,30910,-1.3929308295249938,0.0
832,950,200.0,3093,1869.88,791808,0.6809605956077576,6449.489556884766,3031.3359375,-0.0004986677085980773,0.3,0.0003,0.00015430199,30920,-1.138761854171753,0.0
833,950,200.0,3094,1860.74,792064,0.4814634919166565,14657.45361328125,6271.88916015625,-0.00016822349280118943,0.3,0.0003,0.00011452078,30930,-1.4608074069023131,0.0
833,950,200.0,3095,1859.76,792320,0.569482147693634,5531.683813476562,3655.883056640625,-0.0014986684662289917,0.3,0.0003,0.0007118839,30940,-1.4551375925540924,0.0
833,950,200.0,3096,1869.8,792576,0.6621383428573608,6388.291241455078,1542.83984375,-0.0005892532411962747,0.3,0.0003,0.00049194135,30950,-1.1786990284919738,0.0
833,950,200.0,3097,1874.54,792832,0.2964232563972473,12066.863952636719,4427.56884765625,-0.0009983726893551647,0.3,0.0003,0.00086638867,30960,-1.1285096049308776,0.0
834,950,200.0,3098,1875.06,793088,0.5715351104736328,9849.66396484375,7034.83251953125,-0.002700900100171566,0.3,0.0003,0.001162817,30970,-1.2482663214206695,0.0
834,950,200.0,3099,1877.06,793344,0.530595064163208,5256.663916015625,2166.404296875,-0.0006873063743114471,0.3,0.0003,0.0011666175,30980,-1.396323984861374,0.0
834,950,200.0,3100,1889.24,793600,0.1656593680381775,12213.555322265625,2748.146728515625,-0.001793454005382955,0.3,0.0003,0.00055899983,30990,-1.3319550156593323,0.0
834,950,200.0,3101,1873.88,793856,0.3040422797203064,7975.395867919922,5028.86328125,-0.0003682656679302454,0.3,0.0003,0.00021751435,31000,-1.341603124141693,0.0
835,950,200.0,3102,1874.28,794112,0.358421266078949,13757.625634765625,4373.7890625,-0.0011646512430161238,0.3,0.0003,0.00086404127,31010,-1.1706440806388856,0.0
835,950,200.0,3103,1860.2,794368,-1.0100667476654053,3662.927453613281,754.6962280273438,-8.623015601187945e-05,0.3,0.0003,0.00028225337,31020,-1.0830190896987915,0.0
835,950,200.0,3104,1886.78,794624,0.2641732096672058,13768.967321777343,6540.2392578125,-0.00039705195231363175,0.3,0.0003,8.080667e-05,31030,-1.3680037796497344,0.0
835,950,200.0,3105,1901.81,794880,0.15181398391723633,24504.09638671875,8991.208984375,-0.005498433904722333,0.3,0.0003,0.0016232452,31040,-1.3165522277355195,0.000390625
836,950,200.0,3106,1894.33,795136,0.5336830019950867,6639.199169921875,4661.08837890625,-3.0225981026887895e-05,0.3,0.0003,0.0003327499,31050,-1.272196877002716,0.0
836,950,200.0,3107,1907.76,795392,0.3322021961212158,10390.414965820313,3644.926025390625,-0.00033384811831638217,0.3,0.0003,0.00035939203,31060,-1.1843342542648316,0.0
836,950,200.0,3108,1925.27,795648,0.2747815251350403,9527.796667480468,2821.240966796875,-0.0005145057803019881,0.3,0.0003,0.00015420583,31070,-1.4522029161453247,0.0
837,950,200.0,3109,1925.41,795904,0.5385563969612122,10595.705883789062,2975.32958984375,-0.001582901005167514,0.3,0.0003,0.0013518827,31080,-1.1942846477031708,0.0
837,950,200.0,3110,1923.25,796160,0.3128620982170105,16867.148046875,9295.4140625,-0.00017753895372152328,0.3,0.0003,0.0009451972,31090,-1.202351599931717,0.0
837,950,200.0,3111,1927.36,796416,0.27043551206588745,9791.991552734375,5911.3662109375,-5.123363807797432e-05,0.3,0.0003,2.6069582e-05,31100,-1.1666050732135773,0.0
837,950,200.0,3112,1921.66,796672,0.1912386417388916,28991.08046875,15457.6728515625,-0.0009465020382776856,0.3,0.0003,0.00015697558,31110,-1.345707505941391,0.0
838,950,200.0,3113,1912.59,796928,0.4122961759567261,3956.2817138671876,1661.3609619140625,-0.0022245199303142726,0.3,0.0003,0.0005436945,31120,-1.3556479215621948,0.0
838,950,200.0,3114,1894.65,797184,0.2453242540359497,8893.76522216797,4083.04296875,-0.00044072475284337995,0.3,0.0003,0.0008215681,31130,-1.404780662059784,0.0
838,950,200.0,3115,1909.09,797440,0.5741973519325256,6380.235894775391,3276.569580078125,-0.000572718633338809,0.3,0.0003,0.00023014587,31140,-1.2209821105003358,0.0
838,950,200.0,3116,1931.04,797696,0.43325257301330566,11987.5345703125,5536.453125,-0.0005547981592826546,0.3,0.0003,0.0003943101,31150,-1.2069313824176788,0.0
839,950,200.0,3117,1924.23,797952,-0.06771314144134521,19777.419873046874,9478.0029296875,-0.0006028793519362807,0.3,0.0003,0.00021274551,31160,-1.2767051458358765,0.0
839,950,200.0,3118,1935.37,798208,0.6001573801040649,4987.416369628906,2449.281494140625,-0.0002774702734313905,0.3,0.0003,0.00022282079,31170,-1.3411477029323577,0.0
839,950,200.0,3119,1935.19,798464,0.6170337200164795,8626.191625976562,4030.76220703125,-0.005590746959205717,0.3,0.0003,0.007854187,31180,-1.130262267589569,0.005859375
839,950,200.0,3120,1917.93,798720,0.4940444827079773,6373.769604492188,3790.95556640625,-0.0035398893291130663,0.3,0.0003,0.009211626,31190,-1.1604648947715759,0.021875
840,950,200.0,3121,1918.81,798976,0.5868645906448364,7707.804602050781,3037.881103515625,-4.760609299410134e-05,0.3,0.0003,0.0001205923,31200,-1.2906643986701964,0.0
840,950,200.0,3122,1926.17,799232,0.291002094745636,10243.290856933594,2067.51904296875,-0.0010436248499900102,0.3,0.0003,0.0004971938,31210,-1.2420978605747224,0.0
840,950,200.0,3123,1925.9,799488,0.36037755012512207,15014.505346679687,7123.1240234375,-0.00018778173252940178,0.3,0.0003,0.00011921674,31220,-1.1513318419456482,0.0
841,950,200.0,3124,1923.0,799744,0.2954121232032776,10920.355078125,3451.088623046875,-0.0004210783867165446,0.3,0.0003,8.535432e-05,31230,-1.2450550973415375,0.0
841,950,200.0,3125,1915.53,800000,0.46739333868026733,6054.606518554688,3583.478271484375,-0.0004814587067812681,0.3,0.0003,0.00011212891,31240,-1.3134400188922881,0.0
841,950,200.0,3126,1908.71,800256,0.714085042476654,3497.6213302612305,1168.391845703125,-0.006063192198053002,0.3,0.0003,0.013260665,31250,-1.349063867330551,0.010546875
842,950,200.0,3127,1904.1,800512,0.4873877167701721,14502.986328125,4514.771484375,0.0015977118397131561,0.3,0.0003,0.003431632,31260,-1.2584585428237915,0.00234375
842,950,200.0,3128,1904.42,800768,-0.07065486907958984,23656.32392578125,10918.0771484375,-0.0011092994129285217,0.3,0.0003,0.00048520463,31270,-1.3831088900566102,0.0
842,950,200.0,3129,1907.22,801024,0.5009255409240723,7027.398413085937,3606.07421875,-0.006308610737323761,0.3,0.0003,0.0055662068,31280,-1.2223582983016967,0.008203125
842,950,200.0,3130,1904.38,801280,0.3483315110206604,18285.895556640626,10221.21484375,0.0004721082979813218,0.3,0.0003,0.00056957547,31290,-1.297394371032715,0.0
843,950,200.0,3131,1902.03,801536,0.5649340152740479,5401.722314453125,2971.95947265625,-0.00039396333741024134,0.3,0.0003,7.80134e-05,31300,-1.3030015110969544,0.0
843,950,200.0,3132,1887.52,801792,0.4796135425567627,6685.263040161133,2477.30810546875,-0.0028954366920515896,0.3,0.0003,0.0056126686,31310,-1.270937442779541,0.0109375
843,950,200.0,3133,1875.88,802048,0.2336370348930359,20012.74306640625,12242.7841796875,-0.002549533313140273,0.3,0.0003,0.0013031473,31320,-1.1045726001262666,0.0
843,950,200.0,3134,1861.84,802304,-0.0600738525390625,16806.33563232422,12897.322265625,-0.002303961449069902,0.3,0.0003,0.0016832734,31330,-1.1355554640293122,0.0
844,950,200.0,3135,1882.21,802560,0.11760526895523071,30975.98115234375,13942.3896484375,-0.0007223600754514336,0.3,0.0003,0.00024718535,31340,-1.3571836411952973,0.0
844,950,200.0,3136,1902.87,802816,0.352896511554718,9655.392541503907,3726.33203125,-0.0017907015280798078,0.3,0.0003,0.0016565367,31350,-1.176022905111313,0.0
844,950,200.0,3137,1899.86,803072,0.45837968587875366,14171.650439453126,7310.74853515625,-0.002571828046347946,0.3,0.0003,0.0011376955,31360,-1.2051632106304169,0.0
845,950,200.0,3138,1918.62,803328,0.4400438666343689,8602.449768066406,4520.38232421875,-0.002464719722047448,0.3,0.0003,0.0009719264,31370,-1.2129042744636536,0.0
845,950,200.0,3139,1914.04,803584,0.5616761445999146,6313.064916992187,4277.62158203125,-0.002662572485860437,0.3,0.0003,0.0025884435,31380,-1.2814100563526154,0.0015625
845,950,200.0,3140,1929.84,803840,0.6505517959594727,5311.5977233886715,3635.68408203125,-0.006531359208747744,0.3,0.0003,0.01221027,31390,-1.382414549589157,0.023828125
845,950,200.0,3141,1932.03,804096,0.5999180674552917,8638.16024169922,2123.4853515625,-0.0018401280278339982,0.3,0.0003,0.0013520019,31400,-1.2461727201938628,0.0
846,950,200.0,3142,1931.61,804352,0.24043923616409302,11243.692626953125,7980.0732421875,-0.005168219632469118,0.3,0.0003,0.002088194,31410,-1.4262841045856476,0.00078125
846,950,200.0,3143,1933.76,804608,0.6253487467765808,6026.00142211914,3994.32373046875,-0.0016076294239610433,0.3,0.0003,0.00072991895,31420,-1.3528010189533233,0.0
846,950,200.0,3144,1938.31,804864,-0.2672926187515259,26644.359765625,8042.72509765625,-0.00035971207544207575,0.3,0.0003,0.0003463286,31430,-1.4004747986793518,0.0
846,950,200.0,3145,1940.14,805120,0.20396959781646729,26805.77470703125,15266.8505859375,-0.0036122814752161505,0.3,0.0003,0.0007155768,31440,-1.4407536089420319,0.0
847,950,200.0,3146,1938.53,805376,0.6205962896347046,4416.328515625,2741.671630859375,-0.001356721785850823,0.3,0.0003,0.0010742838,31450,-1.2947602987289428,0.0
847,950,200.0,3147,1942.54,805632,0.39879798889160156,8810.076025390625,3170.112060546875,0.0001378339249640703,0.3,0.0003,0.00018218695,31460,-1.4258366405963898,0.0
847,950,200.0,3148,1963.64,805888,0.5725013017654419,11626.564611816406,3608.81298828125,-0.0009637895040214062,0.3,0.0003,0.00054714805,31470,-1.2890175759792328,0.0
847,950,200.0,3149,1964.11,806144,0.6070268750190735,5521.61498413086,4468.5322265625,-0.0037676229840144515,0.3,0.0003,0.0059832856,31480,-1.2618320345878602,0.0046875
848,950,200.0,3150,1957.48,806400,0.3470730781555176,8475.592822265626,4717.6533203125,-0.002577628241851926,0.3,0.0003,0.0074478285,31490,-1.2677894711494446,0.013671875
848,950,200.0,3151,1942.32,806656,0.5367799997329712,7008.8197265625,1725.56982421875,-0.000811039877589792,0.3,0.0003,0.00053600594,31500,-1.3330415785312653,0.0
848,950,200.0,3152,1952.34,806912,0.21462202072143555,23506.24580078125,12288.1376953125,-0.0019860917469486593,0.3,0.0003,0.0007239457,31510,-1.5461712598800659,0.0
849,950,200.0,3153,1948.33,807168,0.17025381326675415,13516.881457519532,6769.62939453125,-0.0007846798282116652,0.3,0.0003,0.00034797518,31520,-1.4954230964183808,0.0
849,950,200.0,3154,1932.94,807424,0.40870898962020874,9061.791796875,6230.8154296875,-0.007947524706833065,0.3,0.0003,0.009681212,31530,-1.5199142932891845,0.01171875
849,950,200.0,3155,1940.25,807680,0.47911447286605835,13243.055786132812,7612.48291015625,-0.0034175397595390677,0.3,0.0003,0.006023857,31540,-1.1880842924118042,0.00546875
849,950,200.0,3156,1943.39,807936,-0.004358887672424316,4347.753857421875,1483.169189453125,-0.005167708965018392,0.3,0.0003,0.002436546,31550,-1.5225301027297973,0.0
850,950,200.0,3157,1941.32,808192,-0.054166436195373535,19777.80234375,4095.59619140625,-0.008034663740545511,0.3,0.0003,0.0045843804,31560,-1.5657067775726319,0.00078125
850,950,200.0,3158,1910.28,808448,0.4758080244064331,6048.414495849609,390.1422424316406,-0.003617567860055715,0.3,0.0003,0.0047833696,31570,-1.2688215494155883,0.002734375
850,950,200.0,3159,1908.51,808704,0.6439696550369263,7822.577197265625,3949.37841796875,-0.0018828998086974024,0.3,0.0003,0.011093639,31580,-1.1797980189323425,0.016796875
850,950,200.0,3160,1920.7,808960,0.36874836683273315,7131.407937622071,4253.603515625,0.00025237544614356013,0.3,0.0003,0.0003500504,31590,-1.2170978307723999,0.0
851,950,200.0,3161,1890.45,809216,0.34113597869873047,7865.339953613281,2862.561279296875,-0.00038205761229619383,0.3,0.0003,6.139628e-05,31600,-1.1755322217941284,0.0
851,950,200.0,3162,1892.35,809472,0.30340856313705444,17134.72021484375,9636.9287109375,-0.0005585658131167292,0.3,0.0003,9.185285e-05,31610,-1.4329943835735321,0.0
851,950,200.0,3163,1892.81,809728,0.6130681037902832,4799.887951660156,1124.546875,-0.0013459491659887136,0.3,0.0003,0.002133088,31620,-1.3267586290836335,0.0
852,950,200.0,3164,1892.55,809984,0.4147200584411621,7631.791467285157,2423.82421875,-0.0011793248530011624,0.3,0.0003,0.0026325486,31630,-1.3777993500232697,0.0
852,950,200.0,3165,1890.36,810240,0.5520228147506714,5749.818859863281,3377.270263671875,-0.000864915456622839,0.3,0.0003,0.00013841619,31640,-1.291055178642273,0.0
852,950,200.0,3166,1875.57,810496,0.396472692489624,12542.208447265624,6859.244140625,-0.0027841846575029196,0.3,0.0003,0.0038318976,31650,-1.0965652763843536,0.005078125
852,950,200.0,3167,1879.86,810752,0.5908670425415039,6000.308654785156,1763.2772216796875,-0.002331859106197953,0.3,0.0003,0.002850715,31660,-1.1266214430332184,0.000390625
853,950,200.0,3168,1873.84,811008,0.5126247406005859,7341.224890136718,4497.37158203125,-0.0019022247986868023,0.3,0.0003,0.0033033642,31670,-1.1689244210720062,0.00234375
853,950,200.0,3169,1874.87,811264,0.46496516466140747,14237.757934570312,6785.1201171875,-0.0005954062333330512,0.3,0.0003,0.00060543115,31680,-1.0803043246269226,0.0
853,950,200.0,3170,1864.81,811520,0.2937207818031311,3270.5511138916017,2271.114013671875,-0.0022972514387220146,0.3,0.0003,0.0007487957,31690,-1.2919104158878327,0.0
853,950,200.0,3171,1841.72,811776,0.5965235233306885,4985.777536010743,336.5769958496094,-0.0019435274181887508,0.3,0.0003,0.0015775443,31700,-1.1722313642501831,0.0
854,950,200.0,3172,1860.99,812032,0.39276760816574097,7695.888525390625,3713.2890625,-0.0014762712235096842,0.3,0.0003,0.001690028,31710,-1.1606000125408173,0.0
854,950,200.0,3173,1862.38,812288,0.02946418523788452,36289.015625,10463.79296875,-0.001676553557626903,0.3,0.0003,0.00032733614,31720,-1.237899160385132,0.0
854,950,200.0,3174,1839.28,812544,0.2716060280799866,12657.207897949218,8326.48046875,-0.004722458403557539,0.3,0.0003,0.0030129238,31730,-1.5259481012821197,0.00390625
855,950,200.0,3175,1812.85,812800,0.6236194968223572,4990.706597900391,3702.362548828125,-0.0011474687256850303,0.3,0.0003,0.00074109575,31740,-1.1953548848628999,0.0
855,950,200.0,3176,1816.78,813056,0.714974045753479,4711.6029602050785,3972.486328125,-0.0036503812531009316,0.3,0.0003,0.005808808,31750,-1.3155204355716705,0.008984375
855,950,200.0,3177,1830.14,813312,0.6235519647598267,9020.72109375,3317.443603515625,-0.003705772547982633,0.3,0.0003,0.007302415,31760,-1.2650286197662353,0.0109375
855,950,200.0,3178,1833.29,813568,0.5616486072540283,6522.050744628907,3474.074462890625,-0.008127688197419047,0.3,0.0003,0.016458228,31770,-1.0941483497619628,0.037890625
856,950,200.0,3179,1847.64,813824,-0.5079518556594849,5376.801049804688,1512.230712890625,-0.0015237861778587102,0.3,0.0003,0.0010553687,31780,-1.2321050941944123,0.0
856,950,200.0,3180,1849.89,814080,0.27410340309143066,25188.3892578125,7201.048828125,0.0001377217355184257,0.3,0.0003,7.326575e-05,31790,-1.183506315946579,0.0
856,950,200.0,3181,1867.19,814336,0.3356066346168518,8264.231494140626,1986.2137451171875,-0.004280628729611635,0.3,0.0003,0.0051621217,31800,-1.2823751747608185,0.0046875
856,950,200.0,3182,1861.9,814592,0.4891388416290283,8328.075762939454,4474.3056640625,-0.0012370372540317475,0.3,0.0003,0.0007566693,31810,-1.2375857889652253,0.0
857,950,200.0,3183,1873.64,814848,0.18415117263793945,12967.599853515625,7248.474609375,-0.002373844850808382,0.3,0.0003,0.0004162935,31820,-1.2227494239807128,0.0
857,950,200.0,3184,1868.33,815104,0.17801803350448608,24161.449609375,7648.38330078125,2.1847337484359743e-05,0.3,0.0003,0.00021856627,31830,-1.136379063129425,0.0
857,950,200.0,3185,1841.44,815360,0.31342047452926636,11857.762915039062,4173.49658203125,-0.000153713789768517,0.3,0.0003,2.7199974e-05,31840,-1.2385154962539673,0.0
857,950,200.0,3186,1839.39,815616,0.5398744940757751,7387.137786865234,874.444091796875,-0.006413125665858388,0.3,0.0003,0.0066767707,31850,-1.065424954891205,0.00859375
858,950,200.0,3187,1837.98,815872,0.560196042060852,9441.740771484376,4828.29833984375,-0.0005590226675849408,0.3,0.0003,0.001381852,31860,-1.2181162238121033,0.0
858,950,200.0,3188,1819.27,816128,0.6755551695823669,4738.897451782226,3801.147705078125,-0.0023822869086870925,0.3,0.0003,0.0028085925,31870,-1.3471540212631226,0.0
858,950,200.0,3189,1836.52,816384,0.7143564224243164,6174.0158203125,1516.9210205078125,0.0008707678818609566,0.3,0.0003,0.0010960742,31880,-1.1266331791877746,0.0
859,950,200.0,3190,1821.79,816640,0.6019250750541687,5304.483679199218,3249.4296875,-0.0023500114446505906,0.3,0.0003,0.0018672298,31890,-1.2916883826255798,0.0
859,950,200.0,3191,1830.08,816896,0.18368405103683472,27392.18974609375,10982.173828125,-0.0015436497982591391,0.3,0.0003,0.00069248886,31900,-1.2636279344558716,0.0
859,950,200.0,3192,1829.78,817152,0.37175244092941284,9694.573046875,7252.73046875,-0.0017237127758562565,0.3,0.0003,0.000933107,31910,-1.3136391699314118,0.0
859,950,200.0,3193,1811.48,817408,0.3271799683570862,2322.7589904785154,934.966796875,-0.004251854075118899,0.3,0.0003,0.0036346568,31920,-1.3562506794929505,0.0015625
860,950,200.0,3194,1811.11,817664,0.1945728063583374,32265.686376953126,23210.4453125,-0.0003837966825813055,0.3,0.0003,0.0006000127,31930,-1.2966639220714569,0.0
860,950,200.0,3195,1836.1,817920,0.6401360034942627,5588.519555664063,2339.4521484375,-0.008748955535702407,0.3,0.0003,0.0075168842,31940,-1.2890177071094513,0.0109375
860,950,200.0,3196,1835.84,818176,0.5961760878562927,6220.795959472656,3026.494873046875,-0.0010370475123636425,0.3,0.0003,0.0011933192,31950,-1.1718229472637176,0.0
860,950,200.0,3197,1807.74,818432,0.18672877550125122,16876.738354492187,5015.0927734375,-0.008194338867906482,0.3,0.0003,0.0043441183,31960,-1.3340937912464141,0.005859375
861,950,200.0,3198,1820.67,818688,0.29067814350128174,12816.530249023437,5723.734375,-0.000471147196367383,0.3,0.0003,0.0005617314,31970,-0.9256076365709305,0.0
861,950,200.0,3199,1835.87,818944,0.513494610786438,7113.051025390625,2098.360595703125,-0.00501233123941347,0.3,0.0003,0.0018291294,31980,-1.2225079238414764,0.0
861,950,200.0,3200,1823.28,819200,0.44568371772766113,9323.624908447266,5519.1787109375,-0.00474168990040198,0.3,0.0003,0.003235907,31990,-1.2237723231315614,0.00390625
862,950,200.0,3201,1840.8,819456,0.39256733655929565,9959.5265625,8068.97265625,-0.007091930531896651,0.3,0.0003,0.008627804,32000,-1.2967425882816315,0.01796875
862,950,200.0,3202,1841.61,819712,0.3315228819847107,20502.96650390625,7449.22705078125,-0.0029209471307694913,0.3,0.0003,0.0013229311,32010,-1.1840101838111878,0.0
862,950,200.0,3203,1841.12,819968,0.0475693941116333,19463.386108398438,8834.623046875,-0.0030817992053925993,0.3,0.0003,0.00072194403,32020,-1.287779951095581,0.0
862,950,200.0,3204,1842.9,820224,0.6881020069122314,4260.225079345703,359.5801086425781,-0.0032664689933881164,0.3,0.0003,0.005005736,32030,-1.2004196226596833,0.005078125
863,950,200.0,3205,1824.77,820480,0.3907417058944702,8116.751391601562,3831.7177734375,-0.0010809591272845863,0.3,0.0003,0.0021283864,32040,-1.2687252700328826,0.00390625
863,950,200.0,3206,1825.55,820736,0.22942715883255005,26063.1224609375,15094.400390625,-0.0005191235337406397,0.3,0.0003,0.0002563456,32050,-1.392619973421097,0.0
863,950,200.0,3207,1837.87,820992,0.2090941071510315,18079.728173828124,7310.48681640625,-0.0008653513621538877,0.3,0.0003,0.00044421386,32060,-1.0808265447616576,0.0
863,950,200.0,3208,1843.4,821248,0.3347797989845276,8189.645703125,3605.086669921875,-0.0002290867269039154,0.3,0.0003,0.00023325905,32070,-0.9927447825670243,0.0
864,950,200.0,3209,1849.81,821504,0.4980303645133972,7592.5970703125,4411.02880859375,-0.0007245764369145036,0.3,0.0003,0.00043869368,32080,-1.1187779366970063,0.0
864,950,200.0,3210,1831.61,821760,-0.0663384199142456,19546.078173828126,8035.83203125,-0.005025453632697463,0.3,0.0003,0.0009138861,32090,-1.244630551338196,0.0
864,950,200.0,3211,1841.0,822016,0.31948649883270264,11993.098950195312,6248.291015625,-0.00037896615685895085,0.3,0.0003,0.0003588684,32100,-0.9856301009654999,0.0
865,950,200.0,3212,1844.39,822272,0.4763743281364441,8950.096435546875,3956.59716796875,-0.0002501088660210371,0.3,0.0003,9.8155346e-05,32110,-1.1910794734954835,0.0
865,950,200.0,3213,1830.11,822528,-0.05574607849121094,22119.01318359375,4011.5439453125,-0.0017508073477074503,0.3,0.0003,0.0007021688,32120,-1.1880034983158112,0.0
865,950,200.0,3214,1822.48,822784,0.48622316122055054,2024.5887023925782,740.576171875,-0.008115622401237487,0.3,0.0003,0.004380918,32130,-1.2193651378154755,0.00234375
865,950,200.0,3215,1818.54,823040,0.1764776110649109,13485.580541992187,8409.7080078125,0.00185982349794358,0.3,0.0003,0.0020839418,32140,-1.2340519666671752,0.0
866,950,200.0,3216,1805.74,823296,0.20071834325790405,12595.228564453126,5868.58544921875,0.00023619085550308228,0.3,0.0003,0.000110057415,32150,-1.2563061237335205,0.0
866,950,200.0,3217,1824.1,823552,0.47576385736465454,8549.854565429687,3823.620849609375,-0.0007366981706582009,0.3,0.0003,0.00047980947,32160,-1.2587641656398774,0.0
866,950,200.0,3218,1809.08,823808,0.6423770785331726,5278.741833496094,1972.943603515625,-0.0032991739339195193,0.3,0.0003,0.003821226,32170,-1.2634297132492065,0.00078125
866,950,200.0,3219,1823.45,824064,0.16629034280776978,27197.189013671876,9779.439453125,-0.001063565886579454,0.3,0.0003,0.0011538432,32180,-1.3751606941223145,0.0
867,950,200.0,3220,1810.97,824320,0.397678017616272,7569.014208984375,1426.0189208984375,-0.0021638245554640887,0.3,0.0003,0.0009656965,32190,-1.3714651346206665,0.0
867,950,200.0,3221,1815.47,824576,0.4498571753501892,10097.076440429688,5644.017578125,-0.0011525140842422843,0.3,0.0003,0.00031812256,32200,-1.3729726016521453,0.0
867,950,200.0,3222,1812.82,824832,0.38417744636535645,10338.920751953125,3186.134765625,-0.0009149517398327589,0.3,0.0003,0.00048049074,32210,-1.2076299965381623,0.0
867,950,200.0,3223,1803.6,825088,0.669398307800293,6396.995147705078,4204.3359375,-0.0037728180177509785,0.3,0.0003,0.0066015795,32220,-1.2626790344715118,0.00546875
868,950,200.0,3224,1805.83,825344,0.42126739025115967,9069.14305419922,6570.234375,-0.0019528882345184683,0.3,0.0003,0.0025387409,32230,-1.333584189414978,0.0
868,950,200.0,3225,1809.1,825600,0.36439383029937744,8830.160681152343,5699.68115234375,-0.0013473526458255946,0.3,0.0003,0.0082179345,32240,-1.3034003376960754,0.007421875
868,950,200.0,3226,1790.13,825856,0.5020099878311157,10018.43212890625,4573.97265625,0.0001047980971634388,0.3,0.0003,0.00041360944,32250,-1.2455871462821961,0.0
869,950,200.0,3227,1785.37,826112,0.4839627742767334,12610.753588867188,9111.408203125,-0.0039767983835190535,0.3,0.0003,0.0030480083,32260,-1.3477505207061768,0.001953125
869,950,200.0,3228,1783.08,826368,0.3862759470939636,9960.947082519531,7197.3935546875,-0.002614298323169351,0.3,0.0003,0.0038937011,32270,-1.3394430100917816,0.003125
869,950,200.0,3229,1798.05,826624,0.5075814723968506,9167.530029296875,3264.39697265625,-0.00321633773855865,0.3,0.0003,0.005141644,32280,-1.3136804282665253,0.003125
869,950,200.0,3230,1787.77,826880,-0.1568993330001831,26990.93623046875,13366.9404296875,-0.0022582996170967817,0.3,0.0003,0.00060608215,32290,-1.3305988490581513,0.0
870,950,200.0,3231,1809.24,827136,0.2926826477050781,23091.0291015625,9223.26953125,-0.004227893147617579,0.3,0.0003,0.0016834016,32300,-1.3993409991264343,0.0
870,950,200.0,3232,1802.56,827392,0.06112968921661377,21205.2548828125,11098.740234375,-0.0030046523083001376,0.3,0.0003,0.0009160959,32310,-1.3569059133529664,0.001171875
870,950,200.0,3233,1810.19,827648,0.3054070472717285,12254.16103515625,5317.3095703125,-0.0004250457976013422,0.3,0.0003,9.7391196e-05,32320,-1.271982878446579,0.0
870,950,200.0,3234,1800.16,827904,0.6283149719238281,8242.418481445313,3977.7509765625,-0.0010143545223399997,0.3,0.0003,0.00042284955,32330,-1.3064468502998352,0.0
871,950,200.0,3235,1804.81,828160,0.38579708337783813,10042.056042480468,3890.469482421875,-0.000321835046634078,0.3,0.0003,0.00049511134,32340,-1.502070778608322,0.0
871,950,200.0,3236,1805.56,828416,0.6639750599861145,4005.677038574219,2307.10302734375,-0.002604123204946518,0.3,0.0003,0.0017327785,32350,-1.4163300037384032,0.0
871,950,200.0,3237,1809.22,828672,0.37977081537246704,13618.581225585938,3343.533935546875,0.0002858544641640037,0.3,0.0003,0.00042597228,32360,-1.1213140606880188,0.0
871,950,200.0,3238,1824.42,828928,0.594335675239563,6056.725881958007,4940.056640625,-0.0009527746355161071,0.3,0.0003,0.0005434393,32370,-1.3242345869541168,0.0
872,950,200.0,3239,1822.0,829184,0.511371910572052,8392.731048583984,4739.93310546875,0.0003757785831112415,0.3,0.0003,0.00035549374,32380,-1.4090612530708313,0.0
872,950,200.0,3240,1824.84,829440,0.16566956043243408,10729.219262695313,2388.75,-0.000580708566121757,0.3,0.0003,0.00095718517,32390,-1.2126441478729248,0.0
872,950,200.0,3241,1822.15,829696,0.4544026255607605,13623.597619628907,7691.32470703125,-0.005125297280028462,0.3,0.0003,0.0041302852,32400,-1.3594700992107391,0.0046875
873,950,200.0,3242,1829.71,829952,0.651512622833252,5133.428582763672,4124.1962890625,-0.002953323908150196,0.3,0.0003,0.0015674073,32410,-1.531036913394928,0.0
873,950,200.0,3243,1833.9,830208,0.10647916793823242,18293.178369140624,7459.11474609375,-0.003982836485374719,0.3,0.0003,0.0018548649,32420,-1.3858865022659301,0.0
873,950,200.0,3244,1834.73,830464,0.5510324239730835,12687.64375,4071.55712890625,0.00011643534526228905,0.3,0.0003,0.00025704526,32430,-1.2900315642356872,0.0
873,950,200.0,3245,1832.22,830720,0.6114559173583984,4719.347180175781,3149.085693359375,-0.0018198794219642877,0.3,0.0003,0.0005153725,32440,-1.5297191619873047,0.0
874,950,200.0,3246,1816.95,830976,0.048637330532073975,15326.234814453124,3779.981201171875,-0.006027916353195906,0.3,0.0003,0.0045512225,32450,-1.3008623480796815,0.00546875
874,950,200.0,3247,1805.92,831232,0.38665711879730225,8663.129675292968,4787.27294921875,-0.005366773204877972,0.3,0.0003,0.005526689,32460,-1.336560034751892,0.002734375
874,950,200.0,3248,1825.19,831488,0.5808445811271667,9356.5171875,3951.044189453125,0.0006934419390745461,0.3,0.0003,0.00070897955,32470,-1.17914217710495,0.0
874,950,200.0,3249,1830.17,831744,0.6069576740264893,5693.916284179688,3949.72119140625,-0.006011958234012127,0.3,0.0003,0.008206777,32480,-1.2848273396492005,0.01015625
875,950,200.0,3250,1824.03,832000,0.5241338014602661,5019.083972167969,3094.78955078125,0.00024239271879196168,0.3,0.0003,0.0017724554,32490,-1.2196642637252808,0.0015625
875,950,200.0,3251,1823.12,832256,0.3697287440299988,7949.283154296875,5075.6748046875,-0.0007431605365127325,0.3,0.0003,0.0005324655,32500,-1.4055561423301697,0.0
875,950,200.0,3252,1841.72,832512,0.5092383623123169,11115.253784179688,4335.2734375,-8.324579684995114e-05,0.3,0.0003,4.9035298e-05,32510,-1.4209081411361695,0.0
876,950,200.0,3253,1865.4,832768,0.604121208190918,5133.871801757812,3162.570556640625,-0.003530151955783367,0.3,0.0003,0.005608231,32520,-1.361101257801056,0.001953125
876,950,200.0,3254,1854.21,833024,0.6327825784683228,5322.7166748046875,4017.57666015625,-0.008672251785174011,0.3,0.0003,0.018190017,32530,-1.4364276707172394,0.053125
876,950,200.0,3255,1839.08,833280,0.5628252625465393,10794.53525390625,3637.208740234375,-0.0010883415816351771,0.3,0.0003,0.0008316876,32540,-1.331667160987854,0.0
876,950,200.0,3256,1837.04,833536,0.49373000860214233,6074.42763671875,1838.8660888671875,-0.003080967417918146,0.3,0.0003,0.0047840634,32550,-1.3309576094150544,0.00078125
877,950,200.0,3257,1844.64,833792,0.42141687870025635,10039.153076171875,1485.124267578125,-0.0005214428412728012,0.3,0.0003,0.0004931637,32560,-1.3569362998008727,0.0
877,950,200.0,3258,1822.27,834048,0.6398763656616211,5633.632025146484,981.1216430664062,-0.004975436790846288,0.3,0.0003,0.0037852686,32570,-1.3885332882404327,0.002734375
877,950,200.0,3259,1803.7,834304,-0.27623438835144043,24888.8146484375,10562.7578125,4.422820638865233e-05,0.3,0.0003,0.00025187968,32580,-0.5316210597753525,0.0
877,950,200.0,3260,1809.16,834560,0.48663878440856934,9056.263256835937,5426.49951171875,-0.00033637904562056065,0.3,0.0003,3.059348e-05,32590,-1.2493284463882446,0.0
878,950,200.0,3261,1777.64,834816,0.4213588833808899,4397.636389160156,1561.0726318359375,-0.004264419781975448,0.3,0.0003,0.0020919894,32600,-1.4437554001808166,0.0
878,950,200.0,3262,1785.81,835072,0.3290712833404541,16757.8251953125,5001.06982421875,-0.001523501705378294,0.3,0.0003,0.00077913585,32610,-1.3250767588615417,0.0
878,950,200.0,3263,1794.08,835328,0.4899213910102844,6116.530755615235,3992.06494140625,-0.0008108774665743113,0.3,0.0003,0.0002969422,32620,-1.1686226546764373,0.0
878,950,200.0,3264,1778.83,835584,0.5838092565536499,4538.0535888671875,2588.30029296875,-0.0007409495068714022,0.3,0.0003,0.00022430229,32630,-1.2860686779022217,0.0
879,950,200.0,3265,1780.13,835840,0.3309958577156067,8383.606176757812,2866.986083984375,-0.000959812430664897,0.3,0.0003,0.0009245977,32640,-1.25599724650383,0.0
879,950,200.0,3266,1785.73,836096,0.3323633074760437,15704.341552734375,9882.1767578125,-0.0012331762351095676,0.3,0.0003,0.00045099272,32650,-1.348854523897171,0.0
879,950,200.0,3267,1773.06,836352,0.5062259435653687,5433.722387695312,3422.085205078125,-0.002546238643117249,0.3,0.0003,0.0016569658,32660,-1.4547149300575257,0.00078125
880,950,200.0,3268,1766.19,836608,0.6127911806106567,4394.576507568359,1346.06201171875,-0.0010017371736466885,0.3,0.0003,0.0008420497,32670,-1.1887080371379852,0.0
880,950,200.0,3269,1765.75,836864,0.49880170822143555,12581.457568359376,7088.64892578125,-0.0009031352819874883,0.3,0.0003,0.0021832443,32680,-1.4299154162406922,0.00078125
880,950,200.0,3270,1764.16,837120,0.46908068656921387,8234.868103027344,1750.4263916015625,-0.0011517628270667046,0.3,0.0003,0.00074451324,32690,-1.4546222329139709,0.0
880,950,200.0,3271,1763.65,837376,0.6207253932952881,5071.325244140625,2527.76220703125,-0.0036124916514381766,0.3,0.0003,0.002442207,32700,-1.5100427925586701,0.000390625
881,950,200.0,3272,1774.36,837632,0.6016299724578857,6277.598828125,1405.0252685546875,-0.0003046118072234094,0.3,0.0003,0.00089000026,32710,-1.4242265045642852,0.0
881,950,200.0,3273,1772.11,837888,0.4654163122177124,13711.8220703125,7382.0869140625,0.00016221334226429462,0.3,0.0003,0.00023383973,32720,-1.3449924767017365,0.0
881,950,200.0,3274,1772.35,838144,0.572848379611969,6088.2443359375,4366.2578125,-0.0017758188885636627,0.3,0.0003,0.00084400433,32730,-1.2815635561943055,0.0
881,950,200.0,3275,1798.4,838400,0.5605286359786987,5090.543408203125,2593.995849609375,-0.0011201180052012206,0.3,0.0003,0.0009425264,32740,-1.4304986953735352,0.0
882,950,200.0,3276,1790.19,838656,0.6373369693756104,5819.653479003906,2461.059814453125,-0.008082939346786588,0.3,0.0003,0.01481246,32750,-1.3783327460289,0.02109375
882,950,200.0,3277,1782.52,838912,0.12309783697128296,29945.5015625,8521.806640625,-0.002153563383035362,0.3,0.0003,0.0017099949,32760,-1.5132143259048463,0.0
882,950,200.0,3278,1789.36,839168,0.4609224796295166,9732.763427734375,4448.85205078125,-0.0007318676682189107,0.3,0.0003,0.000494923,32770,-1.4419495522975923,0.0
882,950,200.0,3279,1787.2,839424,0.5996595621109009,5663.50435180664,3520.493896484375,-0.0009325256571173668,0.3,0.0003,0.0010993883,32780,-1.4183451354503631,0.0
883,950,200.0,3280,1794.64,839680,0.6175045371055603,8917.485778808594,1990.2418212890625,-0.002099724253639579,0.3,0.0003,0.0036266234,32790,-1.3857366800308228,0.0046875
883,950,200.0,3281,1805.26,839936,0.43643808364868164,8014.341760253907,3893.745361328125,-0.0011788041098043322,0.3,0.0003,0.0011222532,32800,-1.3838031947612763,0.0
883,950,200.0,3282,1808.44,840192,0.3970794081687927,8434.10693359375,3191.8037109375,-0.004614898154977709,0.3,0.0003,0.009289306,32810,-1.18646297454834,0.02265625
884,950,200.0,3283,1816.39,840448,0.5468845963478088,5839.275866699219,1610.6549072265625,-0.002486315800342709,0.3,0.0003,0.0038120414,32820,-1.4216036379337311,0.000390625
884,950,200.0,3284,1821.83,840704,0.5160564184188843,11506.72509765625,3876.632568359375,-0.0015042623737826944,0.3,0.0003,0.003762258,32830,-1.4031253159046173,0.000390625
884,950,200.0,3285,1818.91,840960,0.43995237350463867,6955.445196533203,5235.70849609375,1.120823435485363e-06,0.3,0.0003,0.00014492078,32840,-1.398161244392395,0.0
884,950,200.0,3286,1815.02,841216,0.5117949843406677,6809.699182128907,3305.632568359375,-0.0011242700507864355,0.3,0.0003,0.00054534874,32850,-1.5055456519126893,0.0
885,950,200.0,3287,1821.53,841472,0.4884783625602722,12012.119970703125,4938.2333984375,-0.0017558760300744325,0.3,0.0003,0.0009900639,32860,-1.502921861410141,0.0
885,950,200.0,3288,1852.15,841728,0.6243324279785156,5324.240869140625,3173.01416015625,-0.00633673956617713,0.3,0.0003,0.0065476527,32870,-1.3603393614292145,0.004296875
885,950,200.0,3289,1834.03,841984,0.6064973473548889,6449.172644042968,3159.08935546875,-0.002872150577604771,0.3,0.0003,0.0036071225,32880,-1.4682984173297882,0.001171875
885,950,200.0,3290,1840.32,842240,0.34565359354019165,8436.555895996094,1558.3228759765625,0.0017477917019277811,0.3,0.0003,0.00074517727,32890,-1.351686292886734,0.0
886,950,200.0,3291,1839.12,842496,0.4540793299674988,7979.186682128906,1765.5516357421875,-0.0019386603380553424,0.3,0.0003,0.000783907,32900,-1.353753423690796,0.0
886,950,200.0,3292,1846.7,842752,0.4456862807273865,7718.056811523437,2628.896728515625,-0.0012168752728030086,0.3,0.0003,0.0006054705,32910,-1.3870788514614105,0.0
886,950,200.0,3293,1865.12,843008,0.4874676465988159,7708.253601074219,2219.5615234375,-0.0006543525028973818,0.3,0.0003,0.00012686406,32920,-1.362647581100464,0.0
887,950,200.0,3294,1853.65,843264,0.44823580980300903,7479.28046875,2993.587646484375,-0.0006249748403206468,0.3,0.0003,0.00068922737,32930,-1.295230770111084,0.0
887,950,200.0,3295,1837.84,843520,0.45651775598526,8216.464685058594,4837.1025390625,-0.005011739116162062,0.3,0.0003,0.0032016234,32940,-1.266568547487259,0.00078125
887,950,200.0,3296,1829.39,843776,0.37835264205932617,9567.541333007812,3755.954833984375,0.001171986712142825,0.3,0.0003,0.00095957913,32950,-1.4375572860240937,0.0
887,950,200.0,3297,1816.68,844032,0.45191699266433716,9680.770703125,2106.221923828125,-0.00019618496298789978,0.3,0.0003,8.790009e-05,32960,-1.4704407036304474,0.0
888,950,200.0,3298,1830.25,844288,0.48600125312805176,9835.024450683593,5849.916015625,-0.0011267776368185877,0.3,0.0003,0.0006333671,32970,-1.480050367116928,0.0
888,950,200.0,3299,1816.03,844544,0.3699389100074768,8065.325158691407,1428.129638671875,-0.0008673604228533804,0.3,0.0003,0.0008167911,32980,-1.414160853624344,0.0
888,950,200.0,3300,1829.91,844800,0.6839334964752197,6088.626452636719,647.9637451171875,-0.0002518514054827392,0.3,0.0003,0.00032276683,32990,-1.4198508560657501,0.0
888,950,200.0,3301,1840.04,845056,0.6552022695541382,4990.328515625,2760.95947265625,-0.006922996835783124,0.3,0.0003,0.006917965,33000,-1.2588894486427307,0.005078125
889,950,200.0,3302,1844.68,845312,0.18556702136993408,28489.00546875,11691.2919921875,-0.004713942692615092,0.3,0.0003,0.0026220893,33010,-1.4643815398216247,0.00078125
889,950,200.0,3303,1856.35,845568,0.16819989681243896,19098.266259765624,9677.4384765625,-0.0030974021879956125,0.3,0.0003,0.0006683909,33020,-1.4166744112968446,0.0
889,950,200.0,3304,1838.48,845824,0.6009232997894287,5517.87788696289,1623.8289794921875,-0.002966839983128011,0.3,0.0003,0.0013857489,33030,-1.3596517264842987,0.0015625
889,950,200.0,3305,1831.9,846080,0.2239719033241272,24100.7884765625,9742.0419921875,-0.0012365537695586681,0.3,0.0003,0.00043782243,33040,-1.4309960722923278,0.0
890,950,200.0,3306,1832.52,846336,0.4684184789657593,6197.386047363281,3244.263916015625,-2.771001309156418e-05,0.3,0.0003,9.701587e-05,33050,-0.9733131945133209,0.0
890,950,200.0,3307,1825.23,846592,0.2974752187728882,8421.642626953126,5657.8701171875,-0.00020858715288341045,0.3,0.0003,5.180249e-05,33060,-1.189429724216461,0.0
890,950,200.0,3308,1846.3,846848,0.4397352933883667,6673.1234680175785,4443.9853515625,-0.000428526836913079,0.3,0.0003,0.00024649035,33070,-1.1828798234462738,0.0
891,950,200.0,3309,1830.17,847104,0.49613088369369507,13665.597192382813,6082.3798828125,-0.0016491418704390527,0.3,0.0003,0.00027991552,33080,-1.2862708687782287,0.0
891,950,200.0,3310,1839.85,847360,0.6155617237091064,4776.419732666016,793.9701538085938,-0.0022844939376227558,0.3,0.0003,0.0056101065,33090,-1.4284523129463196,0.004296875
891,950,200.0,3311,1842.55,847616,0.2703452706336975,8347.20899658203,1752.0274658203125,-0.00040312453638762235,0.3,0.0003,0.0018452685,33100,-1.2695197999477386,0.0
891,950,200.0,3312,1852.68,847872,0.40872156620025635,16795.230078125,8762.271484375,-0.0007471628137864173,0.3,0.0003,0.00020709122,33110,-1.2615557491779328,0.0
892,950,200.0,3313,1853.18,848128,0.2086973786354065,9777.728076171876,6522.14697265625,-0.0005531426519155503,0.3,0.0003,0.00021919841,33120,-1.2380475997924805,0.0
892,950,200.0,3314,1873.14,848384,0.5071820020675659,8583.03017578125,6405.2314453125,-0.0006731962086632848,0.3,0.0003,0.00022396655,33130,-1.2588249802589417,0.0
892,950,200.0,3315,1880.63,848640,0.6374938488006592,4944.653576660156,2290.197265625,-0.0025533405365422367,0.3,0.0003,0.0016265896,33140,-1.331574445962906,0.0
892,950,200.0,3316,1883.21,848896,0.6466479301452637,9436.0068359375,4180.9453125,-0.0015836458187550306,0.3,0.0003,0.00559956,33150,-1.27554851770401,0.00625
893,950,200.0,3317,1896.43,849152,0.6149076819419861,5037.221405029297,1389.0894775390625,-0.004021420096978545,0.3,0.0003,0.0050713243,33160,-1.3012889325618744,0.001171875
893,950,200.0,3318,1905.96,849408,0.36142104864120483,12397.025024414062,6624.06494140625,-0.007226615422405302,0.3,0.0003,0.0067221867,33170,-1.326733785867691,0.012890625
893,950,200.0,3319,1903.74,849664,0.5326861143112183,13090.136840820312,6866.17333984375,-0.0021381313796155154,0.3,0.0003,0.002269419,33180,-1.2756224274635315,0.00078125
894,950,200.0,3320,1894.26,849920,0.6505675315856934,4311.671820068359,2381.05224609375,-0.0027927832677960398,0.3,0.0003,0.0013438938,33190,-1.3967793047428132,0.0
894,950,200.0,3321,1897.98,850176,0.36781877279281616,9862.969891357421,6660.748046875,-0.0020982271002139897,0.3,0.0003,0.00097540254,33200,-1.3431566119194032,0.0
894,950,200.0,3322,1891.14,850432,0.1535997986793518,18036.219921875,3460.33251953125,-0.00074420643504709,0.3,0.0003,0.00018713856,33210,-1.4628156840801239,0.0
894,950,200.0,3323,1888.45,850688,0.40767204761505127,15700.3865234375,6411.5654296875,-0.0001398270484060049,0.3,0.0003,0.00010013394,33220,-1.2748219549655915,0.0
895,950,200.0,3324,1880.73,850944,0.2035120129585266,17074.374291992186,8228.4619140625,-0.00656556929461658,0.3,0.0003,0.00261053,33230,-1.4589426219463348,0.00078125
895,950,200.0,3325,1885.63,851200,0.47348201274871826,7306.12060546875,2451.812744140625,-0.0007520184968598187,0.3,0.0003,0.0019900838,33240,-0.987035721540451,0.0
895,950,200.0,3326,1876.87,851456,0.29197949171066284,15118.420068359375,4563.34619140625,-0.0049604969564825295,0.3,0.0003,0.004773234,33250,-1.5221343040466309,0.004296875
895,950,200.0,3327,1876.27,851712,0.28929805755615234,19583.583642578124,9195.783203125,-0.0024266281048767268,0.3,0.0003,0.0016287374,33260,-1.3423112034797668,0.000390625
896,950,200.0,3328,1885.09,851968,0.2630603313446045,9564.862573242188,5552.14111328125,-0.0010840118629857898,0.3,0.0003,0.00026450213,33270,-1.484273260831833,0.0
896,950,200.0,3329,1896.12,852224,0.5239658355712891,7040.8846435546875,3802.778076171875,-0.00022456124424934386,0.3,0.0003,0.00011148094,33280,-1.3600481629371644,0.0
896,950,200.0,3330,1875.57,852480,0.39572465419769287,8364.507202148438,2335.890869140625,-0.0013223630376160145,0.3,0.0003,0.00048416317,33290,-1.3272308647632598,0.0
896,950,200.0,3331,1850.94,852736,0.27351415157318115,15126.362182617188,7707.51806640625,-9.63201280683279e-05,0.3,0.0003,0.00056263385,33300,-1.4595013856887817,0.0
897,950,200.0,3332,1850.57,852992,0.42167091369628906,7741.429772949219,4306.62939453125,-0.0007003476610407233,0.3,0.0003,0.0013040393,33310,-1.0885112285614014,0.0
897,950,200.0,3333,1851.98,853248,0.21329641342163086,8646.972509765625,3815.14501953125,-0.0004918090649880469,0.3,0.0003,0.0024963142,33320,-1.3523294627666473,0.000390625
897,950,200.0,3334,1859.0,853504,0.34292078018188477,13784.81513671875,2174.048095703125,-0.0005528788082301616,0.3,0.0003,0.0003522609,33330,-1.231714791059494,0.0
898,950,200.0,3335,1847.7,853760,0.4802247881889343,7448.194274902344,4260.6201171875,-0.001828621479216963,0.3,0.0003,0.0019705517,33340,-1.4084375143051147,0.000390625
898,950,200.0,3336,1846.91,854016,0.4934499263763428,7886.399572753906,6359.17529296875,-0.002700392302358523,0.3,0.0003,0.0051979898,33350,-1.4726982176303864,0.00703125
898,950,200.0,3337,1865.44,854272,0.6196244359016418,8407.500146484375,3870.771484375,-0.000889211252797395,0.3,0.0003,0.00033048494,33360,-1.5141610562801362,0.0
898,950,200.0,3338,1849.2,854528,0.3429526686668396,6861.60396118164,1722.28564453125,-0.0003459907369688153,0.3,0.0003,0.00017265906,33370,-1.3440175831317902,0.0
899,950,200.0,3339,1860.79,854784,0.5808274745941162,5251.650738525391,835.10009765625,-0.0004324002424255013,0.3,0.0003,0.00012683077,33380,-1.3020968854427337,0.0
899,950,200.0,3340,1867.57,855040,0.6363944411277771,6431.266815185547,2329.8505859375,-0.0005414416082203388,0.3,0.0003,0.00013179146,33390,-1.3870600283145904,0.0
899,950,200.0,3341,1886.07,855296,0.49331003427505493,12385.3046875,3512.13916015625,-0.0007843298953957856,0.3,0.0003,0.00045910454,33400,-1.405558204650879,0.0
899,950,200.0,3342,1879.77,855552,0.6683845520019531,4844.644311523438,1548.3602294921875,-0.005976674146950245,0.3,0.0003,0.004188041,33410,-1.4303909599781037,0.001953125
900,950,200.0,3343,1892.95,855808,0.5720411539077759,5267.055737304688,930.9340209960938,-0.003357930853962898,0.3,0.0003,0.006245532,33420,-1.4932666659355163,0.0046875
900,950,200.0,3344,1893.66,856064,0.6207951307296753,9713.987835693359,8659.76953125,-0.0034430155996233226,0.3,0.0003,0.0074082604,33430,-1.3136938452720641,0.0109375
900,950,200.0,3345,1890.2,856320,-0.14542710781097412,4347.691375732422,1248.0909423828125,-0.0016364993061870337,0.3,0.0003,0.0010009226,33440,-1.350437968969345,0.0
900,950,200.0,3346,1895.2,856576,0.29215729236602783,21899.278125,8600.6259765625,-8.948463946580886e-05,0.3,0.0003,0.00025875494,33450,-1.481975120306015,0.0
901,950,200.0,3347,1894.29,856832,0.5533110499382019,4918.478125,2964.352294921875,-0.0016453917371109128,0.3,0.0003,0.0007207575,33460,-1.4254161059856414,0.0
901,950,200.0,3348,1896.17,857088,0.0746077299118042,24052.54013671875,10602.953125,-0.001054510404355824,0.3,0.0003,0.0006510434,33470,-1.505716723203659,0.0
901,950,200.0,3349,1910.33,857344,0.4436192512512207,8389.0505859375,5322.95703125,-8.695840369910002e-05,0.3,0.0003,0.00015116739,33480,-1.3191544950008391,0.0
902,950,200.0,3350,1911.01,857600,0.501592755317688,6218.845483398438,3828.608642578125,-0.0014832628890872,0.3,0.0003,0.0004619835,33490,-1.3654951989650725,0.0
902,950,200.0,3351,1891.83,857856,0.2056078314781189,11818.649609375,6956.71728515625,-0.0013239028630778193,0.3,0.0003,0.0022691502,33500,-1.2149259924888611,0.00078125
902,950,200.0,3352,1889.79,858112,0.331203818321228,23268.96103515625,12263.470703125,-0.0013719611335545779,0.3,0.0003,0.00021636952,33510,-1.444464647769928,0.0
902,950,200.0,3353,1892.9,858368,0.4910932183265686,6425.959191894532,4117.69287109375,-0.00046311861369758845,0.3,0.0003,0.00029029022,33520,-1.4816139578819274,0.0
903,950,200.0,3354,1879.3,858624,0.40114569664001465,9440.845190429687,1906.458251953125,-4.9167335964739324e-05,0.3,0.0003,1.7078593e-05,33530,-1.2766745448112489,0.0
903,950,200.0,3355,1869.83,858880,0.1870872974395752,15727.140576171874,6641.29345703125,-0.00012913919053971767,0.3,0.0003,1.1864118e-05,33540,-1.4802802145481109,0.0
903,950,200.0,3356,1877.05,859136,0.48315340280532837,20415.9419921875,8314.2958984375,-0.0017833848483860492,0.3,0.0003,0.00026045786,33550,-1.3860639929771423,0.0
903,950,200.0,3357,1874.89,859392,0.4886156916618347,7445.706115722656,2772.4677734375,-0.003854766464792192,0.3,0.0003,0.004203596,33560,-1.2455904364585877,0.002734375
904,950,200.0,3358,1871.23,859648,0.6561824083328247,5989.285827636719,3553.363037109375,-0.0005649516591802239,0.3,0.0003,0.00076471525,33570,-1.3014875173568725,0.0
904,950,200.0,3359,1860.19,859904,0.2902233600616455,15905.081469726563,6789.22802734375,-0.0018435531761497258,0.3,0.0003,0.0017795283,33580,-1.4820970118045806,0.0
904,950,200.0,3360,1873.4,860160,0.4688912034034729,8426.47501220703,2243.94775390625,-0.00030254864250309763,0.3,0.0003,0.0002206408,33590,-1.3323963761329651,0.0
905,950,200.0,3361,1849.47,860416,0.09279108047485352,4841.356384277344,1307.2001953125,-0.0002618956146761775,0.3,0.0003,5.061319e-05,33600,-0.5676491677761077,0.0
905,950,200.0,3362,1841.32,860672,0.5331442356109619,10445.721240234376,4339.0712890625,-2.5619519874453545e-05,0.3,0.0003,7.810327e-05,33610,-1.0885525286197661,0.0
905,950,200.0,3363,1828.86,860928,0.3212776184082031,8596.224658203126,3896.36767578125,-0.0014784333994612097,0.3,0.0003,0.00040204055,33620,-1.4026803016662597,0.0
905,950,200.0,3364,1825.27,861184,0.2871933579444885,10427.295678710938,3736.92822265625,-0.0031357928062789144,0.3,0.0003,0.0007332675,33630,-1.276291263103485,0.0
906,950,200.0,3365,1816.26,861440,0.3540787100791931,7235.184045410157,2277.857421875,-0.002850513509474695,0.3,0.0003,0.008241496,33640,-1.2841083824634552,0.016015625
906,950,200.0,3366,1802.84,861696,0.4657537341117859,12891.983984375,8469.7197265625,-0.0017292286967858673,0.3,0.0003,0.0010093176,33650,-1.379497492313385,0.0
906,950,200.0,3367,1803.03,861952,0.36092329025268555,10518.68115234375,3212.63525390625,-0.0025440747733227907,0.3,0.0003,0.0011927513,33660,-1.4734129667282105,0.0
906,950,200.0,3368,1820.25,862208,0.5389352440834045,5865.497839355468,1505.3543701171875,-0.004650109447538853,0.3,0.0003,0.0020088514,33670,-1.471109575033188,0.003125
907,950,200.0,3369,1825.46,862464,0.5560286045074463,9497.2966796875,2818.535888671875,-0.0035702112596482038,0.3,0.0003,0.004239482,33680,-1.2710931777954102,0.0015625
907,950,200.0,3370,1825.54,862720,0.718708872795105,4501.191873168946,4031.62109375,-0.008092214982025326,0.3,0.0003,0.009622085,33690,-1.3934234201908111,0.003125
907,950,200.0,3371,1810.33,862976,0.5071395635604858,7046.779626464844,5118.21240234375,-0.0007758177176583559,0.3,0.0003,0.0035684628,33700,-1.3875518798828126,0.0
907,950,200.0,3372,1823.41,863232,0.740584671497345,3773.6834869384766,2242.61865234375,-0.003548206784762442,0.3,0.0003,0.0044584386,33710,-1.2416279554367065,0.00546875
908,950,200.0,3373,1825.96,863488,0.6809645891189575,8765.7130859375,2192.51806640625,1.78429763764143e-05,0.3,0.0003,0.00034928904,33720,-1.1777754247188568,0.0
908,950,200.0,3374,1833.8,863744,0.5367624759674072,6777.869677734375,5549.86767578125,-0.0017132291162852199,0.3,0.0003,0.0009756333,33730,-1.3523131787776947,0.0
908,950,200.0,3375,1836.48,864000,0.18385052680969238,19734.142333984375,9112.6904296875,-0.002483008976560086,0.3,0.0003,0.00056111417,33740,-1.376010888814926,0.0
909,950,200.0,3376,1833.23,864256,0.49149590730667114,7988.7869873046875,2943.778076171875,-0.000698959466535598,0.3,0.0003,0.0003863084,33750,-1.195126736164093,0.0
909,950,200.0,3377,1827.64,864512,0.5210344791412354,11551.250219726562,2766.65869140625,-0.004619706235826015,0.3,0.0003,0.002204907,33760,-1.394349879026413,0.001171875
909,950,200.0,3378,1820.78,864768,0.7201352119445801,4916.227160644531,2584.714599609375,-0.003518013167195022,0.3,0.0003,0.009063171,33770,-1.1452786922454834,0.0140625
909,950,200.0,3379,1821.46,865024,0.15323662757873535,21810.421728515626,6539.333984375,-0.005552525061648339,0.3,0.0003,0.0035141313,33780,-1.3631917655467987,0.003125
910,950,200.0,3380,1816.71,865280,0.39978522062301636,19657.198876953124,10480.365234375,-0.003384789731353521,0.3,0.0003,0.0034563148,33790,-1.4337645709514617,0.003515625
910,950,200.0,3381,1822.46,865536,0.31066858768463135,11044.74150390625,5458.8525390625,-0.001187952165491879,0.3,0.0003,0.0028982707,33800,-1.1977673053741456,0.00234375
910,950,200.0,3382,1811.91,865792,0.5753108859062195,6846.520739746094,5142.61376953125,-0.0023875533370301127,0.3,0.0003,0.0027591605,33810,-1.3702029049396516,0.001953125
910,950,200.0,3383,1822.27,866048,0.5702199935913086,7704.962841796875,4632.99755859375,0.00041291903471574187,0.3,0.0003,0.00026818598,33820,-1.2409640967845916,0.0
911,950,200.0,3384,1824.79,866304,-0.055364370346069336,26936.666748046875,15533.1201171875,-0.0005435690633021295,0.3,0.0003,8.4646046e-05,33830,-1.0673062980175019,0.0
911,950,200.0,3385,1829.49,866560,0.02420574426651001,17774.38083496094,9679.8251953125,-0.0019230847712606192,0.3,0.0003,0.0009085918,33840,-1.3455505788326263,0.0
911,950,200.0,3386,1808.85,866816,0.6379130482673645,4295.114526367188,1547.4046630859375,-0.00036044756416231394,0.3,0.0003,0.0009894716,33850,-1.3337429285049438,0.0
911,950,200.0,3387,1827.15,867072,0.5303646326065063,11074.0373046875,8293.54296875,-0.000712018966441974,0.3,0.0003,0.00019638287,33860,-1.2927596926689149,0.0
912,950,200.0,3388,1825.32,867328,0.536933422088623,5766.259954833984,3153.39404296875,-0.0010433580144308507,0.3,0.0003,0.0004068946,33870,-1.2212575435638429,0.0
912,950,200.0,3389,1820.72,867584,0.44646960496902466,7396.820037841797,3534.81494140625,-0.0013522704364731907,0.3,0.0003,0.0006617964,33880,-1.3644825398921967,0.0
912,950,200.0,3390,1808.95,867840,0.6828035116195679,3769.9433410644533,1759.4935302734375,-0.0007672638632357121,0.3,0.0003,0.0005199299,33890,-1.310589498281479,0.0
913,950,200.0,3391,1803.27,868096,0.42289137840270996,6995.246557617187,2319.49169921875,-0.0008832807885482908,0.3,0.0003,0.0010968747,33900,-1.2699921309947968,0.0
913,950,200.0,3392,1785.34,868352,0.18856596946716309,25625.38896484375,11231.1943359375,-0.0051485835807397965,0.3,0.0003,0.0021325583,33910,-1.5051998138427733,0.0
913,950,200.0,3393,1784.75,868608,0.46316784620285034,8930.491931152344,3745.4267578125,-0.006077809818089008,0.3,0.0003,0.002457085,33920,-1.1993850350379944,0.001171875
913,950,200.0,3394,1769.42,868864,0.23263978958129883,25625.01962890625,12350.0751953125,-0.001164973806589842,0.3,0.0003,0.0008678164,33930,-1.5033775329589845,0.0
914,950,200.0,3395,1758.25,869120,0.21563827991485596,9073.782348632812,3696.28271484375,-0.00041401309717912225,0.3,0.0003,0.000510806,33940,-1.3144329726696014,0.0
914,950,200.0,3396,1768.84,869376,-0.29561686515808105,3572.8457946777344,830.1932983398438,-0.000344064412638545,0.3,0.0003,0.00010755914,33950,-1.288449889421463,0.0
914,950,200.0,3397,1749.44,869632,0.19335949420928955,32158.86298828125,18594.666015625,-0.004210914764553308,0.3,0.0003,0.0009210913,33960,-1.4018880665302276,0.0
914,950,200.0,3398,1751.49,869888,0.10015690326690674,13876.934521484374,1192.093505859375,-0.0005587000865489245,0.3,0.0003,0.00026674103,33970,-1.3832276165485382,0.0
915,950,200.0,3399,1754.03,870144,0.6133250594139099,4826.997061157226,2901.942626953125,-0.0014197652111761273,0.3,0.0003,0.0020146715,33980,-1.2878772497177124,0.0
915,950,200.0,3400,1741.29,870400,0.4866819381713867,7708.386901855469,5084.03466796875,0.0004951517679728567,0.3,0.0003,0.001234195,33990,-1.3196852862834931,0.0
915,950,200.0,3401,1759.4,870656,0.24500393867492676,19461.757861328126,8427.0322265625,-0.0037904536467976866,0.3,0.0003,0.00081999507,34000,-1.4010890126228333,0.0
916,950,200.0,3402,1774.35,870912,0.4204410910606384,19924.16708984375,10011.701171875,-0.004273590631783009,0.3,0.0003,0.0022029814,34010,-1.3278278052806853,0.0
916,950,200.0,3403,1773.9,871168,0.6095849275588989,5162.656457519532,2951.300048828125,-0.003998370608314872,0.3,0.0003,0.0026418006,34020,-1.4698127925395965,0.0
916,950,200.0,3404,1772.22,871424,0.5419013500213623,5865.43388671875,1507.792724609375,-0.003657220082823187,0.3,0.0003,0.00989449,34030,-1.4015255987644195,0.01015625
916,950,200.0,3405,1774.87,871680,0.3324242830276489,15609.7935546875,7131.4228515625,-6.192806758917869e-05,0.3,0.0003,0.0026866086,34040,-1.3957867264747619,0.0
917,950,200.0,3406,1782.95,871936,0.38141125440597534,9653.919012451172,5825.7998046875,-0.0051147214137017725,0.3,0.0003,0.0031209094,34050,-1.3452871441841125,0.001171875
917,950,200.0,3407,1787.45,872192,0.5766279101371765,6434.513598632812,2160.64111328125,-0.008164265262894332,0.3,0.0003,0.014746579,34060,-1.3158740639686584,0.0265625
917,950,200.0,3408,1796.01,872448,0.5086996555328369,7140.80517578125,4329.65185546875,-0.001563640940003097,0.3,0.0003,0.0033389262,34070,-1.2371831119060517,0.001171875
917,950,200.0,3409,1805.56,872704,0.5190131664276123,11789.423315429687,4081.443603515625,-0.001957464241422713,0.3,0.0003,0.0013918446,34080,-1.4207859575748443,0.0
918,950,200.0,3410,1805.87,872960,0.5812786817550659,5249.669567871094,2681.177734375,-0.002157740481197834,0.3,0.0003,0.0021034465,34090,-1.304909998178482,0.0
918,950,200.0,3411,1801.54,873216,0.13745146989822388,16564.582934570313,8362.7060546875,-0.0011480524204671382,0.3,0.0003,0.0025837845,34100,-1.33725648522377,0.0
918,950,200.0,3412,1790.72,873472,0.3056332468986511,21408.448657226563,11078.6474609375,-0.0003965755458921194,0.3,0.0003,8.967705e-05,34110,-1.1520915865898131,0.0
919,950,200.0,3413,1798.74,873728,0.5503677129745483,6325.008142089844,607.282470703125,-0.00118717800360173,0.3,0.0003,0.00090100477,34120,-0.8970121175050736,0.0
919,950,200.0,3414,1797.39,873984,0.42005622386932373,13768.09609375,5630.4775390625,-0.0011988970916718244,0.3,0.0003,0.0006373022,34130,-1.321883761882782,0.0
919,950,200.0,3415,1798.32,874240,-0.07847893238067627,21868.571533203125,13047.5517578125,-0.0009667424252256751,0.3,0.0003,0.0009665736,34140,-1.381467467546463,0.0
919,950,200.0,3416,1795.59,874496,0.19008296728134155,32139.10546875,16136.478515625,-0.0011992137879133224,0.3,0.0003,0.00024813158,34150,-1.2973228573799134,0.0
920,950,200.0,3417,1794.39,874752,0.3253016471862793,10761.9333984375,2236.746826171875,-0.002183255413547158,0.3,0.0003,0.0011344692,34160,-1.4125987112522125,0.0
920,950,200.0,3418,1776.69,875008,0.5248326063156128,7619.4141296386715,1754.184326171875,-0.0011574384290724993,0.3,0.0003,0.000904127,34170,-1.458904778957367,0.0
920,950,200.0,3419,1756.85,875264,0.5694570541381836,5302.111297607422,4192.65771484375,-0.002283149352297187,0.3,0.0003,0.0022594263,34180,-1.263197022676468,0.000390625
920,950,200.0,3420,1762.97,875520,0.19009554386138916,24305.302001953125,14762.517578125,-0.0044954072684049605,0.3,0.0003,0.0012464619,34190,-0.9309568107128143,0.0
921,950,200.0,3421,1760.6,875776,0.38727444410324097,7935.961474609375,2770.908447265625,-0.0005623209057375788,0.3,0.0003,0.0002956167,34200,-1.179266619682312,0.0
921,950,200.0,3422,1739.69,876032,0.468903124332428,8001.657019042968,2988.22509765625,-0.0007729363394901156,0.3,0.0003,0.00013128016,34210,-1.4938726603984833,0.0
921,950,200.0,3423,1733.91,876288,0.16714513301849365,32438.675390625,16640.5859375,-0.007351563684642315,0.3,0.0003,0.003396755,34220,-1.5736815631389618,0.00390625
922,950,200.0,3424,1733.87,876544,0.4201938509941101,7792.10791015625,2737.739990234375,-0.0020843895617872477,0.3,0.0003,0.00089342543,34230,-1.4666255593299866,0.0
922,950,200.0,3425,1732.64,876800,0.48373568058013916,6385.430334472656,1563.187744140625,-3.066861536353827e-05,0.3,0.0003,3.2567885e-05,34240,-1.2548855423927308,0.0
922,950,200.0,3426,1724.74,877056,0.6509522199630737,4165.866879272461,2649.922119140625,-0.0009538184385746717,0.3,0.0003,0.00086784805,34250,-1.4053224980831147,0.0
922,950,200.0,3427,1709.88,877312,0.5587824583053589,11953.869970703125,5942.99462890625,-0.0005504174041561782,0.3,0.0003,0.00020227698,34260,-1.1246326446533204,0.0
923,950,200.0,3428,1693.63,877568,0.516652524471283,7852.600610351563,1915.5506591796875,-0.006209898239467293,0.3,0.0003,0.0058003855,34270,-1.3766113638877868,0.00390625
923,950,200.0,3429,1695.15,877824,0.5417470932006836,6696.597119140625,2433.911376953125,-0.00361088584177196,0.3,0.0003,0.0042219656,34280,-1.3426328420639038,0.003515625
923,950,200.0,3430,1699.84,878080,0.4714938998222351,13075.820043945312,3715.425048828125,-0.0010819747345522045,0.3,0.0003,0.00025845226,34290,-1.7509485483169556,0.0
923,950,200.0,3431,1699.24,878336,0.595587968826294,5017.5382080078125,1632.0081787109375,-0.002661601989530027,0.3,0.0003,0.0012352138,34300,-1.5672134637832642,0.0
924,950,200.0,3432,1699.68,878592,0.4688560366630554,6741.190588378906,3096.684814453125,-0.003527267836034298,0.3,0.0003,0.0065533314,34310,-1.4360012352466582,0.0046875
924,950,200.0,3433,1698.57,878848,-0.019289493560791016,26654.7392578125,11943.078125,-0.004363225074484944,0.3,0.0003,0.004207574,34320,-1.5477306365966796,0.003515625
924,950,200.0,3434,1682.79,879104,0.5115355253219604,12252.831213378906,9685.375,-0.0005603218101896346,0.3,0.0003,0.00029238616,34330,-1.4633897304534913,0.0
924,950,200.0,3435,1697.84,879360,0.6940339803695679,4559.802938842773,2207.953857421875,-0.004779568663798273,0.3,0.0003,0.004605829,34340,-1.3762709617614746,0.0015625
925,950,200.0,3436,1680.88,879616,-0.11422145366668701,22441.63759765625,8302.900390625,-5.9787591453641655e-06,0.3,0.0003,0.0019606967,34350,-1.5043240070343018,0.000390625
925,950,200.0,3437,1695.06,879872,0.5541107654571533,10327.328942871094,772.4215087890625,-0.0013075229828245938,0.3,0.0003,0.0025128939,34360,-1.3363026082515717,0.0
925,950,200.0,3438,1694.76,880128,0.5795564651489258,5596.873156738281,4275.52685546875,-0.0009617475792765617,0.3,0.0003,0.00057467446,34370,-1.3768494307994843,0.0
926,950,200.0,3439,1716.65,880384,0.36800897121429443,10377.696704101563,2124.840576171875,-0.00021705229301005602,0.3,0.0003,0.0004257874,34380,-1.372538584470749,0.0
926,950,200.0,3440,1744.57,880640,0.6463954448699951,4695.570153808594,2922.415771484375,-0.004282452492043376,0.3,0.0003,0.010038478,34390,-1.4240319967269897,0.0140625
926,950,200.0,3441,1746.35,880896,0.537230372428894,10426.88720703125,4330.06494140625,-0.005457569076679647,0.3,0.0003,0.009619828,34400,-1.358283919095993,0.007421875
926,950,200.0,3442,1750.97,881152,0.25825071334838867,9045.088647460938,6619.40625,-0.000809245475102216,0.3,0.0003,0.0021277003,34410,-1.306223750114441,0.000390625
927,950,200.0,3443,1763.43,881408,0.2931327819824219,9095.936206054688,3218.224853515625,-0.005817616079002619,0.3,0.0003,0.015420368,34420,-1.37784663438797,0.036328125
927,950,200.0,3444,1758.49,881664,0.6867225170135498,7512.5736328125,2035.41796875,-0.0049792365869507195,0.3,0.0003,0.006742811,34430,-1.4271641314029693,0.0015625
927,950,200.0,3445,1770.53,881920,0.4676992893218994,8383.775805664063,4477.736328125,0.00024305200204253197,0.3,0.0003,0.005378326,34440,-1.5575884997844696,0.003515625
927,950,200.0,3446,1773.38,882176,0.5825770497322083,5980.001403808594,707.3184204101562,-0.003745007875841111,0.3,0.0003,0.001291478,34450,-1.43601536154747,0.0
928,950,200.0,3447,1765.44,882432,0.32721710205078125,14259.337329101563,4016.126953125,0.0005444975919090212,0.3,0.0003,0.00090288697,34460,-1.5470668971538544,0.0
928,950,200.0,3448,1762.58,882688,0.4899052381515503,13339.692016601562,5890.39453125,-0.004855214059352875,0.3,0.0003,0.0025044424,34470,-1.396599495410919,0.001171875
928,950,200.0,3449,1766.86,882944,0.17805451154708862,10560.792272949218,7513.630859375,0.0002664077561348677,0.3,0.0003,0.00026047532,34480,-1.3413756310939788,0.0
929,950,200.0,3450,1744.33,883200,0.3586040139198303,9863.570092773438,4791.95849609375,-0.00018050626385957003,0.3,0.0003,1.549581e-05,34490,-1.5387084186077118,0.0
929,950,200.0,3451,1756.83,883456,0.14466196298599243,17374.579223632812,10374.2001953125,-0.006011915113776922,0.3,0.0003,0.0030660932,34500,-1.4809952557086945,0.00078125
929,950,200.0,3452,1759.5,883712,0.44603317975997925,11902.342016601562,5599.60546875,-0.0016915829037316144,0.3,0.0003,0.0012838021,34510,-1.3925863265991212,0.0
929,950,200.0,3453,1767.53,883968,0.19793879985809326,10751.678515625,3522.136962890625,-0.0008375185308977962,0.3,0.0003,0.0021658377,34520,-1.3096624791622162,0.0
930,950,200.0,3454,1759.9,884224,0.7049081921577454,4211.168646240234,432.5534973144531,-0.003304878226481378,0.3,0.0003,0.0013495907,34530,-1.4840360522270202,0.0
930,950,200.0,3455,1764.41,884480,0.5347390174865723,10048.435546875,8842.236328125,-0.0014590788166970014,0.3,0.0003,0.008011995,34540,-1.5253626942634582,0.003515625
930,950,200.0,3456,1753.29,884736,0.347900390625,10583.274609375,3408.8974609375,-0.00263283965177834,0.3,0.0003,0.0051846514,34550,-1.511984223127365,0.008984375
930,950,200.0,3457,1766.64,884992,0.4832661747932434,7921.99091796875,2194.72216796875,8.921886328607797e-05,0.3,0.0003,6.218511e-05,34560,-1.4961720705032349,0.0
931,950,200.0,3458,1766.5,885248,0.5169899463653564,7459.973034667969,2961.203369140625,-0.0003836232703179121,0.3,0.0003,3.4809113e-05,34570,-1.503401952981949,0.0
931,950,200.0,3459,1766.19,885504,0.6429106593132019,9129.919665527344,3752.3056640625,-0.0013492329162545502,0.3,0.0003,0.0005877593,34580,-1.2838112771511079,0.0
931,950,200.0,3460,1783.78,885760,0.610235869884491,5013.857421875,1647.6414794921875,-0.004691408923827111,0.3,0.0003,0.0047909194,34590,-1.3802308320999146,0.0
932,950,200.0,3461,1824.83,886016,0.6406686305999756,5093.411703491211,557.8760375976562,-0.010831456165760756,0.3,0.0003,0.0118260905,34600,-1.3264223635196686,0.025390625
932,950,200.0,3462,1824.21,886272,0.5535792112350464,9127.491455078125,2873.01611328125,-0.0013692088075913488,0.3,0.0003,0.0033398932,34610,-1.280143964290619,0.0
932,950,200.0,3463,1821.66,886528,0.11860746145248413,10970.250952148437,5477.7587890625,-0.00239649536088109,0.3,0.0003,0.0075940806,34620,-1.300053071975708,0.008203125
932,950,200.0,3464,1819.35,886784,0.5466388463973999,5659.633325195313,3373.864990234375,-0.00032776043517515065,0.3,0.0003,0.0016355824,34630,-1.2993577718734741,0.0
933,950,200.0,3465,1813.71,887040,0.2954712510108948,17516.269946289063,9866.0771484375,-0.0029904338996857406,0.3,0.0003,0.0023141736,34640,-1.5030674815177918,0.00078125
933,950,200.0,3466,1811.97,887296,0.32917773723602295,11338.742626953124,4926.73681640625,-0.0002507112338207662,0.3,0.0003,0.0008519059,34650,-1.2541693150997162,0.0
933,950,200.0,3467,1813.68,887552,0.4982893466949463,6962.324755859375,1748.0120849609375,-0.0006878024782054126,0.3,0.0003,0.00013420195,34660,-1.4191567242145537,0.0
933,950,200.0,3468,1814.47,887808,0.43046116828918457,7215.555651855469,2468.107666015625,-0.002003681060159579,0.3,0.0003,0.00072834734,34670,-1.3491522431373597,0.0
934,950,200.0,3469,1833.01,888064,0.5727278590202332,8992.297204589844,5360.373046875,-0.00023697789292782546,0.3,0.0003,3.616023e-05,34680,-1.2632849156856536,0.0
934,950,200.0,3470,1832.91,888320,0.7409316301345825,5650.449523925781,2421.39404296875,-0.0010834286455065011,0.3,0.0003,0.0006051117,34690,-1.2801187098026277,0.0
934,950,200.0,3471,1822.64,888576,0.3991772532463074,6989.925067138672,3643.225830078125,-0.0028686791309155526,0.3,0.0003,0.009599371,34700,-1.3874964237213134,0.017578125
934,950,200.0,3472,1813.04,888832,0.6041003465652466,5119.7652587890625,1693.49853515625,-0.0006317787105217576,0.3,0.0003,0.0010630724,34710,-1.5349132657051086,0.0
935,950,200.0,3473,1828.92,889088,0.11910629272460938,26795.07685546875,9508.2314453125,-0.0013883364736102521,0.3,0.0003,0.00034704828,34720,-1.547224372625351,0.0
935,950,200.0,3474,1836.94,889344,0.647971510887146,6139.4349365234375,1746.525146484375,-0.0008424607454799116,0.3,0.0003,0.00022128131,34730,-1.2299969613552093,0.0
935,950,200.0,3475,1835.6,889600,-0.12303328514099121,23463.888134765624,8331.25390625,-0.008929760707542301,0.3,0.0003,0.0039628353,34740,-1.4209754288196563,0.005078125
936,950,200.0,3476,1835.82,889856,0.6401433944702148,6288.2845703125,2070.846923828125,-0.004172132769599557,0.3,0.0003,0.0028431315,34750,-1.5079158067703247,0.0
936,950,200.0,3477,1833.83,890112,0.44227880239486694,12933.83984375,8078.7158203125,-0.0025929702329449355,0.3,0.0003,0.010075053,34760,-1.3186164140701293,0.015625
936,950,200.0,3478,1836.23,890368,0.3492167592048645,6746.950708007813,2202.13623046875,-0.0009935076755937188,0.3,0.0003,0.001204636,34770,-1.2856390297412872,0.0
936,950,200.0,3479,1820.93,890624,0.45970821380615234,6462.822485351562,3426.14208984375,-8.693588897585869e-05,0.3,0.0003,4.815217e-05,34780,-1.3308222234249114,0.0
937,950,200.0,3480,1813.43,890880,0.44571006298065186,13052.367724609376,3526.87939453125,-0.0004760055802762508,0.3,0.0003,9.4832154e-05,34790,-1.2951245486736298,0.0
937,950,200.0,3481,1813.49,891136,0.3879207372665405,13257.524719238281,7634.9384765625,-0.0004890256561338902,0.3,0.0003,0.00015930296,34800,-1.4336961686611176,0.0
937,950,200.0,3482,1810.86,891392,0.7351042628288269,3105.258122253418,2644.5693359375,-0.004587432416155934,0.3,0.0003,0.004367524,34810,-1.472674512863159,0.00078125
937,950,200.0,3483,1820.02,891648,0.3411797881126404,16568.115478515625,9430.78125,0.003917618282139301,0.3,0.0003,0.0019142462,34820,-1.495796513557434,0.0
938,950,200.0,3484,1802.0,891904,0.6238482594490051,8162.124169921875,2886.52734375,-0.0010817014030180872,0.3,0.0003,0.002723614,34830,-1.3965922713279724,0.0015625
938,950,200.0,3485,1798.24,892160,0.36175400018692017,15433.831787109375,6021.4267578125,-0.0018846475519239902,0.3,0.0003,0.0024344386,34840,-1.572178453207016,0.0
938,950,200.0,3486,1778.64,892416,0.49552780389785767,7045.246203613281,4094.252685546875,-0.002568212361074984,0.3,0.0003,0.009110969,34850,-1.448869913816452,0.003125
938,950,200.0,3487,1774.07,892672,0.5288781523704529,9496.8890625,3958.265625,-0.0017870972165837883,0.3,0.0003,0.0029367108,34860,-1.477314680814743,0.0
939,950,200.0,3488,1771.58,892928,0.41523241996765137,8089.164465332031,3556.9609375,-0.001149556296877563,0.3,0.0003,0.0011236703,34870,-1.390062427520752,0.0
939,950,200.0,3489,1791.36,893184,0.09548407793045044,19166.1595703125,7828.2666015625,-0.0009294611751101911,0.3,0.0003,0.0004441864,34880,-1.3489076495170593,0.0
939,950,200.0,3490,1796.97,893440,0.6785794496536255,6506.6741943359375,4697.853515625,-0.0017538665444590152,0.3,0.0003,0.0022352566,34890,-1.3874910414218902,0.000390625
940,950,200.0,3491,1801.85,893696,0.018036365509033203,37461.795703125,20589.794921875,0.0005922175361774862,0.3,0.0003,0.00085275644,34900,-1.5337967157363892,0.0
940,950,200.0,3492,1821.15,893952,0.44724875688552856,7765.40849609375,2743.11181640625,-0.0023989695589989425,0.3,0.0003,0.001577731,34910,-1.3613755881786347,0.0
940,950,200.0,3493,1831.32,894208,0.5598167777061462,5884.122631835938,1461.5985107421875,-0.0016145542496815324,0.3,0.0003,0.0013575316,34920,-1.3449582517147065,0.0
940,950,200.0,3494,1849.74,894464,0.603874921798706,10841.7072265625,6913.8427734375,-0.00046186428517103195,0.3,0.0003,0.0006052498,34930,-1.4039493322372436,0.0
941,950,200.0,3495,1853.26,894720,0.6158721446990967,5008.638385009765,749.841552734375,-0.0021227006567642094,0.3,0.0003,0.001110787,34940,-1.382849395275116,0.0
941,950,200.0,3496,1855.88,894976,0.2713446021080017,8347.381787109374,1912.4874267578125,-0.0002916501834988594,0.3,0.0003,0.00077500753,34950,-1.387991464138031,0.0
941,950,200.0,3497,1877.9,895232,0.29785269498825073,9327.951977539062,6168.68896484375,-0.0003980174195021391,0.3,0.0003,7.3423376e-05,34960,-1.5184806704521179,0.0
941,950,200.0,3498,1877.59,895488,0.42292916774749756,10502.161376953125,6182.4677734375,-0.0003839061828330159,0.3,0.0003,8.633919e-05,34970,-1.3453075766563416,0.0
942,950,200.0,3499,1895.94,895744,0.5721450448036194,6724.625463867187,2083.36279296875,-0.001084495324175805,0.3,0.0003,0.00031033694,34980,-1.475184154510498,0.0
942,950,200.0,3500,1913.71,896000,0.5733402967453003,5945.810144042969,4702.39794921875,-0.006877177697606385,0.3,0.0003,0.012550483,34990,-1.4006149172782898,0.022265625
942,950,200.0,3501,1919.68,896256,0.31019043922424316,9670.77254638672,2832.2724609375,-0.0017557769198901952,0.3,0.0003,0.0021058016,35000,-1.4036983370780944,0.000390625
943,950,200.0,3502,1916.53,896512,0.12871980667114258,19079.906811523437,13788.212890625,-0.0001636618049815297,0.3,0.0003,0.0007503119,35010,-1.3066247045993804,0.0
943,950,200.0,3503,1936.35,896768,0.55422443151474,8070.124182128906,3312.26416015625,-0.000681255350355059,0.3,0.0003,0.0001919514,35020,-1.4642210721969604,0.0
943,950,200.0,3504,1947.93,897024,0.5611699819564819,6810.076513671875,3357.4833984375,-0.001025727833621204,0.3,0.0003,0.0008708313,35030,-1.3486247539520264,0.0
943,950,200.0,3505,1962.56,897280,0.579437255859375,9118.285949707031,3438.3818359375,-0.0010430688038468362,0.3,0.0003,0.0003398445,35040,-1.446985697746277,0.0
944,950,200.0,3506,1965.35,897536,0.13244038820266724,15448.900756835938,5573.6337890625,-0.0014699960593134165,0.3,0.0003,0.0005697983,35050,-1.4316734075546265,0.0
944,950,200.0,3507,1955.0,897792,0.10907191038131714,16364.705834960938,8818.654296875,-0.0086505017708987,0.3,0.0003,0.0052256016,35060,-1.4345127999782563,0.001953125
944,950,200.0,3508,1974.82,898048,0.6450997591018677,4306.39758605957,209.025634765625,-0.006305822008289397,0.3,0.0003,0.009463506,35070,-1.4331125319004059,0.01015625
944,950,200.0,3509,1974.57,898304,0.5734074711799622,10851.568676757812,6025.85498046875,-0.006639218353666365,0.3,0.0003,0.006088719,35080,-1.3494857192039489,0.00234375
945,950,200.0,3510,1972.11,898560,0.32385528087615967,8389.714379882813,2797.97705078125,-0.0007140189758501947,0.3,0.0003,0.0009962085,35090,-1.5588531613349914,0.0
945,950,200.0,3511,1972.43,898816,-0.3081709146499634,26649.635546875,10123.912109375,-0.001299306144937873,0.3,0.0003,0.00026751566,35100,-1.4633642613887787,0.0
945,950,200.0,3512,1969.35,899072,0.30895859003067017,14286.323315429687,4872.79296875,0.00018361505353823305,0.3,0.0003,6.296253e-05,35110,-1.4114201664924622,0.0
945,950,200.0,3513,1953.86,899328,0.2779056429862976,9514.00535888672,4079.9912109375,-0.0013305583619512618,0.3,0.0003,0.00036922167,35120,-1.473641812801361,0.0
946,950,200.0,3514,1958.56,899584,0.11532634496688843,21858.09873046875,13137.42578125,-0.0008162944461219013,0.3,0.0003,0.00012648036,35130,-1.6315783083438873,0.0
946,950,200.0,3515,1939.64,899840,0.6074416637420654,4316.808898925781,2692.989990234375,-0.00031946403905749323,0.3,0.0003,0.00027606916,35140,-1.57014542222023,0.0
946,950,200.0,3516,1934.72,900096,0.22719889879226685,23241.762915039064,18556.33984375,-0.003134192107245326,0.3,0.0003,0.0010498543,35150,-1.559289139509201,0.0
947,950,200.0,3517,1931.67,900352,0.5692723393440247,5074.186108398438,2953.311279296875,-0.005428513116203249,0.3,0.0003,0.0028300248,35160,-1.478786540031433,0.0
947,950,200.0,3518,1909.57,900608,0.2864564061164856,10763.872290039062,5548.34814453125,-0.002668545546475798,0.3,0.0003,0.0029537382,35170,-1.4417929589748382,0.0
947,950,200.0,3519,1910.04,900864,0.6817958354949951,7580.897802734375,3458.119873046875,-0.002238992101047188,0.3,0.0003,0.0065775183,35180,-1.3424108982086183,0.00390625
948,950,200.0,3520,1907.73,901120,-0.40588200092315674,24538.2578125,6551.126953125,-0.0012916009407490491,0.3,0.0003,0.0026968864,35190,-1.3167705833911896,0.001171875
948,950,200.0,3521,1907.79,901376,0.30289924144744873,7800.612640380859,2355.201416015625,-0.000986316322814673,0.3,0.0003,0.0003270253,35200,-1.4046820819377899,0.0
948,950,200.0,3522,1899.66,901632,0.484050452709198,6282.972253417969,1984.80078125,2.9253988759592176e-05,0.3,0.0003,3.6422396e-05,35210,-1.3935458540916443,0.0
948,950,200.0,3523,1890.03,901888,0.32170790433883667,16397.651440429687,5964.9931640625,-0.0016417852137237787,0.3,0.0003,0.00038421317,35220,-1.4672889530658721,0.0
949,950,200.0,3524,1876.22,902144,-0.03595876693725586,10841.988891601562,3489.917724609375,-0.0002219086280092597,0.3,0.0003,6.696209e-05,35230,-1.2986083924770355,0.0
949,950,200.0,3525,1867.59,902400,0.4146535396575928,7330.473852539062,3638.39892578125,-0.0003100981703028083,0.3,0.0003,4.348578e-05,35240,-1.2649059355258943,0.0
949,950,200.0,3526,1851.23,902656,0.3976038098335266,9405.372509765624,4258.57421875,-0.002825425914488733,0.3,0.0003,0.0015739356,35250,-1.5713150203227997,0.0
949,950,200.0,3527,1851.02,902912,0.16225862503051758,11844.046337890624,4747.8857421875,-0.00169147620908916,0.3,0.0003,0.0006533449,35260,-1.5227674901485444,0.0
950,950,200.0,3528,1851.54,903168,0.48046982288360596,6292.532458496094,2080.45751953125,-0.0005314982146956027,0.3,0.0003,5.676318e-05,35270,-1.5412438333034515,0.0
950,950,200.0,3529,1848.33,903424,0.4712147116661072,8502.893688964843,3172.720703125,-0.0003185977810062468,0.3,0.0003,0.00011333218,35280,-1.530937623977661,0.0
950,950,200.0,3530,1859.17,903680,0.6350864171981812,9777.786499023438,4054.00537109375,-0.001162597571965307,0.3,0.0003,0.00021888688,35290,-1.4671188771724701,0.0
951,950,200.0,3531,1867.22,903936,0.4256979823112488,8977.190283203125,3758.765869140625,-0.0013626721978653223,0.3,0.0003,0.00024483143,35300,-1.3406493186950683,0.0
951,950,200.0,3532,1856.79,904192,0.691257119178772,4172.408355712891,1244.2041015625,-0.005523857078514993,0.3,0.0003,0.004828048,35310,-1.3704278409481048,0.0046875
951,950,200.0,3533,1883.56,904448,0.7293064594268799,4523.958953857422,1865.2969970703125,-0.002028022822923958,0.3,0.0003,0.0030068816,35320,-1.3723096430301667,0.001953125
951,950,200.0,3534,1891.93,904704,0.5845522880554199,9964.184326171875,5161.44384765625,-0.001911437150556594,0.3,0.0003,0.0015579648,35330,-1.3587383866310119,0.000390625
952,950,200.0,3535,1876.85,904960,0.541496217250824,7290.921630859375,5161.40966796875,-0.0016106952447444201,0.3,0.0003,0.00059727626,35340,-1.6296513438224793,0.0
952,950,200.0,3536,1874.87,905216,0.6439124345779419,7248.3558349609375,4821.16455078125,-0.003961320745293051,0.3,0.0003,0.002831102,35350,-1.4663109600543975,0.001953125
952,950,200.0,3537,1862.25,905472,0.31144964694976807,14873.24150390625,8471.587890625,-0.006178757501766085,0.3,0.0003,0.0039411783,35360,-1.5581337928771972,0.002734375
952,950,200.0,3538,1848.93,905728,-0.06403875350952148,19855.663427734376,7556.61572265625,-0.002837514062412083,0.3,0.0003,0.0010952028,35370,-1.5506499707698822,0.0
953,950,200.0,3539,1832.57,905984,0.5429971218109131,5554.284323120117,2940.995849609375,-0.001169532211497426,0.3,0.0003,0.0010487356,35380,-1.389343547821045,0.0
953,950,200.0,3540,1828.23,906240,0.08588236570358276,9957.18960876465,8677.6416015625,-8.708585519343615e-05,0.3,0.0003,0.00033186493,35390,-1.4530383050441742,0.0
953,950,200.0,3541,1841.4,906496,0.1743372678756714,18955.051904296874,10416.1171875,0.0003212716430425644,0.3,0.0003,6.636488e-05,35400,-1.3031715869903564,0.0
954,950,200.0,3542,1856.9,906752,0.5047060251235962,5851.609765625,3445.32470703125,-0.004228646459523588,0.3,0.0003,0.005293061,35410,-1.327019613981247,0.006640625
954,950,200.0,3543,1826.29,907008,0.376609206199646,5975.315856933594,2486.77294921875,0.0012986192828975617,0.3,0.0003,0.0015360985,35420,-1.5591478645801544,0.0
954,950,200.0,3544,1832.24,907264,0.4238378405570984,9682.932421875,1424.7679443359375,-0.002720057568512857,0.3,0.0003,0.0004752183,35430,-1.5596771895885468,0.0
954,950,200.0,3545,1845.28,907520,-0.06056821346282959,42725.436328125,9495.1953125,-0.002805711090331897,0.3,0.0003,0.0006863994,35440,-1.4812307000160216,0.0
955,950,200.0,3546,1840.82,907776,0.6096867322921753,6809.55835571289,992.4598999023438,-0.00758968461304903,0.3,0.0003,0.0037779359,35450,-1.4818113148212433,0.00078125
955,950,200.0,3547,1823.36,908032,0.5291666984558105,6911.628247070313,4072.5068359375,-0.0009798938408493996,0.3,0.0003,0.0016927274,35460,-1.4834581017494202,0.0
955,950,200.0,3548,1823.42,908288,0.7025161385536194,6118.242474365235,5660.982421875,-0.0025734804105013607,0.3,0.0003,0.0016484733,35470,-1.5264777839183807,0.0
955,950,200.0,3549,1825.82,908544,0.3968051075935364,9580.521459960937,5445.056640625,-0.0004997162381187081,0.3,0.0003,0.0012244934,35480,-1.2340982258319855,0.0
956,950,200.0,3550,1863.11,908800,0.4666826128959656,7517.165600585938,4896.59130859375,-3.449017531238496e-05,0.3,0.0003,0.0007640044,35490,-1.225505381822586,0.0
956,950,200.0,3551,1838.02,909056,0.5165895223617554,6425.317492675781,2376.00439453125,-0.004604260390624404,0.3,0.0003,0.0056400797,35500,-1.3343682050704957,0.00234375
956,950,200.0,3552,1826.86,909312,0.2815127968788147,25037.927734375,12355.591796875,-0.0024781352374702694,0.3,0.0003,0.0035684968,35510,-1.5920156180858611,0.000390625
957,950,200.0,3553,1827.83,909568,0.20465022325515747,9781.982373046874,3901.296875,-0.0009600992547348141,0.3,0.0003,0.00059929397,35520,-1.2425736486911774,0.0
957,950,200.0,3554,1835.08,909824,-0.48768162727355957,5259.852880859375,1652.7489013671875,-0.005975744873285294,0.3,0.0003,0.0028326444,35530,-1.3923981368541718,0.001171875
957,950,200.0,3555,1834.74,910080,0.2991037964820862,27459.2037109375,14101.5478515625,-0.0011690703686326742,0.3,0.0003,0.0011364324,35540,-1.4693967998027802,0.0
957,950,200.0,3556,1830.68,910336,0.462510347366333,8204.80258178711,2064.947265625,-0.006402061739936471,0.3,0.0003,0.0012641104,35550,-1.3833996951580048,0.0
958,950,200.0,3557,1823.97,910592,0.5548114776611328,7107.275671386718,3404.41162109375,-0.005971526564098895,0.3,0.0003,0.0030873402,35560,-1.4734991312026977,0.0015625
958,950,200.0,3558,1845.96,910848,0.42714923620224,7202.430407714844,4518.388671875,-0.0009670404251664877,0.3,0.0003,0.0013668702,35570,-1.3009497225284576,0.0
958,950,200.0,3559,1856.39,911104,0.6009913682937622,10759.931030273438,3986.611083984375,-0.0009831444127485155,0.3,0.0003,0.0006954267,35580,-1.2776066184043884,0.0
958,950,200.0,3560,1874.23,911360,0.19017881155014038,17578.49716796875,14413.806640625,-0.002657534321770072,0.3,0.0003,0.00072341366,35590,-1.279926949739456,0.0
959,950,200.0,3561,1874.2,911616,0.4308878183364868,9977.711889648437,5194.21240234375,-0.008495082543231548,0.3,0.0003,0.0028892849,35600,-1.3557808339595794,0.001171875
959,950,200.0,3562,1879.09,911872,0.39243441820144653,17268.015625,9909.369140625,-0.0012528279679827393,0.3,0.0003,0.0020057166,35610,-1.2725976407527924,0.004296875
959,950,200.0,3563,1880.42,912128,0.43345779180526733,7585.842529296875,3611.38916015625,-0.00040242105023935437,0.3,0.0003,0.00021157833,35620,-1.46964470744133,0.0
960,950,200.0,3564,1881.28,912384,0.4864122271537781,7042.955029296875,4191.96484375,-0.00029831475112587216,0.3,0.0003,7.532514e-05,35630,-1.2714481413364411,0.0
960,950,200.0,3565,1899.92,912640,0.48016732931137085,8434.071484375,3691.529541015625,-0.001385450002271682,0.3,0.0003,0.0004835343,35640,-1.3123797237873078,0.0
960,950,200.0,3566,1917.46,912896,0.6255629658699036,11715.288403320312,4940.6591796875,-0.00013939108466729522,0.3,0.0003,4.696683e-05,35650,-0.8732983291149139,0.0
960,950,200.0,3567,1919.83,913152,0.5872675180435181,5891.637951660156,1625.271728515625,-0.0019530040211975575,0.3,0.0003,0.0013848171,35660,-1.2656838476657868,0.0
961,950,200.0,3568,1934.44,913408,0.7790589332580566,3467.4112060546877,990.541259765625,-0.004398813238367438,0.3,0.0003,0.0048561613,35670,-1.2323083102703094,0.00234375
961,950,200.0,3569,1922.22,913664,0.6135604977607727,8499.406628417968,5855.9091796875,-0.0031973758828826248,0.3,0.0003,0.0063543683,35680,-1.2251621782779694,0.006640625
961,950,200.0,3570,1906.3,913920,0.5064947009086609,6589.8865234375,3481.131591796875,-0.0007439379172865301,0.3,0.0003,0.0030920755,35690,-1.2926775336265564,0.0
961,950,200.0,3571,1923.96,914176,0.7214891910552979,5463.668365478516,3756.2822265625,-0.001566591567825526,0.3,0.0003,0.0025247259,35700,-1.187778788805008,0.0
962,950,200.0,3572,1900.88,914432,0.05813664197921753,24625.848217773437,12117.4736328125,-0.005806457810103893,0.3,0.0003,0.0019128085,35710,-1.4229441702365875,0.0
962,950,200.0,3573,1891.96,914688,0.3884952664375305,14014.968481445312,5421.021484375,6.9750240072608e-05,0.3,0.0003,0.0007571813,35720,-1.3229879438877106,0.0
962,950,200.0,3574,1890.02,914944,0.5076521635055542,7138.217797851563,3385.13232421875,-0.0010728743043728172,0.3,0.0003,0.00038693403,35730,-1.3222654044628144,0.0
963,950,200.0,3575,1870.23,915200,0.4099552631378174,8848.179150390624,3680.150634765625,-0.00034406213089823725,0.3,0.0003,0.00061139883,35740,-1.2880605101585387,0.0
963,950,200.0,3576,1870.66,915456,0.3850516080856323,8574.84805908203,5667.31982421875,-0.0002891489421017468,0.3,0.0003,0.00011874596,35750,-1.1669088184833527,0.0
963,950,200.0,3577,1855.6,915712,0.4111958146095276,5458.1378173828125,1100.01806640625,-0.003866021311841905,0.3,0.0003,0.0040879017,35760,-1.3748514175415039,0.002734375
963,950,200.0,3578,1849.78,915968,0.22530436515808105,25339.40478515625,14439.390625,-0.0009215366444550455,0.3,0.0003,0.001001481,35770,-1.626030594110489,0.0
964,950,200.0,3579,1863.52,916224,0.6182419061660767,5984.23970336914,1853.6983642578125,-0.004402628447860479,0.3,0.0003,0.00486652,35780,-1.3333198010921479,0.00390625
964,950,200.0,3580,1874.25,916480,0.13329684734344482,26244.563818359376,9636.7548828125,0.00403220746666193,0.3,0.0003,0.001219728,35790,-1.460921484231949,0.0
964,950,200.0,3581,1868.89,916736,0.5606131553649902,5801.264849853515,2966.6484375,-0.0015511387959122659,0.3,0.0003,0.00087033794,35800,-1.2454731523990632,0.0
965,950,200.0,3582,1871.03,916992,0.5283458232879639,6328.03232421875,2026.5380859375,-0.002137492969632149,0.3,0.0003,0.0007996636,35810,-1.1577841877937316,0.0
965,950,200.0,3583,1856.29,917248,0.2754259705543518,16862.569677734376,9343.58984375,-0.003397425403818488,0.3,0.0003,0.001481754,35820,-1.3380501449108124,0.0
965,950,200.0,3584,1854.36,917504,0.5719188451766968,9758.160290527343,5436.94775390625,0.0015486082527786493,0.3,0.0003,0.0005334541,35830,-1.2376757442951203,0.0
965,950,200.0,3585,1862.63,917760,0.6625590324401855,4223.594256591797,1705.5711669921875,-0.002097807714017108,0.3,0.0003,0.0014533503,35840,-1.284930157661438,0.0
966,950,200.0,3586,1838.0,918016,0.43830472230911255,6999.524108886719,1515.3543701171875,-0.00045856754295527937,0.3,0.0003,0.0006389399,35850,-1.2243177950382234,0.0
966,950,200.0,3587,1834.97,918272,0.3046468496322632,16480.08156738281,3764.02197265625,-0.0013246321119368075,0.3,0.0003,0.00028114393,35860,-1.4033836424350739,0.0
966,950,200.0,3588,1839.25,918528,-0.5023356676101685,17184.410693359376,5510.5693359375,-9.91783570498228e-05,0.3,0.0003,0.00011250167,35870,-0.8835496425628662,0.0
966,950,200.0,3589,1838.86,918784,0.5957776308059692,4123.541094970703,2220.594970703125,-0.001015030301641673,0.3,0.0003,0.0014541028,35880,-1.3266484439373016,0.0
967,950,200.0,3590,1862.15,919040,-0.19199156761169434,21847.9236328125,8425.2265625,-0.0010862088412977756,0.3,0.0003,0.00010422454,35890,-1.4023767769336701,0.0
967,950,200.0,3591,1880.51,919296,0.3269972801208496,16016.158081054688,3800.81689453125,-0.00013732919469475747,0.3,0.0003,1.788023e-05,35900,-1.183271324634552,0.0
967,950,200.0,3592,1879.89,919552,0.21923500299453735,13557.496020507813,9744.28515625,-0.00010794680565595627,0.3,0.0003,2.0571984e-05,35910,-1.1813205003738403,0.0
968,950,200.0,3593,1875.93,919808,0.7279192209243774,3737.8862915039062,256.1069641113281,-0.004241363820619881,0.3,0.0003,0.00372031,35920,-1.3218459486961365,0.0015625
968,950,200.0,3594,1868.17,920064,0.5684452056884766,9144.212329101563,1449.1734619140625,-0.001420885045081377,0.3,0.0003,0.0037362317,35930,-1.0882163643836975,0.0046875
968,950,200.0,3595,1873.25,920320,0.0751921534538269,21482.087963867187,14099.826171875,-0.0021302519366145135,0.3,0.0003,0.00060430425,35940,-1.37291659116745,0.0
968,950,200.0,3596,1886.18,920576,0.3043460249900818,9688.293975830078,4781.271484375,-0.0007031759829260409,0.3,0.0003,0.00033466588,35950,-1.4275479376316071,0.0
969,950,200.0,3597,1878.87,920832,0.2036941647529602,18146.41650390625,9689.1220703125,-0.003254124347586185,0.3,0.0003,0.0013133048,35960,-1.385260707139969,0.0
969,950,200.0,3598,1894.17,921088,0.3660810589790344,19020.85983886719,7510.484375,0.0001449008530471474,0.3,0.0003,0.00039381185,35970,-1.5212143063545227,0.0
969,950,200.0,3599,1890.2,921344,0.6569796800613403,4785.477331542968,2760.606201171875,-0.0030681662959977985,0.3,0.0003,0.0028142037,35980,-1.2063125133514405,0.0
969,950,200.0,3600,1911.0,921600,0.7020696401596069,5612.932095336914,4340.755859375,-0.0017294751247391104,0.3,0.0003,0.0029534374,35990,-1.2096811771392821,0.0
970,950,200.0,3601,1910.66,921856,0.7156796455383301,3694.0734436035154,1173.803466796875,-0.004756970540620386,0.3,0.0003,0.007843979,36000,-1.3691642940044404,0.003125
970,950,200.0,3602,1894.65,922112,0.03230643272399902,9433.574035644531,2032.59130859375,0.00216270568780601,0.3,0.0003,0.0028839093,36010,-1.0845915138721467,0.00078125
970,950,200.0,3603,1896.98,922368,0.43937456607818604,7447.912072753907,4276.49951171875,-0.0008493190864101053,0.3,0.0003,0.00019167736,36020,-0.642635291814804,0.0
971,950,200.0,3604,1941.52,922624,0.6082578897476196,6538.077252197266,3701.338623046875,-0.005205507157370448,0.3,0.0003,0.00429565,36030,-1.3871391415596008,0.001953125
971,950,200.0,3605,1941.64,922880,0.5271137356758118,10488.249340820312,4420.90234375,-0.005397419212386012,0.3,0.0003,0.011796899,36040,-1.1688506960868836,0.0234375
971,950,200.0,3606,1943.43,923136,0.4112604856491089,7829.5001953125,2172.179931640625,-0.0036435726913623514,0.3,0.0003,0.0059452723,36050,-1.268999493122101,0.0015625
971,950,200.0,3607,1943.08,923392,0.4407685399055481,7307.615753173828,1280.5,-0.001439781580120325,0.3,0.0003,0.0040483633,36060,-1.293996626138687,0.000390625
972,950,200.0,3608,1919.99,923648,0.4559221863746643,6197.742468261718,3167.32080078125,-0.002799533354118466,0.3,0.0003,0.0027669754,36070,-1.4898494839668275,0.0
972,950,200.0,3609,1927.64,923904,0.5254414081573486,11129.206372070312,8345.666015625,-0.0016802681609988212,0.3,0.0003,0.003373662,36080,-1.3051526427268982,0.0
972,950,200.0,3610,1938.36,924160,0.6351370811462402,5198.025830078125,1665.4080810546875,-0.002527548000216484,0.3,0.0003,0.0025317403,36090,-1.3793886065483094,0.001171875
972,950,200.0,3611,1908.92,924416,0.503597617149353,7116.508837890625,2972.380615234375,0.0025689852656796573,0.3,0.0003,0.0011339923,36100,-1.3709769129753113,0.0
973,950,200.0,3612,1902.36,924672,0.5643793344497681,8972.295483398437,2459.0,-0.0015712747466750444,0.3,0.0003,0.00046923058,36110,-1.354741197824478,0.0
973,950,200.0,3613,1918.02,924928,0.6059890985488892,5803.629257202148,2577.888427734375,-0.0019052917370572687,0.3,0.0003,0.0029161393,36120,-1.5033423066139222,0.0
973,950,200.0,3614,1936.05,925184,0.5604007244110107,5816.277197265625,490.38818359375,-0.001751644746400416,0.3,0.0003,0.0007041597,36130,-1.3192275881767273,0.0
974,950,200.0,3615,1947.0,925440,0.5179847478866577,8666.68497314453,2133.007568359375,0.001134282920975238,0.3,0.0003,0.0019270196,36140,-1.4150622189044952,0.0
974,950,200.0,3616,1952.49,925696,0.5932108163833618,10500.114135742188,1717.5252685546875,-0.0050640258938074115,0.3,0.0003,0.0071407217,36150,-1.3067553341388702,0.009765625
974,950,200.0,3617,1949.84,925952,0.5290238261222839,7797.891760253906,2587.261474609375,-0.0004834418883547187,0.3,0.0003,0.002741325,36160,-1.3890410959720612,0.0
974,950,200.0,3618,1950.06,926208,0.5159105062484741,7398.2884765625,1364.79541015625,-0.00046764990547671915,0.3,0.0003,0.00042463513,36170,-1.4309985101222993,0.0
975,950,200.0,3619,1926.24,926464,0.4359252452850342,14704.115478515625,7505.73388671875,-0.0007043355610221625,0.3,0.0003,0.00019552535,36180,-1.3436514675617217,0.0
975,950,200.0,3620,1907.7,926720,0.5938601493835449,4580.293980407715,2285.734375,-0.005741523229517043,0.3,0.0003,0.003467744,36190,-1.447460800409317,0.00234375
975,950,200.0,3621,1931.98,926976,0.7038439512252808,5264.9573974609375,1092.3780517578125,-0.006084424955770373,0.3,0.0003,0.014888687,36200,-1.2983323395252229,0.017578125
975,950,200.0,3622,1935.39,927232,0.5546882152557373,7052.5108642578125,3969.3837890625,0.001140131033025682,0.3,0.0003,0.0036459428,36210,-1.3723896145820618,0.008203125
976,950,200.0,3623,1916.13,927488,0.21555298566818237,21095.245263671874,11959.5986328125,-5.248619709163904e-05,0.3,0.0003,0.00016523036,36220,-1.2599314987659453,0.0
976,950,200.0,3624,1933.97,927744,0.8086303472518921,3946.8128967285156,2056.922119140625,-0.004873735411092639,0.3,0.0003,0.008446243,36230,-0.8937374383211136,0.027734375
976,950,200.0,3625,1938.77,928000,0.25533419847488403,14297.38388671875,3312.138427734375,-0.004447870259173215,0.3,0.0003,0.0028793921,36240,-1.4184831142425538,0.0
977,950,200.0,3626,1937.12,928256,0.5664856433868408,7609.946496582032,2625.652099609375,-0.0018745372770354151,0.3,0.0003,0.0013062498,36250,-1.360538250207901,0.0
977,950,200.0,3627,1935.63,928512,0.2783851623535156,21506.228662109374,11610.83984375,-0.0007412318140268326,0.3,0.0003,0.0002508834,36260,-1.5498746931552887,0.0
977,950,200.0,3628,1935.38,928768,0.5285298824310303,7433.180883789062,1331.2923583984375,-0.0029832472559064628,0.3,0.0003,0.00343858,36270,-1.4283938705921173,0.000390625
977,950,200.0,3629,1941.82,929024,0.6389871835708618,5426.005651855468,3564.6884765625,-0.0027997616096399726,0.3,0.0003,0.0048773494,36280,-1.3399022042751312,0.003125
978,950,200.0,3630,1937.28,929280,0.5481131076812744,13218.631689453125,4408.990234375,-0.00015212353318929672,0.3,0.0003,0.003270468,36290,-1.4232988059520721,0.006640625
978,950,200.0,3631,1920.08,929536,0.2684181332588196,9785.91875,2773.69921875,-0.00033730652648955584,0.3,0.0003,0.00011551706,36300,-1.2425591707229615,0.0
978,950,200.0,3632,1916.78,929792,0.4323394298553467,9782.108227539062,5206.95947265625,-0.0007953445659950375,0.3,0.0003,0.0001829185,36310,-0.7924243003129959,0.0
978,950,200.0,3633,1943.07,930048,0.00631558895111084,26232.00009765625,4609.3681640625,-0.0007938414812088013,0.3,0.0003,8.135312e-05,36320,-1.5092987716197968,0.0
979,950,200.0,3634,1940.74,930304,0.5999144911766052,10313.636987304688,4532.5849609375,-0.006330133182927966,0.3,0.0003,0.004606706,36330,-1.3116151332855224,0.00234375
979,949,200.0,3635,1945.17,930560,0.17587608098983765,11317.998803710938,3544.212646484375,-0.0020311330212280155,0.3,0.0003,0.0036523726,36340,-1.4790688574314117,0.001171875
979,949,200.0,3636,1929.84,930816,0.30160844326019287,11078.072924804688,5305.6669921875,-0.006566750281490385,0.3,0.0003,0.01247121,36350,-1.3317626297473908,0.0109375
980,949,200.0,3637,1919.26,931072,0.6868393421173096,6469.687438964844,2503.686279296875,-0.0006425331812351942,0.3,0.0003,0.0019724234,36360,-1.286132526397705,0.0
980,949,200.0,3638,1908.09,931328,0.46281659603118896,6590.404125976563,1779.4925537109375,-0.003981748106889426,0.3,0.0003,0.0061866893,36370,-1.3467905163764953,0.00234375
980,949,200.0,3639,1906.75,931584,0.10433799028396606,19386.72734375,4914.42431640625,-0.00015143456403166056,0.3,0.0003,0.0013102037,36380,-1.4375359117984772,0.0
980,949,200.0,3640,1928.46,931840,0.5910933017730713,6753.597387695312,1148.6866455078125,-0.002416391117731109,0.3,0.0003,0.0010697679,36390,-1.3525594770908356,0.0
981,949,200.0,3641,1930.85,932096,0.5544776320457458,9900.187622070312,5495.71533203125,-0.0015934762661345303,0.3,0.0003,0.0018241357,36400,-1.212340533733368,0.0
981,949,200.0,3642,1927.91,932352,0.3627026677131653,10516.079345703125,5402.0615234375,-0.0007919867639429867,0.3,0.0003,0.0006138326,36410,-1.2351186573505402,0.0
981,949,200.0,3643,1947.07,932608,0.6500697731971741,6042.46337890625,2032.0655517578125,-0.0058445572853088375,0.3,0.0003,0.0059364354,36420,-1.274822461605072,0.0109375
982,949,200.0,3644,1931.32,932864,0.43971025943756104,7500.070910644531,3130.595458984375,-0.0023125180508941413,0.3,0.0003,0.0026810423,36430,-1.1979015588760376,0.0
982,949,200.0,3645,1915.66,933120,0.19249022006988525,25349.57587890625,11257.330078125,-0.0023621361469849944,0.3,0.0003,0.0015935809,36440,-1.3549622535705566,0.0
982,949,200.0,3646,1929.44,933376,0.7366657257080078,4475.529995727539,2882.9873046875,-0.0036118957737926393,0.3,0.0003,0.011575162,36450,-1.2591367542743683,0.01640625
982,949,200.0,3647,1933.69,933632,0.5956918001174927,4650.784143066407,2882.778564453125,-0.0019728038692846893,0.3,0.0003,0.004811438,36460,-1.2255906224250794,0.005078125
983,949,200.0,3648,1944.93,933888,0.5385660529136658,10745.400463867187,3908.17919921875,-0.0012446389533579349,0.3,0.0003,0.0015921621,36470,-1.38068488240242,0.0
983,949,200.0,3649,1918.52,934144,0.3956065773963928,12793.689074707032,7982.6513671875,-0.006129164737649262,0.3,0.0003,0.004508244,36480,-1.3536402881145477,0.00546875
983,949,200.0,3650,1933.27,934400,0.7194968461990356,5551.954733276367,4558.22509765625,-0.001412566495127976,0.3,0.0003,0.0022759924,36490,-1.2684783339500427,0.00390625
984,949,200.0,3651,1941.1,934656,0.4181201457977295,7768.707592773438,6294.224609375,-0.004754521243739873,0.3,0.0003,0.007994251,36500,-1.3381237924098968,0.008984375
984,949,200.0,3652,1929.34,934912,0.18514859676361084,9924.492797851562,2886.30029296875,-0.0026954824395943435,0.3,0.0003,0.006662257,36510,-1.4671204030513763,0.00625
984,949,200.0,3653,1927.88,935168,0.1587727665901184,13920.37783203125,7361.32080078125,-0.003358509507961571,0.3,0.0003,0.0013717234,36520,-1.448536902666092,0.00078125
984,949,200.0,3654,1933.03,935424,0.6424319744110107,4838.232666015625,1558.3082275390625,-0.0013171343831345438,0.3,0.0003,0.0009728824,36530,-1.376665997505188,0.0
985,949,200.0,3655,1932.46,935680,0.6010130643844604,10756.4720703125,7806.38232421875,-0.0022612939632381313,0.3,0.0003,0.0025920107,36540,-1.2380778789520264,0.0
985,949,200.0,3656,1940.75,935936,0.644759476184845,4641.001907348633,2615.365234375,-0.0036412284709513186,0.3,0.0003,0.0040341606,36550,-1.3220966577529907,0.001171875
985,949,200.0,3657,1934.58,936192,0.6379464864730835,4678.588653564453,2670.4599609375,-0.0017233861843124032,0.3,0.0003,0.0019474546,36560,-1.198854398727417,0.0
985,949,200.0,3658,1933.61,936448,0.47967004776000977,11240.378747558594,9507.2080078125,-0.0012573456624522805,0.3,0.0003,0.0017386135,36570,-1.1767069756984712,0.0
986,949,200.0,3659,1937.0,936704,0.6324296593666077,9589.252124023438,4871.70458984375,-0.0025851802434772252,0.3,0.0003,0.0030384546,36580,-1.282685601711273,0.0
986,949,200.0,3660,1937.09,936960,0.3647870421409607,8028.6458984375,4329.07373046875,-0.0005079173715785146,0.3,0.0003,0.0023776458,36590,-1.2442796409130097,0.001953125
986,949,200.0,3661,1935.58,937216,0.23544079065322876,9368.522644042969,5497.70263671875,3.853804664686322e-05,0.3,0.0003,0.00035748933,36600,-1.104250431060791,0.0
987,949,200.0,3662,1953.2,937472,0.43678057193756104,13326.584545898437,6168.06982421875,-0.0002805587602779269,0.3,0.0003,7.320265e-05,36610,-1.2805674970149994,0.0
987,949,200.0,3663,1951.07,937728,0.7470879554748535,3669.16003112793,1136.066650390625,-0.002103291836101562,0.3,0.0003,0.0020937622,36620,-1.277375990152359,0.0
987,949,200.0,3664,1953.23,937984,0.2543523907661438,17376.64365234375,6713.0625,-0.000796657323371619,0.3,0.0003,0.00075800647,36630,-1.4209740161895752,0.0
987,949,200.0,3665,1958.7,938240,0.5725502967834473,6821.848217773438,3712.998291015625,-0.0020813697017729284,0.3,0.0003,0.0011308393,36640,-1.351726734638214,0.0
988,949,200.0,3666,1956.12,938496,0.47153139114379883,12575.46201171875,7271.154296875,0.0010263547068461777,0.3,0.0003,0.00018528942,36650,-1.00549655854702,0.0
988,949,200.0,3667,1964.18,938752,0.6124266386032104,6278.062362670898,273.4512023925781,-0.006615886942017824,0.3,0.0003,0.0057621356,36660,-1.4758538603782654,0.009375
988,949,200.0,3668,1961.04,939008,0.5467177629470825,6169.202844238282,2084.467041015625,-0.0031257918337360023,0.3,0.0003,0.0023251032,36670,-1.2847803115844727,0.0
989,949,200.0,3669,1943.01,939264,0.47469162940979004,19859.344970703125,8144.32421875,-0.0010330755729228258,0.3,0.0003,0.0012576571,36680,-1.3180639266967773,0.0
989,949,200.0,3670,1938.48,939520,0.12363708019256592,17800.479248046875,7797.357421875,-0.001410420995671302,0.3,0.0003,0.00048670615,36690,-1.224848860502243,0.0
989,949,200.0,3671,1961.15,939776,0.49170535802841187,8214.377368164063,4722.119140625,-0.0007110295468010008,0.3,0.0003,0.0007134117,36700,-1.3500025808811187,0.0
989,949,200.0,3672,1959.4,940032,0.7245388627052307,3966.4092498779296,1957.7366943359375,-0.005751794180832803,0.3,0.0003,0.0064136013,36710,-1.319139987230301,0.001953125
990,949,200.0,3673,1953.41,940288,0.45171672105789185,15923.318212890625,7571.55810546875,-0.006455481029115617,0.3,0.0003,0.0076158885,36720,-1.3251808285713196,0.006640625
990,949,200.0,3674,1936.32,940544,-0.5692601203918457,27896.386328125,13486.4912109375,0.00032656670082360507,0.3,0.0003,0.00097355456,36730,-1.1852299392223358,0.0
990,949,200.0,3675,1938.27,940800,-0.27009260654449463,23012.124267578125,7139.626953125,-0.0006516090244986117,0.3,0.0003,0.00022099027,36740,-1.029282385110855,0.0
990,949,200.0,3676,1937.47,941056,0.07257246971130371,13632.130834960937,3954.733154296875,-0.0009561535669490695,0.3,0.0003,0.0001193881,36750,-1.3417621374130249,0.0
991,949,200.0,3677,1931.89,941312,0.03499126434326172,22876.370068359374,6212.244140625,-0.00029063327237963674,0.3,0.0003,9.301002e-05,36760,-1.1996570765972137,0.0
991,949,200.0,3678,1915.87,941568,0.2970893383026123,10195.604125976562,5392.52392578125,-0.0001945129653904587,0.3,0.0003,1.6436446e-05,36770,-1.5212344586849214,0.0
991,949,200.0,3679,1910.59,941824,0.4554833769798279,7180.637561035156,2793.699951171875,-0.0005167233292013406,0.3,0.0003,0.0001781371,36780,-1.3540751814842225,0.0
992,949,200.0,3680,1936.2,942080,0.5903208255767822,9808.151062011719,6089.31787109375,-1.9252998754382133e-05,0.3,0.0003,2.8462382e-05,36790,-1.217878556251526,0.0
992,949,200.0,3681,1939.28,942336,0.5456074476242065,6864.485852050781,5026.6640625,-0.0022249329485930502,0.3,0.0003,0.0011384003,36800,-1.1425628423690797,0.0
992,949,200.0,3682,1933.43,942592,0.41266459226608276,7500.677404785156,5124.3154296875,-0.002156093355733901,0.3,0.0003,0.0018158962,36810,-1.2357953429222106,0.0
992,949,200.0,3683,1918.74,942848,0.7052329778671265,3506.041876220703,1404.1451416015625,-0.00189828856382519,0.3,0.0003,0.0015970638,36820,-1.4460077345371247,0.0
993,949,200.0,3684,1913.19,943104,0.481021523475647,11935.225927734375,6574.83642578125,-0.000935968745034188,0.3,0.0003,0.0019021572,36830,-1.2617925107479095,0.0
993,949,200.0,3685,1913.72,943360,0.11445164680480957,16308.425427246093,5134.7294921875,-0.001926200557500124,0.3,0.0003,0.00065335166,36840,-1.1096348881721496,0.0
993,949,200.0,3686,1912.85,943616,0.3778061270713806,7677.480786132813,2611.48583984375,-0.0003034485096577555,0.3,0.0003,0.0002941934,36850,-1.3690595984458924,0.0
994,949,200.0,3687,1897.21,943872,0.3423113226890564,27199.34208984375,14680.568359375,-0.0005382745992392301,0.3,0.0003,7.8188954e-05,36860,-1.069289118051529,0.0
994,949,200.0,3688,1890.51,944128,0.4857724905014038,7717.143505859375,3395.80517578125,-0.00024794983910396694,0.3,0.0003,0.00018381001,36870,-1.1591074228286744,0.0
994,949,200.0,3689,1891.11,944384,0.20624792575836182,16298.005249023438,3060.849609375,-0.0031722363317385318,0.3,0.0003,0.0012138479,36880,-1.391960084438324,0.0
994,949,200.0,3690,1914.28,944640,0.44672083854675293,7864.926000976562,3346.039306640625,-0.00013210356701165438,0.3,0.0003,0.0004973472,36890,-1.305988174676895,0.0
995,949,200.0,3691,1902.18,944896,0.38896501064300537,17632.814697265625,11949.4619140625,-0.002381678484380245,0.3,0.0003,0.00046662986,36900,-1.4342311561107635,0.0
995,949,200.0,3692,1883.82,945152,0.4319242835044861,7316.269970703125,1977.634521484375,-0.0023362111300230027,0.3,0.0003,0.0018712294,36910,-1.4383246421813964,0.0
995,949,200.0,3693,1872.29,945408,0.24025440216064453,8691.49169921875,3763.939697265625,-0.0013603421859443188,0.3,0.0003,0.0031563402,36920,-1.3222424328327178,0.00078125
995,949,200.0,3694,1865.03,945664,0.33962810039520264,15101.642065429687,6312.74609375,-0.00029345015063881875,0.3,0.0003,9.230687e-05,36930,-1.3177620708942412,0.0
996,949,200.0,3695,1880.97,945920,0.6124361157417297,5933.867517089844,4397.3359375,-0.0031130597926676273,0.3,0.0003,0.0026406117,36940,-1.2741208374500275,0.000390625
996,949,200.0,3696,1869.2,946176,0.5393835306167603,6380.694775390625,3287.2822265625,-0.0035897543421015143,0.3,0.0003,0.0054853708,36950,-1.1617006838321686,0.0125
996,949,200.0,3697,1898.04,946432,-0.26284241676330566,23567.80859375,13656.6962890625,-0.0022472134325653313,0.3,0.0003,0.0014655108,36960,-1.4126976668834685,0.0
997,949,200.0,3698,1901.0,946688,0.3867378234863281,13437.732592773438,5942.21630859375,-4.237017128616571e-06,0.3,0.0003,0.00019454095,36970,-1.2460921466350556,0.0
997,949,200.0,3699,1900.82,946944,0.3878610134124756,14414.30166015625,5385.74072265625,-0.0008661611471325159,0.3,0.0003,0.0002149702,36980,-1.1110792815685273,0.0
997,949,200.0,3700,1892.55,947200,0.6029596924781799,5315.6806915283205,1776.4537353515625,-0.002467857114970684,0.3,0.0003,0.0037260135,36990,-1.4250489711761474,0.00078125
997,949,200.0,3701,1906.76,947456,0.3752185106277466,10282.402850341798,5472.12939453125,-0.00330953320953995,0.3,0.0003,0.002841864,37000,-1.4602173030376435,0.001171875
998,949,200.0,3702,1908.72,947712,0.6838532090187073,8693.138061523438,5645.0087890625,-0.0012925275485031306,0.3,0.0003,0.0005323,37010,-1.3771652102470398,0.0
998,949,200.0,3703,1906.31,947968,0.6060932874679565,5727.932202148438,2279.77099609375,-0.0021314375568181275,0.3,0.0003,0.00072566,37020,-1.3756369411945344,0.0
998,949,200.0,3704,1913.48,948224,0.499178409576416,6027.380395507813,3123.07861328125,-0.0023917418788187207,0.3,0.0003,0.0031861193,37030,-1.4306015133857728,0.0
999,949,200.0,3705,1912.3,948480,0.6130824089050293,8357.12216796875,4136.62548828125,-0.0014064944465644658,0.3,0.0003,0.00092190015,37040,-1.3515282928943635,0.0
999,949,200.0,3706,1911.73,948736,0.7420942783355713,4211.453149414063,2995.910400390625,-0.0012717420817352832,0.3,0.0003,0.0009831998,37050,-1.3576015114784241,0.0
999,949,200.0,3707,1911.87,948992,0.6496129035949707,4937.080453491211,1729.7396240234375,-0.005740413046441972,0.3,0.0003,0.012672008,37060,-1.2428517162799835,0.023828125
999,949,200.0,3708,1938.57,949248,0.5938090085983276,5570.560729980469,3436.1025390625,-0.007589425216428936,0.3,0.0003,0.0082388995,37070,-1.295602059364319,0.0078125
1000,949,200.0,3709,1954.85,949504,0.5342377424240112,10936.900390625,6066.81640625,-0.0028588836081326007,0.3,0.0003,0.0037399912,37080,-1.1736339628696442,0.003515625
1000,949,200.0,3710,1956.82,949760,0.5438257455825806,5819.014096069336,1467.859375,-0.0018020618474110961,0.3,0.0003,0.0018095963,37090,-1.2906886339187622,0.001171875
1000,949,200.0,3711,1943.85,950016,0.7253376245498657,5215.547955322266,2689.46875,-0.0030752342194318772,0.3,0.0003,0.002943462,37100,-1.11577650308609,0.00234375
1000,949,200.0,3712,1949.98,950272,0.4549052119255066,14883.884130859375,3328.053466796875,-0.006773946573957801,0.3,0.0003,0.0019356557,37110,-1.4014121115207672,0.0015625
1001,949,200.0,3713,1970.34,950528,0.44709640741348267,10201.07764892578,2832.385009765625,-0.002855825435835868,0.3,0.0003,0.00088094804,37120,-1.3069295823574065,0.0
1001,949,200.0,3714,1977.37,950784,0.5418871641159058,6900.599450683594,3316.906494140625,-0.007412886270321906,0.3,0.0003,0.00874551,37130,-1.272807961702347,0.007421875
1001,949,200.0,3715,1997.59,951040,0.48930948972702026,6372.6331787109375,3131.021484375,-0.0001345770200714469,0.3,0.0003,0.0020047263,37140,-1.2901913285255433,0.0
1002,949,200.0,3716,1995.47,951296,0.3289039134979248,15238.737524414062,8503.052734375,-0.0008704292820766568,0.3,0.0003,0.00040428224,37150,-1.103044682741165,0.0
1002,949,200.0,3717,2000.7,951552,0.5048198699951172,6520.674792480469,2526.476806640625,-0.00040789132472127674,0.3,0.0003,0.00013736961,37160,-1.3560561776161193,0.0
1002,949,200.0,3718,1980.82,951808,0.5329067707061768,7252.987243652344,2847.129150390625,-0.0007071192841976881,0.3,0.0003,0.00013672165,37170,-0.8773337721824646,0.0
1002,949,200.0,3719,1998.52,952064,0.664460301399231,9273.0212890625,5163.87353515625,-0.0006127365631982684,0.3,0.0003,0.00024568546,37180,-0.9634438753128052,0.0
1003,949,200.0,3720,2005.66,952320,0.7329027056694031,3821.098284912109,3261.7578125,-0.0074493152555078265,0.3,0.0003,0.0060721794,37190,-1.224773907661438,0.005078125
1003,949,200.0,3721,1990.14,952576,0.6275731325149536,5148.667095947266,2773.460693359375,-0.002220027399016544,0.3,0.0003,0.008352624,37200,-1.4104645788669585,0.018359375
1003,949,200.0,3722,1987.27,952832,0.7048666477203369,4693.124304199218,1193.16357421875,-0.003163665672764182,0.3,0.0003,0.005632788,37210,-1.2622429192066194,0.00234375
1003,949,200.0,3723,1985.25,953088,0.08749443292617798,24846.32255859375,11152.7783203125,-0.003917769808322191,0.3,0.0003,0.0033688762,37220,-1.2797033965587616,0.0
1004,949,200.0,3724,1973.66,953344,0.2571052312850952,9332.384985351562,3533.554443359375,-0.0004130579996854067,0.3,0.0003,0.000695477,37230,-1.1768838763237,0.0
1004,949,200.0,3725,1960.76,953600,-0.19960355758666992,21021.6294921875,10273.8486328125,-0.0024498230777680874,0.3,0.0003,0.0019904925,37240,-1.3035712361335754,0.001171875
1004,949,200.0,3726,1948.78,953856,0.23517966270446777,7927.1790771484375,1507.8375244140625,0.00025606299750506877,0.3,0.0003,0.00010809861,37250,-1.1423080623149873,0.0
1005,949,200.0,3727,1970.76,954112,0.5582919120788574,8713.463696289062,2661.8359375,-0.0020621448289602994,0.3,0.0003,0.0021932058,37260,-1.2018161833286285,0.0
1005,949,200.0,3728,1956.03,954368,0.6659871339797974,7235.731616210937,3296.025146484375,-0.0026463661633897573,0.3,0.0003,0.009838173,37270,-1.116213196516037,0.01796875
1005,949,200.0,3729,1956.57,954624,0.5738086700439453,5483.956823730468,1183.73974609375,-0.005466869869269431,0.3,0.0003,0.008782599,37280,-1.2823780059814454,0.008203125
1005,949,200.0,3730,1975.39,954880,0.49045509099960327,11229.163989257813,4884.69580078125,-0.00046156860189512373,0.3,0.0003,0.0016051526,37290,-1.3951565742492675,0.0
1006,949,200.0,3731,1985.08,955136,0.689598798751831,4352.950567626953,1981.6173095703125,-0.002146835275925696,0.3,0.0003,0.0014221014,37300,-1.2846209108829498,0.0
1006,949,200.0,3732,1990.7,955392,0.6224802732467651,5332.373754882812,2218.97998046875,-0.0009720314061269164,0.3,0.0003,0.0010132059,37310,-1.1658900141716004,0.0
1006,949,200.0,3733,1985.63,955648,-0.04878699779510498,20535.8232421875,10600.689453125,-0.0008290124358609318,0.3,0.0003,0.0007766844,37320,-1.210300475358963,0.0
1007,949,200.0,3734,1990.89,955904,0.655745267868042,8792.777160644531,4511.55810546875,-0.0033730053808540108,0.3,0.0003,0.0035250592,37330,-1.2111606299877167,0.001171875
1007,949,200.0,3735,1985.54,956160,0.544766902923584,6629.208972167969,4623.333984375,-0.0051799935870803894,0.3,0.0003,0.0095960405,37340,-1.1248301059007644,0.018359375
1007,949,200.0,3736,1976.94,956416,0.597292423248291,4821.746752929687,2155.144287109375,-0.00027867784374393525,0.3,0.0003,0.0010941552,37350,-1.2615937054157258,0.0
1007,949,200.0,3737,1977.0,956672,0.37638598680496216,19296.941455078126,9269.18359375,-0.0009129769168794155,0.3,0.0003,0.00060913037,37360,-1.0598329603672028,0.0
1008,949,200.0,3738,1974.22,956928,0.723738968372345,4529.823266601563,2496.00341796875,-0.010556959186214954,0.3,0.0003,0.017363321,37370,-1.161494153738022,0.025
1008,949,200.0,3739,1988.52,957184,0.6780011653900146,5308.296435546875,1866.4921875,-0.003480788948945701,0.3,0.0003,0.003975331,37380,-1.271610963344574,0.00234375
1008,949,200.0,3740,2003.99,957440,0.575096070766449,6080.85326538086,1069.3603515625,-0.001512870762962848,0.3,0.0003,0.0033110825,37390,-0.99263995885849,0.001171875
1008,949,200.0,3741,2005.42,957696,0.5597530603408813,10726.636254882813,6882.33251953125,-0.002643571444787085,0.3,0.0003,0.0038171625,37400,-1.0498990803956985,0.001171875
1009,949,200.0,3742,1999.47,957952,0.5237682461738586,6213.871765136719,4229.2626953125,6.879436550661921e-05,0.3,0.0003,0.0013622495,37410,-1.3535384118556977,0.0
1009,949,200.0,3743,2009.98,958208,0.2433004379272461,9777.115185546874,4376.19580078125,-9.900896111503243e-05,0.3,0.0003,4.0146057e-05,37420,-1.1353125095367431,0.0
1009,949,200.0,3744,2012.43,958464,-0.15375900268554688,26587.9388671875,16788.87109375,-0.0011754477163776755,0.3,0.0003,0.00022170553,37430,-1.2697534024715424,0.0
1010,949,200.0,3745,2004.24,958720,0.15683209896087646,20185.613891601562,11281.7412109375,-0.0005016917828470468,0.3,0.0003,0.00020383135,37440,-1.2398178815841674,0.0
1010,949,200.0,3746,1993.3,958976,-0.08948230743408203,22267.951416015625,11014.10546875,-0.0043957311194390055,0.3,0.0003,0.0014374135,37450,-1.276239025592804,0.0
1010,949,200.0,3747,1995.79,959232,0.1451653242111206,16739.547900390626,10162.96484375,-0.0016935322433710097,0.3,0.0003,0.0004271369,37460,-1.2650228500366212,0.0
1010,949,200.0,3748,1996.22,959488,0.38404345512390137,14151.481274414062,5392.640625,0.000158561032731086,0.3,0.0003,0.0003523964,37470,-1.172931730747223,0.0
1011,949,200.0,3749,1998.86,959744,0.5369316339492798,8170.597546386719,3361.010498046875,-0.0036903226049616934,0.3,0.0003,0.0025109758,37480,-1.0334187895059586,0.0
1011,949,200.0,3750,2027.74,960000,0.6939526200294495,4148.541772460938,1900.748779296875,-0.0010442003142088652,0.3,0.0003,0.0002996081,37490,-1.1225008487701416,0.0
1011,949,200.0,3751,2027.72,960256,0.6308429837226868,5248.381292724609,3037.626953125,-0.0034129083389416335,0.3,0.0003,0.0029168387,37500,-1.1395090997219086,0.001171875
1011,949,200.0,3752,2050.04,960512,0.7154968976974487,7904.675073242188,4353.2294921875,0.0001380253117531538,0.3,0.0003,0.0009889526,37510,-1.0865828931331634,0.0
1012,949,200.0,3753,2062.67,960768,0.6789984703063965,4738.461804199219,1738.9893798828125,-0.002710873051546514,0.3,0.0003,0.00073418,37520,-1.134277528524399,0.000390625
1012,949,200.0,3754,2063.89,961024,0.2438468337059021,12475.922534179688,5388.271484375,-0.004471694817766547,0.3,0.0003,0.002249583,37530,-1.0689668893814086,0.00078125
1012,949,200.0,3755,2075.51,961280,0.5888881683349609,9910.484130859375,6459.40087890625,-0.003699971013702452,0.3,0.0003,0.0030976573,37540,-1.106529062986374,0.003125
1013,949,200.0,3756,2072.65,961536,0.12151318788528442,18871.56083984375,7635.927734375,-0.004417482181452215,0.3,0.0003,0.0021026614,37550,-1.066993048787117,0.000390625
1013,949,200.0,3757,2091.47,961792,0.7255563139915466,5256.115942382812,1336.6292724609375,-0.004140914394520223,0.3,0.0003,0.0045584952,37560,-1.1818763613700867,0.00390625
1013,949,200.0,3758,2105.31,962048,0.4199407696723938,13567.32109375,8895.1962890625,-0.0034580614883452654,0.3,0.0003,0.004925197,37570,-1.2190390706062317,0.003515625
1013,949,200.0,3759,2104.98,962304,0.6162425875663757,9121.150695800781,3453.4208984375,-0.0025813529267907144,0.3,0.0003,0.004107651,37580,-1.088870644569397,0.001171875
1014,949,200.0,3760,2088.58,962560,0.2547614574432373,10126.497265625,4195.173828125,-0.0022135182516649365,0.3,0.0003,0.0027762086,37590,-1.0552193582057954,0.00234375
1014,949,200.0,3761,2091.61,962816,0.697680652141571,3662.598098754883,291.2226867675781,-0.0005014436319470406,0.3,0.0003,0.0008533094,37600,-0.9010200560092926,0.0
1014,949,200.0,3762,2099.77,963072,0.714452862739563,6960.936779785156,6029.185546875,-0.0007263466017320752,0.3,0.0003,0.0009582066,37610,-1.0792441964149475,0.0
1014,949,200.0,3763,2100.17,963328,0.33992135524749756,7917.3133544921875,1703.731201171875,-0.0016106733586639167,0.3,0.0003,0.0129194185,37620,-1.1575983762741089,0.023046875
1015,949,200.0,3764,2093.19,963584,0.3849800229072571,9672.209790039062,3352.27490234375,-0.0021574066719040274,0.3,0.0003,0.00080193486,37630,-0.96717971265316,0.0
1015,949,200.0,3765,2118.41,963840,0.5801132917404175,7055.316723632813,2274.52490234375,-0.0006242231698706746,0.3,0.0003,0.00016185897,37640,-1.1177348256111146,0.0
1015,949,200.0,3766,2119.5,964096,0.4103832244873047,12742.331298828125,4688.4970703125,-0.000726080103777349,0.3,0.0003,0.0033831864,37650,-1.080928984284401,0.00078125
1015,949,200.0,3767,2116.66,964352,0.5796860456466675,6269.1568603515625,1939.0382080078125,-0.00013434932334348558,0.3,0.0003,0.00027093454,37660,-1.2955319821834563,0.0
1016,949,200.0,3768,2087.83,964608,0.31222838163375854,10274.989428710938,5780.638671875,-0.00047735855914652345,0.3,0.0003,5.599251e-05,37670,-1.2138909578323365,0.0
1016,949,200.0,3769,2086.53,964864,0.6080639958381653,10237.474194335937,4686.74365234375,-0.000556946569122374,0.3,0.0003,9.024236e-05,37680,-1.293180376291275,0.0
1016,949,200.0,3770,2088.67,965120,0.026031315326690674,12033.728564453126,4950.5888671875,-0.0010576427681371569,0.3,0.0003,0.0014575226,37690,-1.039279755949974,0.0
1017,949,200.0,3771,2088.96,965376,0.3972311019897461,8720.402783203124,6828.86083984375,5.02997194416821e-05,0.3,0.0003,4.322687e-05,37700,-1.0682398289442063,0.0
1017,949,200.0,3772,2092.4,965632,0.36428219079971313,7291.3009033203125,1215.117919921875,-9.972386760637164e-05,0.3,0.0003,1.652143e-05,37710,-1.1715359389781952,0.0
1017,949,200.0,3773,2097.17,965888,0.329251766204834,15122.92265625,8839.8828125,-0.0002578369341790676,0.3,0.0003,8.792593e-05,37720,-1.1301786363124848,0.0
1017,949,200.0,3774,2095.8,966144,0.48046690225601196,7138.875305175781,5343.16064453125,-0.0004400378558784723,0.3,0.0003,0.00012976397,37730,-1.1425381302833557,0.0
1018,949,200.0,3775,2077.72,966400,0.4031553864479065,8271.002001953126,2227.243896484375,-0.0021931675379164516,0.3,0.0003,0.00071764435,37740,-1.3959833562374115,0.0
1018,949,200.0,3776,2077.36,966656,0.5186136960983276,5711.815270996094,2665.972412109375,-0.002251342451199889,0.3,0.0003,0.0025407798,37750,-1.4187285542488097,0.0
1018,949,200.0,3777,2094.53,966912,0.3967217803001404,17208.69404296875,7603.71875,-0.0035529865184798838,0.3,0.0003,0.0048212437,37760,-1.2048634052276612,0.00625
1018,949,200.0,3778,2096.63,967168,0.7009226083755493,4557.073748779297,3379.257080078125,-0.0018109688069671392,0.3,0.0003,0.0017141812,37770,-1.227346694469452,0.0
1019,949,200.0,3779,2093.04,967424,0.4347163438796997,8119.734533691406,1620.109619140625,-0.0010502254823222756,0.3,0.0003,0.001479551,37780,-1.2840008378028869,0.001953125
1019,949,200.0,3780,2077.66,967680,0.09188282489776611,21676.245849609375,10060.388671875,-0.006842950824648142,0.3,0.0003,0.0024520424,37790,-1.2963467419147492,0.000390625
1019,949,200.0,3781,2082.09,967936,0.18810796737670898,24300.362451171874,13491.314453125,-0.001012210361659527,0.3,0.0003,0.00072264415,37800,-1.1162725031375884,0.0
1019,949,200.0,3782,2097.81,968192,0.5492889881134033,7381.51953125,3086.283203125,-0.0016722065163776278,0.3,0.0003,0.0044171386,37810,-1.2114675700664521,0.0015625
1020,949,200.0,3783,2086.94,968448,0.299583375453949,18512.045654296875,6902.6845703125,0.0006217685528099537,0.3,0.0003,0.0007992578,37820,-1.2962502360343933,0.0
1020,949,200.0,3784,2074.26,968704,-0.004813551902770996,27107.45830078125,12490.9658203125,-0.003295700903981924,0.3,0.0003,0.0013194841,37830,-1.1410774886608124,0.0
1020,949,200.0,3785,2045.94,968960,0.2440999150276184,15758.049926757812,8263.044921875,-0.0012774136965163052,0.3,0.0003,0.00022600335,37840,-1.2844221115112304,0.0
1021,949,200.0,3786,2027.21,969216,0.3097388744354248,9326.955767822266,912.1771240234375,0.00011109639890491963,0.3,0.0003,3.6380487e-05,37850,-1.1405273854732514,0.0
1021,949,200.0,3787,2034.66,969472,0.2922787070274353,12309.823901367188,5005.23095703125,-0.00038648659829050304,0.3,0.0003,0.00010041357,37860,-1.2363553404808045,0.0
1021,949,200.0,3788,2028.83,969728,0.4050407409667969,12187.900732421875,8880.197265625,-0.0008949753479100764,0.3,0.0003,0.00022888207,37870,-1.214261656999588,0.0
1021,949,200.0,3789,2018.77,969984,0.530388355255127,7071.423608398438,2933.647705078125,-0.0010074646677821874,0.3,0.0003,0.00019002683,37880,-1.3561795592308044,0.0
1022,949,200.0,3790,2023.42,970240,0.4866939187049866,11828.556494140625,5446.93310546875,-0.00018490335205569863,0.3,0.0003,0.00033339113,37890,-1.0292756795883178,0.0
1022,949,200.0,3791,2002.82,970496,0.2565652132034302,19712.058056640624,7332.68408203125,-0.00019842712208628654,0.3,0.0003,5.0158473e-05,37900,-1.1086693197488784,0.0
1022,949,200.0,3792,1995.61,970752,0.5744538903236389,5160.162548828125,1272.5626220703125,-0.0005314661597367376,0.3,0.0003,0.000102905324,37910,-1.2645923614501953,0.0
1022,949,200.0,3793,1975.79,971008,0.31386899948120117,7274.3492431640625,3149.3916015625,-0.0020657679066061973,0.3,0.0003,0.0012016871,37920,-1.191921478509903,0.000390625
1023,949,200.0,3794,1991.46,971264,0.6419484615325928,11046.034106445313,4723.17578125,1.2732087634503842e-05,0.3,0.0003,0.0006681897,37930,-1.0489898383617402,0.0
1023,949,200.0,3795,1982.73,971520,0.23211222887039185,15865.511767578126,8263.763671875,-0.0006302154855802655,0.3,0.0003,0.00011106301,37940,-1.2286717772483826,0.0
1023,949,200.0,3796,1993.55,971776,0.3803020715713501,7553.356396484375,2317.5517578125,-0.00021784176351502538,0.3,0.0003,3.2018404e-05,37950,-0.7919561237096786,0.0
1023,949,200.0,3797,1940.55,972032,0.21536940336227417,16037.724365234375,6600.96484375,-0.003378777485340834,0.3,0.0003,0.0014360128,37960,-1.2907553374767304,0.0
1024,949,200.0,3798,1953.98,972288,0.3597527742385864,16047.00479736328,8755.951171875,0.0015152390929870307,0.3,0.0003,0.00022077351,37970,-1.3607241451740264,0.0
1024,949,200.0,3799,1956.42,972544,0.6320441961288452,5134.214379882813,1475.772216796875,-0.0034510722616687417,0.3,0.0003,0.007618125,37980,-1.2037224352359772,0.0046875
1024,949,200.0,3800,1975.43,972800,0.4997064471244812,7823.147424316407,4022.2470703125,-0.0042907146504148844,0.3,0.0003,0.009747881,37990,-1.211952692270279,0.0109375
1025,949,200.0,3801,1972.82,973056,0.5844287276268005,5495.534216308593,3059.205078125,-0.00334373633377254,0.3,0.0003,0.0048143174,38000,-1.1751631379127503,0.001171875
1025,949,200.0,3802,1986.96,973312,0.6711595058441162,9080.5357421875,4899.8134765625,-0.003939484839793295,0.3,0.0003,0.00802047,38010,-1.247851550579071,0.002734375
1025,949,200.0,3803,1984.47,973568,0.5308790802955627,7368.58125,3339.142333984375,0.001358643500134349,0.3,0.0003,0.0021109022,38020,-1.1571503162384034,0.00078125
1025,949,200.0,3804,1984.63,973824,0.1540495753288269,22639.690234375,6404.38232421875,0.0003418831620365381,0.3,0.0003,0.00068388786,38030,-1.3567307531833648,0.0
1026,949,200.0,3805,1971.02,974080,0.3466830849647522,16217.007006835938,7928.0654296875,0.00018061641603708267,0.3,0.0003,0.00018703868,38040,-1.268475592136383,0.0
1026,949,200.0,3806,1974.77,974336,0.5152972936630249,5753.958911132812,1988.3040771484375,-0.0009742402937263251,0.3,0.0003,0.00033740746,38050,-1.1947078347206115,0.0
1026,949,200.0,3807,1977.04,974592,0.3206755518913269,9317.574658203124,6167.5712890625,-0.0034661848563700914,0.3,0.0003,0.0036657602,38060,-1.1011696934700013,0.0
1026,949,200.0,3808,1998.4,974848,0.6526932716369629,5660.413714599609,3774.421142578125,-0.0018088146578520536,0.3,0.0003,0.0016535942,38070,-1.1660673141479492,0.0
1027,949,200.0,3809,1977.53,975104,0.24951422214508057,11217.002954101563,6245.87255859375,-0.0012191078159958125,0.3,0.0003,0.0011299439,38080,-0.9988415598869324,0.0
1027,949,200.0,3810,1962.52,975360,0.39706242084503174,7667.1892578125,3070.657470703125,-0.0012084085727110505,0.3,0.0003,0.00022070017,38090,-1.0472784131765365,0.0
1027,949,200.0,3811,1962.53,975616,0.4122147560119629,6539.075378417969,3510.7890625,-0.00030106708873063327,0.3,0.0003,0.00017379015,38100,-1.1618887305259704,0.0
1028,949,200.0,3812,1939.43,975872,0.37805503606796265,10748.206665039062,3686.128662109375,-0.0003747569629922509,0.3,0.0003,3.4644967e-05,38110,-0.8129906207323074,0.0
1028,949,200.0,3813,1952.89,976128,0.7555521726608276,4990.993078613281,1332.859375,-0.0017551365774124861,0.3,0.0003,0.00056912564,38120,-0.9990181595087051,0.0
1028,949,200.0,3814,1952.1,976384,0.4002501368522644,7623.910046386719,2791.058837890625,-0.0036608265712857247,0.3,0.0003,0.0019118197,38130,-1.1429886758327483,0.0046875
1028,949,200.0,3815,1937.6,976640,0.21074092388153076,11953.012042236329,7798.64599609375,-0.011302079982124269,0.3,0.0003,0.004084818,38140,-1.2653199136257172,0.005859375
1029,949,200.0,3816,1933.05,976896,0.5079846382141113,14749.32783203125,8810.4765625,-1.2212491128593683e-05,0.3,0.0003,5.9416983e-05,38150,-1.1921799719333648,0.0
1029,949,200.0,3817,1940.77,977152,0.670792818069458,6935.0499267578125,2118.60400390625,-0.0007187283597886562,0.3,0.0003,0.00028673536,38160,-1.2605889797210694,0.0
1029,949,200.0,3818,1901.65,977408,0.4587087631225586,9435.583312988281,7566.1279296875,-0.0042939041857607664,0.3,0.0003,0.0014421479,38170,-1.2424404323101044,0.00078125
1029,949,200.0,3819,1918.13,977664,0.42926281690597534,13248.103271484375,4564.15576171875,-0.0002448804909363389,0.3,0.0003,0.00023333426,38180,-0.8948831796646118,0.0
1030,949,200.0,3820,1926.14,977920,0.602554440498352,5643.213220214844,1378.344970703125,-0.0011463529779575765,0.3,0.0003,0.0009497672,38190,-1.1353887736797332,0.0
1030,949,200.0,3821,1942.36,978176,0.42624276876449585,10074.771850585938,2737.15771484375,-0.004696799244266003,0.3,0.0003,0.015534905,38200,-1.2008395731449126,0.0265625
1030,949,200.0,3822,1949.7,978432,0.0015922784805297852,16416.138671875,11091.9111328125,-0.005156194837763905,0.3,0.0003,0.0057935542,38210,-1.2551158130168916,0.001171875
1030,949,200.0,3823,1947.51,978688,0.2735280990600586,17168.10361328125,9344.6650390625,-0.0019115161849185824,0.3,0.0003,0.0048343935,38220,-1.1955012023448943,0.005859375
1031,949,200.0,3824,1945.22,978944,0.13192564249038696,11438.09013671875,5931.51220703125,-0.002007199951913208,0.3,0.0003,0.0018149482,38230,-1.1157178103923797,0.001171875
1031,949,200.0,3825,1969.84,979200,0.5727667808532715,5538.636584472656,2404.093017578125,-0.001395692746154964,0.3,0.0003,0.0007397672,38240,-1.2180921018123627,0.0
1031,949,200.0,3826,1976.58,979456,0.6206672787666321,6248.567376708985,3085.89453125,-0.0017492995131760836,0.3,0.0003,0.00084677874,38250,-1.2377464056015015,0.0
1032,949,200.0,3827,1956.48,979712,0.6864047050476074,7037.502600097656,4499.8837890625,-0.0021772154839709403,0.3,0.0003,0.0020005263,38260,-1.2487449109554292,0.000390625
1032,949,200.0,3828,1962.76,979968,0.46343350410461426,9376.989233398437,6917.36865234375,0.0003796793520450592,0.3,0.0003,0.0010515817,38270,-1.2394356310367585,0.0
1032,949,200.0,3829,1941.67,980224,-0.370120644569397,25127.63916015625,11164.68359375,-0.0014350478537380694,0.3,0.0003,0.0003688056,38280,-1.3189543545246125,0.0
1032,949,200.0,3830,1914.04,980480,0.32718896865844727,16579.087316894533,10827.33203125,-0.0005518280027899891,0.3,0.0003,0.0001875814,38290,-1.2029308915138244,0.0
1033,949,200.0,3831,1905.5,980736,0.6208189725875854,4484.471942138672,2891.720703125,-0.0007401545182801784,0.3,0.0003,0.00034732325,38300,-0.8176015853881836,0.0
1033,949,200.0,3832,1915.66,980992,0.7421531677246094,4017.5519775390626,3301.69482421875,-0.0034258319064974785,0.3,0.0003,0.0038808936,38310,-1.3084639072418214,0.0015625
1033,949,200.0,3833,1900.34,981248,0.33704674243927,11507.455627441406,3440.07763671875,-0.0014247003942728042,0.3,0.0003,0.0021365916,38320,-1.255422294139862,0.0
1033,949,200.0,3834,1895.22,981504,0.6579843163490295,7641.2373046875,3028.45263671875,-0.0035890165250748395,0.3,0.0003,0.0049249525,38330,-1.2433190584182738,0.005078125
1034,949,200.0,3835,1876.76,981760,0.37241894006729126,8005.10322265625,4471.31103515625,-0.00024987449869513513,0.3,0.0003,0.00067312317,38340,-1.0820962101221085,0.0
1034,949,200.0,3836,1850.93,982016,0.575308084487915,7259.40322265625,2575.560302734375,-0.0034503211732953786,0.3,0.0003,0.0065930593,38350,-1.1201544225215911,0.00546875
1034,949,200.0,3837,1848.32,982272,0.058969199657440186,27512.809838867186,13146.79296875,0.0005547009874135256,0.3,0.0003,0.00440488,38360,-1.2051014482975007,0.004296875
1035,949,200.0,3838,1859.41,982528,0.5538996458053589,5686.224853515625,3009.33984375,-0.0032468374469317497,0.3,0.0003,0.0042744465,38370,-1.1449332892894746,0.00078125
1035,949,200.0,3839,1868.97,982784,0.0671434998512268,11315.020227050782,8810.1533203125,-0.002813841449096799,0.3,0.0003,0.0029244765,38380,-1.1084579646587371,0.00078125
1035,949,200.0,3840,1891.28,983040,0.5625709891319275,6857.5482177734375,4694.55908203125,0.0009570394293405115,0.3,0.0003,0.0016561577,38390,-1.2052522242069243,0.0
1035,949,200.0,3841,1888.41,983296,0.23494267463684082,17477.6140625,8652.7939453125,-0.0002780117676593363,0.3,0.0003,2.6431167e-05,38400,-1.2231199204921723,0.0
1036,949,200.0,3842,1888.81,983552,0.34901970624923706,14466.5751953125,6952.92138671875,-0.0006356937577947974,0.3,0.0003,0.00015010731,38410,-1.23816876411438,0.0
1036,949,200.0,3843,1858.5,983808,0.6622561812400818,4255.574914550782,3234.436279296875,-0.00021918441634625197,0.3,0.0003,0.00015984266,38420,-1.1333831131458283,0.0
1036,949,200.0,3844,1857.81,984064,0.17909079790115356,13675.402075195312,9754.7236328125,-0.0018106984556652606,0.3,0.0003,0.00077693537,38430,-1.222731387615204,0.0
1036,949,200.0,3845,1861.89,984320,0.29695796966552734,15901.351147460937,7980.3544921875,-0.005373879056423903,0.3,0.0003,0.001416147,38440,-1.3386524498462677,0.000390625
1037,949,200.0,3846,1882.5,984576,0.5273573398590088,9122.1349609375,4121.9306640625,0.0007407301454804838,0.3,0.0003,0.00033375598,38450,-1.3321976363658905,0.0
1037,949,200.0,3847,1880.13,984832,0.5346083045005798,6599.218115234375,3364.607666015625,-0.002743776305578649,0.3,0.0003,0.0026372075,38460,-1.2613433301448822,0.000390625
1037,949,200.0,3848,1883.29,985088,0.43708187341690063,9359.567321777344,3285.131103515625,-0.001196250959765166,0.3,0.0003,0.0003730629,38470,-0.7697131127119065,0.0
1037,949,200.0,3849,1881.07,985344,0.36059218645095825,30557.09814453125,11345.6025390625,-0.004159075277857483,0.3,0.0003,0.000989184,38480,-1.2286383986473084,0.0
1038,949,200.0,3850,1865.9,985600,0.3383852243423462,10729.442602539062,6725.59375,-0.0015495914383791387,0.3,0.0003,0.0007646566,38490,-1.2824616491794587,0.0
1038,949,200.0,3851,1848.12,985856,-1.6444499492645264,10051.912158203126,3532.910400390625,-6.478913128376007e-05,0.3,0.0003,4.0957704e-05,38500,-1.0382644981145859,0.0
1038,949,200.0,3852,1849.86,986112,0.3461261987686157,13167.972290039062,4222.81103515625,-0.00011453889310359955,0.3,0.0003,9.994488e-06,38510,-1.2661132991313935,0.0
1039,949,200.0,3853,1865.81,986368,0.6350183486938477,5420.0384765625,1752.63916015625,-0.0012060514010954649,0.3,0.0003,0.00032315264,38520,-1.2504739999771117,0.0
1039,949,200.0,3854,1877.45,986624,0.559174656867981,5514.676538085938,3142.80810546875,-0.0044793081004172565,0.3,0.0003,0.0058249403,38530,-1.2452005863189697,0.001953125
1039,949,200.0,3855,1857.01,986880,0.49563509225845337,12317.983129882812,3848.600341796875,-0.0019096653442829848,0.3,0.0003,0.001666754,38540,-1.2800064265727997,0.0
1039,949,200.0,3856,1855.01,987136,-0.0011817216873168945,5040.2361328125,2441.97900390625,-0.006587483058683574,0.3,0.0003,0.0016849118,38550,-1.3491541266441345,0.000390625
1040,949,200.0,3857,1855.33,987392,0.2775843143463135,20911.45400390625,9017.48046875,-0.00022444206988438963,0.3,0.0003,0.0006005799,38560,-1.3161021590232849,0.0
1040,949,200.0,3858,1853.67,987648,0.3609398603439331,7616.970721435547,3428.019287109375,-0.003400352376047522,0.3,0.0003,0.0073355823,38570,-1.2342473208904265,0.015625
1040,949,200.0,3859,1848.35,987904,0.26427018642425537,28270.97197265625,10335.8232421875,-0.0032024562009610237,0.3,0.0003,0.0014353709,38580,-1.2057563602924346,0.0
1040,949,200.0,3860,1837.16,988160,0.6945418119430542,4273.897412109375,1417.5413818359375,-0.0024475913727656008,0.3,0.0003,0.0023197976,38590,-1.4160118639469146,0.0
1041,949,200.0,3861,1838.56,988416,0.22847020626068115,16302.63271484375,7810.4404296875,-0.0021669015288352965,0.3,0.0003,0.0014728245,38600,-1.2160028874874116,0.0
1041,949,200.0,3862,1856.34,988672,0.4895007610321045,12286.737414550782,7253.85009765625,-0.0014883967931382358,0.3,0.0003,0.0013645582,38610,-1.198485791683197,0.0
1041,949,200.0,3863,1868.95,988928,0.7404758930206299,4773.588830566407,596.3399047851562,-0.0007089465274475515,0.3,0.0003,0.0015509925,38620,-1.1875495612621307,0.0
1042,949,200.0,3864,1866.47,989184,0.4304695129394531,8522.636987304688,5468.2626953125,-0.0026797715574502943,0.3,0.0003,0.0011920198,38630,-1.221719706058502,0.0
1042,949,200.0,3865,1872.27,989440,0.5338751077651978,5572.497589111328,2010.8392333984375,-0.005212393321562559,0.3,0.0003,0.0037664543,38640,-1.2575868844985962,0.003515625
1042,949,200.0,3866,1878.25,989696,0.4755246639251709,12311.87939453125,3490.767333984375,-0.0025989934336394073,0.3,0.0003,0.00067860703,38650,-1.1639061391353607,0.0
1042,949,200.0,3867,1869.45,989952,0.5439835786819458,5793.771520996093,2986.375732421875,-0.00022496575256809593,0.3,0.0003,6.546825e-05,38660,-1.4203702867031098,0.0
1043,949,200.0,3868,1868.63,990208,0.5554795265197754,5478.373522949219,365.1783142089844,-0.0020407465868629514,0.3,0.0003,0.0010889391,38670,-1.108398860692978,0.000390625
1043,949,200.0,3869,1873.93,990464,0.3625209331512451,8695.13231201172,2225.455322265625,3.95485432818532e-05,0.3,0.0003,7.461733e-05,38680,-1.2650173664093018,0.0
1043,949,200.0,3870,1894.31,990720,0.150745689868927,26263.987890625,11814.8740234375,-0.0007061169017106295,0.3,0.0003,5.5072363e-05,38690,-1.3532439351081849,0.0
1043,949,200.0,3871,1898.71,990976,0.6276259422302246,5586.008917236328,3314.63134765625,-0.003483482723822817,0.3,0.0003,0.0045048036,38700,-1.1842659413814545,0.00546875
1044,949,200.0,3872,1864.48,991232,-1.128004789352417,7365.37060546875,2895.4482421875,-0.00243368165101856,0.3,0.0003,0.002906084,38710,-1.2201264202594757,0.0
1044,949,200.0,3873,1871.44,991488,0.7142652273178101,6213.019116210938,2877.647705078125,-0.0005627853737678379,0.3,0.0003,0.00046401913,38720,-1.1886690258979797,0.0
1044,949,200.0,3874,1889.75,991744,0.5330039262771606,7781.996020507812,4003.764404296875,-0.0009336193557828665,0.3,0.0003,0.000429302,38730,-1.0306888699531556,0.0
1045,949,200.0,3875,1904.29,992000,0.4544626474380493,7211.296240234375,2642.269287109375,-0.000795648223720491,0.3,0.0003,0.00076109334,38740,-1.0984062612056733,0.0
1045,949,200.0,3876,1890.59,992256,0.2686689496040344,11466.186334228516,6627.86962890625,-0.0007274425122886896,0.3,0.0003,0.0002766368,38750,-1.2601062119007111,0.0
1045,949,200.0,3877,1885.57,992512,0.5083440542221069,7449.611853027343,1608.5108642578125,-0.0003781860927119851,0.3,0.0003,0.00022316142,38760,-1.1501062273979188,0.0
1045,949,200.0,3878,1883.09,992768,0.5700142979621887,7546.213037109375,4647.93408203125,-0.0019533733488060535,0.3,0.0003,0.0037129703,38770,-1.0977490901947022,0.003515625
1046,949,200.0,3879,1864.96,993024,0.7019439935684204,4951.652062988282,2555.840576171875,-0.0018049565143883229,0.3,0.0003,0.0032962947,38780,-1.0895372390747071,0.00078125
1046,949,200.0,3880,1829.54,993280,0.10479873418807983,14237.049365234376,9655.8564453125,0.00018365660216659307,0.3,0.0003,0.0002273058,38790,-1.1626124024391173,0.0
1046,949,200.0,3881,1850.17,993536,0.713943362236023,5054.294372558594,1495.4931640625,-0.0008978080470114947,0.3,0.0003,0.00059997034,38800,-0.5991986900568008,0.0
1046,949,200.0,3882,1863.49,993792,0.04206562042236328,17479.169140625,8654.0224609375,-0.0020697077503427862,0.3,0.0003,0.001579076,38810,-1.0540494918823242,0.0
1047,949,200.0,3883,1878.47,994048,0.5827164649963379,5808.174841308593,4256.05078125,-0.00018532145768404006,0.3,0.0003,9.8833116e-05,38820,-1.0574431031942368,0.0
1047,949,200.0,3884,1894.17,994304,0.4710157513618469,15955.044580078125,9970.587890625,-0.001079036935698241,0.3,0.0003,0.00019740546,38830,-1.2288931369781495,0.0
1047,949,200.0,3885,1888.67,994560,0.5506525039672852,7757.992565917969,6478.0595703125,-0.003022982832044363,0.3,0.0003,0.0008773962,38840,-1.1868373215198518,0.0
1048,949,200.0,3886,1874.56,994816,0.480252742767334,9366.2779296875,3027.271728515625,-0.001892735221190378,0.3,0.0003,0.0019430667,38850,-1.1685499787330627,0.0
1048,949,200.0,3887,1887.14,995072,0.36940687894821167,12503.717822265626,7051.26416015625,-0.00034881155006587504,0.3,0.0003,0.0002013268,38860,-1.025748187303543,0.0
1048,949,200.0,3888,1875.38,995328,-0.4445706605911255,4091.782159423828,1020.0010375976562,-0.0008375576231628657,0.3,0.0003,0.00021457649,38870,-1.0427391797304153,0.0
1048,949,200.0,3889,1863.8,995584,0.028735578060150146,25361.701025390626,8104.90966796875,-0.0014569301973097026,0.3,0.0003,0.00040002004,38880,-1.3265466451644898,0.0
1049,949,200.0,3890,1892.79,995840,0.24135231971740723,12891.813079833984,6278.7685546875,-0.0005881499964743853,0.3,0.0003,0.00015726499,38890,-1.083477371931076,0.0
1049,949,200.0,3891,1876.23,996096,0.1274130940437317,16468.746484375,7082.77392578125,-0.0005755153484642506,0.3,0.0003,6.7248475e-05,38900,-1.1516050159931184,0.0
1049,949,200.0,3892,1893.05,996352,0.6166980862617493,7858.052966308594,4328.77880859375,-0.002244810643605888,0.3,0.0003,0.0013967936,38910,-1.3612069487571716,0.0
1049,949,200.0,3893,1899.76,996608,0.7468423843383789,4422.734509277344,1377.5042724609375,-0.003007825626991689,0.3,0.0003,0.0024823449,38920,-1.2291616082191468,0.000390625
1050,949,200.0,3894,1924.53,996864,0.6691741943359375,7677.271520996093,4032.8720703125,-0.0010571199818514287,0.3,0.0003,0.0013137225,38930,-1.139677143096924,0.0
1050,949,200.0,3895,1901.07,997120,0.48853152990341187,9316.51455078125,5676.30712890625,-0.0029404640896245836,0.3,0.0003,0.0029852318,38940,-1.0188071876764297,0.00625
1050,949,200.0,3896,1912.01,997376,0.47510069608688354,10466.540002441407,5850.07080078125,-0.00014955468359403312,0.3,0.0003,6.736675e-05,38950,-1.1688435971736908,0.0
1051,949,200.0,3897,1910.47,997632,0.5994592905044556,5487.240826416016,2968.548095703125,-0.004379168897867203,0.3,0.0003,0.0061755767,38960,-1.0982935428619385,0.0046875
1051,949,200.0,3898,1908.7,997888,0.13319826126098633,16735.646240234375,6381.87451171875,0.0019305230583995582,0.3,0.0003,0.0009849921,38970,-0.6807572811841964,0.0
1051,949,200.0,3899,1910.49,998144,0.51653653383255,8652.161486816407,4508.46337890625,-0.002472432900685817,0.3,0.0003,0.008248738,38980,-1.043398243188858,0.00546875
1051,949,200.0,3900,1891.89,998400,0.6176211833953857,6925.472412109375,3869.50634765625,0.0004996431176550687,0.3,0.0003,0.000114369206,38990,-1.042542538046837,0.0
1052,949,200.0,3901,1887.23,998656,0.6676972508430481,3488.8599487304687,1481.2100830078125,-0.000750860944390297,0.3,0.0003,0.0004950557,39000,-1.0729552209377289,0.0
1052,949,200.0,3902,1881.61,998912,0.3470384478569031,17392.430859375,6904.0830078125,-0.0001450018957257271,0.3,0.0003,0.0018100578,39010,-1.1947819292545319,0.00234375
1052,949,200.0,3903,1891.78,999168,0.6071956157684326,6505.274035644531,3240.000244140625,-0.003527346020564437,0.3,0.0003,0.004363038,39020,-1.2208416759967804,0.004296875
1052,949,200.0,3904,1872.39,999424,0.4322201609611511,11614.528857421876,6809.34814453125,0.00015746960416436196,0.3,0.0003,0.0002488182,39030,-1.1706605672836303,0.0
1053,949,200.0,3905,1871.48,999680,0.23669421672821045,22244.730712890625,10126.4453125,-0.0016277189133688807,0.3,0.0003,0.00025510835,39040,-1.3615008652210236,0.0
1053,949,200.0,3906,1855.43,999936,0.45186012983322144,8605.099426269531,5153.70068359375,-0.00032209763303399087,0.3,0.0003,0.00019308948,39050,-1.059711569547653,0.0
1053,949,200.0,3907,1856.24,1000192,0.6073275804519653,7020.0123291015625,3441.76953125,-0.0015387288527563213,0.3,0.0003,0.0020688113,39060,-1.1367773830890655,0.0
1054,949,200.0,3908,1864.49,1000448,0.23428583145141602,9888.191186523438,6252.30908203125,-0.002760371076874435,0.3,0.0003,0.0045542917,39070,-0.9936366140842438,0.001953125
1054,949,200.0,3909,1865.42,1000704,0.671738862991333,9685.355932617187,3258.97216796875,-0.0003023573197424412,0.3,0.0003,0.00056164735,39080,-1.2108965992927552,0.0
1054,948,200.0,3910,1854.96,1000960,0.4843728542327881,6345.74345703125,1545.95849609375,-0.0004884082940407097,0.3,0.0003,9.163981e-05,39090,-1.0109124422073363,0.0
1055,949,200.0,3911,1845.39,1001216,0.3149375915527344,9013.258544921875,3511.475341796875,-0.0009199738502502442,0.3,0.0003,0.00020573498,39100,-1.1609483003616332,0.0
1055,949,200.0,3912,1851.94,1001472,0.5093615055084229,10859.938745117188,5801.37060546875,-0.00044721218291670083,0.3,0.0003,0.0007243487,39110,-1.027465096116066,0.0
1055,949,200.0,3913,1848.07,1001728,-0.17030930519104004,25562.39130859375,8513.400390625,-0.0016138496110215783,0.3,0.0003,0.00016950676,39120,-1.102045124769211,0.0
1055,949,200.0,3914,1861.85,1001984,0.41879862546920776,11548.77537841797,5463.19873046875,-0.002688827458769083,0.3,0.0003,0.00069384114,39130,-1.2428948402404785,0.0
1056,949,200.0,3915,1885.92,1002240,0.38123375177383423,8743.519921875,3924.288330078125,-0.0016721332445740699,0.3,0.0003,0.00031869486,39140,-1.0975411355495452,0.0
1056,949,200.0,3916,1866.93,1002496,0.31940358877182007,8903.912353515625,4001.073486328125,-0.0009358990006148815,0.3,0.0003,0.00036801398,39150,-1.142494410276413,0.0
1056,949,200.0,3917,1863.87,1002752,0.24508142471313477,18600.139111328124,8917.1767578125,-0.0012070838594809175,0.3,0.0003,0.00018737651,39160,-1.2412222564220428,0.0
1056,949,200.0,3918,1832.46,1003008,0.29358571767807007,8941.851098632813,2397.95751953125,-0.0015476064989343285,0.3,0.0003,0.0004929695,39170,-1.1167777597904205,0.0
1057,949,200.0,3919,1833.63,1003264,0.3716880679130554,19963.381884765626,9151.0859375,-0.0019639719743281604,0.3,0.0003,0.00064486964,39180,-1.4654941320419312,0.0
1057,949,200.0,3920,1839.35,1003520,0.3248397707939148,9962.758557128906,4504.0830078125,-0.0001040769275277853,0.3,0.0003,0.00057070516,39190,-1.1416703283786773,0.0
1057,949,200.0,3921,1828.05,1003776,0.36667394638061523,7884.959375,1275.312744140625,-8.71711876243353e-05,0.3,0.0003,4.1614985e-05,39200,-1.1348593413829804,0.0
1057,949,200.0,3922,1853.56,1004032,0.7256194353103638,5250.148452758789,1545.13525390625,-0.0007796078687533736,0.3,0.0003,0.0001673298,39210,-0.9563925266265869,0.0
1058,948,200.0,3923,1867.36,1004288,0.2142181396484375,26369.00986328125,15520.69921875,-0.001502473931759596,0.3,0.0003,0.0007027495,39220,-0.8973072439432144,0.0
1058,949,200.0,3924,1844.29,1004544,0.2576361894607544,18880.578051757813,13090.2666015625,-0.004371540690772236,0.3,0.0003,0.003014209,39230,-1.1822164416313172,0.0015625
1058,948,200.0,3925,1847.82,1004800,0.12488126754760742,11623.757788085937,3969.840576171875,-0.00011257925070822239,0.3,0.0003,0.00020571379,39240,-1.1659830570220948,0.0
1059,949,200.0,3926,1844.11,1005056,0.49225395917892456,6430.595776367188,3328.84716796875,-0.00022242912091314794,0.3,0.0003,9.665708e-05,39250,-1.2222028493881225,0.0
1059,949,200.0,3927,1846.28,1005312,0.394237756729126,17522.61611328125,6094.70703125,-0.0025521322153508664,0.3,0.0003,0.0009990952,39260,-1.2765224754810334,0.0
1059,949,200.0,3928,1845.1,1005568,0.29775452613830566,12705.555981445312,6431.64404296875,-4.518649075180292e-05,0.3,0.0003,0.00040013506,39270,-0.9262184828519822,0.0
1059,949,200.0,3929,1874.07,1005824,0.4159219264984131,6242.83735961914,2116.340576171875,-0.000418589572655037,0.3,0.0003,0.0001587877,39280,-1.1162156999111175,0.0
1060,949,200.0,3930,1887.2,1006080,0.6652371883392334,8452.273852539063,2334.022705078125,-0.0005797307938337326,0.3,0.0003,0.00032351073,39290,-1.102682113647461,0.0
1060,949,200.0,3931,1873.79,1006336,0.5595561861991882,5564.522930908203,2736.196533203125,-0.00024906659964472053,0.3,0.0003,0.0010489125,39300,-1.1257116734981536,0.0
1060,949,200.0,3932,1853.36,1006592,0.44848471879959106,8554.682507324218,1958.1668701171875,-0.0005459046456962824,0.3,0.0003,0.00030737137,39310,-1.2610407888889312,0.0
1060,949,200.0,3933,1858.07,1006848,0.66295325756073,5394.321719360351,1558.1639404296875,-0.0016460560145787895,0.3,0.0003,0.0015149261,39320,-1.2527454912662506,0.0
1061,949,200.0,3934,1878.46,1007104,0.5935170650482178,9796.62685546875,5191.4189453125,0.0005109782912768423,0.3,0.0003,0.0009102158,39330,-1.127769523859024,0.0
1061,948,200.0,3935,1891.79,1007360,0.6490291357040405,5129.577313232422,1500.34423828125,-0.0016721665393561124,0.3,0.0003,0.0015472826,39340,-1.1077101826667786,0.0
1061,948,200.0,3936,1884.57,1007616,0.3677143454551697,8388.674047851562,4134.697265625,-0.0013478455948643386,0.3,0.0003,0.0010681492,39350,-1.1834812343120575,0.0
1062,948,200.0,3937,1887.77,1007872,0.5785647630691528,10706.14248046875,6420.20654296875,-0.001619865430984646,0.3,0.0003,0.0007261138,39360,-1.2888083100318908,0.0
1062,948,200.0,3938,1883.48,1008128,0.4382805824279785,6908.848706054688,3151.861083984375,-0.0029369723866693675,0.3,0.0003,0.0030441948,39370,-1.31491516828537,0.004296875
1062,948,200.0,3939,1894.45,1008384,0.36804449558258057,7159.159338378906,3177.12060546875,-2.6605697348713876e-05,0.3,0.0003,0.00019980595,39380,-1.1777549803256988,0.0
1062,948,200.0,3940,1889.95,1008640,0.48785293102264404,7538.796240234375,1517.80224609375,-0.0002609035233035684,0.3,0.0003,3.7584454e-05,39390,-1.1018599271774292,0.0
1063,948,200.0,3941,1885.65,1008896,0.5188322067260742,13909.819140625,9475.341796875,-5.273055867291987e-05,0.3,0.0003,1.3659708e-05,39400,-1.1540524184703826,0.0
1063,948,200.0,3942,1885.51,1009152,0.1379825472831726,18611.625732421875,6097.6923828125,-0.0014742062194272876,0.3,0.0003,0.00016008108,39410,-1.2994560301303864,0.0
1063,948,200.0,3943,1872.03,1009408,0.2480219602584839,8777.546508789062,1839.876220703125,-0.00048438376979902386,0.3,0.0003,0.00012302632,39420,-1.3420988082885743,0.0
1063,948,200.0,3944,1890.21,1009664,0.5289775133132935,9510.27431640625,4462.53955078125,1.0386458598077297e-05,0.3,0.0003,3.9341394e-06,39430,-1.120272809267044,0.0
1064,948,200.0,3945,1885.13,1009920,0.1303597092628479,3260.680291748047,835.9835815429688,-0.00514647199306637,0.3,0.0003,0.002577669,39440,-1.2078400373458862,0.0
1064,948,200.0,3946,1880.44,1010176,0.3288840651512146,14616.359765625,10978.3486328125,0.000302044115960598,0.3,0.0003,0.00023380318,39450,-1.2597546100616455,0.0
1064,948,200.0,3947,1870.08,1010432,0.22202342748641968,16276.817456054687,4444.166015625,-0.0026606882747728378,0.3,0.0003,0.0005128146,39460,-1.5882957816123962,0.0
1065,948,200.0,3948,1852.47,1010688,0.44984322786331177,17240.15400390625,6730.888671875,-0.002967059100046754,0.3,0.0003,0.00045695202,39470,-1.0573182165622712,0.0
1065,948,200.0,3949,1847.17,1010944,0.2708383798599243,14369.7314453125,8095.8935546875,-0.0016829375876113773,0.3,0.0003,0.0005509192,39480,-1.2097709000110626,0.0
1065,948,200.0,3950,1862.65,1011200,0.534432053565979,7331.178454589844,5676.1083984375,-0.0007935301982797682,0.3,0.0003,0.0001922322,39490,-1.315493881702423,0.0
1065,948,200.0,3951,1865.51,1011456,0.36939507722854614,7466.407458496094,1049.456298828125,-0.00011848763097077608,0.3,0.0003,8.610799e-05,39500,-1.100214958190918,0.0
1066,948,200.0,3952,1865.08,1011712,0.5266710519790649,10902.277587890625,6690.73681640625,-1.2652762234210967e-05,0.3,0.0003,7.7586155e-06,39510,-1.0995018362998963,0.0
1066,949,200.0,3953,1861.14,1011968,0.38981378078460693,13344.561352539062,7092.3291015625,-0.002391264121979475,0.3,0.0003,0.000752578,39520,-1.194063377380371,0.0
1066,949,200.0,3954,1849.26,1012224,0.25724905729293823,10415.126440429687,3587.1044921875,-0.003321856481488794,0.3,0.0003,0.00095553556,39530,-1.2354323506355285,0.0
1066,949,200.0,3955,1848.32,1012480,0.6717215776443481,7290.172082519532,5194.3564453125,-0.000368669000454247,0.3,0.0003,0.00011498178,39540,-1.160920411348343,0.0
1067,949,200.0,3956,1832.32,1012736,0.3604316711425781,15067.897802734375,7641.244140625,-0.0016495941643370315,0.3,0.0003,0.00045348145,39550,-1.2742242634296417,0.0
1067,949,200.0,3957,1834.22,1012992,0.5012851357460022,5537.441357421875,1779.6640625,-0.004466201225295663,0.3,0.0003,0.0031492456,39560,-1.262338000535965,0.00234375
1067,949,200.0,3958,1869.57,1013248,0.7676166892051697,4667.063232421875,2143.79541015625,-0.006542170024476946,0.3,0.0003,0.0073710233,39570,-1.1655978620052339,0.007421875
1067,949,200.0,3959,1853.57,1013504,0.41358625888824463,19385.43515625,6415.44970703125,-0.0011596987722441554,0.3,0.0003,0.0023455783,39580,-1.1757962107658386,0.0
1068,949,200.0,3960,1854.13,1013760,0.6211885213851929,6599.697399902344,3011.56201171875,-0.006579494336619973,0.3,0.0003,0.0042439783,39590,-1.3091744244098664,0.005078125
1068,949,200.0,3961,1870.52,1014016,-0.20174920558929443,18391.732531738282,6871.6162109375,-0.003339322796091437,0.3,0.0003,0.0034893546,39600,-1.138951826095581,0.001953125
1068,949,200.0,3962,1852.83,1014272,0.6167428493499756,8547.740380859375,3928.287841796875,-0.004647164233028888,0.3,0.0003,0.0062172716,39610,-1.1105425000190734,0.00234375
1069,949,200.0,3963,1849.1,1014528,0.6023510694503784,4779.985144042968,2100.9560546875,-0.0019738393602892756,0.3,0.0003,0.0032363907,39620,-1.20679150223732,0.003125
1069,949,200.0,3964,1838.84,1014784,0.33471912145614624,8779.101782226562,3226.81591796875,-0.0004815604188479483,0.3,0.0003,0.00016614469,39630,-1.0891927003860473,0.0
1069,949,200.0,3965,1855.36,1015040,0.4678192734718323,8699.707006835937,2118.806396484375,-0.000493837776593864,0.3,0.0003,0.00019745436,39640,-1.1020138025283814,0.0
1069,949,200.0,3966,1871.55,1015296,0.3286787271499634,13987.018212890625,6462.6494140625,-0.00013288623304106296,0.3,0.0003,0.0002560278,39650,-1.0396345108747482,0.0
1070,949,200.0,3967,1881.27,1015552,0.5599484443664551,7071.255993652344,2403.72314453125,-0.000505143089685589,0.3,0.0003,0.0002786545,39660,-1.1302233040332794,0.0
1070,949,200.0,3968,1870.69,1015808,0.16101157665252686,8957.358929443359,4080.716796875,-0.00016301313880831003,0.3,0.0003,0.00013281801,39670,-1.0842357337474824,0.0
1070,949,200.0,3969,1879.2,1016064,0.24147790670394897,22937.13525390625,8346.6435546875,-0.00026356095913797616,0.3,0.0003,1.4029909e-05,39680,-1.3605496168136597,0.0
1070,949,200.0,3970,1859.34,1016320,0.6371092796325684,4149.544384765625,1896.295166015625,-0.00028249401366338135,0.3,0.0003,0.00025735842,39690,-0.9996436029672623,0.0
1071,949,200.0,3971,1873.03,1016576,0.5246902108192444,7909.284588623047,2138.863037109375,-0.0006519786198623479,0.3,0.0003,0.0003949299,39700,-1.0752690315246582,0.0
1071,949,200.0,3972,1855.77,1016832,0.29735124111175537,17682.5619140625,9045.4267578125,-0.004386740690097213,0.3,0.0003,0.0010642128,39710,-1.3228419423103333,0.0
1071,949,200.0,3973,1858.69,1017088,0.33393430709838867,18062.80520019531,12347.5986328125,0.0006080691237002611,0.3,0.0003,0.00041453866,39720,-1.0113227546215058,0.0
1071,949,200.0,3974,1844.96,1017344,0.5429832935333252,12621.302514648438,6912.5830078125,-0.006668216781690717,0.3,0.0003,0.003982206,39730,-1.2710988819599152,0.004296875
1072,949,200.0,3975,1860.92,1017600,0.5171972513198853,8072.03486328125,2339.18115234375,-0.002429027552716434,0.3,0.0003,0.002645248,39740,-1.2610479593276978,0.0
1072,949,200.0,3976,1860.44,1017856,0.6408454179763794,6179.580017089844,2839.614990234375,-0.0012836218578740955,0.3,0.0003,0.00034863432,39750,-1.1385888874530792,0.0
1072,949,200.0,3977,1821.56,1018112,0.3169292211532593,16084.998681640625,5046.21337890625,-0.0005264125997200608,0.3,0.0003,0.00026246905,39760,-1.1906716227531433,0.0
1073,949,200.0,3978,1826.01,1018368,0.31151604652404785,12813.127685546875,6042.28662109375,-5.718953907489777e-05,0.3,0.0003,0.00014274544,39770,-1.190497225522995,0.0
1073,949,200.0,3979,1837.61,1018624,0.567250669002533,5137.692321777344,2705.27197265625,-0.002900353306904435,0.3,0.0003,0.001011949,39780,-1.3398576140403748,0.0
1073,949,200.0,3980,1840.25,1018880,0.4370661973953247,15872.775512695312,8757.310546875,-0.0027860191534273327,0.3,0.0003,0.0009740889,39790,-1.1309754431247712,0.0
1073,949,200.0,3981,1824.74,1019136,0.36932462453842163,7942.646826171875,2437.251708984375,-0.0020622444106265904,0.3,0.0003,0.0014350354,39800,-1.2379823684692384,0.0
1074,949,200.0,3982,1827.18,1019392,0.5186303853988647,5630.166259765625,3572.56689453125,-0.001272089488338679,0.3,0.0003,0.0007691479,39810,-1.250243455171585,0.0
1074,949,200.0,3983,1828.67,1019648,0.4102826714515686,12979.362109375,4194.47705078125,-0.0021819106303155424,0.3,0.0003,0.0007313802,39820,-1.4805073261260986,0.0
1074,949,200.0,3984,1829.15,1019904,0.706341028213501,6687.368969726563,2835.080810546875,-0.0019836781546473505,0.3,0.0003,0.0014254919,39830,-1.1405630588531495,0.0
1074,949,200.0,3985,1829.95,1020160,0.49509912729263306,7916.681335449219,1823.221923828125,-0.0006015088059939444,0.3,0.0003,0.0035866622,39840,-1.3193628251552583,0.001171875
1075,949,200.0,3986,1850.53,1020416,0.6220309138298035,6046.715844726563,2607.66064453125,-0.0008813010528683663,0.3,0.0003,0.00019132276,39850,-1.20346137881279,0.0
1075,949,200.0,3987,1866.22,1020672,0.4458457827568054,13801.180737304687,8399.4873046875,-0.001325341360643506,0.3,0.0003,0.0031175755,39860,-1.175122332572937,0.002734375
1075,949,200.0,3988,1869.22,1020928,0.6353656649589539,5282.291540527343,3092.72607421875,-0.0008548934827558696,0.3,0.0003,0.00061904406,39870,-1.130208957195282,0.0
1076,949,200.0,3989,1886.99,1021184,0.18522053956985474,20155.65869140625,10286.587890625,-0.0033967642579227687,0.3,0.0003,0.00084905606,39880,-1.18305504322052,0.0
1076,949,200.0,3990,1887.73,1021440,0.45678001642227173,7387.976788330078,5904.8779296875,-0.00044562448747456076,0.3,0.0003,0.0004359309,39890,-1.2231600165367127,0.0
1076,949,200.0,3991,1909.6,1021696,0.5567977428436279,10436.523974609376,6703.9033203125,-9.652285370975733e-05,0.3,0.0003,7.2419876e-05,39900,-1.1247112274169921,0.0
1076,949,200.0,3992,1898.26,1021952,0.5577478408813477,9724.1357421875,3161.32177734375,-0.0023980807978659867,0.3,0.0003,0.0004065237,39910,-1.290982049703598,0.0
1077,948,200.0,3993,1915.01,1022208,0.7397782802581787,4718.214663696289,2370.732666015625,-0.0028744274051859973,0.3,0.0003,0.0040405123,39920,-1.3096585154533387,0.001171875
1077,949,200.0,3994,1928.11,1022464,0.3065313696861267,11052.619580078124,2157.1171875,-0.0010691105853766203,0.3,0.0003,0.0022499815,39930,-1.0641843557357789,0.0
1077,948,200.0,3995,1931.31,1022720,0.1253148913383484,28265.827685546876,6184.3212890625,-0.0008059578016400337,0.3,0.0003,0.0002457006,39940,-1.1080825209617615,0.0
1077,949,200.0,3996,1949.35,1022976,0.6961126923561096,5311.956921386719,2251.9208984375,-0.0028882346581667663,0.3,0.0003,0.0026516346,39950,-1.1639275312423707,0.0
1078,949,200.0,3997,1964.82,1023232,0.5747945308685303,5557.402349853515,1779.7032470703125,-0.002743753232061863,0.3,0.0003,0.005200597,39960,-1.0555787712335587,0.00234375
1078,949,200.0,3998,1983.42,1023488,0.5731964707374573,10891.238891601562,2573.0693359375,0.0018910897197201848,0.3,0.0003,0.00062696426,39970,-1.2686674416065216,0.0
1078,949,200.0,3999,1992.46,1023744,0.7467600107192993,4009.6460571289062,1290.22705078125,-0.006668051308952272,0.3,0.0003,0.01183635,39980,-1.1479338228702545,0.021484375
1079,949,200.0,4000,1983.01,1024000,0.2546078562736511,9317.89981689453,4387.865234375,-0.0016716753598302603,0.3,0.0003,0.0025918225,39990,-1.1819772958755492,0.0
1079,949,200.0,4001,1980.79,1024256,0.3964722156524658,7758.813415527344,5130.22705078125,-0.0007926765480078757,0.3,0.0003,0.0013406514,40000,-1.1555428326129913,0.0
1079,949,200.0,4002,1981.56,1024512,0.4697667360305786,11846.439758300781,6524.9892578125,0.00013720843708142638,0.3,0.0003,1.1818251e-05,40010,-1.1480230152606965,0.0
1079,949,200.0,4003,1976.02,1024768,0.15291112661361694,15932.041796875,6027.99951171875,-0.0012730041751638054,0.3,0.0003,0.0005120288,40020,-1.051021334528923,0.0
1080,949,200.0,4004,1990.71,1025024,0.5842909812927246,6659.229223632812,3279.56201171875,-0.0005272831651382149,0.3,0.0003,0.0009297489,40030,-0.7838434129953384,0.0
1080,949,200.0,4005,1990.36,1025280,0.60133957862854,9121.691625976562,4040.322265625,-0.0051253580371849235,0.3,0.0003,0.0027881658,40040,-1.0866255640983582,0.003515625
1080,949,200.0,4006,1991.51,1025536,0.17054134607315063,10101.223095703124,2888.39453125,-0.00035761784529313444,0.3,0.0003,0.0003546439,40050,-1.2473987698554994,0.0
1080,949,200.0,4007,1996.75,1025792,0.7160839438438416,4009.439176940918,868.3853759765625,-0.003193962760269642,0.3,0.0003,0.006182193,40060,-1.2982724130153656,0.00546875
1081,949,200.0,4008,1986.39,1026048,0.7101975679397583,5469.871588134765,2170.51416015625,-0.001578094658907503,0.3,0.0003,0.0032946449,40070,-1.1450131297111512,0.00078125
1081,948,200.0,4009,2001.79,1026304,0.644286572933197,8511.188427734374,4575.037109375,-0.002898185164667666,0.3,0.0003,0.0026151647,40080,-1.2653836905956268,0.0
1081,948,200.0,4010,2000.7,1026560,0.3449159860610962,13131.172778320313,6702.029296875,-0.0008775091380812227,0.3,0.0003,0.0015832135,40090,-1.1235963463783265,0.0
1081,949,200.0,4011,2034.06,1026816,0.7057074308395386,5460.145672607422,4011.233154296875,-0.005661933915689588,0.3,0.0003,0.0052318396,40100,-1.1026921212673186,0.0078125
1082,949,200.0,4012,2015.77,1027072,0.3875468373298645,8601.697094726562,3582.976806640625,-0.001486373192165047,0.3,0.0003,0.0013273885,40110,-1.1271536767482757,0.0
1082,948,200.0,4013,1997.38,1027328,0.11600369215011597,26202.84873046875,5944.8896484375,0.0007533576339483261,0.3,0.0003,0.00038130628,40120,-1.514509916305542,0.0
1082,949,200.0,4014,1994.67,1027584,0.7028223872184753,3975.8649169921873,2227.966796875,-0.007613443513400852,0.3,0.0003,0.0074069314,40130,-1.3591118335723877,0.0078125
1083,948,200.0,4015,2018.17,1027840,0.7426035404205322,4557.285485839844,2939.90576171875,-0.003016206528991461,0.3,0.0003,0.004453784,40140,-1.1646955251693725,0.000390625
1083,948,200.0,4016,2033.68,1028096,0.6830809116363525,8816.305017089844,6479.07421875,-0.0015210309997200967,0.3,0.0003,0.005671787,40150,-1.3004940271377563,0.002734375
1083,948,200.0,4017,2044.94,1028352,0.6001312732696533,5294.8978820800785,3579.8310546875,-0.007322192913852632,0.3,0.0003,0.01159307,40160,-1.1078051567077636,0.01015625
1083,948,200.0,4018,2044.42,1028608,0.49032652378082275,8838.902099609375,3937.70703125,-6.570182740688324e-05,0.3,0.0003,0.0015517187,40170,-1.0934329986572267,0.0
1084,948,200.0,4019,2051.15,1028864,0.6823012828826904,7451.809020996094,1546.3294677734375,-0.0017079723707865923,0.3,0.0003,0.00201788,40180,-1.0554276704788208,0.0
1084,948,200.0,4020,2051.57,1029120,0.2572025656700134,2432.1853057861326,1728.8956298828125,-0.007150277053005994,0.3,0.0003,0.0071740355,40190,-1.2572677969932555,0.009765625
1084,948,200.0,4021,2064.8,1029376,0.3541562557220459,22911.959912109374,10853.2841796875,-0.0021339644212275744,0.3,0.0003,0.0043951683,40200,-1.2422112226486206,0.00234375
1084,948,200.0,4022,2060.55,1029632,0.603104293346405,5332.799011230469,855.3233642578125,-0.004334209766238928,0.3,0.0003,0.006793499,40210,-1.174149602651596,0.0046875
1085,948,200.0,4023,2084.49,1029888,0.6017258763313293,10394.364184570313,3472.87255859375,-0.0017696560127660633,0.3,0.0003,0.0036729688,40220,-1.0843553483486175,0.0
1085,948,200.0,4024,2086.83,1030144,0.46066397428512573,11978.483666992188,5421.44677734375,-0.0015393249574117362,0.3,0.0003,0.0013004697,40230,-1.1413467824459076,0.0
1085,948,200.0,4025,2089.44,1030400,0.7571289539337158,3225.621224975586,812.0897216796875,-0.002236468461342156,0.3,0.0003,0.002999258,40240,-1.3257846236228943,0.00078125
1086,948,200.0,4026,2086.83,1030656,0.04257321357727051,20703.89631347656,10173.171875,-0.00195545416790992,0.3,0.0003,0.002013724,40250,-1.4220949232578277,0.0
1086,948,200.0,4027,2090.03,1030912,0.5490774512290955,9471.350793457032,6715.58447265625,-0.0002724869234953076,0.3,0.0003,0.00031537935,40260,-1.2434849560260772,0.0
1086,948,200.0,4028,2093.54,1031168,0.14565128087997437,11112.57158203125,2986.305419921875,-0.0003108062315732241,0.3,0.0003,0.00037804036,40270,-1.0970911145210267,0.0
1086,948,200.0,4029,2106.63,1031424,0.4501623511314392,8397.85594482422,2694.0205078125,-0.0003344344557262957,0.3,0.0003,8.54251e-05,40280,-1.2164523661136628,0.0
1087,948,200.0,4030,2104.6,1031680,0.657435953617096,6461.424621582031,2542.334716796875,-0.0012112484080716967,0.3,0.0003,0.0007619716,40290,-1.309436273574829,0.0
1087,948,200.0,4031,2110.74,1031936,0.6841429471969604,4753.193762207031,3112.468017578125,-0.001282533537596464,0.3,0.0003,0.0010590842,40300,-1.2349561393260955,0.0
1087,948,200.0,4032,2105.48,1032192,0.5244637727737427,6329.812646484375,3668.68017578125,-0.0007142270915210247,0.3,0.0003,0.00048110937,40310,-1.377296781539917,0.0
1087,949,200.0,4033,2107.13,1032448,0.3369152545928955,9217.490551757812,3478.0341796875,-0.0013404019409790635,0.3,0.0003,0.0007808353,40320,-1.4367691814899444,0.0
1088,949,200.0,4034,2112.69,1032704,0.3516271114349365,17483.239208984374,5410.5537109375,-0.0004007147625088692,0.3,0.0003,0.00015093596,40330,-1.0470392405986786,0.0
1088,948,200.0,4035,2128.11,1032960,0.6544067859649658,7125.815185546875,2158.539794921875,-0.006618756428360939,0.3,0.0003,0.00217347,40340,-1.3625196635723114,0.001953125
1088,948,200.0,4036,2133.55,1033216,0.4427022337913513,12634.296081542969,1561.3687744140625,5.015773931518197e-05,0.3,0.0003,0.00080166827,40350,-1.3506270945072174,0.0
1089,949,200.0,4037,2130.11,1033472,0.6909298300743103,7432.784765625,3561.409912109375,-0.0015929632820189,0.3,0.0003,0.0015336629,40360,-1.2415346801280975,0.0
1089,948,200.0,4038,2114.18,1033728,0.2117558717727661,10637.58427734375,3988.4013671875,-0.00015651558060199023,0.3,0.0003,0.0012838382,40370,-1.425960373878479,0.0
1089,948,200.0,4039,2118.96,1033984,0.7076290845870972,5329.507141113281,2478.261962890625,-0.00446548848412931,0.3,0.0003,0.0058069257,40380,-1.2973532140254975,0.00546875
1089,948,200.0,4040,2087.31,1034240,0.4468809962272644,10522.337475585937,4238.44091796875,-0.0014143744949251414,0.3,0.0003,0.0006714177,40390,-1.4412445962429046,0.0
1090,948,200.0,4041,2087.93,1034496,0.4161863923072815,22266.45205078125,12333.369140625,-0.002528769103810191,0.3,0.0003,0.00089923665,40400,-1.4603798747062684,0.0
1090,948,200.0,4042,2103.4,1034752,0.4897080659866333,9764.089099121094,2510.394287109375,-0.0006791390012949705,0.3,0.0003,0.00030307192,40410,-1.3953131556510925,0.0
1090,948,200.0,4043,2081.01,1035008,0.7737465500831604,3774.51650390625,1304.78759765625,-0.004702665563672781,0.3,0.0003,0.006771138,40420,-1.167399376630783,0.0109375
1090,948,200.0,4044,2096.33,1035264,0.6754025220870972,7868.410791015625,3183.612060546875,-0.0032551866490393875,0.3,0.0003,0.006803291,40430,-1.3942733228206634,0.001953125
1091,948,200.0,4045,2090.64,1035520,0.7759349346160889,3858.7524353027343,1217.717529296875,-0.002461043419316411,0.3,0.0003,0.0008258228,40440,-1.2729650259017944,0.0
1091,948,200.0,4046,2103.26,1035776,0.8057686686515808,4551.31188659668,2385.20556640625,-0.003781596664339304,0.3,0.0003,0.0024162165,40450,-1.25030956864357,0.0
1091,948,200.0,4047,2124.97,1036032,0.6531807780265808,4891.484539794922,1717.860107421875,-0.00421318004373461,0.3,0.0003,0.0065076817,40460,-1.1782608151435852,0.003515625
1091,948,200.0,4048,2123.08,1036288,0.24336838722229004,11051.493872070312,5588.85888671875,-0.0012923203874379396,0.3,0.0003,0.0021328074,40470,-1.0748932361602783,0.0
1092,948,200.0,4049,2106.83,1036544,0.295555055141449,21257.672802734374,6727.5048828125,-0.0006881126202642918,0.3,0.0003,0.00024106423,40480,-1.1091790914535522,0.0
1092,948,200.0,4050,2119.86,1036800,0.24980932474136353,11036.721630859374,5077.00341796875,-0.0002839076332747936,0.3,0.0003,6.8972586e-05,40490,-1.2628700375556945,0.0
1092,948,200.0,4051,2120.35,1037056,0.6594228744506836,6081.231726074218,3557.041748046875,-0.008006161474622787,0.3,0.0003,0.011378369,40500,-1.1658794045448304,0.01328125
1093,948,200.0,4052,2124.05,1037312,-0.04772937297821045,40157.0044921875,23363.34765625,0.001770438638050109,0.3,0.0003,0.0018930754,40510,-1.1249542117118836,0.0
1093,948,200.0,4053,2111.24,1037568,0.4839130640029907,6925.935192871094,3249.468017578125,-0.0019853989826515315,0.3,0.0003,0.00047940155,40520,-1.2834045350551606,0.0
1093,948,200.0,4054,2107.52,1037824,0.43337637186050415,6485.859350585937,3570.44775390625,-0.00017615396063774824,0.3,0.0003,0.00012268475,40530,-1.095012265443802,0.0
1093,948,200.0,4055,2138.57,1038080,0.3974854350090027,14425.963134765625,4169.90869140625,-0.00015456452965736389,0.3,0.0003,2.8797192e-05,40540,-1.1823370337486268,0.0
1094,948,200.0,4056,2149.86,1038336,0.5050073862075806,8673.342309570313,4052.216796875,-0.00220874494407326,0.3,0.0003,0.0014224693,40550,-1.0843797087669373,0.0
1094,948,200.0,4057,2155.91,1038592,0.532325029373169,6799.447082519531,3732.44384765625,0.0004974018083885312,0.3,0.0003,0.0004522598,40560,-1.0434566408395767,0.0
1094,948,200.0,4058,2148.38,1038848,0.41091614961624146,8147.6107177734375,1446.8038330078125,-0.0008122683269903064,0.3,0.0003,0.00015523331,40570,-1.3453870475292207,0.0
1094,948,200.0,4059,2152.63,1039104,0.4408329129219055,11152.371215820312,3869.80419921875,-9.379667462781072e-05,0.3,0.0003,1.272466e-05,40580,-0.9923056721687317,0.0
1095,948,200.0,4060,2156.13,1039360,0.485234797000885,10169.839697265625,6957.603515625,-0.004315069364383817,0.3,0.0003,0.0026526004,40590,-1.3336004972457887,0.0
1095,948,200.0,4061,2149.99,1039616,0.6061895489692688,6211.826641845703,919.74755859375,-0.002534767147153616,0.3,0.0003,0.0033906118,40600,-1.3395139873027802,0.00078125
1095,948,200.0,4062,2168.02,1039872,0.578266978263855,11112.0900390625,8735.0185546875,-4.3589179404079915e-05,0.3,0.0003,0.00094404863,40610,-1.2951107144355773,0.0
1096,948,200.0,4063,2166.94,1040128,0.6344746351242065,5091.477111816406,3045.900634765625,-0.002718501351773739,0.3,0.0003,0.003990612,40620,-1.1232998192310333,0.001953125
1096,948,200.0,4064,2142.95,1040384,0.38453978300094604,8923.291430664063,2242.537841796875,-0.0026612805435433985,0.3,0.0003,0.0034272927,40630,-1.0762280225753784,0.0
1096,948,200.0,4065,2114.09,1040640,0.2085530161857605,12544.954809570312,6069.41845703125,-0.00390150195453316,0.3,0.0003,0.0053264354,40640,-1.1334855914115907,0.0046875
1096,948,200.0,4066,2108.09,1040896,0.46357494592666626,9841.926599121094,2761.21875,0.0004942861152812839,0.3,0.0003,0.00084296335,40650,-1.3917900204658509,0.0
1097,948,200.0,4067,2113.23,1041152,0.21475505828857422,23909.266064453124,11476.27734375,-0.0008372110081836581,0.3,0.0003,0.00012799678,40660,-1.1939345180988312,0.0
1097,948,200.0,4068,2113.65,1041408,0.4229534864425659,7849.288305664062,2132.991943359375,-0.0004249622579663992,0.3,0.0003,0.00014996273,40670,-0.9833812594413758,0.0
1097,948,200.0,4069,2098.41,1041664,0.3663937449455261,7692.661682128906,3757.170166015625,-4.047187976539135e-05,0.3,0.0003,2.0773616e-05,40680,-1.0582858145236969,0.0
1097,948,200.0,4070,2091.32,1041920,0.1956436038017273,20020.565014648437,6239.56689453125,-0.001659277081489563,0.3,0.0003,0.0003365744,40690,-1.4169172525405884,0.0
1098,948,200.0,4071,2070.66,1042176,0.6843248009681702,4051.5072509765623,1538.5440673828125,-0.00035633810330182314,0.3,0.0003,0.00022149528,40700,-1.2416535019874573,0.0
1098,948,200.0,4072,2063.21,1042432,0.7479197978973389,2971.6770736694334,1449.674072265625,-0.004728309204801917,0.3,0.0003,0.0045447447,40710,-1.2192581653594972,0.00234375
1098,948,200.0,4073,2068.88,1042688,0.08556026220321655,21016.544921875,9216.1240234375,-0.0010737658711150288,0.3,0.0003,0.004711963,40720,-1.0348305583000184,0.004296875
1099,948,200.0,4074,2068.33,1042944,0.662643313407898,5344.595715332031,1555.7340087890625,-0.0018951651873067021,0.3,0.0003,0.0022283667,40730,-1.109594041109085,0.0
1099,948,200.0,4075,2061.46,1043200,0.6966076493263245,4079.0437255859374,3066.4345703125,-0.0016289823688566685,0.3,0.0003,0.002679893,40740,-1.1706227838993073,0.0
1099,948,200.0,4076,2048.86,1043456,0.3792567253112793,7063.428356933594,3110.253173828125,0.0004134329268708825,0.3,0.0003,0.0029659164,40750,-1.1630035042762756,0.0
1099,948,200.0,4077,2040.93,1043712,0.32227879762649536,9052.939721679688,3983.580322265625,-0.0011217342049349099,0.3,0.0003,0.00045014592,40760,-1.2687484622001648,0.0
1100,948,200.0,4078,2053.54,1043968,0.3009176254272461,24518.72197265625,5982.36181640625,-0.004229597374796867,0.3,0.0003,0.0013547889,40770,-1.1792447507381438,0.0
1100,948,200.0,4079,2029.11,1044224,0.593805193901062,5689.790173339844,1645.917724609375,-0.0045901641133241355,0.3,0.0003,0.0031154177,40780,-1.2054717600345612,0.002734375
1100,948,200.0,4080,2039.39,1044480,0.4955213665962219,12698.640649414063,4991.22998046875,-0.0008056888647843153,0.3,0.0003,0.00058305287,40790,-1.273936575651169,0.0
1100,948,200.0,4081,2044.11,1044736,0.533179521560669,7371.932177734375,3386.980712890625,-0.001302064792253077,0.3,0.0003,0.00073242676,40800,-1.0656428456306457,0.0
1101,948,200.0,4082,2061.88,1044992,0.14881426095962524,14834.037329101562,6338.40771484375,-0.001125011598924175,0.3,0.0003,0.00043644966,40810,-1.1036816775798797,0.0
1101,948,200.0,4083,2041.27,1045248,0.6480146646499634,5582.2609375,921.2870483398438,-0.002203560248017311,0.3,0.0003,0.0016572198,40820,-0.9178671598434448,0.0
1101,948,200.0,4084,2045.26,1045504,0.456376850605011,13758.4265625,7427.3955078125,-0.0023248562356457114,0.3,0.0003,0.0036140354,40830,-1.212841933965683,0.0
1102,948,200.0,4085,2042.35,1045760,0.25013959407806396,14354.520458984374,8362.8232421875,-0.0033439302118495108,0.3,0.0003,0.0005350821,40840,-1.1624063014984132,0.0
1102,948,200.0,4086,2028.95,1046016,0.4396268129348755,8775.381909179687,5080.4091796875,-0.00167263001203537,0.3,0.0003,0.00055216416,40850,-1.2142922222614287,0.0
1102,948,200.0,4087,2015.7,1046272,0.4118649363517761,19633.944921875,4939.5791015625,-0.003233406227082014,0.3,0.0003,0.001294106,40860,-1.4159956395626068,0.0
1102,948,200.0,4088,2021.79,1046528,0.4327239394187927,6292.771209716797,3246.944580078125,4.355179844424128e-05,0.3,0.0003,0.0002439837,40870,-1.0308490067720413,0.0
1103,948,200.0,4089,2004.08,1046784,0.3256736993789673,10185.53501586914,7614.8994140625,3.822385333478451e-05,0.3,0.0003,7.836148e-05,40880,-1.0289162307977677,0.0
1103,948,200.0,4090,1987.27,1047040,0.4140167236328125,6242.4486328125,3113.00048828125,-0.0005387385841459036,0.3,0.0003,0.00020628306,40890,-1.052107647061348,0.0
1103,948,200.0,4091,1992.65,1047296,0.4737163782119751,9932.768237304688,6163.98876953125,-0.0005215731565840542,0.3,0.0003,9.897514e-05,40900,-1.2804714441299438,0.0
1103,948,200.0,4092,1990.15,1047552,0.05932086706161499,10739.556787109375,6898.7373046875,-0.00024233126314356923,0.3,0.0003,0.00047695288,40910,-0.9860382616519928,0.0
1104,948,200.0,4093,1987.48,1047808,0.6524802446365356,7679.440954589843,1840.787841796875,-0.0008474218193441629,0.3,0.0003,0.00023830403,40920,-1.114330953359604,0.0
1104,948,200.0,4094,1982.59,1048064,0.21741735935211182,20641.58828125,4109.15234375,-0.006536490563303232,0.3,0.0003,0.0030687456,40930,-0.9879709750413894,0.001953125
1104,948,200.0,4095,1984.61,1048320,0.6245083808898926,5692.879821777344,1914.8291015625,-0.008941648458130658,0.3,0.0003,0.0104798665,40940,-1.0253174215555192,0.009375
1104,948,200.0,4096,1965.26,1048576,0.10564476251602173,6853.393090820313,3159.358642578125,-0.003937984863296151,0.3,0.0003,0.0034698104,40950,-1.0603521674871446,0.0
1105,948,200.0,4097,1952.61,1048832,0.5632323622703552,8045.568530273437,3875.93408203125,-0.0009986717894207686,0.3,0.0003,0.0005555996,40960,-1.0159501880407333,0.0
1105,948,200.0,4098,1948.64,1049088,0.5563712120056152,9706.657958984375,6785.50244140625,-0.0001873733475804329,0.3,0.0003,0.0001419182,40970,-0.9309050261974334,0.0
1105,948,200.0,4099,1930.43,1049344,-0.6457353830337524,4670.814221191406,2105.29052734375,-0.0011071042972616851,0.3,0.0003,0.0006859058,40980,-0.9864759415388107,0.0
1106,948,200.0,4100,1931.02,1049600,0.04717284440994263,40121.716796875,16427.77734375,-0.0018599619856104256,0.3,0.0003,0.0005137345,40990,-1.116755348443985,0.0
1106,948,200.0,4101,1924.43,1049856,0.23109710216522217,12876.596142578124,4687.91943359375,-0.0017388613196089864,0.3,0.0003,0.0004342217,41000,-1.071493035554886,0.0
1106,948,200.0,4102,1915.3,1050112,0.26242029666900635,24876.766650390626,12835.09765625,-0.0005792744923382998,0.3,0.0003,0.00010476471,41010,-0.9311162382364273,0.0
1106,948,200.0,4103,1909.43,1050368,0.4038366675376892,10935.310400390625,6640.98193359375,-0.0012399068102240563,0.3,0.0003,0.0004186926,41020,-1.4087425649166108,0.0
1107,948,200.0,4104,1920.81,1050624,0.3810730576515198,7844.566430664063,2339.835205078125,-0.0030971871223300696,0.3,0.0003,0.00209189,41030,-1.3815831601619721,0.0
1107,948,200.0,4105,1938.73,1050880,0.3342558741569519,22944.51748046875,10276.3515625,-0.00011547186877578497,0.3,0.0003,0.00019134558,41040,-1.1821088790893555,0.0
1107,948,200.0,4106,1939.76,1051136,0.5320103168487549,6336.905895996094,2283.852783203125,-0.000937026203610003,0.3,0.0003,0.00018551038,41050,-1.045208403468132,0.0
1107,948,200.0,4107,1924.15,1051392,0.2628268003463745,9595.458056640626,2442.692626953125,-0.0005261616548523307,0.3,0.0003,0.00017417432,41060,-1.197264587879181,0.0
1108,948,200.0,4108,1916.57,1051648,0.5268455743789673,6466.586499023438,3349.12548828125,-0.0003590705688111484,0.3,0.0003,8.236966e-05,41070,-1.1638702392578124,0.0
1108,948,200.0,4109,1914.08,1051904,0.5611178874969482,8542.704040527344,5630.34619140625,-0.00020165024325251578,0.3,0.0003,4.7021545e-05,41080,-0.9833315044641495,0.0
1108,948,200.0,4110,1926.87,1052160,0.7515256404876709,3011.3315246582033,324.6625671386719,-0.0012976052006706596,0.3,0.0003,0.0005297649,41090,-1.0681080758571624,0.0
1109,948,200.0,4111,1933.33,1052416,0.48611778020858765,6282.4970703125,3592.17822265625,-0.003486581356264651,0.3,0.0003,0.0084984405,41100,-1.0909014105796815,0.01015625
1109,948,200.0,4112,1948.47,1052672,0.6056351661682129,9919.470141601563,4641.4853515625,-0.00039662675699219107,0.3,0.0003,0.00063867425,41110,-1.0230289727449418,0.0
1109,948,200.0,4113,1935.78,1052928,0.6440246105194092,6912.819055175782,2135.029296875,-0.0008382700383663177,0.3,0.0003,0.0006206983,41120,-1.0330363750457763,0.0
1109,948,200.0,4114,1931.54,1053184,0.30677568912506104,8543.756909179687,3388.505615234375,-0.00016535654431208967,0.3,0.0003,0.0004291844,41130,-1.0975228786468505,0.0
1110,948,200.0,4115,1932.74,1053440,0.45644140243530273,9175.004040527343,5789.40185546875,-0.002777880453504622,0.3,0.0003,0.0012840647,41140,-1.298929327726364,0.0
1110,948,200.0,4116,1940.4,1053696,0.5281275510787964,10990.521740722656,4327.23779296875,0.00012511595850810408,0.3,0.0003,0.00014714873,41150,-1.1072829365730286,0.0
1110,948,200.0,4117,1922.47,1053952,0.4156550168991089,7301.243505859375,2239.2373046875,-0.0047730964608490465,0.3,0.0003,0.0024894096,41160,-1.367100089788437,0.00078125
1111,948,200.0,4118,1929.36,1054208,0.20914888381958008,9536.026232910157,6123.8154296875,-0.0002715091686695814,0.3,0.0003,0.0001907975,41170,-1.1397305369377135,0.0
1111,948,200.0,4119,1953.56,1054464,0.34905070066452026,13987.718725585937,5877.1728515625,0.0001984655624255538,0.3,0.0003,2.485537e-05,41180,-0.9768810212612152,0.0
1111,948,200.0,4120,1938.44,1054720,0.585286021232605,5713.529016113282,2940.9130859375,-0.00035762570332735776,0.3,0.0003,0.0003398729,41190,-1.0119305968284606,0.0
1111,948,200.0,4121,1937.66,1054976,0.2835426330566406,10038.851147460937,4418.5107421875,-0.0029636839404702186,0.3,0.0003,0.0036714536,41200,-1.1898695588111878,0.00234375
1112,948,200.0,4122,1946.46,1055232,0.6150692105293274,7952.307971191406,3861.928466796875,-0.0020258854376152156,0.3,0.0003,0.0010633317,41210,-1.3212218165397644,0.0
1112,948,200.0,4123,1951.45,1055488,0.5115240216255188,11892.935693359375,6697.818359375,0.0005803829757496714,0.3,0.0003,0.00041890074,41220,-1.1061868250370026,0.0
1112,948,200.0,4124,1951.58,1055744,0.6206163167953491,6927.915454101562,2616.02734375,-0.00042271940037608147,0.3,0.0003,0.00010701595,41230,-1.1947231352329255,0.0
1112,948,200.0,4125,1938.37,1056000,0.5404529571533203,6832.022082519531,1676.5712890625,-0.009905698127113283,0.3,0.0003,0.010415353,41240,-1.0585887014865876,0.013671875
1113,948,200.0,4126,1944.33,1056256,0.2434270977973938,13524.032543945312,6882.7158203125,-0.002578212623484433,0.3,0.0003,0.003507322,41250,-1.0304793655872344,0.00234375
1113,948,200.0,4127,1962.89,1056512,0.5670516490936279,10002.910961914062,3955.93798828125,-5.1970966160297395e-05,0.3,0.0003,0.00016248645,41260,-1.0953394234180451,0.0
1113,948,200.0,4128,1980.91,1056768,0.6250536441802979,5339.334497070313,2959.39306640625,-0.0007521997089497745,0.3,0.0003,0.00047030882,41270,-1.0602995038032532,0.0
1114,948,200.0,4129,1960.95,1057024,0.47715121507644653,8036.276901245117,4605.5595703125,-4.46380814537406e-05,0.3,0.0003,0.00041685137,41280,-0.9483796864748001,0.0
1114,948,200.0,4130,1968.58,1057280,0.5644243955612183,9630.641479492188,4600.7939453125,-0.0020709960954263806,0.3,0.0003,0.0006707439,41290,-1.2360044479370118,0.0
1114,948,200.0,4131,1979.18,1057536,0.5999375581741333,5242.978918457031,2691.01318359375,-0.0008200654410757124,0.3,0.0003,0.00027867826,41300,-1.0390107452869415,0.0
1114,948,200.0,4132,1977.25,1057792,0.5913925170898438,5323.748907470703,1427.5819091796875,-0.00306065296754241,0.3,0.0003,0.0023328273,41310,-1.0117689043283462,0.001171875
1115,948,200.0,4133,1987.27,1058048,-0.25799989700317383,15872.919946289063,2296.085205078125,-0.0006386713735992089,0.3,0.0003,0.0010517344,41320,-1.1066805720329285,0.0
1115,948,200.0,4134,1974.27,1058304,0.4992988109588623,15519.543139648438,2881.730712890625,-0.0006416987860575318,0.3,0.0003,0.0004445936,41330,-1.0598477125167847,0.0
1115,948,200.0,4135,1971.23,1058560,0.38903236389160156,10640.6517578125,4147.6103515625,-0.0014006181387230753,0.3,0.0003,0.00096976175,41340,-1.3368876695632934,0.0
1115,948,200.0,4136,1950.81,1058816,0.2645759582519531,8838.421606445312,2150.453125,-0.0007491882191970944,0.3,0.0003,0.0005928378,41350,-1.1857859253883363,0.0
1116,948,200.0,4137,1944.43,1059072,0.4967315196990967,13715.958959960937,3591.1630859375,-0.00018034696113318206,0.3,0.0003,0.00013702293,41360,-1.4935995578765868,0.0
1116,948,200.0,4138,1932.18,1059328,0.30682259798049927,8244.330004882813,3435.68505859375,-0.0006850481033325196,0.3,0.0003,0.0002860222,41370,-0.9520926475524902,0.0
1116,948,200.0,4139,1934.17,1059584,0.6732243299484253,3588.593475341797,562.2615966796875,-4.9519632011651996e-05,0.3,0.0003,7.901876e-05,41380,-0.9786567389965057,0.0
1117,948,200.0,4140,1954.27,1059840,0.6942559480667114,6193.604724121094,2795.85400390625,-0.0010986736626364291,0.3,0.0003,0.00026944163,41390,-1.0638028681278229,0.0
1117,948,200.0,4141,1956.45,1060096,0.7008740901947021,7350.7652587890625,2727.22265625,-0.002591018669772893,0.3,0.0003,0.005279935,41400,-1.070207840204239,0.003515625
1117,948,200.0,4142,1959.86,1060352,0.4737582206726074,7695.196069335938,2125.143798828125,-0.0017763202777132392,0.3,0.0003,0.0019659703,41410,-1.1801405787467956,0.000390625
1117,948,200.0,4143,1963.44,1060608,-1.6063878536224365,10347.232836914063,3380.4912109375,-0.0004576581297442317,0.3,0.0003,0.00012757629,41420,-0.949535870552063,0.0
1118,948,200.0,4144,1984.28,1060864,0.5015724301338196,14929.380810546874,9001.505859375,-0.0015277476864866911,0.3,0.0003,0.0003784469,41430,-1.1324100255966187,0.0
1118,948,200.0,4145,1959.52,1061120,0.7268050909042358,4455.352490234375,2169.79541015625,-0.0029321165755391123,0.3,0.0003,0.002282157,41440,-1.0184815108776093,0.0
1118,948,200.0,4146,1966.72,1061376,0.457099974155426,7517.157885742187,2510.345458984375,-0.0042080838233232495,0.3,0.0003,0.0028809323,41450,-1.4399342119693757,0.0
1118,948,200.0,4147,1961.75,1061632,0.565984845161438,6224.659558105469,3861.11865234375,-0.0009673855500295758,0.3,0.0003,0.0011260782,41460,-1.1413962900638581,0.0
1119,948,200.0,4148,1982.38,1061888,0.4340170621871948,13545.431530761718,5289.931640625,-0.0031273991451598706,0.3,0.0003,0.004242816,41470,-1.1116138637065887,0.004296875
1119,948,200.0,4149,1981.15,1062144,0.07465982437133789,19150.23095703125,7966.33349609375,-0.0012745432555675506,0.3,0.0003,0.00039630337,41480,-1.1316847562789918,0.0
1119,948,200.0,4150,1976.25,1062400,-0.22660207748413086,21979.08974609375,9805.8857421875,-0.0009703945834189653,0.3,0.0003,0.00014969078,41490,-1.4899327158927917,0.0
1119,948,200.0,4151,1967.48,1062656,0.4757820963859558,8901.33359375,6655.41943359375,-0.0009370476414915174,0.3,0.0003,0.00022674398,41500,-1.2802324056625367,0.0
1120,948,200.0,4152,1967.63,1062912,0.5789070129394531,11352.189282226562,2800.6357421875,-0.0009539819846395403,0.3,0.0003,0.000556594,41510,-1.1854733169078826,0.0
1120,948,200.0,4153,1963.25,1063168,0.6922979354858398,4474.621850585938,1720.700927734375,-0.004397418047301471,0.3,0.0003,0.0032502546,41520,-1.078703808784485,0.003515625
1120,948,200.0,4154,1957.8,1063424,0.4492868185043335,6625.7315673828125,880.482666015625,-0.00347682423889637,0.3,0.0003,0.005315221,41530,-1.1932688176631927,0.0046875
1121,948,200.0,4155,1983.22,1063680,0.44227784872055054,13807.719848632812,8552.4443359375,-0.0006021860404871404,0.3,0.0003,0.00044959295,41540,-1.1837748885154724,0.0
1121,948,200.0,4156,1961.56,1063936,0.708892822265625,4198.481854248047,3053.023681640625,-0.00234843012294732,0.3,0.0003,0.0022784409,41550,-1.0955013930797577,0.0
1121,948,200.0,4157,1965.84,1064192,0.6008260846138,6135.621337890625,2528.9697265625,-0.0015130394021980464,0.3,0.0003,0.0065117287,41560,-0.8546901524066925,0.018359375
1121,948,200.0,4158,1984.38,1064448,0.6849717497825623,5232.669244384766,3979.73583984375,-0.0020745646092109383,0.3,0.0003,0.00087552634,41570,-1.1405205309391022,0.0
1122,948,200.0,4159,1986.89,1064704,0.52486252784729,9972.83876953125,7453.029296875,-0.0007129300152882934,0.3,0.0003,0.0012872329,41580,-1.128590816259384,0.0
1122,948,200.0,4160,1960.53,1064960,-0.08362936973571777,18422.8611328125,10969.1298828125,-0.0005662483308697119,0.3,0.0003,0.00023050373,41590,-1.1968284785747527,0.0
1122,948,200.0,4161,1960.26,1065216,0.29257911443710327,15928.799829101563,11312.9404296875,-0.002167837880551815,0.3,0.0003,0.00039680582,41600,-1.338219118118286,0.0
1122,948,200.0,4162,1958.28,1065472,-0.16175663471221924,32207.9556640625,15189.0703125,-0.0011505142785608769,0.3,0.0003,0.00018829922,41610,-0.9891701847314834,0.0
1123,948,200.0,4163,1962.98,1065728,0.524765133857727,4887.7051452636715,1907.930419921875,-0.0004531692713499069,0.3,0.0003,0.0003630151,41620,-1.257471513748169,0.0
1123,948,200.0,4164,1969.52,1065984,0.03676086664199829,20526.14033203125,9561.5771484375,-0.0016281443764455616,0.3,0.0003,0.0001903947,41630,-1.3201240718364715,0.0
1123,948,200.0,4165,1973.33,1066240,0.4060196876525879,9892.031994628906,2175.051513671875,-0.0001473540673032403,0.3,0.0003,7.6112105e-05,41640,-1.2553433299064636,0.0
1123,948,200.0,4166,1973.14,1066496,0.560183048248291,10522.408422851562,2641.673095703125,-0.0008931872202083468,0.3,0.0003,8.224719e-05,41650,-1.0851360142230988,0.0
1124,948,200.0,4167,1974.15,1066752,0.27816271781921387,13849.44892578125,8225.880859375,-0.0004988610744476318,0.3,0.0003,0.0001438933,41660,-1.2444387257099152,0.0
1124,948,200.0,4168,1991.55,1067008,0.24298423528671265,19479.754541015624,10539.5595703125,-0.004750107659492642,0.3,0.0003,0.0017726684,41670,-1.3791145205497741,0.0
1124,948,200.0,4169,1983.86,1067264,0.4179992079734802,9639.923059082032,6417.0107421875,-0.001191656617447734,0.3,0.0003,0.0014248802,41680,-1.0212844461202621,0.0
1124,948,200.0,4170,1969.68,1067520,-0.14106476306915283,19566.9896484375,6521.11767578125,-0.0010245092213153838,0.3,0.0003,0.0003275748,41690,-1.2340212225914002,0.0
1125,948,200.0,4171,1953.75,1067776,0.2901914119720459,7850.7548156738285,2828.833251953125,-0.00016119020292535425,0.3,0.0003,1.9442989e-05,41700,-0.5455243736505508,0.0
1125,948,200.0,4172,1936.01,1068032,0.4132586717605591,8057.505895996093,3362.393798828125,-0.0011912215035408736,0.3,0.0003,0.000216407,41710,-1.2554948449134826,0.0
1125,948,200.0,4173,1920.46,1068288,0.1290695071220398,30636.078125,16914.146484375,-0.0008378430036827921,0.3,0.0003,0.00015312736,41720,-0.9621939986944199,0.0
1126,948,200.0,4174,1934.17,1068544,0.6463547348976135,4298.868069458008,2240.386474609375,-0.0007276438642293215,0.3,0.0003,0.00064650574,41730,-1.2686148405075073,0.0
1126,948,200.0,4175,1924.14,1068800,0.5095394253730774,7052.278063964844,2665.696533203125,-0.001887894212268293,0.3,0.0003,0.0021541116,41740,-1.32283096909523,0.0
1126,948,200.0,4176,1948.08,1069056,0.5721441507339478,5058.176416015625,2627.900390625,-0.0004396363161504269,0.3,0.0003,0.0006215798,41750,-1.099345874786377,0.0
1126,948,200.0,4177,1946.12,1069312,0.6868152618408203,8593.8740234375,3357.000244140625,-0.00035292902030050757,0.3,0.0003,0.00012612459,41760,-1.0704537391662599,0.0
1127,948,200.0,4178,1948.33,1069568,0.697330117225647,3463.336773681641,809.1766967773438,-0.0035380987101234496,0.3,0.0003,0.0035112428,41770,-1.1014986634254456,0.0
1127,948,200.0,4179,1934.18,1069824,0.5342938899993896,6961.78017578125,3254.74853515625,7.52897234633565e-05,0.3,0.0003,0.0031546936,41780,-1.2560237169265747,0.0
1127,948,200.0,4180,1951.4,1070080,0.6233112812042236,10620.299829101563,2555.533203125,-0.003162599611096084,0.3,0.0003,0.0014959096,41790,-1.1427284002304077,0.000390625
1127,948,200.0,4181,1961.04,1070336,0.46828287839889526,13224.439379882813,2807.19677734375,-0.0022597748087719084,0.3,0.0003,0.002701653,41800,-1.26617791056633,0.003125
1128,948,200.0,4182,1959.48,1070592,0.43314677476882935,6748.5931640625,2363.96337890625,-0.00430901471991092,0.3,0.0003,0.002386225,41810,-1.3232110381126403,0.000390625
1128,948,200.0,4183,1944.44,1070848,0.5114984512329102,6128.567932128906,694.8865966796875,-0.0037320380681194363,0.3,0.0003,0.0024491579,41820,-1.2917309045791625,0.00078125
1128,948,200.0,4184,1960.63,1071104,0.49794530868530273,11636.169287109375,5451.50634765625,-0.0023711873742286115,0.3,0.0003,0.0062238583,41830,-1.1822548985481263,0.002734375
1129,948,200.0,4185,1943.84,1071360,0.20836752653121948,5806.282470703125,2639.936279296875,0.0002953214570879936,0.3,0.0003,0.0005791015,41840,-0.7433968544006347,0.0
1129,948,200.0,4186,1937.32,1071616,0.5492384433746338,5802.877136230469,2851.823974609375,-0.00037771023344248535,0.3,0.0003,0.0004217038,41850,-1.2067096650600433,0.0
1129,948,200.0,4187,1957.87,1071872,0.48388946056365967,12303.862817382813,6067.9130859375,-0.00013463632203638553,0.3,0.0003,9.381911e-05,41860,-1.100824761390686,0.0
1129,948,200.0,4188,1968.82,1072128,0.6232756972312927,5172.494116210937,3006.298583984375,-0.0010069162817671895,0.3,0.0003,0.0009420167,41870,-1.1288798034191132,0.0
1130,948,200.0,4189,1971.09,1072384,0.4212073087692261,8456.64560546875,3261.38037109375,-0.002636110468301922,0.3,0.0003,0.0065091606,41880,-1.1808152556419373,0.00625
1130,948,200.0,4190,1947.93,1072640,0.4560399055480957,8664.203784179688,4610.9541015625,-0.0033597972244024275,0.3,0.0003,0.0016663016,41890,-1.327208161354065,0.0
1130,948,200.0,4191,1934.66,1072896,0.4990588426589966,10889.404650878907,5840.20166015625,-0.0003817355667706579,0.3,0.0003,0.0004217578,41900,-1.1248916804790496,0.0
1130,948,200.0,4192,1943.93,1073152,0.3848915100097656,10743.132568359375,3668.794189453125,-0.0008547975681722164,0.3,0.0003,8.3162915e-05,41910,-0.845350056886673,0.0
1131,948,200.0,4193,1948.91,1073408,0.5498251914978027,5897.282006835938,4003.76416015625,-0.0027414565440267323,0.3,0.0003,0.0011875364,41920,-1.3210161805152894,0.0
1131,948,200.0,4194,1943.52,1073664,0.7185455560684204,7651.852264404297,2470.6396484375,-0.0014543623779900371,0.3,0.0003,0.002337974,41930,-1.2030492067337035,0.0
1131,948,200.0,4195,1939.14,1073920,0.6615277528762817,5259.902447509766,856.6262817382812,-0.001962623931467533,0.3,0.0003,0.0007689914,41940,-1.2422606706619264,0.0
1131,948,200.0,4196,1932.78,1074176,0.6874313950538635,4750.470544433594,1841.13525390625,-0.006129050184972585,0.3,0.0003,0.0051849876,41950,-1.3967147409915923,0.001171875
1132,948,200.0,4197,1952.95,1074432,0.7555715441703796,4277.60307006836,2752.09033203125,-0.0007222350046504289,0.3,0.0003,0.0011785855,41960,-1.3150248646736145,0.0
1132,948,200.0,4198,1970.85,1074688,0.5903199911117554,10002.408251953126,3640.694091796875,-0.0051000660052523015,0.3,0.0003,0.0038654038,41970,-1.1440499424934387,0.0015625
1132,948,200.0,4199,1972.39,1074944,0.6530206203460693,6558.992614746094,4027.988525390625,-0.003241246799007058,0.3,0.0003,0.0036423628,41980,-1.1366235733032226,0.001953125
1133,948,200.0,4200,1959.61,1075200,0.32986873388290405,13494.0484375,3500.369873046875,-0.0005155433202162385,0.3,0.0003,0.0011444581,41990,-1.19340740442276,0.0
1133,948,200.0,4201,1960.3,1075456,0.07776916027069092,17988.05859375,8103.0556640625,-0.0017390999943017959,0.3,0.0003,0.0013536105,42000,-1.2294922471046448,0.0
1133,948,200.0,4202,1948.25,1075712,0.4488450288772583,15665.428588867188,9619.77734375,-0.0007065598387271166,0.3,0.0003,7.70099e-05,42010,-1.32932351231575,0.0
1133,948,200.0,4203,1931.93,1075968,0.570541501045227,6809.7892395019535,2555.85009765625,-0.0026453340193256735,0.3,0.0003,0.0019441438,42020,-1.3298910677433013,0.0
1134,948,200.0,4204,1965.22,1076224,0.5068039894104004,7870.78701171875,2421.650146484375,-0.005283581116236747,0.3,0.0003,0.004996118,42030,-1.1033279597759247,0.00859375
1134,948,200.0,4205,1953.21,1076480,0.643791675567627,7759.771520996093,4294.857421875,-0.005338429217226803,0.3,0.0003,0.015574795,42040,-0.9985199958086014,0.0296875
1134,948,200.0,4206,1955.8,1076736,0.7502022385597229,4907.922811889648,4116.75,-0.0047564654843881725,0.3,0.0003,0.004471537,42050,-0.9812606573104858,0.0015625
1134,948,200.0,4207,1962.09,1076992,0.6879517436027527,4584.068249511719,2165.0029296875,-0.007613833388313651,0.3,0.0003,0.010848064,42060,-1.089288192987442,0.04375
1135,948,200.0,4208,1952.57,1077248,0.5574188232421875,4419.115063476563,972.5199584960938,-0.00016826451756060123,0.3,0.0003,0.0020549584,42070,-1.1671729505062103,0.0
1135,948,200.0,4209,1928.93,1077504,0.521328330039978,11653.655688476563,3833.9482421875,-0.000517561030574143,0.3,0.0003,0.0022950028,42080,-1.1219953060150147,0.0
1135,948,200.0,4210,1927.09,1077760,0.23856163024902344,15909.222729492187,4749.69580078125,-0.0021019622799940407,0.3,0.0003,0.001710353,42090,-1.2917629420757293,0.0
1136,948,200.0,4211,1910.74,1078016,0.4465060234069824,6522.0908203125,2310.1259765625,-0.007298251066822558,0.3,0.0003,0.006351482,42100,-1.1173261761665345,0.005859375
1136,948,200.0,4212,1903.83,1078272,0.24823671579360962,22903.693359375,10661.482421875,-0.005639882036484778,0.3,0.0003,0.003017814,42110,-1.127925491333008,0.003125
1136,948,200.0,4213,1922.38,1078528,0.49610185623168945,10272.588305664063,6076.2314453125,-0.0006612926255911589,0.3,0.0003,0.0002905554,42120,-0.8699531257152557,0.0
1136,948,200.0,4214,1923.36,1078784,0.3900381922721863,8808.093383789062,1571.22900390625,-0.0030991570325568317,0.3,0.0003,0.0023218791,42130,-1.101985889673233,0.0
1137,948,200.0,4215,1943.73,1079040,0.702255129814148,3286.2148986816405,409.451171875,-0.0020935085020028056,0.3,0.0003,0.0024665396,42140,-1.1644738793373108,0.0015625
1137,948,200.0,4216,1971.39,1079296,0.5660715103149414,10716.445825195313,8243.0537109375,-0.0017555327154695987,0.3,0.0003,0.004764772,42150,-0.9692747116088867,0.005078125
1137,948,200.0,4217,1970.79,1079552,0.07168251276016235,21590.72177734375,11739.865234375,-0.0009976796573027968,0.3,0.0003,0.0014231238,42160,-1.1214973390102387,0.0
1137,948,200.0,4218,1965.81,1079808,0.7455477714538574,4982.344427490234,1355.8099365234375,-0.0017075847135856748,0.3,0.0003,0.0012524151,42170,-1.0712803453207016,0.0
1138,948,200.0,4219,1978.36,1080064,0.5979650616645813,8753.287036132813,4805.529296875,-0.0020553907146677376,0.3,0.0003,0.0039589005,42180,-0.9869811922311783,0.00390625
1138,948,200.0,4220,1980.79,1080320,0.6828347444534302,5739.100854492188,2348.603515625,-0.008287629624828697,0.3,0.0003,0.020405851,42190,-1.0926794409751892,0.054296875
1138,948,200.0,4221,1990.47,1080576,0.45211100578308105,6954.188220214844,2881.643310546875,-6.52410788461566e-05,0.3,0.0003,0.0012660823,42200,-1.005313503742218,0.0
1138,948,200.0,4222,1990.46,1080832,0.02768617868423462,12380.536694335937,5208.890625,0.00015761408722028136,0.3,0.0003,0.000983865,42210,-1.1487070262432098,0.0
1139,948,200.0,4223,1999.47,1081088,0.13311779499053955,13506.487915039062,3533.87158203125,-0.00011865755077451467,0.3,0.0003,2.5912188e-05,42220,-1.0600267708301545,0.0
1139,948,200.0,4224,2005.84,1081344,0.4439343214035034,9050.58681640625,3391.040771484375,-0.0011398893431760371,0.3,0.0003,0.0016945405,42230,-0.8979218602180481,0.0
1139,948,200.0,4225,2005.41,1081600,0.49989020824432373,8175.424829101563,3507.784912109375,-0.0008865689858794212,0.3,0.0003,0.0006705448,42240,-1.12485328912735,0.0
1140,948,200.0,4226,1987.58,1081856,0.38820165395736694,7174.24375,2887.481201171875,-0.0008144602179527283,0.3,0.0003,0.0012597537,42250,-1.074498701095581,0.0
1140,948,200.0,4227,2011.77,1082112,0.5742067694664001,10281.702404785156,2694.35498046875,-0.0006302609341219068,0.3,0.0003,0.00032841763,42260,-1.069713020324707,0.0
1140,948,200.0,4228,2007.45,1082368,0.5280414819717407,8546.904541015625,4682.0263671875,-0.0007567969616502524,0.3,0.0003,0.00026414427,42270,-1.1097583293914794,0.0
1140,948,200.0,4229,2000.96,1082624,-0.49760210514068604,32836.97734375,17140.947265625,-0.0034292698255740106,0.3,0.0003,0.0005445804,42280,-1.2201410293579102,0.0
1141,948,200.0,4230,1986.1,1082880,0.19436252117156982,27336.95732421875,14147.6181640625,-0.0005693913961295038,0.3,0.0003,0.00024464377,42290,-1.2225184381008147,0.0
1141,948,200.0,4231,1984.13,1083136,0.6922200322151184,5964.702233886719,1546.4881591796875,-0.0033461469342000783,0.3,0.0003,0.002526461,42300,-1.2356343388557434,0.003125
1141,948,200.0,4232,1981.76,1083392,0.5417068004608154,7133.457543945313,2028.318359375,-0.0015739456051960588,0.3,0.0003,0.0027850468,42310,-1.1142796993255615,0.001171875
1141,948,200.0,4233,1984.27,1083648,0.5807255506515503,6812.174670410156,3590.5869140625,-0.00010062211658805609,0.3,0.0003,0.00010728021,42320,-1.0875110507011414,0.0
1142,948,200.0,4234,2008.52,1083904,0.6466180086135864,8558.213305664063,4224.0283203125,-0.0007517381338402629,0.3,0.0003,0.0005832468,42330,-1.243513959646225,0.0
1142,948,200.0,4235,2024.7,1084160,0.699163556098938,4767.972692871093,3098.60986328125,-0.0033847009181044996,0.3,0.0003,0.0060391636,42340,-0.9906412899494171,0.00390625
1142,948,200.0,4236,2004.45,1084416,0.4354623556137085,10183.315222167968,3501.09375,-9.05977562069893e-05,0.3,0.0003,0.0014786434,42350,-1.1178484201431274,0.0
1143,948,200.0,4237,2002.34,1084672,0.3411107659339905,14687.7181640625,7542.7275390625,-0.00068132602609694,0.3,0.0003,0.00047428417,42360,-0.9248945951461792,0.0
1143,948,200.0,4238,2026.06,1084928,0.7105183601379395,5316.619818115234,700.1825561523438,-0.0024208125774748623,0.3,0.0003,0.0016008976,42370,-0.928357008099556,0.0
1143,948,200.0,4239,2028.56,1085184,0.6929200887680054,5943.213519287109,3427.702392578125,-0.0008577578002586961,0.3,0.0003,0.0008468274,42380,-1.0040883094072341,0.0
1143,948,200.0,4240,2027.27,1085440,0.6338297724723816,4521.586920166015,1472.922119140625,-0.0012475810246542097,0.3,0.0003,0.00056920364,42390,-0.9436894476413726,0.0
1144,948,200.0,4241,2027.56,1085696,0.41575735807418823,14523.611218261718,8361.615234375,-0.0009084042394533753,0.3,0.0003,0.0003189575,42400,-1.0968892514705657,0.0
1144,948,200.0,4242,2015.73,1085952,0.5441107749938965,5562.653540039062,2660.0634765625,-0.0011421337258070707,0.3,0.0003,0.00039084745,42410,-1.0147650480270385,0.0
1144,948,200.0,4243,2038.66,1086208,0.5604153871536255,6356.640222167969,1018.911376953125,-0.001041715661995113,0.3,0.0003,0.00035942812,42420,-0.8136457353830338,0.0
1144,948,200.0,4244,2041.3,1086464,0.38501447439193726,8315.490454101562,3898.115478515625,-0.001030038297176361,0.3,0.0003,0.00062639243,42430,-0.9718396127223968,0.0
1145,948,200.0,4245,2044.92,1086720,0.49680858850479126,12080.943359375,6303.5087890625,-0.007162793446332217,0.3,0.0003,0.0047159046,42440,-1.3225833833217622,0.002734375
1145,948,200.0,4246,2045.1,1086976,0.48104965686798096,6383.04697265625,1043.7279052734375,-0.0015120015246793627,0.3,0.0003,0.0030247178,42450,-1.0433064550161362,0.0
1145,948,200.0,4247,2041.23,1087232,0.2737467288970947,7944.113806152343,2553.091552734375,-0.002444511163048446,0.3,0.0003,0.0062629287,42460,-1.0104877769947052,0.0109375
1145,948,200.0,4248,2059.72,1087488,0.4658951759338379,9905.167114257812,4068.610107421875,-0.0009242905885912478,0.3,0.0003,0.0006841454,42470,-1.2999892473220824,0.0
1146,948,200.0,4249,2075.85,1087744,0.47121959924697876,8740.105053710937,3406.533447265625,-0.002083277306519449,0.3,0.0003,0.00561029,42480,-1.0591109335422515,0.004296875
1146,948,200.0,4250,2097.79,1088000,-0.151910662651062,24628.23291015625,15007.0419921875,-0.004730513668619096,0.3,0.0003,0.0021839526,42490,-1.3207167983055115,0.0
1146,948,200.0,4251,2113.64,1088256,0.6460508704185486,5041.354760742188,2494.700927734375,-0.002728288574144244,0.3,0.0003,0.0019503934,42500,-1.09873765707016,0.0
1147,948,200.0,4252,2122.21,1088512,0.4025353193283081,17930.918896484374,9993.27734375,-0.0008916564285755158,0.3,0.0003,0.00052941917,42510,-1.1200285851955414,0.0
1147,948,200.0,4253,2117.22,1088768,0.5340933799743652,5899.48134765625,2509.236083984375,-0.0014998453087173402,0.3,0.0003,0.00026576477,42520,-1.1356322586536407,0.0
1147,948,200.0,4254,2119.77,1089024,0.6126272678375244,5986.596215820313,3778.378173828125,-0.0008580518362578005,0.3,0.0003,0.00027329265,42530,-0.8903199523687363,0.0
1147,948,200.0,4255,2138.18,1089280,0.5497280359268188,16346.18037109375,9115.9716796875,-0.003735108952969313,0.3,0.0003,0.002536389,42540,-1.2981672286987305,0.0
1148,948,200.0,4256,2138.21,1089536,0.5523951649665833,6458.006896972656,3027.180419921875,-0.0018748452188447119,0.3,0.0003,0.0033473843,42550,-1.0317105591297149,0.0015625
1148,948,200.0,4257,2138.13,1089792,0.33167165517807007,16489.09833984375,5673.88720703125,-0.000868377462029457,0.3,0.0003,0.00037602824,42560,-1.2603635609149932,0.0
1148,948,200.0,4258,2117.15,1090048,-0.43569839000701904,14976.454174804687,5719.83154296875,-7.1105081588029865e-06,0.3,0.0003,0.0001370227,42570,-1.0192044079303741,0.0
1148,948,200.0,4259,2116.07,1090304,0.3353109359741211,14300.803576660157,4230.82275390625,-0.00010197671945206821,0.3,0.0003,7.7184755e-05,42580,-1.3167703926563263,0.0
1149,948,200.0,4260,2135.73,1090560,0.6542623043060303,5520.734350585937,2816.436279296875,-0.0015604894375428557,0.3,0.0003,0.0014804131,42590,-1.1392928123474122,0.000390625
1149,948,200.0,4261,2150.46,1090816,0.6592072248458862,4876.977075195313,1576.4010009765625,-0.0012335327919572592,0.3,0.0003,0.0024232503,42600,-1.1172107338905335,0.000390625
1149,948,200.0,4262,2135.11,1091072,0.4523639678955078,12585.725463867188,5344.00048828125,-0.001044146902859211,0.3,0.0003,0.0031957857,42610,-1.0637816548347474,0.00390625
1150,948,200.0,4263,2154.82,1091328,0.7770624160766602,2744.3678314208983,2441.811279296875,-0.00883508074330166,0.3,0.0003,0.019420004,42620,-1.1560918688774109,0.05390625
1150,948,200.0,4264,2153.96,1091584,0.6346570253372192,4511.627551269531,2072.798095703125,-0.001615793537348509,0.3,0.0003,0.0036434229,42630,-1.4468509137630463,0.0109375
1150,948,200.0,4265,2151.84,1091840,0.6684377193450928,5171.678015136718,2166.58935546875,-0.002555742859840393,0.3,0.0003,0.005194707,42640,-1.3435513138771058,0.003125
1150,948,200.0,4266,2141.07,1092096,0.06636613607406616,28440.872119140626,9134.541015625,-0.0038762813899666073,0.3,0.0003,0.0037147223,42650,-1.3586565017700196,0.003515625
1151,948,200.0,4267,2143.3,1092352,0.30581527948379517,7714.272766113281,991.88232421875,-0.0010837413254193961,0.3,0.0003,0.0020086854,42660,-1.1501478672027587,0.00078125
1151,948,200.0,4268,2141.2,1092608,0.5561805963516235,5983.998370361328,1950.58642578125,-0.0004386736312881112,0.3,0.0003,0.00023430912,42670,-1.1510011672973632,0.0
1151,948,200.0,4269,2149.78,1092864,0.6502511501312256,9490.130859375,5033.4208984375,2.355638425797224e-05,0.3,0.0003,9.426172e-05,42680,-0.9339672505855561,0.0
1151,948,200.0,4270,2159.13,1093120,0.7248250246047974,4640.924377441406,3671.397216796875,-0.002100664167664945,0.3,0.0003,0.0012721333,42690,-1.1949232518672943,0.0
1152,948,200.0,4271,2156.67,1093376,0.8092926144599915,3057.911346435547,1566.051025390625,-0.013177523238118738,0.3,0.0003,0.024749316,42700,-1.1485522389411926,0.051171875
1152,948,200.0,4272,2132.39,1093632,0.27204620838165283,17111.88786621094,8387.36328125,-0.0014624843373894692,0.3,0.0003,0.0015153203,42710,-1.274910181760788,0.0
1152,948,200.0,4273,2134.4,1093888,0.4899512529373169,13578.250634765625,4996.13330078125,-0.0001597645808942616,0.3,0.0003,9.303517e-05,42720,-1.316439825296402,0.0
1152,948,200.0,4274,2136.57,1094144,0.5184997320175171,7437.033630371094,3209.41796875,-0.002840937196742743,0.3,0.0003,0.002487119,42730,-1.361182963848114,0.0015625
1153,948,200.0,4275,2109.5,1094400,0.6193529367446899,3779.5395782470705,1527.3785400390625,-0.0024720357614569366,0.3,0.0003,0.004317344,42740,-1.3058622181415558,0.00078125
1153,948,200.0,4276,2088.77,1094656,0.567655086517334,5423.026763916016,2355.81689453125,-0.0004460923024453223,0.3,0.0003,0.00139847,42750,-1.2967637419700622,0.0
1153,948,200.0,4277,2106.89,1094912,0.5236524343490601,12874.016870117188,6000.30908203125,-0.000643783062696457,0.3,0.0003,0.00037421635,42760,-1.2501285910606383,0.0
1154,948,200.0,4278,2090.83,1095168,-0.2444237470626831,22294.773291015626,11848.626953125,-0.0007565285544842481,0.3,0.0003,0.00034901616,42770,-0.81133833527565,0.0
1154,948,200.0,4279,2102.38,1095424,0.7420166730880737,4345.695971679687,1914.3094482421875,-0.002015934675000608,0.3,0.0003,0.0011264663,42780,-1.1610666334629058,0.0
1154,948,200.0,4280,2101.36,1095680,0.5545283555984497,15225.590600585938,6771.09033203125,-0.0023119176272302865,0.3,0.0003,0.0012776742,42790,-1.4468644380569458,0.001171875
1154,948,200.0,4281,2100.13,1095936,0.41755759716033936,8796.915209960938,4975.8466796875,-0.0005689739598892629,0.3,0.0003,0.00044477894,42800,-1.275417870283127,0.0
1155,948,200.0,4282,2080.4,1096192,0.35291588306427,8875.276330566407,5182.6552734375,-0.005269866762682795,0.3,0.0003,0.0016231074,42810,-1.2441097676753998,0.001171875
1155,948,200.0,4283,2065.83,1096448,0.7627542614936829,3407.815008544922,965.7997436523438,-0.0033828835701569917,0.3,0.0003,0.008360133,42820,-1.2101363956928253,0.009375
1155,948,200.0,4284,2050.2,1096704,0.5817087888717651,10022.412890625,4145.93505859375,-0.002258574170991778,0.3,0.0003,0.0011407982,42830,-1.3649585008621217,0.0
1155,948,200.0,4285,2049.85,1096960,0.5612025260925293,6597.918603515625,2671.572998046875,-0.002159854327328503,0.3,0.0003,0.0006030977,42840,-1.2390284895896913,0.0
1156,948,200.0,4286,2041.12,1097216,0.3566664457321167,7971.323657226562,4363.65869140625,-0.002012771414592862,0.3,0.0003,0.0055467077,42850,-1.2885513067245484,0.00078125
1156,948,200.0,4287,2048.92,1097472,0.3463589549064636,16116.186340332031,5867.244140625,-0.00023124921135604383,0.3,0.0003,0.0060689524,42860,-1.5160986304283142,0.000390625
1156,948,200.0,4288,2051.11,1097728,0.25298207998275757,9460.421020507812,4702.68310546875,-0.0011235223850235344,0.3,0.0003,0.0011735002,42870,-1.2143243193626403,0.0
1156,948,200.0,4289,2067.84,1097984,0.5872019529342651,6877.046081542969,3208.953857421875,-0.0005353945540264249,0.3,0.0003,0.00034661754,42880,-1.2002055585384368,0.0
1157,948,200.0,4290,2105.8,1098240,0.6782456636428833,4009.4724670410155,3361.491455078125,-0.0037391766905784606,0.3,0.0003,0.009197873,42890,-1.1553567349910736,0.0125
1157,948,200.0,4291,2089.96,1098496,0.6574680805206299,8277.454028320313,4323.82666015625,-0.005898712889757007,0.3,0.0003,0.009936928,42900,-1.1944399714469909,0.009765625
1157,948,200.0,4292,2089.59,1098752,0.28251922130584717,9202.230725097656,4361.37646484375,-0.00600462791044265,0.3,0.0003,0.0047800364,42910,-1.1083140432834626,0.0078125
1158,948,200.0,4293,2108.05,1099008,0.3429240584373474,9037.7271484375,6077.35107421875,-0.0004559471504762769,0.3,0.0003,0.00021462236,42920,-1.2416919827461244,0.0
1158,948,200.0,4294,2091.48,1099264,0.41699105501174927,9435.57353515625,4093.27880859375,-0.0007101758848875761,0.3,0.0003,0.00023753545,42930,-1.1152100205421447,0.0
1158,948,200.0,4295,2110.55,1099520,0.45391011238098145,17609.951782226562,10976.9560546875,-0.0016514262417331338,0.3,0.0003,0.0004539122,42940,-1.3686621248722077,0.0
1158,948,200.0,4296,2108.5,1099776,0.6553440093994141,4539.482006835938,2670.477783203125,-0.0037817644770257175,0.3,0.0003,0.0066567147,42950,-1.1130891025066376,0.005859375
1159,948,200.0,4297,2083.0,1100032,0.38912826776504517,8121.90966796875,1204.2364501953125,-0.0013548224698752165,0.3,0.0003,0.003308508,42960,-1.099420964717865,0.004296875
1159,948,200.0,4298,2079.58,1100288,0.4110713005065918,14430.903198242188,11269.943359375,0.00019609006121754647,0.3,0.0003,0.00028784783,42970,-0.9725859820842743,0.0
1159,948,200.0,4299,2076.41,1100544,0.2347835898399353,8572.392883300781,5120.93310546875,-0.00023580396082252265,0.3,0.0003,2.7730595e-05,42980,-0.8555591225624084,0.0
1160,948,200.0,4300,2072.21,1100800,0.2824438214302063,11188.310107421876,4520.21923828125,-0.004472179105505347,0.3,0.0003,0.0023429047,42990,-1.080217707157135,0.00234375
1160,948,200.0,4301,2072.0,1101056,0.4776519536972046,7676.782250976563,4016.704345703125,0.00020655391272157432,0.3,0.0003,0.00022240239,43000,-1.1950583517551423,0.0
1160,948,200.0,4302,2050.81,1101312,0.6211872100830078,7492.577160644531,3006.51611328125,-0.00023404117673635482,0.3,0.0003,6.0501276e-05,43010,-0.9698458135128021,0.0
1160,948,200.0,4303,2052.17,1101568,0.022089004516601562,25662.23486328125,7550.716796875,-0.002069261379074305,0.3,0.0003,0.00018290314,43020,-1.0748101234436036,0.0
1161,948,200.0,4304,2049.92,1101824,0.47042030096054077,6222.563372802734,1476.9639892578125,-0.002069827337982133,0.3,0.0003,0.00038164295,43030,-1.2103802919387818,0.0
1161,948,200.0,4305,2040.28,1102080,0.4346574544906616,16494.11916503906,5982.2734375,-0.0002602573833428323,0.3,0.0003,0.00013616588,43040,-1.0363936483860017,0.0
1161,948,200.0,4306,2056.57,1102336,0.544082522392273,6764.394201660156,3343.922607421875,-0.0027809008955955506,0.3,0.0003,0.0013273167,43050,-1.1892030477523803,0.0
1162,948,200.0,4307,2065.82,1102592,0.5806351900100708,5096.430117797851,1596.8602294921875,-0.004618746205233037,0.3,0.0003,0.005576618,43060,-1.1931197047233582,0.010546875
1162,948,200.0,4308,2078.58,1102848,0.2890242338180542,9967.535711669922,2949.576904296875,-0.0008406032808125019,0.3,0.0003,0.0016334164,43070,-1.18322252035141,0.00078125
1162,948,200.0,4309,2086.23,1103104,0.36882781982421875,18735.53447265625,8633.0126953125,-0.001986180688254535,0.3,0.0003,0.0005867868,43080,-1.1733107924461366,0.0
1162,948,200.0,4310,2091.47,1103360,0.5796611309051514,5588.780944824219,3496.61962890625,-0.004380845930427313,0.3,0.0003,0.0050055194,43090,-1.3363165318965913,0.002734375
1163,948,200.0,4311,2080.46,1103616,0.7133837938308716,3924.4201232910154,1915.09423828125,-0.0060431913705542685,0.3,0.0003,0.012193061,43100,-1.3484337329864502,0.0265625
1163,948,200.0,4312,2070.24,1103872,0.7440818548202515,5539.52578125,3789.34521484375,-0.002304208627901971,0.3,0.0003,0.004156557,43110,-1.1256253123283386,0.00078125
1163,948,200.0,4313,2043.28,1104128,0.6703329086303711,4473.338214111328,2086.132568359375,-0.0029504791484214364,0.3,0.0003,0.0056234635,43120,-1.1575677990913391,0.01015625
1163,948,200.0,4314,2046.1,1104384,0.7714455127716064,2778.096987915039,1355.52001953125,-0.0030570389004424213,0.3,0.0003,0.0078415545,43130,-0.8170749634504318,0.006640625
1164,948,200.0,4315,2057.96,1104640,0.30871832370758057,8347.252001953126,3188.34033203125,-0.001516823034035042,0.3,0.0003,0.0056397114,43140,-0.9572803854942322,0.001953125
1164,948,200.0,4316,2040.64,1104896,0.5508668422698975,15561.206884765625,6029.1181640625,-0.00016770588699728252,0.3,0.0003,0.0045814677,43150,-1.2838575065135955,0.003515625
1164,948,200.0,4317,2042.35,1105152,0.3103700280189514,8306.353063964843,6103.44775390625,-3.561134217306971e-05,0.3,0.0003,0.00011999556,43160,-0.9525951981544495,0.0
1165,948,200.0,4318,2055.67,1105408,0.42017555236816406,6849.007762145996,510.8615417480469,-3.404803574085236e-05,0.3,0.0003,5.513197e-06,43170,-1.0416854947805405,0.0
1165,948,200.0,4319,2049.98,1105664,0.36042702198028564,15995.974609375,4689.40478515625,-0.0004012396326288581,0.3,0.0003,8.7807886e-05,43180,-1.155847531557083,0.0
1165,948,200.0,4320,2063.92,1105920,0.6036894917488098,5700.081640625,1411.2625732421875,-0.00035088284639641645,0.3,0.0003,0.00016765483,43190,-1.1983176827430726,0.0
1165,948,200.0,4321,2046.1,1106176,0.42991960048675537,6901.958703613282,3124.84521484375,-0.0005370678612962365,0.3,0.0003,0.00024781702,43200,-1.1120977878570557,0.0
1166,948,200.0,4322,2038.5,1106432,0.413338303565979,9525.259912109375,3388.314208984375,-0.0009471547557041049,0.3,0.0003,0.00042093615,43210,-1.1356851994991302,0.0
1166,948,200.0,4323,2040.86,1106688,0.394947350025177,12700.693383789063,4467.66943359375,2.6305526262149215e-05,0.3,0.0003,6.451737e-05,43220,-1.1064451515674592,0.0
1166,948,200.0,4324,2037.19,1106944,0.3919869661331177,7352.460131835937,2722.52392578125,-0.00024611245025880636,0.3,0.0003,0.00016539148,43230,-1.0995648682117463,0.0
1166,948,200.0,4325,2032.13,1107200,0.19311249256134033,2405.875115966797,495.62249755859375,-0.001021109032444656,0.3,0.0003,0.00011714897,43240,-1.1547990500926972,0.0
1167,948,200.0,4326,2042.73,1107456,0.22173935174942017,32286.24609375,22024.921875,-0.0008249147329479456,0.3,0.0003,0.00023934548,43250,-1.320283055305481,0.0
1167,948,200.0,4327,2022.24,1107712,0.3377190828323364,20419.064111328124,6288.2958984375,-0.002022686041891575,0.3,0.0003,0.0004810181,43260,-1.248319137096405,0.0
1167,948,200.0,4328,2013.87,1107968,0.30865800380706787,15964.05576171875,5533.20751953125,-0.004144940222613513,0.3,0.0003,0.0014162168,43270,-1.4295548141002654,0.0
1167,948,200.0,4329,1973.2,1108224,-0.011432886123657227,6022.435595703125,2801.2900390625,-0.003946663485839963,0.3,0.0003,0.0016994567,43280,-1.0696658730506896,0.0
1168,948,200.0,4330,1970.63,1108480,0.3350432515144348,20348.572021484375,8576.826171875,-0.004149967478588224,0.3,0.0003,0.0010047711,43290,-1.2507054150104522,0.0
1168,948,200.0,4331,1974.67,1108736,0.37021899223327637,9069.465075683594,4397.15087890625,-6.153970025479794e-05,0.3,0.0003,5.7729427e-05,43300,-1.0375852018594742,0.0
1168,948,200.0,4332,1961.92,1108992,0.688984751701355,4104.586376953125,2210.27685546875,-0.0016293625114485622,0.3,0.0003,0.0028295254,43310,-1.084643143415451,0.00234375
1169,948,200.0,4333,1945.2,1109248,0.7716527581214905,2773.854379272461,1707.1136474609375,-0.005242603714577854,0.3,0.0003,0.019078515,43320,-1.226849627494812,0.0390625
1169,948,200.0,4334,1944.94,1109504,0.2753022313117981,21462.9748046875,10123.3916015625,-0.0044048548676073555,0.3,0.0003,0.0021581203,43330,-1.4376510977745056,0.003515625
1169,948,200.0,4335,1956.29,1109760,0.33512693643569946,12733.191723632812,7602.67724609375,-0.0005105430260300637,0.3,0.0003,0.0012209278,43340,-1.087461680173874,0.0
1169,948,200.0,4336,1990.02,1110016,0.6712557077407837,5101.769030761719,2960.6552734375,-0.0016128576127812267,0.3,0.0003,0.0010478217,43350,-1.1262889742851256,0.0
1170,948,200.0,4337,1989.64,1110272,0.6264239549636841,8450.07685546875,3058.446533203125,-0.003541832184419036,0.3,0.0003,0.0041350406,43360,-1.1324822068214417,0.001171875
1170,948,200.0,4338,1971.69,1110528,0.532926082611084,7888.009362792969,1399.2421875,-0.002449019637424499,0.3,0.0003,0.0034990616,43370,-1.1242339491844178,0.001171875
1170,948,200.0,4339,1950.95,1110784,0.0028586387634277344,15436.161645507813,8423.568359375,-0.00039637559093534945,0.3,0.0003,0.0015590657,43380,-1.1508016645908357,0.0
1170,948,200.0,4340,1970.49,1111040,0.656288743019104,4245.800732421875,3051.369873046875,0.00020167140755802392,0.3,0.0003,0.00016536517,43390,-1.227799504995346,0.0
1171,948,200.0,4341,1968.3,1111296,0.6048341989517212,9648.387280273437,5867.75146484375,-0.000141045221243985,0.3,0.0003,3.1691045e-05,43400,-0.9914781212806701,0.0
1171,948,200.0,4342,1962.32,1111552,-0.060153961181640625,18147.616650390624,5668.4404296875,-0.0002151911612600088,0.3,0.0003,1.2683915e-05,43410,-1.1244350135326386,0.0
1171,948,200.0,4343,1950.21,1111808,0.18333333730697632,11342.7775390625,1966.3814697265625,-0.0013746861601248383,0.3,0.0003,0.00042235013,43420,-1.3477110147476197,0.0
1172,948,200.0,4344,1947.45,1112064,0.31423741579055786,11772.350231933593,8422.0244140625,-0.0003379377245437354,0.3,0.0003,7.896754e-05,43430,-1.15004141330719,0.0
1172,948,200.0,4345,1945.15,1112320,0.17643707990646362,29090.75625,12500.0673828125,-0.0004713831003755331,0.3,0.0003,2.9878924e-05,43440,-1.2954076647758483,0.0
1172,948,200.0,4346,1951.01,1112576,0.7555298805236816,2859.5306884765623,1608.8720703125,-0.001425058883614838,0.3,0.0003,0.0007064857,43450,-1.1265481680631637,0.0
1172,948,200.0,4347,1956.39,1112832,0.12960487604141235,14421.0392578125,10111.107421875,-0.001698241289705038,0.3,0.0003,0.0022766867,43460,-1.2515344619750977,0.003125
1173,948,200.0,4348,1940.38,1113088,-0.03373420238494873,13395.109252929688,5310.123046875,-0.0016952709993347526,0.3,0.0003,0.0011103794,43470,-1.0588710963726045,0.0
1173,948,200.0,4349,1940.99,1113344,0.18567270040512085,24507.82314453125,15387.1083984375,-0.003147907881066203,0.3,0.0003,0.0006701192,43480,-1.2555890321731566,0.0
1173,948,200.0,4350,1947.24,1113600,0.5390113592147827,5839.0253234863285,4193.97607421875,-0.0005598337738774717,0.3,0.0003,0.0010223622,43490,-1.1739742159843445,0.0
1173,948,200.0,4351,1949.15,1113856,0.3570016026496887,7365.580194091797,6233.30615234375,-0.0002212831866927445,0.3,0.0003,0.00020693312,43500,-1.062484335899353,0.0
1174,948,200.0,4352,1953.31,1114112,0.31489765644073486,17787.3494140625,9884.7861328125,-8.440476376563311e-05,0.3,0.0003,2.9623276e-05,43510,-1.20765922665596,0.0
1174,948,200.0,4353,1969.4,1114368,0.6456775069236755,5791.764306640625,2992.006591796875,-0.0005586701212450862,0.3,0.0003,0.00015102257,43520,-1.097012960910797,0.0
1174,948,200.0,4354,1976.87,1114624,0.3207201361656189,10510.302514648438,5626.01025390625,-0.0006870158482342959,0.3,0.0003,0.00033702096,43530,-1.0210299372673035,0.0
1174,948,200.0,4355,1957.75,1114880,0.4776284098625183,12548.61337890625,5048.8759765625,-0.0007155453553423285,0.3,0.0003,0.00021826848,43540,-1.01983043551445,0.0
1175,948,200.0,4356,1960.0,1115136,0.06358098983764648,12987.846020507812,7490.41552734375,-0.0027708974783308806,0.3,0.0003,0.0010287855,43550,-1.178796398639679,0.0
1175,948,200.0,4357,1951.65,1115392,0.44988584518432617,7031.830920410156,5543.6259765625,-0.0001824684557504952,0.3,0.0003,5.3165713e-05,43560,-1.2311397552490235,0.0
1175,948,200.0,4358,1991.9,1115648,0.5716366767883301,5210.965112304688,576.7493896484375,-0.0012808041006792336,0.3,0.0003,0.00038760854,43570,-1.0589431524276733,0.0
1176,948,200.0,4359,1993.69,1115904,0.6435754299163818,8342.459143066406,3649.137939453125,-0.000897406815784052,0.3,0.0003,0.00068650115,43580,-1.0853647381067275,0.0
1176,948,200.0,4360,1997.85,1116160,0.17937809228897095,12267.58564453125,8108.5390625,-0.0013603489729575812,0.3,0.0003,0.0015452637,43590,-1.0282566398382187,0.0
1176,948,200.0,4361,2008.29,1116416,0.49314600229263306,8147.8009033203125,3458.173828125,0.00015770085155963898,0.3,0.0003,8.3161285e-05,43600,-1.0643337070941925,0.0
1176,948,200.0,4362,2023.69,1116672,0.5122230052947998,16068.33203125,6741.95458984375,-0.00039406938012689354,0.3,0.0003,5.9826532e-05,43610,-1.330105149745941,0.0
1177,948,200.0,4363,2020.64,1116928,0.4311954975128174,12030.920971679687,5678.46630859375,-0.00209648534655571,0.3,0.0003,0.0005677368,43620,-1.2241862058639525,0.000390625
1177,948,200.0,4364,2017.51,1117184,-0.3921778202056885,29001.6802734375,13556.7197265625,-0.0002596072969026864,0.3,0.0003,0.00024375203,43630,-1.2598682761192321,0.0
1177,948,200.0,4365,2024.43,1117440,0.4836310148239136,11607.450024414062,6894.8564453125,-0.0011404591612517833,0.3,0.0003,0.00019778823,43640,-1.3070504009723662,0.0
1177,948,200.0,4366,2023.57,1117696,0.5181423425674438,10038.481909179687,5814.94580078125,-0.0004227593744872138,0.3,0.0003,0.00026784115,43650,-1.1092453956604005,0.0
1178,948,200.0,4367,1994.41,1117952,0.5791829824447632,4075.2337890625,1410.56787109375,-0.000627294642617926,0.3,0.0003,0.0002966798,43660,-1.087204909324646,0.0
1178,948,200.0,4368,1979.21,1118208,0.6778044700622559,5446.614276123047,3950.18798828125,-0.002460134821012616,0.3,0.0003,0.004502381,43670,-0.7998347461223603,0.0046875
1178,948,200.0,4369,1979.47,1118464,0.7011237740516663,8007.606787109375,2831.28076171875,-0.0001466189045459032,0.3,0.0003,0.0019841173,43680,-1.0648356258869172,0.00078125
1178,948,200.0,4370,1996.8,1118720,0.49987494945526123,9609.189434814452,1844.2503662109375,-0.003297486016526818,0.3,0.0003,0.0019580931,43690,-1.1548646986484528,0.0
1179,948,200.0,4371,1996.47,1118976,0.6852817535400391,5639.4425048828125,1829.162353515625,-0.004623907618224621,0.3,0.0003,0.0017403024,43700,-1.0668917894363403,0.0
1179,948,200.0,4372,1976.81,1119232,0.591957688331604,6903.021447753907,2948.426513671875,-0.0028697710018604993,0.3,0.0003,0.006188553,43710,-1.2428306698799134,0.0046875
1179,948,200.0,4373,1976.69,1119488,0.46363353729248047,12716.873291015625,5297.638671875,-0.0005669482750818133,0.3,0.0003,0.0035466447,43720,-1.1016741514205932,0.004296875
1180,948,200.0,4374,1957.88,1119744,0.6368494033813477,6784.765100097657,3059.65966796875,-0.0021294042933732273,0.3,0.0003,0.002289593,43730,-1.172975766658783,0.0
1180,948,200.0,4375,1959.73,1120000,-0.3932464122772217,30971.201904296875,6736.3759765625,-0.0011885331012308597,0.3,0.0003,0.00068247295,43740,-1.4172262132167817,0.0
1180,948,200.0,4376,1962.52,1120256,0.19799911975860596,12530.65137939453,10333.98828125,-0.00019641544204205275,0.3,0.0003,5.0126575e-05,43750,-1.2987659752368927,0.0
1180,948,200.0,4377,1965.73,1120512,0.3524166941642761,18273.96376953125,9809.4326171875,-0.0009855565847828984,0.3,0.0003,0.00016103685,43760,-1.380664324760437,0.0
1181,948,200.0,4378,1972.87,1120768,0.2810363173484802,3109.272821044922,494.6321716308594,-0.002379329176619649,0.3,0.0003,0.0012898783,43770,-1.3767310082912445,0.000390625
1181,948,200.0,4379,1975.51,1121024,0.1642441749572754,26265.378369140624,5436.9345703125,-4.565261770039797e-05,0.3,0.0003,0.00056268345,43780,-1.2690484941005706,0.0
1181,948,200.0,4380,1991.09,1121280,0.3724600672721863,16015.900830078124,7496.9130859375,-0.002494876063428819,0.3,0.0003,0.0011360939,43790,-1.1665237247943878,0.0015625
1181,948,200.0,4381,1990.61,1121536,0.6921778917312622,4829.630041503906,1728.8946533203125,-0.0023168785381130876,0.3,0.0003,0.0015785219,43800,-1.2691287100315094,0.0
1182,948,200.0,4382,1992.82,1121792,0.36444032192230225,7190.050427246094,4029.598876953125,-0.00029369336843956264,0.3,0.0003,0.00039701443,43810,-1.0878810197114945,0.0
1182,948,200.0,4383,2022.69,1122048,0.5219612717628479,7587.975970458984,5402.8173828125,-0.000301765842596069,0.3,0.0003,9.511621e-05,43820,-1.1514570116996765,0.0
1182,948,200.0,4384,2012.74,1122304,0.5398699045181274,9235.740612792968,4988.47412109375,-0.0006236964836716652,0.3,0.0003,0.00035747723,43830,-1.1848172962665557,0.0
1183,948,200.0,4385,2012.92,1122560,0.2588224411010742,9612.21826171875,5198.21142578125,-0.0018174789613112808,0.3,0.0003,0.002778122,43840,-1.1980378925800323,0.00234375
1183,948,200.0,4386,2004.92,1122816,0.10620146989822388,11311.581246948243,3734.371337890625,-0.0005511460825800895,0.3,0.0003,0.0006620849,43850,-1.2920490503311157,0.0
1183,948,200.0,4387,1989.89,1123072,0.33525848388671875,12270.745849609375,2488.680419921875,-0.00025218643713742495,0.3,0.0003,0.00043408736,43860,-1.3833981335163117,0.0
1183,948,200.0,4388,1984.27,1123328,0.4088563323020935,7115.353106689453,2826.239013671875,-0.0008031078148633241,0.3,0.0003,0.00011837389,43870,-1.0987809419631958,0.0
1184,948,200.0,4389,1979.42,1123584,0.6111427545547485,5268.678930664062,3090.68896484375,-0.0007665238576009869,0.3,0.0003,0.00034710835,43880,-1.1362485826015472,0.0
1184,948,200.0,4390,1974.66,1123840,0.17621076107025146,12251.735809326172,6951.35400390625,-0.0008824231917969882,0.3,0.0003,0.0001198519,43890,-1.3057193815708161,0.0
1184,948,200.0,4391,1981.63,1124096,0.2781754732131958,22281.07158203125,11806.4921875,-0.00046003502793610094,0.3,0.0003,2.194196e-05,43900,-1.3581794381141663,0.0
1184,948,200.0,4392,1974.21,1124352,0.5260745286941528,4367.243151855469,1733.4822998046875,-0.003720806445926428,0.3,0.0003,0.0026044138,43910,-1.0594978153705596,0.003515625
1185,948,200.0,4393,1998.16,1124608,0.7128634452819824,5645.345764160156,2275.387939453125,-0.0017415701411664485,0.3,0.0003,0.0010958789,43920,-1.2416963636875153,0.0
1185,948,200.0,4394,2002.31,1124864,0.35677188634872437,8105.076440429688,2961.7685546875,-0.004088132828474045,0.3,0.0003,0.002971029,43930,-1.1823359429836273,0.00234375
1185,948,200.0,4395,2020.35,1125120,0.36532241106033325,19640.513671875,9050.6904296875,-8.435801137238741e-05,0.3,0.0003,0.00053611817,43940,-1.381169843673706,0.0
1185,948,200.0,4396,2038.68,1125376,0.650391697883606,4520.752307128906,1310.7386474609375,-0.005288105458021164,0.3,0.0003,0.010690237,43950,-1.1797017395496368,0.01484375
1186,948,200.0,4397,2053.49,1125632,0.7701117992401123,3060.1770202636717,1129.83935546875,-0.003920293785631657,0.3,0.0003,0.0052293185,43960,-1.1718562960624694,0.001171875
1186,948,200.0,4398,2064.99,1125888,0.6814024448394775,7764.55933227539,2228.8349609375,-0.004011000855825841,0.3,0.0003,0.003456076,43970,-1.088049304485321,0.009375
1186,948,200.0,4399,2062.37,1126144,0.497395396232605,8481.603698730469,1634.7413330078125,-0.0019036181969568134,0.3,0.0003,0.0019029079,43980,-1.2064281761646272,0.0
1187,948,200.0,4400,2064.12,1126400,0.42512768507003784,7886.248571777343,2615.08251953125,-0.0006625236361287534,0.3,0.0003,0.000119398814,43990,-1.2254983127117156,0.0
1187,948,200.0,4401,2064.55,1126656,0.6019262075424194,6873.528649902344,3436.313720703125,-0.005855124222580344,0.3,0.0003,0.014852837,44000,-1.1103412806987762,0.019140625
1187,948,200.0,4402,2067.78,1126912,0.4048019051551819,19473.31904296875,6733.60693359375,-0.0024880826589651407,0.3,0.0003,0.0036403025,44010,-1.432620346546173,0.0
1187,948,200.0,4403,2081.24,1127168,0.6333068609237671,6699.744384765625,3216.082763671875,-0.00020253151888027787,0.3,0.0003,0.0003856935,44020,-1.1249203562736512,0.0
1188,948,200.0,4404,2067.93,1127424,0.26870137453079224,14279.479541015626,5131.6015625,-0.0026456472929567098,0.3,0.0003,0.0015194579,44030,-1.3123551964759828,0.0
1188,948,200.0,4405,2075.54,1127680,0.5596531629562378,9778.719018554688,4540.34375,-0.002045162208378315,0.3,0.0003,0.0018402566,44040,-1.1402108430862428,0.0
1188,948,200.0,4406,2082.66,1127936,0.6074942350387573,4851.80610961914,3103.950439453125,-0.001385462167672813,0.3,0.0003,0.0016900806,44050,-1.19919655919075,0.0
1188,948,200.0,4407,2101.06,1128192,-0.4558526277542114,26454.619140625,16986.15625,-0.0017905891872942448,0.3,0.0003,0.00029440387,44060,-1.3972741901874541,0.0
1189,948,200.0,4408,2106.43,1128448,0.6433647871017456,5499.983862304687,2835.32421875,-0.005147598683834076,0.3,0.0003,0.0043944325,44070,-1.2557331025600433,0.002734375
1189,948,200.0,4409,2118.48,1128704,0.4613643288612366,11393.450720214843,2193.91357421875,-0.0009479634463787079,0.3,0.0003,0.0025186643,44080,-1.2131209671497345,0.0
1189,948,200.0,4410,2108.52,1128960,0.395990788936615,15136.320446777343,1385.1416015625,-0.007861378439702093,0.3,0.0003,0.0026039213,44090,-1.2592831909656526,0.0015625
1190,948,200.0,4411,2116.91,1129216,0.4345381259918213,6027.294091796875,2403.8828125,-0.0007782276952639222,0.3,0.0003,0.000611678,44100,-1.421888291835785,0.0
1190,948,200.0,4412,2122.22,1129472,0.16468214988708496,28915.953955078126,18806.189453125,-0.0016028006561100484,0.3,0.0003,0.0003927052,44110,-1.502463036775589,0.0
1190,948,200.0,4413,2131.29,1129728,0.6352682709693909,5418.342926025391,551.0414428710938,-0.0003638347436208278,0.3,0.0003,6.350223e-05,44120,-1.1326003670692444,0.0
1190,948,200.0,4414,2113.19,1129984,0.7636804580688477,3584.35478515625,1327.0751953125,-0.011110915802419186,0.3,0.0003,0.020517569,44130,-1.2514939308166504,0.033984375
1191,948,200.0,4415,2118.8,1130240,0.7516807317733765,4585.726428222656,2262.9912109375,-0.0038213726365938783,0.3,0.0003,0.0051803477,44140,-1.1310696601867676,0.001171875
1191,948,200.0,4416,2134.86,1130496,0.6292744874954224,8494.196667480468,4846.1943359375,8.72244592756033e-05,0.3,0.0003,0.0018971111,44150,-0.933897078037262,0.0015625
1191,948,200.0,4417,2153.44,1130752,0.5887950658798218,5293.689770507813,833.2846069335938,-0.0060395172098651525,0.3,0.0003,0.008334758,44160,-1.1512315630912782,0.009375
1191,948,200.0,4418,2148.68,1131008,0.5996346473693848,5513.243640136719,3448.716552734375,-0.006070892699062825,0.3,0.0003,0.010694083,44170,-1.111108809709549,0.017578125
1192,948,200.0,4419,2145.98,1131264,0.37397217750549316,11522.856860351563,3173.058349609375,-0.02508286591619253,0.3,0.0003,0.02883723,44180,-1.3010233938694,0.054296875
1192,948,200.0,4420,2148.51,1131520,0.31489139795303345,19754.944970703124,5223.326171875,0.000814108713530004,0.3,0.0003,0.00030029356,44190,-1.4601472616195679,0.0
1192,948,200.0,4421,2152.39,1131776,0.3817666172981262,13609.905126953125,6340.5205078125,-0.0023047337657772005,0.3,0.0003,0.00039057853,44200,-1.4725434124469756,0.0
1193,948,200.0,4422,2169.9,1132032,0.45995527505874634,9324.1380859375,2767.27294921875,-0.004369813145603985,0.3,0.0003,0.0009770682,44210,-1.281211245059967,0.0
1193,948,200.0,4423,2148.56,1132288,0.16540735960006714,16141.6693359375,8730.955078125,-0.005557717382907867,0.3,0.0003,0.0035557165,44220,-1.0790541052818299,0.005078125
1193,948,200.0,4424,2142.12,1132544,0.6258551478385925,6009.368371582032,1853.4237060546875,0.0002724733436480165,0.3,0.0003,0.00023938948,44230,-0.4881003051996231,0.0
1193,948,200.0,4425,2133.39,1132800,-0.535439133644104,26316.829248046874,9716.001953125,-0.001610623043961823,0.3,0.0003,0.0006277424,44240,-1.0027130752801896,0.0
1194,948,200.0,4426,2142.22,1133056,0.03548598289489746,22367.064501953126,11479.447265625,-0.003439373569563031,0.3,0.0003,0.0007114713,44250,-1.34185551404953,0.0
1194,948,200.0,4427,2139.92,1133312,0.00017446279525756836,28721.57109375,16728.5625,-0.003218491072766483,0.3,0.0003,0.0006102952,44260,-1.1294148087501525,0.0
1194,948,200.0,4428,2137.63,1133568,-0.14062070846557617,19504.158203125,3895.666259765625,-0.002731675992254168,0.3,0.0003,0.0004500805,44270,-1.4316316187381743,0.0
1194,948,200.0,4429,2135.2,1133824,0.47590476274490356,8681.755029296875,3916.155029296875,-0.0031736835604533552,0.3,0.0003,0.000876216,44280,-1.338928771018982,0.0
1195,948,200.0,4430,2146.05,1134080,0.5390290021896362,10923.2376953125,5488.4716796875,-0.0007625214755535125,0.3,0.0003,0.00057437713,44290,-1.0919914603233338,0.0
1195,948,200.0,4431,2125.68,1134336,0.4345818758010864,8033.044543457031,3867.34912109375,-0.0005229997681453824,0.3,0.0003,0.0005910632,44300,-1.1087233245372772,0.0
1195,948,200.0,4432,2125.15,1134592,0.04173755645751953,13601.328826904297,2936.1513671875,-0.0006715616036672145,0.3,0.0003,0.00019159657,44310,-1.0702817797660829,0.0
1196,948,200.0,4433,2110.97,1134848,0.24967247247695923,9312.115661621094,4162.1611328125,-0.00013722614385187627,0.3,0.0003,4.6220375e-05,44320,-1.0843694150447845,0.0
1196,948,200.0,4434,2121.49,1135104,0.516579270362854,10270.288696289062,4810.248046875,-0.0006447452818974852,0.3,0.0003,0.00020427885,44330,-1.2552360236644744,0.0
1196,948,200.0,4435,2134.51,1135360,0.7390714883804321,5052.238830566406,2882.6552734375,-0.005691996403038501,0.3,0.0003,0.0029317087,44340,-1.1706304609775544,0.003125
1196,948,200.0,4436,2101.49,1135616,0.35330289602279663,13783.854443359374,6139.15673828125,-0.004593868274241686,0.3,0.0003,0.0026990315,44350,-1.376093900203705,0.0
1197,948,200.0,4437,2119.86,1135872,0.20421963930130005,28238.416796875,13848.849609375,-0.001655416702851653,0.3,0.0003,0.0015063712,44360,-1.4906453907489776,0.0
1197,948,200.0,4438,2117.8,1136128,0.5898245573043823,5851.391247558594,3494.530029296875,-0.0041866809595376255,0.3,0.0003,0.0040905625,44370,-1.1781297624111176,0.0015625
1197,948,200.0,4439,2099.87,1136384,0.507392168045044,6229.564270019531,2232.439453125,-0.0010484864935278893,0.3,0.0003,0.001062965,44380,-1.0997087836265564,0.0
1197,948,200.0,4440,2072.86,1136640,-0.3679388761520386,27154.03330078125,15036.40234375,-0.0013173574348911642,0.3,0.0003,0.0001625698,44390,-1.344086480140686,0.0
1198,948,200.0,4441,2089.4,1136896,0.25021862983703613,16779.42253417969,7047.17431640625,-0.0006586227798834443,0.3,0.0003,0.00026359106,44400,-1.1763676524162292,0.0
1198,948,200.0,4442,2083.11,1137152,0.302348256111145,7786.102941894531,1187.40966796875,-0.00046389427734538913,0.3,0.0003,0.00013075396,44410,-1.0650653481483459,0.0
1198,948,200.0,4443,2095.07,1137408,0.48803091049194336,8285.52548828125,4888.298828125,-0.0018582289339974523,0.3,0.0003,0.00070338557,44420,-1.2255426168441772,0.0
1199,948,200.0,4444,2093.05,1137664,0.6306098699569702,9048.115356445312,5342.2861328125,-0.0013316497323103249,0.3,0.0003,0.0004896438,44430,-1.2187362134456634,0.0
1199,948,200.0,4445,2104.47,1137920,0.12971705198287964,10404.966040039062,4758.09326171875,-0.001074416935443878,0.3,0.0003,0.00028236676,44440,-1.335942542552948,0.0
1199,948,200.0,4446,2121.86,1138176,0.3924769163131714,9761.710668945312,2493.657958984375,-0.0005442826775833964,0.3,0.0003,0.00019705226,44450,-1.2474457979202271,0.0
1199,948,200.0,4447,2103.17,1138432,0.44761914014816284,9782.711016845704,7780.171875,-0.0012949771480634809,0.3,0.0003,0.00028653583,44460,-1.3964387774467468,0.0
1200,948,200.0,4448,2087.57,1138688,0.5430525541305542,10713.740209960937,4289.79541015625,-0.0005586064537055791,0.3,0.0003,0.00032236753,44470,-1.1278807938098907,0.0
1200,948,200.0,4449,2082.93,1138944,0.4306185245513916,6723.21357421875,2382.6953125,-0.00018741837702691556,0.3,0.0003,5.0597126e-05,44480,-1.2642118513584137,0.0
1200,948,200.0,4450,2100.97,1139200,0.5621993541717529,6221.08056640625,3331.2080078125,-0.00048471571644768117,0.3,0.0003,4.7578476e-05,44490,-1.2387156665325165,0.0
1200,948,200.0,4451,2082.58,1139456,0.5493298172950745,6580.128637695312,3861.905517578125,-0.0009008966735564172,0.3,0.0003,0.0006546315,44500,-1.2479383945465088,0.0
1201,948,200.0,4452,2082.73,1139712,0.51434326171875,12389.999584960937,7151.51025390625,-0.002059334237128496,0.3,0.0003,0.00051850686,44510,-1.4113931119441987,0.0
1201,948,200.0,4453,2079.73,1139968,0.6032171249389648,4885.219927978515,825.1047973632812,-0.0016611707862466574,0.3,0.0003,0.0007940135,44520,-1.3013430774211883,0.0
1201,948,200.0,4454,2092.05,1140224,0.7551252841949463,3924.9082763671877,1689.9527587890625,-0.0013158731744624674,0.3,0.0003,0.0017290271,44530,-1.2688367903232574,0.0
1202,948,200.0,4455,2094.43,1140480,0.23648566007614136,26931.565673828125,16252.3115234375,0.00010157141368836165,0.3,0.0003,0.0026586992,44540,-1.4125522434711457,0.001953125
1202,948,200.0,4456,2080.98,1140736,0.6261574029922485,4754.729248046875,2521.1259765625,-0.001907245977781713,0.3,0.0003,0.0005219297,44550,-1.3434171438217164,0.0
1202,948,200.0,4457,2085.29,1140992,0.4749971032142639,6322.77709350586,2705.747802734375,9.695650078356266e-05,0.3,0.0003,0.00012590084,44560,-0.8619745314121247,0.0
1202,948,200.0,4458,2061.64,1141248,0.6028032302856445,4670.859881591797,2236.304443359375,-0.001021841145120561,0.3,0.0003,0.0014391674,44570,-1.2997714936733247,0.0
1203,948,200.0,4459,2063.58,1141504,0.09631246328353882,24170.525048828124,11370.4453125,0.0003197666723281145,0.3,0.0003,0.001060548,44580,-1.061071127653122,0.0
1203,948,200.0,4460,2061.82,1141760,0.31633925437927246,8366.414868164062,3203.7861328125,-0.0018998892279341816,0.3,0.0003,0.0037808968,44590,-1.303089201450348,0.003125
1203,948,200.0,4461,2028.46,1142016,0.5414159297943115,6191.628894042969,3959.914306640625,-0.00016185918357223273,0.3,0.0003,0.00022300286,44600,-1.1485571563243866,0.0
1203,948,200.0,4462,2018.84,1142272,0.05797773599624634,22242.626220703125,9217.65625,-0.00046712319017387925,0.3,0.0003,4.513422e-05,44610,-1.127616560459137,0.0
1204,948,200.0,4463,2032.13,1142528,0.392244815826416,10485.745849609375,1928.0233154296875,-0.0005901822820305824,0.3,0.0003,8.59024e-05,44620,-0.9930057018995285,0.0
1204,948,200.0,4464,2032.31,1142784,0.5194946527481079,6800.001611328125,5348.12646484375,-0.00031766140600666406,0.3,0.0003,0.00011211261,44630,-1.105332511663437,0.0
1204,948,200.0,4465,2031.36,1143040,0.0015759468078613281,12094.928979492188,4418.4306640625,-9.757070802152157e-05,0.3,0.0003,7.158937e-05,44640,-1.1512281775474549,0.0
1205,948,200.0,4466,2052.35,1143296,0.5944756865501404,9714.44052734375,6108.22607421875,-0.00010082582011818885,0.3,0.0003,2.8911512e-05,44650,-1.1424697458744049,0.0
1205,948,200.0,4467,2047.23,1143552,0.14690059423446655,16411.0541015625,3118.561279296875,-0.0018355947802774608,0.3,0.0003,0.0001889146,44660,-1.2793920397758485,0.0
1205,948,200.0,4468,2046.21,1143808,0.46124422550201416,7909.6150390625,4123.40087890625,-0.004199856799095869,0.3,0.0003,0.0020437615,44670,-1.4455825865268708,0.001171875
1205,948,200.0,4469,2047.77,1144064,0.4665931463241577,16054.2591796875,6540.86376953125,-0.0041217209538444875,0.3,0.0003,0.0015647528,44680,-1.5205860614776612,0.001171875
1206,948,200.0,4470,2054.64,1144320,0.1825454831123352,12634.28515625,5416.39599609375,-0.0011624179547652601,0.3,0.0003,0.00033159275,44690,-1.261132973432541,0.0
1206,948,200.0,4471,2036.09,1144576,0.5332880020141602,7747.883996582032,2730.19287109375,-0.011228156578727066,0.3,0.0003,0.0049781557,44700,-1.5307146847248077,0.00625
1206,948,200.0,4472,2028.56,1144832,0.7226975560188293,3391.7059997558595,1919.6802978515625,-0.0042375644203275446,0.3,0.0003,0.0039805807,44710,-1.2265030086040496,0.0015625
1207,948,200.0,4473,2005.87,1145088,0.6767343282699585,8227.349987792968,2097.0732421875,-0.00019687452586367727,0.3,0.0003,0.0022729975,44720,-1.136659073829651,0.0
1207,948,200.0,4474,2003.75,1145344,0.7137400507926941,6027.12105102539,830.2448120117188,-0.002677283016964793,0.3,0.0003,0.0008930124,44730,-1.5582584738731384,0.0
1207,948,200.0,4475,1981.34,1145600,0.39116835594177246,8970.576513671875,1985.2799072265625,-0.003933840303216129,0.3,0.0003,0.0048859087,44740,-1.1571477890014648,0.009765625
1207,948,200.0,4476,1958.92,1145856,0.7223466634750366,3299.3228454589844,2596.170166015625,-0.0023588583571836352,0.3,0.0003,0.0056079235,44750,-1.272526490688324,0.002734375
1208,948,200.0,4477,1976.64,1146112,0.5975848436355591,9509.763305664062,5564.50537109375,-0.004072029679082334,0.3,0.0003,0.0072413366,44760,-1.2256236791610717,0.006640625
1208,948,200.0,4478,1975.34,1146368,0.7816122174263,3347.5146545410157,1187.9593505859375,-0.00511036905227229,0.3,0.0003,0.004071219,44770,-1.2731958866119384,0.001171875
1208,948,200.0,4479,1970.6,1146624,0.5975831747055054,6476.340179443359,3781.66943359375,-0.0026671818690374494,0.3,0.0003,0.003078314,44780,-1.413736140727997,0.001171875
1209,948,200.0,4480,1971.31,1146880,0.7132870554924011,7611.780249023437,2191.71484375,-0.0027198450407013297,0.3,0.0003,0.00261112,44790,-1.136773979663849,0.0
1209,948,200.0,4481,1953.78,1147136,-1.8437714576721191,12396.0232421875,7288.81396484375,-0.00033590695820748804,0.3,0.0003,0.0012949547,44800,-1.0964514672756196,0.0
1209,948,200.0,4482,1954.6,1147392,0.20045167207717896,22896.231176757814,16017.7568359375,-0.0006906820693984628,0.3,0.0003,0.00023920764,44810,-1.1058674991130828,0.0
1210,948,200.0,4483,1966.66,1147648,0.5350914001464844,7926.669213867188,2216.2734375,-0.00021768398582935333,0.3,0.0003,4.139892e-05,44820,-1.1242708206176757,0.0
1210,948,200.0,4484,1966.01,1147904,0.5526886582374573,9398.626904296874,6331.2294921875,-0.0007971644052304327,0.3,0.0003,0.00033337157,44830,-1.080420583486557,0.0
1210,948,200.0,4485,1963.58,1148160,0.49087387323379517,6702.458190917969,5190.08544921875,-0.0003564740065485239,0.3,0.0003,4.9721915e-05,44840,-1.330857276916504,0.0
1210,948,200.0,4486,1955.75,1148416,0.5207816362380981,4994.492163085937,826.254150390625,-0.00013934294693171979,0.3,0.0003,4.8900023e-05,44850,-0.8071772068738937,0.0
1211,948,200.0,4487,1944.89,1148672,0.5209687948226929,10114.803637695313,5840.65283203125,-0.0002301656873896718,0.3,0.0003,1.7868588e-05,44860,-1.095074963569641,0.0
1211,948,200.0,4488,1954.64,1148928,0.29975998401641846,8976.432299804688,5448.572265625,-5.668728845193982e-05,0.3,0.0003,9.53069e-06,44870,-1.0757765829563142,0.0
1211,948,200.0,4489,1953.93,1149184,0.3382686376571655,8961.999169921875,3466.347900390625,-0.00035823374055325984,0.3,0.0003,2.976507e-05,44880,-1.1368610262870789,0.0
1211,948,200.0,4490,1956.38,1149440,0.5632377862930298,5606.78857421875,3590.3408203125,-0.00041502732783555986,0.3,0.0003,0.00014851219,44890,-1.0042295068502427,0.0
1212,948,200.0,4491,1951.31,1149696,0.4757625460624695,17111.624267578125,11856.8310546875,-0.0036329371389001606,0.3,0.0003,0.0009002909,44900,-1.2887662768363952,0.0
1212,948,200.0,4492,1951.16,1149952,0.5578356385231018,6415.4637451171875,2941.410888671875,-0.0017561922897584737,0.3,0.0003,0.0041483734,44910,-1.0995107531547545,0.005859375
1212,948,200.0,4493,1929.9,1150208,0.4788050651550293,6398.775012207031,3771.605712890625,-0.0006867224117740988,0.3,0.0003,0.0004966371,44920,-1.1719562888145447,0.0
1213,948,200.0,4494,1913.88,1150464,0.17566996812820435,10101.355920410157,2087.26513671875,-6.63156621158123e-05,0.3,0.0003,4.084059e-05,44930,-1.0486824721097947,0.0
1213,948,200.0,4495,1897.79,1150720,0.3390244245529175,22009.493994140626,9421.330078125,-0.005634547490626573,0.3,0.0003,0.0015295611,44940,-1.3379912078380585,0.00078125
1213,948,200.0,4496,1878.49,1150976,0.06695067882537842,18801.518994140624,4663.08251953125,-0.0043942569056525825,0.3,0.0003,0.0019423857,44950,-1.187817519903183,0.0
1213,948,200.0,4497,1886.73,1151232,0.6200851798057556,4751.243139648437,1688.371826171875,-0.0016451081319246441,0.3,0.0003,0.0011826132,44960,-1.4021209239959718,0.0
1214,948,200.0,4498,1889.61,1151488,0.5578005909919739,11091.902490234375,6448.23876953125,-0.0055838129715994,0.3,0.0003,0.0030424034,44970,-1.388359969854355,0.000390625
1214,948,200.0,4499,1879.9,1151744,0.3909718990325928,8071.697326660156,3926.06787109375,-0.00120351267978549,0.3,0.0003,0.00075632683,44980,-1.2052728831768036,0.0
1214,948,200.0,4500,1852.63,1152000,-0.3161085844039917,30446.39814453125,13090.80078125,-0.00287585265468806,0.3,0.0003,0.00068729743,44990,-1.1682727456092834,0.0
1214,948,200.0,4501,1889.36,1152256,0.4544909596443176,9216.201208496093,1472.807861328125,-0.003259699366753921,0.3,0.0003,0.0011506416,45000,-1.4338693737983703,0.0
1215,948,200.0,4502,1913.79,1152512,0.6845611929893494,7291.115344238281,3642.7421875,-0.0018538225442171097,0.3,0.0003,0.0014933061,45010,-1.161058497428894,0.0
1215,948,200.0,4503,1915.38,1152768,0.26552557945251465,13781.191186523438,10145.20703125,-0.0019785056356340647,0.3,0.0003,0.0013717618,45020,-1.276156634092331,0.0
1215,948,200.0,4504,1927.06,1153024,0.2743697166442871,11275.16142578125,5028.71240234375,-0.008198361902032048,0.3,0.0003,0.0032932812,45030,-1.415885317325592,0.0015625
1215,948,200.0,4505,1929.65,1153280,0.5336454510688782,14054.524047851562,5008.75439453125,-0.010185652691870929,0.3,0.0003,0.0067766057,45040,-1.2388440191745758,0.005078125
1216,948,200.0,4506,1926.03,1153536,0.41446352005004883,12135.223559570313,4886.896484375,-0.0023148640990257262,0.3,0.0003,0.0033119898,45050,-1.2879355430603028,0.00390625
1216,948,200.0,4507,1928.25,1153792,0.48960191011428833,13096.53662109375,8126.22216796875,-0.0028429470490664243,0.3,0.0003,0.0012308527,45060,-1.3455861926078796,0.0
1216,948,200.0,4508,1933.8,1154048,0.19254380464553833,10956.14453125,2945.78564453125,-0.004148836247622967,0.3,0.0003,0.0013081939,45070,-1.2882440209388732,0.001953125
1217,948,200.0,4509,1933.07,1154304,0.2121831178665161,13699.420141601562,4372.548828125,0.00023460013326257468,0.3,0.0003,3.9627776e-05,45080,-1.2210506796836853,0.0
1217,948,200.0,4510,1933.47,1154560,0.4550175070762634,7348.627221679688,2490.651611328125,-0.0012120481114834547,0.3,0.0003,0.0003023066,45090,-1.432527095079422,0.0
1217,948,200.0,4511,1936.79,1154816,0.5793642997741699,5643.121041870118,2568.775390625,-0.004723767749965191,0.3,0.0003,0.0048560435,45100,-1.2933733999729156,0.003125
1217,948,200.0,4512,1918.15,1155072,0.3215939402580261,24895.989013671875,12748.2685546875,-0.00571083310060203,0.3,0.0003,0.0025362195,45110,-1.1133198678493499,0.0
1218,948,200.0,4513,1902.56,1155328,0.07598185539245605,4247.150305175781,569.3338623046875,-0.0008649036986753345,0.3,0.0003,0.00022320123,45120,-1.0846525490283967,0.0
1218,948,200.0,4514,1895.9,1155584,0.14240610599517822,28007.74970703125,15444.5146484375,-0.0030193499755114318,0.3,0.0003,0.0006924963,45130,-1.4832937180995942,0.0
1218,948,200.0,4515,1856.13,1155840,0.23452240228652954,13725.588958740234,650.4135131835938,-0.005441791960038245,0.3,0.0003,0.0021514778,45140,-1.3096848845481872,0.0015625
1218,948,200.0,4516,1858.33,1156096,0.03879886865615845,12200.997631835937,6415.365234375,7.496625185012817e-05,0.3,0.0003,0.00011364417,45150,-0.32674264907836914,0.0
1219,948,200.0,4517,1874.37,1156352,0.511543869972229,6373.095245361328,2512.927490234375,-0.0016666425683069975,0.3,0.0003,0.00075695454,45160,-1.2476309776306151,0.0
1219,948,200.0,4518,1897.36,1156608,0.5596259832382202,11044.766479492188,1644.1890869140625,-0.002817447914276272,0.3,0.0003,0.003005574,45170,-1.3219579815864564,0.000390625
1219,948,200.0,4519,1899.53,1156864,0.6928857564926147,8259.586572265625,4307.5810546875,-0.002027995407115668,0.3,0.0003,0.0023770237,45180,-1.2190645277500152,0.0
1220,948,200.0,4520,1908.43,1157120,0.6005955338478088,6268.3397216796875,2158.704833984375,-0.001838962163310498,0.3,0.0003,0.00083693047,45190,-1.2458389759063722,0.0
1220,948,200.0,4521,1900.29,1157376,0.3836742043495178,7520.143359375,3010.20751953125,-0.0010930647375062108,0.3,0.0003,0.0018499047,45200,-1.3789600610733033,0.0
1220,948,200.0,4522,1901.75,1157632,0.21033066511154175,9530.188403320313,5268.49072265625,-0.0006521413568407297,0.3,0.0003,0.0010138273,45210,-1.1855674147605897,0.0
1220,948,200.0,4523,1892.35,1157888,0.4341145157814026,13375.047192382812,1302.9266357421875,-0.0029244897770695387,0.3,0.0003,0.0010621159,45220,-1.427858144044876,0.000390625
1221,948,200.0,4524,1853.25,1158144,-3.539869785308838,11597.768969726563,4175.162109375,-0.0005661560455337167,0.3,0.0003,0.0004504344,45230,-0.8583290606737137,0.0
1221,948,200.0,4525,1870.62,1158400,0.4689682126045227,14375.3802734375,8659.345703125,-0.008924151002429426,0.3,0.0003,0.0029534232,45240,-0.7214676529169083,0.001171875
1221,948,200.0,4526,1866.52,1158656,0.6685922741889954,5554.297766113281,3514.608642578125,-0.0038070088950917123,0.3,0.0003,0.00424512,45250,-1.361139851808548,0.003125
1221,948,200.0,4527,1867.5,1158912,0.2109450101852417,24498.87958984375,14807.1416015625,-0.0003006765153259039,0.3,0.0003,0.00037316768,45260,-1.1275903701782226,0.0
1222,948,200.0,4528,1865.77,1159168,0.7221167683601379,3262.793048095703,2037.126708984375,-0.003946592437569052,0.3,0.0003,0.0050987285,45270,-1.317623144388199,0.003125
1222,948,200.0,4529,1845.23,1159424,0.256061315536499,16678.327783203124,6412.83984375,-0.0014481101650744676,0.3,0.0003,0.0016541083,45280,-1.3668111979961395,0.0
1222,948,200.0,4530,1850.32,1159680,0.11022448539733887,23597.715966796874,6379.84716796875,-0.0039060846669599415,0.3,0.0003,0.00074184616,45290,-1.4054162919521331,0.0
1222,948,200.0,4531,1836.99,1159936,0.7410213947296143,3438.4417938232423,316.0966796875,-0.00463667546864599,0.3,0.0003,0.004631549,45300,-1.292223870754242,0.0015625
1223,948,200.0,4532,1821.73,1160192,0.46702319383621216,13711.294873046874,5909.43310546875,0.0006265724310651422,0.3,0.0003,0.0028324225,45310,-1.4398745357990266,0.001171875
1223,948,200.0,4533,1825.09,1160448,0.22196602821350098,8847.780029296875,3931.37109375,-0.0026222416199743748,0.3,0.0003,0.0035541616,45320,-1.2727066159248352,0.003515625
1223,948,200.0,4534,1849.69,1160704,0.5913000702857971,11130.209814453125,4051.325927734375,-5.335351452231407e-05,0.3,0.0003,0.0003815703,45330,-1.2510099470615388,0.0
1223,948,200.0,4535,1845.62,1160960,0.7097351551055908,4231.297277832031,2966.97900390625,-0.0023747534723952413,0.3,0.0003,0.0031041827,45340,-1.1663074135780334,0.002734375
1224,948,200.0,4536,1835.28,1161216,0.37834542989730835,9730.364990234375,5307.2001953125,-0.0045216073980554935,0.3,0.0003,0.0028345527,45350,-1.223512774705887,0.0
1224,948,200.0,4537,1836.58,1161472,0.5566765069961548,14866.8275390625,7277.46533203125,-0.001965641672722995,0.3,0.0003,0.00042442186,45360,-1.3569388151168824,0.0
1224,948,200.0,4538,1836.03,1161728,0.605340838432312,7526.858435058593,3283.181640625,-0.00019470765255391598,0.3,0.0003,0.0003865573,45370,-1.218354457616806,0.0
1225,948,200.0,4539,1828.33,1161984,0.5281854867935181,6137.571807861328,5383.8759765625,-0.0003603844903409481,0.3,0.0003,0.00019849418,45380,-1.3828740656375884,0.0
1225,948,200.0,4540,1837.83,1162240,-0.08593690395355225,21942.49765625,4154.98291015625,-0.005686703836545348,0.3,0.0003,0.0020207022,45390,-1.2523687481880188,0.000390625
1225,948,200.0,4541,1822.61,1162496,0.4826294183731079,11227.93994140625,5202.1376953125,-0.000348560803104192,0.3,0.0003,0.0015308729,45400,-1.31044203042984,0.0
1225,948,200.0,4542,1824.96,1162752,0.23703986406326294,8093.534805297852,3848.05029296875,-5.7780795032158494e-05,0.3,0.0003,6.049662e-05,45410,-1.203444230556488,0.0
1226,948,200.0,4543,1830.82,1163008,0.5887731313705444,5295.881353759765,2109.84521484375,-0.0019318789010867477,0.3,0.0003,0.0005023121,45420,-1.3632214486598968,0.0
1226,948,200.0,4544,1810.36,1163264,0.5067912340164185,15847.568090820312,4778.748046875,-0.00047031622380018235,0.3,0.0003,0.0003380843,45430,-1.4136468172073364,0.0
1226,948,200.0,4545,1831.46,1163520,0.693963885307312,5208.498779296875,1037.558837890625,-0.0034106456907466052,0.3,0.0003,0.005035577,45440,-1.2539306282997131,0.00546875
1226,948,200.0,4546,1827.05,1163776,0.7369529008865356,3980.089208984375,2081.41748046875,-0.006383290374651551,0.3,0.0003,0.0064535034,45450,-1.2025811076164246,0.002734375
1227,948,200.0,4547,1834.23,1164032,0.6231844425201416,4903.376135253906,1262.428466796875,-0.00247458228841424,0.3,0.0003,0.0037338417,45460,-1.185367625951767,0.003515625
1227,948,200.0,4548,1833.33,1164288,0.7115576863288879,7134.998718261719,4698.86572265625,-0.001720002735964954,0.3,0.0003,0.0010332519,45470,-1.099968421459198,0.0
1227,948,200.0,4549,1838.33,1164544,0.6031327843666077,9381.035327148438,3643.56298828125,-0.009581955894827843,0.3,0.0003,0.0073166015,45480,-1.2537039935588836,0.01015625
1228,948,200.0,4550,1832.27,1164800,0.6162984371185303,5299.25791015625,1816.577392578125,-0.010387549910228699,0.3,0.0003,0.009666508,45490,-1.1639139652252197,0.023046875
1228,948,200.0,4551,1837.23,1165056,0.7263281345367432,3438.6277618408203,1237.2152099609375,-0.0030458785942755638,0.3,0.0003,0.0040587396,45500,-1.2372744977474213,0.003515625
1228,948,200.0,4552,1818.94,1165312,0.42889904975891113,13991.126025390626,5500.58984375,-0.001594815927091986,0.3,0.0003,0.002717582,45510,-1.2329562187194825,0.0
1228,948,200.0,4553,1834.75,1165568,0.4127795100212097,9363.33341064453,5841.31103515625,0.003431548399385065,0.3,0.0003,0.0024860776,45520,-1.2792090773582458,0.005859375
1229,948,200.0,4554,1829.76,1165824,0.6694018840789795,7094.85234375,3648.461669921875,-0.0014850331586785614,0.3,0.0003,0.00037249597,45530,-1.2567995369434357,0.0
1229,948,200.0,4555,1815.0,1166080,0.42304325103759766,14984.323510742188,3590.576904296875,-0.0024491111165843905,0.3,0.0003,0.0009741308,45540,-1.3719913601875304,0.0
1229,948,200.0,4556,1813.64,1166336,0.18512731790542603,23897.52080078125,5276.46875,-0.0017262321314774453,0.3,0.0003,0.00023961533,45550,-1.464685994386673,0.0
1229,948,200.0,4557,1812.25,1166592,0.49854129552841187,12940.792358398438,3828.47314453125,-0.001740447641350329,0.3,0.0003,0.00074894866,45560,-1.2048792600631715,0.0
1230,948,200.0,4558,1806.98,1166848,0.5514832735061646,6036.662725830078,4244.0341796875,-0.003939912025816739,0.3,0.0003,0.004664276,45570,-1.1840196073055267,0.000390625
1230,948,200.0,4559,1807.1,1167104,0.7378315925598145,7308.074365234375,4373.8291015625,-0.0022046743892133237,0.3,0.0003,0.0040910374,45580,-1.2838130831718444,0.000390625
1230,948,200.0,4560,1809.1,1167360,0.56617271900177,5607.387490844727,2137.291748046875,-0.0024438493128400296,0.3,0.0003,0.0065707886,45590,-1.2410462021827697,0.007421875
1231,948,200.0,4561,1804.74,1167616,0.11589711904525757,8744.758959960938,2178.742919921875,-0.00029229247593320906,0.3,0.0003,0.0006761728,45600,-1.0840479969978332,0.0
1231,948,200.0,4562,1794.15,1167872,0.570975661277771,11895.90830078125,4056.1552734375,-0.0002444998943246901,0.3,0.0003,1.7906772e-05,45610,-1.1872596442699432,0.0
1231,948,200.0,4563,1793.31,1168128,0.6233243942260742,9028.97275390625,2787.272705078125,-0.004191595804877579,0.3,0.0003,0.0011853143,45620,-1.3179657518863679,0.0
1231,948,200.0,4564,1798.78,1168384,0.6734358072280884,8704.178894042969,3775.68701171875,-0.009946727240458132,0.3,0.0003,0.0071460227,45630,-1.4211897552013397,0.00859375
1232,948,200.0,4565,1818.46,1168640,0.37035638093948364,7051.506164550781,5079.74609375,3.413019003346562e-05,0.3,0.0003,0.00037268782,45640,-1.1814549326896668,0.0
1232,948,200.0,4566,1811.7,1168896,0.5919218063354492,10301.164965820313,5168.65283203125,-0.0035078828921541573,0.3,0.0003,0.0011656289,45650,-1.038169154524803,0.0
1232,948,200.0,4567,1811.42,1169152,0.6583622694015503,8594.81967163086,3341.018310546875,-0.005482893739826977,0.3,0.0003,0.0028648009,45660,-1.2152441501617433,0.00078125
1232,948,200.0,4568,1797.91,1169408,0.560467541217804,5131.425341796875,3263.976318359375,-0.001193191041238606,0.3,0.0003,0.0063044345,45670,-1.2591592073440552,0.011328125
1233,948,200.0,4569,1783.39,1169664,0.6614470481872559,7200.051403808594,1285.1859130859375,-0.000889116374310106,0.3,0.0003,0.0020610208,45680,-1.2390199780464173,0.0
1233,948,200.0,4570,1789.3,1169920,0.37193143367767334,14709.617700195313,6828.8603515625,-0.0015507770352996887,0.3,0.0003,0.0015643898,45690,-1.2275169670581818,0.0
1233,948,200.0,4571,1790.05,1170176,-0.1809009313583374,24096.675439453124,14471.0478515625,-0.0010232980595901609,0.3,0.0003,0.00017767074,45700,-1.5323892772197723,0.0
1234,948,200.0,4572,1782.33,1170432,0.5004564523696899,11661.016821289062,4682.9482421875,-0.0010427493834868073,0.3,0.0003,0.00032817922,45710,-1.3587035298347474,0.0
1234,948,200.0,4573,1784.11,1170688,0.5227706432342529,14630.314306640625,10086.43359375,-0.0009424941148608923,0.3,0.0003,0.00032207347,45720,-1.2723068952560426,0.0
1234,948,200.0,4574,1802.71,1170944,0.1514384150505066,17584.584692382814,10104.6953125,-0.0006958482088521122,0.3,0.0003,0.00019121822,45730,-1.2562571167945862,0.0
1234,948,200.0,4575,1786.01,1171200,0.6573390960693359,6863.270336914063,3833.60595703125,-0.0011208369629457592,0.3,0.0003,0.00034002354,45740,-1.2826079964637755,0.0
1235,948,200.0,4576,1801.43,1171456,0.7254444360733032,4435.060247802734,684.886962890625,-0.0014525978593155741,0.3,0.0003,0.00044126064,45750,-1.2708214461803435,0.0
1235,948,200.0,4577,1825.05,1171712,0.6153010129928589,9026.602905273438,3275.418212890625,-0.0008013925631530583,0.3,0.0003,0.0007540893,45760,-1.062690645456314,0.0
1235,948,200.0,4578,1820.71,1171968,0.7912299633026123,3494.8115051269533,614.4091186523438,-0.0030579059850424526,0.3,0.0003,0.0043019885,45770,-1.0943766474723815,0.0
1235,948,200.0,4579,1821.22,1172224,0.7850624322891235,4248.97367553711,2758.756591796875,-0.0028532105963677166,0.3,0.0003,0.0038723862,45780,-1.1485426545143127,0.0015625
1236,948,200.0,4580,1798.35,1172480,0.7832281589508057,5248.7111328125,1868.217529296875,-0.0007337335497140885,0.3,0.0003,0.0058862036,45790,-1.3356958329677582,0.008203125
1236,948,200.0,4581,1799.94,1172736,0.5020207166671753,6902.51469116211,2846.92724609375,-0.00031433706171810625,0.3,0.0003,0.00024688896,45800,-1.038301917910576,0.0
1236,948,200.0,4582,1799.48,1172992,0.43832069635391235,6952.670385742187,3085.138916015625,-0.0019229839788749814,0.3,0.0003,0.0008667938,45810,-1.3125821769237518,0.0
1237,948,200.0,4583,1801.88,1173248,0.5754386186599731,7412.103479003907,3374.640380859375,-0.0029042985755950213,0.3,0.0003,0.002683393,45820,-1.1498731255531311,0.0
1237,948,200.0,4584,1804.11,1173504,0.457435667514801,12423.868481445312,4070.05078125,-0.001867778447922319,0.3,0.0003,0.0011661414,45830,-1.2658907353878022,0.0
1237,948,200.0,4585,1806.15,1173760,0.26362359523773193,9556.807690429687,5299.22265625,-0.0008154743351042271,0.3,0.0003,0.0004840549,45840,-1.2393029451370239,0.0
1237,948,200.0,4586,1784.5,1174016,0.6574317216873169,3801.3867004394533,1157.7529296875,-0.00081274698022753,0.3,0.0003,0.00030684518,45850,-1.1976420760154725,0.0
1238,948,200.0,4587,1781.28,1174272,0.14524108171463013,25361.982421875,12201.8095703125,-0.0005716261453926563,0.3,0.0003,0.00034683594,45860,-1.2940365374088287,0.0
1238,948,200.0,4588,1799.37,1174528,0.7065168619155884,4599.270104980469,1103.0841064453125,-0.0016004498116672038,0.3,0.0003,0.0005765301,45870,-1.1592268526554108,0.0
1238,948,200.0,4589,1807.07,1174784,0.5689917802810669,6777.996032714844,3658.34765625,-0.0040140772936865686,0.3,0.0003,0.0072429003,45880,-1.1942463874816895,0.0046875
1238,948,200.0,4590,1821.06,1175040,0.5795702338218689,5723.591357421875,1764.7327880859375,-0.002643244608771056,0.3,0.0003,0.005249149,45890,-1.3313267648220062,0.003515625
1239,948,200.0,4591,1813.44,1175296,0.670677900314331,10313.032543945312,4600.318359375,-0.00054073641076684,0.3,0.0003,0.0007650575,45900,-1.388022881746292,0.0
1239,948,200.0,4592,1822.96,1175552,0.5381085872650146,5477.118212890625,1457.4537353515625,-0.0012891985243186355,0.3,0.0003,0.0019908017,45910,-1.5103018164634705,0.0
1239,948,200.0,4593,1862.11,1175808,-0.2636967897415161,5274.065612792969,2575.693359375,-0.0018945192219689488,0.3,0.0003,0.00047176308,45920,-1.2878057301044463,0.0
1240,948,200.0,4594,1857.29,1176064,0.3320600390434265,29643.68623046875,12505.0859375,-0.001475407392717898,0.3,0.0003,0.00043075043,45930,-1.236561942100525,0.0
1240,948,200.0,4595,1823.31,1176320,-1.742154598236084,10227.2302734375,4361.8037109375,-0.002931173611432314,0.3,0.0003,0.0013339184,45940,-1.4228334069252013,0.000390625
1240,948,200.0,4596,1825.11,1176576,0.6329763531684875,6064.583569335938,2536.28271484375,-0.0011409608647227286,0.3,0.0003,0.0007353858,45950,-0.992776307463646,0.0
1240,948,200.0,4597,1788.34,1176832,0.6179345846176147,5321.318188476563,3071.415283203125,-0.0028104455210268497,0.3,0.0003,0.0027466542,45960,-1.2642911851406098,0.000390625
1241,948,200.0,4598,1789.53,1177088,0.6968302726745605,7686.742980957031,3998.489990234375,-0.0023532784660346808,0.3,0.0003,0.0019347889,45970,-1.2342027842998504,0.0
1241,948,200.0,4599,1781.31,1177344,0.6271116733551025,4407.5606689453125,2866.040771484375,-0.005587072181515396,0.3,0.0003,0.0044056335,45980,-1.55308096408844,0.0015625
1241,948,200.0,4600,1775.86,1177600,0.19250136613845825,14941.201171875,6392.40576171875,0.0005786798428744078,0.3,0.0003,0.0011122045,45990,-1.299853938817978,0.0
1241,948,200.0,4601,1785.92,1177856,0.009937047958374023,22324.70908203125,13912.7216796875,-0.0006925820140168071,0.3,0.0003,9.852997e-05,46000,-1.3022759854793549,0.0
1242,948,200.0,4602,1817.6,1178112,0.5819858312606812,12559.166577148437,2699.89599609375,-0.002598584280349314,0.3,0.0003,0.00041972683,46010,-1.2231172144412994,0.0
1242,948,200.0,4603,1800.02,1178368,0.6401311159133911,5903.23740234375,2933.754150390625,-0.0012357642175629736,0.3,0.0003,0.0008570843,46020,-1.2883470892906188,0.00078125
1242,948,200.0,4604,1821.2,1178624,0.2322285771369934,16517.12216796875,6674.26806640625,-0.0013735627755522728,0.3,0.0003,0.0004622026,46030,-1.5192090451717377,0.0
1242,948,200.0,4605,1825.53,1178880,0.5994249582290649,11804.131225585938,4266.1943359375,-0.005109744635410607,0.3,0.0003,0.0015062373,46040,-1.2280482530593873,0.00078125
1243,948,200.0,4606,1821.67,1179136,0.025009870529174805,17464.961669921875,8807.2529296875,-0.0005555066629312933,0.3,0.0003,0.0002865491,46050,-1.4649720430374145,0.0
1243,948,200.0,4607,1811.54,1179392,0.7617247104644775,2961.8658782958983,893.5556030273438,-0.0021907370304688812,0.3,0.0003,0.0016235351,46060,-1.3212385833263398,0.0
1243,948,200.0,4608,1839.46,1179648,0.8124219179153442,3978.5269775390625,1981.2479248046875,-0.0033403942128643394,0.3,0.0003,0.0041246284,46070,-1.204612535238266,0.002734375
1244,948,200.0,4609,1841.91,1179904,0.22168028354644775,22601.73857421875,13136.591796875,-0.003882332087960094,0.3,0.0003,0.0031033491,46080,-1.1770345091819763,0.003515625
1244,948,200.0,4610,1860.3,1180160,0.784852147102356,4626.259692382812,1560.4625244140625,-0.0017557137180119753,0.3,0.0003,0.0011178635,46090,-1.2157103359699248,0.0
1244,948,200.0,4611,1854.19,1180416,0.7824597358703613,3329.8776733398436,627.613037109375,-0.0018224279978312553,0.3,0.0003,0.002178385,46100,-1.2182121455669404,0.0
1244,948,200.0,4612,1840.91,1180672,0.5848138332366943,9193.209912109374,5850.83154296875,-0.0014782408019527794,0.3,0.0003,0.0063737286,46110,-1.3440940141677857,0.002734375
1245,948,200.0,4613,1853.87,1180928,0.38613080978393555,9489.775805664063,5425.1376953125,-0.0027209383668377997,0.3,0.0003,0.001338558,46120,-1.3513030052185058,0.0
1245,948,200.0,4614,1857.28,1181184,0.7121272087097168,4208.848046875,1130.756103515625,-0.0016170763410627842,0.3,0.0003,0.0018418818,46130,-1.1100834667682649,0.0
1245,948,200.0,4615,1862.53,1181440,0.28744667768478394,8277.29638671875,4179.47216796875,-0.002510733576491475,0.3,0.0003,0.007011831,46140,-1.0898106217384338,0.0046875
1245,948,200.0,4616,1863.14,1181696,0.6483612060546875,8117.035900878906,5162.27197265625,-0.000744237401522696,0.3,0.0003,0.00033374596,46150,-1.3021366000175476,0.0
1246,948,200.0,4617,1879.76,1181952,0.4758990406990051,8084.451232910156,3339.895751953125,-0.0062073139124549925,0.3,0.0003,0.008140884,46160,-1.3521803617477417,0.003515625
1246,948,200.0,4618,1895.68,1182208,0.3992156386375427,10334.717895507812,4100.37646484375,-0.004488236922770739,0.3,0.0003,0.013955077,46170,-1.2131673038005828,0.03046875
1246,948,200.0,4619,1893.34,1182464,0.6911379098892212,7232.6446533203125,2738.105224609375,-0.005667898617684841,0.3,0.0003,0.00760274,46180,-1.081878936290741,0.001953125
1246,948,200.0,4620,1911.42,1182720,0.7011328339576721,5533.779113769531,2604.462646484375,-0.00668369906488806,0.3,0.0003,0.015832864,46190,-1.1243062317371368,0.033203125
1247,948,200.0,4621,1910.6,1182976,0.7357606887817383,4947.949157714844,1328.9595947265625,-0.006488221976906061,0.3,0.0003,0.010079684,46200,-1.116127872467041,0.014453125
1247,948,200.0,4622,1899.96,1183232,0.34422171115875244,16137.686669921875,9917.072265625,-0.0013184634852223098,0.3,0.0003,0.0023796582,46210,-1.4627671420574189,0.001171875
1247,948,200.0,4623,1883.51,1183488,0.5455663800239563,11588.844775390626,5201.11376953125,-0.006702462327666581,0.3,0.0003,0.0055187866,46220,-1.1904805243015288,0.00859375
1247,948,200.0,4624,1903.12,1183744,0.4927617907524109,8144.859729003906,2149.650146484375,-0.0037514819705393165,0.3,0.0003,0.0015240973,46230,-1.21048446893692,0.0
1248,948,200.0,4625,1908.4,1184000,0.6241671442985535,6219.82080078125,1885.2349853515625,-0.0011400533607229591,0.3,0.0003,0.00076199905,46240,-1.0347983241081238,0.0
1248,948,200.0,4626,1912.22,1184256,0.6023876667022705,6237.572802734375,846.7377319335938,-0.0037794588599354027,0.3,0.0003,0.005105377,46250,-0.9780189037322998,0.001171875
1248,948,200.0,4627,1910.07,1184512,0.6824893951416016,8595.382641601562,4210.63525390625,-0.003174583939835429,0.3,0.0003,0.0065009813,46260,-1.186236834526062,0.012890625
1249,948,200.0,4628,1904.52,1184768,0.23794329166412354,9186.158142089844,3068.177001953125,-0.002793272887356579,0.3,0.0003,0.0005662397,46270,-1.194050484895706,0.0
1249,948,200.0,4629,1907.69,1185024,0.5542351007461548,5495.831890869141,2068.49951171875,-0.0013434724882245065,0.3,0.0003,0.0004679265,46280,-1.2231999337673187,0.0
1249,948,200.0,4630,1905.72,1185280,0.3052825927734375,23923.683642578126,9357.9404296875,-0.000802179437596351,0.3,0.0003,0.00011309981,46290,-1.3306270360946655,0.0
1249,948,200.0,4631,1889.95,1185536,0.45274049043655396,7286.156823730469,1737.001708984375,-0.0007269071182236075,0.3,0.0003,0.00014040433,46300,-1.1384683549404144,0.0
1250,948,200.0,4632,1904.97,1185792,0.46614640951156616,7185.302514648438,3800.49462890625,-0.0002217779867351055,0.3,0.0003,4.7771726e-05,46310,-1.1775468349456788,0.0
1250,948,200.0,4633,1919.18,1186048,0.6935540437698364,5341.706860351563,3048.9609375,-0.0006683142390102148,0.3,0.0003,0.00027725962,46320,-1.1041507303714753,0.0
1250,948,200.0,4634,1922.86,1186304,0.6003574728965759,13325.024267578125,7747.90283203125,-0.004846306005492807,0.3,0.0003,0.0037286598,46330,-1.2198743283748628,0.003125
1250,948,200.0,4635,1946.6,1186560,0.607581377029419,7531.181640625,4779.3583984375,-0.0015439197421073913,0.3,0.0003,0.0056750798,46340,-1.1398296177387237,0.006640625
1251,948,200.0,4636,1926.83,1186816,0.7919973134994507,3948.4867309570313,1204.9461669921875,-0.003866588301025331,0.3,0.0003,0.0064215194,46350,-1.1584264993667603,0.00234375
1251,948,200.0,4637,1949.33,1187072,0.6803296804428101,9005.883764648437,3494.08154296875,0.0008213297696784139,0.3,0.0003,0.0022146096,46360,-1.2997317910194397,0.0
1251,948,200.0,4638,1944.55,1187328,0.7897988557815552,4237.503515625,1976.757568359375,-0.008107258938252926,0.3,0.0003,0.011979255,46370,-1.0710345476865768,0.009375
1252,948,200.0,4639,1937.76,1187584,0.693407416343689,4688.883978271484,2734.6611328125,0.0010987006593495608,0.3,0.0003,0.004603768,46380,-1.3892898261547089,0.00234375
1252,948,200.0,4640,1945.69,1187840,0.24128353595733643,8791.2423828125,2111.148193359375,-0.0014761018333956598,0.3,0.0003,0.0011216074,46390,-1.4718555808067322,0.0
1252,948,200.0,4641,1946.42,1188096,0.7194234132766724,6671.674243164062,3069.028076171875,-0.0019791808910667895,0.3,0.0003,0.001528509,46400,-0.9843100011348724,0.000390625
1252,948,200.0,4642,1944.34,1188352,0.4972102642059326,6544.480908203125,3151.3740234375,-0.004205286968499422,0.3,0.0003,0.0049129752,46410,-1.270344579219818,0.00390625
1253,948,200.0,4643,1935.49,1188608,0.7108587026596069,5872.774169921875,3358.513671875,-0.0032201075693592427,0.3,0.0003,0.004790052,46420,-1.0868672609329224,0.003125
1253,948,200.0,4644,1937.06,1188864,0.6514074802398682,9620.608642578125,2580.6396484375,-0.005672294623218476,0.3,0.0003,0.007862487,46430,-1.2065295338630677,0.0140625
1253,948,200.0,4645,1956.23,1189120,0.8121523857116699,3837.9806549072264,2596.66845703125,-0.003175049345009029,0.3,0.0003,0.00466833,46440,-1.1367857336997986,0.003125
1254,948,200.0,4646,1951.8,1189376,0.3783388137817383,13671.426293945313,8306.8828125,-0.00021004066802561284,0.3,0.0003,0.0015040371,46450,-1.1721677303314209,0.0015625
1254,948,200.0,4647,1951.8,1189632,0.4178594946861267,8023.837670898438,4499.5126953125,-0.0074690405861474575,0.3,0.0003,0.0044035055,46460,-1.3710173666477203,0.00078125
1254,948,200.0,4648,1953.69,1189888,0.5676424503326416,11551.772265625,4684.08203125,-0.002481945068575442,0.3,0.0003,0.0014753405,46470,-1.427434468269348,0.0
1254,948,200.0,4649,1952.88,1190144,0.5100230574607849,6238.650231933594,2318.36865234375,-0.0015011902898550034,0.3,0.0003,0.001254505,46480,-1.1967555284500122,0.0
1255,948,200.0,4650,1978.41,1190400,0.3194373846054077,7908.659210205078,3463.240478515625,-0.0009976870147511362,0.3,0.0003,0.00129389,46490,-1.278601235151291,0.0
1255,948,200.0,4651,1979.09,1190656,0.7165201902389526,4867.349029541016,1264.3031005859375,-0.0033064572198782116,0.3,0.0003,0.0033269147,46500,-1.009750235080719,0.00234375
1255,948,200.0,4652,1962.4,1190912,0.41189438104629517,12552.50703125,6372.92138671875,-0.00137753029121086,0.3,0.0003,0.0039841244,46510,-1.1651080310344697,0.000390625
1256,948,200.0,4653,1965.93,1191168,0.4484148621559143,7584.330749511719,5185.791015625,-0.0035666164476424456,0.3,0.0003,0.0010277419,46520,-1.401032668352127,0.000390625
1256,948,200.0,4654,1973.58,1191424,0.3255245089530945,19228.017626953126,11026.40625,-0.005792584619484842,0.3,0.0003,0.0026441116,46530,-1.1132549405097962,0.001171875
1256,948,200.0,4655,1946.84,1191680,0.3027629852294922,19021.387255859376,8578.703125,-0.0016549904830753803,0.3,0.0003,0.00057956274,46540,-1.1865756332874298,0.0
1256,948,200.0,4656,1945.55,1191936,0.24851590394973755,17077.34764404297,6842.61474609375,-0.00023603105219081045,0.3,0.0003,0.00032241666,46550,-1.526371455192566,0.0
1257,948,200.0,4657,1942.91,1192192,0.50672447681427,15303.810888671875,8966.4150390625,-0.005923092039301992,0.3,0.0003,0.0012731825,46560,-1.1861707091331481,0.000390625
1257,948,200.0,4658,1968.39,1192448,0.7737234234809875,3316.4132568359373,1682.8226318359375,-0.0009477180545218288,0.3,0.0003,0.0015985109,46570,-1.1610125839710235,0.0
1257,948,200.0,4659,1969.8,1192704,0.620402991771698,8377.877856445313,3992.8193359375,-0.001080346410162747,0.3,0.0003,0.00073935254,46580,-1.0751256227493287,0.0
1258,948,200.0,4660,1970.35,1192960,0.4678879976272583,6337.74892578125,2954.45068359375,-0.003635484632104635,0.3,0.0003,0.0035103576,46590,-1.2792929887771607,0.0015625
1258,948,200.0,4661,1940.56,1193216,-0.021000981330871582,11742.322674560546,8623.7978515625,-0.0008240281837061048,0.3,0.0003,0.00028208224,46600,-0.889347517490387,0.0
1258,948,200.0,4662,1956.73,1193472,0.3867332935333252,13336.241162109374,4997.1328125,-0.0008957659942097962,0.3,0.0003,0.00034343055,46610,-1.086846113204956,0.0
1259,948,200.0,4663,1973.11,1193728,0.5855420827865601,5396.119848632812,1734.13720703125,-0.0019258237414760515,0.3,0.0003,0.0015127929,46620,-1.047159308195114,0.0
1259,948,200.0,4664,1972.75,1193984,0.6721447110176086,5380.21337890625,1654.1077880859375,-0.0009029009379446507,0.3,0.0003,0.0006216038,46630,-1.1185331523418427,0.0
1259,948,200.0,4665,1994.96,1194240,0.5434362888336182,5326.722338867187,4269.49072265625,-0.001655986369587481,0.3,0.0003,0.0019968266,46640,-1.2597854733467102,0.0
1259,948,200.0,4666,1976.81,1194496,0.6145232915878296,7469.648718261718,1774.7552490234375,-0.002660724916495383,0.3,0.0003,0.0011730448,46650,-1.1316042423248291,0.0
1260,948,200.0,4667,1971.94,1194752,0.7350162863731384,3490.7009185791017,2145.775634765625,-0.0021647225599735974,0.3,0.0003,0.0014709686,46660,-1.2577198207378388,0.0
1260,948,200.0,4668,1973.43,1195008,0.7584969997406006,2954.4764038085937,1183.065673828125,-0.012928508222103119,0.3,0.0003,0.01285657,46670,-1.3578794956207276,0.01640625
1260,948,200.0,4669,1976.59,1195264,0.3180173635482788,15437.96240234375,8448.76953125,-0.0030165213625878095,0.3,0.0003,0.0061547915,46680,-1.4547903835773468,0.003125
1260,948,200.0,4670,1989.03,1195520,0.2559766173362732,28411.871484375,15352.7646484375,-0.000899509759619832,0.3,0.0003,0.00030246656,46690,-1.3774074554443358,0.0
1261,948,200.0,4671,1990.89,1195776,0.4345892071723938,7810.076831054687,4352.6806640625,-0.00020783537183888257,0.3,0.0003,0.00016341987,46700,-1.0859984934329987,0.0
1261,948,200.0,4672,1978.0,1196032,0.060997605323791504,16529.7390625,11384.142578125,-0.0007130166282877326,0.3,0.0003,0.00011018687,46710,-1.1609171986579896,0.0
1261,948,200.0,4673,2011.25,1196288,0.4041537642478943,13389.816674804688,6361.07763671875,-4.0378794074058534e-05,0.3,0.0003,0.00018591597,46720,-1.1098468363285066,0.0
1262,948,200.0,4674,2011.25,1196544,0.6906614303588867,4280.976724243164,1565.298828125,-0.01676917034201324,0.3,0.0003,0.036073845,46730,-1.0505207240581513,0.073828125
1262,948,200.0,4675,2033.54,1196800,0.4479605555534363,12791.11689453125,6142.49267578125,0.00016661491245031356,0.3,0.0003,0.00049996865,46740,-1.2853999733924866,0.0
1262,948,200.0,4676,2030.56,1197056,0.5079265832901001,7625.198022460938,2839.629150390625,-0.0005455086007714272,0.3,0.0003,8.6576445e-05,46750,-1.072518539428711,0.0
1262,948,200.0,4677,2048.7,1197312,0.7714368104934692,5901.762231445313,2425.2939453125,-0.0030339197837747633,0.3,0.0003,0.007455442,46760,-1.2774163901805877,0.008203125
1263,948,200.0,4678,2051.86,1197568,0.6358631253242493,6491.039477539062,2382.78271484375,-0.003073306754231453,0.3,0.0003,0.002723077,46770,-1.1999062478542328,0.0
1263,948,200.0,4679,2066.9,1197824,0.6190307140350342,5780.221472167968,3074.4345703125,-0.002747851109597832,0.3,0.0003,0.0014396016,46780,-1.1697636902332307,0.001171875
1263,948,200.0,4680,2074.41,1198080,0.7262343168258667,6458.237365722656,3481.390380859375,-0.0026192426914349197,0.3,0.0003,0.004322717,46790,-1.2468281388282776,0.00078125
1263,948,200.0,4681,2076.82,1198336,0.5964517593383789,5888.9771484375,3625.62109375,0.0005845981533639133,0.3,0.0003,0.00096529955,46800,-1.058552822470665,0.0
1264,948,200.0,4682,2073.75,1198592,0.3283132314682007,7001.193029785156,2041.303466796875,4.201781121082604e-05,0.3,0.0003,0.0009939992,46810,-1.1554164588451385,0.0
1264,948,200.0,4683,2050.95,1198848,0.24220645427703857,27842.81298828125,18632.919921875,-0.0009959436603821814,0.3,0.0003,0.00013501267,46820,-0.9871871829032898,0.0
1264,948,200.0,4684,2048.79,1199104,0.14355117082595825,23835.763330078124,10371.458984375,-0.0003691955003887415,0.3,0.0003,9.3440525e-05,46830,-1.3883319675922394,0.0
1265,948,200.0,4685,2057.58,1199360,0.5718222856521606,9607.50733642578,3949.77880859375,-0.0011640855809673667,0.3,0.0003,0.00020612357,46840,-1.3240443766117096,0.0
1265,948,200.0,4686,2019.91,1199616,0.5692998766899109,10359.860070800782,6880.23779296875,-0.0017602331237867475,0.3,0.0003,0.0008049845,46850,-1.1177422046661376,0.0
1265,948,200.0,4687,2026.88,1199872,0.6226986646652222,12233.3140625,7305.1982421875,-0.0018901693169027568,0.3,0.0003,0.0006199691,46860,-0.9984102606773376,0.0
1266,947,200.0,4688,2026.7,1200128,0.47929394245147705,6622.298400878906,2706.417724609375,-0.00467191165080294,0.3,0.0003,0.0045519713,46870,-1.3282108724117279,0.00234375
1266,947,200.0,4689,2028.41,1200384,-0.18105077743530273,18136.2201171875,5644.92919921875,-0.012500033341348171,0.3,0.0003,0.00822228,46880,-1.1344484984874725,0.01875
1266,947,200.0,4690,2018.42,1200640,0.22238409519195557,9630.997991943359,4168.35986328125,0.00010339947184547781,0.3,0.0003,6.938516e-05,46890,-0.9523947983980179,0.0
1266,947,200.0,4691,2007.63,1200896,0.25467294454574585,11298.88401184082,3395.0693359375,-0.0006054247962310911,0.3,0.0003,0.00034162332,46900,-1.1662475228309632,0.0
1267,947,200.0,4692,2022.46,1201152,0.7507585287094116,3836.7077697753907,3065.7392578125,-0.0016367001691833139,0.3,0.0003,0.0019134565,46910,-1.2131522953510285,0.0
1267,947,200.0,4693,2036.67,1201408,0.7123121023178101,3783.4630950927735,246.57699584960938,-0.009284038073383271,0.3,0.0003,0.01843168,46920,-1.1173348069190978,0.026953125
1267,947,200.0,4694,2029.35,1201664,0.4632454514503479,12070.958227539062,6295.25537109375,0.0008650288917124271,0.3,0.0003,0.0021014854,46930,-1.1954306304454803,0.0
1267,947,200.0,4695,2017.99,1201920,0.6131659746170044,5487.765625,1486.05322265625,-0.004484326345846057,0.3,0.0003,0.005072863,46940,-1.2757403135299683,0.004296875
1268,947,200.0,4696,2017.69,1202176,0.6381618976593018,5148.001794433594,2808.51953125,-0.0012703734682872891,0.3,0.0003,0.0013381985,46950,-1.2360184490680695,0.0
1268,947,200.0,4697,2014.16,1202432,0.7834157943725586,4517.962231445313,403.41845703125,-0.002569449495058507,0.3,0.0003,0.0029570474,46960,-1.00604305267334,0.00078125
1268,947,200.0,4698,1996.07,1202688,0.5434694290161133,11350.627514648437,6840.66845703125,0.0001659982604905963,0.3,0.0003,7.181708e-05,46970,-0.8780269235372543,0.0
1269,947,200.0,4699,2009.39,1202944,0.20912998914718628,11947.761938476562,2843.937744140625,-0.0008554475381970406,0.3,0.0003,0.00029807584,46980,-1.025431165099144,0.0
1269,947,200.0,4700,2014.79,1203200,0.36840784549713135,11102.944653320312,5528.48193359375,-0.0010149762965738773,0.3,0.0003,0.0004215797,46990,-1.1674138307571411,0.0
1269,947,200.0,4701,2013.71,1203456,-0.11857271194458008,13046.976745605469,860.0032958984375,-0.0001443210057914257,0.3,0.0003,0.00041712495,47000,-1.1099338233470917,0.0
1269,947,200.0,4702,1984.83,1203712,0.04849511384963989,13146.442114257812,1944.0833740234375,-0.0001204527448862791,0.3,0.0003,2.0638341e-05,47010,-1.2770646929740905,0.0
1270,947,200.0,4703,1988.98,1203968,-0.1007695198059082,25528.894384765626,8446.4794921875,-0.0003921089926734567,0.3,0.0003,7.3927455e-05,47020,-1.1624797105789184,0.0
1270,947,200.0,4704,1988.81,1204224,0.45122581720352173,9551.105810546875,5555.69091796875,-0.0004485301673412323,0.3,0.0003,0.00019081659,47030,-0.9756459772586823,0.0
1270,947,200.0,4705,2006.45,1204480,0.5149157047271729,14714.91005859375,4769.20166015625,-0.00042431381298229097,0.3,0.0003,5.2686548e-05,47040,-1.3126266837120055,0.0
1270,947,200.0,4706,2013.98,1204736,0.6229454874992371,4661.961212158203,2738.91455078125,-0.000904786738101393,0.3,0.0003,0.00030422257,47050,-1.021675744652748,0.0
1271,947,200.0,4707,2009.73,1204992,0.5933325290679932,5999.416687011719,3672.844970703125,-0.0005912068532779813,0.3,0.0003,0.0008615807,47060,-1.1042214572429656,0.0
1271,947,200.0,4708,2032.92,1205248,0.6004471778869629,5031.674487304687,3720.574462890625,-0.0007556055672466755,0.3,0.0003,0.0004672783,47070,-1.101455843448639,0.0
1271,947,200.0,4709,2035.11,1205504,0.5709375143051147,9503.072583007812,5367.9208984375,-0.0002610557246953249,0.3,0.0003,0.0001054469,47080,-0.9938062697649002,0.0
1271,947,200.0,4710,2022.39,1205760,0.3829907774925232,12185.0291015625,7205.54541015625,-0.0021621457533910872,0.3,0.0003,0.00034001423,47090,-1.5047678709030152,0.0
1272,947,200.0,4711,1997.91,1206016,0.49332916736602783,10324.9994140625,4407.0869140625,-0.000824042153544724,0.3,0.0003,0.00024510897,47100,-1.1755332231521607,0.0
1272,947,200.0,4712,2013.45,1206272,0.6505911350250244,7905.516943359375,4605.970703125,-0.0029247967642731963,0.3,0.0003,0.0012148737,47110,-1.1733688056468963,0.0
1272,947,200.0,4713,2013.45,1206528,0.3435437083244324,10911.67445678711,9029.84375,-0.0017970085609704256,0.3,0.0003,0.0020590285,47120,-0.9450124502182007,0.001171875
1273,947,200.0,4714,2016.96,1206784,0.4971469044685364,7148.45595703125,4178.5302734375,-0.0006748383631929756,0.3,0.0003,0.0012307907,47130,-0.9898575395345688,0.0
1273,947,200.0,4715,2000.96,1207040,-0.2547335624694824,14336.923901367187,5874.64404296875,-0.0007904225552920252,0.3,0.0003,0.00034624478,47140,-1.1542011737823485,0.0
1273,947,200.0,4716,2003.22,1207296,0.056594133377075195,26207.896435546874,13251.611328125,-0.004127123416401446,0.3,0.0003,0.0016825758,47150,-1.1333321750164032,0.0
1273,947,200.0,4717,2004.24,1207552,0.4227406978607178,6292.554113769531,3018.014892578125,0.00045896165538579227,0.3,0.0003,0.0002296383,47160,-1.2571123957633972,0.0
1274,947,200.0,4718,1996.43,1207808,0.3166755437850952,11078.797967529297,2018.9959716796875,-0.004521746840327978,0.3,0.0003,0.0019604794,47170,-1.3793760180473327,0.000390625
1274,948,200.0,4719,1996.39,1208064,0.7766150832176208,5152.736486816406,1796.162841796875,-0.005032655410468578,0.3,0.0003,0.008236307,47180,-1.2550459384918213,0.007421875
1274,948,200.0,4720,1994.41,1208320,-0.1904153823852539,21288.41767578125,6842.8125,-0.010876217763870955,0.3,0.0003,0.0064443536,47190,-1.3029521584510804,0.00859375
1274,948,200.0,4721,1981.17,1208576,0.5302441716194153,5244.507629394531,2209.702392578125,-0.0068242778070271015,0.3,0.0003,0.005711757,47200,-1.4337112665176392,0.00546875
1275,948,200.0,4722,1980.86,1208832,0.5903657674789429,5472.597821044922,967.072998046875,-0.005204232083633542,0.3,0.0003,0.0049385554,47210,-1.0921894311904907,0.0171875
1275,948,200.0,4723,1980.95,1209088,0.5669987797737122,10953.8470703125,3418.4462890625,-0.002928213402628899,0.3,0.0003,0.0014861801,47220,-1.2783751845359803,0.0
1275,948,200.0,4724,1987.3,1209344,0.3507484197616577,12662.922412109376,4961.3408203125,-0.0015012015821412206,0.3,0.0003,0.00031494722,47230,-1.244244772195816,0.0
1275,948,200.0,4725,1982.44,1209600,0.6337844133377075,5144.497915649414,2343.216064453125,-0.0007602012250572443,0.3,0.0003,0.00060431333,47240,-1.4065622508525848,0.0
1276,948,200.0,4726,1977.29,1209856,0.15843892097473145,18433.779931640624,7488.1416015625,-0.0019164903555065394,0.3,0.0003,0.00045504794,47250,-1.4921691000461579,0.0
1276,948,200.0,4727,1977.63,1210112,0.7916342616081238,4409.067715454102,3238.091552734375,-0.005721995513886214,0.3,0.0003,0.004563513,47260,-1.2706413745880127,0.001953125
1276,948,200.0,4728,1977.62,1210368,0.6076493263244629,5536.49755859375,1842.582763671875,-0.003004265867639333,0.3,0.0003,0.019947251,47270,-1.2115099251270294,0.044921875
1276,948,200.0,4729,1962.59,1210624,-0.046524763107299805,9852.327255249023,7511.99462890625,-6.223974050953985e-05,0.3,0.0003,0.0003137528,47280,-1.0481975376605988,0.0
1277,948,200.0,4730,1961.87,1210880,0.19346404075622559,14443.342907714843,1428.3095703125,-2.921675331890583e-05,0.3,0.0003,5.366956e-05,47290,-1.0958504736423493,0.0
1277,948,200.0,4731,1963.91,1211136,0.17652106285095215,14484.136547851562,4858.0,-0.0022649349179118873,0.3,0.0003,0.0002333764,47300,-0.707675239443779,0.0
1277,948,200.0,4732,1966.33,1211392,0.21856480836868286,19760.637890625,5042.5751953125,-0.0004541093250736594,0.3,0.0003,0.000269074,47310,-1.0504966288805009,0.0
1278,948,200.0,4733,1996.22,1211648,0.6625800132751465,5289.29228515625,2940.706298828125,-0.0005445181159302592,0.3,0.0003,0.00018398743,47320,-1.1672029376029969,0.0
1278,948,200.0,4734,2006.0,1211904,0.5901492834091187,9141.1912109375,1944.9945068359375,-0.004717738181352615,0.3,0.0003,0.010331454,47330,-1.0924773395061493,0.027734375
1278,948,200.0,4735,1993.36,1212160,0.19226396083831787,10125.134143066407,4531.595703125,-0.004585479642264545,0.3,0.0003,0.004516067,47340,-1.2383131444454194,0.0046875
1278,948,200.0,4736,1959.32,1212416,0.03589510917663574,21688.028076171875,5478.34521484375,-0.003658341965638101,0.3,0.0003,0.0028327063,47350,-1.5393661201000213,0.0
1279,948,200.0,4737,1954.46,1212672,0.35931819677352905,26193.137744140626,16153.3330078125,-0.0023165664868429305,0.3,0.0003,0.0004974196,47360,-1.5344087421894073,0.0
1279,948,200.0,4738,1957.01,1212928,0.20062321424484253,9902.7869140625,3571.6865234375,-0.0007060872623696924,0.3,0.0003,0.0002135539,47370,-1.4073289811611176,0.0
1279,948,200.0,4739,1979.47,1213184,0.43972086906433105,7813.212731933594,5565.86083984375,-9.185058297589421e-05,0.3,0.0003,7.653772e-05,47380,-1.1421161115169525,0.0
1279,948,200.0,4740,1982.81,1213440,0.5405092239379883,6086.727087402343,1147.5498046875,-0.0007588356384076178,0.3,0.0003,0.000846897,47390,-1.222171700000763,0.0
1280,948,200.0,4741,1964.78,1213696,0.411940336227417,12977.042071533204,1631.36376953125,-0.0022841370897367596,0.3,0.0003,0.0026084876,47400,-1.234117865562439,0.0
1280,948,200.0,4742,1955.17,1213952,0.47901618480682373,12762.3111328125,6930.77197265625,-0.0017965511186048388,0.3,0.0003,0.0010677322,47410,-1.0255460083484649,0.0
1280,948,200.0,4743,1936.59,1214208,0.6140087842941284,11011.912963867188,4965.6142578125,-0.009332843695301563,0.3,0.0003,0.0066252183,47420,-1.0873772144317626,0.008984375
1280,948,200.0,4744,1952.09,1214464,0.5905616283416748,10561.619970703125,3736.71875,0.0014834907138720154,0.3,0.0003,0.0005005193,47430,-1.4177373707294465,0.0
1281,948,200.0,4745,1954.85,1214720,0.4688771367073059,11235.748510742187,5379.5205078125,-0.00210757777094841,0.3,0.0003,0.00050991285,47440,-1.2063226103782654,0.0
1281,948,200.0,4746,1972.76,1214976,0.5159118175506592,8477.1302734375,4963.87890625,-0.0015662235673516989,0.3,0.0003,0.0005743222,47450,-1.3215724349021911,0.0
1281,948,200.0,4747,1995.06,1215232,0.6901843547821045,4016.620263671875,1091.1448974609375,-0.008287798124365508,0.3,0.0003,0.003580363,47460,-1.100274109840393,0.004296875
1282,948,200.0,4748,1977.17,1215488,0.5911698341369629,11448.5048828125,4363.62060546875,-0.0035146843874827027,0.3,0.0003,0.0092414655,47470,-1.2814287722110749,0.01796875
1282,948,200.0,4749,1975.35,1215744,-0.02774810791015625,12526.9421875,5478.50244140625,-8.551194332540035e-05,0.3,0.0003,9.166496e-05,47480,-1.2323921859264373,0.0
1282,948,200.0,4750,1973.64,1216000,0.4657266139984131,6892.646997070313,1460.0413818359375,-0.0010867525823414325,0.3,0.0003,0.0004263078,47490,-1.272971910238266,0.0
1282,948,200.0,4751,1961.93,1216256,0.5580884218215942,6945.194555664062,2613.60400390625,-0.004388657631352544,0.3,0.0003,0.001950392,47500,-1.1725705087184906,0.0
1283,948,200.0,4752,1959.25,1216512,0.4792242646217346,18122.85146484375,7260.7841796875,-0.006934295617975294,0.3,0.0003,0.0040692836,47510,-1.462808519601822,0.006640625
1283,948,200.0,4753,1959.59,1216768,0.5212165117263794,5276.143121337891,1048.89697265625,-0.002872512175235897,0.3,0.0003,0.0014806609,47520,-1.4130733728408813,0.0
1283,948,200.0,4754,1945.97,1217024,0.018408477306365967,11697.720727539063,4005.16357421875,-0.0005827289773151278,0.3,0.0003,0.0014135253,47530,-1.249705719947815,0.000390625
1283,948,200.0,4755,1933.62,1217280,0.6138908267021179,8293.307165527343,4583.099609375,-0.00025321661378256976,0.3,0.0003,0.00018975069,47540,-1.1251419603824615,0.0
1284,948,200.0,4756,1936.18,1217536,0.6135797500610352,4741.637048339844,3235.607177734375,-0.0015201333211734892,0.3,0.0003,0.0020769946,47550,-1.2005834043025971,0.0
1284,948,200.0,4757,1911.63,1217792,0.12741535902023315,18312.953955078126,7247.45458984375,-0.006216632807627321,0.3,0.0003,0.0022523224,47560,-1.3898258328437805,0.0
1284,948,200.0,4758,1871.23,1218048,-0.0965726375579834,21040.642138671876,9210.498046875,-0.0002742662094533443,0.3,0.0003,0.00035853498,47570,-1.3419553279876708,0.0
1284,948,200.0,4759,1888.95,1218304,0.5874202847480774,9439.76279296875,3451.844482421875,4.3888576328754425e-06,0.3,0.0003,4.7062756e-05,47580,-0.635570764541626,0.0
1285,948,200.0,4760,1887.16,1218560,0.5307997465133667,6767.700988769531,2632.666748046875,-0.0006187770399264991,0.3,0.0003,0.00028404035,47590,-1.0478613793849945,0.0
1285,948,200.0,4761,1889.61,1218816,0.33031290769577026,8990.400805664063,3824.7265625,-0.0017022610176354648,0.3,0.0003,0.00071882363,47600,-1.2556397676467896,0.0
1285,948,200.0,4762,1890.71,1219072,0.5129004716873169,12579.59248046875,5886.38671875,-0.001003970840247348,0.3,0.0003,0.0004414136,47610,-1.3674171984195709,0.0
1286,948,200.0,4763,1888.18,1219328,0.46103358268737793,9802.424926757812,3642.41015625,-0.0015863124979659915,0.3,0.0003,0.00046620495,47620,-1.3176593720912932,0.0
1286,948,200.0,4764,1895.1,1219584,0.6745158433914185,3781.0246154785154,878.3502807617188,-0.0013231110293418168,0.3,0.0003,0.00069777947,47630,-1.2507958352565764,0.0
1286,948,200.0,4765,1915.32,1219840,0.7581872344017029,4502.463073730469,1391.45166015625,-0.0045400806702673435,0.3,0.0003,0.0048020976,47640,-1.1012887954711914,0.00234375
1286,948,200.0,4766,1899.35,1220096,0.8150997161865234,6535.518969726562,3246.1044921875,-0.0003318236442282796,0.3,0.0003,0.0021408754,47650,-1.2004459083080292,0.0
1287,948,200.0,4767,1904.76,1220352,0.44724684953689575,6842.229406738281,1923.828125,-0.0017036312725394963,0.3,0.0003,0.0011223557,47660,-1.2189999163150786,0.0
1287,948,200.0,4768,1932.18,1220608,0.6987828016281128,5603.3424072265625,3576.122802734375,-0.00575288338586688,0.3,0.0003,0.0028139171,47670,-1.218473309278488,0.003515625
1287,948,200.0,4769,1928.44,1220864,0.6869451403617859,7087.002600097656,1929.8675537109375,-0.00027955896221101286,0.3,0.0003,0.0006331322,47680,-1.1316281855106354,0.0
1287,948,200.0,4770,1910.75,1221120,0.525679886341095,4944.508245849609,2415.559814453125,-0.0011954152840189635,0.3,0.0003,0.00027184724,47690,-1.1515806376934052,0.0
1288,948,200.0,4771,1888.58,1221376,0.5923793315887451,7738.771350097656,4175.720703125,-0.0035648364573717117,0.3,0.0003,0.0023067275,47700,-1.2911342561244965,0.0
1288,948,200.0,4772,1908.49,1221632,0.35766690969467163,11159.456079101563,4002.060791015625,-0.0018899277085438371,0.3,0.0003,0.001378533,47710,-1.2268815517425538,0.0
1288,948,200.0,4773,1921.29,1221888,0.5454503297805786,10273.30673828125,1659.91552734375,6.364975124597549e-05,0.3,0.0003,2.6639085e-05,47720,-1.187829613685608,0.0
1288,948,200.0,4774,1921.14,1222144,0.7152348756790161,4709.857046508789,3178.391845703125,-0.0043071498395875095,0.3,0.0003,0.0047590006,47730,-1.0934007048606873,0.002734375
1289,948,200.0,4775,1926.58,1222400,0.3541172742843628,12840.647076416015,9741.5107421875,0.0020121006295084954,0.3,0.0003,0.0011805526,47740,-1.1226200044155121,0.0
1289,948,200.0,4776,1932.49,1222656,0.07018369436264038,10128.430932617188,4854.775390625,-0.00023361044004559516,0.3,0.0003,0.00035345438,47750,-1.1337169289588929,0.0
1289,948,200.0,4777,1921.66,1222912,0.428916871547699,12221.43330078125,4611.66845703125,-8.536817040294409e-05,0.3,0.0003,1.2430828e-05,47760,-1.3051495254039764,0.0
1289,948,200.0,4778,1942.51,1223168,0.7050358057022095,4294.686901855469,2441.469970703125,-0.0014576950808987022,0.3,0.0003,0.00058941566,47770,-1.2253120958805084,0.0
1290,948,200.0,4779,1935.37,1223424,0.5413328409194946,7415.30439453125,1420.484130859375,-8.313474245369434e-06,0.3,0.0003,0.0006145621,47780,-1.4822387158870698,0.0
1290,948,200.0,4780,1951.94,1223680,0.3080235719680786,16078.45234375,9943.3291015625,-0.00763537953607738,0.3,0.0003,0.0086707845,47790,-1.3204326391220094,0.014453125
1290,948,200.0,4781,1953.34,1223936,0.6511074900627136,4810.965625,1887.170166015625,-0.007093130191788077,0.3,0.0003,0.0057660714,47800,-1.252194583415985,0.009375
1291,948,200.0,4782,1935.12,1224192,0.18721741437911987,11953.703637695313,4379.03955078125,-0.00908039272762835,0.3,0.0003,0.0042186817,47810,-1.3992598474025726,0.000390625
1291,948,200.0,4783,1939.05,1224448,0.6819159984588623,4211.139483642578,1713.8052978515625,-0.005298237549141049,0.3,0.0003,0.0041990113,47820,-1.3974010705947877,0.001953125
1291,948,200.0,4784,1949.61,1224704,0.7200329899787903,6921.402685546875,3287.580078125,-0.003868140373378992,0.3,0.0003,0.0059246044,47830,-1.084365928173065,0.011328125
1291,948,200.0,4785,1949.65,1224960,0.48043620586395264,7632.745288085937,2860.98388671875,-0.0036338793113827707,0.3,0.0003,0.0078917695,47840,-1.0758015275001527,0.012890625
1292,948,200.0,4786,1954.17,1225216,-0.31863534450531006,24753.6986328125,10518.490234375,-0.0011612512986175715,0.3,0.0003,0.0036111001,47850,-1.4193917036056518,0.003515625
1292,948,200.0,4787,1953.76,1225472,0.7425739765167236,6088.525518798828,2964.414306640625,-0.008810981805436314,0.3,0.0003,0.011001461,47860,-1.081659471988678,0.014453125
1292,948,200.0,4788,1961.8,1225728,0.725932776927948,3809.5852600097655,1951.8970947265625,-0.0030134678119793533,0.3,0.0003,0.008943619,47870,-1.1347937524318694,0.034375
1292,948,200.0,4789,1987.35,1225984,0.5166828632354736,8526.14619140625,3063.336669921875,-0.0014347528805956245,0.3,0.0003,0.003191755,47880,-1.104181271791458,0.000390625
1293,948,200.0,4790,1971.12,1226240,0.4710612893104553,6696.285498046875,1710.5177001953125,-0.00035780819598585367,0.3,0.0003,0.00040097279,47890,-1.1403077483177184,0.0
1293,948,200.0,4791,1952.66,1226496,0.37042731046676636,13186.824389648438,4265.47509765625,-0.0010705029242672026,0.3,0.0003,0.00012742076,47900,-1.2898782968521119,0.0
1293,948,200.0,4792,1943.56,1226752,0.5553106069564819,4041.043214416504,105.54562377929688,0.0002218109555542469,0.3,0.0003,0.00013296423,47910,-0.9582351297140121,0.0
1294,948,200.0,4793,1944.37,1227008,0.258725106716156,13717.324340820312,5953.2607421875,-0.0006462130811996758,0.3,0.0003,0.00049340003,47920,-0.9561047106981277,0.0
1294,948,200.0,4794,1949.98,1227264,0.5580418705940247,13716.910620117187,5436.2138671875,-0.0012677310325670988,0.3,0.0003,0.00012750644,47930,-1.3414775788784028,0.0
1294,948,200.0,4795,1951.18,1227520,0.5655984878540039,10375.863598632812,4529.4921875,-0.007585867028683424,0.3,0.0003,0.0025542271,47940,-1.292291796207428,0.000390625
1294,948,200.0,4796,1968.79,1227776,0.4991382956504822,8199.912451171875,3131.161376953125,-0.003815081715583801,0.3,0.0003,0.001689137,47950,-1.2154115378856658,0.0
1295,948,200.0,4797,1977.8,1228032,0.6472280025482178,4064.926593017578,2502.439453125,-0.00153217714978382,0.3,0.0003,0.0013051194,47960,-1.0257966220378876,0.0
1295,948,200.0,4798,1977.07,1228288,0.08309763669967651,41137.22109375,16615.64453125,-0.0011615730356425047,0.3,0.0003,0.0013864976,47970,-1.4523746609687804,0.0
1295,948,200.0,4799,1992.56,1228544,0.6918673515319824,6069.453833007812,3092.786376953125,-0.0022503883810713887,0.3,0.0003,0.0009867295,47980,-1.145994210243225,0.0
1295,948,200.0,4800,2007.14,1228800,0.4659040570259094,12188.52685546875,3416.873779296875,-0.0008648789720609784,0.3,0.0003,0.00059537776,47990,-1.325958353281021,0.0
1296,948,200.0,4801,1990.97,1229056,0.579293966293335,5610.754223632813,795.171142578125,-0.002349753165617585,0.3,0.0003,0.0005764859,48000,-1.0985336363315583,0.0
1296,948,200.0,4802,2004.65,1229312,0.4610610008239746,15701.687939453124,5215.232421875,-0.00322445472702384,0.3,0.0003,0.001137478,48010,-1.3598892092704773,0.0
1296,948,200.0,4803,2003.77,1229568,0.4294852614402771,9700.48876953125,4107.79931640625,-0.004246745305135846,0.3,0.0003,0.0015116145,48020,-1.1668069958686829,0.00078125
1296,948,200.0,4804,2026.11,1229824,0.6999623775482178,4645.050592041016,1831.5252685546875,-0.002708807721501216,0.3,0.0003,0.002522365,48030,-1.1769599437713623,0.000390625
1297,948,200.0,4805,2020.6,1230080,0.09901851415634155,21805.243408203125,9897.4833984375,-0.002345184120349586,0.3,0.0003,0.0014525217,48040,-1.0436926752328872,0.0
1297,948,200.0,4806,2020.29,1230336,0.19375234842300415,14699.607250976562,4803.36572265625,-0.0010225040139630436,0.3,0.0003,0.0009149276,48050,-1.2398595452308654,0.0
1297,948,200.0,4807,2033.36,1230592,0.07166296243667603,22199.739111328126,11945.224609375,-0.00252203494310379,0.3,0.0003,0.0010634304,48060,-1.1582377254962921,0.0
1298,948,200.0,4808,2030.73,1230848,0.41551464796066284,8042.105969238281,3426.9462890625,-0.0006254013860598207,0.3,0.0003,0.00035512843,48070,-1.049185472726822,0.0
1298,948,200.0,4809,2027.36,1231104,0.37136292457580566,14539.574755859376,6051.892578125,-0.0011839251033961772,0.3,0.0003,0.00046152738,48080,-1.3357058584690094,0.0
1298,948,200.0,4810,2011.19,1231360,0.3291134834289551,12666.956298828125,7083.28076171875,-0.0027142464416101573,0.3,0.0003,0.0006496392,48090,-1.2294280052185058,0.0
1298,948,200.0,4811,2004.72,1231616,0.6789008975028992,5285.805615234375,2522.361572265625,-0.0011415180400945247,0.3,0.0003,0.0012216347,48100,-1.1425823867321014,0.0
1299,948,200.0,4812,1994.81,1231872,0.36761021614074707,16590.917236328125,7258.71728515625,0.0003282424528151751,0.3,0.0003,0.00050310115,48110,-1.2085282683372498,0.0
1299,948,200.0,4813,1990.08,1232128,0.7285083532333374,3974.960168457031,1230.396484375,-0.004039850720437244,0.3,0.0003,0.003275631,48120,-1.3019127368927002,0.003125
1299,948,200.0,4814,2024.41,1232384,0.4573845863342285,9417.011083984375,3418.888427734375,-0.0005377552879508585,0.3,0.0003,0.00057446584,48130,-1.1648071944713592,0.0
1299,948,200.0,4815,2027.71,1232640,0.21909725666046143,10647.887573242188,6811.029296875,-0.0011768047930672764,0.3,0.0003,0.0032983178,48140,-0.9909902364015579,0.0
1300,948,200.0,4816,2016.89,1232896,0.39919281005859375,22497.91787109375,10038.11328125,0.0002409212989732623,0.3,0.0003,0.00047993893,48150,-1.2604203641414642,0.0
1300,948,200.0,4817,1998.73,1233152,0.4679751396179199,8534.719995117188,4856.43798828125,-0.002487269719131291,0.3,0.0003,0.00039797742,48160,-0.9848947376012802,0.0
1300,948,200.0,4818,1988.4,1233408,0.5026717185974121,5785.73876953125,1683.97998046875,-0.0009155853767879307,0.3,0.0003,0.00090234797,48170,-1.247917765378952,0.0
1300,948,200.0,4819,1984.93,1233664,0.6691466569900513,12477.473400878906,5534.6015625,-0.0023557876353152095,0.3,0.0003,0.0005627321,48180,-1.4828951239585877,0.0
1301,948,200.0,4820,2008.25,1233920,0.48109006881713867,8827.661328125,2875.2666015625,-0.0017079035751521587,0.3,0.0003,0.0017835733,48190,-0.9986763209104538,0.0
1301,948,200.0,4821,2011.32,1234176,0.443098783493042,7809.215258789062,3508.200927734375,-0.0012724890955723822,0.3,0.0003,0.0011596861,48200,-1.1394245386123658,0.0
1301,948,200.0,4822,2009.89,1234432,0.2781643271446228,9286.376440429687,3999.790283203125,-0.0010819930117577314,0.3,0.0003,0.00054615596,48210,-1.4233051121234894,0.0
1302,948,200.0,4823,2025.25,1234688,0.31273436546325684,21735.166552734376,10163.6240234375,-0.0006304872455075383,0.3,0.0003,0.000213905,48220,-1.182942509651184,0.0
1302,948,200.0,4824,2003.05,1234944,0.8230997323989868,2975.4702117919924,503.73724365234375,-0.008919535926543177,0.3,0.0003,0.01380085,48230,-1.1950744926929473,0.044140625
1302,948,200.0,4825,1976.24,1235200,0.6202589273452759,6336.97826538086,2046.45361328125,-0.0009780730120837688,0.3,0.0003,0.00045272964,48240,-1.4467491924762725,0.0
1302,948,200.0,4826,1979.62,1235456,0.21176594495773315,11794.773779296875,6712.83251953125,-0.0027955605648458002,0.3,0.0003,0.0006905573,48250,-1.3866679310798644,0.0
1303,948,200.0,4827,1970.9,1235712,0.5234094858169556,19689.9470703125,10047.04296875,-0.001596471294760704,0.3,0.0003,0.00053464505,48260,-1.560746031999588,0.0
1303,948,200.0,4828,1968.84,1235968,0.5159664154052734,5588.642352294922,1983.908935546875,-0.0022352538886480033,0.3,0.0003,0.00077257794,48270,-1.3597280502319335,0.0
1303,948,200.0,4829,1987.49,1236224,0.4319770336151123,6636.255065917969,3309.822021484375,-0.0009713231294881553,0.3,0.0003,0.0010963304,48280,-1.2254677832126617,0.0
1303,948,200.0,4830,1990.31,1236480,0.4604925513267517,18339.914990234374,8613.869140625,-0.0008855343097820878,0.3,0.0003,0.00020034565,48290,-1.187755924463272,0.0
1304,948,200.0,4831,1998.07,1236736,0.7352590560913086,4615.9310302734375,3331.271484375,-0.0029544241726398466,0.3,0.0003,0.0016243719,48300,-1.3411996364593506,0.0
1304,948,200.0,4832,2011.14,1236992,0.6709200143814087,4748.534075927734,2957.225341796875,-0.006476891413331032,0.3,0.0003,0.009770056,48310,-1.184947282075882,0.017578125
1304,948,200.0,4833,2010.62,1237248,0.5910466909408569,4592.283178710937,2374.9921875,-0.0012136705219745636,0.3,0.0003,0.0012851346,48320,-1.1885987758636474,0.0
1304,948,200.0,4834,2008.72,1237504,0.32023411989212036,24549.1169921875,12353.046875,-0.000293521280400455,0.3,0.0003,0.00037551275,48330,-1.4509137451648713,0.0
1305,948,200.0,4835,2030.2,1237760,0.5842626690864563,7151.814459228515,3925.204345703125,-0.006871179793961346,0.3,0.0003,0.0066981,48340,-1.312476509809494,0.008203125
1305,948,200.0,4836,2048.67,1238016,0.5135823488235474,11446.136669921874,4083.346923828125,-0.004992019617930055,0.3,0.0003,0.0031041773,48350,-1.3663447499275208,0.0015625
1305,948,200.0,4837,2038.41,1238272,0.534442663192749,12215.8169921875,4850.32421875,-9.19112702831626e-05,0.3,0.0003,0.0002325892,48360,-1.0877884864807128,0.0
1306,948,200.0,4838,2038.37,1238528,0.6902670860290527,3862.46374206543,1177.517578125,-0.002484759222716093,0.3,0.0003,0.0021992847,48370,-1.2395783483982086,0.0
1306,948,200.0,4839,2041.06,1238784,0.18039590120315552,7896.080017089844,889.46337890625,-0.0006683395709842444,0.3,0.0003,0.00090785883,48380,-1.2745010316371919,0.0
1306,948,200.0,4840,2056.88,1239040,0.45008641481399536,8534.174108886718,6769.3583984375,-0.0002390868728980422,0.3,0.0003,3.438187e-05,48390,-1.107839447259903,0.0
1306,948,200.0,4841,2061.25,1239296,0.2975414991378784,9742.07509765625,2677.2744140625,-0.0003756552701815963,0.3,0.0003,4.9288385e-05,48400,-1.0435682713985444,0.0
1307,948,200.0,4842,2063.6,1239552,0.34162068367004395,12994.207299804688,6195.431640625,-0.0010141138918697834,0.3,0.0003,0.00040706433,48410,-1.3101433515548706,0.0
1307,948,200.0,4843,2048.03,1239808,-0.03380167484283447,15252.826489257812,7537.66015625,-0.0017245297553017736,0.3,0.0003,0.00074562593,48420,-1.258962059020996,0.0
1307,948,200.0,4844,2063.95,1240064,0.20967745780944824,14147.919384765624,5175.43017578125,0.00041434301529079675,0.3,0.0003,0.00022720406,48430,-1.1902951180934906,0.0
1307,948,200.0,4845,2061.0,1240320,0.5204133987426758,6320.666491699219,2725.003662109375,-0.0014373020851053298,0.3,0.0003,0.00081771845,48440,-1.1240691006183625,0.0
1308,948,200.0,4846,2043.12,1240576,0.2041856050491333,8715.08497314453,1032.7791748046875,-0.0004010697826743126,0.3,0.0003,0.00073807617,48450,-1.1668145954608917,0.0
1308,948,200.0,4847,2064.69,1240832,0.55452960729599,6021.583947753907,2014.0167236328125,-0.003539287205785513,0.3,0.0003,0.0030462437,48460,-1.3008940637111663,0.000390625
1308,948,200.0,4848,2061.44,1241088,0.5486507415771484,13097.14609375,7141.759765625,-0.002169867558404803,0.3,0.0003,0.001364236,48470,-1.1801758050918578,0.001171875
1309,948,200.0,4849,2060.52,1241344,0.48869913816452026,6634.260192871094,1094.0882568359375,-0.006049929780419916,0.3,0.0003,0.0019736153,48480,-1.3819166839122772,0.00390625
1309,948,200.0,4850,2045.03,1241600,0.3806820511817932,7520.838818359375,1532.5523681640625,-0.002779610815923661,0.3,0.0003,0.0010200492,48490,-1.2755901873111726,0.0
1309,948,200.0,4851,2028.33,1241856,0.6904113292694092,4243.21708984375,2176.968017578125,-0.0005963911302387714,0.3,0.0003,0.00034571183,48500,-1.3038110196590424,0.0
1309,948,200.0,4852,2028.69,1242112,0.6724646091461182,7599.013745117188,3905.62060546875,-0.00043070230167359115,0.3,0.0003,0.00015036808,48510,-1.3481245160102844,0.0
1310,948,200.0,4853,1996.75,1242368,-2.814995288848877,11913.084216308594,2016.4930419921875,-0.0003108256729319692,0.3,0.0003,3.0132942e-05,48520,-1.1349143981933594,0.0
1310,948,200.0,4854,2003.95,1242624,0.2770307660102844,18551.219140625,10770.5712890625,-0.0016534794587641955,0.3,0.0003,0.00044867443,48530,-1.032836490869522,0.0
1310,948,200.0,4855,1999.65,1242880,0.34988933801651,14752.476489257813,4952.38671875,-0.0038721350021660326,0.3,0.0003,0.00086143403,48540,-1.2898516356945038,0.0
1310,948,200.0,4856,1983.99,1243136,0.5243415236473083,6058.985089111328,2243.90576171875,-7.478236220777034e-05,0.3,0.0003,0.0003305555,48550,-1.3784992277622223,0.0
1311,948,200.0,4857,2010.39,1243392,0.15940433740615845,17929.417626953124,8707.5419921875,-0.01280490414937958,0.3,0.0003,0.008742906,48560,-1.2073960721492767,0.015234375
1311,948,200.0,4858,1996.33,1243648,0.4770612120628357,10983.331396484375,4248.228515625,-0.001110908860573545,0.3,0.0003,0.00058916374,48570,-1.3964770078659057,0.0
1311,948,200.0,4859,1985.3,1243904,0.357549786567688,7216.201806640625,2635.1943359375,-6.595824379473925e-05,0.3,0.0003,1.5310943e-05,48580,-1.3286598742008209,0.0
1312,948,200.0,4860,1985.4,1244160,0.032618820667266846,29165.76416015625,15803.2646484375,-0.0010013342136517168,0.3,0.0003,0.00024538534,48590,-1.3160475432872771,0.0
1312,948,200.0,4861,1961.58,1244416,0.6428087949752808,3908.0512756347657,1991.244140625,-0.0006247303215786814,0.3,0.0003,0.0003807603,48600,-1.3421895980834961,0.0
1312,948,200.0,4862,1943.64,1244672,0.6190118193626404,11273.63828125,5125.0634765625,-0.0021861045504920186,0.3,0.0003,0.001410929,48610,-1.4448676884174347,0.0
1312,948,200.0,4863,1943.32,1244928,0.6347982883453369,4666.729302978516,3530.33349609375,-0.0031750712776556613,0.3,0.0003,0.0043545514,48620,-1.2633447110652924,0.00625
1313,948,200.0,4864,1935.78,1245184,0.4702770709991455,6331.5297180175785,3939.001220703125,-0.0013209908269345761,0.3,0.0003,0.0019313125,48630,-1.290481150150299,0.0
1313,948,200.0,4865,1916.65,1245440,0.49405401945114136,6393.994897460938,4057.5078125,-0.0001654168125241995,0.3,0.0003,0.00014409889,48640,-1.3213820159435272,0.0
1313,948,200.0,4866,1916.49,1245696,0.3434683084487915,12886.126953125,3311.807373046875,-1.3599847443401814e-05,0.3,0.0003,2.429774e-05,48650,-1.1792246758937837,0.0
1313,948,200.0,4867,1900.67,1245952,0.44282323122024536,6470.185131835938,2146.429931640625,-9.663213277235627e-05,0.3,0.0003,1.2158882e-05,48660,-1.2368419110774993,0.0
1314,948,200.0,4868,1898.43,1246208,0.5304105281829834,5902.367041015625,1817.110107421875,-0.00024381987750530243,0.3,0.0003,8.928962e-05,48670,-1.2929462671279908,0.0
1314,948,200.0,4869,1900.62,1246464,0.7381136417388916,5134.747741699219,1461.56005859375,-0.001961059239692986,0.3,0.0003,0.0029966396,48680,-1.3939925193786622,0.001953125
1314,948,200.0,4870,1910.33,1246720,0.39275628328323364,7198.624694824219,4129.21875,-0.0003322456846944988,0.3,0.0003,0.000280821,48690,-1.3091983437538146,0.0
1314,948,200.0,4871,1895.81,1246976,0.2087424397468567,9197.726208496093,5492.2060546875,-0.0009688793797977269,0.3,0.0003,0.00041833194,48700,-1.1439787089824676,0.0
1315,948,200.0,4872,1891.69,1247232,0.40384167432785034,8194.662805175782,5460.3515625,-0.0017320836195722222,0.3,0.0003,0.0005309738,48710,-1.206568282842636,0.0
1315,948,200.0,4873,1896.57,1247488,0.4035923480987549,14656.734643554688,8377.0087890625,-0.0021862278343178334,0.3,0.0003,0.0034874943,48720,-1.4762039244174958,0.00078125
1315,948,200.0,4874,1894.29,1247744,0.6791296005249023,4092.1179809570312,542.341064453125,-0.002488697390072048,0.3,0.0003,0.0016160829,48730,-1.3560746967792512,0.0
1316,948,200.0,4875,1877.38,1248000,0.5487765669822693,8580.516040039063,6746.533203125,-0.0028218987863510847,0.3,0.0003,0.0021750254,48740,-1.3766772031784058,0.0
1316,948,200.0,4876,1880.09,1248256,0.7282081246376038,3112.2068786621094,1021.7119750976562,-0.005192381842061877,0.3,0.0003,0.006302368,48750,-1.406216323375702,0.01015625
1316,948,200.0,4877,1874.68,1248512,0.3994181752204895,14524.44609375,6047.9677734375,-0.000322565040551126,0.3,0.0003,0.001248678,48760,-1.1168388545513153,0.0
1316,948,200.0,4878,1878.46,1248768,0.7454811334609985,4184.502716064453,826.4489135742188,-0.00482174321077764,0.3,0.0003,0.0027456123,48770,-1.296962070465088,0.0
1317,947,200.0,4879,1857.87,1249024,0.6723400354385376,8314.33662109375,2420.22119140625,-0.010323875944595783,0.3,0.0003,0.0053212084,48780,-1.0984190225601196,0.00703125
1318,947,200.0,4880,1855.57,1249280,0.6654101610183716,8633.791064453126,4802.8583984375,-0.0015577481943182647,0.3,0.0003,0.0035421737,48790,-1.288603913784027,0.001171875
1318,947,200.0,4881,1855.48,1249536,0.6058003902435303,4835.295031738281,1634.65380859375,-0.0034085413557477296,0.3,0.0003,0.0024495022,48800,-1.3175413131713867,0.000390625
1318,947,200.0,4882,1831.54,1249792,-1.8874540328979492,11246.675,3026.59619140625,-0.001243132830131799,0.3,0.0003,0.0033642012,48810,-1.2596239507198335,0.006640625
1319,947,200.0,4883,1845.36,1250048,0.4222673177719116,15890.232678222656,7996.07666015625,-0.0028947723330929875,0.3,0.0003,0.002951434,48820,-1.2125770449638367,0.000390625
1319,947,200.0,4884,1845.57,1250304,0.6407225131988525,8252.99599609375,2476.465087890625,-0.0012479995377361775,0.3,0.0003,0.0009282406,48830,-1.0130556523799896,0.0
1319,947,200.0,4885,1829.25,1250560,0.2058786153793335,18123.93076171875,7019.39599609375,0.0001907555968500674,0.3,0.0003,0.00030272338,48840,-1.1014505803585053,0.0
1319,947,200.0,4886,1825.43,1250816,0.25171923637390137,15368.496630859376,4569.6220703125,-0.0011937417555600404,0.3,0.0003,8.8309636e-05,48850,-1.495714432001114,0.0
1320,947,200.0,4887,1829.64,1251072,0.30350351333618164,13550.459301757812,5832.173828125,-0.000753432628698647,0.3,0.0003,0.00014137407,48860,-1.3925206303596496,0.0
1320,947,200.0,4888,1828.4,1251328,0.6161491870880127,4865.0159362792965,1668.8143310546875,-0.0024855943163856866,0.3,0.0003,0.0076057212,48870,-1.2317932784557342,0.008203125
1320,947,200.0,4889,1809.57,1251584,0.6677145957946777,7099.296765136719,5332.61181640625,-0.009181139315478504,0.3,0.0003,0.004023463,48880,-1.386938202381134,0.002734375
1320,947,200.0,4890,1811.73,1251840,0.18783104419708252,17206.266162109376,8913.6953125,-0.004076214897213504,0.3,0.0003,0.0014321269,48890,-1.4241690993309022,0.0
1321,947,200.0,4891,1807.97,1252096,0.7604144811630249,4915.009710693359,2235.480224609375,-0.0016160350060090423,0.3,0.0003,0.0012205217,48900,-1.4116463363170624,0.0
1321,947,200.0,4892,1792.59,1252352,0.4139452576637268,8027.3624267578125,3021.30126953125,-0.0030105749028734863,0.3,0.0003,0.00483053,48910,-1.2063186705112456,0.002734375
1321,947,200.0,4893,1798.8,1252608,0.23395192623138428,11293.25361328125,5513.11865234375,-0.001564083795528859,0.3,0.0003,0.0016874287,48920,-1.2192365765571593,0.000390625
1322,947,200.0,4894,1825.44,1252864,0.6653614044189453,10619.901000976562,3758.396728515625,-0.0006855768151581287,0.3,0.0003,0.00061977794,48930,-1.0863019227981567,0.0
1322,947,200.0,4895,1822.62,1253120,0.7289401292800903,5392.657751464843,2144.61376953125,-0.00840850081294775,0.3,0.0003,0.0047079977,48940,-1.1729970812797545,0.003515625
1322,947,200.0,4896,1819.71,1253376,0.4021347761154175,8410.088403320313,5572.51513671875,0.0004403084865771234,0.3,0.0003,0.0018697812,48950,-1.0112986654043197,0.0
1322,947,200.0,4897,1830.7,1253632,0.44012367725372314,11926.743090820313,2851.871337890625,-6.139187607914209e-05,0.3,0.0003,5.3247204e-05,48960,-1.0136523067951202,0.0
1323,947,200.0,4898,1814.61,1253888,0.7051312327384949,7151.917279052735,3914.814697265625,-0.0006906329886987806,0.3,0.0003,0.00013986393,48970,-1.1246288001537323,0.0
1323,947,200.0,4899,1815.14,1254144,0.43480169773101807,7767.753234863281,2188.19287109375,-0.0019504380179569125,0.3,0.0003,0.0022101467,48980,-1.310446524620056,0.0
1323,947,200.0,4900,1802.29,1254400,0.1779375672340393,10180.904174804688,6670.2001953125,-7.960479706525803e-06,0.3,0.0003,0.0006453516,48990,-1.1667347490787505,0.0
1323,947,200.0,4901,1786.83,1254656,0.5637612342834473,6886.450451660156,3149.666259765625,-0.001346990279853344,0.3,0.0003,0.00064914464,49000,-1.0198315352201461,0.0
1324,947,200.0,4902,1791.2,1254912,0.3936197757720947,13276.2189453125,2579.93017578125,4.6976514568086714e-05,0.3,0.0003,0.000211098,49010,-1.0445150911808014,0.0
1324,947,200.0,4903,1789.44,1255168,0.5156886577606201,5668.5673828125,434.92742919921875,-0.00041521750390529635,0.3,0.0003,0.00025192345,49020,-0.9866849958896637,0.0
1324,947,200.0,4904,1789.88,1255424,0.41992896795272827,7560.480041503906,1433.92529296875,-0.00017150354105979204,0.3,0.0003,4.7934474e-05,49030,-1.0390712589025497,0.0
1325,947,200.0,4905,1786.31,1255680,0.5794782638549805,8664.526971435547,2011.9659423828125,-0.00032813510624691845,0.3,0.0003,8.1106555e-05,49040,-1.168486624956131,0.0
1325,947,200.0,4906,1784.23,1255936,0.6701740026473999,8648.782263183593,2845.2822265625,-0.0018680574605241418,0.3,0.0003,0.00038681366,49050,-1.2058870017528533,0.0
1325,947,200.0,4907,1787.2,1256192,0.7170382738113403,4780.651586914062,2593.395263671875,-0.005579578049946576,0.3,0.0003,0.005071572,49060,-1.3240952610969543,0.00546875
1325,947,200.0,4908,1765.67,1256448,0.4705144762992859,7339.944543457032,1323.6722412109375,-0.0003260880010202527,0.3,0.0003,0.0006244208,49070,-1.1667349815368653,0.0
1326,947,200.0,4909,1754.59,1256704,0.6498124599456787,12511.021923828124,2919.6708984375,-0.0012900566915050149,0.3,0.0003,0.000327538,49080,-1.4401972770690918,0.0
1326,947,200.0,4910,1759.57,1256960,0.5149258375167847,7899.179296875,5527.25927734375,-0.0005888813175261021,0.3,0.0003,0.00017169141,49090,-1.1345880925655365,0.0
1326,947,200.0,4911,1748.91,1257216,0.7243659496307373,3804.630651855469,1638.2852783203125,-0.002720092120580375,0.3,0.0003,0.0012274771,49100,-1.2074795007705688,0.0
1327,947,200.0,4912,1750.52,1257472,0.6171669960021973,9315.359130859375,2836.792724609375,-0.0010877349064685403,0.3,0.0003,0.00067270733,49110,-0.613070610165596,0.0
1327,947,200.0,4913,1742.42,1257728,0.8396176099777222,2091.2595947265627,904.7894897460938,-0.0058469536481425164,0.3,0.0003,0.011390512,49120,-1.258044296503067,0.016796875
1327,947,200.0,4914,1734.08,1257984,0.39761316776275635,12593.20263671875,6544.47998046875,-0.00047822832129895687,0.3,0.0003,0.0011988729,49130,-1.2950915098190308,0.0
1327,947,200.0,4915,1732.72,1258240,0.3479840159416199,6540.922137451172,2924.08935546875,-0.0017031189519912005,0.3,0.0003,0.00041032885,49140,-1.2048307001590728,0.0
1328,947,200.0,4916,1748.3,1258496,0.7554373741149902,6051.21171875,3770.30224609375,-0.00046645617112517357,0.3,0.0003,0.00027331896,49150,-1.0455618917942047,0.0
1328,947,200.0,4917,1748.3,1258752,0.45471227169036865,8442.784057617188,1758.98974609375,-0.005558400694280863,0.3,0.0003,0.0062095113,49160,-1.0152139008045196,0.011328125
1328,947,200.0,4918,1734.57,1259008,0.3527058959007263,10455.113256835937,6045.69140625,-0.0006163322133943439,0.3,0.0003,0.00043244218,49170,-1.212612122297287,0.0
1328,947,200.0,4919,1737.77,1259264,0.6918399333953857,4254.472766113281,1334.4420166015625,-0.002898542443290353,0.3,0.0003,0.002729024,49180,-1.2167989313602448,0.0015625
1329,947,200.0,4920,1737.6,1259520,0.6044942140579224,9261.737377929687,6109.06298828125,-0.0019267667550593615,0.3,0.0003,0.0029236877,49190,-1.4171944499015807,0.0015625
1329,947,200.0,4921,1742.38,1259776,0.16032129526138306,10557.75235595703,6474.98779296875,-0.0005099226604215801,0.3,0.0003,0.0012185108,49200,-1.0421698093414307,0.0
1329,947,200.0,4922,1719.35,1260032,0.6380219459533691,4880.346044921875,1677.188232421875,-0.002206603204831481,0.3,0.0003,0.00065690186,49210,-1.008019071817398,0.0
1330,947,200.0,4923,1715.15,1260288,0.5088548064231873,11812.03095703125,5920.9677734375,-0.0019444552366621793,0.3,0.0003,0.002137917,49220,-1.2230874001979828,0.0015625
1330,947,200.0,4924,1715.31,1260544,0.791996955871582,2579.997204589844,1506.6046142578125,-0.00734933321364224,0.3,0.0003,0.011296591,49230,-1.2451169908046722,0.01875
1330,947,200.0,4925,1695.37,1260800,0.6838210225105286,4111.721493530274,2346.107666015625,-0.004686421196674928,0.3,0.0003,0.00897042,49240,-1.0147528797388077,0.012109375
1330,947,200.0,4926,1718.68,1261056,0.45553481578826904,6351.3068359375,3624.716552734375,0.0001902337302453816,0.3,0.0003,0.0017442387,49250,-1.0992351233959199,0.001953125
1331,947,200.0,4927,1739.78,1261312,0.551544189453125,11469.75830078125,3163.232421875,5.2691670134663585e-06,0.3,0.0003,8.915318e-06,49260,-0.9454106897115707,0.0
1331,947,200.0,4928,1758.09,1261568,0.7220708727836609,4453.23447265625,1224.6898193359375,-0.0013944156700745225,0.3,0.0003,0.00053271465,49270,-1.0224001199007033,0.0
1331,947,200.0,4929,1766.11,1261824,0.6154319047927856,5873.0287109375,3021.02783203125,-0.0007754290942102671,0.3,0.0003,0.00095017743,49280,-1.0041805118322373,0.0
1332,947,200.0,4930,1769.13,1262080,0.7759669423103333,5490.428625488281,2013.4576416015625,-0.0019808572833426297,0.3,0.0003,0.001747038,49290,-1.1903375029563903,0.0
1332,947,200.0,4931,1800.4,1262336,0.7289658188819885,4492.735089111328,1553.3043212890625,-0.004928022669628262,0.3,0.0003,0.0038955873,49300,-1.3327263057231904,0.002734375
1332,947,200.0,4932,1782.64,1262592,0.2622464895248413,13593.094799804687,4973.1376953125,-0.0016798869241029025,0.3,0.0003,0.0006127844,49310,-1.1846176743507386,0.0
1332,947,200.0,4933,1785.3,1262848,0.46482396125793457,7623.665014648437,4440.2333984375,-0.0027286848053336143,0.3,0.0003,0.0013006106,49320,-0.9917341321706772,0.000390625
1333,947,200.0,4934,1778.4,1263104,0.43916136026382446,13619.036437988281,5795.46923828125,0.00011965080630034208,0.3,0.0003,0.00033574854,49330,-1.1544193208217621,0.0
1333,947,200.0,4935,1762.52,1263360,0.22112900018692017,10786.809741210938,3242.5341796875,-0.0015530437231063843,0.3,0.0003,0.00080977124,49340,-1.1550146043300629,0.0
1333,947,200.0,4936,1783.46,1263616,0.58414626121521,7344.618432617188,2544.087158203125,-0.0005135192419402302,0.3,0.0003,0.0002578292,49350,-0.9211317777633667,0.0
1333,947,200.0,4937,1792.91,1263872,0.22694528102874756,28809.60634765625,16151.576171875,-0.0013589200098067522,0.3,0.0003,0.00011456106,49360,-0.7962897956371308,0.0
1334,947,200.0,4938,1808.33,1264128,0.05069154500961304,17651.565161132814,3599.158447265625,-0.0004867320822086185,0.3,0.0003,0.00028732838,49370,-0.9563686698675156,0.0
1334,947,200.0,4939,1808.14,1264384,0.42549705505371094,8204.027264404296,2936.093994140625,-0.00031138042686507106,0.3,0.0003,8.048862e-05,49380,-0.9600683987140656,0.0
1334,947,200.0,4940,1809.89,1264640,0.3981477618217468,7290.400476074219,2749.94189453125,-0.00011974939843639731,0.3,0.0003,4.3427106e-05,49390,-0.9473378837108613,0.0
1335,947,200.0,4941,1805.62,1264896,0.4527473449707031,12413.752490234376,5798.4619140625,-0.008404868841171264,0.3,0.0003,0.0013357645,49400,-0.9947620064020157,0.0015625
1335,947,200.0,4942,1823.88,1265152,0.6295745372772217,6752.648638916015,876.8562622070312,1.663516741245985e-05,0.3,0.0003,0.00034739124,49410,-1.2737230241298676,0.0
1335,947,200.0,4943,1819.66,1265408,0.7636401057243347,3381.4459899902345,1975.27294921875,-0.004161834088154137,0.3,0.0003,0.0026032138,49420,-1.028007709980011,0.0
1335,947,200.0,4944,1817.65,1265664,0.42389094829559326,6930.740161132812,3052.713134765625,-0.0007983330171555281,0.3,0.0003,0.0017033238,49430,-1.1529329359531402,0.0
1336,947,200.0,4945,1805.06,1265920,0.1791173815727234,30397.502734375,6799.67919921875,-0.0014817309565842152,0.3,0.0003,0.00012484542,49440,-1.4867815494537353,0.0
1336,947,200.0,4946,1803.46,1266176,0.35778021812438965,9009.173999023438,2290.193359375,-0.0020352071267552676,0.3,0.0003,0.0007559429,49450,-1.5070503056049347,0.0
1336,947,200.0,4947,1795.59,1266432,0.1568620204925537,17226.341259765624,4064.8134765625,-0.0027002302464097737,0.3,0.0003,0.00059773657,49460,-1.3855430483818054,0.0
1337,947,200.0,4948,1813.22,1266688,0.761448085308075,5702.2996826171875,2864.239013671875,-0.001050583564210683,0.3,0.0003,0.00077145733,49470,-0.9642362594604492,0.0
1337,947,200.0,4949,1813.13,1266944,0.8021745085716248,3343.6444763183595,1519.1624755859375,-0.0020341357216238976,0.3,0.0003,0.0024002593,49480,-1.0171591937541962,0.0
1337,947,200.0,4950,1825.38,1267200,0.38449257612228394,10199.109857177735,463.0121154785156,-0.002697988087311387,0.3,0.0003,0.0011909739,49490,-1.0744634568691254,0.0
1337,947,200.0,4951,1816.97,1267456,0.463845431804657,12795.223803710938,6519.22802734375,-0.0021102042403072117,0.3,0.0003,0.0012191522,49500,-1.036340406537056,0.0
1338,947,200.0,4952,1819.34,1267712,0.6518377065658569,10531.479418945313,4246.8740234375,-0.0013684222474694252,0.3,0.0003,0.0007435514,49510,-1.2314248740673066,0.0
1338,947,200.0,4953,1824.01,1267968,0.7604266405105591,3350.630584716797,1596.7508544921875,-0.008777962462045253,0.3,0.0003,0.008480076,49520,-1.0421331346035003,0.00625
1338,947,200.0,4954,1824.7,1268224,0.5399510860443115,5355.132531738282,2386.7783203125,-0.00434394342591986,0.3,0.0003,0.007512111,49530,-1.0824129074811935,0.010546875
1339,947,200.0,4955,1812.45,1268480,0.7609937191009521,5436.62529296875,1869.74169921875,-0.0004632688243873417,0.3,0.0003,0.00039040204,49540,-1.1878590404987335,0.0
1339,947,200.0,4956,1814.87,1268736,0.7392224669456482,3343.729315185547,1349.1134033203125,-0.004852474830113351,0.3,0.0003,0.01163224,49550,-1.1521344840526582,0.025
1339,947,200.0,4957,1814.71,1268992,0.539894700050354,7435.008581542968,2265.63818359375,1.868272665888071e-05,0.3,0.0003,0.0009295116,49560,-1.1915807664394378,0.0
1339,947,200.0,4958,1823.48,1269248,0.3551991581916809,10266.638232421876,1821.050537109375,-8.493163622915744e-05,0.3,0.0003,1.40056945e-05,49570,-1.0350134521722794,0.0
1340,947,200.0,4959,1824.2,1269504,0.5050915479660034,8486.442907714843,3447.672119140625,-0.0002259390486869961,0.3,0.0003,9.6607255e-05,49580,-1.2185498654842377,0.0
1340,947,200.0,4960,1830.51,1269760,0.07906818389892578,8997.464599609375,4216.83837890625,-9.511772077530622e-06,0.3,0.0003,5.026092e-05,49590,-1.1082979708909988,0.0
1340,947,200.0,4961,1810.45,1270016,0.27390414476394653,10880.01571044922,6464.06591796875,-0.001605167076922953,0.3,0.0003,0.00020086975,49600,-1.0964739918708801,0.0
1340,947,200.0,4962,1828.39,1270272,0.5205472707748413,10890.654260253907,4671.1708984375,-0.0004198024980723858,0.3,0.0003,0.00040613464,49610,-1.1906795501708984,0.0
1341,947,200.0,4963,1826.5,1270528,0.8009648323059082,3483.031146240234,1551.9718017578125,-0.003967734193429351,0.3,0.0003,0.0005931081,49620,-1.096772688627243,0.001171875
1341,947,200.0,4964,1827.86,1270784,0.0575481653213501,15939.990869140625,5733.36328125,-0.008629644755274057,0.3,0.0003,0.0074359113,49630,-1.3906519651412963,0.01640625
1341,947,200.0,4965,1848.46,1271040,0.5209503173828125,7403.254992675781,2372.95947265625,-0.00026742232730612157,0.3,0.0003,0.00019788113,49640,-1.3541620969772339,0.0
1342,947,200.0,4966,1852.05,1271296,0.5930686593055725,8680.495043945313,2004.931884765625,-0.0002536310348659754,0.3,0.0003,0.00013721455,49650,-1.036671483516693,0.0
1342,947,200.0,4967,1850.82,1271552,0.5932443141937256,4585.042962646485,840.5054931640625,-0.009095032373443246,0.3,0.0003,0.0059836297,49660,-1.4083477556705475,0.007421875
1342,947,200.0,4968,1851.62,1271808,0.5727047920227051,4311.242266845703,2175.813232421875,-0.0007339593023061753,0.3,0.0003,0.0010261738,49670,-1.30688117146492,0.0
1342,947,200.0,4969,1851.59,1272064,0.22484683990478516,8195.109075927734,6079.353515625,-0.0013423947151750327,0.3,0.0003,0.0031748875,49680,-1.3256226480007172,0.003515625
1343,947,200.0,4970,1845.72,1272320,-0.007308006286621094,24055.907373046874,8011.25830078125,-0.00039968155324459075,0.3,0.0003,7.211813e-05,49690,-1.4393821358680725,0.0
1343,947,200.0,4971,1849.53,1272576,0.4303141236305237,8195.255178833007,2421.968017578125,-0.0028300843667238952,0.3,0.0003,0.0013245437,49700,-1.2497112214565278,0.000390625
1343,947,200.0,4972,1827.65,1272832,0.6649221181869507,4126.345654296875,1816.0794677734375,0.0004651829833164811,0.3,0.0003,0.00018309127,49710,-1.2352590680122375,0.0
1344,947,200.0,4973,1831.9,1273088,0.723251223564148,7292.1282958984375,4631.55322265625,-0.0006338429288007319,0.3,0.0003,0.00023253774,49720,-0.964222040772438,0.0
1344,947,200.0,4974,1827.11,1273344,0.42272305488586426,9048.149688720703,3387.38427734375,-0.0012483198195695877,0.3,0.0003,0.0005659864,49730,-1.103803163766861,0.0
1344,947,200.0,4975,1818.66,1273600,-0.7828936576843262,6077.586810302734,888.990234375,-0.0011217561783269047,0.3,0.0003,0.0001907961,49740,-1.313825112581253,0.0
1344,947,200.0,4976,1838.91,1273856,0.7063310146331787,5187.957177734375,2446.060791015625,-9.770175674930214e-05,0.3,0.0003,5.443697e-05,49750,-0.9274437516927719,0.0
1345,947,200.0,4977,1856.43,1274112,0.26712238788604736,20897.42819824219,6097.6318359375,-0.0026361529249697923,0.3,0.0003,0.0010815251,49760,-1.0306631296873092,0.0
1345,947,200.0,4978,1852.92,1274368,0.8192673325538635,3559.2095947265625,1279.3128662109375,-0.011472792970016599,0.3,0.0003,0.027058624,49770,-1.097799962759018,0.030078125
1345,947,200.0,4979,1867.86,1274624,0.060499727725982666,18791.945434570312,9808.8662109375,0.0009403962641954422,0.3,0.0003,0.002210317,49780,-1.1378017902374267,0.0
1346,947,200.0,4980,1883.1,1274880,0.7351956367492676,6603.99169921875,2345.1953125,-0.003000159258954227,0.3,0.0003,0.0034682148,49790,-0.9573603808879853,0.0046875
1346,947,200.0,4981,1886.93,1275136,0.7107862234115601,4111.284484863281,1468.7001953125,-0.0024172512348741293,0.3,0.0003,0.0017936281,49800,-0.9966884702444077,0.00078125
1346,947,200.0,4982,1890.96,1275392,0.2667716145515442,13688.770825195312,5856.0380859375,-0.0003752788063138723,0.3,0.0003,0.0008951479,49810,-1.2697553038597107,0.0
1346,947,200.0,4983,1939.01,1275648,0.7877669334411621,3618.05458984375,1524.0411376953125,-0.006128193088807165,0.3,0.0003,0.008609242,49820,-1.0153953194618226,0.01484375
1347,947,200.0,4984,1935.63,1275904,0.4884452819824219,15742.552416992188,6050.134765625,-0.0016855106223374605,0.3,0.0003,0.0011834973,49830,-0.977628430724144,0.0
1347,947,200.0,4985,1947.7,1276160,0.7494549751281738,4816.3568115234375,2885.77392578125,-0.0024449319345876573,0.3,0.0003,0.0016171497,49840,-1.1262535870075225,0.001171875
1347,947,200.0,4986,1994.04,1276416,0.6986029148101807,3695.515740966797,1604.379150390625,-0.0021742658223956822,0.3,0.0003,0.0030433096,49850,-0.8385758936405182,0.00390625
1347,947,200.0,4987,1991.24,1276672,0.6847426295280457,6169.887927246094,2480.73876953125,-0.0025276957312598825,0.3,0.0003,0.0044723013,49860,-0.8486872404813767,0.001953125
1348,947,200.0,4988,1973.3,1276928,0.3610879182815552,8988.098828125,3888.6435546875,-0.0024661245523020627,0.3,0.0003,0.0016604715,49870,-1.023368176817894,0.0
1348,947,200.0,4989,1975.62,1277184,0.17934280633926392,10914.104370117188,3597.046630859375,-0.0004641010658815503,0.3,0.0003,0.0006616814,49880,-0.9459312796592713,0.0
1348,947,200.0,4990,1989.92,1277440,0.7091507911682129,4926.426257324219,1283.1507568359375,-0.002693221892695874,0.3,0.0003,0.001622085,49890,-0.9030530363321304,0.0
1349,947,200.0,4991,1987.38,1277696,0.7589969635009766,4985.611730957031,1350.662841796875,-0.0004063523432705551,0.3,0.0003,0.00021804217,49900,-1.0392448753118515,0.0
1349,947,200.0,4992,2010.56,1277952,0.4490177631378174,10285.679565429688,3241.597412109375,-0.004861963377334177,0.3,0.0003,0.0029425258,49910,-1.0204166680574418,0.003515625
1349,947,200.0,4993,2003.82,1278208,0.8261748552322388,3119.3522888183593,2186.623046875,-0.005647936509922147,0.3,0.0003,0.0052047735,49920,-0.9774594992399216,0.001953125
1349,947,200.0,4994,1988.12,1278464,0.28184860944747925,11014.545928955078,888.66845703125,-0.0016321131959557533,0.3,0.0003,0.0011933553,49930,-0.5241780832409859,0.0
1350,947,200.0,4995,1985.1,1278720,0.3331701159477234,20847.91025390625,6182.48046875,-0.001429405203089118,0.3,0.0003,0.00038513727,49940,-1.2191723585128784,0.0
1350,947,200.0,4996,2003.45,1278976,0.7383056879043579,4528.501232910156,3127.49853515625,-0.0009908491047099233,0.3,0.0003,0.0006347045,49950,-0.994214192032814,0.0
1350,947,200.0,4997,2002.01,1279232,0.7150982022285461,6103.225207519531,3403.04296875,4.399875178933144e-05,0.3,0.0003,0.0005633023,49960,-0.902981162071228,0.0
1350,947,200.0,4998,2009.34,1279488,0.6667062044143677,7117.879992675781,1465.859375,-0.008649629552382975,0.3,0.0003,0.003567314,49970,-0.996068611741066,0.001953125
1351,947,200.0,4999,2006.7,1279744,0.5081280469894409,10334.061889648438,4995.3017578125,-0.003248571138828993,0.3,0.0003,0.0018132064,49980,-0.9824716597795486,0.000390625
1351,947,200.0,5000,2011.11,1280000,0.4836573600769043,6097.301184082031,540.8058471679688,9.65809915214777e-05,0.3,0.0003,0.00088525633,49990,-0.923306742310524,0.0
1351,947,200.0,5001,2010.94,1280256,0.32161664962768555,10258.736218261718,7238.78564453125,-0.00021469896892085673,0.3,0.0003,4.0340936e-05,50000,-1.0398442804813386,0.0
1352,947,200.0,5002,2030.91,1280512,0.4536937475204468,20388.24892578125,10873.38671875,-0.006074311537668109,0.3,0.0003,0.0020899454,50010,-1.2291730642318726,0.000390625
1352,947,200.0,5003,2032.54,1280768,0.8246199488639832,2953.8757232666017,345.57733154296875,-0.0020684432820416987,0.3,0.0003,0.001101187,50020,-0.9846853911876678,0.0
1352,947,200.0,5004,2030.21,1281024,0.679246187210083,3706.258624267578,1906.9029541015625,-0.0032617978722555563,0.3,0.0003,0.0011079658,50030,-0.9971188902854919,0.0
1352,947,200.0,5005,2016.39,1281280,0.7262357473373413,6490.26767578125,2668.568603515625,-0.0030990666011348365,0.3,0.0003,0.002298158,50040,-0.8397726655006409,0.000390625
1353,947,200.0,5006,2009.43,1281536,0.6596145033836365,5907.040844726563,929.6190185546875,-0.0019471162813715637,0.3,0.0003,0.0027230089,50050,-0.9005491495132446,0.00078125
1353,947,200.0,5007,2001.71,1281792,0.44096511602401733,10722.816723632812,3045.36962890625,0.00034790786448866127,0.3,0.0003,0.0005025822,50060,-0.8006975740194321,0.0
1353,947,200.0,5008,1987.57,1282048,0.5082295536994934,8101.3287353515625,3167.03759765625,1.6492092981934547e-05,0.3,0.0003,0.00011624722,50070,-1.124846774339676,0.0
1354,947,200.0,5009,1992.88,1282304,0.534307599067688,16303.562243652344,11728.19140625,-0.0010267267934978008,0.3,0.0003,0.00040702987,50080,-1.070460718870163,0.0
1354,947,200.0,5010,2015.09,1282560,0.6836357116699219,3991.680224609375,2716.317138671875,-0.0028772183461114762,0.3,0.0003,0.004103602,50090,-0.7240545600652695,0.0046875
1354,946,200.0,5011,2029.79,1282816,0.23668640851974487,16770.022998046876,12690.3154296875,0.00019947061082348228,0.3,0.0003,0.0005010851,50100,-0.9392250359058381,0.0
1354,946,200.0,5012,2019.24,1283072,0.5682640075683594,7592.223937988281,3129.187744140625,-0.0006184054480399936,0.3,0.0003,0.00015765475,50110,-0.7545466691255569,0.0
1355,946,200.0,5013,2017.38,1283328,0.5484731197357178,8926.767626953126,3934.958740234375,-0.0004901178530417383,0.3,0.0003,0.000104974955,50120,-0.8078028857707977,0.0
1355,946,200.0,5014,1997.53,1283584,0.2675304412841797,9424.566088867188,4314.6884765625,-4.68231737613678e-05,0.3,0.0003,6.260583e-06,50130,-0.8603935748338699,0.0
1355,946,200.0,5015,2023.86,1283840,0.4519194960594177,10134.894140625,4510.48095703125,-0.00011834509787149728,0.3,0.0003,7.573515e-06,50140,-0.7492240965366364,0.0
1356,946,200.0,5016,2006.24,1284096,0.5349855422973633,9807.734887695313,3069.34619140625,-0.0002646574517711997,0.3,0.0003,3.9402395e-05,50150,-0.8919977396726608,0.0
1356,946,200.0,5017,2004.41,1284352,0.415665864944458,13533.166918945313,4962.16796875,-0.0011114044929854572,0.3,0.0003,0.00030762237,50160,-1.113877111673355,0.0
1356,946,200.0,5018,2009.41,1284608,0.17240911722183228,10898.384338378906,1925.398193359375,-0.0014934354461729527,0.3,0.0003,0.0004846123,50170,-1.099586647748947,0.0
1356,946,200.0,5019,2017.5,1284864,0.5592981576919556,6217.5447448730465,1333.1807861328125,-0.00047853987198323014,0.3,0.0003,0.00032015424,50180,-0.9636019796133042,0.0
1357,946,200.0,5020,2004.83,1285120,0.48943352699279785,11349.093896484375,4890.6240234375,-0.0016359541448764503,0.3,0.0003,0.00045548263,50190,-1.3129895806312561,0.0
1357,946,200.0,5021,2002.48,1285376,0.3615349531173706,7589.848315429687,2078.64697265625,-0.0009419977199286222,0.3,0.0003,0.0017652547,50200,-0.7655056923627853,0.0
1357,946,200.0,5022,2008.26,1285632,0.33446455001831055,6314.664514160157,3474.415771484375,-0.00014792396686971187,0.3,0.0003,0.0003292784,50210,-0.8656576216220856,0.0
1357,946,200.0,5023,2039.04,1285888,0.5324406623840332,9164.451513671875,4189.51806640625,-0.00022253452334553003,0.3,0.0003,8.157315e-05,50220,-0.8422460585832596,0.0
1358,946,200.0,5024,2038.63,1286144,0.4057345390319824,9419.35985107422,5451.1181640625,-0.0014729839749634266,0.3,0.0003,0.0003179796,50230,-0.8480154812335968,0.0
1358,946,200.0,5025,2041.58,1286400,0.6473286151885986,7659.283984375,5202.13720703125,-0.00159845418529585,0.3,0.0003,0.0006728866,50240,-1.1929518043994904,0.0
1358,946,200.0,5026,2020.22,1286656,0.7445433735847473,3037.425433349609,1253.768310546875,-0.003140208777040243,0.3,0.0003,0.0022160078,50250,-1.0891719162464142,0.0
1359,946,200.0,5027,2026.65,1286912,0.6042762398719788,11732.297705078125,6734.16748046875,6.563773495145142e-05,0.3,0.0003,0.00031158957,50260,-0.9270720094442367,0.0
1359,946,200.0,5028,2022.85,1287168,0.7832483053207397,3022.777224731445,1954.33544921875,-0.0020375306252390147,0.3,0.0003,0.0009197241,50270,-1.1904335379600526,0.0
1359,946,200.0,5029,2025.01,1287424,0.7390612363815308,3425.012902832031,1695.004150390625,-0.0027211997425183655,0.3,0.0003,0.0050592287,50280,-1.1307150423526764,0.00390625
1359,946,200.0,5030,2024.77,1287680,0.006062030792236328,24564.31748046875,9930.2451171875,0.0007984731812030077,0.3,0.0003,0.0019006571,50290,-0.9227236092090607,0.0
1360,946,200.0,5031,2022.87,1287936,0.6449623703956604,5387.606420898437,1560.638671875,-0.0007142734481021762,0.3,0.0003,0.0001980972,50300,-0.8997555643320083,0.0
1360,946,200.0,5032,2011.3,1288192,-0.049453020095825195,24578.695751953124,5842.33349609375,-0.0007855537929572165,0.3,0.0003,0.00038106996,50310,-0.848807418346405,0.0
1360,946,200.0,5033,2057.99,1288448,0.538834810256958,8051.473181152343,2435.364501953125,-0.00019628473091870546,0.3,0.0003,9.2851e-05,50320,-0.7226062625646591,0.0
1361,946,200.0,5034,2074.08,1288704,0.47897815704345703,9233.23770751953,755.6154174804688,-0.00030128135113045574,0.3,0.0003,0.00019604713,50330,-0.8829953342676162,0.0
1361,946,200.0,5035,2076.0,1288960,0.5910499095916748,6160.710754394531,2594.21728515625,-0.0013766914140433072,0.3,0.0003,0.0006906844,50340,-0.9200112223625183,0.0
1361,946,200.0,5036,2056.34,1289216,0.11711716651916504,14082.071875,7691.32470703125,-0.0014333350351080298,0.3,0.0003,0.0005971622,50350,-1.1059553146362304,0.0
1361,946,200.0,5037,2045.58,1289472,-0.08937656879425049,13015.491430664062,3634.644775390625,-0.00032167985336855053,0.3,0.0003,0.0002688847,50360,-0.9230472534894943,0.0
1362,946,200.0,5038,2045.45,1289728,0.23481512069702148,25231.15869140625,17732.8046875,-0.00036352016031742095,0.3,0.0003,6.378675e-05,50370,-1.096579921245575,0.0
1362,946,200.0,5039,2072.45,1289984,0.7030487060546875,4465.593859863281,1881.5030517578125,-0.0012581801041960717,0.3,0.0003,0.0009074684,50380,-0.9561603963375092,0.0
1362,946,200.0,5040,2045.62,1290240,0.4910023808479309,7342.871752929687,3260.556640625,-0.003493848320795223,0.3,0.0003,0.0021845007,50390,-0.9674961984157562,0.0
1362,946,200.0,5041,2061.22,1290496,0.310322642326355,21533.837841796874,6538.3076171875,0.00021052940282970667,0.3,0.0003,0.00038840296,50400,-1.2851795256137848,0.0
1363,946,200.0,5042,2066.19,1290752,0.6110267043113708,5635.225439453125,2141.5927734375,-0.0014863284304738045,0.3,0.0003,0.00049791206,50410,-0.9556305587291718,0.0
1363,946,200.0,5043,2051.31,1291008,-0.30800580978393555,29346.16669921875,16271.5732421875,-0.001593463122844696,0.3,0.0003,0.0005111685,50420,-1.1420946002006531,0.0
1363,946,200.0,5044,2043.85,1291264,-0.24329376220703125,15446.418017578126,4546.13232421875,-0.00042558051645755766,0.3,0.0003,0.00013173139,50430,-0.9523063957691192,0.0
1364,946,200.0,5045,2044.07,1291520,0.1348164677619934,28557.2966796875,14176.8642578125,-0.0008851713966578246,0.3,0.0003,0.00016981713,50440,-1.0197544276714325,0.0
1364,946,200.0,5046,2037.61,1291776,0.605066180229187,5491.227618408203,2612.74267578125,-0.003415469196625054,0.3,0.0003,0.0016304888,50450,-0.9414120644330979,0.000390625
1364,946,200.0,5047,2042.54,1292032,0.4348483085632324,13312.060034179687,7741.52880859375,-0.0025172198540531097,0.3,0.0003,0.0018277359,50460,-1.1342982709407807,0.000390625
1364,946,200.0,5048,2065.94,1292288,0.5494495630264282,11518.893212890625,4030.025390625,-0.0018179829115979374,0.3,0.0003,0.00075743324,50470,-1.1462380766868592,0.0
1365,946,200.0,5049,2064.15,1292544,0.16993772983551025,6171.365393066406,1339.1824951171875,-0.0021207825280725955,0.3,0.0003,0.00092465617,50480,-1.0713217437267304,0.0
1365,946,200.0,5050,2053.11,1292800,0.25616973638534546,29958.76201171875,17389.6171875,-0.0007504557259380817,0.3,0.0003,0.00020038453,50490,-1.2372340083122253,0.0
1365,946,200.0,5051,2053.92,1293056,0.741628885269165,3060.77451171875,1235.453857421875,-0.0061237293877638875,0.3,0.0003,0.016529422,50500,-1.0448640972375869,0.0328125
1365,946,200.0,5052,2056.25,1293312,0.15976721048355103,25469.653515625,10659.1904296875,-0.00835488485172391,0.3,0.0003,0.0065348176,50510,-1.1350372195243836,0.0046875
1366,946,200.0,5053,2075.19,1293568,0.5183844566345215,6114.769540405274,4903.97705078125,-0.0005430639954283834,0.3,0.0003,0.00069889333,50520,-1.0781710922718049,0.0
1366,946,200.0,5054,2073.37,1293824,0.582893967628479,6855.491485595703,4842.72998046875,-0.0020920194103382526,0.3,0.0003,0.0064753555,50530,-1.0141934037208558,0.008984375
1366,946,200.0,5055,2052.98,1294080,0.6991227865219116,6790.0823974609375,3955.49755859375,-0.004155883588828147,0.3,0.0003,0.0045611034,50540,-0.9381650358438491,0.00703125
1367,946,200.0,5056,2055.59,1294336,0.3269141912460327,14757.9912109375,5132.64892578125,-0.0013783716596662999,0.3,0.0003,0.00032566907,50550,-1.156850653886795,0.0
1367,946,200.0,5057,2078.23,1294592,0.8095632791519165,4374.679382324219,2218.05029296875,-0.00586190742906183,0.3,0.0003,0.008775355,50560,-1.1160139560699462,0.003515625
1367,946,200.0,5058,2071.52,1294848,0.6112047433853149,5738.038342285156,2102.16455078125,-0.0011852493276819586,0.3,0.0003,0.0032092463,50570,-1.2694349944591523,0.000390625
1367,946,200.0,5059,2070.06,1295104,0.7079116106033325,7054.699438476562,2567.1904296875,-0.005018286826089025,0.3,0.0003,0.009678537,50580,-0.9776990860700607,0.01015625
1368,946,200.0,5060,2065.44,1295360,0.6984418630599976,3602.34599609375,2589.09814453125,-0.0002856913488358259,0.3,0.0003,0.0015617001,50590,-1.0835972636938096,0.0
1368,946,200.0,5061,2022.39,1295616,0.554937481880188,6184.5712890625,3859.585693359375,-0.002789216546807438,0.3,0.0003,0.0025967262,50600,-0.7018982291221618,0.0
1368,946,200.0,5062,2013.84,1295872,0.4097821116447449,14405.622998046874,6333.4345703125,-0.0007994456100277603,0.3,0.0003,0.00033617485,50610,-1.127955186367035,0.0
1368,946,200.0,5063,2002.01,1296128,0.6377708911895752,7486.449731445313,2274.612060546875,-0.0006479386473074555,0.3,0.0003,7.1937684e-05,50620,-1.253582775592804,0.0
1369,946,200.0,5064,1977.59,1296384,0.4880187511444092,10823.389501953125,2830.654052734375,-0.0010523800272494554,0.3,0.0003,0.00035694125,50630,-1.114867353439331,0.0
1369,946,200.0,5065,1957.83,1296640,0.8061264157295227,3769.8683471679688,2085.8671875,-0.005824651708826423,0.3,0.0003,0.0055232607,50640,-0.9550110995769501,0.00234375
1369,946,200.0,5066,1959.64,1296896,0.7082521915435791,8470.861376953126,2126.19482421875,0.0014663409907370805,0.3,0.0003,0.0031260932,50650,-1.1060206770896912,0.001953125
1370,946,200.0,5067,1948.96,1297152,0.315809428691864,12793.882666015625,3644.366455078125,-0.0014707764610648155,0.3,0.0003,0.0009777024,50660,-1.1665735304355622,0.0
1370,946,200.0,5068,1941.36,1297408,0.03736680746078491,12167.724560546874,7124.94287109375,-0.001192741165868938,0.3,0.0003,0.0004971726,50670,-1.079781699180603,0.0
1370,946,200.0,5069,1936.71,1297664,0.7331511974334717,6777.35234375,2022.9881591796875,2.776187611743808e-05,0.3,0.0003,2.6268419e-05,50680,-1.183976525068283,0.0
1370,946,200.0,5070,1916.68,1297920,-0.06787228584289551,13847.72236328125,4423.01025390625,-0.0016828837106004357,0.3,0.0003,0.0005027335,50690,-1.1037533819675445,0.0
1371,946,200.0,5071,1916.33,1298176,0.6374496221542358,4853.458435058594,3993.426513671875,-6.74260430969298e-05,0.3,0.0003,4.320359e-05,50700,-0.9988546371459961,0.0
1371,946,200.0,5072,1924.67,1298432,0.4669266939163208,8547.762084960938,3420.010498046875,-0.0002567404415458441,0.3,0.0003,7.733004e-05,50710,-1.1064924776554108,0.0
1371,946,200.0,5073,1937.73,1298688,0.14474087953567505,28293.949462890625,15516.6904296875,-0.002550060860812664,0.3,0.0003,0.00027294387,50720,-0.9788547903299332,0.0
1371,946,200.0,5074,1925.35,1298944,0.49728846549987793,11822.487451171875,4412.29833984375,-0.00037412464153021576,0.3,0.0003,9.1272406e-05,50730,-1.1450674295425416,0.0
1372,946,200.0,5075,1925.72,1299200,0.6241402626037598,4747.612329101563,1444.948486328125,-0.00018890028586611153,0.3,0.0003,0.00017343229,50740,-1.1416703820228578,0.0
1372,946,200.0,5076,1918.38,1299456,0.3149346709251404,8004.263891601562,3235.213134765625,-0.00019313847878947853,0.3,0.0003,0.00010681641,50750,-0.8576192706823349,0.0
1372,946,200.0,5077,1911.72,1299712,0.3900828957557678,12777.54393310547,4985.71435546875,-0.00022574020549654962,0.3,0.0003,0.00014950219,50760,-1.004354539513588,0.0
1372,946,200.0,5078,1914.12,1299968,0.5489954948425293,5792.251434326172,3512.535400390625,-0.0003348370781168342,0.3,0.0003,3.4386525e-05,50770,-1.06752410531044,0.0
1373,946,200.0,5079,1914.28,1300224,0.5427024364471436,9272.182690429687,1541.8236083984375,-0.005191472126170993,0.3,0.0003,0.0024276646,50780,-1.2722722053527833,0.000390625
1373,946,200.0,5080,1891.7,1300480,0.46713465452194214,15469.57607421875,7154.36279296875,-5.369642749428749e-05,0.3,0.0003,0.0010195281,50790,-1.177748340368271,0.0
1373,946,200.0,5081,1885.22,1300736,0.12102967500686646,8696.563708496094,2536.371337890625,-0.0008939867751905694,0.3,0.0003,0.00020096055,50800,-1.1043985426425933,0.0
1374,946,200.0,5082,1883.16,1300992,0.1846138834953308,11824.716821289063,3311.6474609375,-0.0038141194847412406,0.3,0.0003,0.0016874233,50810,-1.0569043815135957,0.001171875
1374,946,200.0,5083,1883.74,1301248,0.4820778965950012,7688.764733886719,3029.338134765625,-0.0016429396346211433,0.3,0.0003,0.0011658631,50820,-1.0368449807167053,0.0
1374,946,200.0,5084,1870.36,1301504,0.5310845375061035,14687.78876953125,3537.860595703125,-0.0003241686150431633,0.3,0.0003,0.00013323501,50830,-0.9986167192459107,0.0
1375,946,200.0,5085,1896.38,1301760,0.8149842619895935,4175.057592773437,1712.934814453125,-0.001594398613087833,0.3,0.0003,0.00027885195,50840,-1.096114730834961,0.0
1375,946,200.0,5086,1921.14,1302016,0.7111836671829224,3830.2824890136717,1548.752685546875,-0.004801637062337249,0.3,0.0003,0.011368114,50850,-0.9860665798187256,0.010546875
1375,946,200.0,5087,1911.78,1302272,0.47368109226226807,13511.573461914062,9465.3916015625,-0.003130982234142721,0.3,0.0003,0.0027184575,50860,-1.346556270122528,0.0
1375,946,200.0,5088,1893.67,1302528,0.16165709495544434,23206.25322265625,15959.6875,-0.0024324819212779404,0.3,0.0003,0.0021685802,50870,-1.1913133263587952,0.0
1376,946,200.0,5089,1898.91,1302784,0.1977933645248413,10052.620532226563,4013.603759765625,-0.0016667026677168906,0.3,0.0003,0.0008024068,50880,-1.20963716506958,0.0
1376,946,200.0,5090,1891.97,1303040,0.37103551626205444,8756.749694824219,3319.65576171875,-0.000357269641244784,0.3,0.0003,0.00023504416,50890,-1.1206423461437225,0.0
1376,946,200.0,5091,1909.71,1303296,0.4085325002670288,15286.606884765624,3942.564697265625,-0.00016254527727141977,0.3,0.0003,0.00017639739,50900,-1.0657698571681977,0.0
1376,946,200.0,5092,1909.39,1303552,0.5847776532173157,5310.969750976563,1878.4703369140625,-0.0020362751092761755,0.3,0.0003,0.001105496,50910,-1.1089398980140686,0.00078125
1377,946,200.0,5093,1884.22,1303808,0.29362261295318604,15285.025415039063,10025.6552734375,-0.0012904694944154472,0.3,0.0003,0.0007490148,50920,-1.2375044107437134,0.00078125
1377,946,200.0,5094,1886.23,1304064,0.193975567817688,23176.14501953125,9243.828125,-0.000387111387681216,0.3,0.0003,0.00013985136,50930,-0.9553117781877518,0.0
1377,946,200.0,5095,1887.69,1304320,0.6390023231506348,3624.6457702636717,1621.14794921875,-0.005254717037314549,0.3,0.0003,0.0060092225,50940,-1.3217794239521026,0.00390625
1377,946,200.0,5096,1902.52,1304576,0.6933351755142212,6211.312319946289,3775.23046875,-0.003186346194706857,0.3,0.0003,0.0056500025,50950,-1.1575861811637878,0.006640625
1378,946,200.0,5097,1916.99,1304832,0.20613515377044678,20389.49306640625,8892.4423828125,-0.0016363339498639106,0.3,0.0003,0.001207862,50960,-1.2502447962760925,0.0
1378,946,200.0,5098,1904.58,1305088,0.5011831521987915,14250.169482421876,4993.2734375,-0.001185588398948312,0.3,0.0003,0.0004185394,50970,-1.0927399098873138,0.0
1378,946,200.0,5099,1920.58,1305344,0.872251570224762,3263.5192337036133,237.65000915527344,-0.007968502747826279,0.3,0.0003,0.012765606,50980,-0.615933620929718,0.026171875
1379,946,200.0,5100,1917.14,1305600,0.606939435005188,9050.744409179688,3819.0517578125,-0.007117450726218522,0.3,0.0003,0.0065787877,50990,-1.1455008387565613,0.002734375
1379,946,200.0,5101,1898.65,1305856,0.3305778503417969,10342.625463867187,4199.81201171875,-0.0010703723179176449,0.3,0.0003,0.0022986599,51000,-1.1943849444389343,0.003515625
1379,946,200.0,5102,1902.89,1306112,0.5997257232666016,12261.57421875,5553.82470703125,-0.0014661394176073371,0.3,0.0003,0.00068992237,51010,-1.132490336894989,0.0
1379,946,200.0,5103,1907.74,1306368,-0.06528866291046143,26718.96826171875,13933.56640625,-0.00623736996203661,0.3,0.0003,0.002312826,51020,-1.397924190759659,0.0
1380,946,200.0,5104,1947.0,1306624,0.8288257122039795,3721.6548614501953,2429.723876953125,-0.007004549133125692,0.3,0.0003,0.009675337,51030,-0.9229984402656555,0.015234375
1380,946,200.0,5105,1965.61,1306880,0.6681128740310669,7445.050830078125,5375.123046875,-0.008041679102461785,0.3,0.0003,0.016212657,51040,-1.0238324731588364,0.026953125
1380,946,200.0,5106,1969.38,1307136,0.5744908452033997,6314.81962890625,2856.639404296875,-0.004626155598089099,0.3,0.0003,0.0053576306,51050,-1.0916560202836991,0.0046875
1380,946,200.0,5107,1965.51,1307392,0.6545849442481995,6638.97269897461,4081.975341796875,-0.001808942831121385,0.3,0.0003,0.0018205689,51060,-1.0125146329402923,0.0
1381,946,200.0,5108,1965.74,1307648,0.3150067925453186,7933.694775390625,5914.57861328125,4.5160623267292975e-05,0.3,0.0003,0.00080687995,51070,-0.9764702707529068,0.0
1381,946,200.0,5109,1963.21,1307904,0.35480254888534546,11104.919897460937,2999.29150390625,-0.00023710327222943307,0.3,0.0003,0.00011245115,51080,-1.0484757155179978,0.0
1381,946,200.0,5110,1974.08,1308160,0.797627329826355,2537.1936645507812,2017.8763427734375,-0.009258993505500256,0.3,0.0003,0.026036244,51090,-1.074443444609642,0.055859375
1381,946,200.0,5111,1969.68,1308416,0.2442944049835205,17222.272930908202,5108.0849609375,0.0003896570298820734,0.3,0.0003,0.0018190481,51100,-1.1445362985134124,0.004296875
1382,946,200.0,5112,1949.93,1308672,0.5640600919723511,11703.080883789062,2959.318115234375,-0.002892239182256162,0.3,0.0003,0.0020976365,51110,-1.013912484049797,0.000390625
1382,946,200.0,5113,1967.03,1308928,0.779880166053772,4931.415808105468,1880.8309326171875,-0.00814506895840168,0.3,0.0003,0.01054236,51120,-1.211773556470871,0.01875
1382,946,200.0,5114,1985.32,1309184,0.6344451904296875,4764.798626708985,2495.852783203125,-0.007161960890516639,0.3,0.0003,0.018504309,51130,-1.0905997097492217,0.03125
1383,946,200.0,5115,1994.16,1309440,0.26851290464401245,11159.22001953125,4284.955078125,-0.0007902314653620123,0.3,0.0003,0.0020505504,51140,-1.064325314760208,0.0015625
1383,946,200.0,5116,1973.32,1309696,0.35120391845703125,16404.354541015626,7503.66748046875,-0.00033042392460629343,0.3,0.0003,0.0002502927,51150,-0.9965568870306015,0.0
1383,946,200.0,5117,1957.74,1309952,0.7982125282287598,2277.2773193359376,159.69927978515625,-0.004583838256075978,0.3,0.0003,0.017265517,51160,-0.7226750671863555,0.019921875
1383,946,200.0,5118,1955.46,1310208,0.7709949612617493,2625.0844665527343,1156.58837890625,0.0001495464937761426,0.3,0.0003,0.0062506776,51170,-1.230732548236847,0.011328125
1384,946,200.0,5119,1942.19,1310464,0.6984381675720215,9942.429797363282,1731.6593017578125,-0.005600539548322558,0.3,0.0003,0.0060902024,51180,-1.0969775199890137,0.003515625
1384,946,200.0,5120,1930.33,1310720,0.24164801836013794,9668.310864257812,4803.84375,0.0060481441672891375,0.3,0.0003,0.0006471814,51190,-1.2954145073890686,0.0015625
1384,946,200.0,5121,1935.18,1310976,0.6188799738883972,6718.902136230468,2935.065673828125,-0.0017754722444806247,0.3,0.0003,0.0005893486,51200,-1.1533270359039307,0.0
1384,946,200.0,5122,1940.59,1311232,0.38254404067993164,7618.52705078125,2330.68603515625,-0.0016323259798809886,0.3,0.0003,0.0024798107,51210,-1.1583391904830933,0.000390625
1385,946,200.0,5123,1947.14,1311488,0.42326563596725464,22298.724560546874,11153.576171875,-0.0005246271030046046,0.3,0.0003,0.0010945953,51220,-1.3886660635471344,0.0
1385,946,200.0,5124,1971.75,1311744,-0.10182332992553711,15055.55,6109.4169921875,-0.0012421143241226674,0.3,0.0003,0.000291378,51230,-1.3929734110832215,0.0
1385,946,200.0,5125,1977.07,1312000,0.7368319034576416,4598.339978027344,1496.881591796875,-0.005525263748131693,0.3,0.0003,0.0019181117,51240,-1.2668863475322723,0.0
1385,946,200.0,5126,1957.5,1312256,0.6275913715362549,3816.0829956054686,1430.5638427734375,-0.0015319913043640554,0.3,0.0003,0.0015130625,51250,-1.30028937458992,0.0
1386,946,200.0,5127,1962.29,1312512,0.6525683403015137,13058.986572265625,5188.775390625,-0.004925636504776776,0.3,0.0003,0.0024459714,51260,-1.245937430858612,0.00078125
1386,946,200.0,5128,1962.08,1312768,0.11578518152236938,12039.15234375,5263.55322265625,-0.004488233127631247,0.3,0.0003,0.001641958,51270,-1.2077215194702149,0.000390625
1386,946,200.0,5129,1978.69,1313024,0.7377752065658569,4710.461865234375,1346.8736572265625,-0.00473086885176599,0.3,0.0003,0.00602468,51280,-1.195994371175766,0.0078125
1387,946,200.0,5130,1976.55,1313280,0.5756157636642456,13389.696728515624,4107.7958984375,-0.0011007532011717558,0.3,0.0003,0.00071474444,51290,-1.2020451068878173,0.0
1387,946,200.0,5131,1994.37,1313536,0.7335472106933594,5302.363061523438,1556.3369140625,-0.0007974044070579112,0.3,0.0003,0.0003735288,51300,-1.3255808055400848,0.0
1387,946,200.0,5132,1971.89,1313792,0.8192422389984131,3611.683905029297,1596.953369140625,-0.009341767337173224,0.3,0.0003,0.015504332,51310,-1.2295352399349213,0.022265625
1387,946,200.0,5133,1972.21,1314048,0.737695574760437,4177.935906982422,1048.10107421875,-0.00880148895084858,0.3,0.0003,0.013114828,51320,-1.1456259727478026,0.01171875
1388,946,200.0,5134,1968.54,1314304,0.4127327799797058,14659.884423828125,7605.53662109375,-0.000517930299974978,0.3,0.0003,0.002163462,51330,-1.0744455814361573,0.0
1388,946,200.0,5135,1951.04,1314560,0.3895777463912964,8241.01962890625,2569.87451171875,-0.004289027908816934,0.3,0.0003,0.0038327198,51340,-1.2419741451740265,0.001171875
1388,946,200.0,5136,1938.45,1314816,0.05032014846801758,27497.53986816406,18507.1953125,-0.0009324411395937205,0.3,0.0003,0.00031085545,51350,-0.9836755275726319,0.0
1388,946,200.0,5137,1953.35,1315072,0.3178519010543823,25371.90751953125,11518.478515625,-0.0046596803003922105,0.3,0.0003,0.0017954693,51360,-1.2129586279392242,0.000390625
1389,946,200.0,5138,1953.17,1315328,0.6663966178894043,4777.280310058593,2970.873779296875,-0.005083851073868573,0.3,0.0003,0.0065477886,51370,-1.02348590195179,0.0140625
1389,946,200.0,5139,1957.74,1315584,0.6497354507446289,4146.962854003907,2739.004150390625,-0.001998946303501725,0.3,0.0003,0.0006798655,51380,-1.0448158830404282,0.0
1389,946,200.0,5140,1973.13,1315840,0.6608000993728638,8016.634130859375,3713.77978515625,-0.0012741482350975275,0.3,0.0003,0.00021414063,51390,-1.2847148895263671,0.0
1389,946,200.0,5141,1985.05,1316096,0.6128381490707397,11246.604931640624,5689.68017578125,-0.002089975425042212,0.3,0.0003,0.0008479862,51400,-1.0914784491062164,0.0
1390,946,200.0,5142,1989.08,1316352,0.7230108976364136,3900.744177246094,1698.124755859375,-0.007818558206781744,0.3,0.0003,0.006149705,51410,-1.0943098783493042,0.005859375
1390,946,200.0,5143,1987.1,1316608,0.08654385805130005,11936.199340820312,4226.818359375,0.0015453817322850227,0.3,0.0003,0.001614555,51420,-1.0941129863262176,0.0
1390,946,200.0,5144,1985.08,1316864,0.32229000329971313,12617.774365234374,4957.5654296875,-0.0011192380101419986,0.3,0.0003,0.0009771495,51430,-1.157669687271118,0.0
1391,946,200.0,5145,2000.86,1317120,0.6336013674736023,9205.262939453125,2245.980224609375,-0.001070047402754426,0.3,0.0003,0.00023438642,51440,-1.3263844490051269,0.0
1391,946,200.0,5146,2013.76,1317376,0.6995187997817993,4959.176232910157,2819.41064453125,-0.004395456053316593,0.3,0.0003,0.0023176689,51450,-1.196474939584732,0.0
1391,946,200.0,5147,2025.96,1317632,0.800554633140564,2695.4318756103517,1114.6868896484375,-0.004644063394516706,0.3,0.0003,0.0049184533,51460,-1.1245827734470368,0.007421875
1391,946,200.0,5148,2026.1,1317888,0.2076370120048523,25465.939111328124,9855.8017578125,-2.6735791470855476e-05,0.3,0.0003,0.0008366017,51470,-0.9066376894712448,0.0
1392,946,200.0,5149,2034.44,1318144,-0.058510780334472656,14783.519653320312,2054.36328125,-8.697443408891558e-05,0.3,0.0003,8.845935e-05,51480,-0.9730298608541489,0.0
1392,946,200.0,5150,2047.44,1318400,0.4206693768501282,9318.355004882813,6152.013671875,-0.00044571252074092625,0.3,0.0003,0.000111526344,51490,-1.084366101026535,0.0
1392,946,200.0,5151,2037.02,1318656,0.5600613355636597,4916.019873046875,1788.464599609375,-0.00039781273808330296,0.3,0.0003,0.00017551845,51500,-1.237419754266739,0.0
1392,946,200.0,5152,2030.79,1318912,0.4133533239364624,14283.427514648438,5963.873046875,0.0007806575740687549,0.3,0.0003,0.00036368403,51510,-1.1590814232826232,0.0
1393,946,200.0,5153,2027.2,1319168,0.6629221439361572,7536.70625,2988.551025390625,-0.002269151248037815,0.3,0.0003,0.00041251373,51520,-1.2560762763023376,0.0
1393,946,200.0,5154,2007.98,1319424,-1.0965125560760498,8937.185815429688,1421.5247802734375,-0.002419629308860749,0.3,0.0003,0.0007512327,51530,-0.8971267700195312,0.0
1393,946,200.0,5155,2009.52,1319680,0.21638888120651245,21589.9654296875,9073.1767578125,-0.000919468596111983,0.3,0.0003,0.00014678226,51540,-0.7900721728801727,0.0
1394,946,200.0,5156,2015.78,1319936,0.6597023010253906,5370.938989257813,1713.1689453125,-0.0036629542941227556,0.3,0.0003,0.0029026186,51550,-1.1373225271701812,0.001171875
1394,946,200.0,5157,2016.26,1320192,0.24938839673995972,10835.913208007812,4096.47705078125,-0.0028220676816999913,0.3,0.0003,0.006424141,51560,-1.064970898628235,0.0078125
1394,946,200.0,5158,2031.09,1320448,0.7572078108787537,4571.728247070312,2984.03662109375,-0.008066881773993373,0.3,0.0003,0.010351932,51570,-1.1668504297733306,0.008984375
1394,946,200.0,5159,2043.13,1320704,0.5165613293647766,13254.013354492188,3167.8359375,-0.0012314058491028844,0.3,0.0003,0.0022235888,51580,-1.3597404897212981,0.000390625
1395,946,200.0,5160,2034.72,1320960,0.6585204601287842,4421.209619140625,1791.3204345703125,-0.006989939836785197,0.3,0.0003,0.004720797,51590,-1.3417465388774872,0.004296875
1395,946,200.0,5161,2028.58,1321216,0.5334051847457886,6537.937048339843,1314.24462890625,-0.0002330318558961153,0.3,0.0003,0.0021255333,51600,-1.2338265240192414,0.0
1395,946,200.0,5162,2032.95,1321472,0.5791440010070801,11974.679907226562,3968.010009765625,-0.003128311736509204,0.3,0.0003,0.00074517727,51610,-1.3223643362522126,0.0
1396,946,200.0,5163,2026.24,1321728,-0.19850409030914307,24746.264697265626,13460.009765625,-0.0038022610591724516,0.3,0.0003,0.0034361144,51620,-1.1772867262363433,0.001953125
1396,946,200.0,5164,2008.78,1321984,0.30230605602264404,11104.385961914062,7009.47314453125,0.00019545587711036205,0.3,0.0003,0.00019953563,51630,-1.1562064290046692,0.0
1396,946,200.0,5165,2023.64,1322240,0.647520899772644,5995.157025146485,4286.77685546875,-0.0018056724919006228,0.3,0.0003,0.00061683706,51640,-1.1768158733844758,0.0
1396,946,200.0,5166,2016.98,1322496,0.6600688695907593,6640.600085449219,1967.763916015625,-0.0029557145899161696,0.3,0.0003,0.004206381,51650,-1.2410197913646699,0.0
1397,946,200.0,5167,2005.61,1322752,0.6859918832778931,4485.558923339844,2184.09619140625,-0.0017032853327691555,0.3,0.0003,0.006586221,51660,-1.2395228028297425,0.002734375
1397,946,200.0,5168,2005.17,1323008,0.2967836856842041,11735.102319335938,6796.55126953125,-0.0012371389893814921,0.3,0.0003,0.0006693823,51670,-1.3272649645805359,0.0
1397,946,200.0,5169,1989.49,1323264,0.541513204574585,9546.534643554687,3915.62744140625,-0.0006743708741851151,0.3,0.0003,0.00033374596,51680,-1.157851219177246,0.0
1397,946,200.0,5170,1987.68,1323520,0.8440564274787903,2834.061508178711,1598.6611328125,-0.007812768500298262,0.3,0.0003,0.018754587,51690,-1.1670939445495605,0.031640625
1398,946,200.0,5171,1984.04,1323776,0.49917787313461304,8209.026000976562,3260.746826171875,-0.001983144064433873,0.3,0.0003,0.0008321805,51700,-1.2040606677532195,0.0
1398,946,200.0,5172,1988.55,1324032,0.35088956356048584,11023.23680419922,6809.50146484375,-0.0011235905345529317,0.3,0.0003,0.00049529737,51710,-1.2309855937957763,0.0
1398,946,200.0,5173,1991.17,1324288,0.8028349280357361,4294.026611328125,2293.87060546875,-0.0036068602930754423,0.3,0.0003,0.0073543983,51720,-1.0752077519893646,0.00703125
1399,946,200.0,5174,1969.68,1324544,0.3610404133796692,9393.720239257813,4029.501953125,8.103350992314518e-05,0.3,0.0003,0.0016472316,51730,-1.1741129279136657,0.0
1399,946,200.0,5175,1964.2,1324800,0.7104426622390747,4637.034680175781,1407.990966796875,-0.001468820113223046,0.3,0.0003,0.0005656234,51740,-1.2098414123058319,0.0
1399,946,200.0,5176,1978.29,1325056,0.3608124852180481,11505.836785888672,7067.3974609375,-0.00014512506313621998,0.3,0.0003,0.00017047813,51750,-1.2471541941165925,0.0
1399,946,200.0,5177,1975.46,1325312,0.766049861907959,5802.671057128906,2254.862060546875,-0.0031253027147613464,0.3,0.0003,0.001755683,51760,-1.1802135944366454,0.0
1400,946,200.0,5178,1979.33,1325568,0.8310953378677368,2766.0002777099608,1620.793212890625,-0.008580552763305604,0.3,0.0003,0.016393974,51770,-1.233503919839859,0.021484375
1400,946,200.0,5179,1979.99,1325824,0.7402210235595703,4385.579205322266,729.6021118164062,-0.0017607633257284761,0.3,0.0003,0.0021560544,51780,-1.1390780806541443,0.00078125
1400,946,200.0,5180,1968.24,1326080,0.7692331075668335,6002.551013183594,3072.12255859375,0.00040845582261681555,0.3,0.0003,0.0055759354,51790,-1.040890446305275,0.0
1400,946,200.0,5181,1966.05,1326336,0.5528762340545654,6792.897760009766,2619.075927734375,-0.004538850369863212,0.3,0.0003,0.003431232,51800,-1.047610306739807,0.001953125
1401,946,200.0,5182,1946.29,1326592,0.4711230397224426,5610.822778320313,2058.180908203125,-0.0017171016661450267,0.3,0.0003,0.0012253849,51810,-1.2554947078227996,0.00078125
1401,946,200.0,5183,1921.45,1326848,0.8083764910697937,2249.514065551758,534.8911743164062,-0.00771878024097532,0.3,0.0003,0.017237395,51820,-1.1101952016353607,0.01640625
1401,946,200.0,5184,1924.07,1327104,0.7385439872741699,5869.428527832031,2996.001220703125,-0.0012172963237389923,0.3,0.0003,0.005944424,51830,-1.143054723739624,0.0109375
1402,946,200.0,5185,1939.38,1327360,0.7966575026512146,3198.7924835205076,1593.14013671875,-0.007062316650990397,0.3,0.0003,0.0047339574,51840,-1.2009687542915344,0.008984375
1402,946,200.0,5186,1934.28,1327616,0.7098451852798462,3776.821081542969,1668.3375244140625,-0.013222650811076164,0.3,0.0003,0.024090853,51850,-1.0844195187091827,0.067578125
1402,946,200.0,5187,1931.96,1327872,0.5501639246940613,10807.654760742187,7223.96142578125,8.936257800087332e-05,0.3,0.0003,0.0014636717,51860,-1.2094581604003907,0.0
1402,946,200.0,5188,1929.95,1328128,0.4347710609436035,6920.72144165039,4392.1142578125,-0.00023740166798233986,0.3,0.0003,0.00018854532,51870,-1.0013790398836135,0.0
1403,946,200.0,5189,1913.24,1328384,0.4112231731414795,14351.094165039063,5844.943359375,-0.001649580878438428,0.3,0.0003,0.0004007069,51880,-1.2659462630748748,0.0
1403,946,200.0,5190,1898.14,1328640,0.6499189138412476,6761.625762939453,2773.380859375,-0.001239120587706566,0.3,0.0003,0.00025197258,51890,-1.1728017508983613,0.0
1403,946,200.0,5191,1870.05,1328896,0.17776715755462646,11198.476953125,3687.458251953125,-0.00032455886248499154,0.3,0.0003,4.806975e-05,51900,-0.8785983592271804,0.0
1403,946,200.0,5192,1849.53,1329152,0.5255167484283447,6536.504187011718,1049.1119384765625,-0.0006054000463336706,0.3,0.0003,0.0001655547,51910,-1.0567679405212402,0.0
1404,946,200.0,5193,1844.54,1329408,0.7934830188751221,2682.1224060058594,1214.2421875,-0.005177669855765998,0.3,0.0003,0.007692336,51920,-1.0910069823265076,0.007421875
1404,946,200.0,5194,1868.34,1329664,-0.05811750888824463,15183.699609375,6418.6533203125,0.0007614488364197314,0.3,0.0003,0.0017733434,51930,-1.081569105386734,0.0
1404,946,200.0,5195,1863.86,1329920,0.3791714906692505,19934.9810546875,7701.04541015625,-0.0031512060901150107,0.3,0.0003,0.0007880442,51940,-1.3034219086170196,0.0
1405,946,200.0,5196,1867.84,1330176,0.668555736541748,5335.820642089844,3466.556640625,-0.0007583278929814696,0.3,0.0003,0.0030082134,51950,-1.2856390535831452,0.00078125
1405,946,200.0,5197,1872.12,1330432,0.48423564434051514,7784.1466064453125,3293.5458984375,-0.0011444367934018373,0.3,0.0003,0.00088465214,51960,-1.2406243145465852,0.0
1405,946,200.0,5198,1879.72,1330688,0.6770693063735962,12366.566625976562,5374.07373046875,-0.001075174391735345,0.3,0.0003,0.0003896451,51970,-0.9023908406496048,0.0
1405,946,200.0,5199,1869.88,1330944,0.22053170204162598,14051.276806640624,4818.40576171875,-0.0011781687266193331,0.3,0.0003,0.00018896232,51980,-1.055553376674652,0.0
1406,946,200.0,5200,1877.6,1331200,0.34882062673568726,8577.184729003906,1093.6060791015625,-0.0006464731879532338,0.3,0.0003,0.00021812133,51990,-1.0998390018939972,0.0
1406,946,200.0,5201,1864.21,1331456,0.38346540927886963,14186.7798828125,5690.283203125,-0.0022657594061456622,0.3,0.0003,0.000826797,52000,-1.3951180636882783,0.0
1406,946,200.0,5202,1861.92,1331712,0.7567200064659119,6467.392468261719,3776.752197265625,-0.0028563996427692475,0.3,0.0003,0.003955202,52010,-0.955409300327301,0.0015625
1406,946,200.0,5203,1861.42,1331968,0.6210739612579346,6558.358825683594,5227.0068359375,-6.583048962056637e-05,0.3,0.0003,0.00077540334,52020,-1.1694530487060546,0.0
1407,946,200.0,5204,1863.35,1332224,0.6010929346084595,5358.155383300781,1962.2337646484375,-0.005929721845313906,0.3,0.0003,0.005617194,52030,-1.2577284812927245,0.010546875
1407,946,200.0,5205,1879.38,1332480,0.6988483667373657,8263.61424560547,1340.416259765625,-0.0007419349625706672,0.3,0.0003,0.00083047454,52040,-1.2044382035732268,0.0
1407,946,200.0,5206,1900.15,1332736,0.6598267555236816,5295.082806396485,2053.0849609375,-0.0012899044435471297,0.3,0.0003,0.00043217978,52050,-1.025535637140274,0.0
1408,946,200.0,5207,1887.11,1332992,0.6357834339141846,5003.554791259766,3124.440185546875,-0.005030643800273538,0.3,0.0003,0.009574203,52060,-1.061635857820511,0.014453125
1408,946,200.0,5208,1895.54,1333248,0.34812599420547485,10952.467260742187,5826.50439453125,0.00022861508186906577,0.3,0.0003,0.0010600479,52070,-1.1372626304626465,0.0
1408,946,200.0,5209,1874.89,1333504,0.022223711013793945,25881.94619140625,14655.958984375,-0.0028353479516226797,0.3,0.0003,0.0019367023,52080,-1.0656459093093873,0.0
1408,946,200.0,5210,1881.74,1333760,-0.14283859729766846,15411.46162109375,4530.541015625,0.0006567153381183743,0.3,0.0003,6.15702e-05,52090,-1.105220079421997,0.0
1409,946,200.0,5211,1867.02,1334016,0.16742032766342163,19657.343408203124,2207.2421875,-0.0023353890399448575,0.3,0.0003,0.00043255463,52100,-1.199795699119568,0.0
1409,946,200.0,5212,1892.13,1334272,0.5093144178390503,11752.544848632813,4998.5595703125,2.5613384786993264e-05,0.3,0.0003,6.386102e-05,52110,-1.1223761677742004,0.0
1409,946,200.0,5213,1882.97,1334528,0.5265921354293823,5836.528039550782,1573.2911376953125,-0.0010478120064362883,0.3,0.0003,0.00017718342,52120,-0.8462413102388382,0.0
1409,946,200.0,5214,1878.37,1334784,0.38781821727752686,17217.54445800781,6681.30712890625,-0.0012334680184721946,0.3,0.0003,0.0010105197,52130,-0.7368352174758911,0.0
1410,946,200.0,5215,1864.62,1335040,0.8008674383163452,2996.5756958007814,1129.4404296875,-0.008599324454553425,0.3,0.0003,0.015086645,52140,-1.0957198739051819,0.01796875
1410,946,200.0,5216,1859.01,1335296,0.8106358051300049,3824.750213623047,2118.547607421875,-0.00044386956142261624,0.3,0.0003,0.000955764,52150,-1.1234182178974152,0.0
1410,946,200.0,5217,1858.66,1335552,0.5831098556518555,10817.864624023438,6867.25146484375,-0.0008017072221264243,0.3,0.0003,0.0009309554,52160,-1.2131393015384675,0.0
1411,946,200.0,5218,1869.81,1335808,0.723113477230072,3162.5614501953123,1479.549072265625,-0.005259964114520699,0.3,0.0003,0.0026131538,52170,-1.2176485717296601,0.0
1411,946,200.0,5219,1870.3,1336064,0.5446962714195251,14655.432873535156,6206.3408203125,-0.0015696833957917987,0.3,0.0003,0.0030656676,52180,-1.2301923632621765,0.0
1411,946,200.0,5220,1870.14,1336320,0.5993140339851379,7263.49873046875,2761.544921875,-0.003921332745812833,0.3,0.0003,0.001436484,52190,-0.9812633067369461,0.0
1411,946,200.0,5221,1888.14,1336576,0.7990080714225769,3491.705731201172,2294.021240234375,-0.003979360498487949,0.3,0.0003,0.00508061,52200,-1.0674345672130585,0.00546875
1412,946,200.0,5222,1897.29,1336832,0.3923805356025696,10484.913928222657,1323.2373046875,-0.004827442648820579,0.3,0.0003,0.0029886162,52210,-1.1160044431686402,0.0
1412,946,200.0,5223,1887.2,1337088,0.7421932220458984,6350.451068115234,4965.3759765625,-0.0020207305438816547,0.3,0.0003,0.0017703001,52220,-1.0735940486192703,0.0
1412,946,200.0,5224,1867.96,1337344,0.500851035118103,6499.182678222656,3993.0625,-0.0008248985628597439,0.3,0.0003,0.0007916349,52230,-0.5702445387840271,0.0
1412,946,200.0,5225,1858.36,1337600,0.6842408180236816,8761.122351074218,3745.603271484375,-0.0027369734714739026,0.3,0.0003,0.00084858504,52240,-1.154464417695999,0.000390625
1413,946,200.0,5226,1860.31,1337856,0.2604127526283264,13147.1689453125,4961.337890625,-0.0006935645709745586,0.3,0.0003,0.001076737,52250,-1.1457433223724365,0.0
1413,946,200.0,5227,1849.29,1338112,0.5648918151855469,8799.77100830078,5523.26318359375,-0.0003735005739144981,0.3,0.0003,0.00018113712,52260,-1.1664603292942046,0.0
1413,946,200.0,5228,1851.65,1338368,0.5164035558700562,7734.9958984375,4485.82568359375,-0.00044565609423443677,0.3,0.0003,0.000155607,52270,-1.0328996509313584,0.0
1414,946,200.0,5229,1863.05,1338624,0.1466355323791504,13201.067797851563,5832.21044921875,-0.0002956847776658833,0.3,0.0003,6.963755e-05,52280,-1.0493950873613358,0.0
1414,946,200.0,5230,1868.06,1338880,0.792885422706604,4509.707958984375,2923.642822265625,-0.006666790507733822,0.3,0.0003,0.016178096,52290,-1.1553021013736724,0.025390625
1414,946,200.0,5231,1871.89,1339136,0.580193281173706,5890.133566284179,1716.0023193359375,-0.005677373392973095,0.3,0.0003,0.016479438,52300,-1.0336415857076644,0.0234375
1414,946,200.0,5232,1883.66,1339392,0.160628080368042,20391.4494140625,6402.8876953125,-0.0007576913107186556,0.3,0.0003,0.004979242,52310,-0.8970746040344239,0.00625
1415,946,200.0,5233,1902.74,1339648,0.6426469087600708,6898.370642089843,3658.691650390625,-0.0008580867142882198,0.3,0.0003,0.0002830776,52320,-0.8961195379495621,0.0
1415,946,200.0,5234,1894.05,1339904,0.23167502880096436,30566.14375,17687.96875,-0.0005105287302285433,0.3,0.0003,8.0934726e-05,52330,-1.056059902906418,0.0
1415,946,200.0,5235,1893.62,1340160,0.5565283298492432,5516.614672851562,1010.4627075195312,-0.00017213354585692285,0.3,0.0003,0.00011544512,52340,-0.9632917940616608,0.0
1415,946,200.0,5236,1884.85,1340416,0.46957844495773315,7551.95517578125,3832.56884765625,-0.0002544665243476629,0.3,0.0003,7.120031e-05,52350,-1.0710081160068512,0.0
1416,946,200.0,5237,1883.73,1340672,0.4714786410331726,22968.01826171875,15324.4375,-0.0004414179129526019,0.3,0.0003,3.6006328e-05,52360,-1.1834223985671997,0.0
1416,946,200.0,5238,1891.72,1340928,0.6955538988113403,3842.1228271484374,584.0869750976562,-0.0016841505188494922,0.3,0.0003,0.0010694864,52370,-1.219577968120575,0.0
1416,946,200.0,5239,1884.36,1341184,0.29610323905944824,9224.335974121093,1353.0828857421875,-0.0008169267443008721,0.3,0.0003,0.0015098345,52380,-0.993180975317955,0.0
1417,946,200.0,5240,1879.28,1341440,0.3789747953414917,12985.103637695312,6864.326171875,0.0007250091293826699,0.3,0.0003,0.0024679154,52390,-1.2045132339000701,0.000390625
1417,946,200.0,5241,1867.14,1341696,-0.011735081672668457,30450.7572265625,17497.134765625,-0.0013978254282847047,0.3,0.0003,0.0002944097,52400,-1.0841606318950654,0.0
1417,946,200.0,5242,1871.15,1341952,0.5020034313201904,6412.8931335449215,1641.11767578125,-0.001953312521800399,0.3,0.0003,0.0012408616,52410,-0.9688796043395996,0.0
1417,946,200.0,5243,1859.53,1342208,0.4136471152305603,7566.853588867188,3932.295166015625,-0.0001196692930534482,0.3,0.0003,0.00043002376,52420,-1.0476734787225723,0.0
1418,946,200.0,5244,1867.01,1342464,0.6306077241897583,10292.92021484375,4153.7802734375,-0.0001957102445885539,0.3,0.0003,4.264596e-05,52430,-0.9225144118070603,0.0
1418,946,200.0,5245,1880.86,1342720,-0.1640481948852539,13919.61376953125,3485.0703125,-0.00022188087459653615,0.3,0.0003,3.5668025e-05,52440,-0.9298600852489471,0.0
1418,946,200.0,5246,1903.56,1342976,0.6529906988143921,6380.977307128906,1071.7266845703125,-0.0005974338972009718,0.3,0.0003,0.00013924902,52450,-0.9247301995754242,0.0
1418,946,200.0,5247,1894.54,1343232,0.485584557056427,11642.551025390625,3419.73681640625,-0.0022101348731666803,0.3,0.0003,0.00041229534,52460,-0.7830831408500671,0.0
1419,946,200.0,5248,1895.79,1343488,0.39350956678390503,13671.4154296875,3349.00634765625,-0.0006295138271525502,0.3,0.0003,0.0014052305,52470,-1.140049260854721,0.0
1419,946,200.0,5249,1911.23,1343744,0.6714035868644714,5471.185314941406,1124.29248046875,-0.00048582577146589757,0.3,0.0003,0.0001998893,52480,-0.9852524042129517,0.0
1419,946,200.0,5250,1928.39,1344000,0.6379419565200806,5127.502526855469,2089.529541015625,-0.0016321768518537283,0.3,0.0003,0.0010670014,52490,-0.9808089256286621,0.0
1420,946,200.0,5251,1926.32,1344256,0.7222297787666321,3779.052557373047,1537.920166015625,-0.0037371893879026173,0.3,0.0003,0.0027793415,52500,-0.9223106920719146,0.0015625
1420,946,200.0,5252,1942.66,1344512,0.3478761315345764,16969.610791015624,9425.345703125,7.496190955862403e-05,0.3,0.0003,0.00038393377,52510,-0.8246752560138703,0.0
1420,946,200.0,5253,1905.98,1344768,-0.8018500804901123,10483.58056640625,2869.760986328125,-0.0004511439125053585,0.3,0.0003,2.5095185e-05,52520,-0.8748142182826996,0.0
1420,946,200.0,5254,1903.06,1345024,0.17372936010360718,9022.711767578125,2350.812744140625,-0.00021874398225918412,0.3,0.0003,4.7243666e-05,52530,-0.8790619671344757,0.0
1421,946,200.0,5255,1890.1,1345280,0.7027827501296997,6183.570751953125,1406.3087158203125,-0.0004530110047198832,0.3,0.0003,0.00027476787,52540,-0.9889223545789718,0.0
1421,946,200.0,5256,1900.58,1345536,-0.44303464889526367,21354.312548828126,9335.9931640625,-0.00013224842841736973,0.3,0.0003,0.00038080965,52550,-0.80860033929348,0.0
1421,946,200.0,5257,1888.57,1345792,0.7541406154632568,3002.7530151367187,1605.5233154296875,-0.004856505710631609,0.3,0.0003,0.006075479,52560,-0.9045841038227082,0.006640625
1422,946,200.0,5258,1931.05,1346048,0.8115161657333374,3300.361209106445,1428.1217041015625,-0.0007061564712785185,0.3,0.0003,0.0025779777,52570,-0.918332827091217,0.002734375
1422,946,200.0,5259,1926.35,1346304,0.7208980321884155,5975.796459960938,3131.282958984375,-0.00429987667594105,0.3,0.0003,0.0019186258,52580,-0.8941705018281937,0.0
1422,946,200.0,5260,1937.59,1346560,0.6940857172012329,4320.046252441406,1276.7613525390625,-0.00156886923359707,0.3,0.0003,0.002633807,52590,-1.2298424184322356,0.0
1422,946,200.0,5261,1922.87,1346816,-0.10836315155029297,25654.68720703125,12565.8818359375,-0.00027839960530400275,0.3,0.0003,0.00020398991,52600,-1.0806577146053313,0.0
1423,946,200.0,5262,1911.55,1347072,0.44393622875213623,12654.263391113282,5485.32177734375,-0.0006330739764962345,0.3,0.0003,0.00024907012,52610,-0.9422392457723617,0.0
1423,946,200.0,5263,1893.3,1347328,0.2310130000114441,9292.80673828125,3231.2177734375,-0.0003159938845783472,0.3,0.0003,7.501198e-05,52620,-1.2028731048107146,0.0
1423,946,200.0,5264,1875.5,1347584,0.29503321647644043,9161.137127685546,785.0787353515625,-5.429939483292401e-05,0.3,0.0003,5.780137e-05,52630,-0.9055834442377091,0.0
1423,946,200.0,5265,1903.52,1347840,0.43982911109924316,9777.746411132812,6394.3623046875,-0.00010523601667955518,0.3,0.0003,0.00011619739,52640,-0.9630662113428116,0.0
1424,946,200.0,5266,1923.49,1348096,0.6085972785949707,8892.500024414063,4148.78369140625,-0.004556148336268962,0.3,0.0003,0.0012910322,52650,-1.0004008650779723,0.000390625
1424,946,200.0,5267,1942.22,1348352,0.7331318855285645,3761.6535400390626,1439.955322265625,-0.0012753481045365334,0.3,0.0003,0.0024384614,52660,-0.9860216319561005,0.00078125
1424,946,200.0,5268,1934.76,1348608,0.40046870708465576,12997.722998046875,6445.03076171875,0.0004777326714247465,0.3,0.0003,0.0005734912,52670,-1.1214142858982086,0.0
1425,946,200.0,5269,1944.73,1348864,0.25795310735702515,22449.859619140625,8441.5751953125,-5.123128648847342e-05,0.3,0.0003,0.00013354607,52680,-1.0960930347442628,0.0
1425,946,200.0,5270,1940.08,1349120,0.6427669525146484,4248.535632324219,1527.054931640625,-0.0008341795124579221,0.3,0.0003,0.0001892678,52690,-1.0558179676532746,0.0
1425,946,200.0,5271,1940.18,1349376,0.4898568391799927,7944.00126953125,3552.182373046875,-0.0027063969522714616,0.3,0.0003,0.0033002815,52700,-0.8427230387926101,0.001953125
1425,946,200.0,5272,1953.91,1349632,0.44498175382614136,14905.12451171875,5852.0673828125,-0.0011480400688014924,0.3,0.0003,0.0018861368,52710,-1.1441516757011414,0.00078125
1426,946,200.0,5273,1953.2,1349888,0.1397923231124878,26901.12548828125,17537.111328125,-0.0004052227828651667,0.3,0.0003,9.165704e-05,52720,-0.987311989068985,0.0
1426,946,200.0,5274,1952.18,1350144,0.24259698390960693,9399.021240234375,4527.11962890625,-9.757693624123931e-05,0.3,0.0003,1.7469749e-05,52730,-1.133671760559082,0.0
1426,946,200.0,5275,1957.93,1350400,0.002980053424835205,12742.56494140625,5474.08154296875,-0.0018451872980222105,0.3,0.0003,0.0033435654,52740,-1.020121204853058,0.002734375
1427,946,200.0,5276,1957.75,1350656,0.36352044343948364,8667.9142578125,5668.33642578125,-0.00013336518313735723,0.3,0.0003,0.0004034785,52750,-0.9601610660552978,0.0
1427,946,200.0,5277,1954.18,1350912,0.5066484808921814,15289.658666992187,4111.14599609375,-0.0026028279913589357,0.3,0.0003,0.0007091223,52760,-0.9244804054498672,0.0
1427,946,200.0,5278,1951.07,1351168,0.6983773708343506,7323.9234619140625,5975.33251953125,-0.002413605060428381,0.3,0.0003,0.00045097596,52770,-0.8710242539644242,0.0
1427,946,200.0,5279,1954.86,1351424,0.3309871554374695,8963.268969726563,1508.48828125,-0.003438195795752108,0.3,0.0003,0.00058384286,52780,-1.1574311912059785,0.0
1428,946,200.0,5280,1937.39,1351680,0.7673386335372925,4883.839819335937,2307.052001953125,-0.0020479805069044234,0.3,0.0003,0.0011032608,52790,-1.1207660913467408,0.0
1428,946,200.0,5281,1937.34,1351936,0.22035002708435059,18892.976904296876,9002.150390625,-0.004801643011160195,0.3,0.0003,0.0018920135,52800,-1.018768736720085,0.00078125
1428,946,200.0,5282,1945.77,1352192,-0.3086862564086914,27541.83837890625,13527.5048828125,-0.004042913066223263,0.3,0.0003,0.00149657,52810,-1.1711446166038513,0.000390625
1428,946,200.0,5283,1923.55,1352448,0.0033144354820251465,25884.39619140625,9277.267578125,-5.3647265303879976e-05,0.3,0.0003,0.00017224741,52820,-0.757294237613678,0.0
1429,946,200.0,5284,1905.39,1352704,0.26652032136917114,13920.667761230468,6545.57958984375,-7.219607941806316e-05,0.3,0.0003,1.2170756e-05,52830,-1.0835649222135544,0.0
1429,946,200.0,5285,1906.25,1352960,0.512455940246582,10439.990258789063,2018.3604736328125,-0.000584615021944046,0.3,0.0003,4.1418243e-05,52840,-1.2583602845668793,0.0
1429,946,200.0,5286,1911.8,1353216,0.7512737512588501,3933.913671875,1311.79052734375,-0.0028129944344982504,0.3,0.0003,0.001785248,52850,-1.073142296075821,0.0
1429,946,200.0,5287,1927.67,1353472,0.5877066850662231,6666.374011230469,1032.165283203125,-0.00021124952472746373,0.3,0.0003,0.00048016687,52860,-0.6611149817705154,0.0
1430,946,200.0,5288,1920.97,1353728,0.46607404947280884,17141.473498535157,6739.2685546875,-0.002432885125745088,0.3,0.0003,0.00055090524,52870,-0.869169557094574,0.0
1430,946,200.0,5289,1925.1,1353984,0.5972398519515991,5819.009069824218,2986.603515625,-0.00027211660053580997,0.3,0.0003,0.00017299037,52880,-0.7497931122779846,0.0
1430,946,200.0,5290,1908.15,1354240,0.6611140370368958,4250.8084716796875,2649.9111328125,-0.0012411982752382755,0.3,0.0003,0.0005750316,52890,-1.0560294687747955,0.0
1430,946,200.0,5291,1918.3,1354496,0.7126992344856262,10747.05030517578,2781.6591796875,-0.001981005317065865,0.3,0.0003,0.00075743115,52900,-1.2043911874294282,0.0
1431,946,200.0,5292,1909.9,1354752,0.4357299208641052,9024.818041992188,4229.74462890625,-0.0008634635712951421,0.3,0.0003,0.00052972115,52910,-1.1679839491844177,0.0
1431,946,200.0,5293,1922.07,1355008,0.502045214176178,6090.800677490234,2902.999267578125,-0.0006344906520098448,0.3,0.0003,0.00045236573,52920,-0.9992828816175461,0.0
1431,946,200.0,5294,1929.71,1355264,0.5465885400772095,7720.864331054688,3202.349365234375,-0.0007006129249930382,0.3,0.0003,0.00034343544,52930,-1.000367870926857,0.0
1432,946,200.0,5295,1927.24,1355520,0.4879806637763977,13814.527075195312,6949.27001953125,-0.0013494873768649996,0.3,0.0003,0.00010309392,52940,-1.371007513999939,0.0
1432,946,200.0,5296,1925.45,1355776,0.3610902428627014,7909.408276367188,4800.39892578125,-0.002287875604815781,0.3,0.0003,0.0006073213,52950,-1.1322905898094178,0.0
1432,946,200.0,5297,1935.63,1356032,0.4725190997123718,8698.368591308594,4729.91455078125,-0.0017134913825429976,0.3,0.0003,0.00078268093,52960,-0.9933375984430313,0.0
1432,946,200.0,5298,1935.42,1356288,0.5195178389549255,10410.036376953125,3270.0654296875,-0.0006207731319591403,0.3,0.0003,0.00019479846,52970,-0.9485089123249054,0.0
1433,946,200.0,5299,1914.83,1356544,0.6297756433486938,4836.133959960937,843.6578369140625,-0.001471161050722003,0.3,0.0003,0.001420558,52980,-1.239107185602188,0.0
1433,946,200.0,5300,1908.76,1356800,0.5589357614517212,5625.046032714844,3613.76806640625,-0.0009954949608072638,0.3,0.0003,0.0009597519,52990,-1.0284733802080155,0.0
1433,946,200.0,5301,1916.26,1357056,0.061421215534210205,10059.745727539062,2627.13818359375,0.0002237237524241209,0.3,0.0003,0.00042507937,53000,-1.0716450810432434,0.0
1433,946,200.0,5302,1927.78,1357312,0.527363657951355,9344.362194824218,1951.1456298828125,-0.00047294828109443186,0.3,0.0003,0.00035024947,53010,-1.1574332177639008,0.0
1434,946,200.0,5303,1935.24,1357568,0.5460420846939087,10426.736157226562,1986.3411865234375,-0.00048713269643485546,0.3,0.0003,7.4878335e-05,53020,-1.318204927444458,0.0
1434,946,200.0,5304,1950.83,1357824,0.6553682684898376,5644.567877197265,1745.1624755859375,-0.0011168375960551203,0.3,0.0003,0.00017148955,53030,-1.0532158106565475,0.0
1434,946,200.0,5305,1950.95,1358080,0.6917150020599365,9768.575610351563,3764.320556640625,-0.0005187178496271372,0.3,0.0003,0.00033361954,53040,-1.1268885016441346,0.0
1435,946,200.0,5306,1933.0,1358336,0.5647725462913513,5401.336437988281,1966.9517822265625,-0.0006837193272076547,0.3,0.0003,0.00047224434,53050,-1.0913043648004532,0.0
1435,946,200.0,5307,1921.16,1358592,0.735869288444519,3320.390008544922,1351.1220703125,-0.003443905944004655,0.3,0.0003,0.0020695964,53060,-0.8253117620944976,0.0015625
1435,946,200.0,5308,1932.03,1358848,0.49909496307373047,6169.385778808593,5162.25634765625,-0.0005024637095630169,0.3,0.0003,0.001255173,53070,-0.953052768111229,0.0
1435,946,200.0,5309,1925.67,1359104,0.25346481800079346,18266.8892578125,6359.333984375,-0.005633561592549086,0.3,0.0003,0.0018450969,53080,-0.9953701287508011,0.000390625
1436,946,200.0,5310,1930.2,1359360,0.4460567235946655,8133.7474609375,3459.93212890625,-0.0009010715642943978,0.3,0.0003,0.00089614023,53090,-0.9064880967140198,0.0
1436,946,200.0,5311,1934.58,1359616,0.7696927189826965,4112.143957519531,2730.71484375,-0.001430289668496698,0.3,0.0003,0.0009961624,53100,-1.1295986354351044,0.0
1436,946,200.0,5312,1952.93,1359872,0.7178354859352112,6864.511645507812,4019.78271484375,-0.0017496379790827633,0.3,0.0003,0.00076486426,53110,-0.9275103747844696,0.00078125
1436,946,200.0,5313,1956.0,1360128,0.7551672458648682,3750.418322753906,1183.0313720703125,-0.004973326763138175,0.3,0.0003,0.005487552,53120,-0.9859010279178619,0.004296875
1437,946,200.0,5314,1974.51,1360384,0.6504843235015869,5641.126672363282,2674.810791015625,-0.0026430068304762245,0.3,0.0003,0.0091836555,53130,-1.0783559918403625,0.010546875
1437,946,200.0,5315,1969.46,1360640,0.4347851276397705,9002.3951171875,2916.613037109375,-0.00359545792452991,0.3,0.0003,0.0044004153,53140,-1.0108621656894683,0.0015625
1437,946,200.0,5316,1972.31,1360896,0.5611498951911926,14679.400390625,3645.287353515625,0.00033789926674216987,0.3,0.0003,0.0013469076,53150,-1.3726336419582368,0.0
1437,946,200.0,5317,1974.33,1361152,0.40472060441970825,7587.7324890136715,4144.43115234375,-0.0009602545527741313,0.3,0.0003,0.00039045746,53160,-1.1676052689552308,0.0
1438,946,200.0,5318,1993.19,1361408,0.6269139051437378,4491.983288574219,2734.046142578125,-0.0010774650261737406,0.3,0.0003,0.00077363057,53170,-1.148977416753769,0.0
1438,946,200.0,5319,1989.15,1361664,0.7403674125671387,6056.369860839844,3203.974853515625,-0.0020054799504578115,0.3,0.0003,0.001147971,53180,-1.0113822549581528,0.00078125
1438,946,200.0,5320,1977.17,1361920,0.7601437568664551,3165.8198669433596,948.9955444335938,-0.009990189736709,0.3,0.0003,0.010169905,53190,-1.062413740158081,0.0125
1439,946,200.0,5321,1959.01,1362176,-1.6100988388061523,5138.335552978516,1947.0101318359375,-0.0032713571563363075,0.3,0.0003,0.004289389,53200,-0.7063091427087784,0.003515625
1439,946,200.0,5322,1962.93,1362432,0.5090924501419067,7414.39208984375,3655.5546875,-0.0011332737281918525,0.3,0.0003,0.0013336996,53210,-1.284372878074646,0.0
1439,946,200.0,5323,1960.46,1362688,0.5754815340042114,12291.28271484375,5755.86572265625,-0.00181052777916193,0.3,0.0003,0.0010376135,53220,-1.0370179295539856,0.0
1439,946,200.0,5324,1940.21,1362944,-2.2940163612365723,13516.310034179687,8267.501953125,-0.0001760329119861126,0.3,0.0003,0.0004086052,53230,-1.0524526953697204,0.0
1440,946,200.0,5325,1947.19,1363200,0.033593952655792236,27064.901611328125,10608.70703125,-0.0017726424906868488,0.3,0.0003,0.0010201472,53240,-1.2808233857154847,0.0
1440,946,200.0,5326,1944.16,1363456,0.19749665260314941,18026.45478515625,4909.77294921875,-0.0013656163355335593,0.3,0.0003,0.00016533583,53250,-1.2103934586048126,0.0
1440,946,200.0,5327,1929.25,1363712,0.1387476921081543,24262.342919921874,8100.49658203125,-0.0002224579220637679,0.3,0.0003,0.00014620787,53260,-1.2486945807933807,0.0
1440,946,200.0,5328,1909.74,1363968,0.05723869800567627,17291.357202148436,6782.41455078125,-0.0039400736102834346,0.3,0.0003,0.00074173673,53270,-1.1946342289447784,0.0
1441,946,200.0,5329,1923.03,1364224,0.79106205701828,3863.394189453125,2071.2509765625,-0.001686188206076622,0.3,0.0003,0.00085501233,53280,-1.1219654977321625,0.0
1441,946,200.0,5330,1925.81,1364480,0.772524356842041,6429.140795898437,3227.651611328125,-0.0037096360581927003,0.3,0.0003,0.005401834,53290,-1.217882788181305,0.004296875
1441,946,200.0,5331,1944.87,1364736,0.5126763582229614,7064.590441894531,2716.2822265625,-0.008710196590982378,0.3,0.0003,0.023962876,53300,-1.00221047103405,0.059375
1442,946,200.0,5332,1943.51,1364992,0.026386678218841553,12669.625830078125,5240.966796875,-0.004532796901185065,0.3,0.0003,0.0075335596,53310,-1.162741494178772,0.00546875
1442,946,200.0,5333,1944.61,1365248,0.5618134140968323,6648.737145996094,4291.65087890625,-0.0027809267048723996,0.3,0.0003,0.0014102161,53320,-1.326604688167572,0.0
1442,946,200.0,5334,1929.05,1365504,0.6258226633071899,8541.160009765625,3819.26953125,5.746521055698395e-05,0.3,0.0003,0.00052538374,53330,-1.194388097524643,0.0
1442,946,200.0,5335,1930.76,1365760,0.42529159784317017,10640.523754882812,4917.5556640625,-0.0036625039065256715,0.3,0.0003,0.0015794483,53340,-1.279914176464081,0.000390625
1443,946,200.0,5336,1920.21,1366016,0.3552258610725403,8656.570458984375,1874.9749755859375,-0.00017348078545182944,0.3,0.0003,0.000505622,53350,-1.3615410208702088,0.0
1443,946,200.0,5337,1929.92,1366272,0.7933812737464905,5968.837365722657,1734.020751953125,-0.0013356958981603384,0.3,0.0003,0.0010571193,53360,-1.0579647898674012,0.0
1443,946,200.0,5338,1920.84,1366528,0.6816983222961426,4575.482092285156,1433.9822998046875,-0.0010518336086533964,0.3,0.0003,0.0005783164,53370,-1.3025693774223328,0.0
1443,946,200.0,5339,1915.32,1366784,0.4835469722747803,5934.795568847656,1790.212646484375,-0.00018590022809803486,0.3,0.0003,7.435866e-05,53380,-1.061515563726425,0.0
1444,946,200.0,5340,1919.5,1367040,0.747979998588562,3431.7338989257814,1602.340576171875,-0.001530162605922669,0.3,0.0003,0.000554407,53390,-1.1102908551692963,0.0
1444,946,200.0,5341,1924.06,1367296,0.6180090308189392,10489.541235351562,2347.104248046875,0.0003617245587520301,0.3,0.0003,0.00068704644,53400,-1.144889920949936,0.0
1444,946,200.0,5342,1926.04,1367552,0.6631132364273071,4128.7395690917965,2526.822265625,-0.002183843147940934,0.3,0.0003,0.0016934909,53410,-1.0485709339380265,0.0
1444,946,200.0,5343,1902.64,1367808,0.4626244902610779,11854.052490234375,2157.317626953125,-0.0004439902841113508,0.3,0.0003,0.00038268138,53420,-1.1973307967185973,0.0
1445,946,200.0,5344,1895.7,1368064,0.43956851959228516,13621.2484375,5912.38818359375,-0.0005645930068567395,0.3,0.0003,8.352962e-05,53430,-1.3437590837478637,0.0
1445,946,200.0,5345,1878.05,1368320,0.1643027663230896,21270.7849609375,9515.927734375,-0.00041717920685186983,0.3,0.0003,0.00019391347,53440,-1.0451997727155686,0.0
1445,946,200.0,5346,1880.26,1368576,0.48065000772476196,5826.9064270019535,2863.36865234375,-0.0006673548137769103,0.3,0.0003,0.00026607513,53450,-1.1542758107185365,0.0
1446,946,200.0,5347,1880.67,1368832,0.5259801745414734,7718.137451171875,2840.396484375,-0.010770863376092166,0.3,0.0003,0.009953715,53460,-1.2508662939071655,0.016796875
1446,946,200.0,5348,1885.33,1369088,0.344174325466156,22599.2916015625,6433.4189453125,-0.003543146525043994,0.3,0.0003,0.0028475586,53470,-1.135002851486206,0.002734375
1446,946,200.0,5349,1910.46,1369344,0.17687922716140747,14130.382739257813,4041.029052734375,-0.0012431458104401826,0.3,0.0003,0.0006996291,53480,-1.1322806239128114,0.0
1446,946,200.0,5350,1890.44,1369600,0.5664113759994507,7521.157983398438,2186.96142578125,-0.0017158856964670122,0.3,0.0003,0.00020960672,53490,-1.1709165275096893,0.0
1447,946,200.0,5351,1894.22,1369856,0.41479605436325073,7688.1126953125,4617.67138671875,-4.501128569245339e-06,0.3,0.0003,0.00018359977,53500,-1.2193955421447753,0.0
1447,946,200.0,5352,1895.89,1370112,0.0673971176147461,30087.74228515625,12374.39453125,-0.0013215860817581415,0.3,0.0003,0.00056652306,53510,-1.2726367115974426,0.0
1447,946,200.0,5353,1880.57,1370368,-0.9000562429428101,4267.799499511719,1148.4190673828125,-0.0006956125027500093,0.3,0.0003,0.0003811717,53520,-1.0801804065704346,0.0
1447,946,200.0,5354,1877.24,1370624,0.48394328355789185,7484.2913818359375,3399.0,-0.0021663635270670056,0.3,0.0003,0.00050790794,53530,-0.9125079929828643,0.0
1448,946,200.0,5355,1879.6,1370880,0.6594642400741577,10434.524536132812,2939.17724609375,-0.0003905439632944763,0.3,0.0003,0.00022887997,53540,-1.2785099029541016,0.0
1448,946,200.0,5356,1872.89,1371136,0.21507889032363892,14835.527612304688,6749.00830078125,0.0006720711942762136,0.3,0.0003,0.00048790732,53550,-1.2522268116474151,0.0
1448,946,200.0,5357,1867.52,1371392,0.4348166584968567,7660.800732421875,4735.33984375,-0.0002120258053764701,0.3,0.0003,1.9455561e-05,53560,-1.1137636482715607,0.0
1448,946,200.0,5358,1863.32,1371648,0.5943511724472046,5262.046411132813,3577.02392578125,-0.0011097170296125113,0.3,0.0003,0.00070209545,53570,-1.198419350385666,0.0
1449,946,200.0,5359,1863.7,1371904,0.6747897863388062,5476.869909667968,1975.0709228515625,-0.0013455307169351726,0.3,0.0003,0.00034371694,53580,-1.2184439659118653,0.0
1449,946,200.0,5360,1861.0,1372160,0.8157320022583008,3384.518768310547,2294.573486328125,-0.007110975810792297,0.3,0.0003,0.008611698,53590,-1.1628804564476014,0.00859375
1449,946,200.0,5361,1883.21,1372416,0.601068377494812,6896.849963378906,2622.365234375,-0.008442816487513483,0.3,0.0003,0.0058678086,53600,-1.1882557153701783,0.00859375
1450,946,200.0,5362,1880.96,1372672,0.6028176546096802,11143.21778564453,6288.466796875,-0.0026647760067135097,0.3,0.0003,0.003208723,53610,-1.0419470191001892,0.0
1450,946,200.0,5363,1895.33,1372928,0.6124324798583984,6215.928686523437,3582.5966796875,-0.003694766596890986,0.3,0.0003,0.0016716591,53620,-1.1213384509086608,0.0
1450,946,200.0,5364,1877.79,1373184,0.6672961711883545,4980.410009765625,2001.2088623046875,-0.0015241588233038783,0.3,0.0003,0.0015508239,53630,-1.1156453311443328,0.0
1450,946,200.0,5365,1881.83,1373440,0.4753175973892212,10715.965502929688,3482.61962890625,-0.0014778050477616488,0.3,0.0003,0.00023617386,53640,-1.2502721905708314,0.0
1451,946,200.0,5366,1886.21,1373696,0.5255675315856934,9969.766455078125,3044.559814453125,-0.0025794935179874303,0.3,0.0003,0.0007857806,53650,-1.0234725773334503,0.000390625
1451,946,200.0,5367,1876.17,1373952,0.6248576641082764,5188.608630371094,2030.9493408203125,-0.0021272147889249025,0.3,0.0003,0.0011551303,53660,-1.2194720804691315,0.0
1451,946,200.0,5368,1887.55,1374208,0.4649772644042969,6418.655224609375,2522.6416015625,-0.0018258953699842096,0.3,0.0003,0.0012195529,53670,-1.3805479764938355,0.0
1451,946,200.0,5369,1880.68,1374464,0.6466035842895508,8994.71962890625,2424.946044921875,-0.0007297901203855873,0.3,0.0003,0.00026589818,53680,-0.9185367524623871,0.0
1452,946,200.0,5370,1884.91,1374720,0.6560845375061035,3616.00182800293,379.1529846191406,-0.0025708602741360666,0.3,0.0003,0.0014633653,53690,-1.2914095222949982,0.0
1452,946,200.0,5371,1887.67,1374976,0.6439906358718872,4887.627551269531,1590.6585693359375,-0.0020918170223012565,0.3,0.0003,0.0011628256,53700,-1.194669508934021,0.0
1452,946,200.0,5372,1873.56,1375232,0.6526766419410706,4108.046984863281,1985.736328125,-0.0024222340900450943,0.3,0.0003,0.0012286492,53710,-1.2176173746585846,0.0
1453,946,200.0,5373,1889.0,1375488,-0.22205018997192383,45532.152734375,24092.93359375,-0.0010442230617627502,0.3,0.0003,0.00022218702,53720,-1.272093278169632,0.0
1453,946,200.0,5374,1903.81,1375744,0.6986950039863586,3944.6040130615233,330.513671875,-0.0014284071628935635,0.3,0.0003,0.00064807595,53730,-0.9752752661705018,0.0
1453,946,200.0,5375,1888.48,1376000,0.6114659905433655,4993.599029541016,3291.798095703125,-0.00420246385037899,0.3,0.0003,0.0043399157,53740,-1.0421462327241897,0.003125
1453,946,200.0,5376,1882.47,1376256,0.2914332151412964,12021.579809570312,5150.42919921875,-0.002161654783412814,0.3,0.0003,0.0032395422,53750,-1.344539850950241,0.0015625
1454,946,200.0,5377,1885.0,1376512,0.5018589496612549,12159.178149414063,4161.77001953125,0.0007229541428387165,0.3,0.0003,0.0002683634,53760,-0.6051133126020432,0.0
1454,946,200.0,5378,1900.3,1376768,0.6707871556282043,6193.090661621094,1474.0994873046875,-0.004510638816282153,0.3,0.0003,0.0025833384,53770,-1.0261496126651763,0.00078125
1454,946,200.0,5379,1895.84,1377024,0.5237536430358887,7393.021105957031,3158.0361328125,-0.0004986669518984854,0.3,0.0003,0.0011501401,53780,-1.215822684764862,0.0
1454,946,200.0,5380,1890.88,1377280,0.7530443668365479,5594.955578613281,1443.2685546875,-0.0022018835414201023,0.3,0.0003,0.00087259803,53790,-1.208154445886612,0.0
1455,946,200.0,5381,1901.22,1377536,-0.043028950691223145,16504.470703125,6488.99951171875,-0.005296942126005888,0.3,0.0003,0.010427381,53800,-1.0949883460998535,0.022265625
1455,946,200.0,5382,1883.33,1377792,0.5162890553474426,8606.83985595703,2085.625244140625,-3.708940930664539e-05,0.3,0.0003,0.00022693188,53810,-1.0741237163543702,0.0
1455,946,200.0,5383,1879.32,1378048,0.635754406452179,5135.997927856445,1017.7076416015625,-0.00016574363689869642,0.3,0.0003,0.00030960282,53820,-1.067194217443466,0.0
1456,946,200.0,5384,1891.05,1378304,0.5088425874710083,11295.703100585937,3443.982177734375,-0.00010902908688876778,0.3,0.0003,4.2008003e-05,53830,-1.2717577338218689,0.0
1456,946,200.0,5385,1887.11,1378560,0.2089710235595703,9021.354797363281,1562.5135498046875,-0.002792151691392064,0.3,0.0003,0.0006412666,53840,-1.2090909898281097,0.0
1456,946,200.0,5386,1869.34,1378816,0.28397464752197266,9589.836218261718,2146.68505859375,-0.0008820035960525274,0.3,0.0003,0.0010364023,53850,-1.1640848636627197,0.0
1456,946,200.0,5387,1869.99,1379072,0.4290149211883545,7002.780554199218,3627.28857421875,-0.0018092175247147678,0.3,0.0003,0.0013541526,53860,-1.2653802573680877,0.0
1457,946,200.0,5388,1867.4,1379328,0.3302087187767029,26594.72138671875,9445.287109375,-0.0001788172172382474,0.3,0.0003,6.474159e-05,53870,-0.9686053901910782,0.0
1457,946,200.0,5389,1870.5,1379584,0.47953617572784424,6782.97275390625,1294.9188232421875,-0.0024155804887413977,0.3,0.0003,0.0029990377,53880,-1.2770324230194092,0.00078125
1457,946,200.0,5390,1872.73,1379840,0.5746604204177856,6842.224969482422,3135.019775390625,-0.00028309025801718233,0.3,0.0003,0.00021758839,53890,-1.1401041209697724,0.0
1457,946,200.0,5391,1871.94,1380096,0.6365433931350708,8031.64482421875,4483.72021484375,-0.004109201615210623,0.3,0.0003,0.009278744,53900,-1.1003256380558013,0.01015625
1458,946,200.0,5392,1856.13,1380352,0.27582621574401855,9142.725048828124,4111.01806640625,-0.0014585294178687037,0.3,0.0003,0.002818263,53910,-1.1842941164970398,0.0
1458,946,200.0,5393,1851.66,1380608,0.5410830974578857,6929.378854370118,1950.069091796875,-0.000272815945209004,0.3,0.0003,0.0002456291,53920,-1.0655932009220124,0.0
1458,946,200.0,5394,1848.43,1380864,0.41227221488952637,13810.499584960937,3071.47314453125,-0.0009066850529052317,0.3,0.0003,0.00019166712,53930,-1.2150132775306701,0.0
1459,946,200.0,5395,1864.29,1381120,0.7789639830589294,3911.889205932617,2413.96435546875,-0.004131348663941025,0.3,0.0003,0.007941095,53940,-1.1227375864982605,0.01015625
1459,946,200.0,5396,1863.74,1381376,0.3448945879936218,9905.565051269532,8684.251953125,-0.0029689848655834795,0.3,0.0003,0.00629124,53950,-1.0621152102947236,0.007421875
1459,946,200.0,5397,1862.24,1381632,0.5510141849517822,9036.293481445313,1565.1539306640625,-0.0006137929856777191,0.3,0.0003,0.000811409,53960,-1.075434648990631,0.0
1459,946,200.0,5398,1872.26,1381888,0.4208105206489563,14775.732592773438,8938.5419921875,-0.0016151838703081013,0.3,0.0003,0.0003718664,53970,-1.2650269091129303,0.0
1460,946,200.0,5399,1891.07,1382144,0.1480349898338318,10564.2220703125,3981.71533203125,-0.0009032925707288086,0.3,0.0003,0.0007454613,53980,-1.0942833483219148,0.0
1460,946,200.0,5400,1872.65,1382400,-0.027926325798034668,18003.978076171876,7880.10595703125,-0.0006189330480992794,0.3,0.0003,0.0004488621,53990,-1.2097560346126557,0.0
1460,946,200.0,5401,1890.42,1382656,0.4872623682022095,9612.59959716797,6049.85400390625,-0.003129639336839318,0.3,0.0003,0.0010415907,54000,-1.1354660272598267,0.0
1460,946,200.0,5402,1896.63,1382912,0.31785154342651367,14673.573559570312,5302.48779296875,-0.0026643073884770273,0.3,0.0003,0.0007166758,54010,-1.1043447136878968,0.0
1461,946,200.0,5403,1892.46,1383168,0.7261584997177124,3496.3581970214846,1372.1309814453125,-0.0024709981749765574,0.3,0.0003,0.0021160953,54020,-1.184000313282013,0.00078125
1461,946,200.0,5404,1892.24,1383424,0.7036484479904175,3908.4638061523438,2040.984619140625,-0.005012499797157943,0.3,0.0003,0.004109676,54030,-1.2772826611995698,0.001953125
1461,946,200.0,5405,1894.99,1383680,0.6400172710418701,11844.430346679688,5612.23291015625,0.0006061243358999491,0.3,0.0003,0.00093766884,54040,-1.2742509067058563,0.0
1461,946,200.0,5406,1915.19,1383936,0.703698992729187,5059.264831542969,1691.5413818359375,-0.002146068459842354,0.3,0.0003,0.0029280146,54050,-1.1414165377616883,0.00078125
1462,946,200.0,5407,1912.41,1384192,0.20149224996566772,16852.13526611328,7443.43115234375,-0.0008280879585072399,0.3,0.0003,0.00084205717,54060,-1.037493821978569,0.0
1462,946,200.0,5408,1915.49,1384448,-0.17896485328674316,18473.1142578125,3810.527099609375,5.334160523489118e-05,0.3,0.0003,0.0014492744,54070,-1.1540596306324005,0.0
1462,946,200.0,5409,1914.96,1384704,0.5878530144691467,9625.175244140624,4176.35205078125,-0.0017495249165222048,0.3,0.0003,0.0005675398,54080,-1.0527255654335022,0.0
1463,946,200.0,5410,1915.89,1384960,0.009768545627593994,12659.284375,3616.71875,-0.0029434724943712353,0.3,0.0003,0.004127588,54090,-1.2037383198738099,0.00859375
1463,946,200.0,5411,1936.09,1385216,0.6184756755828857,6175.208264160156,1587.634765625,-0.0017841676017269492,0.3,0.0003,0.0006596695,54100,-1.1967181861400604,0.0
1463,946,200.0,5412,1933.33,1385472,0.5740642547607422,9569.419311523438,5031.7861328125,-5.47526404261589e-05,0.3,0.0003,0.00027678348,54110,-1.1096842765808106,0.0
1463,946,200.0,5413,1952.03,1385728,0.7671114206314087,4465.391162109375,2197.1494140625,-0.0032668478554114698,0.3,0.0003,0.0029775598,54120,-1.2936206936836243,0.003125
1464,946,200.0,5414,1967.05,1385984,0.6189508438110352,5544.220397949219,2871.865234375,-0.010912733990699053,0.3,0.0003,0.014852161,54130,-1.064864069223404,0.028125
1464,946,200.0,5415,1929.14,1386240,0.07486563920974731,12088.47080078125,6182.78369140625,0.0002453840337693691,0.3,0.0003,0.00019157864,54140,-1.02086483836174,0.0
1464,946,200.0,5416,1926.19,1386496,0.6396877765655518,6286.631188964844,2587.854248046875,-0.0027331253280863167,0.3,0.0003,0.0006848511,54150,-1.2338925898075104,0.0
1464,946,200.0,5417,1932.66,1386752,0.5198634266853333,10606.189379882813,3213.94873046875,-0.010873005073517562,0.3,0.0003,0.007177327,54160,-1.378223866224289,0.010546875
1465,946,200.0,5418,1934.7,1387008,-0.08229851722717285,14091.02841796875,6848.2919921875,-0.0022238903562538325,0.3,0.0003,0.0012286764,54170,-1.2222015798091888,0.0
1465,946,200.0,5419,1924.49,1387264,0.3953126072883606,8054.7862548828125,2626.625,-0.00016015011351555586,0.3,0.0003,0.0001045228,54180,-1.249739372730255,0.0
1465,946,200.0,5420,1923.79,1387520,-0.07452046871185303,34032.11552734375,9926.34765625,-6.672947201877833e-05,0.3,0.0003,3.0412804e-05,54190,-1.2329959869384766,0.0
1466,946,200.0,5421,1921.51,1387776,0.39939814805984497,13109.679663085937,7114.21923828125,-0.008943608356639743,0.3,0.0003,0.0038735466,54200,-1.583576637506485,0.002734375
1466,946,200.0,5422,1944.56,1388032,0.4838166832923889,8006.66455078125,2660.10302734375,0.00027827252633869646,0.3,0.0003,0.00035769795,54210,-1.162065064907074,0.0
1466,946,200.0,5423,1936.87,1388288,-0.02074265480041504,26194.44443359375,9503.900390625,-0.0026283426210284232,0.3,0.0003,0.00022061612,54220,-1.1256162464618682,0.0
1466,946,200.0,5424,1942.29,1388544,0.4615051746368408,8213.368676757813,923.7211303710938,-0.0001781082828529179,0.3,0.0003,0.0003260062,54230,-1.3205360174179077,0.0
1467,946,200.0,5425,1946.29,1388800,0.4321237802505493,6041.973986816406,1920.0445556640625,-0.0005388905992731452,0.3,0.0003,0.0003939392,54240,-1.247274899482727,0.0
1467,946,200.0,5426,1946.63,1389056,0.3895701766014099,11941.654272460937,5949.54931640625,-0.0022749358555302023,0.3,0.0003,0.0006888851,54250,-1.4778368830680848,0.0
1467,946,200.0,5427,1946.29,1389312,0.5527268052101135,12000.067919921876,6121.2333984375,-0.0007706435862928629,0.3,0.0003,0.00035669957,54260,-1.3716069519519807,0.0
1467,946,200.0,5428,1944.27,1389568,0.7260200381278992,5216.87699584961,3346.029296875,-0.0022241384722292423,0.3,0.0003,0.0013663354,54270,-1.0249279588460922,0.0
1468,946,200.0,5429,1944.65,1389824,0.505416750907898,13470.206774902344,5389.060546875,-0.0029643593705259265,0.3,0.0003,0.0011345779,54280,-1.0556712061166764,0.0
1468,946,200.0,5430,1944.65,1390080,0.48273658752441406,11242.550817871093,5406.0810546875,-0.001333412597887218,0.3,0.0003,0.0008875332,54290,-1.280941867828369,0.0
1468,946,200.0,5431,1961.86,1390336,0.3714352250099182,7213.118682861328,2519.44091796875,-0.0008088789123576135,0.3,0.0003,0.00076630455,54300,-1.2279610872268676,0.0
1469,946,200.0,5432,1957.37,1390592,0.18065226078033447,12622.9369140625,7061.01953125,-0.0033485416788607836,0.3,0.0003,0.0005989098,54310,-1.2138840496540069,0.0
1469,946,200.0,5433,1945.43,1390848,0.2682397961616516,6031.349856567383,375.2933654785156,-0.0006777474191039801,0.3,0.0003,0.0052784067,54320,-0.842612361907959,0.003515625
1469,946,200.0,5434,1948.55,1391104,0.32941925525665283,17461.462524414062,3230.859619140625,-0.0018580352421849965,0.3,0.0003,0.0029011648,54330,-1.1786586046218872,0.00078125
1469,946,200.0,5435,1948.0,1391360,0.6655162572860718,5288.853912353516,2189.694091796875,-0.002531389007344842,0.3,0.0003,0.00055621006,54340,-1.2627979815006256,0.0
1470,946,200.0,5436,1957.23,1391616,0.5479177236557007,7210.707189941406,2991.6533203125,-0.007282058172859251,0.3,0.0003,0.0026958135,54350,-1.3277319967746735,0.003125
1470,946,200.0,5437,1941.78,1391872,-0.2799241542816162,14885.11484375,3557.40185546875,-0.0017637253738939762,0.3,0.0003,0.0011097989,54360,-1.2731998443603516,0.0
1470,946,200.0,5438,1948.88,1392128,0.6029614210128784,6915.932092285157,923.5818481445312,-0.0018033552449196577,0.3,0.0003,0.0015744756,54370,-0.9393197864294052,0.0
1470,946,200.0,5439,1951.92,1392384,0.49770277738571167,11073.191064453125,4292.35302734375,-0.0008397898636758327,0.3,0.0003,0.00031372975,54380,-1.2562087178230286,0.0
1471,946,200.0,5440,1970.06,1392640,0.7617689371109009,3960.9297729492187,1525.597900390625,-0.004192188521847129,0.3,0.0003,0.00289739,54390,-1.1398159384727478,0.0
1471,946,200.0,5441,1952.46,1392896,0.7399210929870605,5897.50756225586,3116.744140625,-0.0029826825484633446,0.3,0.0003,0.0055697495,54400,-1.0624172180891036,0.0
1471,946,200.0,5442,1947.21,1393152,0.4928516149520874,10758.637365722656,6624.11181640625,-0.0061359813436865805,0.3,0.0003,0.0048109093,54410,-1.2593654572963715,0.003125
1472,946,200.0,5443,1959.41,1393408,0.7150280475616455,6289.393627929688,3069.7724609375,-0.001665433938615024,0.3,0.0003,0.0018562293,54420,-1.1563671231269836,0.0
1472,946,200.0,5444,1952.64,1393664,0.8323834538459778,3743.918035888672,1524.010009765625,-0.0037065129610709844,0.3,0.0003,0.011820394,54430,-1.1014954209327699,0.013671875
1472,946,200.0,5445,1975.02,1393920,0.7159993648529053,5403.720849609375,2778.77197265625,-0.0058185973204672335,0.3,0.0003,0.0060025463,54440,-1.2403846204280853,0.007421875
1472,946,200.0,5446,1977.13,1394176,0.5872365236282349,5711.315295410156,4204.9482421875,-0.001104929466964677,0.3,0.0003,0.0025818376,54450,-1.1196217477321624,0.0
1473,946,200.0,5447,1988.89,1394432,0.7196655869483948,4767.02640991211,2947.528564453125,-0.0017465491662733256,0.3,0.0003,0.0026014184,54460,-1.106908142566681,0.0
1473,946,200.0,5448,1983.94,1394688,0.09375745058059692,18610.7796875,8173.1806640625,-0.00127745516365394,0.3,0.0003,0.000868764,54470,-1.2939792692661285,0.0
1473,946,200.0,5449,1982.48,1394944,0.37384021282196045,13828.556225585937,7665.02490234375,-0.00043504990171641114,0.3,0.0003,0.00034204405,54480,-1.1029501616954804,0.0
1473,946,200.0,5450,2010.47,1395200,0.6502361297607422,5701.949420166015,3395.191162109375,-0.0016519883531145752,0.3,0.0003,0.0009956369,54490,-1.1617726325988769,0.0
1474,946,200.0,5451,2012.91,1395456,0.02120572328567505,24328.454052734374,6943.08642578125,-0.0012834988301619887,0.3,0.0003,0.0018650279,54500,-1.0825306594371795,0.0
1474,946,200.0,5452,1990.56,1395712,0.6388733983039856,10884.59423828125,4412.6259765625,-0.003901912085711956,0.3,0.0003,0.0019998106,54510,-1.1275407135486604,0.000390625
1474,946,200.0,5453,1972.2,1395968,0.22387933731079102,12228.824609375,7125.203125,-0.0012126823305152357,0.3,0.0003,0.0018375984,54520,-1.383938843011856,0.0
1475,946,200.0,5454,1975.58,1396224,0.3690606951713562,9370.950122070313,5855.80859375,-0.0013412657892331481,0.3,0.0003,0.0005989224,54530,-1.0604930758476256,0.0
1475,946,200.0,5455,1973.21,1396480,0.5163525342941284,11609.19609375,5448.29345703125,-0.00041509304428473116,0.3,0.0003,0.00018010684,54540,-1.2747336626052856,0.0
1475,946,200.0,5456,1957.82,1396736,0.29181981086730957,8581.637890625,5802.8037109375,-0.0005835907359141856,0.3,0.0003,0.00013518776,54550,-1.2412065625190736,0.0
1475,946,200.0,5457,1966.69,1396992,0.17290759086608887,8934.073657226563,1032.882568359375,-0.0009106194193009287,0.3,0.0003,0.00053587114,54560,-1.1731664299964906,0.0
1476,946,200.0,5458,1961.31,1397248,0.5861366391181946,6384.891943359375,1544.5531005859375,-0.004248447064310312,0.3,0.0003,0.0019798286,54570,-1.3045410871505738,0.0
1476,946,200.0,5459,1945.57,1397504,0.3500670790672302,10457.413024902344,5373.765625,0.0003604426281526685,0.3,0.0003,0.0005410514,54580,-1.1904927372932435,0.0
1476,946,200.0,5460,1945.72,1397760,0.10751467943191528,10806.288452148438,6114.72021484375,-0.00010392451658844948,0.3,0.0003,2.5602058e-05,54590,-1.1003786861896514,0.0
1476,946,200.0,5461,1986.02,1398016,0.41828596591949463,9209.613555908203,1754.05419921875,-0.0003912623506039381,0.3,0.0003,8.153333e-05,54600,-1.0918470621109009,0.0
1477,946,200.0,5462,2004.05,1398272,0.2835913300514221,11887.686865234375,4561.4716796875,-0.0003323213197290897,0.3,0.0003,6.262236e-05,54610,-1.1105280935764312,0.0
1477,946,200.0,5463,2020.26,1398528,0.6736515164375305,3839.145880126953,2473.185546875,-0.005719216330908239,0.3,0.0003,0.012301182,54620,-1.107163316011429,0.011328125
1477,946,200.0,5464,2022.04,1398784,0.6240100264549255,10145.259423828125,4638.765625,-0.0057165200938470665,0.3,0.0003,0.007342333,54630,-0.9601498246192932,0.012890625
1478,946,200.0,5465,2042.01,1399040,0.7594191431999207,4725.870809936523,3442.88916015625,-0.003347994724754244,0.3,0.0003,0.0110960025,54640,-1.0030664056539536,0.01328125
1478,946,200.0,5466,2057.05,1399296,0.6419205665588379,9148.698132324218,7591.7666015625,-0.0015630502835847437,0.3,0.0003,0.007271726,54650,-1.157325154542923,0.012890625
1478,946,200.0,5467,2058.84,1399552,0.28632205724716187,8944.600561523437,3356.8994140625,-0.0002823417540639639,0.3,0.0003,0.00049813394,54660,-1.0750545591115952,0.0
1478,946,200.0,5468,2022.66,1399808,0.4670878052711487,6065.6525390625,1544.8148193359375,-0.0010354978963732719,0.3,0.0003,0.00024734996,54670,-1.1353479504585267,0.0
1479,946,200.0,5469,2018.96,1400064,0.5319310426712036,11224.6865234375,5749.63037109375,-9.957491420209408e-05,0.3,0.0003,0.00014941674,54680,-1.0939444303512573,0.0
1479,946,200.0,5470,2037.02,1400320,0.67692631483078,4887.777172851563,2660.882080078125,-0.0005973243154585361,0.3,0.0003,0.00013145339,54690,-0.8627558946609497,0.0
1479,946,200.0,5471,2048.5,1400576,0.789157509803772,3743.6183227539063,2015.1031494140625,-0.003759208763949573,0.3,0.0003,0.004201505,54700,-1.2199828982353211,0.001953125
1480,946,200.0,5472,2050.17,1400832,0.26238369941711426,9025.800854492187,6386.2216796875,0.0001847559935413301,0.3,0.0003,0.0011173901,54710,-1.120990866422653,0.0
1480,946,200.0,5473,2031.93,1401088,0.6081768274307251,11258.51240234375,6704.24560546875,-0.0014562228228896857,0.3,0.0003,0.0015903788,54720,-1.224951869249344,0.0
1480,946,200.0,5474,2032.05,1401344,0.2738714814186096,8922.562817382812,4220.4072265625,-0.002686370722949505,0.3,0.0003,0.002155259,54730,-1.1458926558494569,0.0015625
1480,946,200.0,5475,2038.72,1401600,0.2682168483734131,7572.152685546875,2701.5947265625,-0.0007751519791781902,0.3,0.0003,0.00037431763,54740,-1.249445879459381,0.0
1481,946,200.0,5476,2038.92,1401856,0.4297850728034973,8679.96064453125,2110.0,-0.0004890306503511965,0.3,0.0003,9.1611175e-05,54750,-1.124113816022873,0.0
1481,946,200.0,5477,2036.64,1402112,0.5736563205718994,12727.173901367187,7427.03564453125,-0.0008278977358713747,0.3,0.0003,0.00023290189,54760,-1.207651525735855,0.0
1481,946,200.0,5478,2061.63,1402368,0.1935296654701233,17096.66533203125,2635.93896484375,-0.003367112088017166,0.3,0.0003,0.0015788251,54770,-1.2735810816287993,0.0
1482,946,200.0,5479,2022.02,1402624,0.573197603225708,6467.37914428711,2592.7705078125,-0.0002460285439155996,0.3,0.0003,0.0002767949,54780,-0.8600402235984802,0.0
1482,946,200.0,5480,2009.53,1402880,0.4318816661834717,14971.5654296875,7605.85595703125,-0.0009885499603115022,0.3,0.0003,0.0002922709,54790,-1.3789827704429627,0.0
1482,946,200.0,5481,2015.86,1403136,0.6778734922409058,3820.979571533203,690.975830078125,-0.0009014203213155269,0.3,0.0003,0.00030227238,54800,-0.7125732421875,0.0
1482,946,200.0,5482,2015.25,1403392,0.7511072158813477,2643.46259765625,789.5700073242188,-0.0030407257727347314,0.3,0.0003,0.0045029586,54810,-1.2000368177890777,0.005859375
1483,946,200.0,5483,2024.09,1403648,-0.3516972064971924,22303.541796875,4248.8203125,-0.0003940871451050043,0.3,0.0003,0.00032385183,54820,-1.0856254816055297,0.0
1483,946,200.0,5484,2007.96,1403904,0.12776440382003784,24718.774755859376,7403.935546875,-0.0010771815432235599,0.3,0.0003,0.00034980313,54830,-1.110739541053772,0.0
1483,946,200.0,5485,1999.95,1404160,0.5741977095603943,10237.038793945312,3965.52978515625,-0.0033574655652046205,0.3,0.0003,0.00097586354,54840,-1.3465426087379455,0.0
1483,946,200.0,5486,1985.86,1404416,0.5856747627258301,5364.631140136718,3579.92919921875,0.00021585177164524795,0.3,0.0003,0.000208352,54850,-1.4189294576644897,0.0
1484,946,200.0,5487,2001.63,1404672,0.6308834552764893,12781.65068359375,7182.0107421875,-0.00046328373719006777,0.3,0.0003,0.00019470952,54860,-1.2944018423557282,0.0
1484,946,200.0,5488,1996.03,1404928,0.723034143447876,4205.346435546875,1851.281494140625,-0.001248069212306291,0.3,0.0003,0.00039572152,54870,-1.098743462562561,0.0
1484,946,200.0,5489,2013.92,1405184,0.7894590497016907,4000.930435180664,434.79052734375,-0.004992074752226472,0.3,0.0003,0.007867299,54880,-1.147771668434143,0.009375
1485,946,200.0,5490,2023.35,1405440,0.2538209557533264,9699.812911987305,7625.62646484375,-0.006098623527213931,0.3,0.0003,0.013345661,54890,-1.1505484700202941,0.01953125
1485,946,200.0,5491,2007.22,1405696,0.3966977000236511,13504.224536132813,4002.510498046875,-0.0001405516406521201,0.3,0.0003,0.0013097096,54900,-1.1493991792201996,0.0
1485,946,200.0,5492,1991.72,1405952,0.4022783637046814,7122.33422241211,1767.8834228515625,-0.0010494814720004796,0.3,0.0003,0.0005545947,54910,-1.0964445114135741,0.0
1485,946,200.0,5493,2018.72,1406208,0.49974197149276733,10169.051452636719,3122.11865234375,-0.0020093123777769504,0.3,0.0003,0.00045731803,54920,-1.236681628227234,0.0
1486,946,200.0,5494,2021.88,1406464,0.4591049551963806,10811.150830078124,2885.744384765625,-1.0842096526175737e-05,0.3,0.0003,0.000120896846,54930,-1.1574253857135772,0.0
1486,946,200.0,5495,2024.41,1406720,0.3193698525428772,9101.056921386718,4514.837890625,-0.0016225280007347465,0.3,0.0003,0.0006095804,54940,-1.2091239869594574,0.0
1486,946,200.0,5496,2022.83,1406976,0.6038321256637573,9347.065502929687,2179.500732421875,-0.002029136009514332,0.3,0.0003,0.00052517606,54950,-1.2641849935054779,0.0
1487,946,200.0,5497,2046.89,1407232,-0.2573920488357544,25790.34033203125,12131.412109375,-0.00202477453276515,0.3,0.0003,0.00066595944,54960,-1.3455051898956298,0.0
1487,946,200.0,5498,2045.66,1407488,0.1520451307296753,16650.29599609375,4017.98388671875,0.0001848969142884016,0.3,0.0003,9.2991395e-05,54970,-1.1448010325431823,0.0
1487,946,200.0,5499,2047.46,1407744,0.23541784286499023,10588.006079101562,3750.466796875,-0.00014455814380198717,0.3,0.0003,7.887278e-05,54980,-0.9977337181568146,0.0
1487,946,200.0,5500,2031.79,1408000,0.13665497303009033,8844.42646484375,4327.77392578125,-0.0010947224509436637,0.3,0.0003,0.0009678346,54990,-1.204755002260208,0.0
1488,946,200.0,5501,2041.35,1408256,0.32792097330093384,9195.329833984375,2060.529296875,-0.0010235681664198637,0.3,0.0003,0.0013555114,55000,-1.144168746471405,0.0
1488,946,200.0,5502,2055.07,1408512,0.6113376617431641,9135.884094238281,4706.78662109375,-0.0007090483559295535,0.3,0.0003,0.00047199242,55010,-1.0956245720386506,0.0
1488,946,200.0,5503,2068.59,1408768,0.5417708158493042,5240.786480712891,605.635009765625,-0.004033749445807189,0.3,0.0003,0.0024442417,55020,-1.1493930995464325,0.0
1488,946,200.0,5504,2078.57,1409024,0.5025914907455444,8842.640380859375,4428.7275390625,-0.002750273304991424,0.3,0.0003,0.0010765502,55030,-1.2320409953594207,0.000390625
1489,946,200.0,5505,2059.26,1409280,0.8176958560943604,5904.0154296875,3797.264404296875,-0.0015457270201295614,0.3,0.0003,0.0008911409,55040,-1.2810772776603698,0.0
1489,946,200.0,5506,2066.23,1409536,-0.00476527214050293,15844.404638671875,4519.70263671875,-0.00048366273986175654,0.3,0.0003,0.0012737738,55050,-1.170579981803894,0.0
1489,946,200.0,5507,2061.96,1409792,0.5166962146759033,12204.02216796875,2828.39892578125,-0.004434161598328501,0.3,0.0003,0.0014471745,55060,-1.40362446308136,0.0
1490,946,200.0,5508,2063.31,1410048,0.15143781900405884,12593.506958007812,6943.12890625,-0.00494030904956162,0.3,0.0003,0.0039647603,55070,-1.2640400946140289,0.00390625
1490,946,200.0,5509,2052.62,1410304,0.39098048210144043,14512.7169921875,6627.369140625,-0.004652856348548085,0.3,0.0003,0.0066026067,55080,-1.1121038734912871,0.01796875
1490,946,200.0,5510,2059.93,1410560,0.7971433997154236,2234.5286750793457,1360.5750732421875,-0.0008535854751244188,0.3,0.0003,0.002677171,55090,-0.7864658206701278,0.0
1490,946,200.0,5511,2071.3,1410816,0.8031402826309204,2555.1892700195312,1925.6322021484375,-0.004630416841246187,0.3,0.0003,0.009127209,55100,-1.249505239725113,0.012109375
1491,946,200.0,5512,2089.04,1411072,0.6606431007385254,7863.104553222656,2484.383544921875,-0.001645925990305841,0.3,0.0003,0.0031768023,55110,-1.3768502116203307,0.001953125
1491,946,200.0,5513,2091.59,1411328,0.3815518617630005,7772.892114257813,1770.678955078125,-0.0035130898933857678,0.3,0.0003,0.005597137,55120,-1.2012803375720977,0.00546875
1491,946,200.0,5514,2089.79,1411584,-0.24866223335266113,14236.035473632812,8474.1435546875,-0.0005487651913426816,0.3,0.0003,0.0018850407,55130,-1.2174696147441864,0.001953125
1491,946,200.0,5515,2110.35,1411840,0.5396596193313599,6108.425152587891,4915.0361328125,-0.0003899941802956164,0.3,0.0003,0.00025510718,55140,-1.1815892040729523,0.0
1492,946,200.0,5516,2100.27,1412096,0.211838960647583,19009.082421875,8813.2802734375,-0.001246307499241084,0.3,0.0003,0.000104125356,55150,-1.3701298117637635,0.0
1492,946,200.0,5517,2100.11,1412352,0.3903651833534241,7818.0599609375,2625.239501953125,-0.0026499653060454873,0.3,0.0003,0.0012546945,55160,-1.2145016312599182,0.0
1492,946,200.0,5518,2066.42,1412608,0.19327324628829956,8935.800903320312,5840.69873046875,-0.00023991428315639496,0.3,0.0003,0.00019590138,55170,-1.0318295538425446,0.0
1493,946,200.0,5519,2082.14,1412864,0.47693800926208496,11105.488342285156,1874.8074951171875,-0.00010509407147765159,0.3,0.0003,2.34826e-05,55180,-1.2074993968009948,0.0
1493,946,200.0,5520,2076.91,1413120,0.6625892519950867,4735.179040527344,1147.5784912109375,-0.007002412341535091,0.3,0.0003,0.004148876,55190,-1.1098070442676544,0.000390625
1493,946,200.0,5521,2074.57,1413376,0.780046820640564,4837.628210449218,1185.83349609375,-0.0028713610488921406,0.3,0.0003,0.003562943,55200,-1.0607561945915223,0.0015625
1493,946,200.0,5522,2100.94,1413632,0.7880887389183044,3160.9308959960936,785.3619384765625,-0.00543389362283051,0.3,0.0003,0.00899416,55210,-1.234137099981308,0.00625
1494,946,200.0,5523,2088.49,1413888,0.7690739631652832,5765.772839355469,2627.404052734375,-0.003426671423949301,0.3,0.0003,0.0066688573,55220,-1.1890466570854188,0.005859375
1494,946,200.0,5524,2086.73,1414144,0.4412975311279297,7256.872326660156,2056.439453125,-0.003407782921567559,0.3,0.0003,0.004420287,55230,-1.2269920706748962,0.00390625
1494,946,200.0,5525,2067.71,1414400,-0.4410583972930908,18825.796875,5513.517578125,-0.0026722836308181288,0.3,0.0003,0.009123608,55240,-1.0881894826889038,0.005078125
1495,946,200.0,5526,2068.15,1414656,0.620823860168457,4198.914462280273,399.957275390625,-0.0007353395805694163,0.3,0.0003,0.00059970864,55250,-1.200483351945877,0.0
1495,946,200.0,5527,2071.9,1414912,0.2233264446258545,14412.6904296875,8626.2080078125,3.315142821520567e-05,0.3,0.0003,0.00018261187,55260,-1.0060990422964096,0.0
1495,946,200.0,5528,2055.86,1415168,0.4364843964576721,6679.0833740234375,3986.533447265625,-5.044591962359846e-05,0.3,0.0003,2.2212742e-05,55270,-1.1001347839832305,0.0
1495,946,200.0,5529,2048.38,1415424,0.4930340647697449,8037.0782470703125,4192.0439453125,-0.0006052558310329914,0.3,0.0003,0.00015124236,55280,-1.094934445619583,0.0
1496,946,200.0,5530,2055.3,1415680,0.3587501049041748,12501.056420898438,5993.2509765625,-9.448896162211894e-06,0.3,0.0003,1.9091647e-05,55290,-1.052958482503891,0.0
1496,946,200.0,5531,2073.11,1415936,0.6110091805458069,5115.70439453125,1550.083740234375,-0.0007200979976914823,0.3,0.0003,0.00044044224,55300,-1.1011382222175599,0.0
1496,946,200.0,5532,2067.64,1416192,0.11177897453308105,19690.811279296875,9319.96484375,-0.0032959474017843606,0.3,0.0003,0.0015535189,55310,-1.105995237827301,0.0
1496,946,200.0,5533,2090.28,1416448,0.7639585733413696,4792.552056884766,2538.114501953125,-0.002112277154810727,0.3,0.0003,0.0019483715,55320,-1.1481712460517883,0.0015625
1497,946,200.0,5534,2107.73,1416704,0.7387412786483765,5957.346838378906,3122.75537109375,-0.004992916889023036,0.3,0.0003,0.006636247,55330,-1.1187555551528932,0.00625
1497,946,200.0,5535,2100.89,1416960,0.3960855007171631,13957.76220703125,7411.11083984375,-0.0002687538508325815,0.3,0.0003,0.0016379454,55340,-1.195247972011566,0.0
1497,946,200.0,5536,2098.85,1417216,0.7213499546051025,3609.629016113281,957.6397705078125,-0.0012585235410369933,0.3,0.0003,0.0003045865,55350,-1.1752212703227998,0.0
1498,946,200.0,5537,2099.37,1417472,0.39815908670425415,12882.812036132813,5000.50048828125,-0.002147555211558938,0.3,0.0003,0.0009978262,55360,-1.0682441473007203,0.0
1498,946,200.0,5538,2092.75,1417728,0.706940233707428,4236.47939453125,1567.2974853515625,-0.0031986601767130195,0.3,0.0003,0.0012111904,55370,-1.239280390739441,0.0
1498,946,200.0,5539,2072.68,1417984,0.5444377660751343,6503.928369140625,1731.5521240234375,-0.006815416028257459,0.3,0.0003,0.010080369,55380,-0.8404057949781418,0.025
1498,946,200.0,5540,2027.65,1418240,0.35679590702056885,18366.141162109376,10524.23046875,-0.0030812848010100423,0.3,0.0003,0.001897289,55390,-1.2143567860126496,0.0
1499,946,200.0,5541,2012.05,1418496,0.5260955095291138,12008.6396484375,8725.255859375,-4.349329974502325e-05,0.3,0.0003,0.00020368001,55400,-0.8704157501459122,0.0
1499,946,200.0,5542,2013.67,1418752,-0.6668463945388794,39528.776171875,20992.173828125,-0.0017843864625319839,0.3,0.0003,0.0014007764,55410,-0.9993140041828156,0.0
1499,946,200.0,5543,1997.92,1419008,0.3450479507446289,8379.102369689941,2161.523193359375,-0.0033701469423249365,0.3,0.0003,0.0074246693,55420,-1.0281432837247848,0.006640625
1499,946,200.0,5544,1982.53,1419264,0.4048577547073364,12039.376647949219,6761.64599609375,-0.00022017627488821745,0.3,0.0003,0.0002142808,55430,-1.1132748782634736,0.0
1500,946,200.0,5545,1980.47,1419520,0.29529011249542236,8623.210327148438,1970.84326171875,-0.00020337332389317453,0.3,0.0003,1.2435485e-05,55440,-0.9553841412067413,0.0
1500,946,200.0,5546,1982.73,1419776,0.2845885157585144,8020.844201660157,5768.18115234375,-0.00011677354341372847,0.3,0.0003,1.5060883e-05,55450,-1.0372297435998916,0.0
1500,946,200.0,5547,2019.54,1420032,0.5597250461578369,6452.017419433594,1508.3428955078125,-0.0004008492454886436,0.3,0.0003,6.0286373e-05,55460,-1.0223770946264268,0.0
1501,946,200.0,5548,2017.17,1420288,0.603585422039032,8071.362524414062,2771.620361328125,-0.0008422790560871363,0.3,0.0003,0.00055441563,55470,-0.9888080388307572,0.0
1501,946,200.0,5549,2004.09,1420544,0.5668242573738098,10057.467163085938,3263.874267578125,-0.005666431621648371,0.3,0.0003,0.0033688827,55480,-1.146248060464859,0.0
1501,946,200.0,5550,2026.6,1420800,0.6214560270309448,7053.619970703125,3119.357666015625,-0.004788740223739296,0.3,0.0003,0.0031216622,55490,-1.1858585476875305,0.0
1501,946,200.0,5551,2029.6,1421056,0.31158995628356934,9240.622314453125,4785.23583984375,-0.0004923950647935272,0.3,0.0003,0.0009924928,55500,-0.98896424472332,0.0
1502,946,200.0,5552,2027.54,1421312,0.5261499881744385,10121.136590576172,6408.34716796875,-0.0004785975208505988,0.3,0.0003,0.00018683891,55510,-0.9949526935815811,0.0
1502,946,200.0,5553,2045.35,1421568,0.28507500886917114,12020.307055664063,4892.548828125,6.41114660538733e-05,0.3,0.0003,7.257331e-05,55520,-0.9463281631469727,0.0
1502,946,200.0,5554,2013.45,1421824,0.7172426581382751,6440.155627441406,3356.884033203125,-0.0011714342050254344,0.3,0.0003,0.00023435731,55530,-0.6407244712114334,0.0
1502,946,200.0,5555,2035.51,1422080,0.6984374523162842,9386.987524414062,4376.9931640625,-2.1675328025594353e-05,0.3,0.0003,0.0003717991,55540,-0.8899555474519729,0.0
1503,946,200.0,5556,2020.18,1422336,0.6559752225875854,5089.87232055664,2472.619384765625,-0.0017818388296291232,0.3,0.0003,0.0024743977,55550,-1.0203119069337845,0.000390625
1503,946,200.0,5557,2047.21,1422592,0.4163401126861572,10295.0474609375,5636.7099609375,1.7246347852051258e-06,0.3,0.0003,0.0012662206,55560,-0.9987556457519531,0.001171875
1503,946,200.0,5558,2073.98,1422848,0.626328706741333,4911.744067382812,1472.8946533203125,-0.0010989285539835692,0.3,0.0003,0.0013180333,55570,-0.9564544022083282,0.0
1504,946,200.0,5559,2091.9,1423104,0.23556679487228394,20363.674609375,9314.0087890625,-0.0003716851817443967,0.3,0.0003,0.00030069402,55580,-0.9992077589035034,0.0
1504,946,200.0,5560,2111.84,1423360,0.6139077544212341,5053.36421508789,2025.9315185546875,-0.0017114355810917913,0.3,0.0003,0.0014239757,55590,-0.9025537371635437,0.0
1504,946,200.0,5561,2142.69,1423616,0.6956995129585266,3442.7775543212892,284.9511413574219,-0.0016020910232327878,0.3,0.0003,0.0032118913,55600,-0.9071451485157013,0.000390625
1504,946,200.0,5562,2142.74,1423872,0.612054705619812,8590.84326171875,5355.42578125,-0.004460261948406696,0.3,0.0003,0.009485241,55610,-0.9129096448421479,0.021875
1505,946,200.0,5563,2150.33,1424128,0.36438077688217163,11243.10048828125,5635.072265625,-0.001306917134206742,0.3,0.0003,0.0015958804,55620,-1.0069607496261597,0.000390625
1505,946,200.0,5564,2152.76,1424384,0.7718459367752075,3482.4586181640625,1045.0528564453125,-0.004499875905457884,0.3,0.0003,0.0043462175,55630,-1.0860397279262544,0.0015625
1505,946,200.0,5565,2134.6,1424640,0.17034238576889038,10669.57333984375,4642.119140625,0.00014366981340572239,0.3,0.0003,0.0016372043,55640,-1.061036890745163,0.0
1506,946,200.0,5566,2144.82,1424896,0.7371430397033691,5311.834387207031,2032.6436767578125,-0.0007851329050026834,0.3,0.0003,0.00051917066,55650,-1.0646144807338715,0.0
1506,946,200.0,5567,2126.67,1425152,0.6554075479507446,3776.377093505859,1543.0150146484375,-0.000687046442180872,0.3,0.0003,0.00056875404,55660,-1.1842602968215943,0.0
1506,946,200.0,5568,2129.97,1425408,0.5188103318214417,9901.434643554687,4323.9541015625,-0.0055018326500430705,0.3,0.0003,0.0023271372,55670,-1.3152086317539216,0.001953125
1506,946,200.0,5569,2124.56,1425664,0.7195883393287659,6899.117749023438,2212.990478515625,-0.0014829579507932068,0.3,0.0003,0.00091824634,55680,-0.9361458569765091,0.0
1507,946,200.0,5570,2127.05,1425920,0.5549936294555664,5135.905932617187,1633.42431640625,-0.00025169337168335916,0.3,0.0003,0.0018524304,55690,-0.9800416648387908,0.004296875
1507,946,200.0,5571,2121.71,1426176,-1.9374189376831055,8179.510662841797,1973.5633544921875,-0.0004204025259241462,0.3,0.0003,9.556115e-05,55700,-0.9149396747350693,0.0
1507,946,200.0,5572,2118.56,1426432,0.23757779598236084,25553.30556640625,7760.87841796875,-0.00022264478029683233,0.3,0.0003,5.5240467e-05,55710,-1.2369546949863435,0.0
1507,946,200.0,5573,2120.49,1426688,0.5290159583091736,8385.66446533203,2439.70361328125,-0.0003822671482339501,0.3,0.0003,8.0545666e-05,55720,-1.1608218371868133,0.0
1508,946,200.0,5574,2110.07,1426944,0.2855592966079712,8381.903076171875,2510.84033203125,-0.0022262348094955085,0.3,0.0003,0.0008559879,55730,-1.2946835100650786,0.0
1508,946,200.0,5575,2108.63,1427200,0.6863597631454468,7774.756921386719,4401.35400390625,-0.0058807145804166796,0.3,0.0003,0.0020947151,55740,-1.456231677532196,0.0
1508,946,200.0,5576,2107.59,1427456,0.6512450575828552,5635.846020507813,1493.6317138671875,-0.0011827040696516633,0.3,0.0003,0.0018091747,55750,-1.0238080024719238,0.000390625
1509,946,200.0,5577,2105.28,1427712,0.677168071269989,10940.21866455078,1912.668701171875,-0.002465341240167618,0.3,0.0003,0.0005621379,55760,-1.1573508560657502,0.0
1509,946,200.0,5578,2121.81,1427968,0.7758656144142151,4295.534576416016,1959.048095703125,-0.003817991481628269,0.3,0.0003,0.0043402333,55770,-1.1422268509864808,0.003125
1509,946,200.0,5579,2121.47,1428224,0.6492940783500671,9245.752905273437,5609.23486328125,-0.0005751016549766063,0.3,0.0003,0.00052168826,55780,-1.2001298129558564,0.0
1509,946,200.0,5580,2107.48,1428480,0.7836135625839233,5532.066778564453,3594.6875,-0.005053121992386877,0.3,0.0003,0.0071729766,55790,-1.0309747248888015,0.003125
1510,946,200.0,5581,2094.84,1428736,0.3412069082260132,8467.44521484375,3484.1689453125,-0.0008297281106933952,0.3,0.0003,0.0036868672,55800,-1.1502171218395234,0.00078125
1510,946,200.0,5582,2091.23,1428992,0.29295700788497925,13180.155798339843,3884.958251953125,-8.218992734327912e-05,0.3,0.0003,0.0016408914,55810,-1.1695752322673798,0.0
1510,946,200.0,5583,2073.91,1429248,0.26934313774108887,17068.3529296875,7265.8466796875,-0.00046312747872434556,0.3,0.0003,3.3086166e-05,55820,-1.1096231639385223,0.0
1510,946,200.0,5584,2066.99,1429504,0.22211366891860962,21475.320947265624,8123.04931640625,-7.950846920721233e-05,0.3,0.0003,1.5542842e-05,55830,-1.477124661207199,0.0
1511,946,200.0,5585,2068.84,1429760,0.7789911031723022,2512.3527740478517,288.0982666015625,-0.011117122520226985,0.3,0.0003,0.011619489,55840,-1.267041027545929,0.010546875
1511,946,200.0,5586,2061.46,1430016,0.683638870716095,4650.827746582031,1612.422119140625,0.00032302234321832655,0.3,0.0003,0.005809297,55850,-1.383941888809204,0.00703125
1511,946,200.0,5587,2078.31,1430272,0.40719670057296753,12358.944274902344,5279.646484375,-0.00024311371380463241,0.3,0.0003,0.00080815353,55860,-1.1763666272163391,0.0
1512,946,200.0,5588,2078.23,1430528,0.7009553909301758,4266.22177734375,1092.199951171875,-0.000955183885525912,0.3,0.0003,0.00018646638,55870,-1.0874372243881225,0.0
1512,946,200.0,5589,2080.13,1430784,0.34258395433425903,9501.34366455078,5048.86181640625,-0.006421816139481962,0.3,0.0003,0.0016641107,55880,-1.209602701663971,0.00234375
1512,946,200.0,5590,2062.81,1431040,0.47486913204193115,8980.843603515625,5435.42431640625,-0.0020213153446093203,0.3,0.0003,0.00042461464,55890,-1.0738954037427901,0.0
1512,946,200.0,5591,2060.58,1431296,0.5702336430549622,8987.424096679688,3897.332275390625,-0.001093665137887001,0.3,0.0003,0.0017487863,55900,-1.1414742827415467,0.0
1513,946,200.0,5592,2080.48,1431552,0.6286452412605286,6737.7030029296875,1244.6912841796875,2.539670094847679e-05,0.3,0.0003,0.00017524115,55910,-1.0763900727033615,0.0
1513,946,200.0,5593,2088.1,1431808,0.6741190552711487,4657.108868408203,2119.5517578125,-0.0011102988035418093,0.3,0.0003,0.00012862869,55920,-1.0859957814216614,0.0
1513,946,200.0,5594,2080.41,1432064,0.6727081537246704,8285.365161132813,5169.4453125,-0.004223128024023026,0.3,0.0003,0.0017964186,55930,-1.2613216996192933,0.001171875
1513,946,200.0,5595,2093.15,1432320,0.15550929307937622,13296.555151367187,7389.28955078125,-0.0009750831173732877,0.3,0.0003,0.0015661696,55940,-1.1663109838962555,0.0
1514,946,200.0,5596,2102.83,1432576,0.7243450880050659,4511.016796875,2972.693603515625,-0.007528914115391671,0.3,0.0003,0.006279112,55950,-1.2175633251667022,0.0046875
1514,946,200.0,5597,2103.1,1432832,0.6236472725868225,4733.664739990234,1180.273193359375,-0.0024325870675966144,0.3,0.0003,0.0023909195,55960,-1.0615575402975082,0.000390625
1514,946,200.0,5598,2131.0,1433088,0.42163515090942383,14820.294958496093,7632.44287109375,-8.163388120010495e-05,0.3,0.0003,0.004472773,55970,-1.1387072682380677,0.0015625
1515,946,200.0,5599,2114.26,1433344,0.4450674057006836,11817.358319091796,3963.730712890625,-0.0031336060608737172,0.3,0.0003,0.00071334746,55980,-1.1709698617458344,0.0
1515,946,200.0,5600,2113.5,1433600,0.7416127920150757,3171.1863647460937,2224.062255859375,-0.0007395335822366178,0.3,0.0003,0.0012098637,55990,-1.3471529006958007,0.0
1515,946,200.0,5601,2125.75,1433856,0.7347378730773926,4272.078515625,640.2778930664062,-0.005924408021382987,0.3,0.0003,0.008393937,56000,-1.2005579888820648,0.015234375
1515,946,200.0,5602,2127.8,1434112,0.5841503143310547,10038.017919921875,5174.93310546875,-0.0033262236043810844,0.3,0.0003,0.0025864202,56010,-1.1415265917778015,0.0
1516,946,200.0,5603,2143.53,1434368,0.3121781349182129,11934.976904296875,2940.521728515625,-0.001161025371402502,0.3,0.0003,0.0010809596,56020,-1.1233802914619446,0.0
1516,946,200.0,5604,2137.8,1434624,0.48184049129486084,10199.348266601562,2337.987548828125,-0.0009700995171442628,0.3,0.0003,0.00054540345,56030,-1.26212996840477,0.0
1516,946,200.0,5605,2136.37,1434880,0.4658254384994507,17753.4771484375,9595.69140625,-0.0011795076774433256,0.3,0.0003,0.0003381539,56040,-1.275220090150833,0.0
1516,946,200.0,5606,2147.19,1435136,0.25969570875167847,13054.640161132813,5397.59130859375,-0.001995024876669049,0.3,0.0003,0.00040204567,56050,-1.3468042492866517,0.0
1517,946,200.0,5607,2123.63,1435392,0.7925354242324829,3398.129357910156,765.8221435546875,-0.006122846668586135,0.3,0.0003,0.0064816643,56060,-1.1294285535812378,0.003515625
1517,946,200.0,5608,2110.97,1435648,0.5074897408485413,5952.891027832031,578.6386108398438,0.0008321236353367567,0.3,0.0003,0.007817186,56070,-1.270568734407425,0.005859375
1517,946,200.0,5609,2093.13,1435904,0.7251514196395874,8101.466748046875,2619.6591796875,-0.0011795414495281876,0.3,0.0003,0.0017491851,56080,-1.2116188168525697,0.001171875
1518,946,200.0,5610,2092.58,1436160,0.4041963815689087,8038.104211425782,4139.06005859375,-0.003578171762637794,0.3,0.0003,0.0030206684,56090,-1.2129661202430726,0.0015625
1518,946,200.0,5611,2090.26,1436416,0.8376837968826294,3653.5280151367188,1582.4283447265625,-0.0017238083761185407,0.3,0.0003,0.0068788417,56100,-0.9469304859638215,0.026953125
1518,946,200.0,5612,2072.45,1436672,0.42707526683807373,12178.270239257812,3543.432861328125,-0.0005892291781492531,0.3,0.0003,0.0006337424,56110,-1.1135832905769347,0.0
1518,946,200.0,5613,2071.76,1436928,0.6361076831817627,7903.270959472657,4655.58349609375,-0.0009808390866965055,0.3,0.0003,0.00016579987,56120,-1.2406958937644958,0.0
1519,946,200.0,5614,2082.5,1437184,0.7368192672729492,4322.661926269531,1329.8218994140625,-0.005680894386023283,0.3,0.0003,0.0052418136,56130,-1.3462208271026612,0.004296875
1519,946,200.0,5615,2079.26,1437440,0.46931153535842896,10634.90675048828,1535.5533447265625,-0.0032735961256548764,0.3,0.0003,0.0022340335,56140,-1.1224573493003844,0.0
1519,946,200.0,5616,2083.9,1437696,0.4388411045074463,12829.32138671875,8867.7998046875,-0.0023643140913918613,0.3,0.0003,0.0018098354,56150,-1.2911486387252809,0.001171875
1520,946,200.0,5617,2083.83,1437952,0.6367899179458618,5121.4852294921875,1267.6549072265625,-0.004094984219409526,0.3,0.0003,0.0015585232,56160,-1.3412217915058136,0.0
1520,946,200.0,5618,2072.65,1438208,0.2082558274269104,9973.99228515625,3107.09521484375,-0.00025584663380868734,0.3,0.0003,0.0011066049,56170,-1.266534686088562,0.0
1520,946,200.0,5619,2090.34,1438464,0.2101307511329651,11552.299877929687,3071.76904296875,-0.00017204855103045703,0.3,0.0003,5.6444434e-05,56180,-0.9363835513591766,0.0
1520,946,200.0,5620,2086.2,1438720,0.6909228563308716,4783.180389404297,2539.623779296875,-0.0002742498880252242,0.3,0.0003,4.6548666e-05,56190,-1.1151379764080047,0.0
1521,946,200.0,5621,2084.01,1438976,0.6290954947471619,5387.506921386719,2410.41943359375,-0.003825839515775442,0.3,0.0003,0.00043588085,56200,-1.352984654903412,0.0
1521,946,200.0,5622,2086.32,1439232,0.5028926730155945,8528.896490478515,3943.887451171875,0.0005665244301781058,0.3,0.0003,0.00016705226,56210,-1.0511668741703033,0.0
1521,946,200.0,5623,2088.55,1439488,0.5258578062057495,14768.37275390625,3833.60009765625,-0.003419443848542869,0.3,0.0003,0.0011366403,56220,-1.2728668391704558,0.0
1521,946,200.0,5624,2086.42,1439744,0.15906447172164917,9307.571893310547,953.7927856445312,0.00011747637763619423,0.3,0.0003,0.00016525947,56230,-1.1539367496967317,0.0
1522,946,200.0,5625,2051.12,1440000,0.5906119346618652,10144.4953125,4299.07763671875,-0.0026079108589328825,0.3,0.0003,0.00071612233,56240,-1.3043532431125642,0.0
1522,946,200.0,5626,2033.27,1440256,0.4981521964073181,6580.211761474609,737.2696533203125,0.00042731520952656867,0.3,0.0003,0.0002114512,56250,-1.0327401518821717,0.0
1522,946,200.0,5627,2032.17,1440512,-0.21345019340515137,36073.41875,12718.0126953125,-0.0013812400167807937,0.3,0.0003,0.000109348446,56260,-1.3806205213069915,0.0
1522,946,200.0,5628,2014.17,1440768,0.11687535047531128,10212.491906738282,3237.98681640625,-0.0005941203620750457,0.3,0.0003,0.0001530028,56270,-1.0785723507404328,0.0
1523,946,200.0,5629,2028.72,1441024,0.44097214937210083,8007.997326660156,1006.727294921875,-0.0006419790326617659,0.3,0.0003,0.00021954812,56280,-1.1037701666355133,0.0
1523,946,200.0,5630,2024.23,1441280,-0.2557426691055298,12851.815856933594,7044.75341796875,-0.0014938204549252987,0.3,0.0003,0.00035824603,56290,-1.19248486161232,0.0
1523,946,200.0,5631,2022.08,1441536,0.18784022331237793,30301.69443359375,7024.3515625,-0.0005089177284389734,0.3,0.0003,5.9238402e-05,56300,-1.331350326538086,0.0
1524,946,200.0,5632,2033.35,1441792,0.5280634164810181,7108.216125488281,3716.973388671875,-0.002270933869294822,0.3,0.0003,0.0018850095,56310,-1.1422694146633148,0.0
1524,946,200.0,5633,2017.97,1442048,-0.44308996200561523,13122.420458984376,4862.119140625,-0.0006050668423995375,0.3,0.0003,0.00050201756,56320,-1.1128054797649383,0.0
1524,946,200.0,5634,2017.97,1442304,0.3904584050178528,12686.85615234375,5811.10107421875,-7.473427103832364e-05,0.3,0.0003,3.2939017e-05,56330,-1.1559267044067383,0.0
1524,946,200.0,5635,2018.09,1442560,0.5539214611053467,7089.444091796875,1437.09423828125,-0.000956047949148342,0.3,0.0003,0.00058549014,56340,-1.0947112560272216,0.0
1525,946,200.0,5636,2002.73,1442816,0.5806769132614136,6243.997900390625,2178.517578125,-0.001253160077612847,0.3,0.0003,0.00069270073,56350,-1.1860505282878875,0.0
1525,946,200.0,5637,2000.13,1443072,0.608925461769104,8757.42081298828,2896.400634765625,-5.365167744457722e-05,0.3,0.0003,9.130733e-05,56360,-1.1969023644924164,0.0
1525,946,200.0,5638,1973.13,1443328,0.6845941543579102,4373.093005371094,2749.99609375,-0.0010526382364332676,0.3,0.0003,0.0004680429,56370,-1.0929587125778197,0.0
1525,946,200.0,5639,1960.34,1443584,0.5441594123840332,6345.41748046875,2939.490966796875,-0.00044390689581632616,0.3,0.0003,0.0012519441,56380,-1.2136082530021668,0.0
1526,946,200.0,5640,1946.49,1443840,0.4890124201774597,11371.97802734375,6257.24853515625,-0.0019002821762114763,0.3,0.0003,0.0005368537,56390,-1.4333609700202943,0.0
1526,946,200.0,5641,1937.27,1444096,0.26090937852859497,16938.847998046876,2879.556640625,-0.0018327920930460095,0.3,0.0003,0.00085969386,56400,-1.0941456764936448,0.0
1526,946,200.0,5642,1942.24,1444352,0.5910665392875671,6290.650994873047,3987.416748046875,-0.0017357285600155593,0.3,0.0003,0.00097444095,56410,-1.2484158515930175,0.0
1527,946,200.0,5643,1940.05,1444608,0.45931655168533325,6571.307604980469,3212.455322265625,-0.0008836697321385145,0.3,0.0003,0.00046801777,56420,-1.2837298274040223,0.0
1527,946,200.0,5644,1951.03,1444864,0.601833164691925,12682.633471679688,7545.41845703125,-0.0018895551562309264,0.3,0.0003,0.00077824784,56430,-1.257687073945999,0.0
1527,946,200.0,5645,1953.48,1445120,0.7486281991004944,2743.8242614746096,922.0720825195312,-0.0012210715794935822,0.3,0.0003,0.0008041479,56440,-1.1440532624721527,0.0
1527,946,200.0,5646,1963.9,1445376,0.8041435480117798,3158.563595581055,1361.5947265625,-0.010194025072269141,0.3,0.0003,0.02016724,56450,-1.1125435709953309,0.041015625
1528,946,200.0,5647,1952.12,1445632,-0.20673120021820068,17411.780322265626,8627.3837890625,-0.0013088724110275507,0.3,0.0003,0.0049986346,56460,-1.0233996123075486,0.003125
1528,946,200.0,5648,1955.37,1445888,0.7093207836151123,7194.42509765625,3133.91552734375,-0.008662991970777512,0.3,0.0003,0.011046025,56470,-1.0343574345111848,0.016796875
1528,946,200.0,5649,1957.2,1446144,0.7756698727607727,3047.4653137207033,892.1692504882812,-0.003478451818227768,0.3,0.0003,0.0030901826,56480,-1.125002956390381,0.000390625
1528,946,200.0,5650,1962.9,1446400,0.270932137966156,9933.780932617188,2196.65625,-0.0050262661650776865,0.3,0.0003,0.012099985,56490,-1.1589625120162963,0.012109375
1529,946,200.0,5651,1976.51,1446656,0.0927308201789856,10517.924340820313,4288.57958984375,1.6101100482046603e-05,0.3,0.0003,0.001260244,56500,-1.0842687964439393,0.0
1529,946,200.0,5652,2003.5,1446912,0.36897093057632446,13401.232092285156,8336.9423828125,-0.0011919495183974505,0.3,0.0003,0.00031135464,56510,-1.0363919138908386,0.0
1529,946,200.0,5653,2017.12,1447168,0.5869376063346863,4683.469854736328,1080.4481201171875,-0.00136075378395617,0.3,0.0003,0.0010752832,56520,-1.0449968576431274,0.0
1530,945,200.0,5654,2024.72,1447424,0.5915380120277405,5886.795861816407,2846.1650390625,-0.004050101316533983,0.3,0.0003,0.0031842845,56530,-1.139689964056015,0.00078125
1530,945,200.0,5655,2024.92,1447680,0.4357362389564514,13420.695361328126,6373.943359375,-0.0012354136677458882,0.3,0.0003,0.00048826984,56540,-1.1024902224540711,0.0
1530,945,200.0,5656,2003.46,1447936,0.6715447902679443,5940.713598632812,4121.9794921875,-0.005278869299218059,0.3,0.0003,0.0025601152,56550,-1.282661122083664,0.000390625
1530,945,200.0,5657,2003.69,1448192,0.416567325592041,7294.216748046875,5764.5048828125,-0.0011457129498012365,0.3,0.0003,0.002838425,56560,-1.095269799232483,0.00390625
1531,945,200.0,5658,2002.63,1448448,0.4194163680076599,6998.948889160156,4063.31298828125,-5.290072876960039e-05,0.3,0.0003,0.00012536766,56570,-1.0452037304639816,0.0
1531,945,200.0,5659,2015.2,1448704,0.317314088344574,14107.013818359375,7206.32666015625,-0.00032181881833821536,0.3,0.0003,3.238162e-05,56580,-0.9998899519443512,0.0
1531,945,200.0,5660,2014.2,1448960,-0.1255100965499878,19454.134375,6111.498046875,-0.0027168891625478863,0.3,0.0003,0.0005438668,56590,-0.8672666788101197,0.0
1532,945,200.0,5661,2038.04,1449216,0.20267105102539062,15837.338623046875,6103.54052734375,-0.0012190789915621282,0.3,0.0003,0.0007142166,56600,-1.2828426003456115,0.0
1532,945,200.0,5662,2062.99,1449472,0.6659813523292542,8472.576831054688,3715.355224609375,-0.0009971955907531083,0.3,0.0003,0.00035975245,56610,-0.9036357223987579,0.0
1532,945,200.0,5663,2054.4,1449728,0.8248099088668823,3101.82265625,1768.035888671875,-0.015023777680471539,0.3,0.0003,0.025089156,56620,-1.09549081325531,0.042578125
1532,945,200.0,5664,2051.24,1449984,-0.30011117458343506,32184.8546875,8796.86328125,-0.005703165056183934,0.3,0.0003,0.003378169,56630,-1.2541129887104034,0.001171875
1533,945,200.0,5665,2063.5,1450240,0.11906272172927856,12912.815063476562,7101.02978515625,-6.862706504762173e-05,0.3,0.0003,0.00026682788,56640,-1.333277291059494,0.0
1533,945,200.0,5666,2054.1,1450496,0.5137589573860168,12794.509545898438,5790.8662109375,-0.002047414518892765,0.3,0.0003,0.0013454512,56650,-1.12205690741539,0.0
1533,945,200.0,5667,2054.08,1450752,0.10144108533859253,13132.879931640626,9909.7158203125,-0.001934229675680399,0.3,0.0003,0.0023698756,56660,-0.784738227725029,0.002734375
1533,945,200.0,5668,2056.65,1451008,0.36540162563323975,7125.717767333985,5690.25732421875,-0.00016530927387066187,0.3,0.0003,0.00034736074,56670,-1.2185192346572875,0.0
1534,945,200.0,5669,2054.63,1451264,0.4055030941963196,19096.24365234375,10744.5576171875,-0.0010839984519407154,0.3,0.0003,0.00011663395,56680,-1.2653343081474304,0.0
1534,945,200.0,5670,2049.44,1451520,0.37456661462783813,9697.866186523437,4018.26904296875,-0.004581341665470973,0.3,0.0003,0.0022533971,56690,-1.2640556693077087,0.001171875
1534,945,200.0,5671,2057.27,1451776,0.6791749000549316,4256.922619628906,2979.903564453125,-0.0043399607995525,0.3,0.0003,0.0041985903,56700,-1.0981110215187073,0.00390625
1535,945,200.0,5672,2072.42,1452032,0.6564851999282837,9136.523852539063,4103.23486328125,-0.003158746613189578,0.3,0.0003,0.0024644549,56710,-1.193029123544693,0.0015625
1535,945,200.0,5673,2058.0,1452288,0.6675405502319336,10760.824633789063,6307.3349609375,-0.004701495461631566,0.3,0.0003,0.0017604143,56720,-1.0498983681201934,0.0
1535,945,200.0,5674,2063.73,1452544,0.7833467721939087,4026.705462646484,1578.1800537109375,-0.003577732713893056,0.3,0.0003,0.0021439928,56730,-1.253026658296585,0.0
1535,945,200.0,5675,2048.03,1452800,0.7547768354415894,3976.008581542969,1208.7867431640625,-0.005202668614219874,0.3,0.0003,0.00563606,56740,-1.1804315388202666,0.00234375
1536,945,200.0,5676,2030.12,1453056,0.3891115188598633,8183.579858398438,5450.54931640625,-0.0030347998603247107,0.3,0.0003,0.0038917926,56750,-1.2211132168769836,0.00546875
1536,945,200.0,5677,2030.16,1453312,0.7831670641899109,4782.529357910156,2808.5859375,-0.0029842128278687596,0.3,0.0003,0.0032505875,56760,-1.2915764153003693,0.000390625
1536,945,200.0,5678,2027.06,1453568,-0.029885292053222656,19026.760498046875,5482.21484375,-0.0030309384455904365,0.3,0.0003,0.003061835,56770,-1.210261332988739,0.000390625
1536,945,200.0,5679,2027.49,1453824,0.3958589434623718,9947.64868774414,368.4617919921875,-0.0022360228002071382,0.3,0.0003,0.0029730457,56780,-1.0833510339260102,0.00078125
1537,945,200.0,5680,2025.23,1454080,0.3711150288581848,14612.540625,4581.93603515625,-0.001751170470379293,0.3,0.0003,0.0044003567,56790,-0.9702655583620071,0.0078125
1537,945,200.0,5681,1995.48,1454336,-0.665845513343811,29411.53564453125,14262.6494140625,-0.0012701397761702537,0.3,0.0003,0.0004848088,56800,-1.2290570199489594,0.0
1537,945,200.0,5682,2002.63,1454592,0.3430715799331665,14494.0693359375,5009.86181640625,-0.0010521515854634345,0.3,0.0003,0.00020495593,56810,-1.483256644010544,0.0
1538,945,200.0,5683,1997.97,1454848,0.31752073764801025,10711.341943359375,6273.322265625,-0.0016569369938224554,0.3,0.0003,0.00060994015,56820,-1.445951670408249,0.0
1538,945,200.0,5684,1985.13,1455104,0.6563206911087036,7278.249816894531,2077.980224609375,0.000741838529938832,0.3,0.0003,1.3014767e-05,56830,-1.2262728571891786,0.0
1538,945,200.0,5685,2003.4,1455360,0.36106789112091064,8540.95555419922,2034.3330078125,-0.001569162745727226,0.3,0.0003,0.0007064631,56840,-1.1843963265419006,0.0
1538,945,200.0,5686,2047.35,1455616,0.6662008762359619,4474.105578613281,2193.88916015625,-0.0007021824480034411,0.3,0.0003,0.00020202855,56850,-0.9586268782615661,0.0
1539,945,200.0,5687,2065.56,1455872,0.7069633603096008,6394.756127929688,3653.174072265625,-0.004368748422712088,0.3,0.0003,0.005005066,56860,-0.9799442052841186,0.003125
1539,945,200.0,5688,2090.25,1456128,0.6926186084747314,4116.045166015625,1384.37939453125,-0.009106277045793832,0.3,0.0003,0.02438825,56870,-0.9876911967992783,0.05625
1539,945,200.0,5689,2074.39,1456384,0.41623353958129883,9108.071069335938,3168.798583984375,-0.0030628197593614457,0.3,0.0003,0.0074316585,56880,-1.100195324420929,0.007421875
1540,945,200.0,5690,2074.4,1456640,0.5667624473571777,5469.481201171875,2108.140625,-0.006203862349502742,0.3,0.0003,0.017131424,56890,-1.1908063411712646,0.030859375
1540,945,200.0,5691,2097.68,1456896,0.821533203125,4351.677828979492,3041.085693359375,-0.005271647014888003,0.3,0.0003,0.020117018,56900,-1.1466938614845277,0.031640625
1540,945,200.0,5692,2089.91,1457152,0.8054885864257812,3047.8494384765627,1012.330810546875,-0.0048846299294382335,0.3,0.0003,0.0075883977,56910,-1.2242520034313202,0.01015625
1540,945,200.0,5693,2095.15,1457408,0.8151041269302368,2704.5581024169924,1130.6552734375,-0.00366663602180779,0.3,0.0003,0.006525609,56920,-1.256132185459137,0.005078125
1541,945,200.0,5694,2097.35,1457664,0.5507078766822815,11029.3365234375,7157.99609375,-0.002049332659225911,0.3,0.0003,0.00489392,56930,-1.2383919477462768,0.003125
1541,945,200.0,5695,2102.05,1457920,0.11472636461257935,9469.806341552734,1876.9864501953125,-0.00023039593361318111,0.3,0.0003,0.0002610283,56940,-1.109413993358612,0.0
1541,945,200.0,5696,2101.68,1458176,0.4319068193435669,7301.41298828125,2449.193603515625,-0.0005209276918321848,0.3,0.0003,0.0001329619,56950,-1.2564998745918274,0.0
1541,945,200.0,5697,2099.85,1458432,0.47215330600738525,6238.95678100586,1284.760498046875,-0.00048114539531525226,0.3,0.0003,0.0001096474,56960,-1.170290035009384,0.0
1542,945,200.0,5698,2104.11,1458688,0.40134918689727783,21830.371875,6511.35546875,6.696791388094425e-05,0.3,0.0003,2.879952e-05,56970,-0.9477770745754241,0.0
1542,945,200.0,5699,2106.92,1458944,0.6834976673126221,4689.473419189453,1954.2216796875,-0.0007128524943254888,0.3,0.0003,0.00032597128,56980,-1.1621601641178132,0.0
1542,945,200.0,5700,2118.31,1459200,-0.08987617492675781,16955.849243164062,9183.087890625,-0.0003248798893764615,0.3,0.0003,0.00039487123,56990,-1.0919686615467072,0.0
1543,945,200.0,5701,2119.29,1459456,0.5509048104286194,7037.432690429688,1096.296875,-0.004823864554055035,0.3,0.0003,0.0027521418,57000,-1.0703946441411971,0.0
1543,945,200.0,5702,2119.39,1459712,0.5078866481781006,12834.38369140625,6257.447265625,-0.003678245493210852,0.3,0.0003,0.0037487228,57010,-1.4118226945400238,0.00078125
1543,945,200.0,5703,2121.54,1459968,0.04828983545303345,11152.952197265626,4143.69140625,-0.00032274883706122636,0.3,0.0003,0.0004153899,57020,-1.114923858642578,0.0
1543,945,200.0,5704,2159.57,1460224,0.4985165596008301,8854.321435546875,3866.224365234375,-0.0006626354879699647,0.3,0.0003,0.0003471477,57030,-0.9939929872751236,0.0
1544,945,200.0,5705,2156.0,1460480,0.2767031192779541,10956.7572265625,5352.7509765625,0.0001434441888704896,0.3,0.0003,3.7914375e-05,57040,-0.9052668631076812,0.0
1544,945,200.0,5706,2153.84,1460736,0.16849452257156372,25416.947509765625,6242.31640625,-0.0005125990603119135,0.3,0.0003,8.694432e-05,57050,-0.587781023979187,0.0
1544,945,200.0,5707,2136.68,1460992,0.3782362937927246,7587.810034179687,4174.29345703125,-0.0007616343442350626,0.3,0.0003,0.00042807823,57060,-1.1597427725791931,0.0
1544,945,200.0,5708,2151.36,1461248,0.5260277986526489,10851.245068359374,4182.57861328125,-0.0012427273439243435,0.3,0.0003,0.00027598022,57070,-1.3515170514583588,0.0
1545,945,200.0,5709,2135.53,1461504,0.3611646294593811,13156.41298828125,4462.00537109375,-0.00026605910388752816,0.3,0.0003,0.000100519275,57080,-0.985772043466568,0.0
1545,945,200.0,5710,2153.65,1461760,0.6731935739517212,5977.379895019531,4856.39208984375,-0.001410338142886758,0.3,0.0003,0.000688059,57090,-1.087928330898285,0.0
1545,945,200.0,5711,2185.37,1462016,0.6243293881416321,4693.762670898437,2868.36279296875,-0.004053147532977164,0.3,0.0003,0.0063283266,57100,-1.0310584634542466,0.00234375
1546,945,200.0,5712,2203.04,1462272,0.6688941121101379,6829.09306640625,3588.017822265625,0.0005435902392491698,0.3,0.0003,0.00043901592,57110,-1.0128941237926483,0.0
1546,945,200.0,5713,2177.16,1462528,0.6048140525817871,5780.365161132812,2140.1005859375,0.0008523785741999746,0.3,0.0003,0.0012608066,57120,-0.8807371586561203,0.0
1546,945,200.0,5714,2196.87,1462784,0.6754177808761597,6054.154748535157,1381.7283935546875,-0.004828905186150223,0.3,0.0003,0.0044768816,57130,-0.9287794321775437,0.005859375
1546,945,200.0,5715,2180.23,1463040,0.7369460463523865,3965.4171936035154,1053.9791259765625,-0.012414351291954517,0.3,0.0003,0.007945377,57140,-1.1382183194160462,0.00703125
1547,945,200.0,5716,2204.87,1463296,0.6377100348472595,9044.956811523438,5030.078125,-0.003674926073290408,0.3,0.0003,0.004935088,57150,-1.3352290511131286,0.00625
1547,945,200.0,5717,2199.46,1463552,0.7998952269554138,3715.910723876953,613.5840454101562,-0.014894444169476629,0.3,0.0003,0.0099073425,57160,-1.0713105827569962,0.012890625
1547,945,200.0,5718,2193.35,1463808,0.34583741426467896,9603.607421875,3749.883544921875,-0.0013435982866212726,0.3,0.0003,0.0012152733,57170,-1.018217983841896,0.0
1547,945,200.0,5719,2187.25,1464064,0.2572982907295227,15412.720458984375,7218.88671875,2.9500643722712994e-05,0.3,0.0003,8.416944e-05,57180,-0.9931481152772903,0.0
1548,945,200.0,5720,2179.61,1464320,0.5170347690582275,6140.158544921875,2408.259033203125,-0.000660741829778999,0.3,0.0003,0.0003505603,57190,-1.2205772161483766,0.0
1548,945,200.0,5721,2172.07,1464576,0.7408690452575684,5985.307647705078,4362.27880859375,-0.0008470347733236849,0.3,0.0003,0.00019100611,57200,-0.8368415534496307,0.0
1548,945,200.0,5722,2173.43,1464832,0.5689316987991333,8194.546435546876,1984.9871826171875,-0.0006592602469027043,0.3,0.0003,0.00034588296,57210,-0.6354080557823181,0.0
1549,945,200.0,5723,2171.14,1465088,0.2788351774215698,19218.165649414062,4023.71875,-0.0008249729289673269,0.3,0.0003,0.00029655313,57220,-1.11758451461792,0.0
1549,945,200.0,5724,2150.73,1465344,0.4808040261268616,6381.20615234375,3832.279052734375,-0.0002401558216661215,0.3,0.0003,0.00016253442,57230,-1.229455441236496,0.0
1549,945,200.0,5725,2148.2,1465600,0.6661922931671143,7444.490197753907,1525.2139892578125,-0.0005630284314975143,0.3,0.0003,0.00015787361,57240,-1.1938717305660247,0.0
1549,945,200.0,5726,2144.93,1465856,0.4444049596786499,7332.769580078125,3463.080322265625,-0.0001317101763561368,0.3,0.0003,8.912408e-05,57250,-1.1980083167552948,0.0
1550,945,200.0,5727,2151.35,1466112,0.4467530846595764,11729.353063964843,9661.2060546875,-0.0005729679483920336,0.3,0.0003,6.348477e-05,57260,-1.2054432153701782,0.0
1550,945,200.0,5728,2142.48,1466368,0.6890283226966858,3888.992559814453,853.6351318359375,-0.005853740638121963,0.3,0.0003,0.00602612,57270,-1.329965090751648,0.003125
1550,945,200.0,5729,2121.84,1466624,0.7659050822257996,5754.490612792969,2285.610595703125,-0.009517769888043403,0.3,0.0003,0.0080969045,57280,-1.398985093832016,0.007421875
1550,945,200.0,5730,2107.01,1466880,0.7119295597076416,11393.501708984375,6758.83349609375,-0.006101329252123833,0.3,0.0003,0.0062555172,57290,-1.2326343059539795,0.00859375
1551,945,200.0,5731,2117.93,1467136,0.7166532874107361,4855.689654541015,902.5814819335938,-0.003280498518142849,0.3,0.0003,0.0013847775,57300,-1.1954386591911317,0.0
1551,945,200.0,5732,2099.44,1467392,0.6847308874130249,6118.129412841797,3919.2294921875,-0.003418759605847299,0.3,0.0003,0.0017358481,57310,-1.1555520951747895,0.000390625
1551,945,200.0,5733,2113.05,1467648,0.234289288520813,11240.892211914062,5638.744140625,-0.0009574452298693359,0.3,0.0003,0.0013616637,57320,-1.291322273015976,0.0
1551,945,200.0,5734,2116.72,1467904,0.7387562394142151,5868.026953125,2827.840576171875,-0.0016359295463189484,0.3,0.0003,0.0014106475,57330,-1.0523299694061279,0.0
1552,945,200.0,5735,2112.58,1468160,-0.0010603666305541992,13524.259252929687,5071.61181640625,-0.000491493521258235,0.3,0.0003,0.0010068943,57340,-1.175609040260315,0.0
1552,945,200.0,5736,2082.36,1468416,-0.06829440593719482,20188.749365234376,10541.619140625,-0.008809602493420244,0.3,0.0003,0.0146317445,57350,-1.2119355976581574,0.023046875
1552,945,200.0,5737,2084.65,1468672,0.6488767862319946,8116.690832519531,3152.484130859375,0.00033519489225000145,0.3,0.0003,0.00043559074,57360,-0.8520094186067582,0.0
1553,945,200.0,5738,2092.47,1468928,0.7278019189834595,3923.1843139648436,1205.1712646484375,-0.0028905442915856836,0.3,0.0003,0.001344186,57370,-1.0938428819179535,0.0
1553,945,200.0,5739,2096.24,1469184,-0.215087890625,16539.847802734374,6794.75537109375,-0.0057805801508948205,0.3,0.0003,0.010959036,57380,-1.0211339592933655,0.018359375
1553,945,200.0,5740,2042.65,1469440,0.11452901363372803,16733.18251953125,7902.19921875,1.3255979865789413e-06,0.3,0.0003,0.00037150295,57390,-0.9894875913858414,0.0
1553,945,200.0,5741,2050.28,1469696,0.13636565208435059,26089.66171875,11738.4150390625,-0.0003557311603799462,0.3,0.0003,4.0484825e-05,57400,-1.29025719165802,0.0
1554,945,200.0,5742,2056.57,1469952,0.5001146197319031,5362.954858398438,491.20697021484375,-0.00019437288865447043,0.3,0.0003,9.629363e-05,57410,-1.0619351148605347,0.0
1554,945,200.0,5743,2039.69,1470208,0.46707242727279663,10959.393237304688,1621.85546875,-0.0007160457549616695,0.3,0.0003,0.00012197229,57420,-1.2543510258197785,0.0
1554,945,200.0,5744,2051.54,1470464,0.008078813552856445,21198.36142578125,12631.7939453125,-0.0002442948170937598,0.3,0.0003,2.9294984e-05,57430,-0.90705626308918,0.0
1554,945,200.0,5745,2049.82,1470720,0.35242730379104614,7317.14526977539,6248.083984375,-0.0005529082613065839,0.3,0.0003,0.00079020415,57440,-0.9516576498746872,0.0
1555,945,200.0,5746,2041.66,1470976,0.3541082739830017,8524.542785644531,6076.73583984375,-0.0007925515645183622,0.3,0.0003,0.0005691105,57450,-1.1634427666664124,0.0
1555,945,200.0,5747,2040.55,1471232,0.3888011574745178,7008.519592285156,4167.55224609375,-0.0006684648687951267,0.3,0.0003,7.555331e-05,57460,-1.0583566427230835,0.0
1555,945,200.0,5748,2025.42,1471488,0.609522819519043,7962.336975097656,2844.412109375,-0.0009023004444316029,0.3,0.0003,0.00040464546,57470,-1.0606139957904817,0.0
1556,945,200.0,5749,2007.52,1471744,-0.022420763969421387,13275.218505859375,4633.23291015625,0.00026056228671222925,0.3,0.0003,0.00010635774,57480,-1.1997603833675385,0.0
1556,945,200.0,5750,1973.99,1472000,-0.45585155487060547,13888.157763671876,4011.1884765625,-0.00015992765547707678,0.3,0.0003,0.00016568741,57490,-0.9691604167222977,0.0
1556,945,200.0,5751,1973.54,1472256,0.059644222259521484,1666.1234756469726,323.0130310058594,-0.001200571679510176,0.3,0.0003,0.00017510913,57500,-0.2868964046239853,0.0
1556,945,200.0,5752,1959.98,1472512,0.046112656593322754,19968.17417602539,7361.2470703125,-0.0007215850288048387,0.3,0.0003,0.001858687,57510,-0.9856443226337432,0.0
1557,945,200.0,5753,1956.27,1472768,0.3070281744003296,6059.362890625,3563.614990234375,-0.0012636476662009955,0.3,0.0003,0.0005369624,57520,-1.2699647128582001,0.0
1557,945,200.0,5754,1968.52,1473024,0.7085067629814148,6916.9421875,2552.869140625,-0.0023540385998785497,0.3,0.0003,0.0007819303,57530,-1.1416515290737153,0.0
1557,945,200.0,5755,1973.75,1473280,0.6144595146179199,8927.842895507812,2440.730224609375,-0.0008006744843441993,0.3,0.0003,0.0004826316,57540,-1.176633071899414,0.0
1557,945,200.0,5756,1968.72,1473536,0.1699255108833313,6141.032763671875,828.8414916992188,-0.001724748476408422,0.3,0.0003,0.0006105008,57550,-0.9076373755931855,0.0
1558,945,200.0,5757,1956.74,1473792,0.253095805644989,25275.41259765625,16658.310546875,-0.0018979019252583385,0.3,0.0003,0.00057956344,57560,-1.11752849817276,0.0
1558,945,200.0,5758,1935.19,1474048,0.6560008525848389,7006.21298828125,1771.3226318359375,0.00032806447707116603,0.3,0.0003,0.00010314747,57570,-0.79578215777874,0.0
1558,945,200.0,5759,1965.34,1474304,0.562832236289978,10657.984191894531,1440.2100830078125,-0.0015534778591245412,0.3,0.0003,0.0028311624,57580,-1.1397925674915315,0.0
1558,945,200.0,5760,1959.35,1474560,0.8055661916732788,2911.890277099609,868.5604858398438,-0.0028070599306374787,0.3,0.0003,0.0072058085,57590,-1.1479473769664765,0.003515625
1559,945,200.0,5761,1972.87,1474816,0.4179553985595703,7232.485021972656,3210.22216796875,-0.0014756529009900988,0.3,0.0003,0.0054371958,57600,-1.0016967058181763,0.0046875
1559,945,200.0,5762,1972.79,1475072,0.6224080324172974,9534.11640625,3743.1318359375,-0.0008989005698822438,0.3,0.0003,0.00029076636,57610,-1.162408208847046,0.0
1559,945,200.0,5763,1965.46,1475328,0.7764456868171692,2400.856393432617,1499.7095947265625,-0.006359689240343869,0.3,0.0003,0.009101844,57620,-1.1864005863666534,0.01328125
1560,945,200.0,5764,1967.74,1475584,0.8059681057929993,4463.017248535156,2519.9794921875,-0.0005320678232237696,0.3,0.0003,0.00032868562,57630,-0.979451584815979,0.0
1560,945,200.0,5765,1950.22,1475840,0.7225561738014221,3257.9171936035154,1652.44580078125,-0.004980261228047312,0.3,0.0003,0.012438335,57640,-1.0319852977991104,0.016796875
1560,945,200.0,5766,1929.27,1476096,0.5074503421783447,10093.545947265626,5132.25927734375,-0.0005801673512905836,0.3,0.0003,0.0012276364,57650,-0.9253046065568924,0.0
1560,945,200.0,5767,1926.76,1476352,0.4117690920829773,8920.635864257812,5657.4755859375,0.00012905969051644207,0.3,0.0003,2.2185734e-05,57660,-0.8299036979675293,0.0
1561,945,200.0,5768,1942.38,1476608,0.5860452055931091,7264.531762695313,3851.884521484375,-0.0007262210710905492,0.3,0.0003,0.0001263239,57670,-0.9840474605560303,0.0
1561,945,200.0,5769,1924.51,1476864,0.6179092526435852,7050.718969726562,3362.6630859375,-3.36433295160532e-05,0.3,0.0003,8.079293e-05,57680,-1.050915715098381,0.0
1561,945,200.0,5770,1922.29,1477120,0.36436736583709717,9272.716778564452,4115.06640625,-0.0002977923257276416,0.3,0.0003,0.0001457124,57690,-0.9065238624811173,0.0
1561,945,200.0,5771,1910.82,1477376,0.5168836116790771,6804.1815185546875,2522.291259765625,-0.0014729857095517219,0.3,0.0003,0.00072533754,57700,-0.9274255752563476,0.0
1562,945,200.0,5772,1919.68,1477632,0.7461825609207153,4800.101287841797,2709.0146484375,-0.0019971110799815507,0.3,0.0003,0.0010204397,57710,-0.7193737179040909,0.0
1562,945,200.0,5773,1917.8,1477888,0.2893325686454773,27742.40009765625,10198.3095703125,-0.0027401154162362217,0.3,0.0003,0.0009414444,57720,-1.1704676389694213,0.0
1562,945,200.0,5774,1940.26,1478144,0.33949750661849976,11232.369287109375,3248.22412109375,-0.004397638677619398,0.3,0.0003,0.0010854132,57730,-1.1619665622711182,0.0
1562,945,200.0,5775,1934.77,1478400,0.4297349452972412,10768.737286376952,2423.859375,-0.0008339492487721145,0.3,0.0003,0.0012543115,57740,-0.949105829000473,0.0
1563,945,200.0,5776,1929.03,1478656,0.6139935255050659,7481.352038574219,2717.828125,-0.0016537823248654604,0.3,0.0003,0.0005255663,57750,-1.1705945253372192,0.0
1563,945,200.0,5777,1928.82,1478912,0.5554941892623901,13574.933984375,3395.574951171875,0.0010562061332166194,0.3,0.0003,0.00020570564,57760,-1.3473148345947266,0.0
1563,945,200.0,5778,1945.34,1479168,0.6987653970718384,5235.077770996094,3259.137939453125,-0.0005662345793098211,0.3,0.0003,0.00018054247,57770,-0.9523512333631515,0.0
1564,945,200.0,5779,1962.62,1479424,0.6691075563430786,4574.182409667968,1327.3599853515625,-0.002144095255061984,0.3,0.0003,0.001544998,57780,-0.9055484145879745,0.0
1564,945,200.0,5780,1959.33,1479680,0.6710265874862671,7249.032983398438,3305.084716796875,-0.003101369075011462,0.3,0.0003,0.0018665439,57790,-0.8868835628032684,0.00078125
1564,945,200.0,5781,1959.49,1479936,0.8029197454452515,2454.948522949219,1025.7142333984375,-0.00151700503192842,0.3,0.0003,0.000876721,57800,-0.9448693424463273,0.0
1564,945,200.0,5782,1938.64,1480192,0.7324763536453247,3386.7968811035157,1000.7282104492188,-0.010332923801615834,0.3,0.0003,0.0077106333,57810,-1.1856265723705293,0.0046875
1565,945,200.0,5783,1928.13,1480448,0.5892436504364014,4734.582287597656,1809.72705078125,-0.0003921540919691324,0.3,0.0003,0.0016279754,57820,-0.5446175336837769,0.00078125
1565,945,200.0,5784,1924.13,1480704,0.7757444381713867,5620.661474609375,2935.696533203125,-0.0003491537878289819,0.3,0.0003,0.0004335791,57830,-0.9122615188360215,0.0
1565,945,200.0,5785,1925.91,1480960,0.3397430181503296,8946.9888671875,5070.158203125,-0.00408204497070983,0.3,0.0003,0.003178198,57840,-0.9584722369909286,0.00078125
1565,945,200.0,5786,1907.98,1481216,0.21807342767715454,10110.394482421874,3063.1689453125,-0.0012848627986386419,0.3,0.0003,0.00079148565,57850,-1.2398110330104828,0.0
1566,945,200.0,5787,1905.2,1481472,0.39661115407943726,14981.564880371094,10839.44140625,-0.000675215246155858,0.3,0.0003,0.00014922931,57860,-1.189118355512619,0.0
1566,945,200.0,5788,1887.33,1481728,0.4474019408226013,8169.965270996094,4142.56201171875,-0.0008706743596121669,0.3,0.0003,0.00031485618,57870,-1.0895836681127549,0.0
1566,945,200.0,5789,1866.85,1481984,0.6821531057357788,3853.0104125976563,1307.8897705078125,-0.0023369420319795608,0.3,0.0003,0.0024796084,57880,-1.0880020767450334,0.0
1566,945,200.0,5790,1844.29,1482240,0.716978907585144,4912.42359008789,559.31591796875,-0.000681881356285885,0.3,0.0003,0.0004282177,57890,-1.0446963667869569,0.0
1567,945,200.0,5791,1848.54,1482496,0.813449501991272,4096.779650878906,1026.9954833984375,-0.0027323106303811075,0.3,0.0003,0.0012784179,57900,-0.7645438730716705,0.001171875
1567,945,200.0,5792,1846.25,1482752,0.7730209827423096,4007.818048095703,2128.178466796875,-0.0067782956175506115,0.3,0.0003,0.009150103,57910,-1.109221386909485,0.00859375
1567,945,200.0,5793,1842.28,1483008,0.7371748685836792,3530.2864044189455,2128.087646484375,-0.006057795067317784,0.3,0.0003,0.016204052,57920,-1.2279003798961639,0.0203125
1568,945,200.0,5794,1837.74,1483264,0.5721278190612793,10968.531689453124,6179.994140625,-0.0020216483157128096,0.3,0.0003,0.0065553333,57930,-1.2753084540367126,0.020703125
1568,945,200.0,5795,1840.8,1483520,-0.0009875297546386719,12995.02998046875,3863.590576171875,-0.0018709608120843768,0.3,0.0003,0.0010163446,57940,-1.2026093661785127,0.0
1568,945,200.0,5796,1863.54,1483776,0.3710995316505432,9367.274072265625,4465.01318359375,-0.0021154648275114596,0.3,0.0003,0.0031362355,57950,-1.1619106531143188,0.00078125
1568,945,200.0,5797,1851.83,1484032,0.666364312171936,7062.002294921875,1720.0350341796875,-0.0029540933901444077,0.3,0.0003,0.0019902862,57960,-1.041521391272545,0.0
1569,945,200.0,5798,1852.22,1484288,0.2898731231689453,16138.7669921875,6577.783203125,4.754426190629601e-05,0.3,0.0003,0.0006558497,57970,-1.134254628419876,0.0
1569,945,200.0,5799,1861.59,1484544,0.7647728323936462,2931.3322875976564,1606.3551025390625,-0.006313529843464494,0.3,0.0003,0.0036166494,57980,-1.2645686745643616,0.00234375
1569,945,200.0,5800,1835.97,1484800,0.6931511163711548,4683.944528198243,2102.85791015625,-0.007296967064030468,0.3,0.0003,0.0070676524,57990,-1.3268041372299195,0.013671875
1569,945,200.0,5801,1836.54,1485056,0.68578040599823,5198.267486572266,906.0548706054688,0.000289855117443949,0.3,0.0003,0.00096047856,58000,-1.035548985004425,0.0
1570,945,200.0,5802,1843.53,1485312,0.5241803526878357,13784.339770507813,3576.506591796875,-0.002207287307828665,0.3,0.0003,0.00075995736,58010,-1.1684036195278167,0.0
1570,945,200.0,5803,1841.28,1485568,0.5821433663368225,6254.685388183594,2291.153076171875,-0.0007475794525817036,0.3,0.0003,0.00029574544,58020,-1.330663901567459,0.0
1570,945,200.0,5804,1826.89,1485824,0.5145895481109619,4504.722143554687,575.5538330078125,-0.0013639058801345528,0.3,0.0003,0.0014539256,58030,-1.0613866746425629,0.0
1570,945,200.0,5805,1824.66,1486080,0.6413820385932922,13856.16474609375,2887.4052734375,0.001797890884336084,0.3,0.0003,0.0017098782,58040,-1.3810113847255707,0.0
1571,945,200.0,5806,1831.34,1486336,0.5853686332702637,6714.516394042968,909.9725341796875,-0.006646409095264971,0.3,0.0003,0.004770722,58050,-1.1707346856594085,0.00546875
1571,945,200.0,5807,1847.65,1486592,0.7111817598342896,5339.071826171875,3176.506591796875,-0.0013766294403467327,0.3,0.0003,0.001951854,58060,-1.1388370752334596,0.0
1571,945,200.0,5808,1858.45,1486848,0.6037349700927734,4947.590307617187,2040.247314453125,-0.002554631742532365,0.3,0.0003,0.0029482103,58070,-1.0615974426269532,0.000390625
1572,945,200.0,5809,1836.38,1487104,0.7730915546417236,8438.0939453125,2111.603759765625,-0.0010621787398122251,0.3,0.0003,0.0028981604,58080,-1.0494921684265137,0.0015625
1572,945,200.0,5810,1838.48,1487360,0.49913930892944336,7797.123840332031,1799.3463134765625,-0.0006380027567502111,0.3,0.0003,0.00023056683,58090,-1.1502714991569518,0.0
1572,945,200.0,5811,1819.71,1487616,0.4953230023384094,11144.34345703125,4832.44482421875,-0.001538254611659795,0.3,0.0003,0.00021538232,58100,-1.3503717601299285,0.0
1572,945,200.0,5812,1819.0,1487872,0.6893597841262817,5980.709094238281,2848.414794921875,-0.0005152258789166808,0.3,0.0003,0.000426081,58110,-1.3530016839504242,0.0
1573,945,200.0,5813,1841.4,1488128,0.8204721212387085,3303.8414306640625,351.0110778808594,-0.0021314987214282157,0.3,0.0003,0.0021676596,58120,-1.190129953622818,0.0
1573,945,200.0,5814,1857.35,1488384,0.6941380500793457,3996.3780883789063,1817.2669677734375,-0.006619758764281869,0.3,0.0003,0.005021007,58130,-0.9812216520309448,0.00390625
1573,945,200.0,5815,1852.91,1488640,0.533289909362793,10826.873065185548,896.4735107421875,0.00044779150048270824,0.3,0.0003,0.0057142507,58140,-1.0772242546081543,0.003515625
1573,945,200.0,5816,1857.47,1488896,0.7958565950393677,5125.035266113281,3002.905517578125,-0.005686285975389183,0.3,0.0003,0.0055503463,58150,-1.3358288705348969,0.003125
1574,945,200.0,5817,1854.67,1489152,0.5764976739883423,6712.035131835937,4362.478515625,-0.011527380347251892,0.3,0.0003,0.009826505,58160,-1.2506657779216765,0.0234375
1574,945,200.0,5818,1892.11,1489408,0.5937376022338867,4151.815093994141,1371.3118896484375,-0.008128435700200498,0.3,0.0003,0.0042598518,58170,-1.246518361568451,0.002734375
1574,945,200.0,5819,1892.92,1489664,0.8048853278160095,4660.645434570312,1113.704345703125,-0.003758816607296467,0.3,0.0003,0.006112378,58180,-1.0540068984031676,0.012890625
1575,945,200.0,5820,1896.92,1489920,-0.03934931755065918,13554.8109375,8704.1015625,-0.0012082841945812105,0.3,0.0003,0.003242169,58190,-1.0605897694826125,0.0
1575,945,200.0,5821,1897.47,1490176,0.4974516034126282,11162.78955078125,4486.5087890625,-0.00022785891778767108,0.3,0.0003,0.0002804587,58200,-1.320638757944107,0.0
1575,945,200.0,5822,1895.91,1490432,-0.4561424255371094,4679.715869140625,719.2470703125,-0.0006982441758736968,0.3,0.0003,6.216648e-05,58210,-0.5326995849609375,0.0
1575,945,200.0,5823,1899.56,1490688,0.4944750666618347,15989.905126953125,4863.6875,-7.151367608457804e-05,0.3,0.0003,3.3366727e-05,58220,-0.9487769991159439,0.0
1576,945,200.0,5824,1905.94,1490944,0.2535706162452698,9063.661791992188,5841.85595703125,-0.0014994690602179617,0.3,0.0003,0.0007660042,58230,-1.3168354749679565,0.0
1576,945,200.0,5825,1905.9,1491200,-0.2621924877166748,16240.415966796874,8203.869140625,-0.0008367557311430573,0.3,0.0003,0.0008873276,58240,-1.1610547065734864,0.0
1576,945,200.0,5826,1924.16,1491456,0.5535694360733032,6158.800036621094,3677.99267578125,-0.00021605658112093805,0.3,0.0003,0.00013030879,58250,-1.0614704012870788,0.0
1576,945,200.0,5827,1924.16,1491712,0.5291998386383057,8978.092834472656,2025.60791015625,-0.0016083224676549436,0.3,0.0003,0.00090739504,58260,-1.043313482403755,0.0
1577,945,200.0,5828,1924.17,1491968,0.36342138051986694,8122.780078125,5105.21826171875,-0.0010721605503931642,0.3,0.0003,0.0009910585,58270,-1.1272604644298554,0.0
1577,945,200.0,5829,1947.93,1492224,0.1466599702835083,9725.72841796875,2778.54052734375,0.00017655277624726296,0.3,0.0003,5.0088624e-05,58280,-1.1414789319038392,0.0
1577,945,200.0,5830,1945.16,1492480,0.29811692237854004,22488.39921875,6772.09423828125,-0.0006331202341243625,0.3,0.0003,7.287366e-05,58290,-1.3259088456630708,0.0
1577,945,200.0,5831,1946.48,1492736,0.24326884746551514,11765.974291992188,7853.0791015625,-0.005585492897080257,0.3,0.0003,0.003908079,58300,-1.3138454794883727,0.004296875
1578,945,200.0,5832,1947.4,1492992,0.45090991258621216,6808.227563476563,5167.06884765625,-0.00013427298981696367,0.3,0.0003,0.00017304881,58310,-1.1452969849109649,0.0
1578,945,200.0,5833,1918.79,1493248,0.3771456480026245,7167.30009765625,3906.45068359375,-0.0002893374301493168,0.3,0.0003,6.309152e-05,58320,-1.112653475999832,0.0
1578,945,200.0,5834,1921.31,1493504,0.21054399013519287,12345.981262207031,2721.21337890625,-0.0005814664531499147,0.3,0.0003,0.00018418347,58330,-1.0489796310663224,0.0
1579,945,200.0,5835,1933.23,1493760,0.16975677013397217,34031.51850585938,19053.21875,-0.0029831585008651016,0.3,0.0003,0.0010594958,58340,-1.2879775643348694,0.0
1579,945,200.0,5836,1930.09,1494016,0.5333611965179443,8010.3245849609375,3443.694091796875,-0.0008274607011117041,0.3,0.0003,0.0008772011,58350,-1.1603406965732574,0.0
1579,945,200.0,5837,1911.2,1494272,0.6426208019256592,9497.951110839844,6282.62060546875,-0.0034258779371157287,0.3,0.0003,0.0012507138,58360,-0.9898974746465683,0.0
1579,945,200.0,5838,1913.04,1494528,0.299480140209198,7430.118908691406,3639.707275390625,0.0013771402125712484,0.3,0.0003,0.0003883303,58370,-1.262581717967987,0.0
1580,945,200.0,5839,1910.63,1494784,0.4879891276359558,5906.092395019531,4302.02294921875,-0.00010366018395870923,0.3,0.0003,3.4369063e-05,58380,-1.1664364039897919,0.0
1580,946,200.0,5840,1904.48,1495040,0.6316981315612793,3813.1090698242188,1494.4931640625,-0.000992565881460905,0.3,0.0003,0.00070497394,58390,-0.957519868016243,0.0
1580,946,200.0,5841,1896.24,1495296,0.6331388354301453,7530.82822265625,3650.1337890625,5.822565872222185e-05,0.3,0.0003,0.00081866607,58400,-1.086014860868454,0.0
1580,946,200.0,5842,1891.41,1495552,0.4514457583427429,9769.451196289063,4138.88232421875,-0.00030523741152137517,0.3,0.0003,0.00010018982,58410,-1.194387298822403,0.0
1581,946,200.0,5843,1877.95,1495808,0.4863314628601074,7991.798095703125,5319.3525390625,-0.0004733167821541429,0.3,0.0003,0.00011484139,58420,-1.0786952018737792,0.0
1581,946,200.0,5844,1896.94,1496064,0.43972861766815186,16381.48779296875,8270.3671875,-0.0005211582873016595,0.3,0.0003,0.00012579444,58430,-1.3711644470691682,0.0
1581,946,200.0,5845,1902.82,1496320,0.6069404482841492,7854.621765136719,4557.9267578125,-0.0052748283953405915,0.3,0.0003,0.0022806623,58440,-1.1338438034057616,0.0015625
1581,946,200.0,5846,1884.94,1496576,0.2786645293235779,9837.4255859375,4096.5234375,-0.001631236239336431,0.3,0.0003,0.0016044851,58450,-1.1593513667583466,0.000390625
1582,946,200.0,5847,1871.38,1496832,0.1707608699798584,11968.236499023438,6129.5341796875,-6.787062156945466e-05,0.3,0.0003,6.478978e-05,58460,-0.8100485026836395,0.0
1582,946,200.0,5848,1872.36,1497088,0.4332115054130554,13496.60205078125,3859.341064453125,-0.0003809557529166341,0.3,0.0003,5.4421136e-05,58470,-1.5093001663684844,0.0
1582,946,200.0,5849,1880.84,1497344,0.210710346698761,8530.534204101563,1483.975341796875,-8.147414773702621e-05,0.3,0.0003,9.3095005e-06,58480,-1.2068779528141023,0.0
1583,946,200.0,5850,1900.15,1497600,0.685816764831543,4565.678051757813,1830.30859375,-0.0030441300245001913,0.3,0.0003,0.0022857608,58490,-1.077323743700981,0.001171875
1583,946,200.0,5851,1899.87,1497856,0.42600202560424805,6393.657568359375,3520.752685546875,-0.008722909877542406,0.3,0.0003,0.008970916,58500,-1.1353559702634812,0.003515625
1583,946,200.0,5852,1874.99,1498112,0.6066328287124634,8719.104931640624,4697.21044921875,-0.0015653071459382772,0.3,0.0003,0.009741522,58510,-1.0873692452907562,0.026171875
1583,946,200.0,5853,1875.21,1498368,0.532447099685669,8961.701806640625,5095.8486328125,-0.00013061921345070004,0.3,0.0003,5.234941e-05,58520,-1.159879845380783,0.0
1584,946,200.0,5854,1896.3,1498624,0.15912902355194092,17001.39699707031,6036.59228515625,-0.0005992336547933519,0.3,0.0003,9.749504e-05,58530,-0.8742953270673752,0.0
1584,946,200.0,5855,1884.87,1498880,0.7309675216674805,6670.397387695312,2796.489990234375,-0.0005474343663081527,0.3,0.0003,0.00029168557,58540,-1.0861692547798156,0.0
1584,946,200.0,5856,1888.38,1499136,0.8400371670722961,3292.0250457763673,813.9453735351562,-0.0035824922379106283,0.3,0.0003,0.0042491914,58550,-1.0513273894786834,0.000390625
1584,946,200.0,5857,1870.32,1499392,0.36878466606140137,9206.688745117188,4857.40234375,-0.00026161099667660893,0.3,0.0003,0.00398432,58560,-0.8896563917398452,0.0
1585,946,200.0,5858,1845.67,1499648,0.6071436405181885,9491.792199707032,2503.51904296875,-0.00236142233479768,0.3,0.0003,0.0005637179,58570,-1.1495808124542237,0.0
1585,946,200.0,5859,1863.48,1499904,0.7050297856330872,6930.208959960937,3781.212158203125,-0.00035632316721603277,0.3,0.0003,0.000265938,58580,-0.6667263060808182,0.0
1585,945,200.0,5860,1864.57,1500160,0.4078333377838135,13317.479345703125,6283.1748046875,-0.000671039498411119,0.3,0.0003,0.00013108016,58590,-0.9537576079368592,0.0
