time/iterations,time/fps,time/time_elapsed,rollout/ep_len_mean,time/total_timesteps,rollout/ep_rew_mean,train/value_loss,train/learning_rate,train/approx_kl,train/loss,train/entropy_loss,train/policy_gradient_loss,train/clip_fraction,train/explained_variance,train/n_updates,train/clip_range
1,1021,0,200.0,256,-640.0,,,,,,,,,,
2,1045,0,200.0,512,-715.0,537.2745407104492,0.0003,0.0020042686,198.4638671875,-2.5642863273620606,-0.009546264610253274,0.0,-0.0033888816833496094,10,0.3
3,1025,0,200.0,768,-706.6666666666666,682.2118133544922,0.0003,0.001029972,310.16253662109375,-2.560780096054077,-0.003997699916362762,0.0,0.0008546113967895508,20,0.3
4,1017,1,200.0,1024,-568.0,690.552621459961,0.0003,0.004739106,338.9596862792969,-2.5573880314826964,-0.009896855731494725,0.0,0.0013307929039001465,30,0.3
5,981,1,200.0,1280,-581.6666666666666,380.4098754882813,0.0003,0.0017763434,204.6529541015625,-2.5494360446929933,-0.001776048610918224,0.0,0.0015957951545715332,40,0.3
6,990,1,200.0,1536,-554.2857142857143,389.11607666015624,0.0003,0.0007024403,189.2718048095703,-2.5427006483078003,-0.003675547614693642,0.0,-0.005913972854614258,50,0.3
7,996,1,200.0,1792,-498.75,1517.3799102783203,0.0003,0.00074544386,745.64453125,-2.537824046611786,-0.0025748337619006635,0.0,0.002626776695251465,60,0.3
8,989,2,200.0,2048,-472.0,669.3029342651367,0.0003,0.0021023147,241.01820373535156,-2.5351962804794312,-0.006437148037366569,0.0,0.015197038650512695,70,0.3
9,995,2,200.0,2304,-456.3636363636364,321.1462600708008,0.0003,0.0006669322,156.1418914794922,-2.533086061477661,-0.0017704578815028072,0.0,0.004609286785125732,80,0.3
10,1005,2,200.0,2560,-414.1666666666667,575.3238052368164,0.0003,0.0039033103,258.1296081542969,-2.5387081623077394,-0.011142991646192969,0.0,0.022117316722869873,90,0.3
11,1009,2,200.0,2816,-387.85714285714283,1709.81630859375,0.0003,0.0005600513,947.836181640625,-2.548902440071106,3.4772325307130814e-05,0.0,0.08040416240692139,100,0.3
12,1013,3,200.0,3072,-378.0,630.5215057373047,0.0003,0.0002961955,432.2545166015625,-2.547808587551117,-0.0025173170724883676,0.0,0.1235877275466919,110,0.3
13,1017,3,200.0,3328,-388.75,725.3467910766601,0.0003,0.0006110363,374.2441711425781,-2.5439596652984617,-0.0025688808411359785,0.0,0.007955551147460938,120,0.3
14,1020,3,200.0,3584,-401.7647058823529,318.4995712280273,0.0003,0.0009412784,154.3751678466797,-2.536085057258606,-0.004341570963151753,0.0,0.04100435972213745,130,0.3
15,1019,3,200.0,3840,-376.8421052631579,683.2998107910156,0.0003,0.0013802475,360.9344177246094,-2.529981517791748,-0.004224579175934195,0.0,0.04892396926879883,140,0.3
16,1023,4,200.0,4096,-360.5,571.0728363037109,0.0003,0.0006547312,310.3585205078125,-2.5230043530464172,-0.0017623946769163013,0.0,0.0609285831451416,150,0.3
17,1026,4,200.0,4352,-376.6666666666667,818.2655670166016,0.0003,0.00066371076,556.5260620117188,-2.519656944274902,-0.0018106803530827166,0.0,0.07787740230560303,160,0.3
18,1028,4,200.0,4608,-409.5652173913044,963.1567352294921,0.0003,0.0009226673,448.5043640136719,-2.525515818595886,-0.003133985330350697,0.0,-0.00044918060302734375,170,0.3
19,1033,4,200.0,4864,-403.75,492.317333984375,0.0003,0.0070105176,230.5071258544922,-2.5100580215454102,-0.010973349260166288,0.000390625,-6.35385513305664e-05,180,0.3
20,1033,4,200.0,5120,-389.2,499.67444229125977,0.0003,0.0063255546,257.996337890625,-2.4794693112373354,-0.007927610608749091,0.0,0.22842276096343994,190,0.3
21,1039,5,200.0,5376,-394.61538461538464,1015.9439056396484,0.0003,0.003056771,618.0025634765625,-2.477940261363983,-0.006899116653949022,0.0,0.11072278022766113,200,0.3
22,1038,5,200.0,5632,-385.35714285714283,551.4214019775391,0.0003,0.0048169177,158.24549865722656,-2.4802675604820252,-0.006700298935174942,0.0,0.20241767168045044,210,0.3
23,1040,5,200.0,5888,-378.9655172413793,702.4365547180175,0.0003,0.0333495,195.6594696044922,-2.4925033926963804,-0.027167411940172314,0.07890625,0.0009515285491943359,220,0.3
24,1041,5,200.0,6144,-368.3333333333333,732.8037384033203,0.0003,0.009303134,239.50035095214844,-2.4339141249656677,0.00014718149323016404,0.0,0.007729232311248779,230,0.3
25,1042,6,200.0,6400,-370.3125,606.200358581543,0.0003,0.008315803,390.95703125,-2.4191627979278563,-0.018007683102041483,0.005078125,0.20624679327011108,240,0.3
26,1044,6,200.0,6656,-373.93939393939394,425.33168640136716,0.0003,0.0019411519,226.3798370361328,-2.3920541763305665,-0.0004984445869922638,0.0,0.15417128801345825,250,0.3
27,1046,6,200.0,6912,-378.52941176470586,310.3932929992676,0.0003,0.009195702,177.26370239257812,-2.3895560026168825,-0.013683825102634727,0.0,0.0002785325050354004,260,0.3
28,1047,6,200.0,7168,-374.0,272.70067672729493,0.0003,0.033054814,140.57655334472656,-2.367954730987549,-0.019969412265345453,0.053125,-0.003452301025390625,270,0.3
29,1048,7,200.0,7424,-365.6756756756757,681.5860198974609,0.0003,0.0059495894,349.320068359375,-2.2873013854026794,0.0033048206940293314,0.0,0.15348565578460693,280,0.3
30,1048,7,200.0,7680,-366.3157894736842,886.3557960510254,0.0003,0.0013296471,713.174560546875,-2.2564502358436584,-0.003408597502857447,0.0,-0.003260493278503418,290,0.3
31,1049,7,200.0,7936,-352.3076923076923,310.25312423706055,0.0003,0.0046520047,146.81239318847656,-2.2463806748390196,-0.004460902442224324,0.0,-0.0415266752243042,300,0.3
32,1051,7,200.0,8192,-358.0,740.205963897705,0.0003,0.002201239,189.25167846679688,-2.318401050567627,-0.0023005157709121704,0.0,0.24042606353759766,310,0.3
33,1051,8,200.0,8448,-358.3333333333333,404.28445892333986,0.0003,0.0015595653,161.0087127685547,-2.308636200428009,-0.004171930905431509,0.0,-0.09735739231109619,320,0.3
34,1051,8,200.0,8704,-364.8837209302326,545.7561019897461,0.0003,0.0035642069,389.9093933105469,-2.2860698223114015,-0.0056556255090981725,0.003125,0.17824959754943848,330,0.3
35,1053,8,200.0,8960,-368.8636363636364,359.3450698852539,0.0003,0.0055332347,155.5253143310547,-2.200155532360077,-0.005175343691371381,0.0,9.47713851928711e-06,340,0.3
36,1053,8,200.0,9216,-362.82608695652175,549.1249359130859,0.0003,0.024377737,260.839599609375,-2.3204968929290772,-0.010440086759626866,0.026171875,0.2397303581237793,350,0.3
37,1053,8,200.0,9472,-358.51063829787233,321.1221412658691,0.0003,0.00092148245,138.59674072265625,-2.374055290222168,0.0013842539861798286,0.0,-0.037020325660705566,360,0.3
38,1053,9,200.0,9728,-355.4166666666667,1080.5331787109376,0.0003,0.00083316397,557.9315795898438,-2.363087034225464,-0.002255034865811467,0.0,0.016928493976593018,370,0.3
39,1053,9,200.0,9984,-361.2244897959184,628.2715942382813,0.0003,0.00068137655,276.8970031738281,-2.3555774092674255,-0.002444058522814885,0.0,0.17516249418258667,380,0.3
40,1054,9,200.0,10240,-363.52941176470586,319.64208297729493,0.0003,0.013542632,162.07943725585938,-2.2771949887275698,-0.008560850284993649,0.0109375,-0.00034105777740478516,390,0.3
1,1387,0,200.0,256,-238.0,364.9667289733887,0.0003,0.0054701637,291.17303466796875,-2.2236982941627503,-0.006338564329780638,0.0015625,-0.00602567195892334,400,0.3
2,1187,0,200.0,512,-270.5,1426.0513854980468,0.0003,0.001008851,806.2294921875,-2.5646507024765013,-0.007084961561486125,0.0,0.0016140937805175781,10,0.3
3,1123,0,200.0,768,-318.0,695.7462600708008,0.0003,0.000927072,372.0226745605469,-2.5627386450767515,-0.0036051376024261116,0.0,0.006258368492126465,20,0.3
4,1097,0,200.0,1024,-343.0,347.8607208251953,0.0003,0.0013017692,134.95858764648438,-2.559629511833191,-0.005423783627338708,0.0,0.0044640302658081055,30,0.3
5,1079,1,200.0,1280,-307.3333333333333,732.3867034912109,0.0003,0.0020106256,335.6131591796875,-2.5572715282440184,-0.008308219676837324,0.0,0.006438136100769043,40,0.3
6,1080,1,200.0,1536,-258.85714285714283,673.8732025146485,0.0003,0.0055352077,441.6340026855469,-2.5462220072746278,-0.010177957592532039,0.001953125,0.013611793518066406,50,0.3
7,1085,1,200.0,1792,-284.875,990.5924545288086,0.0003,0.00075132237,752.61328125,-2.5320862889289857,-0.000658173393458128,0.0,0.04939991235733032,60,0.3
8,1087,1,200.0,2048,-254.4,764.869303894043,0.0003,0.001833478,381.3990783691406,-2.5292718529701235,-0.00820889298338443,0.0,0.08799624443054199,70,0.3
9,1077,2,200.0,2304,-283.45454545454544,655.0242210388184,0.0003,0.001243029,415.77069091796875,-2.529694902896881,-0.003244815953075886,0.0,0.08362925052642822,80,0.3
10,1081,2,200.0,2560,-302.25,432.0294876098633,0.0003,0.0011497475,209.17843627929688,-2.519224524497986,-0.0031470528920181096,0.0,0.025125741958618164,90,0.3
11,1076,2,200.0,2816,-323.2857142857143,645.2366256713867,0.0003,0.0016204675,359.439697265625,-2.516430640220642,-0.005167374713346362,0.0,0.07624506950378418,100,0.3
12,1075,2,200.0,3072,-335.4,342.5763885498047,0.0003,0.008622913,170.0408935546875,-2.4941274762153625,-0.01102642361074686,0.007421875,-0.02727198600769043,110,0.3
13,1074,3,200.0,3328,-346.25,258.9209838867188,0.0003,0.023555836,123.14036560058594,-2.378002631664276,-0.018950700061395764,0.073046875,0.008176267147064209,120,0.3
14,1075,3,200.0,3584,-358.05882352941177,156.92718582153321,0.0003,0.013790514,83.43901062011719,-2.277276396751404,-0.014602524600923062,0.000390625,-0.0031191110610961914,130,0.3
15,1075,3,200.0,3840,-373.7368421052632,276.650528717041,0.0003,0.010439487,81.85334777832031,-2.1260329127311706,-0.015454400377348066,0.007421875,0.0023859739303588867,140,0.3
16,1074,3,200.0,4096,-382.05,115.93283786773682,0.0003,0.012841562,20.181692123413086,-2.1457786917686463,-0.011537849705200642,0.015625,0.008901894092559814,150,0.3
17,1067,4,200.0,4352,-380.5238095238095,200.18033256530762,0.0003,0.015523773,67.9303207397461,-2.026213002204895,-0.009536235686391592,0.008984375,0.0049991607666015625,160,0.3
18,1070,4,200.0,4608,-366.3478260869565,183.33988151550292,0.0003,0.03685183,44.525535583496094,-1.8814615666866303,-0.023780752951279283,0.203515625,-0.001143336296081543,170,0.3
19,1067,4,200.0,4864,-364.8333333333333,681.2732574462891,0.0003,0.02185997,287.34307861328125,-2.0128855288028715,-0.005738213448785246,0.0265625,-0.00783383846282959,180,0.3
20,1069,4,200.0,5120,-364.36,225.1978530883789,0.0003,0.0267561,66.75526428222656,-2.002579367160797,-0.011900621373206377,0.0328125,0.000937342643737793,190,0.3
21,1068,5,200.0,5376,-367.3076923076923,147.6131118774414,0.0003,0.038391016,67.24760437011719,-2.0659762263298034,-0.012436234927736222,0.07890625,0.008971452713012695,200,0.3
22,1067,5,200.0,5632,-358.92857142857144,146.3183837890625,0.0003,0.004058955,80.10909271240234,-2.2311435103416444,-0.0021368449670262635,0.0,-0.006972551345825195,210,0.3
23,1066,5,200.0,5888,-348.62068965517244,687.6664047241211,0.0003,0.0022116248,357.1081237792969,-2.1374083757400513,-0.0036955387564375996,0.0,-0.004959702491760254,220,0.3
24,1067,5,200.0,6144,-345.8666666666667,449.5184616088867,0.0003,0.0018752825,78.15885162353516,-2.226667320728302,-0.004414407629519701,0.0,0.10286533832550049,230,0.3
25,1069,5,200.0,6400,-346.1875,137.26873416900634,0.0003,0.00070657395,27.723447799682617,-2.2612120032310488,-0.00016064043156802655,0.0,-0.2600884437561035,240,0.3
26,1069,6,200.0,6656,-348.42424242424244,162.95209236145018,0.0003,0.0015519478,62.33814239501953,-2.2700785994529724,-0.0048512122593820095,0.0,0.07617592811584473,250,0.3
27,1068,6,200.0,6912,-350.2647058823529,179.53518676757812,0.0003,0.002604119,59.96263122558594,-2.225583553314209,-0.009457488171756267,0.0,0.20068758726119995,260,0.3
28,1065,6,200.0,7168,-348.48571428571427,119.44386749267578,0.0003,0.004565228,41.634666442871094,-2.2719292998313905,-0.006499927025288343,0.0,0.17623138427734375,270,0.3
29,1064,6,200.0,7424,-348.6216216216216,53.86512823104859,0.0003,0.0011139351,13.74461555480957,-2.08427015542984,-0.0021066078916192055,0.0,-1.75766921043396,280,0.3
30,1065,7,200.0,7680,-347.63157894736844,199.34865169525148,0.0003,0.0010099572,150.9552001953125,-2.083454418182373,-0.0018915896536782384,0.0,0.09635186195373535,290,0.3
31,1064,7,200.0,7936,-346.8974358974359,59.39611868858337,0.0003,0.008062827,29.154457092285156,-2.1577362298965452,-0.006683972175233066,0.0,0.36712950468063354,300,0.3
32,1060,7,200.0,8192,-347.875,170.06965675354004,0.0003,0.006482444,108.05545043945312,-2.0784443974494935,-0.008213311131112278,0.0,-0.008148193359375,310,0.3
33,1059,7,200.0,8448,-349.57142857142856,76.26654710769654,0.0003,0.0064866063,30.841766357421875,-2.175399971008301,-0.0022061583120375873,0.008984375,0.18277794122695923,320,0.3
34,1053,8,200.0,8704,-350.16279069767444,215.3452491760254,0.0003,0.004841683,101.05891418457031,-2.234599471092224,-0.0030022178776562213,0.0,0.25258779525756836,330,0.3
35,1053,8,200.0,8960,-338.1363636363636,147.47962341308593,0.0003,0.005165118,61.49460220336914,-2.077081787586212,-0.004979894391726703,0.0,0.24795085191726685,340,0.3
36,1053,8,200.0,9216,-336.5652173913044,1073.914340209961,0.0003,0.0022257643,403.7046813964844,-2.0810840010643004,-0.006493097310885787,0.0,0.007403671741485596,350,0.3
37,1053,8,200.0,9472,-331.6808510638298,190.18821640014647,0.0003,0.0017128775,117.87222290039062,-2.1167411684989927,-0.0029459538985975088,0.0,-0.1411430835723877,360,0.3
38,1054,9,200.0,9728,-325.875,760.058544921875,0.0003,0.002218752,339.0137634277344,-2.161696195602417,-0.004915618873201311,0.0,0.022061288356781006,370,0.3
39,1055,9,200.0,9984,-324.6326530612245,574.1138397216797,0.0003,0.00050576846,377.9947509765625,-2.1775498151779176,-0.001325162104330957,0.0,-0.024689674377441406,380,0.3
40,1054,9,200.0,10240,-325.27450980392155,171.39191360473632,0.0003,0.0029600735,110.21654510498047,-2.1257522463798524,-0.008510305662639439,0.0,0.11839258670806885,390,0.3
1,1482,0,200.0,256,-300.0,169.58800659179687,0.0003,0.01048198,22.48280143737793,-2.1399160504341124,-0.006383135938085616,0.00546875,0.16287922859191895,400,0.3
2,1257,0,200.0,512,-280.0,261.41800689697266,0.0003,0.0051332256,61.33087921142578,-2.2763701915740966,-0.004631716152653098,0.0,0.00481337308883667,410,0.3
3,1142,0,200.0,768,-190.0,334.40327911376954,0.0003,0.0009689806,178.19024658203125,-2.3366076707839967,-0.0021817607106640936,0.0,-0.9983646869659424,420,0.3
4,1120,0,200.0,1024,-204.0,679.4865829467774,0.0003,0.00033902423,336.75946044921875,-2.311722731590271,-0.0012983808992430568,0.0,-0.24898529052734375,430,0.3
5,1104,1,200.0,1280,-210.0,271.4739860534668,0.0003,0.0018680261,118.38682556152344,-2.3271284699440002,-0.004114136903081089,0.0,-0.26139307022094727,440,0.3
6,1076,1,200.0,1536,-230.0,151.03127174377443,0.0003,0.024432857,93.71623229980469,-2.228662896156311,-0.006835044664330781,0.028515625,-0.01514124870300293,450,0.3
7,1065,1,200.0,1792,-206.25,513.5529861450195,0.0003,0.048454024,139.3399200439453,-2.3142987728118896,-0.015226029464975,0.12578125,0.11373096704483032,460,0.3
8,1062,1,200.0,2048,-215.0,580.9045547485351,0.0003,0.0044943076,271.4383544921875,-2.3145423769950866,-0.008498919731937348,0.001171875,0.002816915512084961,470,0.3
9,1067,2,200.0,2304,-221.8181818181818,274.9680770874023,0.0003,0.02661664,139.96075439453125,-2.20107159614563,-0.01933086449280381,0.08515625,0.0005700588226318359,480,0.3
10,1061,2,200.0,2560,-203.33333333333334,172.14623908996583,0.0003,0.009095198,105.33305358886719,-2.3574211239814757,-0.006317926151677966,0.001953125,-0.46575891971588135,490,0.3
11,1051,2,200.0,2816,-209.28571428571428,484.96749725341795,0.0003,0.02892287,145.6296844482422,-2.442259168624878,-0.013141803676262498,0.066015625,0.12954741716384888,500,0.3
12,1046,2,200.0,3072,-216.0,673.9545928955079,0.0003,0.0021225289,370.4324951171875,-2.4779809951782226,-0.0021046894486062228,0.0,-0.024070143699645996,510,0.3
13,1043,3,200.0,3328,-228.125,289.7342582702637,0.0003,0.020819847,183.56825256347656,-2.3822084307670592,-0.017282600118778645,0.027734375,0.0031148791313171387,520,0.3
14,1045,3,200.0,3584,-231.1764705882353,143.6005081176758,0.0003,0.0143248495,103.61026763916016,-2.411814641952515,-0.010014116880483925,0.01796875,-0.025943398475646973,530,0.3
15,1048,3,200.0,3840,-217.3684210526316,674.5051696777343,0.0003,0.010162093,236.46815490722656,-2.44055016040802,-0.012942140107043087,0.02421875,0.000996232032775879,540,0.3
16,1044,3,200.0,4096,-215.0,641.3862609863281,0.0003,0.020454708,496.341552734375,-2.4243767857551575,-0.014400407159700989,0.041015625,-0.0005550384521484375,550,0.3
17,1044,4,200.0,4352,-208.57142857142858,748.9566787719726,0.0003,0.004896514,295.0604553222656,-2.400233519077301,-0.00988939255475998,0.0,0.0012930631637573242,560,0.3
18,1046,4,200.0,4608,-201.30434782608697,977.3460144042969,0.0003,0.0060007805,363.0894470214844,-2.412458598613739,-0.006405000831000507,0.0,0.008126139640808105,570,0.3
19,1047,4,200.0,4864,-197.08333333333334,521.4919403076171,0.0003,0.003246127,230.5979461669922,-2.4152984023094177,-0.002408403344452381,0.0,0.02272707223892212,580,0.3
20,1046,4,200.0,5120,-204.8,619.247265625,0.0003,0.00047517964,353.62738037109375,-2.4196162819862366,-0.0018461828120052814,0.0,0.04763561487197876,590,0.3
21,1048,5,200.0,5376,-189.23076923076923,148.39077072143556,0.0003,0.006705012,84.50346374511719,-2.37645822763443,-0.010914053616579622,0.0,-2.2649765014648438e-05,600,0.3
22,1047,5,200.0,5632,-194.28571428571428,1040.4972412109375,0.0003,0.0036430687,462.7115173339844,-2.4282593011856077,-0.00413120910525322,0.0,-0.07288789749145508,610,0.3
23,1049,5,200.0,5888,-199.31034482758622,805.5283714294434,0.0003,0.0018362736,264.9044494628906,-2.4061668157577514,-0.0036156867165118454,0.0,-0.035277724266052246,620,0.3
24,1048,5,200.0,6144,-196.33333333333334,267.9077339172363,0.0003,0.015966749,104.47377014160156,-2.3041675686836243,-0.01416747176554054,0.032421875,0.009805023670196533,630,0.3
25,1050,6,200.0,6400,-201.5625,577.5137672424316,0.0003,0.004244224,308.9855041503906,-2.495710051059723,-0.004713962622918189,0.0,0.08768701553344727,640,0.3
26,1049,6,200.0,6656,-188.4848484848485,108.66064395904542,0.0003,0.011190556,31.08287811279297,-2.3230244159698485,-0.012498226761817933,0.01171875,0.01171731948852539,650,0.3
27,1050,6,200.0,6912,-190.88235294117646,1093.8886993408203,0.0003,0.0047629485,656.9594116210938,-2.333950173854828,-0.002090135111939162,0.0,0.004786849021911621,660,0.3
28,1049,6,200.0,7168,-190.85714285714286,235.61877555847167,0.0003,0.0021102938,86.42418670654297,-2.4107547402381897,-0.008074978645890952,0.0,-0.10625219345092773,670,0.3
29,1050,7,200.0,7424,-197.56756756756758,549.5852264404297,0.0003,0.009102122,471.9401550292969,-2.2577778697013855,-0.010197974136099219,0.00703125,0.017342329025268555,680,0.3
30,1050,7,200.0,7680,-201.57894736842104,240.99544258117675,0.0003,0.016452128,138.63978576660156,-2.2619120955467222,-0.018503151065669955,0.041015625,0.04776597023010254,690,0.3
31,1051,7,200.0,7936,-201.7948717948718,209.77468719482422,0.0003,0.01088063,82.38770294189453,-2.3000190615653993,-0.011401107162237167,0.0125,-0.01895904541015625,700,0.3
32,1053,7,200.0,8192,-197.0,27.01501750946045,0.0003,0.0045754993,13.923401832580566,-2.3842252016067507,-0.0038302468601614237,0.001171875,-0.07819652557373047,710,0.3
33,1052,8,200.0,8448,-201.1904761904762,729.0544631958007,0.0003,0.004734372,251.23294067382812,-2.323338174819946,-0.0034350589849054813,0.0,0.00317305326461792,720,0.3
34,1053,8,200.0,8704,-197.90697674418604,234.9499984741211,0.0003,0.02577532,95.86971282958984,-2.3733647227287293,-0.01897021464537829,0.026953125,-0.007962226867675781,730,0.3
35,1052,8,200.0,8960,-196.13636363636363,958.079623413086,0.0003,0.010184037,565.21484375,-2.426411545276642,-0.007784348726272583,0.010546875,-0.012707233428955078,740,0.3
36,1051,8,200.0,9216,-191.08695652173913,185.9894847869873,0.0003,0.008769004,90.79105377197266,-2.4197579264640807,-0.015600653318688273,0.00546875,0.0004140138626098633,750,0.3
37,1052,8,200.0,9472,-188.51063829787233,846.5597381591797,0.0003,0.0026016638,357.9806823730469,-2.367942488193512,-0.0040509144077077505,0.027734375,-0.0031616687774658203,760,0.3
38,1052,9,200.0,9728,-181.45833333333334,950.5893264770508,0.0003,0.007960058,499.4374084472656,-2.35357426404953,-0.01994687640108168,0.011328125,-0.00021696090698242188,770,0.3
39,1053,9,200.0,9984,-175.91836734693877,1009.0416885375977,0.0003,0.028362706,792.8539428710938,-2.3452996730804445,-0.009197381255216897,0.040234375,0.0003198385238647461,780,0.3
40,1051,9,200.0,10240,-169.01960784313727,1681.1585327148437,0.0003,0.001867583,707.5474243164062,-2.3278788805007933,-0.008190591353923082,0.0234375,0.00027251243591308594,790,0.3
1,1350,0,200.0,256,-251.0,698.5999160766602,0.0003,0.007679417,217.6634063720703,-2.3515941977500914,-0.01555342935025692,0.018359375,0.0005804896354675293,800,0.3
2,1186,0,200.0,512,-303.5,681.3118301391602,0.0003,0.0058231447,381.37957763671875,-2.164975881576538,-0.0037484951550140976,0.0,0.08310937881469727,410,0.3
3,1146,0,200.0,768,-225.33333333333334,140.8116651535034,0.0003,0.020350523,92.43885803222656,-2.3633628726005553,-0.0049999258015304806,0.0390625,0.05575418472290039,420,0.3
4,1120,0,200.0,1024,-204.8,1052.781509399414,0.0003,0.0011724706,544.3657836914062,-2.2857916593551635,-0.003944417694583535,0.0,-0.009820818901062012,430,0.3
5,1106,1,200.0,1280,-216.66666666666666,147.85026779174805,0.0003,0.0013220864,55.38745880126953,-2.2775727987289427,-0.0023802591254934668,0.0,0.1428968906402588,440,0.3
6,1096,1,200.0,1536,-195.28571428571428,63.74048194885254,0.0003,0.0024395662,15.163925170898438,-2.209698963165283,-0.006175478151999414,0.0,0.3785403370857239,450,0.3
7,1095,1,200.0,1792,-204.25,529.1003005981445,0.0003,0.008279946,137.74203491210938,-2.3121905446052553,-0.007105907192453742,0.00078125,0.047470808029174805,460,0.3
8,1085,1,200.0,2048,-127.0,576.6766418457031,0.0003,0.007850714,287.1429138183594,-2.1389243602752686,-0.004731706995517016,0.0,-0.012172341346740723,470,0.3
9,1072,2,200.0,2304,-147.0,1546.796401977539,0.0003,0.00031534792,929.302490234375,-2.1184471249580383,-0.000797043030615896,0.0,0.011540710926055908,480,0.3
10,1068,2,200.0,2560,-138.25,218.1030101776123,0.0003,0.0023602648,138.20677185058594,-2.007731294631958,-0.00461979229003191,0.0,0.07724308967590332,490,0.3
11,1068,2,200.0,2816,-128.85714285714286,919.7542251586914,0.0003,0.0036221282,509.71240234375,-2.1612027049064637,-0.007892653159797192,0.00078125,0.044219017028808594,500,0.3
12,1068,2,200.0,3072,-138.4,623.8538009643555,0.0003,0.010106709,413.3277587890625,-2.201116406917572,-0.010355734056793154,0.01015625,0.07481157779693604,510,0.3
13,1070,3,200.0,3328,-154.1875,618.5420700073242,0.0003,0.0045839027,417.1488037109375,-2.1875144600868226,-0.004728443454951048,0.0,0.03702735900878906,520,0.3
14,1071,3,200.0,3584,-161.41176470588235,134.3131031036377,0.0003,0.02183935,50.403316497802734,-1.9941044807434083,-0.0019887658301740883,0.030859375,0.21853160858154297,530,0.3
15,1067,3,200.0,3840,-175.1578947368421,71.93660192489624,0.0003,0.006470607,46.38113021850586,-1.9146011412143706,-0.005696168215945363,0.0,0.2835414409637451,540,0.3
16,1072,3,200.0,4096,-180.05,131.57669353485107,0.0003,0.0014888544,55.03087615966797,-1.9003972589969635,-0.0021946730208583175,0.0,0.3549453020095825,550,0.3
17,1069,4,200.0,4352,-184.38095238095238,84.69913482666016,0.0003,0.001786175,20.51437759399414,-1.8894970178604127,-0.0033038893016055226,0.0,0.33066248893737793,560,0.3
18,1068,4,200.0,4608,-195.82608695652175,46.306463098526,0.0003,0.0034410716,38.861637115478516,-1.9997516989707946,-0.003975667781196535,0.0,0.3398551940917969,570,0.3
19,1068,4,200.0,4864,-199.95833333333334,76.53958578109741,0.0003,0.011655858,48.05374526977539,-1.9543666064739227,-0.0066954035602975635,0.00546875,0.36311590671539307,580,0.3
20,1069,4,200.0,5120,-199.76,247.36899948120117,0.0003,0.0031908485,153.7359619140625,-1.8844487547874451,-0.0015697136055678128,0.0,0.15912383794784546,590,0.3
21,1067,5,200.0,5376,-184.57692307692307,1030.8678741455078,0.0003,0.0023843413,662.5323486328125,-1.7710871696472168,-0.0024941244861111044,0.0,0.03744703531265259,600,0.3
22,1067,5,200.0,5632,-179.92857142857142,1015.1045425415039,0.0003,0.0010107877,410.94207763671875,-1.7466698229312896,-0.0030382076278328896,0.0,0.03866469860076904,610,0.3
23,1067,5,200.0,5888,-169.41379310344828,580.2942657470703,0.0003,0.008955001,363.1894226074219,-1.7391392409801483,-0.008203040179796516,0.015625,0.10293036699295044,620,0.3
24,1066,5,200.0,6144,-157.33333333333334,1126.56396484375,0.0003,0.005603568,649.4458618164062,-1.8726079881191253,-0.005685994296800345,0.00546875,-0.008579611778259277,630,0.3
25,1066,5,200.0,6400,-149.0,967.1381530761719,0.0003,0.0010189714,380.1064147949219,-1.9100000858306885,-0.001470720604993403,0.0,0.01815086603164673,640,0.3
26,1065,6,200.0,6656,-140.63636363636363,934.1373779296875,0.0003,0.0009754817,485.5335388183594,-1.923948073387146,-0.0021934206481091676,0.0,0.004394590854644775,650,0.3
27,1066,6,200.0,6912,-139.6764705882353,1153.7220153808594,0.0003,0.0011584007,386.7709045410156,-1.9161064863204955,-0.0023534945445135235,0.0,0.01991170644760132,660,0.3
28,1066,6,200.0,7168,-137.14285714285714,981.7958831787109,0.0003,0.0010875508,518.01123046875,-1.9186793923377992,-0.0025069561903364956,0.0,0.03955918550491333,670,0.3
29,1064,6,200.0,7424,-148.21621621621622,115.48076648712158,0.0003,0.002043055,78.17656707763672,-2.0048030376434327,-0.0016992846503853798,0.0,0.2870696783065796,680,0.3
30,1064,7,200.0,7680,-157.73684210526315,135.4439510345459,0.0003,0.0014170664,91.58779907226562,-1.9602650940418243,-0.002638355130329728,0.0,0.3346484303474426,690,0.3
31,1063,7,200.0,7936,-158.48717948717947,231.85507583618164,0.0003,0.0011623779,78.88072967529297,-1.8985978484153747,-0.0012950278818607331,0.0,0.11368221044540405,700,0.3
32,1064,7,200.0,8192,-157.1,598.1237167358398,0.0003,0.039550535,293.3463134765625,-1.9643769681453704,-0.028536768397316337,0.16875,0.059797465801239014,710,0.3
33,1065,7,200.0,8448,-158.28571428571428,954.5621337890625,0.0003,0.01573281,436.9853515625,-2.0215387284755706,-0.004278190387412906,0.0234375,0.019491136074066162,720,0.3
34,1064,8,200.0,8704,-161.2325581395349,124.67603988647461,0.0003,0.005043745,74.26416778564453,-2.0839918732643126,-0.003130777517799288,0.00390625,0.3074936270713806,730,0.3
35,1063,8,200.0,8960,-158.22727272727272,502.49805755615233,0.0003,0.009712379,104.73599243164062,-2.1234776377677917,-0.008405638975091279,0.0,0.07909613847732544,740,0.3
36,1064,8,200.0,9216,-160.32608695652175,110.47994613647461,0.0003,0.007199604,36.118202209472656,-1.9530884265899657,-0.0024446386261843143,0.0,-0.0022660493850708008,750,0.3
37,1064,8,200.0,9472,-152.68085106382978,593.8101219177246,0.0003,0.002763286,287.48077392578125,-1.9162148356437683,-0.0030535434489138424,0.0,0.09034353494644165,760,0.3
38,1065,9,200.0,9728,-145.39583333333334,1039.924008178711,0.0003,0.0066549117,700.6341552734375,-1.9462353050708772,-0.0055562510620802644,0.031640625,0.03965127468109131,770,0.3
39,1065,9,200.0,9984,-148.42857142857142,924.3126190185546,0.0003,0.0012867495,378.44366455078125,-2.0036340296268462,-0.002115441020578146,0.0,0.011133372783660889,780,0.3
40,1064,9,200.0,10240,-143.86274509803923,572.1653610229492,0.0003,0.0021859098,277.7620849609375,-2.002800863981247,-0.003154226002516225,0.0,0.010946452617645264,790,0.3
1,1292,0,200.0,256,-230.0,1015.2392883300781,0.0003,0.005771938,388.3573913574219,-1.978151524066925,-0.0056526291649788615,0.0,0.02727973461151123,800,0.3
2,1165,0,200.0,512,-250.0,284.5241844177246,0.0003,0.016567485,180.4085235595703,-2.392880940437317,-0.014453162485733629,0.01875,-0.0007156133651733398,810,0.3
3,1105,0,200.0,768,-190.0,121.44259052276611,0.0003,0.033309016,57.43925857543945,-2.2170213580131533,-0.01499959733337164,0.059765625,-0.008355975151062012,820,0.3
4,1083,0,200.0,1024,-230.0,530.014474105835,0.0003,0.022551605,154.13531494140625,-2.4288380980491637,-0.012860506935976446,0.036328125,-0.01030588150024414,830,0.3
5,1076,1,200.0,1280,-165.0,303.8669548034668,0.0003,0.0056852736,184.15618896484375,-2.2907644629478456,-0.0025665537919849156,0.01484375,0.0004557371139526367,840,0.3
6,1068,1,200.0,1536,-115.71428571428571,1032.735060119629,0.0003,0.0019660732,618.6881713867188,-2.249673593044281,-0.0057609998970292505,0.0015625,0.0008736848831176758,850,0.3
7,1064,1,200.0,1792,-71.25,1415.5855773925782,0.0003,0.0046692193,669.5639038085938,-2.348959469795227,-0.006217419472523034,0.001953125,0.0007233619689941406,860,0.3
8,1064,1,200.0,2048,-122.0,564.1319046020508,0.0003,0.008419016,151.0106201171875,-2.3231829166412354,-0.0209041319321841,0.022265625,-0.0004336833953857422,870,0.3
9,1067,2,200.0,2304,-116.36363636363636,282.5066825866699,0.0003,0.0099376375,117.60986328125,-2.2597715973854067,-0.01760823770891875,0.029296875,7.468461990356445e-05,880,0.3
10,1068,2,200.0,2560,-132.5,609.4247505187989,0.0003,0.00952331,285.5684509277344,-2.3056222081184385,-0.0037627928890287877,0.009375,-0.0011774301528930664,890,0.3
11,1069,2,200.0,2816,-117.85714285714286,626.455891418457,0.0003,0.006271341,250.90863037109375,-2.3608824372291566,-0.010364805767312645,0.00234375,-0.008602261543273926,900,0.3
12,1067,2,200.0,3072,-128.66666666666666,655.4282234191894,0.0003,0.008335989,390.7565612792969,-2.2653018474578857,-0.011433455115184187,0.00234375,-0.004452347755432129,910,0.3
13,1070,3,200.0,3328,-121.25,149.581516456604,0.0003,0.010712242,122.8392105102539,-2.2022683382034303,-0.015294729545712472,0.00390625,-0.0007054805755615234,920,0.3
14,1061,3,200.0,3584,-117.6470588235294,603.0894760131836,0.0003,0.0136568695,89.85919952392578,-2.1939707159996034,-0.011254222132265568,0.03359375,-1.3828277587890625e-05,930,0.3
15,1061,3,200.0,3840,-94.73684210526316,1393.888375854492,0.0003,0.010733419,988.3433837890625,-2.287743699550629,-0.011311705107800663,0.01875,0.000904083251953125,940,0.3
16,1061,3,200.0,4096,-80.5,618.2275939941406,0.0003,0.010418845,226.88922119140625,-2.1836702704429625,-0.010109669156372547,0.03828125,0.001317441463470459,950,0.3
17,1061,4,200.0,4352,-84.28571428571429,887.0168518066406,0.0003,0.0016551046,350.38311767578125,-2.2765276551246645,-0.002014033973682672,0.0,0.018542766571044922,960,0.3
18,1061,4,200.0,4608,-95.21739130434783,723.8263076782226,0.0003,0.00055192155,383.32232666015625,-2.2368871212005614,-0.0017366406274959445,0.0,0.028039634227752686,970,0.3
19,1062,4,200.0,4864,-83.75,463.220044708252,0.0003,0.009415343,285.6112976074219,-2.295607805252075,-0.0018189088441431522,0.002734375,0.003933727741241455,980,0.3
20,1062,4,200.0,5120,-86.8,1071.4983703613282,0.0003,0.0058591245,536.0863037109375,-2.2268362402915955,-0.008590660244226455,0.00546875,0.054857730865478516,990,0.3
21,1062,5,200.0,5376,-86.92307692307692,1063.2332122802734,0.0003,0.00036033476,334.4658508300781,-2.2608420729637144,-0.002112075570039451,0.0,0.007163345813751221,1000,0.3
22,1063,5,200.0,5632,-95.71428571428571,478.1943702697754,0.0003,0.004916465,325.08453369140625,-2.1284501433372496,-0.008340570284053684,0.00078125,0.03361368179321289,1010,0.3
23,1064,5,200.0,5888,-88.62068965517241,374.7125869750977,0.0003,0.0013161195,174.70396423339844,-2.259975266456604,-0.003213066956959665,0.0,-0.13261592388153076,1020,0.3
24,1063,5,200.0,6144,-89.33333333333333,1048.5288787841796,0.0003,0.0035089422,507.6407470703125,-2.2111863613128664,-0.012476769369095564,0.01015625,0.0062476396560668945,1030,0.3
25,1062,6,200.0,6400,-64.375,1468.0406585693358,0.0003,0.004841049,788.4508056640625,-2.1585273146629333,-0.00421573156490922,0.00078125,0.0016287565231323242,1040,0.3
26,1064,6,200.0,6656,-65.15151515151516,1262.5998260498047,0.0003,0.01015078,577.0706787109375,-2.1980880975723265,-0.009219759469851851,0.015625,0.08328390121459961,1050,0.3
27,1064,6,200.0,6912,-65.88235294117646,644.3178634643555,0.0003,0.003890716,253.18199157714844,-1.9661712408065797,-0.0063067405251786115,0.0,0.04072779417037964,1060,0.3
28,1065,6,200.0,7168,-60.285714285714285,949.7610717773438,0.0003,0.005734654,609.147705078125,-2.1632124900817873,-0.006697905249893665,0.0078125,0.07349532842636108,1070,0.3
29,1066,6,200.0,7424,-54.5945945945946,874.085562133789,0.0003,0.004656692,472.9759826660156,-2.200367784500122,-0.005503172683529556,0.00078125,0.06534183025360107,1080,0.3
30,1067,7,200.0,7680,-40.526315789473685,1047.7507568359374,0.0003,0.004337458,438.4095458984375,-2.2349281430244448,-0.003311483166180551,0.00625,-0.008403539657592773,1090,0.3
31,1064,7,200.0,7936,-39.743589743589745,1631.5480590820312,0.0003,0.0007896088,806.3587646484375,-2.1042262434959413,-0.003278032713569701,0.0,0.05470240116119385,1100,0.3
32,1064,7,200.0,8192,-46.5,527.1334045410156,0.0003,0.0009619205,303.0059509277344,-2.112502872943878,-0.0012689980678260327,0.0,-0.05420637130737305,1110,0.3
33,1065,7,200.0,8448,-42.142857142857146,917.2092712402343,0.0003,0.0052930843,337.4814758300781,-2.2745333552360534,-0.0036299094324931504,0.002734375,0.054030537605285645,1120,0.3
34,1065,8,200.0,8704,-36.97674418604651,590.9560161590576,0.0003,0.0019801792,396.8861389160156,-2.0565955877304076,-0.004837331268936396,0.0,0.021250486373901367,1130,0.3
35,1064,8,200.0,8960,-37.04545454545455,1402.0693115234376,0.0003,0.0029319357,668.8043212890625,-2.2293029546737673,-0.005295603442937136,0.001171875,-0.03525364398956299,1140,0.3
36,1064,8,200.0,9216,-35.43478260869565,166.13677368164062,0.0003,0.008673298,80.5080795288086,-2.2553412437438967,-0.0065797146176919345,0.009765625,-0.30060434341430664,1150,0.3
37,1064,8,200.0,9472,-43.191489361702125,1364.9737548828125,0.0003,0.002108909,967.9779052734375,-2.226628029346466,-0.001785455655772239,0.0,0.05305129289627075,1160,0.3
38,1064,9,200.0,9728,-43.541666666666664,908.2421844482421,0.0003,0.0019748663,505.8022766113281,-2.2658538699150084,-0.002709817630238831,0.0,-0.03926527500152588,1170,0.3
39,1065,9,200.0,9984,-46.12244897959184,752.1264617919921,0.0003,0.007103965,235.57064819335938,-2.3193549036979677,-0.009762695222161711,0.005078125,0.014552474021911621,1180,0.3
40,1065,9,200.0,10240,-37.84313725490196,900.4033401489257,0.0003,0.022747789,412.2461242675781,-2.118148589134216,-0.011245910217985511,0.054296875,0.09253174066543579,1190,0.3
1,1396,0,200.0,256,-35.0,1362.856362915039,0.0003,0.0061906734,922.4781494140625,-2.2134018778800963,-0.006856755842454732,0.00390625,0.06550413370132446,1200,0.3
2,1217,0,200.0,512,-60.0,618.2194580078125,0.0003,0.015200295,237.05706787109375,-2.0542904138565063,-0.011619374249130487,0.0328125,0.11255967617034912,810,0.3
3,1150,0,200.0,768,-68.0,531.8891616821289,0.0003,0.0129362345,246.71067810058594,-2.099770164489746,-0.008473069127649068,0.001171875,0.07496875524520874,820,0.3
4,1131,0,200.0,1024,-80.4,1387.6528900146484,0.0003,0.0030827553,562.6975708007812,-2.1077715396881103,5.412185564637184e-05,0.0,0.010948777198791504,830,0.3
5,1121,1,200.0,1280,-123.16666666666667,214.02166137695312,0.0003,0.0003981602,82.08489990234375,-2.100603795051575,-0.0014702830114401877,0.0,0.27922874689102173,840,0.3
6,1110,1,200.0,1536,-117.42857142857143,126.49675350189209,0.0003,0.0036982815,31.16469955444336,-2.134831762313843,-0.0046594051527790725,0.0,-0.09613656997680664,850,0.3
7,1097,1,200.0,1792,-90.625,957.3193145751953,0.0003,0.00414016,539.8802490234375,-2.0308046340942383,-0.0021791768493130805,0.0,0.010125994682312012,860,0.3
8,1088,1,200.0,2048,-71.1,1401.3003814697265,0.0003,0.0030565332,536.0341796875,-2.040991985797882,-0.005617724359035492,0.000390625,0.012584209442138672,870,0.3
9,1084,2,200.0,2304,-72.54545454545455,972.1390075683594,0.0003,0.005913549,631.5045166015625,-2.084629464149475,-0.006365304091013968,0.0109375,0.06534898281097412,880,0.3
10,1074,2,200.0,2560,-72.41666666666667,591.9047966003418,0.0003,0.011626666,291.38824462890625,-2.0508174777030943,-0.007799146510660648,0.000390625,0.04555189609527588,890,0.3
11,1067,2,200.0,2816,-56.642857142857146,604.8712829589844,0.0003,0.0078240605,196.64170837402344,-2.0398914217948914,-0.006016268208622932,0.00078125,0.010675907135009766,900,0.3
12,1054,2,200.0,3072,-43.6,939.2886291503906,0.0003,0.002586057,566.6732177734375,-1.9597707509994506,-0.00513868653215468,0.0,0.037892162799835205,910,0.3
13,1049,3,200.0,3328,-47.125,1589.3779327392579,0.0003,0.003713605,702.4203491210938,-1.9880100786685944,-0.0031148274429142475,0.001953125,0.014277815818786621,920,0.3
14,1048,3,200.0,3584,-21.941176470588236,617.9518920898438,0.0003,0.007842753,200.81448364257812,-1.9971866369247437,-0.007136333454400301,0.004296875,0.011129438877105713,930,0.3
15,1051,3,200.0,3840,-13.947368421052632,1443.0715362548829,0.0003,0.00056678243,936.1532592773438,-1.996815687417984,0.00016703258734196424,0.0,-0.06884384155273438,940,0.3
16,1050,3,200.0,4096,3.6,1049.5783935546874,0.0003,0.005189975,542.084228515625,-1.992821103334427,-0.007928565330803394,0.0,-0.0008244514465332031,950,0.3
17,1049,4,200.0,4352,-10.80952380952381,1681.05244140625,0.0003,0.0010041925,790.6961059570312,-2.0551928758621214,-0.0028376308502629398,0.0,-0.011391162872314453,960,0.3
18,1042,4,200.0,4608,-25.869565217391305,662.19091796875,0.0003,0.003185969,437.9430847167969,-2.042811644077301,-0.006285825505619869,0.0,0.025727391242980957,970,0.3
19,1040,4,200.0,4864,-39.25,153.70717506408693,0.0003,0.0012237683,77.66891479492188,-2.0525838136672974,-0.001844355510547757,0.0,0.24294674396514893,980,0.3
20,1039,4,200.0,5120,-28.88,608.2337051391602,0.0003,0.007816924,370.9295959472656,-1.9783018112182618,-0.013097554689738899,0.006640625,0.03213310241699219,990,0.3
21,1038,5,200.0,5376,-40.26923076923077,504.9356315612793,0.0003,0.0053557507,263.68658447265625,-2.0736870050430296,-0.0071485358057543635,0.010546875,0.03248262405395508,1000,0.3
22,1038,5,200.0,5632,-45.964285714285715,524.7598915100098,0.0003,0.007757175,219.70263671875,-2.1146745443344117,-0.010006345994770526,0.006640625,0.05792856216430664,1010,0.3
23,1039,5,200.0,5888,-29.689655172413794,602.4017364501954,0.0003,0.011659925,386.93206787109375,-2.0546356678009032,-0.011940938769839704,0.012109375,0.05992656946182251,1020,0.3
24,1036,5,200.0,6144,-12.133333333333333,2334.0086364746094,0.0003,0.008053727,1206.5474853515625,-2.116943323612213,-0.006422795122489333,0.001953125,-0.00045549869537353516,1030,0.3
25,1035,6,200.0,6400,-2.1875,1583.8349731445312,0.0003,0.0038530326,808.92333984375,-2.1096451044082642,-0.004094965406693518,0.0,0.01539081335067749,1040,0.3
26,1035,6,200.0,6656,-1.121212121212121,1455.3508056640626,0.0003,0.014534468,551.36572265625,-2.127379024028778,-0.014396189386025071,0.027734375,0.01698380708694458,1050,0.3
27,1035,6,200.0,6912,-11.764705882352942,1117.2509643554688,0.0003,0.01529046,394.5387268066406,-2.110505020618439,-0.008991899027023464,0.02421875,0.005482614040374756,1060,0.3
28,1035,6,200.0,7168,-7.6,1155.2793548583984,0.0003,0.014742511,490.5601501464844,-2.113828980922699,-0.01078088760841638,0.010546875,-0.0013941526412963867,1070,0.3
29,1037,7,200.0,7424,-19.243243243243242,997.5640014648437,0.0003,0.006795441,447.0139465332031,-2.016926884651184,-0.006883458932861686,0.00234375,0.003618955612182617,1080,0.3
30,1038,7,200.0,7680,-20.55263157894737,658.5938323974609,0.0003,0.010284888,182.36703491210938,-2.069024908542633,-0.009505533496849239,0.00546875,0.02926933765411377,1090,0.3
31,1038,7,200.0,7936,-28.923076923076923,573.7976661682129,0.0003,0.01420218,373.4449157714844,-2.021396368741989,-0.01279449713183567,0.008203125,0.045654237270355225,1100,0.3
32,1037,7,200.0,8192,-35.625,708.1846878051758,0.0003,0.0018222015,271.69720458984375,-2.0364689111709593,-0.0028123666532337667,0.0,0.03416180610656738,1110,0.3
33,1036,8,200.0,8448,-29.547619047619047,900.3776840209961,0.0003,0.004442608,524.6678466796875,-1.9937330782413483,-0.006142040691338479,0.001171875,0.028427839279174805,1120,0.3
34,1038,8,200.0,8704,-28.906976744186046,1401.6532623291016,0.0003,0.0015639912,954.0950927734375,-1.994920837879181,-0.0038947816472500564,0.0,0.003928184509277344,1130,0.3
35,1039,8,200.0,8960,-23.227272727272727,1388.5411987304688,0.0003,0.0017161239,893.7839965820312,-2.0657515645027162,-0.006482767593115568,0.0,-0.002291083335876465,1140,0.3
36,1040,8,200.0,9216,-26.17391304347826,2009.2482116699218,0.0003,0.0016822321,827.913818359375,-2.0371317863464355,-0.005472087021917105,0.0,0.005151927471160889,1150,0.3
37,1041,9,200.0,9472,-23.5531914893617,150.9985694885254,0.0003,0.0048474683,79.12902069091797,-2.0349372148513796,-0.004532324662432074,0.0,0.22390049695968628,1160,0.3
38,1042,9,200.0,9728,-15.5,1386.2238830566407,0.0003,0.016543614,634.409912109375,-2.1503234267234803,-0.011718916124664247,0.020703125,0.004518091678619385,1170,0.3
39,1043,9,200.0,9984,-12.224489795918368,1787.343328857422,0.0003,0.0008585027,1102.772216796875,-2.1333670377731324,-0.0037069699261337518,0.0,0.02041041851043701,1180,0.3
40,1042,9,200.0,10240,-18.03921568627451,599.0730682373047,0.0003,0.011495957,254.15286254882812,-2.1891217947006227,-0.010779930325224996,0.010546875,0.0402684211730957,1190,0.3
1,1377,0,200.0,256,-200.0,686.2896774291992,0.0003,0.019939184,182.67489624023438,-2.1164198875427247,-0.014690879383124411,0.043359375,0.023237526416778564,1200,0.3
2,1188,0,200.0,512,-35.0,787.0751770019531,0.0003,0.0068974067,470.38006591796875,-2.1177889108657837,-0.00989658571779728,0.0140625,-0.034146785736083984,1210,0.3
3,1153,0,200.0,768,43.333333333333336,1225.8690643310547,0.0003,0.001241212,502.10736083984375,-2.153132605552673,-0.004352771933190525,0.0,0.048060059547424316,1220,0.3
4,1139,0,200.0,1024,0.0,1119.039974975586,0.0003,0.00018540397,351.0243835449219,-2.113687205314636,-0.0027132475515827537,0.0,0.1477447748184204,1230,0.3
5,1119,1,200.0,1280,25.0,166.5509588241577,0.0003,0.0008665931,93.68299865722656,-2.1488490104675293,-0.00351629089564085,0.0,-0.21644699573516846,1240,0.3
6,1109,1,200.0,1536,54.285714285714285,1057.2349945068358,0.0003,0.00272561,758.9602661132812,-2.139241564273834,-0.0037546584848314525,0.0015625,0.021525919437408447,1250,0.3
7,1101,1,200.0,1792,-15.0,926.0965301513672,0.0003,0.0014858041,397.1557312011719,-2.1492223381996154,-0.006174054695293307,0.001171875,0.0834345817565918,1260,0.3
8,1094,1,200.0,2048,-25.0,1028.093328857422,0.0003,0.0016884475,587.665771484375,-2.1113922953605653,-0.0015406474529299885,0.0,0.08430838584899902,1270,0.3
9,1080,2,200.0,2304,-24.545454545454547,912.7247497558594,0.0003,0.0028247328,435.232666015625,-2.209910309314728,-0.0110117148142308,0.005078125,0.10967135429382324,1280,0.3
10,1070,2,200.0,2560,5.833333333333333,1415.3478240966797,0.0003,0.0014920379,780.6272583007812,-2.2501137495040893,-0.0029923489317297937,0.0046875,0.04999804496765137,1290,0.3
11,1071,2,200.0,2816,-11.428571428571429,1018.3874938964843,0.0003,0.0018978259,243.2177276611328,-1.9973778665065764,-0.005153355328366161,0.001953125,0.020709216594696045,1300,0.3
12,1066,2,200.0,3072,1.3333333333333333,911.9190979003906,0.0003,0.0010701427,479.5341491699219,-2.1311941862106325,-0.0031121055595576762,0.0,0.09496212005615234,1310,0.3
13,1066,3,200.0,3328,-33.125,1099.3253051757813,0.0003,0.0062910924,235.437255859375,-2.1476571679115297,-0.00977687919512391,0.003515625,0.07229989767074585,1320,0.3
14,1065,3,200.0,3584,-45.88235294117647,400.6568794250488,0.0003,0.008825658,122.26123809814453,-2.1441789269447327,-0.010052870120853185,0.0171875,-0.5519453287124634,1330,0.3
15,1066,3,200.0,3840,-47.36842105263158,536.1588409423828,0.0003,0.005546036,209.90321350097656,-2.0741938591003417,-0.009600310190580785,0.003515625,-0.009265899658203125,1340,0.3
16,1067,3,200.0,4096,-48.0,639.2288681030274,0.0003,0.00467473,388.6083679199219,-2.1207271814346313,-0.005110737890936435,0.001171875,0.12296539545059204,1350,0.3
17,1068,4,200.0,4352,-63.80952380952381,476.28121490478514,0.0003,0.0050540045,104.19284057617188,-1.9228747963905335,-0.0139093819539994,0.002734375,0.003903985023498535,1360,0.3
18,1068,4,200.0,4608,-45.65217391304348,1003.6970642089843,0.0003,0.00052040676,427.1449279785156,-1.9065282106399537,-0.0026030521374195816,0.0,0.040340423583984375,1370,0.3
19,1067,4,200.0,4864,-27.916666666666668,1012.208120727539,0.0003,0.0011815876,827.0241088867188,-2.1141913414001463,-0.0030699320370331405,0.00078125,0.07257729768753052,1380,0.3
20,1066,4,200.0,5120,-30.0,1504.3774963378905,0.0003,0.00021521142,545.7974853515625,-1.9342311382293702,-0.0016387623269110917,0.0,0.11862128973007202,1390,0.3
21,1065,5,200.0,5376,-30.76923076923077,846.4746963500977,0.0003,0.0438291,584.2655029296875,-2.0698399424552916,-0.016726364893838764,0.111328125,0.09682059288024902,1400,0.3
22,1066,5,200.0,5632,-50.0,184.535258102417,0.0003,0.0015832714,78.32402038574219,-2.058456766605377,0.0023084144573658704,0.0,-0.24104094505310059,1410,0.3
23,1064,5,200.0,5888,-48.62068965517241,206.28219413757324,0.0003,0.018172668,19.557905197143555,-2.1004881262779236,-0.012282995134592056,0.015625,0.1350008249282837,1420,0.3
24,1063,5,200.0,6144,-34.0,828.8602905273438,0.0003,0.003663189,395.46673583984375,-2.047540211677551,-0.0010432162322103976,0.0,0.12590348720550537,1430,0.3
25,1062,6,200.0,6400,-22.5,1226.0456481933593,0.0003,0.008529751,527.8687133789062,-2.095486283302307,-0.005867726798169315,0.0078125,0.098746657371521,1440,0.3
26,1061,6,200.0,6656,-30.90909090909091,1131.0819152832032,0.0003,0.006206628,545.1463012695312,-2.116773986816406,-0.0081276323646307,0.007421875,0.1614668369293213,1450,0.3
27,1055,6,200.0,6912,-30.294117647058822,491.1093376159668,0.0003,0.01896238,317.1988525390625,-2.2056456089019774,-0.008407418220303952,0.01875,0.14702612161636353,1460,0.3
28,1055,6,200.0,7168,-26.571428571428573,702.0621421813964,0.0003,0.0012704192,356.2191162109375,-2.18705552816391,-0.006555060227401555,0.006640625,0.247406005859375,1470,0.3
29,1054,7,200.0,7424,-31.08108108108108,578.0352798461914,0.0003,0.0042344574,253.7661895751953,-2.272720980644226,-0.011423363955691457,0.001953125,0.2479826807975769,1480,0.3
30,1055,7,200.0,7680,-46.31578947368421,892.7612457275391,0.0003,0.0019111461,423.1234436035156,-2.11141676902771,-0.002228096127510071,0.00078125,0.20016485452651978,1490,0.3
31,1055,7,200.0,7936,-55.38461538461539,433.8497543334961,0.0003,0.01461349,181.01722717285156,-2.2751847743988036,-0.012270405841991305,0.054296875,0.08939123153686523,1500,0.3
32,1055,7,200.0,8192,-52.0,648.0302688598633,0.0003,0.016761344,346.8619079589844,-2.2272642612457276,-0.01269015558063984,0.02265625,0.18415111303329468,1510,0.3
33,1055,8,200.0,8448,-45.95238095238095,1083.6822235107422,0.0003,0.007773539,494.2200012207031,-2.1625346064567568,-0.007576768822036684,0.011328125,0.21686893701553345,1520,0.3
34,1055,8,200.0,8704,-37.2093023255814,568.6641716003418,0.0003,7.1722316e-05,196.72030639648438,-2.20020010471344,-0.00010293582454323769,0.0,-0.10242724418640137,1530,0.3
35,1055,8,200.0,8960,-48.63636363636363,1150.4132537841797,0.0003,0.0009136684,340.05908203125,-2.2237822294235228,-0.0026010293047875168,0.0,0.15609508752822876,1540,0.3
36,1055,8,200.0,9216,-37.82608695652174,967.8068634033203,0.0003,0.0050417692,435.5865173339844,-2.2152284145355225,-0.00807606903836131,0.004296875,0.17446517944335938,1550,0.3
37,1055,8,200.0,9472,-32.12765957446808,1178.3779846191405,0.0003,0.0062319566,459.1943054199219,-2.1219836473464966,-0.00797123652882874,0.005078125,0.11549323797225952,1560,0.3
38,1056,9,200.0,9728,-32.291666666666664,1139.7186462402344,0.0003,0.004254155,512.9290161132812,-2.1611427783966066,-0.00766013702377677,0.0015625,0.2216523289680481,1570,0.3
39,1057,9,200.0,9984,-40.204081632653065,8.263383650779724,0.0003,0.031932168,2.3196191787719727,-2.1424824953079225,-0.016164244757965206,0.070703125,-0.09874475002288818,1580,0.3
40,1057,9,200.0,10240,-29.80392156862745,749.2393600463868,0.0003,0.009277387,519.80029296875,-2.1423375487327574,-0.005945234512910247,0.00390625,0.19930243492126465,1590,0.3
1,1369,0,200.0,256,855.0,1381.5946350097656,0.0003,0.0016135569,417.099853515625,-2.1640934705734254,-0.0041946980869397524,0.0,0.16855716705322266,1600,0.3
2,1198,0,200.0,512,605.0,2837.9620727539063,0.0003,0.0010117076,1265.018798828125,-2.092955803871155,-0.0009961550822481513,0.0,-0.0158921480178833,1210,0.3
3,1169,0,200.0,768,533.3333333333334,1809.3585205078125,0.0003,0.004473458,1123.0296630859375,-2.0284279465675352,-0.006755146908108145,0.001171875,0.025297164916992188,1220,0.3
4,1134,0,200.0,1024,376.2,2168.420764160156,0.0003,0.0069592656,1029.5494384765625,-2.0133701622486115,-0.010862691653892398,0.000390625,-0.0024727582931518555,1230,0.3
5,1122,1,200.0,1280,284.3333333333333,981.5543212890625,0.0003,0.018630799,463.21075439453125,-2.146790397167206,-0.024692846182733773,0.168359375,0.027007460594177246,1240,0.3
6,1113,1,200.0,1536,269.14285714285717,1097.0744567871093,0.0003,0.012070618,614.73583984375,-2.028863286972046,-0.015393820591270924,0.033984375,0.01990586519241333,1250,0.3
7,1108,1,200.0,1792,250.375,1357.8979064941407,0.0003,0.0056974525,813.178466796875,-1.9826858460903167,-0.010590193560346961,0.0,0.014056921005249023,1260,0.3
8,1103,1,200.0,2048,229.5,919.2653533935547,0.0003,0.013874318,149.66920471191406,-1.9427904188632965,-0.014243394415825606,0.085546875,0.0036298632621765137,1270,0.3
9,1100,2,200.0,2304,222.36363636363637,1094.2691467285156,0.0003,0.03428741,629.7735595703125,-2.027649223804474,-0.023439217964187263,0.091015625,0.03683435916900635,1280,0.3
10,1100,2,200.0,2560,227.41666666666666,2284.3596130371093,0.0003,0.0033236272,985.7564086914062,-2.1312370777130125,-0.001613700413145125,0.0,-0.002268075942993164,1290,0.3
11,1096,2,200.0,2816,183.64285714285714,227.0469841003418,0.0003,0.00024832133,95.94693756103516,-2.027775514125824,-0.0021344304317608477,0.0,-0.09948611259460449,1300,0.3
12,1097,2,200.0,3072,146.66666666666666,1329.7102630615234,0.0003,0.026789809,559.0930786132812,-2.0561633706092834,-0.01756898034363985,0.0765625,0.029729485511779785,1310,0.3
13,1090,3,200.0,3328,151.4375,577.5170989990235,0.0003,0.01875488,491.5377197265625,-2.1245483279228212,-0.011224042158573866,0.034375,0.035252153873443604,1320,0.3
14,1088,3,200.0,3584,130.0,1367.2131134033202,0.0003,0.008742929,558.2540283203125,-2.0685967564582826,-0.01404982979875058,0.008203125,0.010790526866912842,1330,0.3
15,1086,3,200.0,3840,103.26315789473684,219.4989070892334,0.0003,0.0017784943,103.07694244384766,-2.0823408007621764,-0.0025829848949797452,0.0,0.0883488655090332,1340,0.3
16,1080,3,200.0,4096,106.7,1025.9889099121094,0.0003,0.007913437,416.34307861328125,-2.1198893427848815,-0.009050880139693619,0.016796875,0.03692591190338135,1350,0.3
17,1078,4,200.0,4352,118.52380952380952,1238.827001953125,0.0003,0.00862023,809.9625854492188,-2.129771423339844,-0.009943340113386512,0.0125,0.009421467781066895,1360,0.3
18,1078,4,200.0,4608,128.17391304347825,1649.390850830078,0.0003,0.009527343,922.0823364257812,-2.0714977502822878,-0.014898691163398325,0.0109375,0.02696925401687622,1370,0.3
19,1076,4,200.0,4864,129.45833333333334,1346.6801788330079,0.0003,0.0067018163,913.9314575195312,-2.1195037841796873,-0.008693380863405764,0.00078125,0.029984235763549805,1380,0.3
20,1075,4,200.0,5120,110.96,887.1452209472657,0.0003,0.008172564,595.791015625,-2.098452055454254,-0.012841222900897264,0.036328125,0.01836186647415161,1390,0.3
21,1075,4,200.0,5376,109.23076923076923,515.1218963623047,0.0003,0.009865869,352.54449462890625,-1.957834529876709,-0.006170519860461354,0.0078125,0.026920616626739502,1400,0.3
22,1074,5,200.0,5632,127.96428571428571,1475.6524780273437,0.0003,0.013237098,350.2421569824219,-1.9871070504188537,-0.010184833407402038,0.017578125,0.023167014122009277,1410,0.3
23,1074,5,200.0,5888,124.96551724137932,1754.2119140625,0.0003,0.0030253106,869.881103515625,-2.079525864124298,-0.0034020068123936653,0.0,0.024657607078552246,1420,0.3
24,1074,5,200.0,6144,126.6,939.4441436767578,0.0003,0.013638927,309.8321533203125,-2.016962170600891,-0.011250669322907924,0.033203125,0.010733067989349365,1430,0.3
25,1072,5,200.0,6400,107.6875,1171.3976684570312,0.0003,0.020108547,659.552978515625,-2.1206295132637023,-0.016324226185679434,0.009765625,0.029164552688598633,1440,0.3
26,1072,6,200.0,6656,108.03030303030303,922.8938613891602,0.0003,0.031862587,489.6781311035156,-2.178599166870117,-0.0235177640337497,0.07578125,0.03444564342498779,1450,0.3
27,1072,6,200.0,6912,99.76470588235294,1059.5543228149413,0.0003,0.018607564,441.6632995605469,-2.1096073508262636,-0.01919657438993454,0.0671875,0.018753230571746826,1460,0.3
28,1072,6,200.0,7168,106.08571428571429,1021.1708618164063,0.0003,0.008124027,569.353515625,-2.1844640135765077,-0.009233386721462011,0.0,0.02274930477142334,1470,0.3
29,1070,6,200.0,7424,116.67567567567568,2144.006475830078,0.0003,0.0027258387,753.12353515625,-2.0105560600757597,-0.0034645139705389736,0.00078125,0.02720743417739868,1480,0.3
30,1069,7,200.0,7680,115.15789473684211,1327.4050125122071,0.0003,0.010004752,633.640869140625,-2.1934412479400636,-0.013784422632306814,0.025390625,0.019674837589263916,1490,0.3
31,1068,7,200.0,7936,101.76923076923077,1254.2251068115233,0.0003,0.019662745,392.1559753417969,-2.1770151138305662,-0.013010165235027672,0.0234375,0.018902838230133057,1500,0.3
32,1066,7,200.0,8192,98.025,693.9990478515625,0.0003,0.034018643,459.1690979003906,-2.258693075180054,-0.019242576509714126,0.073828125,0.01951885223388672,1510,0.3
33,1066,7,200.0,8448,91.85714285714286,1400.683139038086,0.0003,0.02323033,619.399658203125,-2.253489911556244,-0.02160654803737998,0.055859375,0.022980690002441406,1520,0.3
34,1064,8,200.0,8704,90.97674418604652,209.82529220581054,0.0003,0.0021401348,74.0314712524414,-2.1841692328453064,-0.003912438545376063,0.0,0.07829159498214722,1530,0.3
35,1063,8,200.0,8960,89.3409090909091,1418.4806091308594,0.0003,0.01274412,1043.8900146484375,-2.1048417687416077,-0.012876693811267614,0.012109375,0.024355173110961914,1540,0.3
36,1063,8,200.0,9216,75.67391304347827,971.0582458496094,0.0003,0.003091966,371.419921875,-2.08185076713562,-0.006404628418385983,0.000390625,0.01415872573852539,1550,0.3
37,1062,8,200.0,9472,64.29787234042553,1396.8678070068358,0.0003,0.013694761,819.6006469726562,-2.0382715463638306,-0.00985225646290928,0.02265625,0.032489001750946045,1560,0.3
38,1060,9,200.0,9728,59.645833333333336,659.4239028930664,0.0003,0.0012607402,346.8439636230469,-2.0017306923866274,-0.0033162140753120184,0.0,0.02292090654373169,1570,0.3
39,1059,9,200.0,9984,55.51020408163265,1125.4996246337892,0.0003,0.0098853,334.7489013671875,-2.119213879108429,-0.006322779646143317,0.006640625,0.021477997303009033,1580,0.3
40,1060,9,200.0,10240,70.84313725490196,1224.65595703125,0.0003,0.0047196983,842.2613525390625,-2.0687620043754578,-0.010596568952314556,0.0,0.043837666511535645,1590,0.3
1,1326,0,200.0,256,400.0,1716.1084442138672,0.0003,0.0031970355,868.769287109375,-2.0970813155174257,-0.008360715815797448,0.0,0.049855709075927734,1600,0.3
2,1161,0,200.0,512,240.0,2095.5238525390623,0.0003,0.0012211187,739.574462890625,-2.1502123951911924,-0.003214417863637209,0.00078125,-0.07865250110626221,1610,0.3
3,1127,0,200.0,768,383.3333333333333,1678.8577758789063,0.0003,0.0012379708,700.4063720703125,-2.064882552623749,-0.005739358440041542,0.0,0.10911965370178223,1620,0.3
4,1114,0,200.0,1024,190.0,995.5667236328125,0.0003,0.007190204,507.95166015625,-2.1159173011779786,-0.010299944505095481,0.009375,-0.025993943214416504,1630,0.3
5,1106,1,200.0,1280,225.0,929.0815551757812,0.0003,0.001209989,531.781494140625,-2.0599064946174623,-0.004098487086594105,0.0,0.11679983139038086,1640,0.3
6,1102,1,200.0,1536,218.57142857142858,1392.7020294189454,0.0003,0.005800578,615.1163940429688,-2.0859272360801695,-0.012898983410559594,0.01484375,0.2163359522819519,1650,0.3
7,1103,1,200.0,1792,201.25,895.9193664550781,0.0003,0.0025182818,524.88134765625,-2.1479226112365724,-0.004889244958758354,0.00078125,0.16346842050552368,1660,0.3
8,1099,1,200.0,2048,129.0,1900.890606689453,0.0003,0.016322367,633.7591552734375,-2.163067865371704,-0.015474769147112965,0.027734375,-0.023067474365234375,1670,0.3
9,1089,2,200.0,2304,104.54545454545455,514.7201065063476,0.0003,0.003505489,198.87799072265625,-2.059649443626404,-0.004081401228904724,0.000390625,-0.2806859016418457,1680,0.3
10,1085,2,200.0,2560,130.0,1339.5299713134766,0.0003,0.000885573,678.7308959960938,-2.0006634414196016,-0.003089962503872812,0.00078125,0.1052132248878479,1690,0.3
11,1081,2,200.0,2816,171.42857142857142,2196.2555725097654,0.0003,0.00022921688,918.5541381835938,-1.9810552299022675,0.00017883629770949484,0.0,0.09035754203796387,1700,0.3
12,1079,2,200.0,3072,138.0,1256.1288330078125,0.0003,0.004797126,456.6988830566406,-2.05838143825531,-0.0069859902374446396,0.004296875,0.22471851110458374,1710,0.3
13,1079,3,200.0,3328,141.25,1423.1227447509766,0.0003,0.0018175871,938.45361328125,-2.164963722229004,-0.0011515581514686345,0.000390625,0.15254110097885132,1720,0.3
14,1078,3,200.0,3584,170.0,846.7600952148438,0.0003,0.012192381,509.6757507324219,-2.0273595571517946,-0.01108297063037753,0.004296875,0.22188812494277954,1730,0.3
15,1077,3,200.0,3840,174.21052631578948,2074.1060180664062,0.0003,0.012626631,834.9345703125,-2.077491021156311,-0.008466599974781275,0.02578125,0.16194581985473633,1740,0.3
16,1076,3,200.0,4096,174.0,1011.728970336914,0.0003,0.0036095257,408.3818359375,-2.0155713260173798,-0.004517039284110069,0.0,0.0330999493598938,1750,0.3
17,1070,4,200.0,4352,210.0,1928.9591247558594,0.0003,0.0033535692,1059.6805419921875,-1.954063630104065,-0.0023567501455545427,0.00234375,0.06738990545272827,1760,0.3
18,1065,4,200.0,4608,227.3913043478261,1358.7307586669922,0.0003,0.012574157,567.2396850585938,-1.9412328004837036,-0.01205612337216735,0.0265625,0.16450423002243042,1770,0.3
19,1062,4,200.0,4864,226.25,1565.9271484375,0.0003,0.00986708,640.4597778320312,-1.8921919524669648,-0.008445065468549728,0.0125,0.12738293409347534,1780,0.3
20,1063,4,200.0,5120,222.4,870.6186737060547,0.0003,0.002405021,417.8408203125,-2.02145317196846,-0.003966275858692825,0.0,0.1761961579322815,1790,0.3
21,1063,5,200.0,5376,215.0,1090.9353332519531,0.0003,0.0010808054,567.6795043945312,-2.190406858921051,0.000843234348576516,0.0,0.11614125967025757,1800,0.3
22,1063,5,200.0,5632,214.28571428571428,1917.715771484375,0.0003,0.00048651826,825.8367919921875,-1.9951967298984528,-0.0015821696491912008,0.0,0.23286986351013184,1810,0.3
23,1062,5,200.0,5888,220.68965517241378,598.0638977050781,0.0003,0.0078026606,308.3705749511719,-2.117989706993103,-0.007604833692312241,0.00234375,0.1603599190711975,1820,0.3
24,1061,5,200.0,6144,218.33333333333334,1076.9215026855468,0.0003,0.0026032543,554.90234375,-2.1019583225250242,-0.0023495764937251805,0.002734375,0.2192804217338562,1830,0.3
25,1059,6,200.0,6400,223.75,2078.166125488281,0.0003,0.0004936713,961.31640625,-1.9699474811553954,-0.002181714307516813,0.0,0.26357537508010864,1840,0.3
26,1060,6,200.0,6656,234.24242424242425,446.7785675048828,0.0003,0.0008947002,76.06340789794922,-2.081227970123291,-0.0033197001670487226,0.0,0.2469710111618042,1850,0.3
27,1060,6,200.0,6912,227.05882352941177,1490.29091796875,0.0003,0.003983873,745.1065063476562,-2.031315767765045,-0.008047472778707742,0.005859375,0.21098750829696655,1860,0.3
28,1061,6,200.0,7168,216.0,1070.412564086914,0.0003,0.014216268,583.8082275390625,-1.9688682019710542,-0.0077522426377981905,0.025390625,0.29236292839050293,1870,0.3
29,1061,6,200.0,7424,198.9189189189189,170.75279579162597,0.0003,0.012313266,94.77883911132812,-2.1491551041603087,-0.014122155867516995,0.019140625,0.260598361492157,1880,0.3
30,1061,7,200.0,7680,186.05263157894737,1139.3055877685547,0.0003,0.007581793,373.24481201171875,-2.246328830718994,-0.007258818729314953,0.00859375,0.1089850664138794,1890,0.3
31,1061,7,200.0,7936,191.02564102564102,692.4139251708984,0.0003,0.0007978333,146.52394104003906,-2.1001608848571776,-0.003671965328976512,0.0,0.36786240339279175,1900,0.3
32,1059,7,200.0,8192,191.5,571.1979858398438,0.0003,0.0020411718,184.72586059570312,-2.189062714576721,-0.0040060696890577676,0.004296875,-0.04210376739501953,1910,0.3
33,1060,7,200.0,8448,195.95238095238096,1745.881362915039,0.0003,0.0027198477,861.68408203125,-2.123456370830536,-0.005468402337282896,0.001171875,0.13502120971679688,1920,0.3
34,1059,8,200.0,8704,205.8139534883721,832.5528091430664,0.0003,0.0011425368,395.2486267089844,-2.16484739780426,-0.0021782217547297476,0.0,0.04804491996765137,1930,0.3
35,1059,8,200.0,8960,198.63636363636363,1485.6472106933593,0.0003,0.0006472387,670.1358642578125,-2.0605649948120117,-0.0033340136520564555,0.0,0.21855419874191284,1940,0.3
36,1060,8,200.0,9216,192.3913043478261,950.1905700683594,0.0003,0.0078905355,477.774658203125,-2.1945595741271973,-0.005972133111208677,0.01015625,0.19611001014709473,1950,0.3
37,1060,8,200.0,9472,190.4255319148936,1371.337728881836,0.0003,0.0011322009,473.4309387207031,-2.1048789381980897,-0.002319815685041249,0.0,0.1643415093421936,1960,0.3
38,1060,9,200.0,9728,200.625,1210.9673614501953,0.0003,0.006988746,768.9891357421875,-2.073809266090393,-0.007440219935961068,0.01015625,0.22437167167663574,1970,0.3
39,1059,9,200.0,9984,195.10204081632654,1101.0248809814452,0.0003,0.00627207,572.6712036132812,-2.0781746745109557,-0.006848279526457191,0.0046875,0.25840651988983154,1980,0.3
40,1060,9,200.0,10240,198.8235294117647,914.7347412109375,0.0003,0.0034213383,404.91058349609375,-2.0949730277061462,-0.004975457536056637,0.0,0.21681559085845947,1990,0.3
1,1419,0,200.0,256,110.0,1141.6825485229492,0.0003,0.016111594,568.159423828125,-2.044515097141266,-0.021541626565158366,0.04375,0.011702656745910645,2000,0.3
2,1231,0,200.0,512,-107.0,1222.5041259765626,0.0003,0.0016608262,505.0199890136719,-2.0811890959739685,-0.0033434406854212285,0.0,0.051829636096954346,1610,0.3
3,1168,0,200.0,768,21.0,895.8592163085938,0.0003,0.003711017,396.2196350097656,-2.0225720763206483,-0.005671564070507884,0.0,0.0431138277053833,1620,0.3
4,1133,0,200.0,1024,147.8,1778.067236328125,0.0003,0.004057655,762.7345581054688,-1.990786999464035,-0.008182999794371426,0.0,0.021799087524414062,1630,0.3
5,1119,1,200.0,1280,63.0,1252.2575286865235,0.0003,0.011496196,391.5983581542969,-1.9811976552009583,-0.013777468050830067,0.005859375,0.039100825786590576,1640,0.3
6,1117,1,200.0,1536,43.57142857142857,592.1892318725586,0.0003,0.0079473,457.7304992675781,-1.940959894657135,-0.010768835875205695,0.001171875,0.03512686491012573,1650,0.3
7,1111,1,200.0,1792,-2.875,125.70050964355468,0.0003,0.004942516,36.7131233215332,-2.138359522819519,-0.0005920390598475933,0.0,0.16193431615829468,1660,0.3
8,1104,1,200.0,2048,10.6,938.3014129638672,0.0003,0.03422994,580.6083374023438,-2.1332895755767822,-0.02253831601701677,0.06171875,0.045130014419555664,1670,0.3
9,1088,2,200.0,2304,65.0,1035.5368865966798,0.0003,0.022426285,633.5191650390625,-2.0858471751213075,-0.010619214293546975,0.02890625,0.05670344829559326,1680,0.3
10,1082,2,200.0,2560,78.5,1981.6266235351563,0.0003,0.0006991003,1180.89404296875,-2.112613391876221,-0.001712877512909472,0.0,0.05210471153259277,1690,0.3
11,1075,2,200.0,2816,88.85714285714286,1283.6087646484375,0.0003,0.0040521813,702.8761596679688,-2.148396110534668,-0.0069309825543314215,0.0,0.05247420072555542,1700,0.3
12,1075,2,200.0,3072,77.13333333333334,1411.2604370117188,0.0003,0.003782392,997.0814208984375,-2.201934826374054,-0.00604246947914362,0.0,0.06872165203094482,1710,0.3
13,1076,3,200.0,3328,82.0,943.6470825195313,0.0003,0.0049939025,606.8506469726562,-2.0750274777412416,-0.011055781925097107,0.000390625,0.04734313488006592,1720,0.3
14,1074,3,200.0,3584,86.94117647058823,718.3181045532226,0.0003,0.0068451734,366.84454345703125,-2.140941870212555,-0.007960520219057798,0.003515625,0.026537537574768066,1730,0.3
15,1066,3,200.0,3840,93.63157894736842,542.6730590820313,0.0003,0.030859213,212.3660125732422,-2.0829726338386534,-0.02566590318456292,0.059375,0.06749844551086426,1740,0.3
16,1067,3,200.0,4096,89.3,1824.608709716797,0.0003,0.0077282726,830.362060546875,-2.0072034299373627,-0.006425919476896524,0.0,0.08519583940505981,1750,0.3
17,1068,4,200.0,4352,116.52380952380952,1676.074200439453,0.0003,0.008826589,850.4185180664062,-1.9087757408618926,-0.010509688011370599,0.006640625,0.061334967613220215,1760,0.3
18,1068,4,200.0,4608,133.91304347826087,905.4574554443359,0.0003,0.014457269,419.3656005859375,-1.9465581476688385,-0.01866386169567704,0.00859375,0.09606772661209106,1770,0.3
19,1067,4,200.0,4864,145.33333333333334,2849.762835693359,0.0003,0.0027475872,1405.59912109375,-1.9713800072669982,-0.0038130342960357665,0.0,0.07567274570465088,1780,0.3
20,1066,4,200.0,5120,126.92,1253.6555404663086,0.0003,0.004839645,580.9573974609375,-2.0382210969924928,-0.007686777063645423,0.001171875,0.1197441816329956,1790,0.3
21,1067,5,200.0,5376,146.53846153846155,887.5850372314453,0.0003,0.0053008124,281.62078857421875,-2.0351051092147827,-0.006568269070703537,0.00078125,0.1011309027671814,1800,0.3
22,1067,5,200.0,5632,113.92857142857143,763.9716186523438,0.0003,0.015022585,322.98602294921875,-2.14099383354187,-0.013270106865093112,0.008203125,0.13144010305404663,1810,0.3
23,1067,5,200.0,5888,116.58620689655173,656.4518569946289,0.0003,0.007123673,340.57513427734375,-2.1606645345687867,-0.00948077579960227,0.0,0.04373490810394287,1820,0.3
24,1067,5,200.0,6144,126.0,1569.1084777832032,0.0003,0.00249384,1071.328125,-2.096870410442352,-0.0050399670843034984,0.0,0.1110265851020813,1830,0.3
25,1067,5,200.0,6400,111.6875,489.2458801269531,0.0003,0.021151626,166.88034057617188,-2.050234067440033,-0.01621587623376399,0.0375,0.1343591809272766,1840,0.3
26,1066,6,200.0,6656,106.60606060606061,921.6421813964844,0.0003,0.0127521055,261.3634033203125,-2.1840497851371765,-0.013663865462876856,0.015234375,0.06376826763153076,1850,0.3
27,1067,6,200.0,6912,115.20588235294117,938.1738311767579,0.0003,0.013652136,462.67138671875,-2.1782888054847716,-0.012405653530731798,0.02265625,0.09566283226013184,1860,0.3
28,1066,6,200.0,7168,123.97142857142858,1280.2003936767578,0.0003,0.00083478563,590.004638671875,-2.1701877117156982,-0.0003894648049026728,0.0,0.07669055461883545,1870,0.3
29,1066,6,200.0,7424,129.72972972972974,1242.8875518798827,0.0003,0.005622314,629.4981079101562,-2.2277756929397583,-0.006286747986450791,0.001953125,0.10811126232147217,1880,0.3
30,1066,7,200.0,7680,129.0,2256.192248535156,0.0003,0.0053645014,1336.6832275390625,-2.089495086669922,-0.004498606640845537,0.0,0.012360334396362305,1890,0.3
31,1066,7,200.0,7936,123.05128205128206,883.516682434082,0.0003,0.006587021,392.50811767578125,-2.1895570516586305,-0.008902185276383534,0.0,0.12223845720291138,1900,0.3
32,1060,7,200.0,8192,117.1,178.87698135375976,0.0003,0.010605256,89.1008529663086,-2.117330455780029,-0.00994144226424396,0.004296875,0.03004401922225952,1910,0.3
33,1060,7,200.0,8448,122.95238095238095,1568.3409362792968,0.0003,0.0009975866,485.2859802246094,-2.1076993584632873,-0.005130626866593957,0.000390625,0.14052629470825195,1920,0.3
34,1061,8,200.0,8704,118.11627906976744,1203.1175354003906,0.0003,0.01660876,517.1782836914062,-2.090062606334686,-0.00976757574826479,0.0203125,0.15844887495040894,1930,0.3
35,1061,8,200.0,8960,105.88636363636364,48.23752098083496,0.0003,0.0029153305,18.541126251220703,-2.2345091223716738,-0.006931841233745217,0.0,-2.0104048252105713,1940,0.3
36,1060,8,200.0,9216,94.84782608695652,166.77254066467285,0.0003,0.0018321075,91.6321792602539,-2.2211472630500793,-0.005945506971329451,0.0,0.09939515590667725,1950,0.3
37,1061,8,200.0,9472,95.25531914893617,943.402995300293,0.0003,0.009581439,306.3086242675781,-2.235516679286957,-0.008928558230400086,0.01015625,0.12276279926300049,1960,0.3
38,1062,9,200.0,9728,97.16666666666667,1664.7447631835937,0.0003,0.0014055374,842.4635009765625,-1.9767434418201446,-0.00467782630585134,0.0,0.13646870851516724,1970,0.3
39,1062,9,200.0,9984,88.75510204081633,77.47698650360107,0.0003,0.0031331035,32.690250396728516,-2.149300241470337,-0.004283125582151115,0.0,0.23167115449905396,1980,0.3
40,1062,9,200.0,10240,96.41176470588235,821.2508056640625,0.0003,0.004863401,570.9920654296875,-2.1679714560508727,-0.006499198824167251,0.0,0.165574848651886,1990,0.3
1,1344,0,200.0,256,910.0,1311.0853912353516,0.0003,0.0036707153,553.9185791015625,-2.149566626548767,-0.0029441134771332144,0.0,0.15190160274505615,2000,0.3
2,1142,0,200.0,512,700.0,2022.2382202148438,0.0003,0.0011475969,966.6317749023438,-1.9576263844966888,-0.002699444489553571,0.0,0.26024329662323,2010,0.3
3,1133,0,200.0,768,453.3333333333333,961.3701385498047,0.0003,0.006062004,315.5400390625,-2.0196346640586853,-0.009697978431358934,0.01015625,0.25452232360839844,2020,0.3
4,1118,0,200.0,1024,262.0,796.9441284179687,0.0003,0.0052945185,396.1763000488281,-1.951972597837448,-0.010649635375011712,0.01484375,-0.09910798072814941,2030,0.3
5,1111,1,200.0,1280,280.0,912.215298461914,0.0003,0.006612016,509.56829833984375,-2.1522323846817017,-0.010765775968320668,0.014453125,0.0825236439704895,2040,0.3
6,1100,1,200.0,1536,297.14285714285717,1917.4442749023438,0.0003,0.0049602767,778.310791015625,-2.070412242412567,-0.005501097231172025,0.0078125,0.08312147855758667,2050,0.3
7,1097,1,200.0,1792,276.25,1225.9065704345703,0.0003,0.004965449,626.76318359375,-2.0818976879119875,-0.005596540169790387,0.00390625,0.11267900466918945,2060,0.3
8,1095,1,200.0,2048,295.0,1207.0369506835937,0.0003,0.021785889,685.708984375,-2.0551632761955263,-0.01918902900069952,0.028515625,0.08847135305404663,2070,0.3
9,1094,2,200.0,2304,277.27272727272725,1640.2496337890625,0.0003,0.0010825116,835.3912963867188,-2.0142641723155976,-0.0012892007711343468,0.0,0.12209963798522949,2080,0.3
10,1085,2,200.0,2560,270.8333333333333,1384.1564575195312,0.0003,0.000525228,634.1730346679688,-2.0369146704673766,-0.001719159772619605,0.0,0.09637367725372314,2090,0.3
11,1076,2,200.0,2816,275.0,1001.3431457519531,0.0003,0.0017351888,635.7367553710938,-1.857435840368271,-0.0035628250800073145,0.0,0.3095751404762268,2100,0.3
12,1074,2,200.0,3072,249.33333333333334,1045.8721572875977,0.0003,0.0033921145,460.49273681640625,-2.077342391014099,-0.006373024056665599,0.003125,0.10515528917312622,2110,0.3
13,1071,3,200.0,3328,259.375,615.4700927734375,0.0003,0.004338014,342.7950744628906,-2.150359296798706,-0.006597291538491845,0.002734375,0.020508885383605957,2120,0.3
14,1071,3,200.0,3584,267.6470588235294,1235.9704162597657,0.0003,0.0009073019,568.5184326171875,-2.021595668792725,-0.004296095343306661,0.001953125,0.2680811882019043,2130,0.3
15,1071,3,200.0,3840,273.1578947368421,1095.2457061767577,0.0003,0.011428418,690.3646240234375,-2.132665693759918,-0.01366518191061914,0.021484375,0.24426907300949097,2140,0.3
16,1070,3,200.0,4096,262.0,1755.0414489746095,0.0003,0.0008843043,767.874267578125,-1.9610568583011627,-0.0024839293444529177,0.00078125,0.2902056574821472,2150,0.3
17,1070,4,200.0,4352,252.85714285714286,860.8204467773437,0.0003,0.007229035,592.2166137695312,-2.0126325070858,-0.007973461179062724,0.009765625,0.1820523738861084,2160,0.3
18,1069,4,200.0,4608,261.30434782608694,1592.4267700195312,0.0003,0.0055486364,978.8793334960938,-2.0698020577430727,-0.006036578863859177,0.019921875,0.11501437425613403,2170,0.3
19,1068,4,200.0,4864,264.1666666666667,1513.439715576172,0.0003,0.00037467084,837.2662963867188,-2.0396666526794434,-0.0014129232615232468,0.0,-0.019719958305358887,2180,0.3
20,1068,4,200.0,5120,276.4,1191.4333587646483,0.0003,0.001975931,508.6467590332031,-2.0428477585315705,-0.007776330760680139,0.001171875,0.2086048722267151,2190,0.3
21,1068,5,200.0,5376,263.46153846153845,1323.4666748046875,0.0003,0.0047291145,623.0343627929688,-2.030847007036209,-0.009864834393374622,0.009375,0.25681543350219727,2200,0.3
22,1064,5,200.0,5632,272.14285714285717,1455.8781005859375,0.0003,0.0019800405,829.416748046875,-1.9889674484729767,-0.006027064472436905,0.0,0.2638548016548157,2210,0.3
23,1063,5,200.0,5888,261.37931034482756,1444.3998596191407,0.0003,0.0015930487,707.54931640625,-2.0430498480796815,-0.004293692414648831,0.0,0.16339629888534546,2220,0.3
24,1056,5,200.0,6144,239.33333333333334,413.6199104309082,0.0003,0.0037901895,269.8066101074219,-2.0214692115783692,-0.008435655850917101,0.00546875,0.21378719806671143,2230,0.3
25,1057,6,200.0,6400,222.1875,638.3832366943359,0.0003,0.0037093514,220.57720947265625,-2.1118830680847167,-0.005267501226626337,0.00234375,0.10098081827163696,2240,0.3
26,1058,6,200.0,6656,200.9090909090909,358.8445190429687,0.0003,0.014379234,150.94834899902344,-2.0869483232498167,-0.0068770436220802365,0.008984375,0.3913886547088623,2250,0.3
27,1058,6,200.0,6912,192.94117647058823,610.576319885254,0.0003,0.013426271,213.27183532714844,-2.0880767464637757,-0.007922092406079172,0.0125,-0.6000639200210571,2260,0.3
28,1058,6,200.0,7168,198.57142857142858,860.8345092773437,0.0003,0.00041835476,279.6488342285156,-1.945906400680542,-0.001263246568851173,0.0,0.023937523365020752,2270,0.3
29,1058,7,200.0,7424,194.05405405405406,1843.3787536621094,0.0003,0.0063700825,707.2340087890625,-1.7475251972675323,-0.012482411693781614,0.0203125,0.3028717041015625,2280,0.3
30,1058,7,200.0,7680,192.10526315789474,728.552490234375,0.0003,0.0016927109,350.30426025390625,-1.99111368060112,-0.0030040833866223694,0.0,0.13993710279464722,2290,0.3
31,1059,7,200.0,7936,181.53846153846155,877.8137100219726,0.0003,0.0038671347,519.1182250976562,-1.977197962999344,-0.007828137511387468,0.001953125,0.2892026901245117,2300,0.3
32,1059,7,200.0,8192,166.75,574.1838638305665,0.0003,0.0041362615,103.8301773071289,-2.017336517572403,-0.007609991438221187,0.006640625,0.2851117253303528,2310,0.3
33,1059,7,200.0,8448,158.33333333333334,681.0684936523437,0.0003,0.026341721,433.2992248535156,-1.926458215713501,-0.01579948195721954,0.03046875,0.40725070238113403,2320,0.3
34,1058,8,200.0,8704,176.27906976744185,485.2001792907715,0.0003,0.008665719,338.5784606933594,-2.096101713180542,-0.00889620864763856,0.0015625,0.2899130582809448,2330,0.3
35,1058,8,200.0,8960,181.36363636363637,1758.884521484375,0.0003,0.005337298,765.473388671875,-2.0192407608032226,-0.0009100684430450201,0.005859375,0.24486303329467773,2340,0.3
36,1059,8,200.0,9216,162.82608695652175,1771.1633361816407,0.0003,0.006800966,839.2349853515625,-1.9633403182029725,-0.007510106894187629,0.0046875,-0.10704314708709717,2350,0.3
37,1058,8,200.0,9472,158.93617021276594,395.4638221740723,0.0003,0.002853334,192.3468780517578,-1.9863472819328307,-0.003399692359380424,0.001171875,0.27126121520996094,2360,0.3
38,1053,9,200.0,9728,154.79166666666666,1235.5719604492188,0.0003,0.008150728,765.221435546875,-2.094351053237915,-0.004397188918665052,0.012890625,0.25549519062042236,2370,0.3
39,1053,9,200.0,9984,158.16326530612244,708.7206649780273,0.0003,0.011000162,265.5736083984375,-1.9835082709789276,-0.005513083189725876,0.004296875,0.34908193349838257,2380,0.3
40,1053,9,200.0,10240,168.0392156862745,1637.85625,0.0003,0.0048439056,846.5621948242188,-1.9122535943984986,-0.003997748671099544,0.00546875,0.3174837827682495,2390,0.3
1,1389,0,200.0,256,383.0,879.8197509765625,0.0003,0.003244791,418.21630859375,-2.0989131927490234,-0.006168911699205637,0.004296875,0.15975183248519897,2400,0.3
2,1217,0,200.0,512,66.0,1264.4210968017578,0.0003,0.006479793,612.3701171875,-2.1975713968276978,-0.009552504494786262,0.001953125,0.13022750616073608,2010,0.3
3,1167,0,200.0,768,33.666666666666664,205.03346481323243,0.0003,0.0011294694,85.71049499511719,-2.2366325855255127,-0.0030002005980350075,0.0,0.22465181350708008,2020,0.3
4,1143,0,200.0,1024,-24.2,2125.528485107422,0.0003,0.00095331436,1163.409912109375,-2.2342788100242617,-0.0026042731013149025,0.0,0.14004254341125488,2030,0.3
5,1116,1,200.0,1280,-45.333333333333336,763.9734619140625,0.0003,0.002436832,405.4454650878906,-2.2032181143760683,-0.004519480839371681,0.000390625,-0.20832324028015137,2040,0.3
6,1094,1,200.0,1536,1.8571428571428572,958.0026885986329,0.0003,0.00050439266,543.313720703125,-2.2940037846565247,-0.002206883649341762,0.0,0.014119565486907959,2050,0.3
7,1084,1,200.0,1792,27.25,1882.8351257324218,0.0003,0.0012685363,1025.3187255859375,-2.273892366886139,-0.0037649628706276418,0.0,0.13511496782302856,2060,0.3
8,1080,1,200.0,2048,28.3,1258.9627899169923,0.0003,0.001327836,686.0178833007812,-2.198896753787994,-0.00447704535908997,0.0,0.12407052516937256,2070,0.3
9,1078,2,200.0,2304,-10.363636363636363,137.80310020446777,0.0003,0.0067081605,51.894840240478516,-2.2498101115226747,-0.008992512011900544,0.005859375,0.2640400528907776,2080,0.3
10,1074,2,200.0,2560,44.166666666666664,1284.6622833251954,0.0003,0.004786377,321.3894348144531,-2.2056909799575806,-0.010488712997175752,0.003125,0.12287122011184692,2090,0.3
11,1073,2,200.0,2816,56.285714285714285,1568.468701171875,0.0003,0.0067886934,684.2285766601562,-2.154684269428253,-0.008410186227411031,0.001953125,0.11902672052383423,2100,0.3
12,1071,2,200.0,3072,73.93333333333334,583.88510055542,0.0003,0.010536481,437.327392578125,-2.139610028266907,-0.013436788809485734,0.011328125,0.12813103199005127,2110,0.3
13,1070,3,200.0,3328,109.875,2045.5165771484376,0.0003,0.03486815,1322.2391357421875,-2.016612684726715,-0.013071232615038753,0.146875,0.08113527297973633,2120,0.3
14,1071,3,200.0,3584,139.35294117647058,1895.411932373047,0.0003,0.002280124,1100.2509765625,-2.0618342995643615,-0.0034776383312419058,0.001171875,0.06113678216934204,2130,0.3
15,1072,3,200.0,3840,106.47368421052632,722.7951232910157,0.0003,0.0018122015,327.8681640625,-2.0660403966903687,-0.005459852563217282,0.0,-0.06090950965881348,2140,0.3
16,1071,3,200.0,4096,129.75,998.0732788085937,0.0003,0.0076894583,626.4689331054688,-2.076897644996643,-0.00841477238573134,0.0046875,0.15160179138183594,2150,0.3
17,1066,4,200.0,4352,120.61904761904762,1909.8622802734376,0.0003,0.008783704,1018.67529296875,-2.027655375003815,-0.015723240002989768,0.0015625,0.10461670160293579,2160,0.3
18,1066,4,200.0,4608,132.8695652173913,931.1315612792969,0.0003,0.008379995,401.68328857421875,-2.021170127391815,-0.007835853996220976,0.008203125,-0.09165048599243164,2170,0.3
19,1067,4,200.0,4864,123.54166666666667,1662.785400390625,0.0003,0.0044319406,853.1309814453125,-1.957624226808548,-0.005403140070848167,0.00078125,0.15685749053955078,2180,0.3
20,1066,4,200.0,5120,105.2,1176.8282135009765,0.0003,0.011594438,291.7537536621094,-1.937506651878357,-0.006350837973877787,0.012890625,-0.11463665962219238,2190,0.3
21,1064,5,200.0,5376,112.38461538461539,782.4255584716797,0.0003,0.0020408903,374.087646484375,-1.9850682079792024,-0.003926866734400391,0.0,-0.31097567081451416,2200,0.3
22,1063,5,200.0,5632,96.39285714285714,1610.3695587158204,0.0003,0.0066179307,886.5241088867188,-1.9234160482883453,-0.006595989456400275,0.0,0.06579780578613281,2210,0.3
23,1062,5,200.0,5888,95.3103448275862,526.8991073608398,0.0003,0.008379677,300.6878356933594,-2.0125324010848997,-0.010351226897910237,0.00546875,0.08871150016784668,2220,0.3
24,1062,5,200.0,6144,82.86666666666666,947.9791839599609,0.0003,0.014545197,601.6587524414062,-2.0059589087963103,-0.008129543717950582,0.033984375,0.041442036628723145,2230,0.3
25,1061,6,200.0,6400,76.3125,1258.7944396972657,0.0003,0.016807064,449.95367431640625,-2.074208915233612,-0.015488096559420229,0.01484375,-0.0022466182708740234,2240,0.3
26,1057,6,200.0,6656,64.39393939393939,1167.6388626098633,0.0003,0.007324697,593.35546875,-2.0935128211975096,-0.003298451891168952,0.018359375,0.15205049514770508,2250,0.3
27,1059,6,200.0,6912,60.411764705882355,129.4015769958496,0.0003,0.001258943,82.48103332519531,-2.0995858550071715,-0.004253723402507603,0.0,0.21927529573440552,2260,0.3
28,1060,6,200.0,7168,69.85714285714286,1776.4734985351563,0.0003,0.007917831,955.5499267578125,-2.0360760748386384,-0.0057369637535884975,0.003515625,0.1306188702583313,2270,0.3
29,1058,7,200.0,7424,107.97297297297297,1978.5976013183595,0.0003,0.0027586964,1102.092529296875,-2.0606762170791626,-0.002650100993923843,0.0,0.19243478775024414,2280,0.3
30,1057,7,200.0,7680,126.84210526315789,2108.2632385253905,0.0003,0.01699763,1383.2696533203125,-2.0515698075294493,-0.016588513273745775,0.0265625,0.12209641933441162,2290,0.3
31,1058,7,200.0,7936,121.38461538461539,2307.984686279297,0.0003,0.0013108377,1038.0546875,-1.9760451674461366,-0.0009651665342971683,0.0,0.16564583778381348,2300,0.3
32,1059,7,200.0,8192,126.55,1168.9366760253906,0.0003,0.037810445,464.1888122558594,-2.1022544145584106,-0.023665022617205978,0.0890625,0.16842108964920044,2310,0.3
33,1060,7,200.0,8448,131.85714285714286,1742.9327209472656,0.0003,0.0032241188,1000.1390991210938,-2.143111598491669,-0.004895305959507823,0.0,-0.0381166934967041,2320,0.3
34,1060,8,200.0,8704,126.37209302325581,630.3047576904297,0.0003,0.010735232,239.6699981689453,-2.0673796772956847,-0.011664084531366825,0.010546875,0.026509642601013184,2330,0.3
35,1061,8,200.0,8960,121.61363636363636,544.5150360107422,0.0003,0.026827104,213.4373016357422,-2.1220074772834776,-0.02036320846527815,0.0421875,0.18523985147476196,2340,0.3
36,1061,8,200.0,9216,122.19565217391305,1756.8721557617187,0.0003,0.0035204443,1022.7838745117188,-2.015055185556412,-0.004278714978136122,0.0,0.037066519260406494,2350,0.3
37,1062,8,200.0,9472,126.29787234042553,999.9047271728516,0.0003,0.0074249106,459.028076171875,-1.9377233862876893,-0.007684625661931932,0.001171875,0.15180623531341553,2360,0.3
38,1062,9,200.0,9728,135.33333333333334,1573.3659912109374,0.0003,0.013925325,804.9774780273438,-2.1103107810020445,-0.0204915267881006,0.00859375,0.10336840152740479,2370,0.3
39,1062,9,200.0,9984,143.18367346938774,2188.980712890625,0.0003,0.0028542085,1038.8104248046875,-2.0999840021133425,-0.007070618867874146,0.0,0.11071699857711792,2380,0.3
40,1062,9,200.0,10240,152.09803921568627,1516.9547973632812,0.0003,0.0060891733,603.6416625976562,-2.14792799949646,-0.006588522647507489,0.0,0.15865319967269897,2390,0.3
1,1388,0,200.0,256,440.0,2374.730108642578,0.0003,0.0019551932,857.537109375,-2.0994491577148438,-0.006757856998592615,0.0,0.10432833433151245,2400,0.3
2,1215,0,200.0,512,420.0,1466.9574920654297,0.0003,0.00049799564,470.09979248046875,-1.8670733511447906,-0.002203521318733692,0.0,0.1619839072227478,2410,0.3
3,1147,0,200.0,768,270.0,1265.2492950439453,0.0003,0.0015591665,548.9069213867188,-2.0815065026283266,-0.0041282532503828405,0.0,0.11101245880126953,2420,0.3
4,1117,0,200.0,1024,248.0,1171.2726287841797,0.0003,0.0067165773,830.705810546875,-2.060698354244232,-0.00410115288104862,0.007421875,0.156813383102417,2430,0.3
5,1100,1,200.0,1280,221.66666666666666,679.8228912353516,0.0003,0.013506597,282.5588684082031,-1.8059108972549438,-0.002540143649093807,0.015234375,0.2614515423774719,2440,0.3
6,1094,1,200.0,1536,284.2857142857143,1199.704736328125,0.0003,0.012546286,399.4232482910156,-1.9213724076747893,-0.008528060652315617,0.022265625,0.21181011199951172,2450,0.3
7,1093,1,200.0,1792,305.0,1670.7466857910156,0.0003,0.0028226504,880.4664916992188,-1.797197586297989,-0.005458436789922416,0.00234375,0.1757381558418274,2460,0.3
8,1088,1,200.0,2048,327.0,1001.7297271728515,0.0003,0.0083195465,527.4635620117188,-1.9441321730613708,-0.007554090605117381,0.01015625,0.1934800148010254,2470,0.3
9,1081,2,200.0,2304,313.6363636363636,1804.0985229492187,0.0003,0.001593505,1077.5377197265625,-1.934300833940506,-0.003109390928875655,0.0,0.19963783025741577,2480,0.3
10,1082,2,200.0,2560,359.1666666666667,1441.3975372314453,0.0003,0.0080531575,823.3616943359375,-1.9631284534931184,-0.012346157757565378,0.01484375,0.14195406436920166,2490,0.3
11,1081,2,200.0,2816,318.57142857142856,1112.3154235839843,0.0003,0.014637384,488.64508056640625,-1.915673565864563,-0.011719496315345168,0.0484375,0.2724776864051819,2500,0.3
12,1078,2,200.0,3072,326.6666666666667,666.7822616577148,0.0003,0.013855566,317.139892578125,-1.9898881196975708,-0.0070701923687011,0.023046875,0.38161635398864746,2510,0.3
13,1075,3,200.0,3328,318.125,940.1698760986328,0.0003,0.0063838786,319.34344482421875,-1.9646733045578002,-0.006102622370235622,0.000390625,0.35389912128448486,2520,0.3
14,1074,3,200.0,3584,319.4117647058824,1260.3940979003905,0.0003,0.006215347,517.9007568359375,-1.8103255569934844,-0.003517586493398994,0.00625,0.30863457918167114,2530,0.3
15,1070,3,200.0,3840,294.2105263157895,980.3513397216797,0.0003,0.003751518,393.44580078125,-1.9482487976551055,-0.00978266792371869,0.002734375,0.21797418594360352,2540,0.3
16,1067,3,200.0,4096,265.0,1135.3502258300782,0.0003,0.027591577,592.38427734375,-1.8702498853206635,-0.016283136513084173,0.0828125,0.052191972732543945,2550,0.3
17,1068,4,200.0,4352,272.3809523809524,762.0732559204101,0.0003,0.0019095372,282.18267822265625,-1.8757719278335572,-0.0036594628589227797,0.0015625,-0.042561888694763184,2560,0.3
18,1068,4,200.0,4608,254.34782608695653,1371.530502319336,0.0003,0.002802946,527.2283325195312,-1.9086387276649475,-0.003665804141201079,0.001171875,0.16378873586654663,2570,0.3
19,1067,4,200.0,4864,237.91666666666666,1186.0582183837892,0.0003,0.009260367,521.4545288085938,-1.9257690548896789,-0.011032760026864707,0.021484375,0.1323145627975464,2580,0.3
20,1068,4,200.0,5120,242.0,816.20634765625,0.0003,0.017792791,406.753173828125,-1.92518453001976,-0.009280730062164367,0.04765625,0.28026705980300903,2590,0.3
21,1068,5,200.0,5376,223.07692307692307,821.7503158569336,0.0003,0.0067755613,539.5529174804688,-1.9991579532623291,-0.010919331992045044,0.00859375,0.2275591492652893,2600,0.3
22,1070,5,200.0,5632,225.71428571428572,1067.4856201171874,0.0003,0.022048201,339.1725769042969,-1.8923096776008606,-0.010870007192716002,0.055859375,0.32829588651657104,2610,0.3
23,1070,5,200.0,5888,213.10344827586206,762.9389465332031,0.0003,0.012012055,364.11962890625,-1.9472542762756349,-0.007993040839210153,0.0,0.308138906955719,2620,0.3
24,1070,5,200.0,6144,219.0,1114.136880493164,0.0003,0.012909592,642.9119262695312,-1.9109749615192413,-0.009390834532678128,0.02421875,0.32645416259765625,2630,0.3
25,1069,5,200.0,6400,227.8125,1426.0880126953125,0.0003,0.0054355087,577.9490356445312,-1.8264440178871155,-0.00964955692179501,0.011328125,0.30216747522354126,2640,0.3
26,1068,6,200.0,6656,212.12121212121212,636.198567199707,0.0003,0.01243406,200.5498504638672,-1.9847480595111846,-0.007339639170095324,0.02578125,0.3586232662200928,2650,0.3
27,1068,6,200.0,6912,194.41176470588235,367.63499755859374,0.0003,0.023753922,209.64183044433594,-1.8527490973472596,-0.006881107622757554,0.015625,0.43985629081726074,2660,0.3
28,1068,6,200.0,7168,185.14285714285714,581.3687164306641,0.0003,0.005127336,240.01724243164062,-1.8290109872817992,-0.0011151823680847883,0.011328125,0.31327182054519653,2670,0.3
29,1066,6,200.0,7424,181.35135135135135,685.3259155273438,0.0003,0.010312464,478.2772521972656,-2.0673082947731016,-0.023033201741054655,0.01953125,-0.06468641757965088,2680,0.3
30,1067,7,200.0,7680,188.94736842105263,1382.5247741699218,0.0003,0.004189916,574.3508911132812,-1.873917931318283,-0.006421317858621478,0.003515625,0.3655394911766052,2690,0.3
31,1068,7,200.0,7936,189.23076923076923,1742.1258056640625,0.0003,0.0062728496,583.4739379882812,-1.911253321170807,-0.010678059048950672,0.0171875,0.16898113489151,2700,0.3
32,1069,7,200.0,8192,197.5,1181.2673095703126,0.0003,0.0006440822,649.5322265625,-1.8526363134384156,-0.0015518248546868563,0.0,0.20933204889297485,2710,0.3
33,1070,7,200.0,8448,172.85714285714286,863.028173828125,0.0003,0.0052370685,204.52230834960938,-2.0209975838661194,-0.009931028774008154,0.0046875,0.1470625400543213,2720,0.3
34,1067,8,200.0,8704,190.46511627906978,468.71293411254885,0.0003,0.020544365,208.8340606689453,-1.8433850169181825,-0.011154461931437255,0.030859375,0.31047308444976807,2730,0.3
35,1062,8,200.0,8960,183.86363636363637,1188.475845336914,0.0003,0.006805931,635.1355590820312,-1.818422657251358,-0.00379032832570374,0.002734375,0.38796740770339966,2740,0.3
36,1062,8,200.0,9216,191.95652173913044,907.866552734375,0.0003,0.004775391,351.4675598144531,-1.8222463130950928,-0.007793670566752553,0.008203125,0.36338216066360474,2750,0.3
37,1063,8,200.0,9472,180.2127659574468,1304.2584381103516,0.0003,0.008005204,614.6224975585938,-1.8448569774627686,-0.011618419457226992,0.007421875,0.23621022701263428,2760,0.3
38,1063,9,200.0,9728,195.83333333333334,1312.2134552001953,0.0003,0.0047790622,890.7412109375,-2.020632916688919,-0.0053985902108252045,0.01796875,0.02210289239883423,2770,0.3
39,1063,9,200.0,9984,201.0204081632653,1867.4164245605468,0.0003,0.003977637,816.5938110351562,-1.7226088881492614,-0.0048151672468520704,0.001953125,0.34828096628189087,2780,0.3
40,1062,9,200.0,10240,209.6078431372549,1378.819110107422,0.0003,0.009831047,917.68994140625,-1.7765179574489594,-0.008151988801546394,0.02109375,0.32796257734298706,2790,0.3
1,1427,0,200.0,256,396.0,764.2835632324219,0.0003,0.0021883452,314.8707275390625,-1.7624420642852783,-0.002100142021663487,0.000390625,0.2329290509223938,2800,0.3
2,1241,0,200.0,512,754.0,2126.1737060546875,0.0003,0.0018419498,1114.0343017578125,-2.0839359283447267,-0.0046540472190827135,0.000390625,0.12308204174041748,2410,0.3
3,1191,0,200.0,768,589.6666666666666,1761.8526306152344,0.0003,0.0015484425,852.3165283203125,-2.117284917831421,-0.005192464543506503,0.0,0.19497698545455933,2420,0.3
4,1165,0,200.0,1024,301.6,1885.9885559082031,0.0003,0.003254588,873.1409912109375,-2.1565855503082276,-0.010398090723901987,0.003515625,0.010794341564178467,2430,0.3
5,1132,1,200.0,1280,229.16666666666666,542.0331573486328,0.0003,0.013940526,241.83428955078125,-2.071841263771057,-0.018945536809042096,0.00234375,0.12030941247940063,2440,0.3
6,1120,1,200.0,1536,290.2857142857143,883.6554061889649,0.0003,0.01155306,403.65948486328125,-2.0256412625312805,-0.01372633189894259,0.023828125,0.22229772806167603,2450,0.3
7,1105,1,200.0,1792,208.625,1442.179495239258,0.0003,0.01746063,669.340087890625,-2.0110447347164153,-0.012467025220394135,0.019140625,0.0002931952476501465,2460,0.3
8,1100,1,200.0,2048,116.3,63.0600227355957,0.0003,0.013891861,31.11415672302246,-2.0472200989723204,-0.01460937443189323,0.02109375,-1.5341761112213135,2470,0.3
9,1098,2,200.0,2304,152.72727272727272,924.85712890625,0.0003,0.0034208524,395.3321228027344,-1.962031102180481,-0.005080491304397583,0.0,0.1334092617034912,2480,0.3
10,1092,2,200.0,2560,193.25,2156.4722106933596,0.0003,0.019528963,1363.68798828125,-1.9804013073444366,-0.016477581486105917,0.025,0.1304779052734375,2490,0.3
11,1091,2,200.0,2816,234.78571428571428,1713.9946502685548,0.0003,0.0059523135,819.6676635742188,-1.9051087379455567,-0.003952945210039615,0.004296875,0.22001469135284424,2500,0.3
12,1085,2,200.0,3072,247.53333333333333,1277.405694580078,0.0003,0.011347979,604.4491577148438,-1.9941190242767335,-0.013806651183404028,0.008984375,0.1290576457977295,2510,0.3
13,1082,3,200.0,3328,218.25,1628.1037292480469,0.0003,0.0018770648,602.9606323242188,-2.020187759399414,-0.00443780047353357,0.0,0.05998128652572632,2520,0.3
14,1084,3,200.0,3584,227.41176470588235,1640.324951171875,0.0003,0.0043704826,1214.0718994140625,-2.022937524318695,-0.008353812852874398,0.001953125,0.126501202583313,2530,0.3
15,1087,3,200.0,3840,221.10526315789474,323.1530426025391,0.0003,0.0037875848,169.4589080810547,-2.076331150531769,-0.006355663854628801,0.0,-0.4475823640823364,2540,0.3
16,1083,3,200.0,4096,241.0,1700.2181213378906,0.0003,0.0014460965,844.427734375,-2.040612816810608,-0.003579834150150418,0.0,0.2238677740097046,2550,0.3
17,1080,4,200.0,4352,213.47619047619048,1032.977764892578,0.0003,0.006177442,465.6512756347656,-2.030806910991669,-0.011015458405017853,0.0015625,0.2012495994567871,2560,0.3
18,1075,4,200.0,4608,209.08695652173913,1609.104669189453,0.0003,0.007387394,765.8159790039062,-2.1198177576065063,-0.004992563091218471,0.0046875,0.16750603914260864,2570,0.3
19,1074,4,200.0,4864,214.5,259.62213077545164,0.0003,0.010123188,165.9277801513672,-2.088327133655548,-0.010377728869207204,0.001953125,0.20660078525543213,2580,0.3
20,1078,4,200.0,5120,220.68,1051.9117080688477,0.0003,0.0031015459,799.977783203125,-2.0257394909858704,-0.005810098350048065,0.0,0.1906324028968811,2590,0.3
21,1071,5,200.0,5376,223.65384615384616,1715.8594909667968,0.0003,0.0034559763,980.5224609375,-1.938353145122528,-0.008121792040765286,0.000390625,0.16885799169540405,2600,0.3
22,1068,5,200.0,5632,219.82142857142858,1322.6402130126953,0.0003,0.0076795975,529.4523315429688,-2.040894103050232,-0.0077627214137464765,0.003515625,0.07533383369445801,2610,0.3
23,1064,5,200.0,5888,236.68965517241378,1515.4043273925781,0.0003,0.005503293,725.6377563476562,-1.9746271550655365,-0.005312596494331956,0.003515625,0.13333100080490112,2620,0.3
24,1065,5,200.0,6144,265.93333333333334,1964.1361328125,0.0003,0.0019597828,986.1063842773438,-2.0477579116821287,-0.006633162638172508,0.0,0.20396161079406738,2630,0.3
25,1060,6,200.0,6400,279.75,2268.9051025390627,0.0003,0.0026724807,1190.2506103515625,-1.9883790612220764,-0.007012988440692425,0.0,0.19557207822799683,2640,0.3
26,1057,6,200.0,6656,280.8484848484849,2203.907861328125,0.0003,0.00081623415,1341.0811767578125,-1.957095205783844,-0.003298211167566478,0.0,0.022541582584381104,2650,0.3
27,1055,6,200.0,6912,273.11764705882354,1650.1497009277343,0.0003,0.0016979268,730.9481811523438,-1.9901418566703797,-0.004961147846188396,0.0,0.046744585037231445,2660,0.3
28,1056,6,200.0,7168,269.3142857142857,1203.5674041748048,0.0003,0.0018483587,466.0215148925781,-1.958991324901581,-0.002663146471604705,0.0,0.13824105262756348,2670,0.3
29,1056,7,200.0,7424,278.0,708.1080688476562,0.0003,0.0018135458,334.1847229003906,-1.9529402673244476,-0.005727762868627906,0.0,0.00046885013580322266,2680,0.3
30,1054,7,200.0,7680,298.9736842105263,2129.532928466797,0.0003,0.0021100305,1335.7548828125,-1.9559764623641969,-0.007591062574647367,0.0,0.15888750553131104,2690,0.3
31,1053,7,200.0,7936,307.94871794871796,2657.957629394531,0.0003,0.0016210112,1406.2242431640625,-1.9841889202594758,-0.001304614287801087,0.0,0.14133626222610474,2700,0.3
32,1053,7,200.0,8192,309.4,2030.0343627929688,0.0003,0.008545894,988.6161499023438,-1.984855020046234,-0.008317145146429538,0.00390625,0.14631295204162598,2710,0.3
33,1052,8,200.0,8448,311.8333333333333,743.8092071533204,0.0003,0.0065093995,312.7351989746094,-2.0342249631881715,-0.00718121686950326,0.00390625,0.236028790473938,2720,0.3
34,1052,8,200.0,8704,296.74418604651163,1353.6419250488282,0.0003,0.003093974,715.3400268554688,-2.074106502532959,-0.0031560076866298916,0.0,0.22304409742355347,2730,0.3
35,1049,8,200.0,8960,290.1136363636364,1441.159945678711,0.0003,0.0051344186,531.7304077148438,-2.0411507368087767,-0.0056053116917610165,0.0,-0.083701491355896,2740,0.3
36,1048,8,200.0,9216,265.9782608695652,965.0239837646484,0.0003,0.0014933501,495.04571533203125,-2.0838358402252197,-0.0034426796715706586,0.0,-0.12946879863739014,2750,0.3
37,1048,9,200.0,9472,273.82978723404256,629.6821990966797,0.0003,0.00059958245,393.17340087890625,-2.085439395904541,-0.0018139643827453256,0.0,-0.04818856716156006,2760,0.3
38,1051,9,200.0,9728,256.1041666666667,1708.8709594726563,0.0003,0.006955495,697.7557373046875,-2.0476130723953245,-0.01207414895761758,0.001953125,0.10168474912643433,2770,0.3
39,1050,9,200.0,9984,258.734693877551,1403.1882202148438,0.0003,0.0051842015,628.3624267578125,-2.0688530564308167,-0.006334402039647103,0.0,-0.006221175193786621,2780,0.3
40,1051,9,200.0,10240,258.6078431372549,1201.8329956054688,0.0003,0.0008375135,537.9137573242188,-2.0849663615226746,-0.0028947197599336503,0.0,0.10887926816940308,2790,0.3
1,1296,0,200.0,256,-50.0,1019.209912109375,0.0003,0.0011127593,509.7738037109375,-2.0635074615478515,-0.0032134294044226406,0.0,0.2986205816268921,2800,0.3
2,1126,0,200.0,512,-50.0,596.7329193115235,0.0003,0.012607013,305.4002990722656,-1.9275343656539916,-0.011854878393933177,0.0203125,0.10176587104797363,2810,0.3
3,1056,0,200.0,768,100.0,1168.7901153564453,0.0003,0.008344179,713.3443603515625,-1.989891231060028,-0.005682794470340013,0.014453125,-0.09739971160888672,2820,0.3
4,1056,0,200.0,1024,140.0,1657.9786193847656,0.0003,0.003343108,686.3108520507812,-1.770089453458786,-0.003552688332274556,0.0046875,0.09793144464492798,2830,0.3
5,1034,1,200.0,1280,110.0,1502.396157836914,0.0003,0.00018878002,671.5562744140625,-1.6825394034385681,-0.001396304159425199,0.0,0.2665365934371948,2840,0.3
6,1033,1,200.0,1536,157.14285714285714,840.5875762939453,0.0003,0.0034322154,503.5181884765625,-1.9755219876766206,-0.010189478099346162,0.03515625,-0.15679967403411865,2850,0.3
7,1039,1,200.0,1792,101.25,1696.510028076172,0.0003,0.011017289,939.737060546875,-1.707010167837143,-0.004964192910119891,0.040234375,0.3256422281265259,2860,0.3
8,1046,1,200.0,2048,125.0,1030.613345336914,0.0003,0.00024189055,406.60076904296875,-1.4658002853393555,-0.0016009089071303607,0.0,0.2553066611289978,2870,0.3
9,1049,2,200.0,2304,173.63636363636363,1656.296942138672,0.0003,0.0023270359,771.4238891601562,-1.6962093770503999,-0.002856968843843788,0.00234375,0.2253885269165039,2880,0.3
10,1051,2,200.0,2560,174.16666666666666,1505.0645446777344,0.0003,0.0056242747,674.5230102539062,-1.9433484494686126,-0.012783601600676774,0.02734375,0.1374969482421875,2890,0.3
11,1057,2,200.0,2816,242.85714285714286,1402.4058380126953,0.0003,0.014948197,723.2869873046875,-1.7970620930194854,-0.006066272058524192,0.023046875,0.13017338514328003,2900,0.3
12,1059,2,200.0,3072,236.66666666666666,2216.2983276367186,0.0003,0.0037669323,1078.9755859375,-1.8046863973140717,-0.0037127942428924142,0.005078125,0.24095290899276733,2910,0.3
13,1061,3,200.0,3328,243.125,608.3219146728516,0.0003,0.048691817,420.6044616699219,-1.8451995551586151,-0.013012358034029604,0.094921875,0.48035722970962524,2920,0.3
14,1067,3,200.0,3584,227.64705882352942,1541.275244140625,0.0003,0.0045249793,788.7424926757812,-1.9219293296337128,-0.004714450472965837,0.001171875,0.2184503674507141,2930,0.3
15,1063,3,200.0,3840,244.73684210526315,1788.9349731445313,0.0003,0.013988741,700.0612182617188,-1.8979113340377807,-0.0037272864487022162,0.049609375,0.11232280731201172,2940,0.3
16,1061,3,200.0,4096,229.5,1493.683416748047,0.0003,0.0018566886,868.78857421875,-1.8196722328662873,-0.00653062374331057,0.002734375,0.26866060495376587,2950,0.3
17,1063,4,200.0,4352,224.76190476190476,869.3600219726562,0.0003,0.0034515483,419.7652282714844,-1.9092495739459991,-0.001960750459693372,0.001953125,0.32831746339797974,2960,0.3
18,1061,4,200.0,4608,226.52173913043478,1656.2374389648437,0.0003,0.00785902,814.9800415039062,-1.9488294899463654,-0.00616309461183846,0.01171875,0.22164350748062134,2970,0.3
19,1063,4,200.0,4864,245.41666666666666,1039.025198364258,0.0003,0.015281286,522.3793334960938,-1.9377758979797364,-0.008339053997769953,0.01796875,0.2770387530326843,2980,0.3
20,1063,4,200.0,5120,256.0,1454.4797729492188,0.0003,0.003363398,873.2676391601562,-1.9017761111259461,-0.004729751078411937,0.0,0.3416033387184143,2990,0.3
21,1064,5,200.0,5376,278.0769230769231,2016.4952575683594,0.0003,0.0015684641,894.753173828125,-1.9200857639312745,-0.003327961964532733,0.0,0.154893159866333,3000,0.3
22,1064,5,200.0,5632,318.2142857142857,2259.3053344726563,0.0003,0.0055680424,1062.5347900390625,-1.7354397177696228,-0.005823163501918316,0.002734375,0.28947722911834717,3010,0.3
23,1065,5,200.0,5888,308.62068965517244,2115.5700073242188,0.0003,0.0070944806,927.60498046875,-1.7961329698562623,-0.004506450146436691,0.0046875,0.31046950817108154,3020,0.3
24,1065,5,200.0,6144,312.6666666666667,943.9190002441406,0.0003,0.0070803026,416.275390625,-1.9433933436870574,-0.008708765730261803,0.03125,0.19131207466125488,3030,0.3
25,1068,5,200.0,6400,297.5,1007.8193130493164,0.0003,0.0024959138,676.611328125,-1.9914727926254272,-0.0031020742608234286,0.00078125,0.3817119598388672,3040,0.3
26,1066,6,200.0,6656,294.54545454545456,1028.2264404296875,0.0003,0.001919813,430.7463073730469,-1.884946608543396,-0.002245091157965362,0.0,0.3960148096084595,3050,0.3
27,1064,6,200.0,6912,283.52941176470586,875.9234558105469,0.0003,0.0052252403,406.5254821777344,-1.9079870283603668,-0.005200528306886554,0.003515625,0.30074024200439453,3060,0.3
28,1065,6,200.0,7168,293.42857142857144,1150.7708862304687,0.0003,0.00295321,464.3622741699219,-1.227022159099579,-0.0012814441462978721,0.003125,-0.3559384346008301,3070,0.3
29,1061,6,200.0,7424,287.56756756756755,1754.50654296875,0.0003,0.004357461,869.0069580078125,-1.8820686876773833,-0.005223059374839067,0.002734375,0.3435629606246948,3080,0.3
30,1061,7,200.0,7680,293.94736842105266,886.3923141479493,0.0003,0.007384317,344.9247741699219,-1.9016836345195771,-0.006024121912196279,0.0046875,0.2274010181427002,3090,0.3
31,1061,7,200.0,7936,287.1794871794872,1947.330029296875,0.0003,0.011885701,935.8787841796875,-1.9397546231746674,-0.009968439815565944,0.026171875,0.177945077419281,3100,0.3
32,1062,7,200.0,8192,285.0,1150.5054077148438,0.0003,0.002744706,449.49896240234375,-1.910354071855545,-0.006825685617513955,0.01640625,0.22479623556137085,3110,0.3
33,1060,7,200.0,8448,274.76190476190476,422.8067291259766,0.0003,0.0020161727,105.89340209960938,-2.0255718410015104,-0.0010723740328103305,0.0,0.3197771906852722,3120,0.3
34,1059,8,200.0,8704,263.0232558139535,964.0371124267579,0.0003,0.003884836,602.2337036132812,-1.896458727121353,-0.003624620009213686,0.00703125,0.3010162115097046,3130,0.3
35,1058,8,200.0,8960,255.0,1141.547296142578,0.0003,0.0021815805,409.44683837890625,-1.9086390256881713,-0.004217654280364513,0.001171875,0.14236783981323242,3140,0.3
36,1059,8,200.0,9216,273.69565217391306,1104.9770874023438,0.0003,0.015610954,617.3956909179688,-1.9031197488307954,-0.007093215733766556,0.00625,0.44870924949645996,3150,0.3
37,1057,8,200.0,9472,274.6808510638298,1763.8580352783204,0.0003,0.0040481677,330.55767822265625,-1.8963641464710235,-0.006742386380210519,0.000390625,0.3310195803642273,3160,0.3
38,1054,9,200.0,9728,286.875,1753.00673828125,0.0003,0.0025100666,1126.9296875,-1.796642965078354,-0.0014550505904480815,0.005078125,0.23046588897705078,3170,0.3
39,1054,9,200.0,9984,280.61224489795916,1231.3511657714844,0.0003,0.0024241833,530.7124633789062,-1.923376166820526,-0.005522536928765476,0.001953125,0.3650215268135071,3180,0.3
40,1056,9,200.0,10240,299.2156862745098,2096.847442626953,0.0003,0.0067118257,1056.201904296875,-1.7920133888721466,-0.0075351510429754855,0.01640625,0.29545658826828003,3190,0.3
1,1384,0,200.0,256,500.0,1485.3808837890624,0.0003,0.0006757844,755.8309936523438,-1.7480463445186616,-0.0009177096653729677,0.0,0.3693724274635315,3200,0.3
2,1205,0,200.0,512,687.5,1951.684814453125,0.0003,0.0030153135,826.9954833984375,-2.047196328639984,-0.006231245119124651,0.0,0.15964245796203613,2810,0.3
3,1139,0,200.0,768,355.6666666666667,1245.2205169677734,0.0003,0.0020481094,623.5322875976562,-2.046736705303192,-0.00346000324934721,0.0,0.303267240524292,2820,0.3
4,1137,0,200.0,1024,284.8,1282.7115112304687,0.0003,0.017336294,619.9645385742188,-2.0874783277511595,-0.018046133546158673,0.00859375,0.1307334303855896,2830,0.3
5,1116,1,200.0,1280,302.3333333333333,1937.5025817871094,0.0003,0.01988076,1068.368408203125,-2.040672540664673,-0.011101255798712373,0.07421875,0.08229267597198486,2840,0.3
6,1095,1,200.0,1536,220.85714285714286,1852.6501892089843,0.0003,0.0045937737,1040.6514892578125,-2.018443262577057,-0.004860755731351673,0.003515625,0.16173714399337769,2850,0.3
7,1096,1,200.0,1792,232.875,1333.2207641601562,0.0003,0.004621247,857.9798583984375,-1.974773645401001,-0.006832109484821558,0.000390625,-0.08787107467651367,2860,0.3
8,1084,1,200.0,2048,177.8,1519.9349670410156,0.0003,0.0052148867,605.1116333007812,-1.9696984350681306,-0.0061631971970200535,0.0,-0.12131655216217041,2870,0.3
9,1087,2,200.0,2304,118.27272727272727,1349.3776733398438,0.0003,0.0077944617,685.5183715820312,-2.027315366268158,-0.013290227530524135,0.003125,0.29281580448150635,2880,0.3
10,1081,2,200.0,2560,154.41666666666666,1331.0998565673829,0.0003,0.004699914,658.866455078125,-2.0490461230278014,-0.003981579700484872,0.0,-0.01630091667175293,2890,0.3
11,1082,2,200.0,2816,134.78571428571428,1817.1486511230469,0.0003,0.0010779197,949.2496948242188,-2.0764686107635497,-0.00361446684692055,0.0,0.052439212799072266,2900,0.3
12,1089,2,200.0,3072,163.4,502.39587860107423,0.0003,0.0050966404,165.646240234375,-2.111581194400787,-0.012137254839763046,0.00390625,0.09297889471054077,2910,0.3
13,1078,3,200.0,3328,167.8125,1557.695150756836,0.0003,0.04905647,791.3685302734375,-2.125988042354584,-0.027183045051060617,0.1375,0.19453608989715576,2920,0.3
14,1074,3,200.0,3584,141.8235294117647,1151.9753967285155,0.0003,0.0006666428,365.76123046875,-2.106544005870819,-0.0015239774715155364,0.0,0.03699600696563721,2930,0.3
15,1075,3,200.0,3840,142.57894736842104,2172.4044189453125,0.0003,0.0011585387,930.2784423828125,-2.1122987270355225,-0.003301546606235206,0.000390625,0.04590576887130737,2940,0.3
16,1074,3,200.0,4096,173.45,798.8714660644531,0.0003,0.0054930784,309.64434814453125,-2.111411988735199,-0.005897770100273192,0.005078125,0.22395604848861694,2950,0.3
17,1078,4,200.0,4352,149.95238095238096,2136.291632080078,0.0003,0.00048014126,1014.966796875,-2.0536508679389955,0.00021890045609325172,0.0,0.17238330841064453,2960,0.3
18,1074,4,200.0,4608,152.7391304347826,1708.6909240722657,0.0003,0.0029028084,943.8699340820312,-2.0695205092430116,-0.006444812403060496,0.001171875,-0.023795008659362793,2970,0.3
19,1075,4,200.0,4864,152.5,806.2637145996093,0.0003,0.018566312,518.9921264648438,-2.0986819505691527,-0.010836374177597464,0.023046875,0.2554625868797302,2980,0.3
20,1071,4,200.0,5120,146.72,1050.7927337646483,0.0003,0.0061019007,370.82220458984375,-2.0844027400016785,-0.0062311215093359355,0.006640625,0.19611239433288574,2990,0.3
21,1070,5,200.0,5376,144.30769230769232,1407.2530364990234,0.0003,0.018598564,472.9880676269531,-2.0743379473686216,-0.014670595992356539,0.02578125,0.0667605996131897,3000,0.3
22,1069,5,200.0,5632,149.85714285714286,710.140232849121,0.0003,0.020530637,277.43646240234375,-2.008040374517441,-0.01587213883176446,0.025,0.3122323155403137,3010,0.3
23,1070,5,200.0,5888,154.3448275862069,1073.270654296875,0.0003,0.01923237,528.2520141601562,-1.9261220037937163,-0.016982962004840375,0.02578125,0.26076793670654297,3020,0.3
24,1070,5,200.0,6144,149.93333333333334,1559.3699981689454,0.0003,0.02951045,968.0919189453125,-1.914369535446167,-0.026119414996355773,0.068359375,0.1477128267288208,3030,0.3
25,1067,5,200.0,6400,157.125,1072.5513671875,0.0003,0.01287158,400.4936828613281,-1.8061439037322997,-0.006329930713400244,0.026171875,0.21726328134536743,3040,0.3
26,1069,6,200.0,6656,162.93939393939394,1144.2021789550781,0.0003,0.0028310004,655.4326782226562,-1.7658203542232513,-0.003910107864066958,0.0,0.21640264987945557,3050,0.3
27,1065,6,200.0,6912,177.35294117647058,1255.1958068847657,0.0003,0.0022289485,627.13427734375,-1.741799533367157,-0.0032591860741376876,0.00078125,0.35822993516921997,3060,0.3
28,1062,6,200.0,7168,174.9142857142857,1563.2174926757812,0.0003,0.0014376761,664.0654296875,-1.7956473112106324,-0.004725874122232199,0.0,0.3038807511329651,3070,0.3
29,1062,6,200.0,7424,179.05405405405406,949.9895721435547,0.0003,0.00075568026,473.9366455078125,-1.7754596948623658,-0.00017645861953496933,0.0,0.06622415781021118,3080,0.3
30,1057,7,200.0,7680,188.3684210526316,1406.55849609375,0.0003,0.00014420738,699.1461181640625,-1.8045611023902892,-0.001533346832729876,0.0,0.27470558881759644,3090,0.3
31,1056,7,200.0,7936,181.35897435897436,1323.606707763672,0.0003,0.0007744178,484.00042724609375,-1.7362656354904176,-0.003127254778519273,0.0,0.1969313621520996,3100,0.3
32,1054,7,200.0,8192,203.575,1667.098828125,0.0003,0.002140792,710.3861083984375,-1.6227469742298126,-0.004770394042134285,0.0,0.23347020149230957,3110,0.3
33,1055,8,200.0,8448,218.5,1867.1940856933593,0.0003,0.0025823074,939.4263305664062,-1.710702359676361,-0.006474436679854989,0.003125,0.3151218891143799,3120,0.3
34,1054,8,200.0,8704,222.1860465116279,1604.2195617675782,0.0003,0.0077000516,698.0625,-1.8049984753131867,-0.005227192537859082,0.001171875,0.32289183139801025,3130,0.3
35,1055,8,200.0,8960,214.20454545454547,624.4595108032227,0.0003,0.020809602,293.45635986328125,-1.858824473619461,-0.013691464392468333,0.02890625,0.2834058403968811,3140,0.3
36,1054,8,200.0,9216,211.8913043478261,907.825732421875,0.0003,0.0146937715,407.652587890625,-1.7827683508396148,-0.010121723450720311,0.04453125,0.3230266571044922,3150,0.3
37,1055,8,200.0,9472,210.9787234042553,749.7137725830078,0.0003,0.01575,347.4316101074219,-1.749374407529831,-0.016939674620516598,0.034375,0.3151927590370178,3160,0.3
38,1055,9,200.0,9728,224.39583333333334,901.0007629394531,0.0003,0.021285096,513.7169799804688,-1.8254308342933654,-0.013712039729580284,0.04453125,0.35371237993240356,3170,0.3
39,1055,9,200.0,9984,230.6734693877551,2044.9419372558593,0.0003,0.0063125733,1035.010498046875,-1.8347120881080627,-0.0052872407250106335,0.008203125,0.2224661111831665,3180,0.3
40,1055,9,200.0,10240,250.8235294117647,1703.699151611328,0.0003,0.0012501765,1027.9053955078125,-1.801700472831726,-0.002628046413883567,0.0,0.24720048904418945,3190,0.3
1,1369,0,200.0,256,930.0,1700.9282775878905,0.0003,0.001500106,878.1964111328125,-1.7507131934165954,-0.005329830083064735,0.0,0.33196645975112915,3200,0.3
2,1153,0,200.0,512,1045.0,2047.5431884765626,0.0003,0.001025157,1127.29736328125,-1.8448157489299775,-0.0026869575493037702,0.001171875,0.2275676727294922,3210,0.3
3,1129,0,200.0,768,830.0,1527.1417846679688,0.0003,0.00406131,717.2560424804688,-1.937884908914566,-0.00362533419393003,0.002734375,0.21469593048095703,3220,0.3
4,1107,0,200.0,1024,712.0,1020.3573181152344,0.0003,0.006222173,563.8715209960938,-1.9389277696609497,-0.006077234458643943,0.0125,0.3662598729133606,3230,0.3
5,1092,1,200.0,1280,660.0,1724.7443481445312,0.0003,0.000464638,1001.8657836914062,-1.898455810546875,-0.0005265262676402927,0.0,0.21331733465194702,3240,0.3
6,1083,1,200.0,1536,588.5714285714286,698.0006912231445,0.0003,0.0063150898,347.5079040527344,-1.8697228193283082,-0.006561853969469666,0.0,0.4615340232849121,3250,0.3
7,1079,1,200.0,1792,646.25,1609.2318786621095,0.0003,0.0068330728,851.6239624023438,-1.8149091124534606,-0.007065643649548292,0.0,0.37552356719970703,3260,0.3
8,1056,1,200.0,2048,612.0,1645.3315856933593,0.0003,0.0019999351,925.6314086914062,-1.7246061742305756,-0.003525833785533905,0.00078125,0.2575833797454834,3270,0.3
9,1058,2,200.0,2304,630.0,1606.609164428711,0.0003,0.001348035,821.55224609375,-1.7023914277553558,-0.004254234954714775,0.0015625,0.18086189031600952,3280,0.3
10,1051,2,200.0,2560,653.3333333333334,1548.5975463867187,0.0003,0.0025080752,764.2997436523438,-1.7496361494064332,-0.004672719351947308,0.0,0.24624985456466675,3290,0.3
11,1054,2,200.0,2816,600.0,1366.2375946044922,0.0003,0.003554931,697.5428466796875,-1.7464189112186432,-0.004474365734495223,0.001953125,0.4196999669075012,3300,0.3
12,1052,2,200.0,3072,602.6666666666666,1772.6230834960938,0.0003,0.0012570133,768.6698608398438,-1.5552887260913848,2.6801112107932566e-05,0.0,0.1521182656288147,3310,0.3
13,1051,3,200.0,3328,598.75,1392.934976196289,0.0003,0.014757924,656.5869750976562,-1.871333909034729,-0.008030348760075866,0.01328125,0.3477182388305664,3320,0.3
14,1052,3,200.0,3584,584.1176470588235,1389.0828979492187,0.0003,0.0034847814,522.44091796875,-1.7258323848247528,-0.004052187409251928,0.0015625,0.24728423357009888,3330,0.3
15,1053,3,200.0,3840,552.6315789473684,1046.0055023193358,0.0003,0.0024286353,367.08734130859375,-1.9129568755626678,-0.0036766960285604,0.0,0.15043753385543823,3340,0.3
16,1053,3,200.0,4096,533.0,1339.4983306884765,0.0003,0.0024456521,602.611083984375,-1.7806647837162017,-0.002223447524011135,0.0,0.2860555648803711,3350,0.3
17,1054,4,200.0,4352,524.2857142857143,1168.680386352539,0.0003,0.0027582992,601.010986328125,-1.8825951993465424,-0.0028888852102681994,0.00390625,0.27072030305862427,3360,0.3
18,1054,4,200.0,4608,547.3913043478261,1362.6012145996094,0.0003,0.0031128947,552.505859375,-1.8422364175319672,-0.003991129889618606,0.00078125,0.45063847303390503,3370,0.3
19,1055,4,200.0,4864,540.8333333333334,1260.6904510498048,0.0003,0.0031423985,395.06280517578125,-1.7573925137519837,-0.0025969328708015382,0.00078125,0.3861636519432068,3380,0.3
20,1054,4,200.0,5120,553.6,834.0447143554687,0.0003,0.0053852834,358.3320617675781,-1.8405771434307099,-0.007516179815866053,0.0046875,0.4252558946609497,3390,0.3
21,1056,5,200.0,5376,530.7692307692307,1331.0692260742187,0.0003,0.0044601364,539.9614868164062,-1.7268097877502442,-0.006143711542245,0.0,0.4878411889076233,3400,0.3
22,1055,5,200.0,5632,499.64285714285717,1656.0809387207032,0.0003,0.0020065384,618.15087890625,-1.8330598831176759,0.0003545783925801516,0.00078125,-0.09937357902526855,3410,0.3
23,1056,5,200.0,5888,512.0689655172414,1051.2108337402344,0.0003,0.010632926,434.3276062011719,-1.8009946584701537,-0.007604155759327114,0.00390625,0.366993248462677,3420,0.3
24,1052,5,200.0,6144,524.0,1549.7451416015624,0.0003,0.007223851,733.6381225585938,-1.7908873558044434,-0.002681079786270857,0.0078125,0.4614489674568176,3430,0.3
25,1052,6,200.0,6400,513.4375,1006.7701232910156,0.0003,0.015732424,446.4474792480469,-1.797765749692917,-0.009256948484107852,0.004296875,0.41412949562072754,3440,0.3
26,1052,6,200.0,6656,529.6969696969697,1151.8566680908202,0.0003,0.010934641,573.3948974609375,-1.8250742733478547,-0.008086190652102232,0.013671875,0.47343170642852783,3450,0.3
27,1053,6,200.0,6912,520.0,1890.148779296875,0.0003,0.003936639,956.1032104492188,-1.617913407087326,-0.0059912370052188635,0.011328125,0.43705910444259644,3460,0.3
28,1052,6,200.0,7168,497.14285714285717,531.6981727600098,0.0003,0.0007861089,130.57327270507812,-1.9320223569869994,-0.0022022814489901068,0.0,-0.7190811634063721,3470,0.3
29,1051,7,200.0,7424,510.81081081081084,1052.8944946289062,0.0003,0.0038606538,358.375,-1.85862193107605,-0.004714174661785364,0.00078125,0.39501500129699707,3480,0.3
30,1051,7,200.0,7680,527.6315789473684,1336.894793701172,0.0003,0.0011694646,705.110107421875,-1.7885776579380035,-0.003516358358319849,0.0,0.3187848925590515,3490,0.3
31,1050,7,200.0,7936,498.20512820512823,1338.7668579101562,0.0003,0.0020501502,543.2600708007812,-1.7789239406585693,-0.0030197245068848133,0.003515625,0.44329214096069336,3500,0.3
32,1049,7,200.0,8192,493.0,2758.5357666015625,0.0003,0.0048136506,1356.0631103515625,-1.6216129243373871,-0.006418507371563464,0.00625,-0.42863893508911133,3510,0.3
33,1048,8,200.0,8448,490.0,1064.3600128173828,0.0003,0.0020586944,362.4186706542969,-1.7601055800914764,-0.0037585694808512926,0.0,0.46190881729125977,3520,0.3
34,1050,8,200.0,8704,497.90697674418607,1058.8906860351562,0.0003,0.0045451587,380.0868225097656,-1.7424100756645202,-0.0053992575034499165,0.0,0.4123101830482483,3530,0.3
35,1051,8,200.0,8960,490.22727272727275,1127.249545288086,0.0003,0.001136909,530.2051391601562,-1.7547505915164947,0.0007852109614759683,0.0,0.4818686842918396,3540,0.3
36,1052,8,200.0,9216,475.2173913043478,1297.037857055664,0.0003,0.0018031178,607.7322387695312,-1.6825093805789948,-0.0043271729489788415,0.0015625,0.2762058973312378,3550,0.3
37,1051,9,200.0,9472,485.3191489361702,891.1035522460937,0.0003,0.00085916,489.0921325683594,-1.7227285563945771,-0.0029563697520643474,0.0,0.1291770339012146,3560,0.3
38,1050,9,200.0,9728,481.4583333333333,1311.2287231445312,0.0003,0.020248678,643.0748901367188,-1.69057577252388,-0.009323483798652887,0.045703125,0.37158286571502686,3570,0.3
39,1048,9,200.0,9984,485.51020408163265,1832.3216796875,0.0003,0.0049378015,1119.587646484375,-1.626981395483017,-0.0034842917928472163,0.003125,0.41457438468933105,3580,0.3
40,1048,9,200.0,10240,480.98039215686276,369.323486328125,0.0003,0.012291138,101.0508041381836,-1.785650485754013,-0.004970401071477682,0.001171875,0.41835176944732666,3590,0.3
1,1371,0,200.0,256,645.0,1469.4518127441406,0.0003,0.0071184253,664.3230590820312,-1.5809053599834442,-0.003589939838275313,0.002734375,0.29319214820861816,3600,0.3
2,1193,0,200.0,512,714.0,1368.9721618652343,0.0003,0.007759421,904.2611694335938,-1.7547956228256225,-0.012931985082104802,0.000390625,0.22128432989120483,3210,0.3
3,1120,0,200.0,768,505.0,1463.5721740722656,0.0003,0.0048558414,614.273681640625,-1.7804269313812255,-0.004749593255110085,0.014453125,0.359951376914978,3220,0.3
4,1074,0,200.0,1024,326.4,901.4113861083985,0.0003,0.012324237,456.50518798828125,-1.6682170152664184,-0.012368423352017998,0.017578125,0.30112582445144653,3230,0.3
5,1049,1,200.0,1280,297.1666666666667,771.1331604003906,0.0003,0.017723963,307.5377197265625,-1.8193459570407868,-0.011856158589944243,0.0203125,0.23661106824874878,3240,0.3
6,1030,1,200.0,1536,279.85714285714283,1006.3185821533203,0.0003,0.00731715,385.55157470703125,-1.6140403866767883,-0.00783606288023293,0.023046875,0.3086979389190674,3250,0.3
7,1024,1,200.0,1792,289.875,883.2633209228516,0.0003,0.010912513,430.9979553222656,-1.818311482667923,-0.012959945574402809,0.02734375,0.3077104687690735,3260,0.3
8,1022,2,200.0,2048,376.1,1189.2370910644531,0.0003,0.005982292,712.0513916015625,-1.727264440059662,-0.0052578468923456965,0.00234375,0.35144805908203125,3270,0.3
9,1023,2,200.0,2304,445.6363636363636,1908.7987976074219,0.0003,0.01307259,726.436767578125,-1.5531600415706635,-0.01053519146516919,0.016796875,0.3273872137069702,3280,0.3
10,1027,2,200.0,2560,401.3333333333333,1874.61103515625,0.0003,0.0028044758,1022.7177734375,-1.522117006778717,-0.006351289711892605,0.0,0.3436416983604431,3290,0.3
11,1025,2,200.0,2816,455.14285714285717,1386.8613983154296,0.0003,0.0026523515,754.4140014648438,-1.4880519807338715,-0.0029740915168076755,0.0,0.4189194440841675,3300,0.3
12,1028,2,200.0,3072,435.53333333333336,1190.5460266113282,0.0003,0.0009480098,656.0220336914062,-1.4978216230869292,-0.001660853484645486,0.0,0.344448983669281,3310,0.3
13,1026,3,200.0,3328,448.125,1161.4059356689454,0.0003,0.0035744284,732.9418334960938,-1.6984143435955048,-0.0024691607686690986,0.0,0.17165058851242065,3320,0.3
14,1032,3,200.0,3584,451.0,1736.2559875488282,0.0003,0.0045921905,813.6798706054688,-1.4778743624687194,-0.011332256405148655,0.0,0.37216097116470337,3330,0.3
15,1034,3,200.0,3840,396.7368421052632,805.0154525756836,0.0003,0.0019129894,456.04022216796875,-1.668020337820053,-0.00020107797463424503,0.0,0.0388714075088501,3340,0.3
16,1034,3,200.0,4096,385.6,1206.5548065185546,0.0003,0.0056119547,648.3733520507812,-1.581340992450714,-0.008399948064470664,0.005078125,-0.13952922821044922,3350,0.3
17,1035,4,200.0,4352,352.7142857142857,693.424845123291,0.0003,0.00507948,322.5419006347656,-1.8269787192344666,-0.005427769478410482,0.001953125,0.3324888348579407,3360,0.3
18,1037,4,200.0,4608,349.3478260869565,489.0330871582031,0.0003,0.04126229,130.466064453125,-1.765126633644104,-0.012206375296227635,0.11796875,0.01562786102294922,3370,0.3
19,1037,4,200.0,4864,379.75,1721.3855041503907,0.0003,0.016576525,962.1349487304688,-1.6821093618869782,-0.009286537894513457,0.055859375,0.2958937883377075,3380,0.3
20,1037,4,200.0,5120,409.24,2353.878210449219,0.0003,0.0022692743,969.531005859375,-1.7470448195934296,-0.002644311939366162,0.0,0.28831422328948975,3390,0.3
21,1036,5,200.0,5376,397.2307692307692,1970.298602294922,0.0003,0.004718743,853.59765625,-1.7520255267620086,-0.006271122908219695,0.0,0.17617642879486084,3400,0.3
22,1039,5,200.0,5632,395.75,1979.0890075683594,0.0003,0.0038146013,1174.0145263671875,-1.7641802906990052,-0.0038911887677386403,0.0,0.25828397274017334,3410,0.3
23,1039,5,200.0,5888,420.2758620689655,780.3287719726562,0.0003,0.0018945455,169.22235107421875,-1.8540227115154266,-0.004284364380873739,0.0,0.12979567050933838,3420,0.3
24,1038,5,200.0,6144,427.5,2035.1456970214845,0.0003,0.00060540275,923.1387939453125,-1.7797303378582001,-0.0006620197324082256,0.0,0.3417002558708191,3430,0.3
25,1039,6,200.0,6400,405.03125,1277.1171081542968,0.0003,0.00268225,661.3212890625,-1.747677755355835,-0.004592779162339866,0.0,0.1226469874382019,3440,0.3
26,1038,6,200.0,6656,417.5151515151515,1491.569805908203,0.0003,0.012886782,916.2401733398438,-1.893594604730606,-0.008062218432314694,0.009375,0.20469540357589722,3450,0.3
27,1038,6,200.0,6912,421.0,1848.2187744140624,0.0003,0.0032790042,842.7972412109375,-1.8191506147384644,-0.0034239821368828418,0.0,0.3200322985649109,3460,0.3
28,1039,6,200.0,7168,433.62857142857143,1410.8366241455078,0.0003,0.011888498,958.2238159179688,-1.8043263971805572,-0.005822904617525637,0.009375,0.2996998429298401,3470,0.3
29,1040,7,200.0,7424,419.97297297297297,1333.4936431884767,0.0003,0.0019468167,669.3377075195312,-1.8191079080104828,-0.003208624292165041,0.0,0.10500532388687134,3480,0.3
30,1039,7,200.0,7680,422.2894736842105,742.3913528442383,0.0003,0.004334662,321.8583679199219,-1.8043595194816588,-0.004985264409333468,0.00078125,0.3675071597099304,3490,0.3
31,1041,7,200.0,7936,403.5128205128205,1514.6488220214844,0.0003,0.0062106485,801.3287353515625,-1.8834490120410918,-0.00459171012043953,0.001171875,0.2981945276260376,3500,0.3
32,1041,7,200.0,8192,415.825,1069.9672943115233,0.0003,0.01496175,559.6226196289062,-1.936308926343918,-0.009019111515954137,0.034375,0.44677066802978516,3510,0.3
33,1040,8,200.0,8448,397.07142857142856,478.32954559326174,0.0003,0.004437731,133.75918579101562,-1.8714980363845826,-0.001521274703554809,0.0015625,0.002221822738647461,3520,0.3
34,1039,8,200.0,8704,391.16279069767444,1121.5924896240235,0.0003,0.014481404,764.5203857421875,-1.8827431559562684,-0.014566694176755846,0.008203125,0.4116908311843872,3530,0.3
35,1040,8,200.0,8960,389.0681818181818,1015.7197372436524,0.0003,0.0046985494,539.6693725585938,-1.8717571258544923,-0.00133032847661525,0.0,0.267888605594635,3540,0.3
36,1038,8,200.0,9216,401.0652173913044,2082.8039672851564,0.0003,0.00069679366,1273.592041015625,-1.780321979522705,-0.0019335664343088864,0.0,0.12372797727584839,3550,0.3
37,1035,9,200.0,9472,396.29787234042556,862.0463760375976,0.0003,0.0038702632,410.02752685546875,-1.814082545042038,-0.004110339120961726,0.0,0.4031200408935547,3560,0.3
38,1034,9,200.0,9728,396.4375,596.0557708740234,0.0003,0.020265087,269.30377197265625,-1.8545647442340851,-0.021696054469794036,0.030078125,0.3879384994506836,3570,0.3
39,1034,9,200.0,9984,392.2857142857143,1431.2088165283203,0.0003,0.0030814072,786.3339233398438,-1.7516718745231628,-0.003912641841452569,0.000390625,0.4297667145729065,3580,0.3
40,1034,9,200.0,10240,376.921568627451,1011.7138854980469,0.0003,0.0017099783,407.5714111328125,-1.7931908309459685,-0.005258112121373415,0.0,0.1172669529914856,3590,0.3
1,1396,0,200.0,256,1150.0,396.3705741882324,0.0003,0.009684047,71.16624450683594,-1.8300355553627015,-0.008142158819828183,0.000390625,0.2027275562286377,3600,0.3
2,1211,0,200.0,512,385.0,1428.8429809570312,0.0003,0.011982413,590.5836791992188,-1.5664263308048247,-0.008708445448428392,0.019921875,0.4178074598312378,3610,0.3
3,1133,0,200.0,768,413.3333333333333,939.6441360473633,0.0003,0.0030067982,364.85125732421875,-1.6290901184082032,-0.0012707258574664593,0.0,0.03749662637710571,3620,0.3
4,1104,0,200.0,1024,408.0,583.0749084472657,0.0003,0.00034304243,131.34495544433594,-1.5784351766109466,-0.0006416198564693331,0.0,0.05179554224014282,3630,0.3
5,1090,1,200.0,1280,335.0,1667.7026672363281,0.0003,0.0017780846,851.9775390625,-1.6048383951187133,-0.002329293265938759,0.0,0.40825653076171875,3640,0.3
6,1081,1,200.0,1536,268.57142857142856,922.8868804931641,0.0003,0.0050771413,439.3909912109375,-1.7100666761398315,-0.0041489929659292105,0.0,0.36677348613739014,3650,0.3
7,1073,1,200.0,1792,351.25,1141.7419921875,0.0003,0.031303763,585.7011108398438,-1.6363746643066406,-0.008654456376098097,0.0984375,0.37159210443496704,3660,0.3
8,1074,1,200.0,2048,412.0,1854.2728576660156,0.0003,0.005800063,1138.610107421875,-1.6519157409667968,-0.0036652361508458854,0.0,0.39875584840774536,3670,0.3
9,1070,2,200.0,2304,454.54545454545456,992.0032531738282,0.0003,0.004841794,535.3295288085938,-1.7874225914478301,-0.0028640414122492073,0.0,0.31812918186187744,3680,0.3
10,1068,2,200.0,2560,552.5,1844.2192749023438,0.0003,0.0012582561,968.9446411132812,-1.6023568570613862,-0.0006427462678402663,0.0,0.5077733993530273,3690,0.3
11,1065,2,200.0,2816,557.1428571428571,2051.2241333007814,0.0003,0.0035396155,885.3802490234375,-1.4302216112613677,-0.003000117838382721,0.00703125,0.2582065463066101,3700,0.3
12,1059,2,200.0,3072,548.0,1034.9238983154296,0.0003,0.0040140515,425.6737365722656,-1.7770036339759827,-0.004394401563331485,0.001171875,0.362875759601593,3710,0.3
13,1059,3,200.0,3328,535.625,1622.2984313964844,0.0003,0.002011616,908.8859252929688,-1.6181252598762512,-0.0012882426381111145,0.0,-0.020310401916503906,3720,0.3
14,1057,3,200.0,3584,530.5882352941177,675.3153198242187,0.0003,0.01948234,209.75741577148438,-1.7844157755374908,-0.005712006869725883,0.026953125,0.49709272384643555,3730,0.3
15,1055,3,200.0,3840,515.2631578947369,1745.493914794922,0.0003,0.00406133,879.7479858398438,-1.5838829338550569,-0.003126037213951349,0.00234375,0.48195332288742065,3740,0.3
16,1057,3,200.0,4096,559.0,1169.6266998291017,0.0003,0.0019894848,499.8782043457031,-1.712434458732605,-0.0015288324793800712,0.0,0.15912151336669922,3750,0.3
17,1053,4,200.0,4352,551.4285714285714,1495.9169677734376,0.0003,0.0012599912,756.0990600585938,-1.621645051240921,-0.004457389283925295,0.000390625,0.4654022455215454,3760,0.3
18,1053,4,200.0,4608,551.7391304347826,578.0620071411133,0.0003,0.0025346407,211.48239135742188,-1.9264619529247284,-0.004378855181857944,0.0015625,0.4506916403770447,3770,0.3
19,1054,4,200.0,4864,555.4166666666666,1609.1546569824218,0.0003,0.0011994778,774.9276123046875,-1.6116967737674712,-0.00026172446087002754,0.0,0.41349709033966064,3780,0.3
20,1053,4,200.0,5120,529.2,1541.3428833007813,0.0003,0.0055812774,651.2389526367188,-1.6466154873371124,-0.009724593767896295,0.0015625,0.15710878372192383,3790,0.3
21,1054,5,200.0,5376,526.1538461538462,1832.7408020019532,0.0003,0.022582784,957.7447509765625,-1.5131040692329407,-0.013489122618921101,0.034765625,0.1973285675048828,3800,0.3
22,1056,5,200.0,5632,493.2142857142857,425.56203842163086,0.0003,0.035529748,163.79177856445312,-1.7801322996616364,-0.022937674541026354,0.084765625,0.2847927212715149,3810,0.3
23,1057,5,200.0,5888,491.37931034482756,849.8712768554688,0.0003,0.00943296,416.9508361816406,-1.7449991166591645,-0.004318219516426325,0.014453125,0.44536489248275757,3820,0.3
24,1056,5,200.0,6144,496.0,814.4568908691406,0.0003,0.023533469,393.7383728027344,-1.7509675025939941,-0.007637868472374976,0.04375,0.5587846040725708,3830,0.3
25,1057,6,200.0,6400,475.9375,1038.9888763427734,0.0003,0.0034325172,511.1291809082031,-1.7032698750495912,-0.004513484018389136,0.0,0.5273728370666504,3840,0.3
26,1057,6,200.0,6656,481.8181818181818,307.45974884033205,0.0003,0.033427984,168.04835510253906,-1.8015782475471496,-0.01310864114202559,0.06328125,0.531161904335022,3850,0.3
27,1057,6,200.0,6912,472.94117647058823,1124.1258239746094,0.0003,0.010431929,703.0458984375,-1.6417459845542908,-0.0043459096224978564,0.002734375,0.5209969878196716,3860,0.3
28,1056,6,200.0,7168,462.57142857142856,895.9679260253906,0.0003,0.0010818976,297.4171447753906,-1.8666997015476228,0.00032468941062688825,0.0,-0.11039149761199951,3870,0.3
29,1057,7,200.0,7424,431.6216216216216,739.5049346923828,0.0003,0.014533097,202.2958984375,-1.727411288022995,-0.011346256290562452,0.02578125,0.3262718915939331,3880,0.3
30,1057,7,200.0,7680,444.7368421052632,851.5437713623047,0.0003,0.012545308,394.0510559082031,-1.637049102783203,-0.010181855945847928,0.007421875,0.5370556712150574,3890,0.3
31,1036,7,200.0,7936,444.87179487179486,1309.0539459228517,0.0003,0.0026280233,368.1511535644531,-1.5740928947925568,-0.002351862331852317,0.003515625,0.512113630771637,3900,0.3
32,1037,7,200.0,8192,474.5,1376.809747314453,0.0003,0.0011753053,683.5816040039062,-1.6255989611148833,-0.0008589566685259342,0.0,0.4247150421142578,3910,0.3
33,1035,8,200.0,8448,467.3809523809524,761.174885559082,0.0003,0.015020616,418.8165588378906,-1.6259618043899535,-0.010648718406446277,0.008203125,0.6402122974395752,3920,0.3
34,1036,8,200.0,8704,478.13953488372096,1006.9406921386719,0.0003,0.021851663,607.1001586914062,-1.592989093065262,-0.006477139028720558,0.040234375,0.5342849493026733,3930,0.3
35,1034,8,200.0,8960,460.22727272727275,925.451513671875,0.0003,0.0030472307,439.10992431640625,-1.738433873653412,-0.001781987026333809,0.0,0.4497544765472412,3940,0.3
36,1034,8,200.0,9216,475.4347826086956,1216.3494934082032,0.0003,0.0028222415,519.5918579101562,-1.5720122277736663,-0.004641891526989639,0.0,0.4102398753166199,3950,0.3
37,1035,9,200.0,9472,493.82978723404256,1018.9515625,0.0003,0.018076083,401.57977294921875,-1.736111730337143,-0.015052342903800309,0.012890625,0.4289481043815613,3960,0.3
38,1036,9,200.0,9728,518.3333333333334,1994.6251342773437,0.0003,0.0051585636,1053.0216064453125,-1.573757427930832,0.0009384442819282413,0.004296875,0.5131973624229431,3970,0.3
39,1036,9,200.0,9984,531.4285714285714,1614.7199462890626,0.0003,0.0027997235,957.8876953125,-1.5863924622535706,-0.00774132083170116,0.004296875,0.4712367057800293,3980,0.3
40,1038,9,200.0,10240,527.4509803921569,1407.1615997314452,0.0003,0.026898708,785.5462036132812,-1.6135131597518921,-0.01255626855418086,0.047265625,0.5080065727233887,3990,0.3
1,1268,0,200.0,256,847.0,188.9573661804199,0.0003,0.004224213,94.31844329833984,-1.7735680937767029,-0.004309687414206564,0.0,0.22995775938034058,4000,0.3
2,1133,0,200.0,512,857.0,2186.2926696777345,0.0003,0.0021739893,1039.2979736328125,-1.7704540371894837,2.598273567855358e-05,0.0,0.37067025899887085,3610,0.3
3,1111,0,200.0,768,516.3333333333334,1240.2695068359376,0.0003,0.00032867957,625.9407348632812,-1.7495854377746582,-0.0014044234296306968,0.0,0.14831691980361938,3620,0.3
4,1100,0,200.0,1024,312.6,699.4872741699219,0.0003,0.028138677,360.292236328125,-1.811219298839569,-0.009649541648104786,0.04296875,0.36385178565979004,3630,0.3
5,1093,1,200.0,1280,323.5,777.4438659667969,0.0003,0.0039380924,428.3617858886719,-1.7433795273303985,-0.001976211927831173,0.0,0.29887938499450684,3640,0.3
6,1079,1,200.0,1536,362.85714285714283,1482.3749877929688,0.0003,0.004741918,817.7122802734375,-1.8133705973625183,-0.0014291727915406228,0.00078125,0.40288400650024414,3650,0.3
7,1078,1,200.0,1792,301.75,1073.9936614990233,0.0003,0.0037371265,458.5299072265625,-1.7365428805351257,-0.003157448279671371,0.0,0.30219942331314087,3660,0.3
8,1076,1,200.0,2048,364.8,873.7438568115234,0.0003,0.008065574,406.6466979980469,-1.82968407869339,-0.005992193939164281,0.0,0.389104962348938,3670,0.3
9,1076,2,200.0,2304,455.3636363636364,1899.8737487792969,0.0003,0.0034208205,1038.948974609375,-1.7221514940261842,-0.0015801574336364865,0.0,0.3582261800765991,3680,0.3
10,1076,2,200.0,2560,452.5,2085.3505737304686,0.0003,0.012597343,1182.4423828125,-1.6808027386665345,-0.010678094765171408,0.01015625,0.42964762449264526,3690,0.3
11,1073,2,200.0,2816,461.2857142857143,473.2396636962891,0.0003,0.033545375,169.06544494628906,-1.8162431359291076,-0.023835552344098686,0.058984375,0.47688746452331543,3700,0.3
12,1070,2,200.0,3072,448.2,1642.0838806152344,0.0003,0.008522792,747.300537109375,-1.71908478140831,-0.005840342782903463,0.0,0.4273906350135803,3710,0.3
13,1070,3,200.0,3328,454.3125,1589.0230651855468,0.0003,0.012240346,934.1618041992188,-1.7826482951641083,-0.011557048209942878,0.0296875,0.2773539423942566,3720,0.3
14,1069,3,200.0,3584,521.0,2090.1252990722655,0.0003,0.007192664,1101.2437744140625,-1.7178583025932312,-0.006300323037430644,0.008203125,0.2701075077056885,3730,0.3
15,1069,3,200.0,3840,531.5263157894736,1722.526416015625,0.0003,0.0016825793,954.1181640625,-1.8116869747638702,-0.004808205552399159,0.0,0.426794171333313,3740,0.3
16,1066,3,200.0,4096,543.7,1532.229055786133,0.0003,0.0039739665,831.49560546875,-1.8200607538223266,-0.004718279745429754,0.0,0.41608816385269165,3750,0.3
17,1066,4,200.0,4352,572.7142857142857,1289.694662475586,0.0003,0.005074324,544.2509155273438,-1.7218871533870697,-0.007596688764169812,0.000390625,0.3473173975944519,3760,0.3
18,1065,4,200.0,4608,502.5652173913044,2072.0234191894533,0.0003,0.0018484849,1142.9813232421875,-1.8234430491924285,-0.005607478320598602,0.0,0.22531914710998535,3770,0.3
19,1063,4,200.0,4864,523.875,1500.196728515625,0.0003,0.001367254,647.7566528320312,-1.7591522336006165,-0.003920868365094065,0.0,-0.020496129989624023,3780,0.3
20,1064,4,200.0,5120,501.8,1907.3236145019532,0.0003,0.0007449649,892.5264282226562,-1.7120392680168153,-0.002984344749711454,0.0,0.24877023696899414,3790,0.3
21,1063,5,200.0,5376,505.7692307692308,1600.5076782226563,0.0003,0.001157782,746.5841064453125,-1.5746577978134155,-0.0017999421805143356,0.0,0.004202127456665039,3800,0.3
22,1059,5,200.0,5632,508.42857142857144,2190.898553466797,0.0003,0.0009704912,997.760498046875,-1.7539057731628418,-0.000832813372835517,0.0,0.31101691722869873,3810,0.3
23,1058,5,200.0,5888,500.58620689655174,2180.188555908203,0.0003,0.0008967675,1085.41845703125,-1.7003362774848938,-0.0026225985027849676,0.0,0.08021044731140137,3820,0.3
24,1058,5,200.0,6144,521.8,1145.877621459961,0.0003,0.00693765,512.618408203125,-1.7910226047039033,-0.010629019537009298,0.00078125,0.35742080211639404,3830,0.3
25,1057,6,200.0,6400,566.875,2102.2183044433596,0.0003,0.005821221,989.415283203125,-1.7279977321624755,-0.0063974156742915515,0.0,0.4119807481765747,3840,0.3
26,1058,6,200.0,6656,574.8181818181819,1959.2871520996093,0.0003,0.004161332,764.8530883789062,-1.720058310031891,-0.0005588788539171219,0.0,0.4193899631500244,3850,0.3
27,1057,6,200.0,6912,583.2941176470588,2159.531170654297,0.0003,0.0039333664,1083.062744140625,-1.6789609849452973,-0.0037613529711961746,0.0,0.3064812421798706,3860,0.3
28,1058,6,200.0,7168,583.3428571428572,1324.8577056884765,0.0003,0.008053866,621.730712890625,-1.845438140630722,-0.00490131692495197,0.00078125,0.3426516652107239,3870,0.3
29,1058,7,200.0,7424,558.972972972973,932.1600372314454,0.0003,0.003058779,443.5792541503906,-1.8932350158691407,-0.0025192449102178216,0.0,0.20047783851623535,3880,0.3
30,1058,7,200.0,7680,561.1842105263158,939.2410247802734,0.0003,0.0031470044,391.29278564453125,-1.7332768261432647,-0.002381731756031513,0.0,0.3901405930519104,3890,0.3
31,1039,7,200.0,7936,562.5384615384615,904.4844696044922,0.0003,0.012321483,361.1254577636719,-1.8361717402935027,-0.013118001515977085,0.03203125,0.5063225030899048,3900,0.3
32,1039,7,200.0,8192,570.45,1637.329815673828,0.0003,0.0042155357,855.4629516601562,-1.742559802532196,-0.0017167055513709784,0.008203125,0.470763623714447,3910,0.3
33,1039,8,200.0,8448,571.2619047619048,1678.9381408691406,0.0003,0.013730119,862.7527465820312,-1.7012994706630706,-0.012027700571343303,0.0,0.40573596954345703,3920,0.3
34,1040,8,200.0,8704,554.6511627906976,978.9414642333984,0.0003,0.015843831,359.909423828125,-1.7855773270130157,-0.008303371677175164,0.013671875,0.3058820962905884,3930,0.3
35,1037,8,200.0,8960,573.0227272727273,1431.0575561523438,0.0003,0.004613772,757.2169189453125,-1.6629643619060517,-0.005061933468095958,0.0015625,0.4339940547943115,3940,0.3
36,1036,8,200.0,9216,590.195652173913,1535.6707641601563,0.0003,0.0027725142,739.274169921875,-1.7107061684131621,-0.004532417003065348,0.0,0.48884063959121704,3950,0.3
37,1036,9,200.0,9472,599.2978723404256,1950.8284240722655,0.0003,0.0075675882,1065.697021484375,-1.7543449103832245,-0.007844293396919966,0.00546875,0.28864526748657227,3960,0.3
38,1035,9,200.0,9728,599.2916666666666,1731.9532836914063,0.0003,0.008205909,835.583251953125,-1.6467114627361297,-0.008323396602645517,0.0125,0.3392118215560913,3970,0.3
39,1035,9,200.0,9984,602.8367346938776,1790.9264709472657,0.0003,0.013333234,870.33251953125,-1.736215853691101,-0.015419243555516004,0.015234375,0.39621245861053467,3980,0.3
40,1035,9,200.0,10240,615.9803921568628,1817.6226928710937,0.0003,0.004726933,846.5404052734375,-1.7234843969345093,-0.0030446903314441443,0.0015625,0.4669063687324524,3990,0.3
1,1347,0,200.0,256,1390.0,1890.5454650878905,0.0003,0.0023024585,1055.7781982421875,-1.320502406358719,-0.002446970250457525,0.0,0.2778674364089966,4000,0.3
2,1166,0,200.0,512,1375.0,1580.9464538574218,0.0003,0.0071881474,628.4506225585938,-1.5455111861228943,-0.0038961338344961406,0.00078125,0.5542871356010437,4010,0.3
3,1130,0,200.0,768,1133.3333333333333,1607.822265625,0.0003,0.0011007034,881.7684936523438,-1.5979508817195893,-0.0023331559961661695,0.0,0.5220339298248291,4020,0.3
4,1105,0,200.0,1024,952.0,2095.2880004882813,0.0003,0.00071281055,981.1978149414062,-1.506894451379776,-0.00043641836382448675,0.0,0.1872435212135315,4030,0.3
5,1094,1,200.0,1280,868.3333333333334,894.6209075927734,0.0003,0.0016932576,342.64501953125,-1.6437217712402343,-0.0023811107326764613,0.0,0.27966374158859253,4040,0.3
6,1087,1,200.0,1536,835.7142857142857,778.4409240722656,0.0003,0.044157296,386.59600830078125,-1.7074486851692199,-0.015419385069981218,0.05546875,0.5306020975112915,4050,0.3
7,1079,1,200.0,1792,740.0,1162.9725952148438,0.0003,0.024902014,750.9196166992188,-1.7363723993301392,-0.011790706031024455,0.06328125,0.4023895859718323,4060,0.3
8,1067,1,200.0,2048,614.0,1121.5480010986328,0.0003,0.008415211,516.5803833007812,-1.6960340797901154,-0.006117056449875235,0.00625,0.5345161557197571,4070,0.3
9,1064,2,200.0,2304,513.6363636363636,1033.3754150390625,0.0003,0.01599026,304.51220703125,-1.7692140281200408,-0.013635997916571796,0.0375,-0.09554946422576904,4080,0.3
10,1055,2,200.0,2560,588.3333333333334,1005.2943084716796,0.0003,0.06703903,522.7054443359375,-1.683007049560547,-0.0257531619630754,0.054296875,0.5436612367630005,4090,0.3
11,1047,2,200.0,2816,587.8571428571429,1348.3677764892577,0.0003,0.0045916056,665.643798828125,-1.4810513794422149,-0.003061520587652922,0.000390625,0.5904301404953003,4100,0.3
12,1048,2,200.0,3072,610.6666666666666,854.411865234375,0.0003,0.005510199,412.6007385253906,-1.6585004150867462,-0.0018555987859144806,0.0046875,0.38530004024505615,4110,0.3
13,1046,3,200.0,3328,630.625,1236.0796600341796,0.0003,0.0011975968,620.6467895507812,-1.5485264718532563,-0.001866733585484326,0.0,0.6036637425422668,4120,0.3
14,1047,3,200.0,3584,590.5882352941177,796.7161834716796,0.0003,0.0057664597,247.65969848632812,-1.7439903438091278,-0.006974783982150257,0.00234375,0.4830648899078369,4130,0.3
15,1047,3,200.0,3840,598.9473684210526,737.2821350097656,0.0003,0.009638778,328.6336975097656,-1.7609688222408295,-0.009858813229948282,0.00625,0.5998754501342773,4140,0.3
16,1046,3,200.0,4096,603.5,1458.7914306640625,0.0003,0.0022710157,771.2811279296875,-1.5339679062366485,-0.0032646901439875365,0.0,0.48571962118148804,4150,0.3
17,1044,4,200.0,4352,584.7619047619048,681.7340652465821,0.0003,0.00305003,348.3829345703125,-1.8465957343578339,-0.0034414982656016946,0.0,0.5418897867202759,4160,0.3
18,1044,4,200.0,4608,583.0434782608696,929.0349334716797,0.0003,0.017539762,341.0703430175781,-1.5846391499042511,-0.007755569694563746,0.016796875,0.6617153882980347,4170,0.3
19,1045,4,200.0,4864,586.6666666666666,1035.5145141601563,0.0003,0.015416016,450.3838806152344,-1.7921372413635255,-0.006478344171773643,0.014453125,0.06760472059249878,4180,0.3
20,1043,4,200.0,5120,599.2,1465.1653259277343,0.0003,0.003235418,561.3007202148438,-1.680152267217636,-0.003654801659286022,0.001953125,0.37326788902282715,4190,0.3
21,1043,5,200.0,5376,607.3076923076923,1158.9332000732422,0.0003,0.0050720125,565.073486328125,-1.6574061036109924,-0.004893913329578936,0.001171875,0.4995471239089966,4200,0.3
22,1042,5,200.0,5632,576.0714285714286,756.9214752197265,0.0003,0.0011394187,262.80517578125,-1.7329166173934936,-0.0016265439102426172,0.0,0.5259620547294617,4210,0.3
23,1042,5,200.0,5888,595.5172413793103,939.9204711914062,0.0003,0.009163568,377.47418212890625,-1.6895895719528198,-0.010274897469207645,0.0015625,0.4026039242744446,4220,0.3
24,1038,5,200.0,6144,622.0,1244.2848693847657,0.0003,0.004690801,741.2413940429688,-1.6047989070415496,-0.003385060909204185,0.00234375,0.5103375911712646,4230,0.3
25,1037,6,200.0,6400,646.875,1546.90791015625,0.0003,0.0009238261,606.927734375,-1.5490006625652313,-0.0007699865382164717,0.0,0.5994279384613037,4240,0.3
26,1038,6,200.0,6656,644.5454545454545,1263.5755310058594,0.0003,0.009246647,567.1018676757812,-1.5998887717723846,-0.007800204353407026,0.00390625,0.61219722032547,4250,0.3
27,1038,6,200.0,6912,652.3529411764706,950.75166015625,0.0003,0.0026932599,374.98748779296875,-1.6822417676448822,0.0005723704816773534,0.0,0.5192167162895203,4260,0.3
28,1038,6,200.0,7168,632.8571428571429,1366.633935546875,0.0003,0.0017687732,568.3809204101562,-1.6740943491458893,0.0022295296424999834,0.0,0.30289530754089355,4270,0.3
29,1038,7,200.0,7424,686.7567567567568,1129.72822265625,0.0003,0.0102702305,338.3516845703125,-1.6282511055469513,-0.007733056705910712,0.00625,0.5954399108886719,4280,0.3
30,1038,7,200.0,7680,705.2631578947369,1336.0816955566406,0.0003,0.006075544,647.1688232421875,-1.476883691549301,-0.006467824964784086,0.0,0.5887464880943298,4290,0.3
31,1038,7,200.0,7936,715.6410256410256,1343.203805541992,0.0003,0.0038159534,502.3911437988281,-1.5458883464336395,-0.0050381510751321915,0.0,0.5105148553848267,4300,0.3
32,1038,7,200.0,8192,737.25,1734.6657104492188,0.0003,0.011090186,864.3097534179688,-1.4804474115371704,-0.008466958208009601,0.0265625,0.5284642577171326,4310,0.3
33,1039,8,200.0,8448,743.5714285714286,1862.029766845703,0.0003,0.0057234517,946.1787719726562,-1.5013472497463227,-0.004537121462635696,0.001953125,0.4861157536506653,4320,0.3
34,1038,8,200.0,8704,741.6279069767442,587.1947326660156,0.0003,0.010603508,136.9335174560547,-1.8514377117156982,-0.007741010840982198,0.005859375,0.5204249620437622,4330,0.3
35,1038,8,200.0,8960,738.4090909090909,1168.088394165039,0.0003,0.0033063043,507.4414978027344,-1.672306591272354,0.00023773617576807737,0.0,0.4323430061340332,4340,0.3
36,1038,8,200.0,9216,717.6086956521739,1106.485528564453,0.0003,0.0041891914,609.745849609375,-1.7287314236164093,-0.010132053587585687,0.009375,0.5095788836479187,4350,0.3
37,1037,9,200.0,9472,726.5957446808511,442.8975204467773,0.0003,0.049064532,205.08941650390625,-1.7760275065898896,-0.016590942186303435,0.1,0.6050001382827759,4360,0.3
38,1037,9,200.0,9728,740.4166666666666,1244.0605041503907,0.0003,0.0010826765,409.27423095703125,-1.5689871311187744,-0.0015073173213750123,0.0,0.611362874507904,4370,0.3
39,1037,9,200.0,9984,753.6734693877551,1469.9456665039063,0.0003,0.012285459,697.2348022460938,-1.545783656835556,-0.009093866962939502,0.005859375,0.6141312122344971,4380,0.3
40,1037,9,200.0,10240,775.0980392156863,1486.2828063964844,0.0003,0.0029578186,712.3165283203125,-1.475012969970703,-0.003033223981037736,0.0,0.5672492980957031,4390,0.3
1,1352,0,200.0,256,641.0,1252.1812133789062,0.0003,0.005675429,572.080078125,-1.6554131984710694,-0.005644790129736066,0.00546875,0.40093380212783813,4400,0.3
2,1159,0,200.0,512,758.5,1444.5821899414063,0.0003,0.0061859926,766.394287109375,-1.7707965552806855,-0.003609556867741048,0.0,0.48962825536727905,4010,0.3
3,1108,0,200.0,768,946.0,1688.8533081054688,0.0003,0.006653673,861.2376708984375,-1.7696143746376038,-0.0028467137133702637,0.002734375,0.41450947523117065,4020,0.3
4,1081,0,200.0,1024,1015.0,2146.522357177734,0.0003,0.012649575,935.4818115234375,-1.646868896484375,-0.012137071415781974,0.0359375,0.37807899713516235,4030,0.3
5,1060,1,200.0,1280,949.0,1661.758349609375,0.0003,0.0028528767,570.0562133789062,-1.5565472662448883,-0.002924969175364822,0.0,0.47714322805404663,4040,0.3
6,1038,1,200.0,1536,1000.7142857142857,1753.7988403320312,0.0003,0.027008181,860.9627685546875,-1.7829972445964812,-0.01042774636298418,0.034765625,0.46529489755630493,4050,0.3
7,1035,1,200.0,1792,987.0,1749.0908996582032,0.0003,0.007974826,732.8098754882812,-1.6690916836261749,-0.005584066337905824,0.0046875,0.4879192113876343,4060,0.3
8,1028,1,200.0,2048,869.7,302.96332397460935,0.0003,0.010449899,173.2102508544922,-1.9030144095420838,-0.007402233663015068,0.0140625,0.4657585620880127,4070,0.3
9,1017,2,200.0,2304,888.9090909090909,1326.808154296875,0.0003,0.014046617,650.785888671875,-1.6741116344928741,-0.014983620354905724,0.0171875,0.454517126083374,4080,0.3
10,1017,2,200.0,2560,849.5833333333334,1793.6746459960937,0.0003,0.006487357,676.7584838867188,-1.6149981021881104,-0.0038346782326698302,0.00078125,0.4347611665725708,4090,0.3
11,1019,2,200.0,2816,800.0714285714286,901.62841796875,0.0003,0.0010846967,437.8806457519531,-1.668191146850586,0.001860438985750079,0.0,0.17483681440353394,4100,0.3
12,1017,3,200.0,3072,837.5333333333333,1702.6256164550782,0.0003,0.007629693,811.3272705078125,-1.6626475036144257,-0.0054025403689593075,0.0015625,0.2442249059677124,4110,0.3
13,1020,3,200.0,3328,854.8125,1963.6873046875,0.0003,0.005582678,1225.8360595703125,-1.5868303656578064,-0.00702988391276449,0.0,0.5408416390419006,4120,0.3
14,1020,3,200.0,3584,856.9411764705883,1351.2551300048829,0.0003,0.017957374,844.1063842773438,-1.705218243598938,-0.012740933848544956,0.03359375,0.5552867650985718,4130,0.3
15,1022,3,200.0,3840,910.4736842105264,2067.522576904297,0.0003,0.004069365,932.7188110351562,-1.6320403456687926,-0.007746900664642453,0.00390625,0.495667040348053,4140,0.3
16,1023,4,200.0,4096,933.9,1496.5669708251953,0.0003,0.009044192,1016.5530395507812,-1.5441726863384246,-0.007993851683568209,0.002734375,0.47922587394714355,4150,0.3
17,1026,4,200.0,4352,883.7619047619048,1353.4795288085938,0.0003,0.0113006085,800.798828125,-1.7557102859020233,-0.00879597149323672,0.011328125,0.4090540409088135,4160,0.3
18,1028,4,200.0,4608,829.695652173913,406.0242012023926,0.0003,0.0042138672,93.10592651367188,-1.828049784898758,-0.0048520084703341125,0.0,0.507688581943512,4170,0.3
19,1030,4,200.0,4864,800.3333333333334,1051.2896728515625,0.0003,0.00536169,462.97320556640625,-1.7563087224960328,-0.004038075730204582,0.0,0.4219578504562378,4180,0.3
20,1031,4,200.0,5120,812.68,941.1625915527344,0.0003,0.005646836,628.5746459960938,-1.73947417140007,-0.008019508188590407,0.0015625,0.5140787959098816,4190,0.3
21,1031,5,200.0,5376,851.9615384615385,2085.739306640625,0.0003,0.0018600102,890.9459838867188,-1.708718878030777,-0.005216100346297025,0.0,0.4511079788208008,4200,0.3
22,1032,5,200.0,5632,904.75,2236.718572998047,0.0003,0.012494879,1203.0120849609375,-1.7077242374420165,-0.01093418716918677,0.007421875,0.5009778738021851,4210,0.3
23,1033,5,200.0,5888,919.7931034482758,1590.22333984375,0.0003,0.0040463223,588.5181274414062,-1.759182906150818,-0.0019025114132091403,0.0,0.46135997772216797,4220,0.3
24,1033,5,200.0,6144,898.1666666666666,1773.3440246582031,0.0003,0.0005182447,875.0087280273438,-1.7411808907985686,-0.0028308059088885786,0.0,0.27628952264785767,4230,0.3
25,1034,6,200.0,6400,893.4375,1659.5766845703124,0.0003,0.0021769807,854.6649169921875,-1.7635158956050874,-0.005760373920202256,0.0,0.33403152227401733,4240,0.3
26,1034,6,200.0,6656,915.1818181818181,1377.825161743164,0.0003,0.0004824088,655.3085327148438,-1.79071204662323,-0.0015854722587391734,0.0,0.5095291137695312,4250,0.3
27,1035,6,200.0,6912,921.2352941176471,1877.6684814453124,0.0003,0.0030520689,814.5724487304688,-1.759156382083893,-0.006119470670819282,0.0,0.5557374954223633,4260,0.3
28,1035,6,200.0,7168,907.6285714285714,1234.8839965820312,0.0003,0.0026947602,434.87640380859375,-1.8077350378036499,-0.0039026056649163364,0.0,0.43242835998535156,4270,0.3
29,1035,7,200.0,7424,903.5135135135135,1222.444027709961,0.0003,0.012162007,693.5982055664062,-1.7852590262889863,-0.013033725507557391,0.006640625,0.5270049571990967,4280,0.3
30,1036,7,200.0,7680,915.2368421052631,1390.26279296875,0.0003,0.0026645437,628.750732421875,-1.8208560645580292,-0.005165692162699997,0.0,0.38636475801467896,4290,0.3
31,1036,7,200.0,7936,914.0,1421.6631591796875,0.0003,0.0021843472,628.4645385742188,-1.7824787199497223,-0.002535796398296952,0.0,0.5656962394714355,4300,0.3
32,1037,7,200.0,8192,907.2,1073.5193969726563,0.0003,0.004736193,498.56298828125,-1.8120352804660798,-0.00594311689492315,0.000390625,0.567401647567749,4310,0.3
33,1037,8,200.0,8448,917.3095238095239,1028.5836029052734,0.0003,0.009274585,313.8011169433594,-1.7867227137088775,-0.00978256152011454,0.00390625,0.5244783163070679,4320,0.3
34,1037,8,200.0,8704,909.0,1604.6447143554688,0.0003,0.003014916,796.780517578125,-1.6809639811515809,-0.004743120772764087,0.0,0.5426768064498901,4330,0.3
35,1038,8,200.0,8960,919.0909090909091,1565.441827392578,0.0003,0.00062520546,761.1513061523438,-1.6341472864151,-0.001472666347399354,0.0,0.22412967681884766,4340,0.3
36,1037,8,200.0,9216,905.9782608695652,1480.3485595703125,0.0003,0.0006686002,862.4694213867188,-1.6602854013442994,-0.0021683054510504007,0.0,0.4250915050506592,4350,0.3
37,1037,9,200.0,9472,915.4255319148937,1275.049462890625,0.0003,0.004795127,640.1575927734375,-1.6375065565109252,-0.010613803996238857,0.00078125,0.46831250190734863,4360,0.3
38,1037,9,200.0,9728,929.7291666666666,1403.125018310547,0.0003,0.015325878,630.9070434570312,-1.7181138575077057,-0.013441804982721805,0.006640625,0.5758165121078491,4370,0.3
39,1037,9,200.0,9984,919.3469387755102,1721.8959686279297,0.0003,0.003319551,865.4188232421875,-1.7248142540454865,-0.0007132956990972162,0.0,0.4130716323852539,4380,0.3
40,1037,9,200.0,10240,912.7450980392157,1078.1271240234375,0.0003,0.0038681552,649.0675048828125,-1.7390778958797455,-0.0036120086908340452,0.0,0.5914417505264282,4390,0.3
1,1324,0,200.0,256,1580.0,945.9526184082031,0.0003,0.0017715632,419.3837890625,-1.6918457210063935,-0.0021743648452684284,0.0,0.49775516986846924,4400,0.3
2,1148,0,200.0,512,1240.0,1287.1988342285156,0.0003,0.006058293,701.7318115234375,-1.5541333973407745,-0.008312932820990682,0.007421875,0.5783764123916626,4410,0.3
3,1083,0,200.0,768,1210.0,1517.2698059082031,0.0003,0.066217735,661.7138061523438,-1.5178418517112733,-0.025971269304864108,0.134765625,0.41529524326324463,4420,0.3
4,1072,0,200.0,1024,1054.0,1822.9688842773437,0.0003,0.00072672707,687.479736328125,-1.4523094654083253,-0.00030421558767557144,0.0,0.1691427230834961,4430,0.3
5,1067,1,200.0,1280,1073.3333333333333,1227.0640625,0.0003,0.0006231684,709.2857055664062,-1.4711243689060212,-0.003291904553771019,0.0,0.604507565498352,4440,0.3
6,1064,1,200.0,1536,1052.857142857143,1334.8846313476563,0.0003,0.010989747,654.3836059570312,-1.4263204872608184,-0.010800979658961296,0.02265625,0.5285220742225647,4450,0.3
7,1059,1,200.0,1792,1036.25,1522.6746154785155,0.0003,0.017336478,583.8912353515625,-1.5234463334083557,-0.013438662490807473,0.03671875,0.39498400688171387,4460,0.3
8,1049,1,200.0,2048,1109.0,1124.2851959228515,0.0003,0.011998111,582.8362426757812,-1.5484134614467622,-0.009167372528463603,0.009375,0.6160987615585327,4470,0.3
9,1049,2,200.0,2304,1026.3636363636363,1272.6831665039062,0.0003,0.006505277,718.89501953125,-1.4617899298667907,-0.00558445262722671,0.0,0.6201220750808716,4480,0.3
10,1043,2,200.0,2560,1058.3333333333333,930.112582397461,0.0003,0.010723563,473.7869567871094,-1.5625182926654815,-0.0016693735495209693,0.001171875,0.5766845345497131,4490,0.3
11,1041,2,200.0,2816,1020.7142857142857,1229.1760498046874,0.0003,0.015086482,669.9266967773438,-1.4975151240825653,-0.004931671929080039,0.008203125,0.4937041997909546,4500,0.3
12,1039,2,200.0,3072,998.0,756.4397033691406,0.0003,0.0069526774,506.8500671386719,-1.555674397945404,-0.0020291998982429503,0.000390625,0.6389815807342529,4510,0.3
13,1039,3,200.0,3328,988.75,945.0785095214844,0.0003,0.002298483,290.1180114746094,-1.5390772104263306,-0.0008952793432399631,0.0,0.7145062685012817,4520,0.3
14,1036,3,200.0,3584,930.0,2140.8542541503907,0.0003,0.004370899,875.8333740234375,-1.2983306229114533,-0.0039388314355164765,0.001171875,0.03262382745742798,4530,0.3
15,1037,3,200.0,3840,942.1052631578947,1364.5346557617188,0.0003,0.0031170875,539.4380493164062,-1.4533284902572632,-0.0031486838357523083,0.0015625,0.5658257007598877,4540,0.3
16,1035,3,200.0,4096,974.0,852.7966400146485,0.0003,0.0020623174,409.1788024902344,-1.5214944183826447,-0.0022831596434116364,0.0,0.6333181262016296,4550,0.3
17,1035,4,200.0,4352,945.7142857142857,1051.472674560547,0.0003,0.0046255924,469.8025207519531,-1.5708658576011658,-0.003442841488867998,0.0,0.5752102732658386,4560,0.3
18,1034,4,200.0,4608,974.3478260869565,1170.887921142578,0.0003,0.010624889,489.5137023925781,-1.4530032575130463,-0.0066636399365961555,0.00078125,0.639154314994812,4570,0.3
19,1034,4,200.0,4864,1001.6666666666666,1036.401431274414,0.0003,0.007016042,347.77520751953125,-1.5113967835903168,-0.004601454501971603,0.000390625,0.630187451839447,4580,0.3
20,1032,4,200.0,5120,1017.2,1265.328302001953,0.0003,0.0052116043,683.9856567382812,-1.3850579500198363,-0.0040997366420924665,0.00234375,0.6459152698516846,4590,0.3
21,1033,5,200.0,5376,1023.0769230769231,1148.2943206787108,0.0003,0.028119091,510.8650207519531,-1.3852650225162506,-0.016536687780171633,0.0453125,0.6404775381088257,4600,0.3
22,1033,5,200.0,5632,1022.8571428571429,1066.1853454589843,0.0003,0.0035726642,448.0470886230469,-1.4055589497089387,-0.004855933832004666,0.0,0.5083106756210327,4610,0.3
23,1034,5,200.0,5888,986.2068965517242,1370.2793518066405,0.0003,0.008856577,623.52880859375,-1.2966276705265045,-0.0045318894786760214,0.00390625,0.5210031867027283,4620,0.3
24,1033,5,200.0,6144,979.3333333333334,621.3157958984375,0.0003,0.015484067,257.1006774902344,-1.6024628698825836,-0.013398500578477978,0.0125,0.2664392590522766,4630,0.3
25,1033,6,200.0,6400,974.6875,1592.373468017578,0.0003,0.0016776926,847.7400512695312,-1.3737461507320403,0.004318624548614025,0.0,0.4222291111946106,4640,0.3
26,1034,6,200.0,6656,936.3636363636364,1118.4632934570313,0.0003,0.01088601,599.1533203125,-1.445210725069046,-0.007976578501984476,0.005859375,0.6668223142623901,4650,0.3
27,1034,6,200.0,6912,957.0588235294117,392.7470024108887,0.0003,0.0265445,149.55999755859375,-1.6083353281021118,-0.011660783924162388,0.0671875,0.7071284651756287,4660,0.3
28,1034,6,200.0,7168,983.7142857142857,1387.9063232421875,0.0003,0.011168545,587.9692993164062,-1.2329896450042725,-0.0003457833081483841,0.03125,0.586188554763794,4670,0.3
29,1035,7,200.0,7424,986.2162162162163,1564.9222351074218,0.0003,0.00579014,661.4951171875,-1.4232832431793212,-0.0025327093666419388,0.001171875,0.44992244243621826,4680,0.3
30,1034,7,200.0,7680,997.8947368421053,1179.859683227539,0.0003,0.011767437,508.6360168457031,-1.3880575716495513,-0.01688902694731951,0.07890625,0.5725857615470886,4690,0.3
31,1034,7,200.0,7936,1008.974358974359,1058.1961547851563,0.0003,0.0023955463,357.2724914550781,-1.4000827193260192,-0.0020807844935916363,0.0,0.5566307306289673,4700,0.3
32,1035,7,200.0,8192,1001.0,990.5400970458984,0.0003,0.03489068,372.09271240234375,-1.4870585381984711,-0.016684446949511766,0.115234375,0.673602819442749,4710,0.3
33,1034,8,200.0,8448,996.4285714285714,1341.0010070800781,0.0003,0.020577233,715.8020629882812,-1.4045675218105316,-0.01033266659360379,0.028515625,0.5184004306793213,4720,0.3
34,1033,8,200.0,8704,988.1395348837209,1522.0733154296875,0.0003,0.0018610067,543.7520141601562,-1.4923125803470612,-0.0009988628095015883,0.0,0.26669538021087646,4730,0.3
35,1029,8,200.0,8960,1014.0909090909091,766.775260925293,0.0003,0.011925742,289.43853759765625,-1.446308082342148,-0.007038904167711735,0.00703125,0.7259364128112793,4740,0.3
36,1025,8,200.0,9216,1046.9565217391305,1480.5265686035157,0.0003,0.010354931,754.5509643554688,-1.2665188133716583,-0.006263092719018459,0.009375,0.6286053657531738,4750,0.3
37,1023,9,200.0,9472,1064.468085106383,1198.141046142578,0.0003,0.017173648,627.0300903320312,-1.3330389559268951,-0.00888181843329221,0.021875,0.6157068610191345,4760,0.3
38,1023,9,200.0,9728,1071.4583333333333,1388.236474609375,0.0003,0.0029216465,665.345947265625,-1.3347908437252045,-0.0019680657191202045,0.0,0.6640797853469849,4770,0.3
39,1023,9,200.0,9984,1067.142857142857,1035.4090576171875,0.0003,0.008692066,533.7385864257812,-1.3630078077316283,-0.0035765424370765688,0.00078125,0.6058542728424072,4780,0.3
40,1024,9,200.0,10240,1079.0196078431372,1099.0120941162108,0.0003,0.0027065955,424.3857727050781,-1.3086259007453918,-0.0050230627879500386,0.003125,0.5607263445854187,4790,0.3
1,1293,0,200.0,256,425.0,1124.2045196533204,0.0003,0.0047865165,672.7310180664062,-1.347451913356781,-0.0035262611927464604,0.00078125,0.6521260738372803,4800,0.3
2,1166,0,200.0,512,655.0,1133.1177673339844,0.0003,0.009892144,448.79193115234375,-1.738268631696701,-0.007047790894284844,0.008984375,0.6196565628051758,4410,0.3
3,1125,0,200.0,768,799.0,1170.1369873046874,0.0003,0.012259863,567.689208984375,-1.7144575476646424,-0.010681834816932679,0.00546875,0.5780401825904846,4420,0.3
4,1104,0,200.0,1024,983.6,1393.2791076660155,0.0003,0.021225806,573.3117065429688,-1.7042639076709747,-0.016820808872580528,0.021875,0.532378077507019,4430,0.3
5,1088,1,200.0,1280,931.3333333333334,1455.4511657714843,0.0003,0.0050093425,764.9000244140625,-1.6385737776756286,-0.0059879519511014225,0.000390625,0.5401458740234375,4440,0.3
6,1078,1,200.0,1536,825.4285714285714,1328.7982330322266,0.0003,0.0073080645,577.2920532226562,-1.70195592045784,-0.003008800419047475,0.004296875,0.3415791988372803,4450,0.3
7,1067,1,200.0,1792,893.25,1025.357681274414,0.0003,0.0042107315,469.4530334472656,-1.7222981572151184,-0.003020669985562563,0.0,0.5190304517745972,4460,0.3
8,1063,1,200.0,2048,892.0,1549.9925842285156,0.0003,0.0038762263,798.1683959960938,-1.6170484721660614,-0.008255998464301228,0.00078125,0.5286789536476135,4470,0.3
9,1062,2,200.0,2304,915.6363636363636,945.8048583984375,0.0003,0.013341464,411.551025390625,-1.79479022026062,-0.011167433043010534,0.00859375,0.6413707137107849,4480,0.3
10,1057,2,200.0,2560,903.25,1190.981185913086,0.0003,0.0012609495,449.5242919921875,-1.6777036488056183,-0.0016736875986680388,0.0,0.4708765745162964,4490,0.3
11,1057,2,200.0,2816,815.7857142857143,1308.7391479492187,0.0003,0.008183913,560.3694458007812,-1.795200377702713,-0.009006206830963492,0.0046875,0.17921191453933716,4500,0.3
12,1056,2,200.0,3072,757.0666666666667,887.2038940429687,0.0003,0.015389673,515.1790771484375,-1.7504580199718476,-0.0102968271356076,0.02265625,0.6473156213760376,4510,0.3
13,1056,3,200.0,3328,749.5,243.73276863098144,0.0003,0.035167925,136.2716064453125,-1.7808446049690247,-0.018929890263825654,0.064453125,0.5928810834884644,4520,0.3
14,1056,3,200.0,3584,795.8235294117648,1915.4919677734374,0.0003,0.005807631,976.0975952148438,-1.6184676706790924,-0.0007587708299979567,0.001171875,0.4803186058998108,4530,0.3
15,1054,3,200.0,3840,776.9473684210526,1076.2533294677735,0.0003,0.010410669,552.2506713867188,-1.5806183993816376,-0.013150641624815763,0.025390625,0.6036713719367981,4540,0.3
16,1055,3,200.0,4096,818.65,1098.1588989257812,0.0003,0.0027981556,548.3519287109375,-1.6474155366420746,-0.0034136720234528182,0.0,0.5715440511703491,4550,0.3
17,1055,4,200.0,4352,777.047619047619,1141.7359008789062,0.0003,0.004261513,593.149658203125,-1.6035650432109834,-0.008764876448549331,0.0,0.636614203453064,4560,0.3
18,1057,4,200.0,4608,747.5217391304348,957.1593963623047,0.0003,0.00806982,479.5697326660156,-1.5472530901432038,-0.005694910720922053,0.002734375,0.5363349318504333,4570,0.3
19,1056,4,200.0,4864,772.5416666666666,864.8272308349609,0.0003,0.00086389086,268.99176025390625,-1.5227425038814544,-0.0024941178620792926,0.0,0.33787989616394043,4580,0.3
20,1057,4,200.0,5120,729.2,1168.443994140625,0.0003,0.013447858,612.7164306640625,-1.5660837471485138,-0.007955746888183058,0.02109375,0.5983372330665588,4590,0.3
21,1055,5,200.0,5376,726.0384615384615,294.8173828125,0.0003,0.008415772,169.95924377441406,-1.432727003097534,-0.008491232758387923,0.006640625,0.5124123096466064,4600,0.3
22,1055,5,200.0,5632,771.4285714285714,1469.3833801269532,0.0003,0.01021456,784.3662719726562,-1.524631881713867,-0.008568563777953387,0.00390625,0.5526244044303894,4610,0.3
23,1055,5,200.0,5888,743.3793103448276,1401.1037200927735,0.0003,0.0066651357,826.3455200195312,-1.4703730940818787,-0.00417244560085237,0.001171875,0.6115345358848572,4620,0.3
24,1055,5,200.0,6144,748.8,650.2988533020019,0.0003,0.0011453582,128.23974609375,-1.0415390312671662,5.12497266754508e-05,0.0,-0.004874110221862793,4630,0.3
25,1055,6,200.0,6400,687.90625,999.1354919433594,0.0003,0.01010095,522.530517578125,-1.2467654526233674,-0.007104451744817197,0.00859375,0.5859444737434387,4640,0.3
26,1055,6,200.0,6656,669.9090909090909,2396.2836486816404,0.0003,0.0041823005,873.6435546875,-1.5841801345348359,0.0030217933235689998,0.0,-0.45346498489379883,4650,0.3
27,1056,6,200.0,6912,669.8235294117648,1192.280453491211,0.0003,0.0074308207,652.7717895507812,-1.392303991317749,-0.010005816305056214,0.00703125,0.39296454191207886,4660,0.3
28,1056,6,200.0,7168,642.2285714285714,375.5000358581543,0.0003,0.02975171,215.72421264648438,-1.2449621498584746,-0.014136916142888367,0.060546875,0.630247175693512,4670,0.3
29,1056,7,200.0,7424,623.2432432432432,826.9577697753906,0.0003,0.0046020267,315.6649169921875,-1.6372186660766601,-0.0039919809438288215,0.0,0.6496299505233765,4680,0.3
30,1056,7,200.0,7680,618.0,228.40576553344727,0.0003,0.010880338,126.03744506835938,-1.6875297963619231,-0.004384027956984937,0.000390625,0.6384433507919312,4690,0.3
31,1056,7,200.0,7936,649.0512820512821,1068.5428741455078,0.0003,0.0019139762,474.9780578613281,-1.444941407442093,-0.004339292994700372,0.000390625,0.5928356051445007,4700,0.3
32,1056,7,200.0,8192,648.525,1617.5650573730468,0.0003,0.0030859024,792.583251953125,-1.565326178073883,-0.0019059436162933707,0.0,0.5717591047286987,4710,0.3
33,1057,7,200.0,8448,648.6904761904761,1490.3618957519532,0.0003,0.001137367,708.9403076171875,-1.6170818269252778,-0.0023160513257607816,0.0,0.4677582383155823,4720,0.3
34,1057,8,200.0,8704,654.9302325581396,550.254183959961,0.0003,0.0020058285,190.2943878173828,-1.6432194113731384,-9.98679781332612e-05,0.0,0.24399429559707642,4730,0.3
35,1058,8,200.0,8960,676.0681818181819,1736.2325317382813,0.0003,0.00026652357,637.2783813476562,-1.590776151418686,-0.0011833826545625925,0.0,0.5715406537055969,4740,0.3
36,1057,8,200.0,9216,685.3913043478261,980.1385894775391,0.0003,0.0008723284,633.3404541015625,-1.625762838125229,-0.0016347436932846904,0.0,0.6760838031768799,4750,0.3
37,1056,8,200.0,9472,705.468085106383,1187.2916442871094,0.0003,0.0071425326,646.2438354492188,-1.6154996573925018,-0.008260757871903479,0.00625,0.6197522878646851,4760,0.3
38,1053,9,200.0,9728,719.0625,1610.415545654297,0.0003,0.010734666,698.0299072265625,-1.4524626791477204,-0.015495793870650231,0.005859375,0.5755413174629211,4770,0.3
39,1050,9,200.0,9984,746.8367346938776,1676.2409057617188,0.0003,0.019203,1095.71240234375,-1.580021333694458,-0.008897632034495473,0.03203125,0.6335397958755493,4780,0.3
40,1050,9,200.0,10240,766.6666666666666,2083.322589111328,0.0003,0.01822956,942.4576416015625,-1.4213255763053894,-0.008254957920871674,0.01953125,0.31903988122940063,4790,0.3
1,1331,0,200.0,256,930.0,1517.6411499023438,0.0003,0.007470645,684.135986328125,-1.6716324985027313,0.00818683796096593,0.0,0.2644050717353821,4800,0.3
2,1155,0,200.0,512,445.0,1165.6396514892579,0.0003,0.0028845372,480.0693359375,-1.4513810217380523,0.004833787912502885,0.0,0.44822436571121216,4810,0.3
3,1122,0,200.0,768,366.6666666666667,348.00730209350587,0.0003,0.029462496,184.4459991455078,-1.639270842075348,-0.013340354617685079,0.07734375,0.7341576218605042,4820,0.3
4,1065,0,200.0,1024,444.0,67.99748096466064,0.0003,0.018435985,18.452987670898438,-1.7463815271854402,-0.015390234673395753,0.079296875,0.2747771143913269,4830,0.3
5,1055,1,200.0,1280,723.3333333333334,1732.57939453125,0.0003,0.0062971623,793.3400268554688,-1.3619507431983948,-0.005138232605531812,0.0,0.428056538105011,4840,0.3
6,1042,1,200.0,1536,718.5714285714286,1320.4709381103517,0.0003,0.0034283425,610.9884033203125,-1.3095458924770356,-0.004051970900036395,0.000390625,0.6007247567176819,4850,0.3
7,1041,1,200.0,1792,833.75,1143.4518035888673,0.0003,0.01833065,698.3853149414062,-1.2674395382404327,-0.013297811569646,0.020703125,0.657437264919281,4860,0.3
8,1039,1,200.0,2048,918.0,1024.329556274414,0.0003,0.0027548627,405.9178161621094,-1.381255030632019,4.7116237692534926e-05,0.000390625,0.6016018390655518,4870,0.3
9,1035,2,200.0,2304,960.9090909090909,1070.029296875,0.0003,0.013355998,600.02197265625,-1.3647210478782654,-0.013116949517279864,0.049609375,0.7027977108955383,4880,0.3
10,1032,2,200.0,2560,978.3333333333334,1070.998501586914,0.0003,0.016206533,465.33306884765625,-1.2690429210662841,-0.00907323146238923,0.032421875,0.7117427587509155,4890,0.3
11,1028,2,200.0,2816,987.1428571428571,960.1001434326172,0.0003,0.0064454307,418.8030090332031,-1.4241870403289796,0.0022460436448454857,0.002734375,0.6271288394927979,4900,0.3
12,1029,2,200.0,3072,1046.0,913.2740936279297,0.0003,0.026963135,485.9085998535156,-1.4578860104084015,-0.021391834132373333,0.11015625,0.6577295660972595,4910,0.3
13,1030,3,200.0,3328,1112.5,1151.0379974365235,0.0003,0.014901134,632.9486694335938,-1.2743119597434998,-0.00805906297173351,0.01640625,0.7187415361404419,4920,0.3
14,1033,3,200.0,3584,1087.6470588235295,1589.046075439453,0.0003,0.0023558103,803.1939697265625,-1.2783047199249267,-0.0019880231004208325,0.0,0.5317696332931519,4930,0.3
15,1033,3,200.0,3840,1078.421052631579,553.6665435791016,0.0003,0.029055543,268.9659423828125,-1.5638747096061707,-0.013837820733897388,0.090625,0.5613703727722168,4940,0.3
16,1030,3,200.0,4096,1071.0,1590.3236572265625,0.0003,0.015507499,649.7056274414062,-1.2665490806102753,-0.009104348113760352,0.033984375,0.5894106030464172,4950,0.3
17,1030,4,200.0,4352,1098.5714285714287,1189.0887603759766,0.0003,0.0006179395,427.6805725097656,-1.2776853799819947,-0.0005210274015553295,0.0,0.622830867767334,4960,0.3
18,1031,4,200.0,4608,1174.7826086956522,1358.0144836425782,0.0003,0.021130376,748.2138671875,-1.2763263940811158,-0.010848263278603554,0.030078125,0.5872671604156494,4970,0.3
19,1031,4,200.0,4864,1191.6666666666667,1131.3375213623046,0.0003,0.027365126,634.1113891601562,-1.2097079873085022,-0.008098058984614909,0.04765625,0.7094645500183105,4980,0.3
20,1030,4,200.0,5120,1180.0,1200.5595733642579,0.0003,0.009755924,551.8740234375,-1.2760021686553955,-0.006536528095602989,0.00703125,0.5470939874649048,4990,0.3
21,1031,5,200.0,5376,1197.3076923076924,1464.2935180664062,0.0003,0.003838619,605.6994018554688,-1.1605115354061126,-0.002811604179441929,0.00390625,0.5474887490272522,5000,0.3
22,1029,5,200.0,5632,1168.9285714285713,1211.1401153564452,0.0003,0.0038477269,467.9947509765625,-1.230620789527893,-0.005497731198556721,0.001953125,0.5230454206466675,5010,0.3
23,1025,5,200.0,5888,1186.2068965517242,747.9243896484375,0.0003,0.02925843,307.9579772949219,-1.431116807460785,-0.01248591635376215,0.028515625,0.6687579154968262,5020,0.3
24,1022,6,200.0,6144,1225.6666666666667,1351.602716064453,0.0003,0.017086584,666.8734741210938,-1.2478595614433288,-0.0022381953196600078,0.053125,0.6219874620437622,5030,0.3
25,1021,6,200.0,6400,1236.25,1634.1382690429687,0.0003,0.003920206,764.4655151367188,-1.209372490644455,-0.004194309585727751,0.0,0.5394977331161499,5040,0.3
26,1021,6,200.0,6656,1215.4545454545455,973.179232788086,0.0003,0.031557955,414.8200988769531,-1.3384643137454986,-0.022447998053394258,0.127734375,0.6307934522628784,5050,0.3
27,1022,6,200.0,6912,1212.0588235294117,1277.9883544921875,0.0003,0.010612057,512.2785034179688,-1.496223658323288,-0.0040099967271089556,0.01328125,0.37830549478530884,5060,0.3
28,1022,7,200.0,7168,1216.5714285714287,1384.978955078125,0.0003,0.0016560366,680.9390869140625,-1.1937156021595001,-0.0011980312643572687,0.0,0.5983507633209229,5070,0.3
29,1022,7,200.0,7424,1240.5405405405406,1350.589581298828,0.0003,0.013435464,638.8145751953125,-1.2791490435600281,-0.010919818421825767,0.027734375,0.6002446413040161,5080,0.3
30,1022,7,200.0,7680,1257.1052631578948,1249.2766906738282,0.0003,0.012684424,469.16839599609375,-1.2766206204891204,-0.007488559396006167,0.008203125,0.6214256286621094,5090,0.3
31,1023,7,200.0,7936,1246.1538461538462,1222.03740234375,0.0003,0.022145942,541.456298828125,-1.195498287677765,-0.008889909100253135,0.0578125,0.6569505333900452,5100,0.3
32,1023,8,200.0,8192,1249.75,1564.3057495117187,0.0003,0.004470924,640.9213256835938,-1.334247452020645,-0.0031174143543466924,0.00625,0.4001157879829407,5110,0.3
33,1023,8,200.0,8448,1273.8095238095239,1112.4311614990233,0.0003,0.01885573,467.3303527832031,-1.2569974720478059,-0.012344219256192446,0.041796875,0.6390380859375,5120,0.3
34,1023,8,200.0,8704,1287.6744186046512,1316.5934936523438,0.0003,0.0070752786,498.08636474609375,-1.1819526135921479,-0.006925678672268986,0.00234375,0.6429632902145386,5130,0.3
35,1024,8,200.0,8960,1295.4545454545455,1201.904135131836,0.0003,0.02742729,637.0390625,-1.1874620020389557,-0.016701432503759862,0.053125,0.6563052535057068,5140,0.3
36,1025,8,200.0,9216,1270.2173913043478,1033.78076171875,0.0003,0.023279987,529.714599609375,-1.2332499265670775,-0.015154647594317793,0.046875,0.6715757846832275,5150,0.3
37,1026,9,200.0,9472,1277.872340425532,1717.1758361816405,0.0003,0.013132339,695.129150390625,-1.3128311038017273,-0.002536578266881406,0.040234375,0.3770354986190796,5160,0.3
38,1025,9,200.0,9728,1290.0,1145.825634765625,0.0003,0.0068437764,537.8595581054688,-1.1069224059581757,-0.005561594595201313,0.003515625,0.6831375956535339,5170,0.3
39,1026,9,200.0,9984,1291.4285714285713,1041.7186889648438,0.0003,0.017694537,451.96533203125,-1.1022222280502318,-0.011935841280501337,0.07421875,0.6468576788902283,5180,0.3
40,1026,9,200.0,10240,1299.2156862745098,1225.5617889404298,0.0003,0.037213165,480.26458740234375,-1.1257195949554444,-0.022833382384851574,0.121484375,0.6305972337722778,5190,0.3
1,1308,0,200.0,256,1081.0,1507.3776123046875,0.0003,0.0060236985,656.5617065429688,-0.9943634659051895,-0.006479845615103841,0.004296875,0.5711559057235718,5200,0.3
2,1124,0,200.0,512,1471.0,1751.81484375,0.0003,0.00044799806,977.1167602539062,-1.6127456426620483,9.011928923428059e-05,0.0,0.4760570526123047,4810,0.3
3,1060,0,200.0,768,1591.0,2097.337860107422,0.0003,0.013716487,837.6377563476562,-1.6770708680152893,-0.010522564221173526,0.00625,0.4021081328392029,4820,0.3
4,1057,0,200.0,1024,1889.8,2261.4843994140624,0.0003,0.0029613164,1066.4208984375,-1.685388594865799,-0.002759105199947953,0.0,0.44994014501571655,4830,0.3
5,1039,1,200.0,1280,1713.6666666666667,2029.680645751953,0.0003,0.0028413874,785.4990844726562,-1.6713322758674622,-0.00531364104244858,0.001171875,0.4842737913131714,4840,0.3
6,1028,1,200.0,1536,1724.5714285714287,1489.4505798339844,0.0003,0.004121195,757.3020629882812,-1.6872617542743682,-0.005941291409544647,0.0,0.5678794384002686,4850,0.3
7,1012,1,200.0,1792,1668.125,1548.1560638427734,0.0003,0.004131729,902.3189086914062,-1.5187081158161164,-0.0060690770158544185,0.00078125,0.5124545693397522,4860,0.3
8,1015,2,200.0,2048,1575.5,1966.047021484375,0.0003,0.0026247962,928.7359619140625,-1.5195975065231324,-0.003683146624825895,0.0,0.4270581603050232,4870,0.3
9,1021,2,200.0,2304,1509.090909090909,1530.8818420410157,0.0003,0.00054321415,815.8759155273438,-1.5495898246765136,-0.0020854273287113758,0.0,0.504135251045227,4880,0.3
10,1005,2,200.0,2560,1557.6666666666667,1112.2928436279296,0.0003,0.0048645306,467.29443359375,-1.7836999475955964,-0.003299720585346222,0.0,0.5983076095581055,4890,0.3
11,1007,2,200.0,2816,1414.857142857143,2712.703332519531,0.0003,0.00083701196,1333.6483154296875,-1.5659934461116791,-0.0011042124591767789,0.0,0.24599438905715942,4900,0.3
12,1011,3,200.0,3072,1425.8,2239.6205627441404,0.0003,0.0059331516,691.5170288085938,-1.69333975315094,-0.006611156137660145,0.0,0.2546538710594177,4910,0.3
13,1012,3,200.0,3328,1435.125,1470.8450805664063,0.0003,0.0018119698,691.3968505859375,-1.4604942142963409,-0.003295800625346601,0.0,0.5983748435974121,4920,0.3
14,1009,3,200.0,3584,1472.1764705882354,1990.3525512695312,0.0003,0.001367545,1050.8038330078125,-1.7044785261154174,-0.0019309757277369498,0.0,0.46140652894973755,4930,0.3
15,1007,3,200.0,3840,1547.0526315789473,1904.9197387695312,0.0003,0.0016338555,885.5187377929688,-1.7307440221309662,-0.004753547580912709,0.0,0.5192795395851135,4940,0.3
16,1006,4,200.0,4096,1523.85,2108.234033203125,0.0003,0.0007694084,1050.37939453125,-1.6319446384906768,-0.003309825132600963,0.0,0.5252996683120728,4950,0.3
17,1011,4,200.0,4352,1443.5238095238096,995.7037078857422,0.0003,0.0011346603,587.5638427734375,-1.7835002779960631,-0.0006516343681141734,0.0,0.5707170963287354,4960,0.3
18,1008,4,200.0,4608,1465.6521739130435,1519.2917419433593,0.0003,0.0041365093,534.61669921875,-1.5037880718708039,-0.004507452761754393,0.00078125,0.502113401889801,4970,0.3
19,1000,4,200.0,4864,1492.5,1802.1986267089844,0.0003,0.0030385475,969.8413696289062,-1.663875263929367,-0.005426889355294407,0.000390625,0.48947638273239136,4980,0.3
20,999,5,200.0,5120,1517.72,1973.1957641601562,0.0003,0.006218655,1183.1207275390625,-1.5887014031410218,-0.011492408625781537,0.000390625,0.5282776355743408,4990,0.3
21,996,5,200.0,5376,1514.6923076923076,2076.053790283203,0.0003,0.010434097,1054.243408203125,-1.5369026064872742,-0.008324299799278378,0.003515625,0.45253515243530273,5000,0.3
22,993,5,200.0,5632,1528.642857142857,1706.66650390625,0.0003,0.01938017,686.2587280273438,-1.5271877467632293,-0.016068894835188984,0.040625,0.5135669708251953,5010,0.3
23,991,5,200.0,5888,1530.8620689655172,1509.817041015625,0.0003,0.0101869935,794.3081665039062,-1.5816628992557527,-0.007371694222092629,0.006640625,0.5605918765068054,5020,0.3
24,990,6,200.0,6144,1556.6666666666667,1484.140185546875,0.0003,0.010218063,492.209228515625,-1.5490467250347137,-0.011813279706984758,0.001171875,0.7008048295974731,5030,0.3
25,992,6,200.0,6400,1540.59375,1824.1494934082032,0.0003,0.002944859,670.940673828125,-1.6152950286865235,0.00046316094230860474,0.0,0.27039235830307007,5040,0.3
26,995,6,200.0,6656,1557.1515151515152,1698.1551879882813,0.0003,0.012260998,906.4700317382812,-1.5108847439289093,-0.00928342160768807,0.001953125,0.5469059944152832,5050,0.3
27,995,6,200.0,6912,1566.1470588235295,1508.2337036132812,0.0003,0.0014440012,892.9364013671875,-1.4598320364952087,-0.000681975088082254,0.0,0.6300169229507446,5060,0.3
28,996,7,200.0,7168,1553.9714285714285,1615.2127624511718,0.0003,0.0017378547,715.0984497070312,-1.584178811311722,-0.0016889413469471037,0.0,0.44570261240005493,5070,0.3
29,998,7,200.0,7424,1588.918918918919,1979.636944580078,0.0003,0.0023783562,1086.37060546875,-1.5460900962352753,-0.004859957448206842,0.0,0.48507875204086304,5080,0.3
30,995,7,200.0,7680,1600.2368421052631,2108.5953125,0.0003,0.003635521,957.9447631835938,-1.5015571594238282,-0.004502924694679678,0.0,0.49874794483184814,5090,0.3
31,996,7,200.0,7936,1606.871794871795,1714.4570434570312,0.0003,0.0037853217,789.8524169921875,-1.4781574308872223,-0.0036362257553264497,0.0,0.5389312505722046,5100,0.3
32,994,8,200.0,8192,1583.825,1766.6703186035156,0.0003,0.002111527,627.0321044921875,-1.3728944122791291,-0.00462255016900599,0.0,0.4606071710586548,5110,0.3
33,995,8,200.0,8448,1602.4761904761904,1960.0421447753906,0.0003,0.0020878338,1033.8018798828125,-1.3479842960834503,-0.005082051083445549,0.0,0.5643107295036316,5120,0.3
34,995,8,200.0,8704,1557.8372093023256,1525.540838623047,0.0003,0.0044465773,715.0362548828125,-1.4176585257053376,-0.0040529974270612,0.0,0.4543045163154602,5130,0.3
35,998,8,200.0,8960,1553.909090909091,347.0979629516602,0.0003,0.022661744,125.36061096191406,-1.4814474403858184,-0.009770952025428414,0.0234375,0.785153329372406,5140,0.3
36,996,9,200.0,9216,1529.5434782608695,810.6371673583984,0.0003,0.017463375,264.9678039550781,-1.4800848364830017,-0.008336236258037389,0.021484375,0.6403447985649109,5150,0.3
37,997,9,200.0,9472,1515.9148936170213,1436.2974975585937,0.0003,0.0018904596,772.849609375,-1.5178400695323944,0.0006892036413773895,0.0,0.705987811088562,5160,0.3
38,995,9,200.0,9728,1533.3333333333333,1079.93212890625,0.0003,0.0020070188,484.995361328125,-1.42130588889122,-0.0022696733474731447,0.0,0.6459490656852722,5170,0.3
39,995,10,200.0,9984,1535.4285714285713,1792.0437438964843,0.0003,0.0133445,738.8399658203125,-1.575187611579895,-0.008915956108830869,0.003515625,0.5111786723136902,5180,0.3
40,995,10,200.0,10240,1553.0,1567.600552368164,0.0003,0.0023248622,944.1993408203125,-1.6269801199436187,-0.0023500294424593448,0.0,0.5822898149490356,5190,0.3
1,1268,0,200.0,256,2330.0,1426.2775939941407,0.0003,0.016103175,787.4482421875,-1.634734869003296,-0.013625445123761893,0.014453125,0.60699462890625,5200,0.3
2,1143,0,200.0,512,2220.0,1547.0807312011718,0.0003,0.019384911,750.4779663085938,-1.0465582460165024,-0.01155624568928033,0.025390625,0.6601060628890991,5210,0.3
3,1120,0,200.0,768,1783.3333333333333,1140.043438720703,0.0003,0.019512031,584.0994262695312,-1.110831344127655,-0.01009467956610024,0.03515625,0.6306360363960266,5220,0.3
4,1095,0,200.0,1024,1866.0,1226.41962890625,0.0003,0.0038100786,661.339111328125,-1.0549569189548493,-0.0033670181641355158,0.0015625,0.7104058861732483,5230,0.3
5,1095,1,200.0,1280,1820.0,1212.8648559570313,0.0003,0.0018238544,536.0947265625,-1.0434596329927444,-0.0020052110543474556,0.0,0.6406394839286804,5240,0.3
6,1068,1,200.0,1536,1822.857142857143,1072.19541015625,0.0003,0.022896796,356.17376708984375,-0.9875746130943298,-0.018855058774352073,0.128125,0.7107934355735779,5250,0.3
7,1064,1,200.0,1792,1738.75,1001.7877471923828,0.0003,0.012581157,532.8095092773438,-1.0803100228309632,-0.010913525614887476,0.003515625,0.7393689155578613,5260,0.3
8,1067,1,200.0,2048,1839.0,1291.2646026611328,0.0003,0.0042462144,609.2860717773438,-1.0650849163532257,-0.006357374135404825,0.006640625,0.6607505083084106,5270,0.3
9,1062,2,200.0,2304,1790.909090909091,1323.9124938964844,0.0003,0.008288616,558.5895385742188,-1.0587377458810807,-0.0059158704476431016,0.004296875,0.6285587549209595,5280,0.3
10,1065,2,200.0,2560,1664.1666666666667,2449.042547607422,0.0003,0.00773926,869.9227905273438,-1.0710960984230042,0.0022174738813191654,0.0234375,0.24722254276275635,5290,0.3
11,1062,2,200.0,2816,1720.0,1650.3062927246094,0.0003,0.024545923,796.6769409179688,-1.0535146951675416,-0.011551035707816482,0.063671875,0.6152957677841187,5300,0.3
12,1060,2,200.0,3072,1710.6666666666667,1447.8577026367188,0.0003,0.019256696,558.5672607421875,-1.0858529269695283,-0.015495836688205599,0.026171875,0.6120882034301758,5310,0.3
13,1060,3,200.0,3328,1734.375,1108.0320373535155,0.0003,0.010036128,609.783203125,-1.0034551322460175,-0.011076392699033022,0.01875,0.6738799214363098,5320,0.3
14,1057,3,200.0,3584,1784.7058823529412,1269.9888610839844,0.0003,0.0073592905,585.9009399414062,-0.9394848883152008,-0.006445863284170628,0.005078125,0.7387869358062744,5330,0.3
15,1060,3,200.0,3840,1764.7368421052631,1159.683657836914,0.0003,0.015680643,458.8753662109375,-0.9603524506092072,-0.007878536568023264,0.02578125,0.6760474443435669,5340,0.3
16,1063,3,200.0,4096,1794.0,1522.766046142578,0.0003,0.012171387,651.7178344726562,-1.0514170289039613,-0.007761180633679032,0.01875,0.5011941194534302,5350,0.3
17,1050,4,200.0,4352,1807.6190476190477,1625.4634582519532,0.0003,0.0016752824,847.345703125,-0.9344633609056473,-0.004348774114623666,0.00078125,0.6406744718551636,5360,0.3
18,1053,4,200.0,4608,1875.6521739130435,1214.3547119140626,0.0003,0.009086778,433.35400390625,-0.9862409919500351,-0.00472680622478947,0.015234375,0.6821274757385254,5370,0.3
19,1048,4,200.0,4864,1887.0833333333333,1298.3665466308594,0.0003,0.03059292,556.90283203125,-0.9361230611801148,-0.01068691462278366,0.04765625,0.7182935476303101,5380,0.3
20,1047,4,200.0,5120,1877.2,1285.2801849365235,0.0003,0.045482762,601.5518798828125,-1.0400865763425826,-0.01671788264065981,0.102734375,0.59187912940979,5390,0.3
21,1046,5,200.0,5376,1895.3846153846155,1059.3248779296875,0.0003,0.014923188,513.3681030273438,-0.939658698439598,-0.0028038759250193835,0.0125,0.6924757957458496,5400,0.3
22,1044,5,200.0,5632,1868.5714285714287,890.9517395019532,0.0003,0.015214284,474.2551574707031,-0.9907969057559967,-0.013445835234597326,0.078125,0.7603292465209961,5410,0.3
23,1047,5,200.0,5888,1894.1379310344828,1078.360757446289,0.0003,0.01625694,406.9972839355469,-0.945798447728157,-0.008971496229059994,0.044921875,0.7037920355796814,5420,0.3
24,1042,5,200.0,6144,1853.6666666666667,1245.9135314941407,0.0003,0.01720436,602.9403686523438,-0.86593958735466,-0.00868952739983797,0.01953125,0.7104617953300476,5430,0.3
25,1043,6,200.0,6400,1856.875,674.4078216552734,0.0003,0.08336506,312.9585266113281,-0.9769455432891846,-0.013966905162669718,0.158203125,0.8249456286430359,5440,0.3
26,1044,6,200.0,6656,1849.090909090909,988.5778961181641,0.0003,0.011159873,523.647216796875,-0.9492987483739853,-0.00689077889546752,0.045703125,0.7092515230178833,5450,0.3
27,1043,6,200.0,6912,1870.8823529411766,1136.0636047363282,0.0003,0.013729698,432.7643127441406,-0.9407904207706451,-0.0095630188472569,0.02265625,0.6987919807434082,5460,0.3
28,1045,6,200.0,7168,1857.4285714285713,1098.0790710449219,0.0003,0.017518349,643.4190063476562,-0.8692966371774673,-0.007971372967585922,0.03984375,0.7203326225280762,5470,0.3
29,1042,7,200.0,7424,1883.2432432432433,2815.1408081054688,0.0003,0.0010115607,899.562744140625,-0.6599639922380447,-9.807539172470569e-05,0.0,0.05987119674682617,5480,0.3
30,1043,7,200.0,7680,1861.842105263158,1354.1884460449219,0.0003,0.0046486505,628.1309204101562,-0.9193649530410767,-0.0038176953326910733,0.0015625,0.6037093997001648,5490,0.3
31,1041,7,200.0,7936,1886.6666666666667,1592.9657958984376,0.0003,0.0022418082,659.2637329101562,-0.8153513014316559,-0.0005959073780104518,0.0,0.48027026653289795,5500,0.3
32,1033,7,200.0,8192,1903.0,1706.253369140625,0.0003,0.0024453192,673.2385864257812,-0.8621242702007293,-0.006311417347751558,0.00546875,0.6764252185821533,5510,0.3
33,1029,8,200.0,8448,1912.857142857143,1183.8001861572266,0.0003,0.011406114,594.0419921875,-0.8723538815975189,-0.009594535292126238,0.018359375,0.689433217048645,5520,0.3
34,1030,8,200.0,8704,1934.4186046511627,961.9180084228516,0.0003,0.010582987,477.1341247558594,-0.9761433929204941,-0.006799990218132735,0.01640625,0.7207441329956055,5530,0.3
35,1032,8,200.0,8960,1943.8636363636363,1115.5890533447266,0.0003,0.019896232,545.4736938476562,-0.7778116047382355,-0.010939330188557505,0.040625,0.6659799814224243,5540,0.3
36,1028,8,200.0,9216,1888.0434782608695,652.1314331054688,0.0003,0.029148962,424.9539794921875,-1.0089898079633712,-0.015172192314639687,0.167578125,0.8224883675575256,5550,0.3
37,1027,9,200.0,9472,1898.2978723404256,823.9143737792969,0.0003,0.048911862,415.8568115234375,-0.9491414964199066,-0.016127745062112807,0.2765625,0.742982029914856,5560,0.3
38,1028,9,200.0,9728,1902.0833333333333,1186.875262451172,0.0003,0.0108596925,554.2390747070312,-0.7717075496912003,-0.00651376941241324,0.025,0.7166184186935425,5570,0.3
39,1026,9,200.0,9984,1907.142857142857,1187.163247680664,0.0003,0.008294434,664.6385498046875,-0.8417142182588577,-0.008336147072259336,0.064453125,0.6888222694396973,5580,0.3
40,1026,9,200.0,10240,1910.3921568627452,1234.1756378173827,0.0003,0.010258123,544.0423583984375,-0.739430284500122,-0.00738379368558526,0.0234375,0.7171264886856079,5590,0.3
1,1266,0,200.0,256,1783.0,817.3464050292969,0.0003,0.0020975515,275.155029296875,-1.0465514719486237,-0.0013814409729093313,0.0,0.6545017957687378,5600,0.3
2,1136,0,200.0,512,2313.0,1614.4338073730469,0.0003,0.01005364,775.6923217773438,-1.6548595666885375,-0.007087228226009756,0.005859375,0.5466864109039307,5210,0.3
3,1062,0,200.0,768,2386.3333333333335,2313.417840576172,0.0003,0.0023636727,1247.681640625,-1.6761264503002167,-0.004533704044297338,0.0,0.573911190032959,5220,0.3
4,992,1,200.0,1024,2360.6,2204.357958984375,0.0003,0.010177799,1012.291748046875,-1.6828572392463683,-0.008874339889734984,0.003125,0.41355007886886597,5230,0.3
5,1002,1,200.0,1280,2352.6666666666665,1643.78857421875,0.0003,0.005516801,728.3677368164062,-1.5927204549312592,-0.004690939816646278,0.0,0.5841554403305054,5240,0.3
6,1007,1,200.0,1536,2036.2857142857142,1744.2236267089843,0.0003,0.0014155391,586.017822265625,-1.5828457355499268,-0.0024462226312607525,0.0,0.4754413366317749,5250,0.3
7,1013,1,200.0,1792,2013.375,1026.3357818603515,0.0003,0.001166157,420.7274475097656,-1.460606861114502,-0.0037907657213509085,0.0,0.6085580587387085,5260,0.3
8,1015,2,200.0,2048,1972.8,1278.6047943115234,0.0003,0.005445017,643.0735473632812,-1.6057115614414215,-0.005791830155067146,0.0,0.5354553461074829,5270,0.3
9,1020,2,200.0,2304,1993.7272727272727,2190.982244873047,0.0003,0.008921191,844.3817138671875,-1.6056056320667267,-0.008191267400979996,0.0,0.6136102676391602,5280,0.3
10,1023,2,200.0,2560,1940.3333333333333,2076.4238220214843,0.0003,0.005326025,1212.9251708984375,-1.6299590766429901,-0.00542350304313004,0.0,0.43572723865509033,5290,0.3
11,1005,2,200.0,2816,2007.857142857143,2061.064892578125,0.0003,0.0017598998,728.0489501953125,-1.7225334346294403,-0.003961133258417249,0.0,0.48202425241470337,5300,0.3
12,1000,3,200.0,3072,2026.8,2029.21953125,0.0003,0.0005777299,1042.3568115234375,-1.6599203944206238,-0.001092904107645154,0.0,0.5875149369239807,5310,0.3
13,998,3,200.0,3328,1939.4375,1909.3453796386718,0.0003,0.0072257407,1117.41259765625,-1.731995064020157,-0.0058710126671940085,0.0,0.4920598864555359,5320,0.3
14,997,3,200.0,3584,1932.5294117647059,734.8603713989257,0.0003,0.009310764,287.56768798828125,-1.7127471327781678,-0.009400212415494024,0.0,0.6551228165626526,5330,0.3
15,996,3,200.0,3840,1906.3684210526317,1751.65009765625,0.0003,0.008322876,809.6539916992188,-1.5976451992988587,-0.015039049740880727,0.00390625,0.59272301197052,5340,0.3
16,998,4,200.0,4096,1909.4,1557.511962890625,0.0003,0.0027119284,875.7908935546875,-1.578374195098877,-0.0048379092011600735,0.0,0.6268102526664734,5350,0.3
17,996,4,200.0,4352,1940.2380952380952,1769.1123474121093,0.0003,0.0008758572,833.0804443359375,-1.5175000131130219,-0.0034440482733771203,0.0,0.5573682188987732,5360,0.3
18,997,4,200.0,4608,2003.695652173913,1712.5458557128907,0.0003,0.0014035772,746.5535278320312,-1.5348396003246307,-0.001378458389081061,0.0,0.6264755725860596,5370,0.3
19,998,4,200.0,4864,2027.2083333333333,1852.3737243652345,0.0003,0.004096545,950.0567626953125,-1.5514915347099305,-0.005463062226772309,0.000390625,0.5795663595199585,5380,0.3
20,1001,5,200.0,5120,2019.12,1702.3673461914063,0.0003,0.007953967,778.3899536132812,-1.632313871383667,-0.006433010008186102,0.00234375,0.5747618675231934,5390,0.3
21,1000,5,200.0,5376,2028.1153846153845,1938.3061889648438,0.0003,0.0026393048,1079.2593994140625,-1.6701696336269378,0.0014361077221110464,0.0,0.40810662508010864,5400,0.3
22,1001,5,200.0,5632,2056.9285714285716,1908.5672729492187,0.0003,0.002331697,760.3299560546875,-1.6522881865501404,-0.004991121357306838,0.0,0.473749577999115,5410,0.3
23,1002,5,200.0,5888,2072.2413793103447,1576.7558837890624,0.0003,0.0034695347,679.6404418945312,-1.6507152616977692,-0.006896021612919867,0.001171875,0.6215603351593018,5420,0.3
24,1002,6,200.0,6144,2063.266666666667,2089.4946166992186,0.0003,0.0011789689,1272.633544921875,-1.712402629852295,-0.0026254147291183473,0.0,0.544426441192627,5430,0.3
25,1001,6,200.0,6400,2095.3125,1644.932421875,0.0003,0.0032425083,651.3267822265625,-1.7210841178894043,-0.005419535050168634,0.000390625,0.5591009855270386,5440,0.3
26,1003,6,200.0,6656,2109.7272727272725,1719.0465393066406,0.0003,0.004476077,997.4425048828125,-1.6079840421676637,-0.0062779408879578115,0.0,0.577056348323822,5450,0.3
27,1003,6,200.0,6912,2116.5882352941176,1611.1702453613282,0.0003,0.0125081055,760.82373046875,-1.6522661209106446,-0.010697289020754397,0.00234375,0.6172894239425659,5460,0.3
28,1004,7,200.0,7168,2113.6285714285714,2050.6428283691407,0.0003,0.0059462585,998.7926025390625,-1.6189250588417052,-0.005042428686283529,0.00078125,0.42881935834884644,5470,0.3
29,1000,7,200.0,7424,2138.027027027027,1951.1717041015625,0.0003,0.0008679605,995.27978515625,-1.628227859735489,-0.0013015001313760877,0.0,0.5593404769897461,5480,0.3
30,1003,7,200.0,7680,2117.1052631578946,2130.903741455078,0.0003,0.010160086,970.3305053710938,-1.6350539445877075,-0.010178381390869618,0.005859375,0.42577749490737915,5490,0.3
31,1003,7,200.0,7936,2128.5384615384614,1252.826611328125,0.0003,0.0009103599,503.1570129394531,-1.686454063653946,0.0014031124766916037,0.0,0.5822388529777527,5500,0.3
32,1006,8,200.0,8192,2139.1,1853.78740234375,0.0003,0.0041177245,961.325927734375,-1.7201922237873077,-0.00512096059974283,0.0,0.6374076008796692,5510,0.3
33,1004,8,200.0,8448,2101.2380952380954,810.4019302368164,0.0003,0.0030926212,407.36041259765625,-1.8006458163261414,-0.0036961498437449334,0.0,0.7284649610519409,5520,0.3
34,1007,8,200.0,8704,2087.8837209302324,1494.2542663574218,0.0003,0.005229811,675.8645629882812,-1.6474445581436157,-0.006015185406431556,0.0,0.574796736240387,5530,0.3
35,1005,8,200.0,8960,2097.4545454545455,1941.049542236328,0.0003,0.002476675,925.3606567382812,-1.7230391263961793,-0.0024556039832532408,0.000390625,0.5907317399978638,5540,0.3
36,1005,9,200.0,9216,2079.9565217391305,1406.6213073730469,0.0003,0.010616041,615.001220703125,-1.7338935375213622,-0.012664445862174033,0.012890625,0.5742055773735046,5550,0.3
37,1004,9,200.0,9472,2084.8297872340427,1279.266668701172,0.0003,0.010260117,549.2867431640625,-1.7367202162742614,-0.007544808369129896,0.00703125,0.63930344581604,5560,0.3
38,1006,9,200.0,9728,2064.8958333333335,1486.4511474609376,0.0003,0.006447949,883.21728515625,-1.6402863383293151,-0.007524747657589615,0.0,0.62082839012146,5570,0.3
39,1005,9,200.0,9984,2069.6326530612246,1422.6209808349608,0.0003,0.0030602363,718.2598266601562,-1.7722300291061401,-0.001519661396741867,0.0,0.6979534029960632,5580,0.3
40,1005,10,200.0,10240,2072.5882352941176,1640.2451721191405,0.0003,0.012643671,865.2236938476562,-1.6793589890003204,-0.008960408356506378,0.01953125,0.5496684312820435,5590,0.3
1,1316,0,200.0,256,2350.0,1646.9367797851562,0.0003,0.0026280922,710.745849609375,-1.6367372632026673,-0.00421107579022646,0.0,0.5373290777206421,5600,0.3
2,1139,0,200.0,512,2115.0,1476.5868347167968,0.0003,0.008263598,735.3876953125,-0.7557970255613327,-0.0009999200818128883,0.01171875,0.5621355772018433,5610,0.3
3,1103,0,200.0,768,2173.3333333333335,1527.635205078125,0.0003,0.006198282,553.9202880859375,-0.78292236328125,-0.008626996190287173,0.00625,0.5247052907943726,5620,0.3
4,1089,0,200.0,1024,2248.0,1294.3134521484376,0.0003,0.009460224,632.15869140625,-0.8015565365552902,-0.0056557366624474525,0.016015625,0.6623908281326294,5630,0.3
5,1081,1,200.0,1280,2305.0,1183.6630798339843,0.0003,0.010461654,644.5369873046875,-0.8248185127973556,-0.006485571991652251,0.00703125,0.6366403102874756,5640,0.3
6,1069,1,200.0,1536,2314.285714285714,1042.3437072753907,0.0003,0.00600473,475.9963684082031,-0.7839942812919617,-0.007661025668494403,0.012890625,0.7694764137268066,5650,0.3
7,1061,1,200.0,1792,2351.25,1239.2860473632813,0.0003,0.0072966046,617.5667114257812,-0.6974578946828842,-0.0037967870477586983,0.009375,0.6918662786483765,5660,0.3
8,1059,1,200.0,2048,2236.0,1121.4786804199218,0.0003,0.015808422,496.71124267578125,-0.8199773401021957,-0.005229174555279314,0.02734375,0.6528437733650208,5670,0.3
9,1054,2,200.0,2304,2224.5454545454545,993.6749816894531,0.0003,0.0072128,537.1251220703125,-0.9143033891916275,-0.010893198987469077,0.048828125,0.7344495058059692,5680,0.3
10,1055,2,200.0,2560,2275.0,1534.3344787597657,0.0003,0.006496597,680.8262939453125,-0.7391947984695435,-0.0024989939760416747,0.0203125,0.4906502366065979,5690,0.3
11,1047,2,200.0,2816,2320.714285714286,1343.238836669922,0.0003,0.012574272,697.0772705078125,-0.7722582548856736,-0.007345627434551716,0.015625,0.7034472823143005,5700,0.3
12,1045,2,200.0,3072,2325.3333333333335,1110.767074584961,0.0003,0.018488456,470.55548095703125,-0.7595809012651443,-0.015344667120371015,0.069921875,0.7120843529701233,5710,0.3
13,1043,3,200.0,3328,2356.875,1192.9193054199218,0.0003,0.008565808,626.2344970703125,-0.702147650718689,-0.006051944638602436,0.006640625,0.672645092010498,5720,0.3
14,1044,3,200.0,3584,2357.0588235294117,1042.8409515380858,0.0003,0.002220805,501.74200439453125,-0.6931586742401123,-0.0031752003822475674,0.0,0.7141103148460388,5730,0.3
15,1039,3,200.0,3840,2411.0526315789475,1635.2328552246095,0.0003,0.0027658097,870.6141357421875,-0.6026882350444793,-0.0035948180593550205,0.002734375,0.6347717046737671,5740,0.3
16,1040,3,200.0,4096,2395.5,1353.686749267578,0.0003,0.020572376,764.4248657226562,-0.6644542068243027,-0.010588068864308298,0.086328125,0.6284074783325195,5750,0.3
17,1036,4,200.0,4352,2416.190476190476,948.8986724853515,0.0003,0.005019365,407.79998779296875,-0.7860822886228561,-0.010923304874449969,0.06328125,0.7392817139625549,5760,0.3
18,1037,4,200.0,4608,2417.391304347826,1152.076239013672,0.0003,0.0060828933,653.4610595703125,-0.62186099588871,-0.0045411181403324005,0.00625,0.7157557606697083,5770,0.3
19,1037,4,200.0,4864,2413.3333333333335,1160.8702850341797,0.0003,0.014158007,455.1138916015625,-0.6669892489910125,-0.009299684735015034,0.0296875,0.6543996930122375,5780,0.3
20,1037,4,200.0,5120,2439.6,1156.2116149902345,0.0003,0.0055229194,584.3665771484375,-0.5810697793960571,-0.005771879968233406,0.00625,0.7325138449668884,5790,0.3
21,1036,5,200.0,5376,2454.6153846153848,1063.365902709961,0.0003,0.01392643,416.3245849609375,-0.5592135846614837,-0.007498714688699693,0.037109375,0.7331947088241577,5800,0.3
22,1039,5,200.0,5632,2353.5714285714284,1025.2763366699219,0.0003,0.024139626,622.2467651367188,-0.5810243546962738,-0.010760239418596029,0.026171875,0.7325536608695984,5810,0.3
23,1038,5,200.0,5888,2346.206896551724,609.2726333618164,0.0003,0.057774138,225.32293701171875,-0.9245080471038818,0.00645878124050796,0.061328125,0.6644368171691895,5820,0.3
24,1038,5,200.0,6144,2337.3333333333335,1322.8890502929687,0.0003,0.008519652,549.7276611328125,-0.7912851482629776,-0.008297171129379421,0.02421875,0.6686912178993225,5830,0.3
25,1038,6,200.0,6400,2323.4375,1105.6699523925781,0.0003,0.025963768,511.5494384765625,-0.6724486768245697,-0.019082358153536916,0.062109375,0.7397536635398865,5840,0.3
26,1039,6,200.0,6656,2339.090909090909,833.7359252929688,0.0003,0.04333544,348.73388671875,-0.7748988896608353,-0.012658459506928921,0.144140625,0.8163168430328369,5850,0.3
27,1036,6,200.0,6912,2304.705882352941,1421.3273498535157,0.0003,0.017096642,726.9827880859375,-0.5775819927453995,-0.008918827027082443,0.02578125,0.5896831750869751,5860,0.3
28,1035,6,200.0,7168,2307.1428571428573,813.611215209961,0.0003,0.010483798,382.1712341308594,-0.5840976506471633,-0.0044744379818439485,0.021875,0.7651036381721497,5870,0.3
29,1036,7,200.0,7424,2238.6486486486488,795.3747650146485,0.0003,0.025298223,391.33056640625,-0.7233911573886871,-0.013372740964405239,0.030078125,0.7437726259231567,5880,0.3
30,1036,7,200.0,7680,2247.8947368421054,606.2521591186523,0.0003,0.010464542,290.9390869140625,-0.6129746973514557,-0.0011354475049301983,0.014453125,0.7349054217338562,5890,0.3
31,1034,7,200.0,7936,2257.6923076923076,777.6715209960937,0.0003,0.015890336,360.0650634765625,-0.6756481796503067,-0.005980053194798529,0.0390625,0.8106145262718201,5900,0.3
32,1034,7,200.0,8192,2273.0,1144.7253051757812,0.0003,0.027893182,496.60809326171875,-0.5943418711423873,-0.010888590756803752,0.0453125,0.7235074639320374,5910,0.3
33,1035,8,200.0,8448,2241.904761904762,1996.286688232422,0.0003,0.0006080789,606.818359375,-0.469755183160305,0.000230294035281986,0.0,0.40097707509994507,5920,0.3
34,1033,8,200.0,8704,2254.8837209302324,798.9823822021484,0.0003,0.024685573,338.1873474121094,-0.656628566980362,-0.014335964573547244,0.070703125,0.7783774137496948,5930,0.3
35,1033,8,200.0,8960,2267.9545454545455,1250.494436645508,0.0003,0.008014216,538.3090209960938,-0.5274564355611802,-0.007246047351509332,0.01015625,0.6251063346862793,5940,0.3
36,1032,8,200.0,9216,2303.0434782608695,1174.2007568359375,0.0003,0.0014046421,604.4396362304688,-0.49879238456487657,-0.0018688876181840897,0.000390625,0.7366131544113159,5950,0.3
37,1032,9,200.0,9472,2314.255319148936,995.8331146240234,0.0003,0.008619182,452.5172424316406,-0.5795967817306519,-0.004132175468839705,0.015625,0.7432496547698975,5960,0.3
38,1031,9,200.0,9728,2291.875,981.4292510986328,0.0003,0.0062586614,439.0997619628906,-0.5984369158744812,-0.004862372949719429,0.0078125,0.7098925113677979,5970,0.3
39,1032,9,200.0,9984,2303.673469387755,1164.4388671875,0.0003,0.0042241756,392.9035949707031,-0.5986191481351852,-0.004375065444037318,0.008203125,0.6797233819961548,5980,0.3
40,1031,9,200.0,10240,2328.823529411765,1051.363247680664,0.0003,0.014919341,444.9745788574219,-0.5352940112352371,-0.008808315615169704,0.046484375,0.7483688592910767,5990,0.3
1,1267,0,200.0,256,2821.0,921.4174194335938,0.0003,0.013025537,347.0789489746094,-0.48592742085456847,-0.008607146167196333,0.040234375,0.7418349385261536,6000,0.3
2,1140,0,200.0,512,2926.0,1798.5580810546876,0.0003,0.0016942266,983.2970581054688,-1.6743334770202636,-0.0026946877362206577,0.0,0.6510149240493774,5610,0.3
3,1099,0,200.0,768,2807.6666666666665,1869.3789916992187,0.0003,0.005941718,851.9766235351562,-1.65052370429039,-0.004990022256970405,0.0,0.6000403761863708,5620,0.3
4,1090,0,200.0,1024,2798.8,1707.22705078125,0.0003,0.0018403446,701.91015625,-1.6639940559864044,0.00022364496253430844,0.0,0.5397811532020569,5630,0.3
5,1075,1,200.0,1280,2755.1666666666665,1825.511248779297,0.0003,0.01004239,844.4852294921875,-1.6815249085426331,-0.009265607921406627,0.00546875,0.546477198600769,5640,0.3
6,1070,1,200.0,1536,2757.4285714285716,1444.68193359375,0.0003,0.009056002,675.6876220703125,-1.6753848969936371,-0.01135237654671073,0.001953125,0.6398191452026367,5650,0.3
7,1065,1,200.0,1792,2762.375,1604.203594970703,0.0003,0.018211909,814.0838623046875,-1.579722398519516,-0.021690058009698986,0.04296875,0.6296027898788452,5660,0.3
8,1051,1,200.0,2048,2504.0,4809.211450195313,0.0003,0.0010085444,2110.21533203125,-1.858215057849884,0.0004307007766328752,0.0,-0.18706107139587402,5670,0.3
9,1048,2,200.0,2304,2507.3636363636365,2021.7128479003907,0.0003,0.009868499,829.3633422851562,-1.6435235917568207,-0.01334988180315122,0.011328125,0.5525795817375183,5680,0.3
10,1040,2,200.0,2560,2491.6666666666665,1484.0595825195312,0.0003,0.0060577635,646.4647827148438,-1.6421167612075807,-0.007453298685140908,0.008203125,0.5648670196533203,5690,0.3
11,1037,2,200.0,2816,2519.285714285714,1562.5928894042968,0.0003,0.0076136393,811.0648803710938,-1.6077443718910218,-0.008566871867515147,0.0171875,0.6098244190216064,5700,0.3
12,1023,3,200.0,3072,2524.0666666666666,1718.489324951172,0.0003,0.010098111,935.2351684570312,-1.554929691553116,-0.010582286375574767,0.009765625,0.5568429827690125,5710,0.3
13,1019,3,200.0,3328,2523.9375,1830.5475341796875,0.0003,0.006159893,900.4063110351562,-1.4975576102733612,-0.008025093446485698,0.001953125,0.4902232885360718,5720,0.3
14,1018,3,200.0,3584,2454.470588235294,2311.8842346191404,0.0003,0.004031691,826.0248413085938,-1.4625714361667632,-0.0035844050347805024,0.0,0.25176990032196045,5730,0.3
15,1014,3,200.0,3840,2468.0,1595.634619140625,0.0003,0.00018460839,695.1229858398438,-1.5304929673671723,-0.0005813229130581021,0.0,0.7002437114715576,5740,0.3
16,1011,4,200.0,4096,2496.75,1889.0643249511718,0.0003,0.0015732383,917.538818359375,-1.4734517097473145,-0.0023280060617253185,0.0,0.506411075592041,5750,0.3
17,1013,4,200.0,4352,2510.2380952380954,1704.7303161621094,0.0003,0.011691832,865.2122192382812,-1.4985822141170502,-0.009583675861358642,0.01796875,0.6000925898551941,5760,0.3
18,1013,4,200.0,4608,2379.2608695652175,4241.379309082031,0.0003,0.010633213,2035.90380859375,-1.4339928567409514,-0.010344702494330704,0.01328125,-0.08456707000732422,5770,0.3
19,1013,4,200.0,4864,2267.75,3344.7868041992188,0.0003,0.017867088,1631.466552734375,-1.4974765300750732,-0.011448225006461143,0.0296875,0.0672600269317627,5780,0.3
20,1014,5,200.0,5120,2260.28,532.0306777954102,0.0003,0.006256662,315.4280090332031,-1.5506558179855348,-0.002017755387350917,0.0,0.749626636505127,5790,0.3
21,1015,5,200.0,5376,2282.1923076923076,1356.5352416992187,0.0003,0.029070761,708.0005493164062,-1.537274295091629,-0.019058730034157634,0.050390625,0.7180891036987305,5800,0.3
22,1016,5,200.0,5632,2284.1785714285716,1630.2867431640625,0.0003,0.014764604,774.9181518554688,-1.6276200413703918,-0.012467428483068943,0.00390625,0.6165804862976074,5810,0.3
23,1016,5,200.0,5888,2302.2413793103447,1611.9017700195313,0.0003,0.0018197205,712.7206420898438,-1.6604733407497405,-0.0015653340960852802,0.0,0.5895524024963379,5820,0.3
24,1016,6,200.0,6144,2286.9,1410.0507080078125,0.0003,0.03058917,625.884033203125,-1.6588359534740449,-0.022026095446199177,0.021484375,0.6629053354263306,5830,0.3
25,1017,6,200.0,6400,2312.4375,1840.1323791503905,0.0003,0.0054535544,865.5391845703125,-1.7445345401763916,-0.008113677753135562,0.000390625,0.44888848066329956,5840,0.3
26,1018,6,200.0,6656,2320.121212121212,1475.937078857422,0.0003,0.008003395,754.9611206054688,-1.7005392789840699,-0.012153638945892452,0.003125,0.6041055917739868,5850,0.3
27,1019,6,200.0,6912,2316.6176470588234,1301.9429992675782,0.0003,0.017021574,596.83056640625,-1.7273320198059081,-0.01390024647116661,0.050390625,0.6696345806121826,5860,0.3
28,1020,7,200.0,7168,2316.7428571428572,1404.540789794922,0.0003,0.032072496,458.14404296875,-1.7176681637763977,-0.020336988382041454,0.0984375,0.6551342010498047,5870,0.3
29,1020,7,200.0,7424,2321.837837837838,1265.7924865722657,0.0003,0.010395151,659.4594116210938,-1.686920815706253,-0.012225698586553336,0.0,0.6649561524391174,5880,0.3
30,1019,7,200.0,7680,2321.2894736842104,1353.8269470214843,0.0003,0.018223427,671.1166381835938,-1.611365842819214,-0.013220355939120054,0.0171875,0.6689093112945557,5890,0.3
31,1010,7,200.0,7936,2321.076923076923,1144.6546417236327,0.0003,0.0053060697,577.5482177734375,-1.5647347927093507,-0.00894255843013525,0.005859375,0.7125943899154663,5900,0.3
32,1007,8,200.0,8192,2327.525,1312.884454345703,0.0003,0.020959048,675.9986572265625,-1.6286619126796722,-0.00892431135289371,0.044921875,0.6447491645812988,5910,0.3
33,1006,8,200.0,8448,2342.1428571428573,1186.0281311035155,0.0003,0.010887226,561.1328125,-1.6816801607608796,-0.009392520133405923,0.009375,0.7282153367996216,5920,0.3
34,1007,8,200.0,8704,2353.0,1587.3328979492187,0.0003,0.0127355065,805.87109375,-1.7223030924797058,-0.007577629887964577,0.016015625,0.6205774545669556,5930,0.3
35,1007,8,200.0,8960,2357.5454545454545,1469.9887329101562,0.0003,0.01223854,800.009765625,-1.6548189997673035,-0.013194413902238012,0.011328125,0.6234801411628723,5940,0.3
36,1006,9,200.0,9216,2377.0434782608695,1525.5933837890625,0.0003,0.002225422,883.0771484375,-1.6643291413784027,-0.0014276263769716024,0.0,0.6166152954101562,5950,0.3
37,1005,9,200.0,9472,2366.2978723404253,1423.476171875,0.0003,0.0061545214,646.1259155273438,-1.6656287372112275,-0.008592741726897658,0.011328125,0.6237428188323975,5960,0.3
38,1006,9,200.0,9728,2340.3958333333335,1278.922625732422,0.0003,0.0016830477,491.94268798828125,-1.6849153935909271,-0.0005061569157987833,0.0,0.6834325790405273,5970,0.3
39,1007,9,200.0,9984,2350.285714285714,1026.8133850097656,0.0003,0.0036014824,479.2855529785156,-1.6764742136001587,-0.000756633491255343,0.0,0.737362265586853,5980,0.3
40,1008,10,200.0,10240,2359.372549019608,1446.39384765625,0.0003,0.015058253,740.3995971679688,-1.646057027578354,-0.016839899111073465,0.00546875,0.6645262241363525,5990,0.3
1,1292,0,200.0,256,3070.0,1392.0323303222656,0.0003,0.0065446543,732.81982421875,-1.6196318328380586,-0.0004088914953172207,0.00390625,0.5667163729667664,6000,0.3
2,1098,0,200.0,512,2825.0,1001.1388641357422,0.0003,0.018895242,498.5098571777344,-0.5461093604564666,-0.010376022080890834,0.052734375,0.7244852185249329,6010,0.3
3,1064,0,200.0,768,2823.3333333333335,979.1880828857422,0.0003,0.009671937,570.270751953125,-0.6270472049713135,-0.005525861447677016,0.012890625,0.6850621700286865,6020,0.3
4,1054,0,200.0,1024,2626.0,1168.4266632080078,0.0003,0.008435174,595.814208984375,-0.5721451789140701,-0.007760051148943603,0.022265625,0.7381815910339355,6030,0.3
5,1044,1,200.0,1280,2505.0,1155.5541931152343,0.0003,0.008938506,543.5606689453125,-0.6998038589954376,-0.007270124950446188,0.024609375,0.6405432820320129,6040,0.3
6,1034,1,200.0,1536,2551.4285714285716,1034.1234619140625,0.0003,0.014953558,486.337158203125,-0.7593352347612381,-0.006851025298237801,0.052734375,0.7426453828811646,6050,0.3
7,1031,1,200.0,1792,2617.5,1049.1046600341797,0.0003,0.008239478,378.8290100097656,-0.5138044819235802,-0.009096684260293841,0.033984375,0.7202199101448059,6060,0.3
8,1026,1,200.0,2048,2467.0,897.5441284179688,0.0003,0.008488651,379.2222595214844,-0.6989836156368255,-0.007805418688803911,0.009375,0.7819075584411621,6070,0.3
9,1025,2,200.0,2304,2500.909090909091,1097.23017578125,0.0003,0.0016662448,452.3831481933594,-0.49215171933174134,-0.002350258082151413,0.00546875,0.6422351598739624,6080,0.3
10,1026,2,200.0,2560,2527.5,951.7447204589844,0.0003,0.009385617,458.1279602050781,-0.5312939062714577,-0.006767684686928987,0.02578125,0.7598294615745544,6090,0.3
11,1018,2,200.0,2816,2365.714285714286,769.703256225586,0.0003,0.028755326,409.8833923339844,-0.7178771257400512,-0.006177969928830862,0.13828125,0.8356359004974365,6100,0.3
12,1016,3,200.0,3072,2380.6666666666665,874.2921722412109,0.0003,0.0039769146,371.4072265625,-0.695239931344986,-0.0021427895640954374,0.003515625,0.7571890354156494,6110,0.3
13,1017,3,200.0,3328,2348.125,1060.1813201904297,0.0003,0.004808436,601.3909301757812,-0.567562609910965,-0.005986984982155263,0.011328125,0.7577940225601196,6120,0.3
14,1017,3,200.0,3584,2335.294117647059,666.0737457275391,0.0003,0.0072258236,280.6188049316406,-0.7122262507677078,-0.0033959425054490566,0.0140625,0.7858635187149048,6130,0.3
15,1019,3,200.0,3840,2376.315789473684,1050.3281494140624,0.0003,0.0028778792,467.6730041503906,-0.5089711681008339,-0.00303224764065817,0.003125,0.748752236366272,6140,0.3
16,1017,4,200.0,4096,2375.5,1004.1339233398437,0.0003,0.010397552,532.7728271484375,-0.5110894486308097,-0.007977458206005395,0.02578125,0.722472608089447,6150,0.3
17,1018,4,200.0,4352,2385.714285714286,913.1015045166016,0.0003,0.010013793,545.5118408203125,-0.5431974053382873,-0.007479100883938372,0.0265625,0.7268924713134766,6160,0.3
18,1019,4,200.0,4608,2426.086956521739,747.3909942626954,0.0003,0.038142517,356.082275390625,-0.5786827296018601,-0.006463545560836792,0.048046875,0.8148389458656311,6170,0.3
19,1018,4,200.0,4864,2383.75,1017.1127899169921,0.0003,0.016745724,343.9461975097656,-0.6155039638280868,-0.00656309393234551,0.058984375,0.6986244916915894,6180,0.3
20,1018,5,200.0,5120,2391.6,970.2293212890625,0.0003,0.006277574,392.31182861328125,-0.588358336687088,7.379562593996525e-05,0.003125,0.6783479452133179,6190,0.3
21,1017,5,200.0,5376,2409.6153846153848,815.4868804931641,0.0003,0.0052472698,453.8646545410156,-0.6923662692308425,-0.005784041574224829,0.001171875,0.8223423361778259,6200,0.3
22,1017,5,200.0,5632,2431.0714285714284,1093.9984130859375,0.0003,0.009222444,406.4595031738281,-0.6254813849925995,-0.00618712161667645,0.05703125,0.6796888709068298,6210,0.3
23,1018,5,200.0,5888,2437.9310344827586,908.7022125244141,0.0003,0.010573773,403.1287536621094,-0.5544894129037857,-0.005834784009493887,0.053515625,0.703771710395813,6220,0.3
24,1019,6,200.0,6144,2443.0,1141.0112548828124,0.0003,0.0007032207,531.126953125,-0.546027421951294,0.0019631020957604052,0.006640625,0.6451913714408875,6230,0.3
25,1018,6,200.0,6400,2445.3125,910.7181762695312,0.0003,0.004427917,486.67242431640625,-0.5574865773320198,-0.0061661289539188145,0.003515625,0.7838624715805054,6240,0.3
26,1018,6,200.0,6656,2464.5454545454545,1222.1997619628905,0.0003,0.005322618,572.5108032226562,-0.511007909476757,-0.002269606094341725,0.00546875,0.6261007785797119,6250,0.3
27,1017,6,200.0,6912,2482.6470588235293,915.6579650878906,0.0003,0.009654587,521.6085815429688,-0.45825898051261904,-0.008327683480456472,0.040625,0.7470574378967285,6260,0.3
28,1018,7,200.0,7168,2499.1428571428573,983.4386138916016,0.0003,0.005560454,471.6297912597656,-0.4738034769892693,-0.003379999031312764,0.00625,0.7282837629318237,6270,0.3
29,1017,7,200.0,7424,2498.3783783783783,905.9965301513672,0.0003,0.007750635,413.2132568359375,-0.5869204759597778,-0.005999025725759566,0.011328125,0.7165145874023438,6280,0.3
30,1018,7,200.0,7680,2456.5789473684213,898.4320129394531,0.0003,0.0051842034,445.1985168457031,-0.6130434155464173,-0.005936667532660067,0.019921875,0.7505859136581421,6290,0.3
31,1018,7,200.0,7936,2472.3076923076924,617.7314758300781,0.0003,0.014556784,241.35523986816406,-0.42753786593675613,-0.012018884043209254,0.040234375,0.8367586135864258,6300,0.3
32,1018,8,200.0,8192,2475.0,828.3222595214844,0.0003,0.007826984,447.4200439453125,-0.6140167444944382,-0.010045900149270892,0.01484375,0.7878023982048035,6310,0.3
33,1019,8,200.0,8448,2451.904761904762,611.034049987793,0.0003,0.013930762,228.8495330810547,-0.6621563762426377,-0.0005419857101514935,0.016796875,0.7811326384544373,6320,0.3
34,1020,8,200.0,8704,2466.046511627907,789.0697204589844,0.0003,0.0147041315,430.48248291015625,-0.6138966888189316,-0.007483603991568088,0.04765625,0.8134657144546509,6330,0.3
35,1020,8,200.0,8960,2479.5454545454545,831.8830291748047,0.0003,0.018491969,436.7656555175781,-0.5993502736091614,-0.007365350192412734,0.033203125,0.792033851146698,6340,0.3
36,1021,9,200.0,9216,2489.3478260869565,836.5222839355469,0.0003,0.009186652,428.6208801269531,-0.5662713214755059,-0.006304158642888069,0.017578125,0.7642257213592529,6350,0.3
37,1022,9,200.0,9472,2445.531914893617,696.5288665771484,0.0003,0.0054320935,329.7730712890625,-0.6752602159976959,-0.00410243880469352,0.02265625,0.770583987236023,6360,0.3
38,1022,9,200.0,9728,2448.5416666666665,1620.091326904297,0.0003,0.008998163,717.4556884765625,-0.7681472063064575,-0.0006489000050351023,0.0,0.5620691776275635,6370,0.3
39,1022,9,200.0,9984,2465.918367346939,992.1103820800781,0.0003,0.007532645,411.54864501953125,-0.5905330419540405,-0.003641635226085782,0.009375,0.8140299320220947,6380,0.3
40,1021,10,200.0,10240,2447.6470588235293,1457.5438354492187,0.0003,0.0003825354,659.1314086914062,-0.4377282574772835,0.0001468567526899278,0.0,0.6503086090087891,6390,0.3
1,1369,0,200.0,256,2824.0,931.2223052978516,0.0003,0.012504933,393.3397216796875,-0.5702118545770645,-0.009143307688646019,0.04140625,0.7112383246421814,6400,0.3
2,1190,0,200.0,512,2564.0,1532.2964172363281,0.0003,0.0016996155,845.9113159179688,-1.71490398645401,-0.0024071966530755163,0.0,0.6407965421676636,6010,0.3
3,1141,0,200.0,768,2086.0,1301.9977142333985,0.0003,0.0016447008,692.7208251953125,-1.7591477036476135,-0.004919939278624952,0.0,0.6430894136428833,6020,0.3
4,1116,0,200.0,1024,2408.8,1336.4853942871093,0.0003,0.0012284019,719.8333129882812,-1.7623035311698914,-0.004293980798684061,0.0,0.6832773089408875,6030,0.3
5,1095,1,200.0,1280,2475.8333333333335,1228.1635681152343,0.0003,0.002964156,492.95941162109375,-1.7191769897937774,-0.004889480420388281,0.0,0.7444021701812744,6040,0.3
6,1083,1,200.0,1536,2486.714285714286,2365.508898925781,0.0003,0.016458128,1283.1324462890625,-1.741654986143112,-0.009777767304331064,0.034375,0.3119378685951233,6050,0.3
7,1075,1,200.0,1792,2257.125,1257.0898223876952,0.0003,0.003494879,532.4683837890625,-1.7411727488040925,-0.003097912110388279,0.0,0.6168209314346313,6060,0.3
8,1069,1,200.0,2048,2411.1,1071.0134765625,0.0003,0.0084862225,481.13397216796875,-1.7862043738365174,-0.008229308947920799,0.003125,0.793647289276123,6070,0.3
9,1060,2,200.0,2304,2444.7272727272725,1415.949444580078,0.0003,0.008401327,659.7398071289062,-1.7353567600250244,-0.010788119118660688,0.012109375,0.6238034963607788,6080,0.3
10,1057,2,200.0,2560,2493.5833333333335,1486.870883178711,0.0003,0.017990466,740.1205444335938,-1.7801583766937257,-0.008471862133592366,0.017578125,0.6308672428131104,6090,0.3
11,1056,2,200.0,2816,2379.214285714286,1306.0838745117187,0.0003,0.0061183074,609.0178833007812,-1.4527197301387786,-0.0065865421434864405,0.000390625,0.6482385396957397,6100,0.3
12,1049,2,200.0,3072,2424.6666666666665,1703.9739501953125,0.0003,0.0012706574,869.7265014648438,-1.62837473154068,0.0006063821259886026,0.0,0.5407986640930176,6110,0.3
13,1044,3,200.0,3328,2400.6875,1595.0942260742188,0.0003,0.0019872158,917.2577514648438,-1.5946433663368225,-0.004316212702542543,0.0,0.6218835115432739,6120,0.3
14,1039,3,200.0,3584,2437.294117647059,1592.6004943847656,0.0003,0.005039664,643.6484375,-1.5777285933494567,-0.0012051353929564356,0.004296875,0.6699826121330261,6130,0.3
15,1038,3,200.0,3840,2488.6315789473683,1352.947576904297,0.0003,0.007236123,832.118408203125,-1.5467770516872406,-0.005127766309306026,0.0015625,0.6641467809677124,6140,0.3
16,1033,3,200.0,4096,2515.05,1399.0076965332032,0.0003,0.005757616,720.4154663085938,-1.5445861339569091,-0.0065695552853867415,0.004296875,0.6047285795211792,6150,0.3
17,1031,4,200.0,4352,2526.9523809523807,1524.6515380859375,0.0003,0.044927515,640.9193115234375,-1.6258110105991364,-0.027166176214814187,0.125,0.6218783259391785,6160,0.3
18,1028,4,200.0,4608,2581.5652173913045,1332.5384979248047,0.0003,0.019641235,814.6895141601562,-1.675780826807022,-0.010963601106777788,0.037109375,0.6791532635688782,6170,0.3
19,1020,4,200.0,4864,2600.2083333333335,1243.8064239501953,0.0003,0.049494475,510.2635192871094,-1.7401292383670808,-0.03084329697303474,0.1140625,0.6805053353309631,6180,0.3
20,1017,5,200.0,5120,2618.16,1301.8035797119142,0.0003,0.004062417,763.8731689453125,-1.6528492748737336,-0.0030776352155953645,0.00234375,0.6901552677154541,6190,0.3
21,1014,5,200.0,5376,2643.269230769231,1433.6330444335938,0.0003,0.004791081,583.845703125,-1.6837638318538666,-0.00378270938526839,0.0,0.5848443508148193,6200,0.3
22,1014,5,200.0,5632,2671.8928571428573,1364.1293395996095,0.0003,0.01035469,545.9719848632812,-1.6556639909744262,-0.008795720525085926,0.008203125,0.6564220190048218,6210,0.3
23,1015,5,200.0,5888,2684.0344827586205,1351.688623046875,0.0003,0.01649277,569.730712890625,-1.607833105325699,-0.01701665516011417,0.04765625,0.621691107749939,6220,0.3
24,1016,6,200.0,6144,2688.9333333333334,1211.6823272705078,0.0003,0.014326931,656.8644409179688,-1.6349440157413482,-0.007527492800727486,0.030859375,0.683616042137146,6230,0.3
25,1016,6,200.0,6400,2674.875,1341.6587341308593,0.0003,0.029163461,599.3004150390625,-1.5828394830226897,-0.02093869699165225,0.073046875,0.6511962413787842,6240,0.3
26,1012,6,200.0,6656,2685.5151515151515,1077.654977416992,0.0003,0.002930859,440.2661437988281,-1.5023492395877838,-0.0022063707001507282,0.0,0.7370963096618652,6250,0.3
27,1007,6,200.0,6912,2696.294117647059,1165.1456481933594,0.0003,0.0049405843,583.9530029296875,-1.5603564500808715,-0.005086545879021287,0.0,0.7211094498634338,6260,0.3
28,1006,7,200.0,7168,2699.0,1298.2601684570313,0.0003,0.0046279794,677.8023681640625,-1.5730583548545838,-0.005983984237536788,0.0,0.6420162916183472,6270,0.3
29,1006,7,200.0,7424,2677.6486486486488,1079.6997344970703,0.0003,0.0127865765,531.6258544921875,-1.5328245043754578,-0.009699215041473508,0.007421875,0.6964819431304932,6280,0.3
30,1006,7,200.0,7680,2674.1052631578946,1371.3861083984375,0.0003,0.0012828782,668.111328125,-1.4239289104938506,-6.068006623536348e-05,0.0,0.5754594802856445,6290,0.3
31,1001,7,200.0,7936,2635.153846153846,876.7230590820312,0.0003,0.012311584,347.54339599609375,-1.4395723402500153,-0.008522485406138003,0.013671875,0.7796192765235901,6300,0.3
32,1001,8,200.0,8192,2644.975,4070.068713378906,0.0003,0.0014996873,1955.2313232421875,-1.5075186848640443,0.0006963002495467662,0.0,0.06323158740997314,6310,0.3
33,998,8,200.0,8448,2624.9285714285716,875.984408569336,0.0003,0.022087798,524.7422485351562,-1.439682626724243,-0.010772418463602662,0.03828125,0.7521255612373352,6320,0.3
34,995,8,200.0,8704,2627.860465116279,3090.1428100585936,0.0003,0.020910384,1815.0118408203125,-1.460405135154724,-0.015038058068603278,0.02109375,0.1697893738746643,6330,0.3
35,993,9,200.0,8960,2626.75,1267.1965240478517,0.0003,0.009742724,557.8803100585938,-1.5616974174976348,-0.006599460239522159,0.0015625,0.6468193531036377,6340,0.3
36,993,9,200.0,9216,2598.108695652174,1169.3438751220704,0.0003,0.0032457686,456.00091552734375,-1.5912102699279784,-0.003339766524732113,0.0,0.6929962635040283,6350,0.3
37,991,9,200.0,9472,2607.191489361702,959.9583160400391,0.0003,0.0030836964,408.6581115722656,-1.447205239534378,0.001149078691378236,0.0,0.6344965100288391,6360,0.3
38,991,9,200.0,9728,2616.6458333333335,1233.7162963867188,0.0003,0.006266435,498.12567138671875,-1.5485244691371918,-0.004155507870018482,0.005078125,0.7528212070465088,6370,0.3
39,989,10,200.0,9984,2620.408163265306,1267.1995788574218,0.0003,0.009294625,571.5638427734375,-1.5093044102191926,-0.013600110355764628,0.06484375,0.6486914157867432,6380,0.3
40,989,10,200.0,10240,2626.6862745098038,1350.8564239501952,0.0003,0.06845087,542.8261108398438,-1.6020950734615327,-0.02089805235154927,0.16953125,0.6588770151138306,6390,0.3
1,1296,0,200.0,256,3110.0,1130.6522430419923,0.0003,0.0032271808,557.3260498046875,-1.6076353371143342,-0.004506677819881589,0.0,0.6932247877120972,6400,0.3
2,1061,0,200.0,512,2965.0,950.4975860595703,0.0003,0.011395784,358.8829040527344,-0.5629426032304764,-0.011059753643348814,0.03046875,0.7372063398361206,6410,0.3
3,986,0,200.0,768,2933.3333333333335,712.7445343017578,0.0003,0.01984941,363.5058288574219,-0.492778055369854,-0.005577940680086613,0.033984375,0.8279494643211365,6420,0.3
4,988,1,200.0,1024,2942.0,1179.0763610839845,0.0003,0.019083155,713.6485595703125,-0.48041455894708635,-0.012268025893718004,0.047265625,0.6679589748382568,6430,0.3
5,973,1,200.0,1280,2918.3333333333335,904.5123016357422,0.0003,0.012795949,407.4039611816406,-0.40947664231061937,-0.005861578602343797,0.018359375,0.7248597145080566,6440,0.3
6,971,1,200.0,1536,2907.1428571428573,1107.3878173828125,0.0003,0.0122444965,483.21136474609375,-0.3927867278456688,-0.012299626972526312,0.029296875,0.7137020230293274,6450,0.3
7,979,1,200.0,1792,2805.0,979.2033599853515,0.0003,0.006694123,462.0944519042969,-0.3724569082260132,-0.007671793922781944,0.0125,0.7513532638549805,6460,0.3
8,983,2,200.0,2048,2689.0,1305.4695068359374,0.0003,0.0029173244,572.1013793945312,-0.4455970928072929,0.0008963765576481819,0.0109375,0.6065334677696228,6470,0.3
9,988,2,200.0,2304,2723.6363636363635,910.0635391235352,0.0003,0.0061980933,438.08367919921875,-0.44726785868406294,-0.003751002228818834,0.00625,0.7971590757369995,6480,0.3
10,992,2,200.0,2560,2731.6666666666665,786.9551666259765,0.0003,0.019056147,377.4936828613281,-0.3781387165188789,-0.006666324846446514,0.02734375,0.8297356367111206,6490,0.3
11,990,2,200.0,2816,2693.5714285714284,889.6151580810547,0.0003,0.017137524,391.43560791015625,-0.5483031049370766,-0.002677803463302553,0.039453125,0.7288739085197449,6500,0.3
12,987,3,200.0,3072,2703.3333333333335,727.009716796875,0.0003,0.06560004,300.5098876953125,-0.6626682460308075,-0.02140710869571194,0.140234375,0.7638981342315674,6510,0.3
13,991,3,200.0,3328,2713.75,929.3505279541016,0.0003,0.006947629,487.5736083984375,-0.4714038535952568,-0.004136957344599068,0.011328125,0.7581868171691895,6520,0.3
14,993,3,200.0,3584,2734.705882352941,1145.2665649414062,0.0003,0.014022026,510.578125,-0.5060669332742691,-0.0064013722818344835,0.024609375,0.6539009213447571,6530,0.3
15,996,3,200.0,3840,2720.5263157894738,793.6156127929687,0.0003,0.012275787,385.87371826171875,-0.42199782878160474,-0.00701101056765765,0.039453125,0.7806088328361511,6540,0.3
16,997,4,200.0,4096,2703.0,1240.8572021484374,0.0003,0.0012662245,455.6247863769531,-0.4341512992978096,-0.00023848905693739652,0.001171875,0.6032259464263916,6550,0.3
17,1000,4,200.0,4352,2675.714285714286,906.4713897705078,0.0003,0.0059973383,464.197509765625,-0.6142263978719711,-0.00676621237071231,0.0046875,0.7393369674682617,6560,0.3
18,1001,4,200.0,4608,2689.1304347826085,608.2798202514648,0.0003,0.013851499,333.1087341308594,-0.4827446684241295,-0.00920009259134531,0.038671875,0.8211959004402161,6570,0.3
19,1004,4,200.0,4864,2633.75,814.2245452880859,0.0003,0.027790256,407.22442626953125,-0.47533150762319565,-0.011077224696055054,0.05390625,0.7763048410415649,6580,0.3
20,1005,5,200.0,5120,2603.2,620.4967819213867,0.0003,0.0032882032,231.9373016357422,-0.5033490166068078,0.0014103379100561142,0.0046875,0.824105978012085,6590,0.3
21,1006,5,200.0,5376,2612.6923076923076,905.1880889892578,0.0003,0.11026664,391.37091064453125,-0.4604992434382439,-0.0350316476309672,0.1484375,0.7877141237258911,6600,0.3
22,1006,5,200.0,5632,2489.285714285714,742.9387741088867,0.0003,0.010781834,329.31939697265625,-0.34337186366319655,-0.0058648463571444156,0.014453125,0.7542033791542053,6610,0.3
23,1007,5,200.0,5888,2509.655172413793,772.3132415771485,0.0003,0.011837641,380.3603515625,-0.5730598479509353,-0.014763957681134343,0.051171875,0.8095076084136963,6620,0.3
24,1008,6,200.0,6144,2503.0,1052.248452758789,0.0003,0.0013226129,520.8983764648438,-0.37159958481788635,-0.001053416752256453,0.0,0.7359634637832642,6630,0.3
25,1009,6,200.0,6400,2476.5625,714.948046875,0.0003,0.010126533,299.3716125488281,-0.38193476051092146,-0.007688992307521403,0.020703125,0.8374267816543579,6640,0.3
26,1010,6,200.0,6656,2487.2727272727275,801.7995849609375,0.0003,0.009089265,359.31610107421875,-0.47468742579221723,-0.011215495015494525,0.023828125,0.8007367849349976,6650,0.3
27,1011,6,200.0,6912,2452.0588235294117,793.1015106201172,0.0003,0.009597192,349.29730224609375,-0.43642920106649397,-0.009112397814169526,0.01640625,0.7383960485458374,6660,0.3
28,1012,7,200.0,7168,2456.285714285714,638.1377906799316,0.0003,0.0037714604,277.7013854980469,-0.5457317143678665,-0.0025249571772292256,0.016796875,0.8053452968597412,6670,0.3
29,1012,7,200.0,7424,2489.7297297297296,814.2408142089844,0.0003,0.012712371,435.6195983886719,-0.3606421247124672,-0.006838081823661924,0.023046875,0.7881537675857544,6680,0.3
30,1011,7,200.0,7680,2498.684210526316,802.5320404052734,0.0003,0.009426512,392.88134765625,-0.3567749187350273,-0.00354590859496966,0.01328125,0.7943556904792786,6690,0.3
31,1012,7,200.0,7936,2500.0,714.085285949707,0.0003,0.003984115,320.45611572265625,-0.3396628737449646,-0.006092040194198489,0.00625,0.7832633852958679,6700,0.3
32,1010,8,200.0,8192,2508.25,820.9138854980469,0.0003,0.017745994,269.09283447265625,-0.36743809580802916,-0.011064107203856111,0.034375,0.7734664678573608,6710,0.3
33,1010,8,200.0,8448,2447.6190476190477,1512.857113647461,0.0003,0.0075467303,377.09796142578125,-0.6638282090425491,-0.008171559823676944,0.00546875,0.35467010736465454,6720,0.3
34,1010,8,200.0,8704,2462.5581395348836,996.3260162353515,0.0003,0.0048194374,397.79974365234375,-0.37239172458648684,-0.0030839871033094823,0.009375,0.6797672510147095,6730,0.3
35,1008,8,200.0,8960,2465.4545454545455,868.3094848632812,0.0003,0.005917822,391.749267578125,-0.31678581386804583,-0.007280539046041668,0.0234375,0.7440914511680603,6740,0.3
36,1009,9,200.0,9216,2419.1304347826085,790.4056518554687,0.0003,0.013159747,359.1761169433594,-0.4019604355096817,-0.016221871552988886,0.05859375,0.7731173634529114,6750,0.3
37,1007,9,200.0,9472,2427.872340425532,490.9678985595703,0.0003,0.0035646816,151.16233825683594,-0.63272665143013,-0.00043606557883322237,0.0015625,0.8188287019729614,6760,0.3
38,1008,9,200.0,9728,2436.4583333333335,848.8906127929688,0.0003,0.0029272998,404.38568115234375,-0.29337441772222517,-0.002561138803139329,0.0109375,0.7074576020240784,6770,0.3
39,1008,9,200.0,9984,2449.387755102041,819.0478607177735,0.0003,0.007270417,299.4761047363281,-0.31788424402475357,-0.008703628461807967,0.0171875,0.768345832824707,6780,0.3
40,1008,10,200.0,10240,2473.725490196078,973.5693298339844,0.0003,0.001396864,405.5381774902344,-0.2532294370234013,-0.0004652780946344137,0.00546875,0.5991635322570801,6790,0.3
1,1260,0,200.0,256,2501.0,780.7755828857422,0.0003,0.00444947,307.433837890625,-0.31737304776906966,-0.007914362149313093,0.00546875,0.8090754151344299,6800,0.3
2,1116,0,200.0,512,2659.0,1385.3071044921876,0.0003,0.0033617665,523.4630737304688,-1.5884636878967284,-5.4408470168709756e-05,0.0,0.6455632448196411,6410,0.3
3,1089,0,200.0,768,1748.0,1288.1665161132812,0.0003,0.00088687893,417.6617126464844,-1.7166449427604675,-0.0005021603778004646,0.0,0.4669817090034485,6420,0.3
4,1072,0,200.0,1024,2119.8,1642.2791381835937,0.0003,0.011583535,914.2210083007812,-1.7069740891456604,-0.010571366781368852,0.009375,0.6227462291717529,6430,0.3
5,1051,1,200.0,1280,2268.3333333333335,1242.9297760009765,0.0003,0.012029339,588.3665161132812,-1.7275160074234008,-0.00907401293516159,0.03515625,0.6437755823135376,6440,0.3
6,1044,1,200.0,1536,2409.8571428571427,1149.4195709228516,0.0003,0.0041721547,589.0593872070312,-1.7874906957149506,-0.0063559541711583735,0.0,0.6941127777099609,6450,0.3
7,1044,1,200.0,1792,2401.75,2518.406005859375,0.0003,0.023267029,1086.6868896484375,-1.7403884947299957,-0.013986579841002822,0.0390625,0.2639113664627075,6460,0.3
8,1029,1,200.0,2048,2479.2,1350.6472961425782,0.0003,0.0066737765,797.8192749023438,-1.7584714412689209,-0.005486842943355441,0.0,0.6204952001571655,6470,0.3
9,1030,2,200.0,2304,2462.909090909091,1394.5523620605468,0.0003,0.028657034,630.3521728515625,-1.7600899815559388,-0.015019405190832913,0.08984375,0.5931505560874939,6480,0.3
10,1030,2,200.0,2560,2331.4166666666665,1687.7926696777345,0.0003,0.0020808915,746.7981567382812,-1.720245885848999,-0.002835903037339449,0.0,0.48566991090774536,6490,0.3
11,1032,2,200.0,2816,2446.785714285714,1020.3362182617187,0.0003,0.0018421009,383.32403564453125,-1.6598912537097932,-0.0029289214638993145,0.0,0.6825605034828186,6500,0.3
12,1034,2,200.0,3072,2469.2,1141.5163696289062,0.0003,0.0027998965,729.0455322265625,-1.7592129290103913,-0.0035018183756619693,0.0,0.7299080491065979,6510,0.3
13,1032,3,200.0,3328,2487.9375,1143.0448944091797,0.0003,0.002247411,509.2371826171875,-1.7233938217163085,-0.002902810601517558,0.0,0.7096859216690063,6520,0.3
14,1031,3,200.0,3584,2518.8823529411766,1006.0324737548829,0.0003,0.017511034,472.1134033203125,-1.6987985849380494,-0.016964282374829054,0.033203125,0.7735577821731567,6530,0.3
15,1032,3,200.0,3840,2574.2631578947367,1160.7556243896483,0.0003,0.013153219,571.5621948242188,-1.6294481992721557,-0.013701383443549275,0.00859375,0.6956791281700134,6540,0.3
16,1031,3,200.0,4096,2585.25,1265.549786376953,0.0003,0.018169,589.952392578125,-1.6366291880607604,-0.005420943116769194,0.026953125,0.6420475244522095,6550,0.3
17,1032,4,200.0,4352,2594.7619047619046,1060.423043823242,0.0003,0.013818452,468.86236572265625,-1.6796606361865998,-0.011347136134281755,0.019140625,0.705443799495697,6560,0.3
18,1028,4,200.0,4608,2508.4347826086955,1796.460888671875,0.0003,0.0014460646,735.8138427734375,-1.6770117223262786,-0.0008032703422941268,0.0,0.40491318702697754,6570,0.3
19,1028,4,200.0,4864,2519.4166666666665,2273.081512451172,0.0003,0.00041162316,936.0838012695312,-1.6873481631278993,-0.0021600668784230947,0.0,0.2903226613998413,6580,0.3
20,1025,4,200.0,5120,2539.56,1501.2035888671876,0.0003,0.0010244471,563.7177124023438,-1.712506765127182,-0.0016159959603101015,0.0,0.6919471025466919,6590,0.3
21,1024,5,200.0,5376,2494.923076923077,4726.695153808594,0.0003,0.0018450536,1975.09423828125,-1.7084905624389648,-0.005996756907552481,0.0,-0.19603896141052246,6600,0.3
22,1024,5,200.0,5632,2386.1428571428573,1013.3325042724609,0.0003,0.00024975697,323.5623474121094,-1.869651013612747,-0.0008693644311279058,0.0,0.5861233472824097,6610,0.3
23,1025,5,200.0,5888,2400.9310344827586,1451.831475830078,0.0003,0.00071697636,672.18359375,-1.6664735615253448,-0.002574858022853732,0.0,0.5741706490516663,6620,0.3
24,1023,6,200.0,6144,2421.4666666666667,1407.4691375732423,0.0003,0.015675148,617.3184204101562,-1.7795251965522767,-0.011531580984592438,0.023046875,0.602049708366394,6630,0.3
25,1023,6,200.0,6400,2444.5625,1439.861395263672,0.0003,0.012470528,763.0592041015625,-1.685557448863983,-0.005689201736822724,0.025390625,0.6120601892471313,6640,0.3
26,1022,6,200.0,6656,2461.969696969697,1093.4435821533202,0.0003,0.0029419528,596.9475708007812,-1.5900232553482057,-0.0055665347259491686,0.000390625,0.6980509757995605,6650,0.3
27,1021,6,200.0,6912,2464.9411764705883,1184.8603820800781,0.0003,0.00497749,513.2617797851562,-1.6289141118526458,-0.007158094318583608,0.0,0.7057197093963623,6660,0.3
28,1022,7,200.0,7168,2487.457142857143,1415.1343566894532,0.0003,0.014366242,611.254150390625,-1.5995677590370179,-0.007768913288600743,0.01796875,0.5534041523933411,6670,0.3
29,1020,7,200.0,7424,2528.6216216216217,1139.193930053711,0.0003,0.0013878234,503.3095703125,-1.6437999963760377,-0.0033274970017373564,0.0,0.7337363958358765,6680,0.3
30,1020,7,200.0,7680,2529.2631578947367,1114.8794860839844,0.0003,0.012384418,534.9208374023438,-1.671193140745163,-0.01838140299078077,0.035546875,0.6925201416015625,6690,0.3
31,1021,7,200.0,7936,2542.7948717948716,1186.0533294677734,0.0003,0.0068284906,589.14111328125,-1.6575979471206665,-0.0066813432145863775,0.009765625,0.6191884279251099,6700,0.3
32,1020,8,200.0,8192,2549.55,1232.061456298828,0.0003,0.010364866,545.7782592773438,-1.6426026344299316,-0.006675780471414328,0.016796875,0.6543848514556885,6710,0.3
33,1022,8,200.0,8448,2522.0476190476193,1272.85205078125,0.0003,0.0042943223,510.4959411621094,-1.767760944366455,-0.0033953902078792454,0.00078125,0.4786784052848816,6720,0.3
34,1023,8,200.0,8704,2489.4186046511627,1477.1461181640625,0.0003,0.006524722,847.670654296875,-1.6652319490909577,-0.004503622744232416,0.0046875,0.5989484786987305,6730,0.3
35,1023,8,200.0,8960,2502.7727272727275,667.2795867919922,0.0003,0.004501719,338.22015380859375,-1.7319533050060272,-0.0025658324360847474,0.0,0.8179384469985962,6740,0.3
36,1023,9,200.0,9216,2473.608695652174,894.7736419677734,0.0003,0.028425885,328.8908996582031,-1.7301281332969665,-0.011981325084343552,0.044140625,0.795592725276947,6750,0.3
37,1022,9,200.0,9472,2490.936170212766,990.089974975586,0.0003,0.0068075424,450.0382385253906,-1.6240267515182496,-2.7931714430451394e-05,0.006640625,0.8056195974349976,6760,0.3
38,1020,9,200.0,9728,2502.8125,1251.7560607910157,0.0003,0.017607097,724.7772827148438,-1.5229047298431397,-0.016423520026728512,0.07109375,0.6549636125564575,6770,0.3
39,1016,9,200.0,9984,2504.408163265306,1198.0968383789063,0.0003,0.017307047,685.5612182617188,-1.5655123174190522,-0.007783315819688141,0.04296875,0.6817127466201782,6780,0.3
40,1014,10,200.0,10240,2534.705882352941,1203.813198852539,0.0003,0.0053653214,630.2885131835938,-1.5759799480438232,-0.007027653395198286,0.00859375,0.6472538709640503,6790,0.3
1,1242,0,200.0,256,3310.0,1168.5488891601562,0.0003,0.016068688,483.67059326171875,-1.539587527513504,-0.007304094871506095,0.035546875,0.7029733061790466,6800,0.3
2,1056,0,200.0,512,2945.0,1048.6815216064454,0.0003,0.01710281,436.97503662109375,-0.31720958203077315,-0.013814099272713065,0.042578125,0.7020339369773865,6810,0.3
3,1032,0,200.0,768,2840.0,884.862744140625,0.0003,0.0022257904,350.5214538574219,-0.3273542046546936,-0.004869695333763957,0.00078125,0.7703450322151184,6820,0.3
4,1033,0,200.0,1024,2548.0,839.1220672607421,0.0003,0.0021085618,388.386474609375,-0.43349152356386184,-0.0010419152094982564,0.000390625,0.8063594102859497,6830,0.3
5,1028,1,200.0,1280,2636.6666666666665,711.7776702880859,0.0003,0.0038736488,226.90505981445312,-0.287674218416214,-0.006475293659605086,0.017578125,0.8638391494750977,6840,0.3
6,1025,1,200.0,1536,2670.0,1017.6619354248047,0.0003,0.0037442523,497.9286193847656,-0.26868271008133887,-0.005820226791547612,0.006640625,0.6907991766929626,6850,0.3
7,1018,1,200.0,1792,2632.5,1074.1252349853517,0.0003,0.014519618,554.2750244140625,-0.2922420263290405,-0.006651290052104741,0.025390625,0.7101679444313049,6860,0.3
8,1008,2,200.0,2048,2671.0,691.1184280395507,0.0003,0.01836765,325.0715026855469,-0.29805284887552264,-0.008942985814064741,0.01953125,0.8445287346839905,6870,0.3
9,1007,2,200.0,2304,2664.5454545454545,793.0178955078125,0.0003,0.018907491,337.9529113769531,-0.4163756474852562,-0.02257142849266529,0.078515625,0.7676827311515808,6880,0.3
10,1002,2,200.0,2560,2699.1666666666665,797.9695495605469,0.0003,0.036440928,391.2679748535156,-0.42401574850082396,-0.010059010470286012,0.066796875,0.8049570322036743,6890,0.3
11,997,2,200.0,2816,2720.0,716.8719421386719,0.0003,0.066911235,395.1853332519531,-0.5924939453601837,-0.011246916442178189,0.09609375,0.8214035630226135,6900,0.3
12,996,3,200.0,3072,2727.3333333333335,919.0400787353516,0.0003,0.072448954,368.8153991699219,-0.657602995634079,-0.017158062569797038,0.130859375,0.7168967723846436,6910,0.3
13,994,3,200.0,3328,2748.75,693.1453094482422,0.0003,0.0029911378,329.6519775390625,-0.6318858414888382,-0.002275377605110407,0.005078125,0.8298219442367554,6920,0.3
14,994,3,200.0,3584,2769.4117647058824,669.2662628173828,0.0003,0.011527147,285.355224609375,-0.5415059864521027,-0.012178014731034636,0.03671875,0.8126057386398315,6930,0.3
15,988,3,200.0,3840,2812.6315789473683,1174.5882141113282,0.0003,0.004072997,648.3499145507812,-0.5425477355718613,-0.0025114294374361636,0.010546875,0.6558505296707153,6940,0.3
16,990,4,200.0,4096,2815.0,746.369027709961,0.0003,0.039909247,426.2693176269531,-0.5631095722317696,-0.007112939725629985,0.05625,0.8003861308097839,6950,0.3
17,992,4,200.0,4352,2770.0,644.3562850952148,0.0003,0.03027348,355.2661437988281,-0.6734412103891373,-0.008668197318911552,0.0984375,0.8127833604812622,6960,0.3
18,993,4,200.0,4608,2785.217391304348,448.48131866455077,0.0003,0.102046505,130.6647186279297,-0.6641099482774735,-0.024230034509673714,0.108984375,0.8692778944969177,6970,0.3
19,993,4,200.0,4864,2807.0833333333335,971.7431030273438,0.0003,0.026221529,384.5974426269531,-0.5824378252029419,-0.008726027607917786,0.06171875,0.6855341196060181,6980,0.3
20,993,5,200.0,5120,2752.0,673.197265625,0.0003,0.0154715665,288.8202819824219,-0.5333267182111741,-0.012229224562179297,0.034375,0.812708854675293,6990,0.3
21,995,5,200.0,5376,2765.769230769231,3997.1514282226562,0.0003,0.0022795245,1326.5816650390625,-0.401833513379097,0.0009037412470206619,0.001953125,0.09159773588180542,7000,0.3
22,993,5,200.0,5632,2780.3571428571427,697.854849243164,0.0003,0.010608964,323.1654357910156,-0.5798443138599396,-0.004163818247616291,0.0109375,0.8301063179969788,7010,0.3
23,993,5,200.0,5888,2798.2758620689656,897.6097747802735,0.0003,0.027133012,398.6472473144531,-0.6697293817996979,-0.011013298109173775,0.094921875,0.739609956741333,7020,0.3
24,993,6,200.0,6144,2711.3333333333335,688.9512268066406,0.0003,0.06471224,357.32806396484375,-0.6312633007764816,-0.024478877149522304,0.19375,0.8515104055404663,7030,0.3
25,992,6,200.0,6400,2623.125,694.2626693725585,0.0003,0.0032661879,74.6448745727539,-0.742098668217659,0.0025659149046987294,0.004296875,-2.4649434089660645,7040,0.3
26,992,6,200.0,6656,2629.3939393939395,1130.4021606445312,0.0003,0.02823025,413.94781494140625,-0.4937612280249596,-0.016292262147180735,0.057421875,0.655434250831604,7050,0.3
27,993,6,200.0,6912,2558.823529411765,646.5357147216797,0.0003,0.016765121,233.08119201660156,-0.4737470731139183,-0.017268016608431934,0.051953125,0.8460918068885803,7060,0.3
28,989,7,200.0,7168,2546.8571428571427,1112.485317993164,0.0003,0.00905847,388.4934997558594,-0.3449066564440727,-0.00455642796587199,0.017578125,0.7205492258071899,7070,0.3
29,989,7,200.0,7424,2575.675675675676,1857.5976318359376,0.0003,0.0004829364,607.9176025390625,-0.45943259745836257,-0.001489189430139959,0.0,0.3728450536727905,7080,0.3
30,984,7,200.0,7680,2595.5263157894738,963.8619445800781,0.0003,0.0012013596,365.9652099609375,-0.465305869281292,-0.0012036329368129372,0.000390625,0.6619471907615662,7090,0.3
31,983,8,200.0,7936,2602.3076923076924,621.7441833496093,0.0003,0.009140875,297.2845764160156,-0.41614694744348524,-0.004079012339934707,0.02578125,0.8461273908615112,7100,0.3
32,985,8,200.0,8192,2608.5,687.8206817626954,0.0003,0.008773472,292.61700439453125,-0.4784520134329796,-0.007147372048348188,0.028515625,0.7886960506439209,7110,0.3
33,987,8,200.0,8448,2636.4285714285716,626.0836807250977,0.0003,0.013307911,374.622802734375,-0.3843352794647217,-0.006321652559563518,0.026171875,0.8361573219299316,7120,0.3
34,988,8,200.0,8704,2651.860465116279,715.3849090576172,0.0003,0.0040308535,375.7772216796875,-0.3774814113974571,-0.005830163042992354,0.00625,0.7982783913612366,7130,0.3
35,988,9,200.0,8960,2666.818181818182,571.1323822021484,0.0003,0.022903576,232.3791046142578,-0.357269287109375,-0.0099034957238473,0.0453125,0.8432319164276123,7140,0.3
36,989,9,200.0,9216,2691.086956521739,574.239387512207,0.0003,0.024181627,359.0942687988281,-0.4101639598608017,-0.009970329911448061,0.04921875,0.8358960151672363,7150,0.3
37,990,9,200.0,9472,2699.148936170213,745.6810638427735,0.0003,0.017321931,320.8921813964844,-0.4013158604502678,-0.0026614218950271606,0.04375,0.7774192690849304,7160,0.3
38,989,9,200.0,9728,2707.7083333333335,480.4936584472656,0.0003,0.01195793,226.65310668945312,-0.4578182116150856,-0.010788222122937442,0.055859375,0.8587501049041748,7170,0.3
39,990,10,200.0,9984,2711.0204081632655,661.6338562011719,0.0003,0.02542767,287.7202453613281,-0.5421612203121186,-0.010880321357399225,0.04609375,0.797260046005249,7180,0.3
40,988,10,200.0,10240,2710.9803921568628,575.8397247314454,0.0003,0.0033270314,358.8232727050781,-0.5744149029254914,-0.002558087930083275,0.005078125,0.8374905586242676,7190,0.3
1,1248,0,200.0,256,3259.0,664.517333984375,0.0003,0.023507368,413.7901916503906,-0.5981148213148118,-0.013897535670548678,0.096484375,0.7992024421691895,7200,0.3
2,1133,0,200.0,512,3137.0,979.4108367919922,0.0003,0.009422675,461.18798828125,-1.5762996912002563,-0.004984840378165245,0.003125,0.7283165454864502,6810,0.3
3,1066,0,200.0,768,3098.3333333333335,1022.3502960205078,0.0003,0.006895472,535.4591674804688,-1.5353149116039275,-0.005188880313653499,0.0046875,0.7460548281669617,6820,0.3
4,1051,0,200.0,1024,2977.4,1185.1144165039063,0.0003,0.012450285,507.6929016113281,-1.5404787063598633,-0.012465036381036044,0.01640625,0.648507833480835,6830,0.3
5,1038,1,200.0,1280,2828.6666666666665,1058.4149383544923,0.0003,0.011166083,404.8025817871094,-1.5864082872867584,-0.012611276423558592,0.00703125,0.6247621178627014,6840,0.3
6,1041,1,200.0,1536,2721.0,2092.8590454101563,0.0003,0.0317651,1014.763916015625,-1.585316574573517,-0.014221889851614832,0.08125,0.46925145387649536,6850,0.3
7,1039,1,200.0,1792,2674.25,1190.7191101074218,0.0003,0.0020025724,433.5356750488281,-1.6149443447589875,-0.002599793439731002,0.0,0.6633746027946472,6860,0.3
8,1034,1,200.0,2048,2673.1,1011.5387298583985,0.0003,0.009222345,491.34033203125,-1.5832990288734436,-0.005840507638640702,0.00703125,0.7774784564971924,6870,0.3
9,1036,2,200.0,2304,2684.7272727272725,1106.2095001220703,0.0003,0.01108766,464.34063720703125,-1.4395699799060822,-0.0083036239258945,0.028515625,0.6858510971069336,6880,0.3
10,1038,2,200.0,2560,2732.6666666666665,830.4636322021485,0.0003,0.010034146,316.7987976074219,-1.3175059616565705,-0.009441591217182577,0.014453125,0.8053928017616272,6890,0.3
11,1040,2,200.0,2816,2756.1428571428573,937.834603881836,0.0003,0.021061685,613.9488525390625,-1.6519734501838683,-0.01711201360449195,0.125,0.7661488652229309,6900,0.3
12,1041,2,200.0,3072,2773.3333333333335,833.7780303955078,0.0003,0.004954978,390.45953369140625,-1.5637151539325713,-0.012842518929392099,0.02890625,0.7661255598068237,6910,0.3
13,1040,3,200.0,3328,2787.8125,1080.269677734375,0.0003,0.015615298,418.1474914550781,-1.618643718957901,-0.008792942319996656,0.025,0.7009907960891724,6920,0.3
14,1040,3,200.0,3584,2786.3529411764707,1020.4237030029296,0.0003,0.0185234,574.8027954101562,-1.5949824571609497,-0.019190358836203812,0.065234375,0.7221125960350037,6930,0.3
15,1036,3,200.0,3840,2669.8947368421054,916.9226470947266,0.0003,0.0054657576,429.1568908691406,-1.5904426574707031,-0.0013072491390630602,0.0,0.7492373585700989,6940,0.3
16,1033,3,200.0,4096,2699.75,5267.762194824219,0.0003,0.0031516505,1745.2637939453125,-1.586763119697571,-0.0055738006252795454,0.0,-0.10362005233764648,6950,0.3
17,1031,4,200.0,4352,2705.714285714286,1043.61142578125,0.0003,0.0067136986,433.98687744140625,-1.6244323670864105,-0.005138051370158792,0.00703125,0.7716189026832581,6960,0.3
18,1026,4,200.0,4608,2745.8260869565215,1102.1426635742187,0.0003,0.031089196,466.8056945800781,-1.626574569940567,-0.015148968575522304,0.062109375,0.6998863220214844,6970,0.3
19,1027,4,200.0,4864,2768.7916666666665,901.4928649902344,0.0003,0.023183558,558.600341796875,-1.6547629833221436,-0.014974570367485285,0.07109375,0.7427780628204346,6980,0.3
20,1027,4,200.0,5120,2788.36,1114.632797241211,0.0003,0.006917501,499.810791015625,-1.592377144098282,-0.008501615934073925,0.005859375,0.6902586221694946,6990,0.3
21,1028,5,200.0,5376,2761.5384615384614,914.8892456054688,0.0003,0.03016497,417.9491271972656,-1.6388673424720763,-0.015531319542787969,0.06796875,0.7659906148910522,7000,0.3
22,1029,5,200.0,5632,2762.785714285714,1449.9404357910157,0.0003,0.007120845,364.74090576171875,-1.6152093946933745,-0.004887595621403307,0.002734375,0.4033454656600952,7010,0.3
23,1029,5,200.0,5888,2772.344827586207,889.3114715576172,0.0003,0.002225195,397.9864501953125,-1.5693513751029968,-0.005636842641979456,0.0,0.7607131004333496,7020,0.3
24,1029,5,200.0,6144,2788.5,982.2415893554687,0.0003,0.019943904,528.51806640625,-1.6330705106258392,-0.00802155416458845,0.021484375,0.7384488582611084,7030,0.3
25,1028,6,200.0,6400,2795.5,827.7081146240234,0.0003,0.009803571,384.4962158203125,-1.5920243084430694,-0.004562438139691949,0.0078125,0.751510739326477,7040,0.3
26,1027,6,200.0,6656,2809.6060606060605,819.660693359375,0.0003,0.0049202223,380.3800964355469,-1.5038996577262878,-0.007712526712566614,0.0,0.7701016664505005,7050,0.3
27,1026,6,200.0,6912,2809.0,800.5910888671875,0.0003,0.012554923,359.3406677246094,-1.577502590417862,-0.010703174583613872,0.012109375,0.8036366701126099,7060,0.3
28,1026,6,200.0,7168,2814.7714285714287,1051.9393249511718,0.0003,0.0041319956,378.38360595703125,-1.5797273933887481,-0.0005986502306768671,0.0,0.6646510362625122,7070,0.3
29,1027,7,200.0,7424,2808.0810810810813,811.3172332763672,0.0003,0.002715535,403.151123046875,-1.5884770452976227,-0.0038156375754624604,0.000390625,0.7779947519302368,7080,0.3
30,1028,7,200.0,7680,2819.9473684210525,1019.5216491699218,0.0003,0.0053114835,554.1358642578125,-1.612886780500412,-0.004806746169924736,0.0,0.7027808427810669,7090,0.3
31,1028,7,200.0,7936,2824.871794871795,779.8518890380859,0.0003,0.026553415,362.7289733886719,-1.6184170186519622,-0.01812213850207627,0.062109375,0.7995520830154419,7100,0.3
32,1029,7,200.0,8192,2835.925,729.4200622558594,0.0003,0.021383407,398.6528625488281,-1.6894560515880586,-0.011116938549093902,0.04296875,0.796483039855957,7110,0.3
33,1028,8,200.0,8448,2844.4761904761904,902.135952758789,0.0003,0.04010681,439.9068908691406,-1.6304993271827697,-0.01889359694905579,0.109765625,0.7350547313690186,7120,0.3
34,1028,8,200.0,8704,2849.6976744186045,1121.0774841308594,0.0003,0.026109012,626.0018920898438,-1.6717990219593049,-0.014560510963201522,0.05234375,0.6574984788894653,7130,0.3
35,1027,8,200.0,8960,2854.25,976.8019378662109,0.0003,0.011777485,515.3782958984375,-1.6408232927322388,-0.010246647847816348,0.00859375,0.7173393964767456,7140,0.3
36,1025,8,200.0,9216,2863.391304347826,758.428515625,0.0003,0.0075209984,403.9627380371094,-1.6141042768955232,-0.0064505691640079025,0.0,0.7791115045547485,7150,0.3
37,1025,9,200.0,9472,2871.978723404255,1126.4882873535157,0.0003,0.002759155,646.4053955078125,-1.6099004924297333,-0.0028816307429224254,0.0,0.671801745891571,7160,0.3
38,1025,9,200.0,9728,2866.125,807.6665466308593,0.0003,0.0076170946,351.7133483886719,-1.6243185579776764,-0.011476933700032532,0.0,0.7733726501464844,7170,0.3
39,1024,9,200.0,9984,2874.1428571428573,1084.6607147216796,0.0003,0.005642336,398.3733825683594,-1.6438552796840669,-0.006149246660061181,0.0,0.6371183395385742,7180,0.3
40,1025,9,200.0,10240,2881.1176470588234,805.6630004882812,0.0003,0.0033045316,369.12799072265625,-1.5317391157150269,-0.00467560738325119,0.0,0.8050012588500977,7190,0.3
1,1356,0,200.0,256,3070.0,942.730990600586,0.0003,0.0048185093,578.426513671875,-1.5895018696784973,-0.0069669407792389395,0.0,0.7132846117019653,7200,0.3
2,1175,0,200.0,512,3085.0,747.8637847900391,0.0003,0.020466749,347.7725830078125,-0.5651827275753021,-0.011723706685006618,0.048828125,0.8244150280952454,7210,0.3
3,1138,0,200.0,768,3080.0,802.0721862792968,0.0003,0.0102862185,257.5910339355469,-0.46592098027467727,-0.0033718202263116836,0.03828125,0.7716497778892517,7220,0.3
4,1110,0,200.0,1024,3034.0,459.1773193359375,0.0003,0.012440262,153.6873321533203,-0.5012421369552612,-0.004858831875026226,0.026171875,0.8642178773880005,7230,0.3
5,1096,1,200.0,1280,3045.0,668.0476043701171,0.0003,0.0046634544,325.7934265136719,-0.5265716806054115,-0.005547421611845493,0.022265625,0.7869685888290405,7240,0.3
6,1083,1,200.0,1536,3081.4285714285716,780.7824005126953,0.0003,0.0037463536,223.927490234375,-0.47547692209482195,-0.006796427560038865,0.006640625,0.7850551009178162,7250,0.3
7,1075,1,200.0,1792,3048.75,417.73480834960935,0.0003,0.006719261,184.1156005859375,-0.4661281168460846,-0.015125773334875702,0.07265625,0.879789412021637,7260,0.3
8,1069,1,200.0,2048,2858.0,760.0673858642579,0.0003,0.0054281624,154.91873168945312,-0.393501977622509,-0.00022854539565742016,0.0203125,0.7674732208251953,7270,0.3
9,1063,2,200.0,2304,2898.181818181818,543.3006256103515,0.0003,0.004272481,246.60704040527344,-0.45819424241781237,-0.008013541356194764,0.015234375,0.8666238784790039,7280,0.3
10,1056,2,200.0,2560,2892.5,495.4362548828125,0.0003,0.016184786,173.84104919433594,-0.4490338996052742,-0.010309649643022566,0.046875,0.8595571517944336,7290,0.3
11,1055,2,200.0,2816,2919.285714285714,391.672135925293,0.0003,0.0093740905,183.80055236816406,-0.4167230486869812,-0.004985563550144434,0.03125,0.8721811771392822,7300,0.3
12,1056,2,200.0,3072,2864.6666666666665,573.9210922241211,0.0003,0.0032461798,269.6766662597656,-0.41225168853998184,-0.006882878905162215,0.033984375,0.8385277986526489,7310,0.3
13,1051,3,200.0,3328,2879.375,275.1000686645508,0.0003,0.0059125237,108.62677764892578,-0.4515033945441246,-0.005621657078154385,0.02109375,0.9230663776397705,7320,0.3
14,1047,3,200.0,3584,2890.0,542.0643630981446,0.0003,0.016725946,321.1430358886719,-0.48751812130212785,-0.004763217503204941,0.0453125,0.8280091881752014,7330,0.3
15,1047,3,200.0,3840,2870.5263157894738,368.4088928222656,0.0003,0.0066481903,182.54135131835938,-0.5288834348320961,-0.00370660328771919,0.014453125,0.9076911211013794,7340,0.3
16,1045,3,200.0,4096,2846.0,709.816748046875,0.0003,0.08037372,381.4811706542969,-0.5311521932482719,-0.014627124508842826,0.11171875,0.832431435585022,7350,0.3
17,1044,4,200.0,4352,2857.1428571428573,886.1950317382813,0.0003,0.006013671,332.8118896484375,-0.33357069492340086,0.000892845552880317,0.01875,0.713642954826355,7360,0.3
18,1041,4,200.0,4608,2856.9565217391305,366.70573272705076,0.0003,0.009014921,157.91049194335938,-0.3342580571770668,-0.005523946566972882,0.02734375,0.8887521624565125,7370,0.3
19,1041,4,200.0,4864,2855.8333333333335,618.9799789428711,0.0003,0.009764893,206.38592529296875,-0.40861195176839826,-0.007495047990232706,0.030078125,0.8446643352508545,7380,0.3
20,1040,4,200.0,5120,2856.0,525.8373382568359,0.0003,0.049354136,324.3827209472656,-0.3897947683930397,-0.011947400402277708,0.05546875,0.8768116235733032,7390,0.3
21,1038,5,200.0,5376,2762.6923076923076,587.8826278686523,0.0003,0.010476872,280.50189208984375,-0.4400262549519539,-0.005646837549284101,0.0109375,0.8603870868682861,7400,0.3
22,1037,5,200.0,5632,2793.214285714286,283.3118980407715,0.0003,0.031195983,165.77587890625,-0.509608942270279,-0.012322825496084988,0.082421875,0.9483350515365601,7410,0.3
23,1034,5,200.0,5888,2802.4137931034484,561.2262496948242,0.0003,0.004614831,224.9495086669922,-0.3101420119404793,-0.0035588699858635662,0.046484375,0.8196502327919006,7420,0.3
24,1033,5,200.0,6144,2803.6666666666665,448.94056396484376,0.0003,0.012655438,228.2286376953125,-0.37301183491945267,-0.007395629212260247,0.032421875,0.8536019921302795,7430,0.3
25,1032,6,200.0,6400,2813.4375,495.0081497192383,0.0003,0.05955539,311.3852844238281,-0.3858779057860374,-0.01444191646296531,0.075,0.8434696197509766,7440,0.3
26,1031,6,200.0,6656,2820.909090909091,683.101432800293,0.0003,0.0046891402,223.47727966308594,-0.3862133413553238,-0.0039035803638398647,0.03203125,0.808347225189209,7450,0.3
27,1029,6,200.0,6912,2820.8823529411766,446.4817489624023,0.0003,0.009341496,156.4020233154297,-0.4091973274946213,-0.005982089159078896,0.022265625,0.8593708276748657,7460,0.3
28,1029,6,200.0,7168,2828.285714285714,471.96185302734375,0.0003,0.014178414,173.5180206298828,-0.39654289931058884,-0.016444057563785464,0.04296875,0.856985330581665,7470,0.3
29,1028,7,200.0,7424,2848.3783783783783,511.64319610595703,0.0003,0.0057917195,265.43829345703125,-0.3581512808799744,-0.0034326405148021877,0.012109375,0.8424972295761108,7480,0.3
30,1028,7,200.0,7680,2855.2631578947367,499.110009765625,0.0003,0.0052517457,230.59576416015625,-0.3983104914426804,-0.002519961743382737,0.00625,0.8696123361587524,7490,0.3
31,1029,7,200.0,7936,2854.6153846153848,564.4534927368164,0.0003,0.013157721,253.73980712890625,-0.45212952196598055,-0.005411209212616086,0.061328125,0.8269705176353455,7500,0.3
32,1029,7,200.0,8192,2865.75,357.35867462158205,0.0003,0.047251992,197.4375457763672,-0.38952910006046293,-0.018935275636613368,0.133984375,0.9043170213699341,7510,0.3
33,1032,8,200.0,8448,2875.9523809523807,444.21058044433596,0.0003,0.010555197,220.26504516601562,-0.4232738047838211,-0.01017527086660266,0.06796875,0.8583903312683105,7520,0.3
34,1027,8,200.0,8704,2880.9302325581393,422.4547943115234,0.0003,0.048268475,196.21664428710938,-0.41978401094675066,-0.016908568108920007,0.11953125,0.887268602848053,7530,0.3
35,1025,8,200.0,8960,2880.0,445.29430236816404,0.0003,0.006332632,220.92575073242188,-0.3565890520811081,-0.007284054905176163,0.021875,0.8670176863670349,7540,0.3
36,1021,9,200.0,9216,2884.3478260869565,730.3431869506836,0.0003,0.026138812,263.05682373046875,-0.3417672723531723,-0.016812661569565533,0.0328125,0.785839319229126,7550,0.3
37,1019,9,200.0,9472,2893.404255319149,630.2156417846679,0.0003,0.00485801,333.5210876464844,-0.4050358563661575,-0.009298130497336387,0.0234375,0.8070991039276123,7560,0.3
38,1018,9,200.0,9728,2892.5,309.5727714538574,0.0003,0.0128366165,130.7158966064453,-0.32786790281534195,-0.0067431865958496925,0.015234375,0.9301989078521729,7570,0.3
39,1014,9,200.0,9984,2901.6326530612246,489.26937713623045,0.0003,0.002365902,173.8990020751953,-0.2976563975214958,-0.0002449030289426446,0.010546875,0.8349434733390808,7580,0.3
40,1015,10,200.0,10240,2909.607843137255,408.630078125,0.0003,0.017644506,209.7145233154297,-0.3949196621775627,-0.00834140763618052,0.044140625,0.8808740377426147,7590,0.3
1,1323,0,200.0,256,3280.0,1042.6985961914063,0.0003,0.011705179,446.15155029296875,-0.3582205638289452,-0.0051515145460143685,0.025390625,0.6959825754165649,7600,0.3
2,1163,0,200.0,512,3164.0,731.6743942260742,0.0003,0.0035330101,332.2490539550781,-1.5132668614387512,-0.0031895356019958853,0.0,0.8028988838195801,7210,0.3
3,1110,0,200.0,768,3196.3333333333335,873.1520965576171,0.0003,0.005094938,421.42462158203125,-1.4977847814559937,-0.0035533470567315818,0.0,0.759543240070343,7220,0.3
4,1089,0,200.0,1024,3228.4,840.8657928466797,0.0003,0.004664953,528.8438110351562,-1.4934081494808198,-0.005228050868026912,0.0,0.7701283693313599,7230,0.3
5,1059,1,200.0,1280,3235.5,855.2267700195313,0.0003,0.02562116,500.51043701171875,-1.5328298032283783,-0.009708962985314429,0.089453125,0.751509428024292,7240,0.3
6,1031,1,200.0,1536,3206.4285714285716,721.9106292724609,0.0003,0.007850337,393.7409362792969,-1.5425398886203765,-0.007531049288809299,0.007421875,0.7939087748527527,7250,0.3
7,1024,1,200.0,1792,3185.375,707.2682510375977,0.0003,0.013184921,365.7396240234375,-1.5644231617450715,-0.010890056123025715,0.021484375,0.7935187816619873,7260,0.3
8,1019,2,200.0,2048,3156.5,664.442350769043,0.0003,0.06803095,310.6899108886719,-1.4551398634910584,-0.018587275967001916,0.09921875,0.8069266676902771,7270,0.3
9,998,2,200.0,2304,3149.4545454545455,921.9073516845704,0.0003,0.0026694145,379.6872253417969,-1.4161248981952668,-0.0050350236240774395,0.0,0.7365618944168091,7280,0.3
10,996,2,200.0,2560,3158.6666666666665,747.0736724853516,0.0003,0.010843571,345.33990478515625,-1.4709661185741425,-0.005907248181756586,0.005859375,0.7690912485122681,7290,0.3
11,1002,2,200.0,2816,3130.6428571428573,647.2903244018555,0.0003,0.018504255,313.3736572265625,-1.4900916457176208,-0.01425913986749947,0.075390625,0.8173413276672363,7300,0.3
12,1003,3,200.0,3072,3126.0,1032.9936279296876,0.0003,0.02164299,592.3094482421875,-1.4663307785987854,-0.009772897325456142,0.04609375,0.6840875148773193,7310,0.3
13,1005,3,200.0,3328,3120.5625,701.6984436035157,0.0003,0.064889155,342.5480651855469,-1.4291125118732453,-0.020180191658437253,0.157421875,0.7931689023971558,7320,0.3
14,1007,3,200.0,3584,3117.294117647059,725.1700927734375,0.0003,0.012660664,397.95294189453125,-1.2834252178668977,-0.008129789982922376,0.012109375,0.8010207414627075,7330,0.3
15,990,3,200.0,3840,3121.2105263157896,1044.3815338134766,0.0003,0.063075535,582.6088256835938,-1.3878498256206513,-0.020040171686559916,0.134765625,0.6969653367996216,7340,0.3
16,988,4,200.0,4096,3129.55,754.5828033447266,0.0003,0.01959334,448.3492126464844,-1.4148128509521485,-0.009560022875666619,0.0375,0.7810496091842651,7350,0.3
17,990,4,200.0,4352,3136.5714285714284,821.5781402587891,0.0003,0.028556038,387.05975341796875,-1.3972297668457032,-0.013722011796198785,0.060546875,0.7667626142501831,7360,0.3
18,991,4,200.0,4608,3087.391304347826,651.7586669921875,0.0003,0.010756989,298.9503479003906,-1.3484085500240326,-0.007893323432654142,0.008984375,0.8098288774490356,7370,0.3
19,989,4,200.0,4864,3085.9583333333335,877.1424896240235,0.0003,0.003534963,335.5153503417969,-1.4533815443515778,-0.001324993302114308,0.0,0.7701961994171143,7380,0.3
20,987,5,200.0,5120,3085.04,862.6553588867188,0.0003,0.0013484294,403.00994873046875,-1.3923705756664275,-0.002605612203478813,0.0,0.7778710126876831,7390,0.3
21,988,5,200.0,5376,3083.576923076923,1017.0634521484375,0.0003,0.0090069445,483.30316162109375,-1.4093229472637177,-0.0051589369308203455,0.01796875,0.7084712386131287,7400,0.3
22,989,5,200.0,5632,3088.714285714286,762.3778839111328,0.0003,0.0090262005,330.74407958984375,-1.4712870061397552,-0.009659483004361391,0.015625,0.7878250479698181,7410,0.3
23,982,5,200.0,5888,3079.448275862069,650.234895324707,0.0003,0.01569203,237.65341186523438,-1.4114897906780244,-0.015820646379143,0.06484375,0.8073874711990356,7420,0.3
24,981,6,200.0,6144,3077.4333333333334,790.5119598388671,0.0003,0.007087607,444.5493469238281,-1.4386692881584167,-0.0050303750205785034,0.00625,0.7710656523704529,7430,0.3
25,982,6,200.0,6400,3037.78125,628.4174819946289,0.0003,0.03565845,402.71435546875,-1.4811790823936462,-0.012425054819323123,0.0796875,0.833561360836029,7440,0.3
26,983,6,200.0,6656,2958.181818181818,780.9158828735351,0.0003,0.013201406,337.0834655761719,-1.6099617600440979,-0.00658866127487272,0.003125,0.6740890741348267,7450,0.3
27,985,7,200.0,6912,2961.735294117647,339.94344940185545,0.0003,0.030338522,171.59873962402344,-1.6691620528697968,-0.008555882005020976,0.109375,0.9055577516555786,7460,0.3
28,985,7,200.0,7168,2965.0285714285715,722.2236145019531,0.0003,0.0019176158,330.6326599121094,-1.5965960919857025,-0.002202000888064504,0.0,0.7943638563156128,7470,0.3
29,986,7,200.0,7424,2957.4594594594596,855.2209259033203,0.0003,0.009676741,447.0635986328125,-1.5709219694137573,-0.009899434261023998,0.012890625,0.7478954792022705,7480,0.3
30,987,7,200.0,7680,2959.842105263158,928.8200531005859,0.0003,0.01999004,472.4408874511719,-1.5992982864379883,-0.010207281867042183,0.015234375,0.7222299575805664,7490,0.3
31,986,8,200.0,7936,2968.923076923077,621.5659576416016,0.0003,0.025557034,292.3865966796875,-1.528756183385849,-0.005670970538631082,0.033203125,0.8327196836471558,7500,0.3
32,987,8,200.0,8192,2976.275,783.4468353271484,0.0003,0.014473868,507.8157653808594,-1.5271601974964142,-0.0074035261757671835,0.061328125,0.7639645338058472,7510,0.3
33,984,8,200.0,8448,2973.1190476190477,579.2535552978516,0.0003,0.012039899,282.8332214355469,-1.568230187892914,-0.008975149504840374,0.01171875,0.8302422761917114,7520,0.3
34,985,8,200.0,8704,2974.9302325581393,722.8816772460938,0.0003,0.019816993,330.020263671875,-1.5229114711284637,-0.012170570134185255,0.034375,0.793738842010498,7530,0.3
35,985,9,200.0,8960,2971.0,640.4231063842774,0.0003,0.047665976,343.96533203125,-1.4991741597652435,-0.013052154565230012,0.12109375,0.8149062395095825,7540,0.3
36,980,9,200.0,9216,2979.6739130434785,614.2489593505859,0.0003,0.017923346,297.2436218261719,-1.4861425161361694,-0.010129822650924325,0.0296875,0.8309417963027954,7550,0.3
37,977,9,200.0,9472,2986.595744680851,1028.498583984375,0.0003,0.0670142,651.0172729492188,-1.5761434674263,-0.020581976929679512,0.110546875,0.6860675811767578,7560,0.3
38,976,9,200.0,9728,2927.3125,738.5720062255859,0.0003,0.0036652996,355.41754150390625,-1.398918777704239,-0.003933154349215329,0.00546875,0.7777175903320312,7570,0.3
39,977,10,200.0,9984,2930.1632653061224,873.2068450927734,0.0003,0.00025028875,298.4576110839844,-0.9985679537057877,0.0004015403566882014,0.0,0.7540233731269836,7580,0.3
40,980,10,200.0,10240,2935.843137254902,770.3108581542969,0.0003,0.0072249873,433.3398742675781,-1.4654142320156098,-0.008793613803572953,0.015625,0.7746913433074951,7590,0.3
1,1333,0,200.0,256,3100.0,874.2718627929687,0.0003,0.014501637,570.65625,-1.4881666898727417,-0.012553948815912009,0.04921875,0.7270439863204956,7600,0.3
2,1164,0,200.0,512,3215.0,400.808283996582,0.0003,0.011085571,170.75717163085938,-0.32951127290725707,-0.009137749625369906,0.050390625,0.8855005502700806,7610,0.3
3,1137,0,200.0,768,3246.6666666666665,398.30462341308595,0.0003,0.037770882,220.4408721923828,-0.3353254824876785,-0.006045669293962419,0.051953125,0.8815251588821411,7620,0.3
4,1088,0,200.0,1024,3220.0,463.0224494934082,0.0003,0.009187833,164.7174835205078,-0.4027627527713776,-0.006298401742242277,0.016796875,0.8728570938110352,7630,0.3
5,1069,1,200.0,1280,3193.3333333333335,445.2088363647461,0.0003,0.0097246,180.2925262451172,-0.43481786400079725,-0.006191228865645826,0.02109375,0.8587555289268494,7640,0.3
6,1066,1,200.0,1536,3177.1428571428573,331.8620910644531,0.0003,0.03272858,200.46633911132812,-0.43178170919418335,-0.011369215650483966,0.05859375,0.9104071259498596,7650,0.3
7,1060,1,200.0,1792,3162.5,432.9955368041992,0.0003,0.042892553,139.98480224609375,-0.4639658883213997,-0.016564883338287473,0.078125,0.8604940176010132,7660,0.3
8,1057,1,200.0,2048,3124.0,325.2866638183594,0.0003,0.023674818,135.3718719482422,-0.43744242042303083,-0.004392596567049623,0.032421875,0.9087388515472412,7670,0.3
9,1058,2,200.0,2304,3119.090909090909,550.3960006713867,0.0003,0.019804813,214.8830108642578,-0.5198760569095612,-0.008562655164860189,0.038671875,0.8414516448974609,7680,0.3
10,1054,2,200.0,2560,3115.0,273.21471176147463,0.0003,0.012306686,159.3809051513672,-0.48744557350873946,-0.01520163738168776,0.10390625,0.9210830330848694,7690,0.3
11,1051,2,200.0,2816,3094.285714285714,230.78753280639648,0.0003,0.023828924,117.96315002441406,-0.4879071116447449,-0.009471232607029378,0.05078125,0.9310669898986816,7700,0.3
12,1045,2,200.0,3072,3044.0,753.7469940185547,0.0003,0.004317524,319.5976867675781,-0.5390277415513992,-0.0007804328808560968,0.0015625,0.75261390209198,7710,0.3
13,1047,3,200.0,3328,3017.5,513.0260635375977,0.0003,0.0045633605,205.58140563964844,-0.5069864198565484,-0.007506598043255508,0.005859375,0.8548770546913147,7720,0.3
14,1043,3,200.0,3584,3020.0,424.06937103271486,0.0003,0.0028512268,253.0411834716797,-0.5046566799283028,-0.00557283682283014,0.02578125,0.8713710904121399,7730,0.3
15,1041,3,200.0,3840,3013.684210526316,443.06463928222655,0.0003,0.1146636,199.1522216796875,-0.4231348231434822,-0.02413920748513192,0.18671875,0.8864519596099854,7740,0.3
16,1043,3,200.0,4096,3016.0,739.0486511230469,0.0003,0.0032377432,301.242919921875,-0.34264621138572693,-0.0043585894396528605,0.0046875,0.770728349685669,7750,0.3
17,1041,4,200.0,4352,2969.0476190476193,321.29866256713865,0.0003,0.0057156365,145.3934326171875,-0.3500767365098,-0.005635050963610411,0.016015625,0.9027568697929382,7760,0.3
18,1040,4,200.0,4608,2988.2608695652175,1186.8415466308593,0.0003,0.0042676567,348.1336975097656,-0.3640977844595909,0.0014328342862427236,0.012109375,0.6600003838539124,7770,0.3
19,1039,4,200.0,4864,3001.6666666666665,434.8053802490234,0.0003,0.002321226,223.88853454589844,-0.30655846297740935,-0.003186430549249053,0.00234375,0.8956911563873291,7780,0.3
20,1031,4,200.0,5120,2984.4,272.18726959228513,0.0003,0.008820081,158.88282775878906,-0.28245465755462645,-0.005053169862367213,0.011328125,0.9227193593978882,7790,0.3
21,1028,5,200.0,5376,2968.076923076923,816.0317230224609,0.0003,0.009342978,290.2469482421875,-0.3616820931434631,-0.0070120327873155475,0.015625,0.7619503140449524,7800,0.3
22,998,5,200.0,5632,2950.714285714286,624.5351333618164,0.0003,0.013868138,227.07278442382812,-0.33615281581878664,-0.008876084233634174,0.027734375,0.8171773552894592,7810,0.3
23,995,5,200.0,5888,2955.862068965517,541.427001953125,0.0003,0.020249203,199.20228576660156,-0.3955274119973183,-0.009274924255441875,0.041796875,0.842278242111206,7820,0.3
24,991,6,200.0,6144,2959.6666666666665,739.8188293457031,0.0003,0.002308388,331.31634521484375,-0.28611610159277917,-0.0011389554012566805,0.007421875,0.7979742288589478,7830,0.3
25,985,6,200.0,6400,2945.3125,226.8735023498535,0.0003,0.022073854,118.45282745361328,-0.332808855175972,-0.00786596634425223,0.03359375,0.927566647529602,7840,0.3
26,977,6,200.0,6656,2948.787878787879,512.2551727294922,0.0003,0.06014187,262.96942138671875,-0.4714878544211388,-0.011412225291132927,0.111328125,0.8481802344322205,7850,0.3
27,978,7,200.0,6912,2946.176470588235,247.02857208251953,0.0003,0.032356113,109.41584014892578,-0.4867979660630226,-0.012600896367803215,0.0859375,0.9339924454689026,7860,0.3
28,976,7,200.0,7168,2950.5714285714284,641.4564331054687,0.0003,0.008163496,142.96295166015625,-0.5201161444187165,-0.005183359491638839,0.058984375,0.8116415739059448,7870,0.3
29,978,7,200.0,7424,2951.6216216216217,697.8184631347656,0.0003,0.059311382,420.99468994140625,-0.4162419244647026,-0.008945014025084675,0.170703125,0.8081315159797668,7880,0.3
30,978,7,200.0,7680,2955.0,591.1005508422852,0.0003,0.030290317,299.2115478515625,-0.4652115270495415,-0.01162042054347694,0.075390625,0.8347673416137695,7890,0.3
31,980,8,200.0,7936,2926.923076923077,289.0635078430176,0.0003,0.05805779,119.75314331054688,-0.5538407951593399,-0.015622123866342008,0.117578125,0.9174079298973083,7900,0.3
32,979,8,200.0,8192,2931.5,455.71946411132814,0.0003,0.021355469,215.760986328125,-0.5557928562164307,-0.01734868627972901,0.059765625,0.8743934035301208,7910,0.3
33,982,8,200.0,8448,2939.0476190476193,323.9193908691406,0.0003,0.0148038305,154.6286163330078,-0.4601877495646477,-0.005812366335885599,0.022265625,0.8994532227516174,7920,0.3
34,982,8,200.0,8704,2942.093023255814,689.8752471923829,0.0003,0.020919967,353.5422668457031,-0.46538583040237425,-0.008454511896707118,0.071484375,0.8099108934402466,7930,0.3
35,984,9,200.0,8960,2945.681818181818,189.50797576904296,0.0003,0.029188376,64.94410705566406,-0.4193015694618225,-0.017065622052177785,0.106640625,0.9401142597198486,7940,0.3
36,985,9,200.0,9216,2915.0,617.6193664550781,0.0003,0.026577506,376.3313293457031,-0.4201833039522171,-0.0026926856953650713,0.046875,0.8172398805618286,7950,0.3
37,987,9,200.0,9472,2912.978723404255,640.7042877197266,0.0003,0.015802667,217.64601135253906,-0.46348575353622434,-0.006070860335603357,0.019140625,0.8113469481468201,7960,0.3
38,987,9,200.0,9728,2911.4583333333335,552.0282852172852,0.0003,0.024601197,311.10174560546875,-0.4848182499408722,-0.0302963868714869,0.12265625,0.8972935676574707,7970,0.3
39,989,10,200.0,9984,2919.591836734694,377.28113021850584,0.0003,0.023238156,200.33285522460938,-0.39584360718727113,-0.005668150959536433,0.0578125,0.8895935416221619,7980,0.3
40,989,10,200.0,10240,2911.764705882353,311.91782150268557,0.0003,0.03161556,149.43942260742188,-0.426519387960434,-0.008874212019145488,0.0546875,0.9151109457015991,7990,0.3
1,1291,0,200.0,256,2593.0,499.3001251220703,0.0003,0.012680923,246.20986938476562,-0.46481695473194123,-0.005713516916148365,0.0453125,0.8725906610488892,8000,0.3
2,1141,0,200.0,512,2809.0,868.9909973144531,0.0003,0.021859188,460.2606201171875,-1.437241804599762,-0.011898883967660367,0.06015625,0.7534635663032532,7610,0.3
3,1100,0,200.0,768,2897.6666666666665,513.474479675293,0.0003,0.015278002,163.8798065185547,-1.4966228306293488,-0.009636274399235844,0.012890625,0.8613656759262085,7620,0.3
4,1098,0,200.0,1024,2807.2,1000.0948211669922,0.0003,0.014913908,499.603759765625,-1.5875737607479095,-0.005886710248887539,0.027734375,0.7130317687988281,7630,0.3
5,1078,1,200.0,1280,2812.8333333333335,584.3245315551758,0.0003,0.01950775,244.7078094482422,-1.583355039358139,-0.008573298575356603,0.0265625,0.8449838757514954,7640,0.3
6,1077,1,200.0,1536,2850.8571428571427,786.0503204345703,0.0003,0.0040263426,271.01251220703125,-1.5945704758167267,-0.0030670456239022315,0.0,0.7475965023040771,7650,0.3
7,1074,1,200.0,1792,2874.375,774.2210083007812,0.0003,0.006190179,320.08868408203125,-1.6029361605644226,-0.006342787388712167,0.005859375,0.7621783018112183,7660,0.3
8,1059,1,200.0,2048,2915.3,552.0347839355469,0.0003,0.035998628,312.2987365722656,-1.520876681804657,-0.011724631255492567,0.0546875,0.8459793925285339,7670,0.3
9,1052,2,200.0,2304,2925.4545454545455,964.1200592041016,0.0003,0.021587174,449.8962097167969,-1.5313063144683838,-0.018393761850893496,0.05703125,0.7093883752822876,7680,0.3
10,1053,2,200.0,2560,2916.75,481.3906753540039,0.0003,0.014468428,238.94033813476562,-1.4647354245185853,-0.010194447229150683,0.024609375,0.8602719902992249,7690,0.3
11,1053,2,200.0,2816,2952.214285714286,565.8387344360351,0.0003,0.0117048435,217.079345703125,-1.481705939769745,-0.009105882630683482,0.019140625,0.831728994846344,7700,0.3
12,1054,2,200.0,3072,2959.9333333333334,522.7751647949219,0.0003,0.041846685,243.82972717285156,-1.4901854038238525,-0.016843559709377585,0.1328125,0.8462852239608765,7710,0.3
13,1055,3,200.0,3328,2967.125,672.7412139892579,0.0003,0.0062177577,356.096435546875,-1.4606945157051086,-0.009829301200807095,0.007421875,0.7990145087242126,7720,0.3
14,1053,3,200.0,3584,2973.823529411765,1031.4721618652343,0.0003,0.004380209,475.9271545410156,-1.4470901489257812,-0.004040373116731643,0.000390625,0.6860354542732239,7730,0.3
15,1046,3,200.0,3840,2983.842105263158,682.6926498413086,0.0003,0.016145077,245.3265380859375,-1.4472470939159394,-0.006455390900373459,0.017578125,0.7906638383865356,7740,0.3
16,1046,3,200.0,4096,2963.0,548.7479293823242,0.0003,0.007314216,269.6640625,-1.39042689204216,-0.004870777460746467,0.00078125,0.8338272571563721,7750,0.3
17,1043,4,200.0,4352,2966.809523809524,469.9687805175781,0.0003,0.019407582,186.918701171875,-1.389957731962204,-0.009070694935508073,0.01796875,0.871511697769165,7760,0.3
18,1040,4,200.0,4608,2973.3478260869565,378.71331176757815,0.0003,0.015663492,207.42453002929688,-1.3629114985466004,-0.009316161531023682,0.054296875,0.8976501822471619,7770,0.3
19,1042,4,200.0,4864,2968.0,542.5733764648437,0.0003,0.008093877,246.45419311523438,-1.310874879360199,-0.007248252676799893,0.013671875,0.856113612651825,7780,0.3
20,1042,4,200.0,5120,2970.72,703.6969299316406,0.0003,0.016157545,331.65960693359375,-1.372029960155487,-0.008972899056971073,0.015625,0.7816359996795654,7790,0.3
21,1042,5,200.0,5376,2965.576923076923,493.0423110961914,0.0003,0.014715051,226.05029296875,-1.3770533800125122,-0.005383149976842106,0.01640625,0.8607579469680786,7800,0.3
22,1007,5,200.0,5632,2973.285714285714,743.9693817138672,0.0003,0.002352792,401.2335205078125,-1.3906534314155579,-0.003437781147658825,0.0,0.7701488733291626,7810,0.3
23,1008,5,200.0,5888,2976.103448275862,550.3768768310547,0.0003,0.03956867,262.6675109863281,-1.4256997466087342,-0.012200262537226081,0.079296875,0.8274968862533569,7820,0.3
24,1009,6,200.0,6144,2978.133333333333,501.8153671264648,0.0003,0.027074194,229.62582397460938,-1.4116479098796844,-0.010973696410655976,0.029296875,0.8649603128433228,7830,0.3
25,1010,6,200.0,6400,2976.6875,373.4170837402344,0.0003,0.0111714285,191.33059692382812,-1.4385468423366548,-0.005418781493790448,0.01015625,0.8945686221122742,7840,0.3
26,1010,6,200.0,6656,2979.242424242424,661.3661895751953,0.0003,0.005718648,253.12179565429688,-1.4659060716629029,-0.00773105698172003,0.004296875,0.8034400939941406,7850,0.3
27,1012,6,200.0,6912,2987.764705882353,469.4640167236328,0.0003,0.025160667,225.2822723388672,-1.445324969291687,-0.008209433872252703,0.0328125,0.868288516998291,7860,0.3
28,1014,7,200.0,7168,2990.2571428571428,375.8879821777344,0.0003,0.005685013,176.0358123779297,-1.4756950974464416,-0.00455180921126157,0.012109375,0.904604434967041,7870,0.3
29,1015,7,200.0,7424,2993.6216216216217,590.0468780517579,0.0003,0.01520002,254.27197265625,-1.3740441381931305,-0.02143483911640942,0.07109375,0.8190079927444458,7880,0.3
30,1014,7,200.0,7680,3002.0263157894738,485.27073059082034,0.0003,0.0273813,317.1256408691406,-1.3853390157222747,-0.01266613369807601,0.053515625,0.8565776944160461,7890,0.3
31,1011,7,200.0,7936,3004.051282051282,513.0787368774414,0.0003,0.01917312,151.3786163330078,-1.2147802412509918,-0.008381882205139846,0.034375,0.854130744934082,7900,0.3
32,1012,8,200.0,8192,3011.525,647.9518173217773,0.0003,0.03144504,258.20758056640625,-1.2536438167095185,-0.018294965056702493,0.07265625,0.81186443567276,7910,0.3
33,1012,8,200.0,8448,3018.595238095238,663.8300140380859,0.0003,0.009789605,228.96255493164062,-1.2393954932689666,-0.01239000295754522,0.004296875,0.8064327836036682,7920,0.3
34,1012,8,200.0,8704,3024.5581395348836,550.469694519043,0.0003,0.01407555,295.8392028808594,-1.294532263278961,-0.0037309383042156696,0.01875,0.83598792552948,7930,0.3
35,1013,8,200.0,8960,3030.25,433.244287109375,0.0003,0.022219377,172.17733764648438,-1.264179140329361,-0.005820231838151812,0.040234375,0.8897124528884888,7940,0.3
36,1014,9,200.0,9216,3041.108695652174,403.02573852539064,0.0003,0.01568006,223.1435089111328,-1.2622431218624115,-0.008276825537905097,0.025,0.888202428817749,7950,0.3
37,1014,9,200.0,9472,3030.808510638298,474.7969497680664,0.0003,0.0075335326,265.4237060546875,-1.339410161972046,-0.007062202459201217,0.0,0.8615611791610718,7960,0.3
38,1014,9,200.0,9728,3031.5208333333335,411.4843246459961,0.0003,0.0048897695,193.7801971435547,-1.182397222518921,-0.0018773634452372789,0.0015625,0.8867190480232239,7970,0.3
39,1015,9,200.0,9984,3036.3673469387754,624.03408203125,0.0003,0.008355733,243.89688110351562,-1.3584319233894349,-0.00789278105366975,0.002734375,0.8304798603057861,7980,0.3
40,1014,10,200.0,10240,3013.4901960784314,407.0403564453125,0.0003,0.012042568,186.88131713867188,-1.3982853233814239,-0.0060255560092628,0.023828125,0.8809653520584106,7990,0.3
1,1200,0,200.0,256,3310.0,2118.1066284179688,0.0003,0.0007316987,556.9462280273438,-1.478727686405182,-0.0016683690017089247,0.0,0.4569641351699829,8000,0.3
2,1116,0,200.0,512,3190.0,218.44692306518556,0.0003,0.007818786,100.56779479980469,-0.4079208314418793,-0.00574534903280437,0.016015625,0.9272224307060242,8010,0.3
3,1084,0,200.0,768,3160.0,321.71900939941406,0.0003,0.014585836,106.24542236328125,-0.40994358956813814,-0.00690165082924068,0.046875,0.8883972764015198,8020,0.3
4,1052,0,200.0,1024,3184.0,593.4455917358398,0.0003,0.001533628,385.43096923828125,-0.32732357531785966,0.0002485742792487144,0.001953125,0.8273594975471497,8030,0.3
5,1040,1,200.0,1280,3206.6666666666665,848.0754180908203,0.0003,0.029541839,280.5911865234375,-0.3284087762236595,-0.005295037687756121,0.076171875,0.7430719137191772,8040,0.3
6,1043,1,200.0,1536,3118.5714285714284,415.63141479492185,0.0003,0.012563014,178.31517028808594,-0.31747857928276063,-0.0036040586652234196,0.015234375,0.8734474182128906,8050,0.3
7,1044,1,200.0,1792,3146.25,282.0916046142578,0.0003,0.0030185264,141.74542236328125,-0.3501785770058632,-0.0018623273354023695,0.00546875,0.9118272662162781,8060,0.3
8,1041,1,200.0,2048,3156.0,462.34825897216797,0.0003,0.0038855143,232.42196655273438,-0.32651877850294114,-0.0022420438239350916,0.01484375,0.8559315204620361,8070,0.3
9,1037,2,200.0,2304,3170.0,455.9945587158203,0.0003,0.008253256,199.75079345703125,-0.3662111535668373,-0.009498890489339828,0.02265625,0.8610041737556458,8080,0.3
10,1038,2,200.0,2560,3180.8333333333335,242.91201477050782,0.0003,0.02090483,103.8836898803711,-0.2923296868801117,-0.012349758204072714,0.142578125,0.9319484233856201,8090,0.3
11,1037,2,200.0,2816,3166.4285714285716,253.19192504882812,0.0003,0.0033723835,93.49115753173828,-0.32823152244091036,-0.0036968154832720756,0.006640625,0.9229468107223511,8100,0.3
12,1037,2,200.0,3072,3178.0,800.5815475463867,0.0003,0.020528838,558.266357421875,-0.30180392116308213,-0.007488627079874277,0.040234375,0.7734904289245605,8110,0.3
13,1038,3,200.0,3328,3185.625,670.9370239257812,0.0003,0.0046905363,335.9015197753906,-0.30423192381858827,-0.0004301254404708743,0.021875,0.8160216808319092,8120,0.3
14,1037,3,200.0,3584,3192.9411764705883,197.40039024353027,0.0003,0.01574514,107.99002075195312,-0.3248064950108528,-0.016244277288205922,0.0328125,0.9329380989074707,8130,0.3
15,1036,3,200.0,3840,3206.315789473684,185.14226608276368,0.0003,0.0072238697,90.24158477783203,-0.3023408606648445,-0.0028433583152946084,0.035546875,0.9462857842445374,8140,0.3
16,1038,3,200.0,4096,3189.0,475.2477767944336,0.0003,0.023749925,158.56112670898438,-0.3170636802911758,-0.008853469998575747,0.054296875,0.8516435623168945,8150,0.3
17,1033,4,200.0,4352,3194.285714285714,604.0958206176758,0.0003,0.0034087054,167.2576904296875,-0.28105297312140465,-0.0007735196501016617,0.002734375,0.8114578127861023,8160,0.3
18,1033,4,200.0,4608,3203.913043478261,296.27438125610354,0.0003,0.013616305,112.06854248046875,-0.27103215381503104,-0.016426136577501894,0.098046875,0.9135560989379883,8170,0.3
19,1034,4,200.0,4864,3207.9166666666665,230.0154022216797,0.0003,0.024359494,84.87249755859375,-0.3215669944882393,-0.01119520862121135,0.071875,0.9310075640678406,8180,0.3
20,1034,4,200.0,5120,3212.0,151.20110588073732,0.0003,0.04634542,72.48342895507812,-0.2863847479224205,-0.014971593813970684,0.133984375,0.9537847638130188,8190,0.3
21,1035,5,200.0,5376,3215.3846153846152,213.97042541503907,0.0003,0.0064952644,127.26641082763672,-0.33315234929323195,-0.005730386590585113,0.022265625,0.9361843466758728,8200,0.3
22,1034,5,200.0,5632,3206.4285714285716,146.53095626831055,0.0003,0.011323199,49.062076568603516,-0.354627799987793,-0.01878526099026203,0.075,0.9522103071212769,8210,0.3
23,1035,5,200.0,5888,3210.344827586207,529.1067825317383,0.0003,0.021254554,283.255859375,-0.3743797838687897,-0.011345735774375499,0.081640625,0.8343380689620972,8220,0.3
24,1033,5,200.0,6144,3206.6666666666665,213.37614898681642,0.0003,0.023253953,57.45167922973633,-0.32358561754226683,-0.011044996650889516,0.103515625,0.9384382367134094,8230,0.3
25,1032,6,200.0,6400,3213.75,321.9108085632324,0.0003,0.007114866,100.8583755493164,-0.3345142722129822,-0.002848754730075598,0.015625,0.8981499671936035,8240,0.3
26,1033,6,200.0,6656,3216.3636363636365,544.241830444336,0.0003,0.0035362975,201.6692657470703,-0.29119561016559603,-0.002521686314139515,0.008984375,0.8332523703575134,8250,0.3
27,1033,6,200.0,6912,3212.9411764705883,191.36687698364258,0.0003,0.022681922,74.16771697998047,-0.35234497040510177,-0.010515367053449154,0.0734375,0.9418630599975586,8260,0.3
28,1033,6,200.0,7168,3216.5714285714284,315.0067054748535,0.0003,0.013894522,131.9801483154297,-0.31329166144132614,-0.0007793911383487285,0.092578125,0.8907030820846558,8270,0.3
29,1032,7,200.0,7424,3216.4864864864867,428.3701766967773,0.0003,0.01565601,263.6181945800781,-0.3040806159377098,-0.005098807625472546,0.041796875,0.8752302527427673,8280,0.3
30,1032,7,200.0,7680,3212.3684210526317,466.5039001464844,0.0003,0.04645711,182.61769104003906,-0.394315792620182,-0.012554934667423367,0.09765625,0.8584991097450256,8290,0.3
31,1033,7,200.0,7936,3215.641025641026,185.43988418579102,0.0003,0.014252835,68.3683090209961,-0.34300181120634077,-0.012928710109554232,0.088671875,0.9462931752204895,8300,0.3
32,1032,7,200.0,8192,3212.75,398.91926727294924,0.0003,0.003489272,192.61317443847656,-0.3118150383234024,-0.0030011864844709637,0.02734375,0.8711059093475342,8310,0.3
33,1028,8,200.0,8448,3218.095238095238,547.5055160522461,0.0003,0.001475862,89.25184631347656,-0.34235267639160155,-0.0006359227700158954,0.00390625,0.8335824012756348,8320,0.3
34,1027,8,200.0,8704,3220.0,471.66931304931643,0.0003,0.013887238,226.31053161621094,-0.37956108152866364,-0.003759828908368945,0.047265625,0.8579849600791931,8330,0.3
35,1025,8,200.0,8960,3221.818181818182,326.76034393310545,0.0003,0.06636342,172.2492218017578,-0.41136561185121534,-0.012427041190676391,0.073828125,0.9089797735214233,8340,0.3
36,1022,9,200.0,9216,3220.8695652173915,208.38582763671874,0.0003,0.0030924517,77.01526641845703,-0.48363471031188965,-0.003708612034097314,0.016796875,0.9361821413040161,8350,0.3
37,1022,9,200.0,9472,3212.553191489362,350.94062728881835,0.0003,0.026725797,206.64230346679688,-0.43106117099523544,-0.013023901241831481,0.11953125,0.8864854574203491,8360,0.3
38,1023,9,200.0,9728,3214.5833333333335,227.06965827941895,0.0003,0.023712458,113.66726684570312,-0.46047319620847704,-0.010940431803464889,0.08515625,0.945114016532898,8370,0.3
39,1023,9,200.0,9984,3211.4285714285716,269.794856262207,0.0003,0.062425405,124.30827331542969,-0.3568602755665779,-0.009583425940945745,0.12890625,0.9173601269721985,8380,0.3
40,1023,10,200.0,10240,3211.372549019608,143.65898246765136,0.0003,0.028189085,54.152339935302734,-0.28767786249518396,-0.00737345153465867,0.068359375,0.9538278579711914,8390,0.3
1,1327,0,200.0,256,3275.0,453.40306091308594,0.0003,0.023870185,132.5812530517578,-0.3192474663257599,-0.015094155305996537,0.052734375,0.882700502872467,8400,0.3
2,1138,0,200.0,512,3276.0,450.3640609741211,0.0003,0.00017609377,229.1343231201172,-1.409066665172577,-0.00037449232768267394,0.0,0.894146740436554,8010,0.3
3,1096,0,200.0,768,3287.0,348.5427070617676,0.0003,0.055931013,141.11911010742188,-1.426342213153839,-0.018503740592859686,0.144921875,0.9043287634849548,8020,0.3
4,1074,0,200.0,1024,3289.8,726.6477340698242,0.0003,0.011243919,312.2104797363281,-1.3051778256893158,-0.008794523682445288,0.00703125,0.7840482592582703,8030,0.3
5,1068,1,200.0,1280,3286.0,787.3936340332032,0.0003,0.054614577,260.5630798339844,-1.3492264986038207,-0.011976649146527052,0.104296875,0.7639176845550537,8040,0.3
6,1060,1,200.0,1536,3253.5714285714284,360.6080947875977,0.0003,0.0079736905,170.7015380859375,-1.446379965543747,-0.009839417645707726,0.0046875,0.8987279534339905,8050,0.3
7,1051,1,200.0,1792,3225.75,523.5974258422851,0.0003,0.007098783,279.6405944824219,-1.4723344087600707,-0.002883348218165338,0.0,0.8503739237785339,8060,0.3
8,1044,1,200.0,2048,3213.8,263.55190658569336,0.0003,0.015361824,135.9081573486328,-1.476215660572052,-0.010776503651868552,0.010546875,0.9184170961380005,8070,0.3
9,1039,2,200.0,2304,3214.4545454545455,409.6100799560547,0.0003,0.04225094,186.33045959472656,-1.476166993379593,-0.02300854690838605,0.094921875,0.8789075016975403,8080,0.3
10,1036,2,200.0,2560,3219.8333333333335,754.2269775390625,0.0003,0.008274004,419.7286071777344,-1.344609558582306,-0.00989366164430976,0.016796875,0.7665858268737793,8090,0.3
11,1031,2,200.0,2816,3242.5714285714284,572.1048980712891,0.0003,0.013903813,211.75340270996094,-1.3233208656311035,-0.0033793591894209383,0.007421875,0.8627339005470276,8100,0.3
12,1027,2,200.0,3072,3244.866666666667,404.9555946350098,0.0003,0.01766869,234.9537353515625,-1.3325704395771027,-0.010816159436944871,0.026171875,0.8716670274734497,8110,0.3
13,1025,3,200.0,3328,3248.5,399.9093643188477,0.0003,0.06239555,212.6126251220703,-1.3262837052345275,-0.01190281668677926,0.11015625,0.8798115849494934,8120,0.3
14,1022,3,200.0,3584,3251.705882352941,619.5554992675782,0.0003,0.010983906,362.08416748046875,-1.3686181128025054,-0.004135295399464667,0.037109375,0.8113973140716553,8130,0.3
15,1022,3,200.0,3840,3257.315789473684,662.5888580322265,0.0003,0.0012403924,339.35723876953125,-1.3517086386680603,-0.0010902644251473248,0.0,0.8083034753799438,8140,0.3
16,1018,4,200.0,4096,3258.5,796.5195022583008,0.0003,0.01497346,530.0625,-1.3429994881153107,-0.008186215674504638,0.009765625,0.7540757656097412,8150,0.3
17,1015,4,200.0,4352,3259.7619047619046,365.78173751831054,0.0003,0.03370959,195.2543487548828,-1.4550818622112274,-0.005322107393294573,0.043359375,0.909397542476654,8160,0.3
18,1014,4,200.0,4608,3187.695652173913,451.2363800048828,0.0003,0.001653577,175.1319580078125,-1.1517216503620147,-0.0014236359857022762,0.0,0.8829307556152344,8170,0.3
19,1012,4,200.0,4864,3192.8333333333335,343.1382400512695,0.0003,0.014285063,156.0876007080078,-1.1250748336315155,-0.004183541308157146,0.009375,0.9169390201568604,8180,0.3
20,1002,5,200.0,5120,3205.8,439.9288070678711,0.0003,0.0058552586,246.73248291015625,-1.3591451942920685,-0.0026948864106088877,0.0,0.8629364967346191,8190,0.3
21,998,5,200.0,5376,3208.1923076923076,326.75075302124026,0.0003,0.097697705,176.92654418945312,-1.3109012484550475,-0.02059371485374868,0.185546875,0.9112957715988159,8200,0.3
22,993,5,200.0,5632,3215.3928571428573,356.8930152893066,0.0003,0.021497073,217.88555908203125,-1.3990979731082915,-0.004145230446010828,0.031640625,0.9029587507247925,8210,0.3
23,986,5,200.0,5888,3217.5172413793102,774.743504333496,0.0003,0.013493191,379.2698059082031,-1.3922324478626251,-0.008563320711255073,0.009765625,0.7627143859863281,8220,0.3
24,985,6,200.0,6144,3219.633333333333,233.74949417114257,0.0003,0.009519852,94.78016662597656,-1.4327913403511048,-0.005263649788685143,0.000390625,0.9409487843513489,8230,0.3
25,988,6,200.0,6400,3216.5,324.07596282958986,0.0003,0.031055994,196.49200439453125,-1.306908667087555,-0.011332097137346864,0.049609375,0.9059939384460449,8240,0.3
26,989,6,200.0,6656,3211.4848484848485,314.3017517089844,0.0003,0.025453404,161.90866088867188,-1.1150945663452148,-0.011298248125240207,0.030859375,0.9073594212532043,8250,0.3
27,988,6,200.0,6912,3213.6470588235293,237.69878158569335,0.0003,0.014913365,130.7308349609375,-1.1095221936702728,-0.008136151451617479,0.02421875,0.9308880567550659,8260,0.3
28,989,7,200.0,7168,3209.1714285714284,235.08506698608397,0.0003,0.0057184882,106.1073989868164,-1.22269806265831,-0.007979949947912245,0.0125,0.9293005466461182,8270,0.3
29,989,7,200.0,7424,3194.4054054054054,236.9892463684082,0.0003,0.016460309,118.6286849975586,-1.2568127036094665,-0.00696319607377518,0.028515625,0.9301348328590393,8280,0.3
30,989,7,200.0,7680,3196.5,719.2068710327148,0.0003,0.0033059777,284.5234680175781,-1.347113412618637,-0.003575485001783818,0.0,0.7811238765716553,8290,0.3
31,990,8,200.0,7936,3198.7948717948716,336.1461975097656,0.0003,0.0023116097,138.92465209960938,-1.3358830034732818,-0.002982860687188804,0.0,0.9176101088523865,8300,0.3
32,991,8,200.0,8192,3200.8,278.91679763793945,0.0003,0.009227388,131.5867156982422,-1.3712846875190734,-0.0061249062942806635,0.007421875,0.9202791452407837,8310,0.3
33,992,8,200.0,8448,3189.0,182.93320693969727,0.0003,0.045137383,92.3442611694336,-1.3161182284355164,-0.023941301414743064,0.105859375,0.9431982040405273,8320,0.3
34,994,8,200.0,8704,3185.5581395348836,402.34618988037107,0.0003,0.042479448,172.93133544921875,-1.31375492811203,-0.014372886123601348,0.066796875,0.8725884556770325,8330,0.3
35,994,9,200.0,8960,3187.7727272727275,207.45257949829102,0.0003,0.0038597677,77.29202270507812,-1.3561900913715363,-0.0010094991652294994,0.0,0.9516106843948364,8340,0.3
36,994,9,200.0,9216,3192.5652173913045,217.89676895141602,0.0003,0.023061534,69.19540405273438,-1.3580089330673217,-0.011079399066511541,0.05390625,0.9374959468841553,8350,0.3
37,995,9,200.0,9472,3194.255319148936,562.9786178588868,0.0003,0.0777325,274.7696228027344,-1.4225217998027802,-0.022337132343091072,0.161328125,0.8267766237258911,8360,0.3
38,995,9,200.0,9728,3195.7291666666665,258.73534393310547,0.0003,0.026781188,141.60643005371094,-1.389523023366928,-0.015652660140767695,0.098828125,0.9311449527740479,8370,0.3
39,995,10,200.0,9984,3202.081632653061,311.60458221435545,0.0003,0.026174895,151.16461181640625,-1.429538506269455,-0.006918696605134755,0.05390625,0.9114604592323303,8380,0.3
40,996,10,200.0,10240,3214.0392156862745,225.66975517272948,0.0003,0.005354438,157.8423309326172,-1.3327077984809876,-0.011016665934585035,0.032421875,0.9359561204910278,8390,0.3
1,1238,0,200.0,256,3540.0,286.70148239135744,0.0003,0.006637791,132.15133666992188,-1.3294615209102632,-0.0008464317070320249,0.012109375,0.9046177864074707,8400,0.3
2,1114,0,200.0,512,3540.0,184.7040771484375,0.0003,0.003641494,80.11759948730469,-0.27933814376592636,-0.0023574390914291145,0.006640625,0.956820011138916,8410,0.3
3,1071,0,200.0,768,3540.0,147.41292877197264,0.0003,0.0034914117,93.95672607421875,-0.2650731191039085,-0.0030933663132600487,0.01015625,0.9563969969749451,8420,0.3
4,1056,0,200.0,1024,3540.0,202.06951751708985,0.0003,0.0058390507,63.36618423461914,-0.33723536878824234,-0.003984952066093683,0.0203125,0.9304580092430115,8430,0.3
5,1047,1,200.0,1280,3540.0,136.78750801086426,0.0003,0.009231115,69.8096923828125,-0.3381320104002953,-0.006235821195878089,0.030078125,0.9497563242912292,8440,0.3
6,1043,1,200.0,1536,3511.4285714285716,187.58626976013184,0.0003,0.03505375,91.3181381225586,-0.3887797385454178,-0.010888370499014855,0.075390625,0.9428138732910156,8450,0.3
7,1044,1,200.0,1792,3485.0,591.7900810241699,0.0003,0.00529754,279.7327880859375,-0.3856230229139328,-0.003203536896035075,0.028125,0.8189516067504883,8460,0.3
8,1040,1,200.0,2048,3476.0,140.49180374145507,0.0003,0.011737364,78.21049499511719,-0.3690868243575096,-0.008312781003769486,0.0328125,0.9604189991950989,8470,0.3
9,1039,2,200.0,2304,3440.0,406.73684310913086,0.0003,0.014436432,203.60536193847656,-0.41037791073322294,-0.0023203975753858684,0.062890625,0.8697502613067627,8480,0.3
10,1037,2,200.0,2560,3262.5,747.108302307129,0.0003,0.012803643,268.72601318359375,-0.38715372830629347,-0.013995367288589477,0.0265625,0.7954660058021545,8490,0.3
11,1036,2,200.0,2816,3285.0,371.0244827270508,0.0003,0.0017071683,77.14865112304688,-0.2596825540065765,-0.0034137295559048654,0.001171875,0.8877284526824951,8500,0.3
12,1034,2,200.0,3072,3288.6666666666665,167.66342697143554,0.0003,0.005866276,58.14540100097656,-0.3132628783583641,-0.0050211493391543625,0.008203125,0.9473323225975037,8510,0.3
13,1031,3,200.0,3328,3304.375,515.6073249816894,0.0003,0.0066065635,384.2480163574219,-0.34013001769781115,-0.0035696211270987988,0.0140625,0.8386819958686829,8520,0.3
14,1030,3,200.0,3584,3305.294117647059,132.9101619720459,0.0003,0.014879312,52.482421875,-0.3684734269976616,-0.00987662565894425,0.01953125,0.9590053558349609,8530,0.3
15,1030,3,200.0,3840,3318.4210526315787,200.8230422973633,0.0003,0.013257117,88.09534454345703,-0.42188200652599334,-0.0073443620931357145,0.046875,0.9409313201904297,8540,0.3
16,1028,3,200.0,4096,3319.5,317.16355361938474,0.0003,0.02705732,195.4487762451172,-0.4330010384321213,-0.007666248315945268,0.07421875,0.9065707325935364,8550,0.3
17,1027,4,200.0,4352,3330.0,367.7227073669434,0.0003,0.012737897,162.7584228515625,-0.4256605997681618,-0.004812681302428246,0.033203125,0.8837994337081909,8560,0.3
18,1027,4,200.0,4608,3330.0,110.81370372772217,0.0003,0.011133604,55.63737869262695,-0.4132797926664352,-0.007718247105367481,0.015625,0.9645381569862366,8570,0.3
19,1028,4,200.0,4864,3330.8333333333335,499.8565933227539,0.0003,0.030035492,284.7527770996094,-0.3831454932689667,-0.00981403614860028,0.05078125,0.8475490808486938,8580,0.3
20,1028,4,200.0,5120,3330.4,231.72164764404297,0.0003,0.052989487,162.03317260742188,-0.327998149394989,-0.017481894150841983,0.156640625,0.9295257329940796,8590,0.3
21,1029,5,200.0,5376,3338.4615384615386,181.0561170578003,0.0003,0.08836044,98.88304901123047,-0.38154704570770265,-0.00835047655273229,0.121875,0.9477064609527588,8600,0.3
22,1029,5,200.0,5632,3337.1428571428573,122.37226600646973,0.0003,0.0097761545,42.55518341064453,-0.44450775235891343,-0.007060260931029916,0.023828125,0.9553542733192444,8610,0.3
23,1028,5,200.0,5888,3337.2413793103447,582.8972396850586,0.0003,0.0048225606,193.45301818847656,-0.509474815428257,-0.001206550863571465,0.009765625,0.8152347207069397,8620,0.3
24,1028,5,200.0,6144,3328.6666666666665,352.6430435180664,0.0003,0.01950103,174.58819580078125,-0.4953186556696892,-0.010638854303397238,0.039453125,0.8977200984954834,8630,0.3
25,1026,6,200.0,6400,3267.5,218.96444854736328,0.0003,0.018911041,105.5974349975586,-0.3974727615714073,-0.015636454895138742,0.12578125,0.9341124296188354,8640,0.3
26,1026,6,200.0,6656,3268.787878787879,345.3767143249512,0.0003,0.013224251,99.5624771118164,-0.45727872997522356,-0.00929520782083273,0.080859375,0.8995911478996277,8650,0.3
27,1025,6,200.0,6912,3276.764705882353,323.3767288208008,0.0003,0.008024154,172.2816619873047,-0.41889230310916903,-0.008297083294019103,0.02734375,0.90516197681427,8660,0.3
28,1024,6,200.0,7168,3284.285714285714,90.82276344299316,0.0003,0.009725071,41.66920852661133,-0.3645640626549721,-0.005429204227402807,0.038671875,0.9736024141311646,8670,0.3
29,1024,7,200.0,7424,3287.2972972972975,131.3861873626709,0.0003,0.016805641,66.33964538574219,-0.3759013846516609,-0.0132210454903543,0.034375,0.9542931318283081,8680,0.3
30,1023,7,200.0,7680,3288.684210526316,632.12861328125,0.0003,0.005164992,209.8829803466797,-0.40954707860946654,-0.0021023305656854064,0.019140625,0.7972500324249268,8690,0.3
31,1023,7,200.0,7936,3290.25641025641,228.38676414489746,0.0003,0.008066006,127.9143295288086,-0.3626865655183792,-0.004900071665178985,0.0109375,0.9276639819145203,8700,0.3
32,1024,7,200.0,8192,3291.5,353.87449111938474,0.0003,0.001975764,121.66289520263672,-0.3392550960183144,-0.0016601481474936008,0.00234375,0.8900660276412964,8710,0.3
33,1024,8,200.0,8448,3293.809523809524,229.81580085754393,0.0003,0.09277661,74.58601379394531,-0.2768809303641319,-0.022406760393641888,0.119921875,0.929746150970459,8720,0.3
34,1024,8,200.0,8704,3299.5348837209303,589.668864440918,0.0003,0.005010319,206.385009765625,-0.2314184509217739,-0.0035419846884906293,0.016015625,0.8176152110099792,8730,0.3
35,1023,8,200.0,8960,3305.0,148.70622177124022,0.0003,0.0013966628,46.907135009765625,-0.20282336696982384,-0.0016674151993356645,0.00234375,0.9573216438293457,8740,0.3
36,1021,9,200.0,9216,3310.217391304348,117.84985466003418,0.0003,0.041448087,70.70335388183594,-0.27488908842206,-0.009152584569528699,0.037109375,0.9633808732032776,8750,0.3
37,1019,9,200.0,9472,3310.851063829787,205.19676513671874,0.0003,0.05204073,99.90792846679688,-0.3585847944021225,-0.009255029796622693,0.098828125,0.9324802160263062,8760,0.3
38,1018,9,200.0,9728,3310.8333333333335,407.5682197570801,0.0003,0.013508892,109.85804748535156,-0.4183404713869095,-0.012594185816124082,0.020703125,0.8645779490470886,8770,0.3
39,1016,9,200.0,9984,3311.6326530612246,139.86883773803712,0.0003,0.025462633,74.55882263183594,-0.382369165122509,-0.012956360960379243,0.041015625,0.9555417895317078,8780,0.3
40,1015,10,200.0,10240,3312.3529411764707,316.26562652587893,0.0003,0.00490828,222.57431030273438,-0.4089739352464676,-0.004050067998468876,0.012109375,0.897634744644165,8790,0.3
1,1323,0,200.0,256,3309.0,632.5075027465821,0.0003,0.018273056,324.97442626953125,-0.4400265157222748,-0.003380431717960164,0.042578125,0.8101708889007568,8800,0.3
2,1158,0,200.0,512,3413.0,373.6758056640625,0.0003,0.0017579454,133.0767822265625,-1.2860566437244416,-0.0007923906086944044,0.001171875,0.8789552450180054,8410,0.3
3,1125,0,200.0,768,3372.3333333333335,282.8898529052734,0.0003,0.010464573,142.79588317871094,-1.3018485486507416,-0.015163609012961387,0.01796875,0.9187611937522888,8420,0.3
4,1063,0,200.0,1024,2815.2,583.0290184020996,0.0003,0.0027491609,136.44581604003906,-0.7492015898227692,6.124651990830898e-05,0.004296875,0.8574981689453125,8430,0.3
5,1042,1,200.0,1280,2617.8333333333335,641.897836303711,0.0003,0.001893502,366.035888671875,-1.110471820831299,-0.0022733689518645408,0.0,0.8185448050498962,8440,0.3
6,1040,1,200.0,1536,2716.285714285714,5241.921801757812,0.0003,0.0005212601,1769.112060546875,-1.237197506427765,-0.0022513884352520106,0.0,-0.4999723434448242,8450,0.3
7,1036,1,200.0,1792,2699.75,797.6061386108398,0.0003,0.00034152274,261.607666015625,-1.232419228553772,-0.0006408018060028553,0.0,0.664143443107605,8460,0.3
8,1035,1,200.0,2048,2840.8,1498.1744689941406,0.0003,0.0012381813,409.9411315917969,-1.2315492749214172,-8.117959368973971e-05,0.0,0.4970768094062805,8470,0.3
9,1034,2,200.0,2304,2902.0,766.4573577880859,0.0003,0.002762327,267.529052734375,-1.2247489392757416,-0.005050886899698526,0.003125,0.742774248123169,8480,0.3
10,1034,2,200.0,2560,2935.5833333333335,279.586727142334,0.0003,0.012073995,161.08689880371094,-1.2635814547538757,-0.008285705558955669,0.033984375,0.9149429798126221,8490,0.3
11,1037,2,200.0,2816,2985.285714285714,409.29406051635743,0.0003,0.004591919,164.6175079345703,-1.3015501141548156,-0.006753569142892957,0.000390625,0.87483811378479,8500,0.3
12,1037,2,200.0,3072,3006.733333333333,354.54819107055664,0.0003,0.010250721,137.95310974121094,-1.3894559025764466,-0.0039525632048025726,0.0109375,0.8858053088188171,8510,0.3
13,1037,3,200.0,3328,3008.875,600.3493637084961,0.0003,0.025168445,277.6825256347656,-1.3106643378734588,-0.011666530172806232,0.046484375,0.8165395855903625,8520,0.3
14,1038,3,200.0,3584,2912.4117647058824,405.294970703125,0.0003,0.0004508295,158.08448791503906,-1.1399655640125275,-1.6432208940386773e-05,0.0,0.8879481554031372,8530,0.3
15,1036,3,200.0,3840,2953.7894736842104,248.3809440612793,0.0003,0.01378371,85.93269348144531,-1.0595268547534942,-0.006757585983723402,0.01796875,0.9351338744163513,8540,0.3
16,1036,3,200.0,4096,2969.35,541.306770324707,0.0003,0.00678212,240.18443298339844,-1.3805986225605011,-0.003862761566415429,0.00078125,0.836566686630249,8550,0.3
17,1036,4,200.0,4352,2973.9523809523807,265.8375389099121,0.0003,0.0053632422,108.53994750976562,-1.3807143926620484,-0.004792776447720826,0.005859375,0.9252774715423584,8560,0.3
18,1037,4,200.0,4608,3002.7391304347825,610.8950668334961,0.0003,0.011002689,337.7989807128906,-1.4170695185661315,-0.007902529928833247,0.01640625,0.8165886402130127,8570,0.3
19,1037,4,200.0,4864,3015.0833333333335,757.9929626464843,0.0003,0.024733897,362.97119140625,-1.4631141483783723,-0.015685847471468152,0.071875,0.7779014110565186,8580,0.3
20,1038,4,200.0,5120,3026.6,388.9149368286133,0.0003,0.0013419134,138.11605834960938,-1.4059870541095734,-0.003749863198027015,0.0,0.8867825269699097,8590,0.3
21,1038,5,200.0,5376,2989.923076923077,1997.4394165039062,0.0003,0.0012954213,806.6210327148438,-1.3965777337551117,-0.004831956140697003,0.0,0.43689799308776855,8600,0.3
22,1037,5,200.0,5632,3001.9285714285716,343.76612319946287,0.0003,0.0012765808,116.52440643310547,-1.4035593271255493,-0.0017679886892437934,0.0,0.9280584454536438,8610,0.3
23,1036,5,200.0,5888,3012.5172413793102,456.0038436889648,0.0003,0.0045421515,198.18161010742188,-1.4683327078819275,-0.004275166831212119,0.000390625,0.8763495087623596,8620,0.3
24,1035,5,200.0,6144,3022.3333333333335,380.3169692993164,0.0003,0.01066157,163.88148498535156,-1.4452109038829803,-0.012220474518835544,0.0109375,0.8883136510848999,8630,0.3
25,1035,6,200.0,6400,3000.0,435.1982025146484,0.0003,0.011157245,188.44052124023438,-1.4720232605934143,-0.009361090674065053,0.00078125,0.8877633213996887,8640,0.3
26,1036,6,200.0,6656,3008.2727272727275,294.4991065979004,0.0003,0.030922655,135.04718017578125,-1.4937479317188262,-0.008984476840123535,0.0609375,0.9127212166786194,8650,0.3
27,1036,6,200.0,6912,2937.294117647059,326.8611129760742,0.0003,0.0025238434,159.04942321777344,-1.4892668306827546,-0.003013667301274836,0.0,0.9148390293121338,8660,0.3
28,1036,6,200.0,7168,2934.4857142857145,189.13501739501953,0.0003,0.0008997263,71.39147186279297,-1.258194762468338,-0.00046606536488980055,0.0,0.9330042600631714,8670,0.3
29,1034,7,200.0,7424,2888.3513513513512,595.7891647338868,0.0003,0.025799006,365.03741455078125,-1.4268566727638246,-0.015366205433383583,0.051953125,0.8363571166992188,8680,0.3
30,1034,7,200.0,7680,2898.684210526316,1284.0507934570312,0.0003,0.003181889,334.141357421875,-1.2623289823532104,-0.001317780721001327,0.0,0.5941661596298218,8690,0.3
31,1035,7,200.0,7936,2903.025641025641,288.30420608520507,0.0003,0.0015899776,107.02327728271484,-1.4770521342754364,-0.002047237381339073,0.0,0.9301481246948242,8700,0.3
32,1036,7,200.0,8192,2906.925,273.5800582885742,0.0003,0.019320287,98.32188415527344,-1.4619262993335724,-0.01053929547779262,0.029296875,0.9171981811523438,8710,0.3
33,1036,8,200.0,8448,2930.1428571428573,349.45103454589844,0.0003,0.047531575,139.48724365234375,-1.460977989435196,-0.020143622858449818,0.140625,0.9041639566421509,8720,0.3
34,1036,8,200.0,8704,2938.6279069767443,243.38922958374025,0.0003,0.0082867155,104.01757049560547,-1.4176550149917602,-0.003970774705521762,0.0,0.9250302314758301,8730,0.3
35,1035,8,200.0,8960,2941.7727272727275,365.4826919555664,0.0003,0.008144945,80.53855895996094,-1.386659288406372,-0.009028554102405906,0.009375,0.8896552920341492,8740,0.3
36,1036,8,200.0,9216,2961.913043478261,580.7589508056641,0.0003,0.009593789,418.7212829589844,-1.463875949382782,-0.013021715439390392,0.01328125,0.8217880129814148,8750,0.3
37,1035,9,200.0,9472,2964.191489361702,618.9227066040039,0.0003,0.0070908694,224.79806518554688,-1.4247037589550018,-0.005897288070991635,0.001953125,0.8135884404182434,8760,0.3
38,1035,9,200.0,9728,2970.5,302.01015014648436,0.0003,0.017267168,220.33592224121094,-1.459879893064499,-0.008562117302790283,0.02109375,0.9090626239776611,8770,0.3
39,1035,9,200.0,9984,2976.9591836734694,196.0709171295166,0.0003,0.0454172,71.99051666259766,-1.3628239035606384,-0.013460863707587123,0.0765625,0.9477153420448303,8780,0.3
40,1035,9,200.0,10240,2970.0196078431372,295.32392578125,0.0003,0.005683992,172.52688598632812,-1.3342679738998413,-0.005856230761855841,0.001171875,0.9177665710449219,8790,0.3
1,1338,0,200.0,256,2110.0,349.7720321655273,0.0003,0.026567254,145.20574951171875,-1.3295123755931855,-0.017093155020847916,0.040234375,0.9049805998802185,8800,0.3
2,1159,0,200.0,512,2465.0,697.521208190918,0.0003,0.0011804579,178.52044677734375,-0.4316912993788719,-0.0002756698289886117,0.00078125,0.7938277125358582,8810,0.3
3,1102,0,200.0,768,2750.0,426.63719177246094,0.0003,0.010786802,158.9967498779297,-0.3790101945400238,-0.006773686967790127,0.01796875,0.8553685545921326,8820,0.3
4,1090,0,200.0,1024,2842.0,185.3179489135742,0.0003,0.019419901,53.520050048828125,-0.38362958282232285,-0.015358398668467999,0.06640625,0.9426229596138,8830,0.3
5,1078,1,200.0,1280,2918.3333333333335,663.3435699462891,0.0003,0.0025423605,317.3680725097656,-0.3884285852313042,-2.7467217296361924e-05,0.021484375,0.8161865472793579,8840,0.3
6,1068,1,200.0,1536,2945.714285714286,151.9149028778076,0.0003,0.016725268,64.4518051147461,-0.3613151222467422,-0.0070615083444863554,0.019921875,0.9576575756072998,8850,0.3
7,1063,1,200.0,1792,2812.5,939.366569519043,0.0003,0.002005871,271.0306701660156,-0.275975675880909,-6.214239401742816e-05,0.000390625,0.6179810762405396,8860,0.3
8,1065,1,200.0,2048,2574.0,346.70300216674804,0.0003,0.00490993,95.09014892578125,-0.3844386041164398,-0.005373668728861958,0.00234375,0.8889368772506714,8870,0.3
9,1062,2,200.0,2304,2596.3636363636365,210.70478858947754,0.0003,0.0028830909,83.55770874023438,-0.29482651352882383,-0.0018442304339259864,0.01015625,0.9382370114326477,8880,0.3
10,1061,2,200.0,2560,2614.1666666666665,848.7865905761719,0.0003,0.008464091,347.0561828613281,-0.34472941160202025,-0.006546699395403266,0.019140625,0.7658392190933228,8890,0.3
11,1061,2,200.0,2816,2677.8571428571427,614.0365768432617,0.0003,0.0027059994,235.3732147216797,-0.33403724133968354,-0.003781374602112919,0.00234375,0.824435830116272,8900,0.3
12,1058,2,200.0,3072,2688.6666666666665,140.77177925109862,0.0003,0.03674093,65.73786926269531,-0.4002323031425476,-0.008152604312635958,0.065234375,0.9585998058319092,8910,0.3
13,1057,3,200.0,3328,2741.875,493.7279930114746,0.0003,0.0017014167,128.9266815185547,-0.388308584690094,0.0012244106503203512,0.0,0.7810302972793579,8920,0.3
14,1054,3,200.0,3584,2747.0588235294117,94.91169090270996,0.0003,0.0024381825,34.41560363769531,-0.43844049125909806,-0.004502123524434865,0.001171875,0.9726305603981018,8930,0.3
15,1053,3,200.0,3840,2805.2631578947367,132.08845138549805,0.0003,0.07581877,57.37751770019531,-0.4131910249590874,-0.027688767295330763,0.1109375,0.9550523161888123,8940,0.3
16,1051,3,200.0,4096,2832.5,104.77172966003418,0.0003,0.009262381,49.66586685180664,-0.31753540486097337,-0.004146761703304946,0.023046875,0.9681009650230408,8950,0.3
17,1050,4,200.0,4352,2856.6666666666665,262.57776832580566,0.0003,0.0031208228,78.25785064697266,-0.2787138305604458,-0.0038726049475371837,0.00625,0.917803168296814,8960,0.3
18,1050,4,200.0,4608,2797.8260869565215,1051.30380859375,0.0003,0.0024419948,341.0628356933594,-0.31405231803655625,-0.004075040062889457,0.019140625,0.7788628339767456,8970,0.3
19,1050,4,200.0,4864,2818.75,312.31552658081057,0.0003,0.0053334623,96.21244812011719,-0.35487937182188034,-0.009384844079613685,0.05078125,0.9063540697097778,8980,0.3
20,1050,4,200.0,5120,2838.8,91.09157028198243,0.0003,0.0061516855,51.9448127746582,-0.2638998731970787,-0.004320412175729871,0.0078125,0.9691296219825745,8990,0.3
21,1050,5,200.0,5376,2865.769230769231,138.622532081604,0.0003,0.015552373,105.91446685791016,-0.3022033140063286,-0.009712130576372147,0.03984375,0.9580400586128235,9000,0.3
22,1048,5,200.0,5632,2816.4285714285716,70.14587001800537,0.0003,0.011383835,29.20943260192871,-0.2781738109886646,-0.0029094588360749187,0.016015625,0.9770586490631104,9010,0.3
23,1047,5,200.0,5888,2834.4827586206898,2181.7732849121094,0.0003,0.012328744,546.1502075195312,-0.2858438089489937,0.006926992419175803,0.042578125,0.589951753616333,9020,0.3
24,1047,5,200.0,6144,2858.0,369.69776382446287,0.0003,0.008488476,257.2479248046875,-0.2616922378540039,-0.002714787144213915,0.0140625,0.882169783115387,9030,0.3
25,1047,6,200.0,6400,2796.875,63.785024642944336,0.0003,0.041189633,25.2932186126709,-0.2864921636879444,-0.010204310063272715,0.041796875,0.9826146960258484,9040,0.3
26,1048,6,200.0,6656,2761.212121212121,1072.803565979004,0.0003,0.022418529,252.17770385742188,-0.4921621441841125,0.008950773254036903,0.065625,0.722435712814331,9050,0.3
27,1048,6,200.0,6912,2750.0,339.80528793334963,0.0003,0.006962169,107.83275604248047,-0.44875496327877046,-0.006436635227873922,0.01171875,0.8997611999511719,9060,0.3
28,1045,6,200.0,7168,2746.285714285714,366.4452560424805,0.0003,0.015164739,161.28631591796875,-0.4238687172532082,-0.010505138523876667,0.024609375,0.8874040246009827,9070,0.3
29,1046,7,200.0,7424,2689.7297297297296,1064.1732818603516,0.0003,0.013239937,502.65142822265625,-0.3269573122262955,-0.009163267165422439,0.028125,0.7577707767486572,9080,0.3
30,1046,7,200.0,7680,2700.5263157894738,547.974087524414,0.0003,0.0020317405,192.37445068359375,-0.3188102915883064,-0.0036975621711462735,0.00390625,0.8842874765396118,9090,0.3
31,1044,7,200.0,7936,2715.897435897436,253.3210121154785,0.0003,0.018043445,117.43844604492188,-0.3012296125292778,-0.010423434129916132,0.04140625,0.9272891283035278,9100,0.3
32,1043,7,200.0,8192,2712.25,124.44212608337402,0.0003,0.015899718,50.45595169067383,-0.2587605260312557,-0.008761561941355467,0.01875,0.9624744653701782,9110,0.3
33,1042,8,200.0,8448,2741.190476190476,572.7893585205078,0.0003,0.0023368176,402.15020751953125,-0.24589520543813706,-0.0009336185758002102,0.00703125,0.8425939679145813,9120,0.3
34,1040,8,200.0,8704,2743.953488372093,480.8025238037109,0.0003,0.0028530327,155.08888244628906,-0.24924901351332665,-0.0021719778422266247,0.005859375,0.8220188021659851,9130,0.3
35,1041,8,200.0,8960,2757.0454545454545,453.3147430419922,0.0003,0.0006998554,215.87762451171875,-0.2376455433666706,-0.0007108946098014713,0.0,0.8620818853378296,9140,0.3
36,1040,8,200.0,9216,2786.086956521739,138.14987487792968,0.0003,0.009600956,93.57783508300781,-0.27216051816940307,-0.005306713422760368,0.021484375,0.9557464122772217,9150,0.3
37,1040,9,200.0,9472,2791.7021276595747,141.64145851135254,0.0003,0.03233219,70.31449127197266,-0.2696611531078815,-0.007438433426432312,0.0453125,0.9546798467636108,9160,0.3
38,1040,9,200.0,9728,2798.3333333333335,387.3390884399414,0.0003,0.0050192135,199.61109924316406,-0.2878867074847221,-0.003178585623390973,0.039453125,0.891431987285614,9170,0.3
39,1039,9,200.0,9984,2809.387755102041,447.66820373535154,0.0003,0.0011914722,190.03428649902344,-0.3269266039133072,-0.005106174689717591,0.002734375,0.8587811589241028,9180,0.3
40,1040,9,200.0,10240,2805.4901960784314,246.2782295227051,0.0003,0.0090094935,157.37673950195312,-0.3140519097447395,-0.004914273950271308,0.01171875,0.9224884510040283,9190,0.3
1,1362,0,200.0,256,2323.0,337.96020355224607,0.0003,0.0016136253,138.44537353515625,-0.3784769460558891,-2.875562640838325e-05,0.000390625,0.9142986536026001,9200,0.3
2,1195,0,200.0,512,2698.0,173.35553741455078,0.0003,0.013613061,77.94132995605469,-1.265890884399414,-0.007909201458096505,0.016796875,0.9487542510032654,8810,0.3
3,1137,0,200.0,768,2887.6666666666665,286.2980987548828,0.0003,0.012938696,122.98403930664062,-1.2356156289577485,-0.007183386152610183,0.003515625,0.9151051640510559,8820,0.3
4,1113,0,200.0,1024,3041.8,163.60601768493652,0.0003,0.035395086,49.07978057861328,-1.330114597082138,-0.009251227928325534,0.067578125,0.9556005597114563,8830,0.3
5,1095,1,200.0,1280,3085.3333333333335,233.9766487121582,0.0003,0.015741471,78.75274658203125,-1.3666932582855225,-0.006445295293815434,0.0234375,0.9273139834403992,8840,0.3
6,1078,1,200.0,1536,3145.8571428571427,552.8947341918945,0.0003,0.0021847042,140.26087951660156,-1.340931123495102,-0.005912563321180642,0.0015625,0.8374893069267273,8850,0.3
7,1068,1,200.0,1792,3166.5,178.81567993164063,0.0003,0.015547219,80.40196228027344,-1.3260831117630005,-0.005488151055760682,0.015625,0.950407862663269,8860,0.3
8,1062,1,200.0,2048,3192.3,425.0691375732422,0.0003,0.005286914,299.2164611816406,-1.379143124818802,-0.006220779498107731,0.00703125,0.8717044591903687,8870,0.3
9,1058,2,200.0,2304,3159.4545454545455,536.4680831909179,0.0003,0.0063169217,230.27505493164062,-1.3859443306922912,-0.005038340669125318,0.0046875,0.8307757377624512,8880,0.3
10,1056,2,200.0,2560,3148.75,626.4115341186523,0.0003,0.012032522,268.0517883300781,-1.364563649892807,-0.008907372318208217,0.01796875,0.8036329746246338,8890,0.3
11,1052,2,200.0,2816,3184.0714285714284,254.18523941040038,0.0003,0.008524461,143.28509521484375,-1.3972005367279052,-0.004823077470064163,0.00390625,0.9204355478286743,8900,0.3
12,1046,2,200.0,3072,3191.733333333333,192.2421501159668,0.0003,0.010967538,85.99811553955078,-1.3069010317325591,-0.007058255723677576,0.0234375,0.9498555064201355,8910,0.3
13,1046,3,200.0,3328,3182.8125,288.37039947509766,0.0003,0.0070720706,112.34107971191406,-1.3404017388820648,-0.004093358269892633,0.00703125,0.9123479127883911,8920,0.3
14,1047,3,200.0,3584,3173.470588235294,506.1023239135742,0.0003,0.0005847544,260.93524169921875,-1.3646866500377655,-0.0016768042813055217,0.0,0.8175920248031616,8930,0.3
15,1046,3,200.0,3840,3173.5789473684213,491.4535369873047,0.0003,0.0072073964,214.35377502441406,-1.3953168570995331,-0.005185642652213574,0.002734375,0.8562724590301514,8940,0.3
16,1046,3,200.0,4096,3179.25,301.5466064453125,0.0003,0.010920335,142.1357421875,-1.336666089296341,-0.008099545841105282,0.012109375,0.9104155898094177,8950,0.3
17,1047,4,200.0,4352,3058.3809523809523,741.3867828369141,0.0003,0.0038275146,196.05242919921875,-1.4503210246562959,-0.0060834638774394986,0.00078125,0.7440532445907593,8960,0.3
18,1047,4,200.0,4608,3079.1304347826085,139.0204776763916,0.0003,0.000884905,40.170928955078125,-1.564348155260086,-0.002843658346682787,0.0,0.9589917063713074,8970,0.3
19,1047,4,200.0,4864,3088.625,636.9381500244141,0.0003,0.0028168415,348.5124816894531,-1.4083033800125122,-0.0036790819140151143,0.00078125,0.8109259605407715,8980,0.3
20,1046,4,200.0,5120,3096.64,294.95705261230466,0.0003,0.015091234,82.1000747680664,-1.4111552894115449,-0.007221089920494706,0.023828125,0.9065337181091309,8990,0.3
21,1047,5,200.0,5376,3112.5,273.412589263916,0.0003,0.011845654,152.39100646972656,-1.4205721378326417,-0.011997508583590388,0.015625,0.9193775653839111,9000,0.3
22,1047,5,200.0,5632,3133.0,176.49908981323242,0.0003,0.021309579,103.48751831054688,-1.48779639005661,-0.013286329549737274,0.069921875,0.9504716992378235,9010,0.3
23,1046,5,200.0,5888,3146.2413793103447,315.71959533691404,0.0003,0.011119589,168.33770751953125,-1.486833256483078,-0.009293665422592311,0.0234375,0.8964040875434875,9020,0.3
24,1045,5,200.0,6144,3150.4333333333334,282.9214859008789,0.0003,0.03899791,111.7016372680664,-1.4627445340156555,-0.01472234963439405,0.09140625,0.8969461917877197,9030,0.3
25,1043,6,200.0,6400,3145.59375,165.06853981018065,0.0003,0.015531335,93.47587585449219,-1.4482011675834656,-0.0065902180038392546,0.078515625,0.9498071074485779,9040,0.3
26,1041,6,200.0,6656,3150.3030303030305,651.5599502563476,0.0003,0.0012576552,339.7052001953125,-1.5388327240943909,0.0008352870121598243,0.0,0.7771543860435486,9050,0.3
27,1040,6,200.0,6912,3153.9117647058824,243.03757972717284,0.0003,0.020297565,101.1650161743164,-1.4793643176555633,-0.005111977458000183,0.041796875,0.9186970591545105,9060,0.3
28,1036,6,200.0,7168,3157.5714285714284,194.33008842468263,0.0003,0.03739535,69.0486068725586,-1.5466640412807464,-0.018916850467212497,0.11640625,0.9362857937812805,9070,0.3
29,1036,7,200.0,7424,3165.2972972972975,144.07325859069823,0.0003,0.009158501,83.13279724121094,-1.535866266489029,-0.00591441635042429,0.006640625,0.9537246823310852,9080,0.3
30,1035,7,200.0,7680,3168.2105263157896,511.1132339477539,0.0003,0.014210306,160.91600036621094,-1.5394788265228272,-0.013453649322036654,0.0109375,0.8523668050765991,9090,0.3
31,1034,7,200.0,7936,3170.948717948718,199.69671592712402,0.0003,0.030822344,105.38593292236328,-1.5476538062095642,-0.008757452084682881,0.093359375,0.9408366680145264,9100,0.3
32,1035,7,200.0,8192,3174.3,124.2193416595459,0.0003,0.009433577,78.25775909423828,-1.574366521835327,-0.0037065561627969146,0.009375,0.96047043800354,9110,0.3
33,1035,8,200.0,8448,3180.714285714286,234.0973014831543,0.0003,0.102109276,139.66900634765625,-1.6479272663593292,-0.02882196647115052,0.230859375,0.9298876523971558,9120,0.3
34,1035,8,200.0,8704,3182.953488372093,533.1157989501953,0.0003,0.008712091,216.2495574951172,-1.528621393442154,-0.003044093353673816,0.003125,0.8416407704353333,9130,0.3
35,1034,8,200.0,8960,3186.0,211.90430603027343,0.0003,0.009743012,106.19252014160156,-1.4983203053474425,-0.014206960215233266,0.040625,0.9360088109970093,9140,0.3
36,1035,8,200.0,9216,3195.086956521739,533.0919548034668,0.0003,0.016034853,243.9368438720703,-1.4580525815486909,-0.00951088946312666,0.025390625,0.8383950591087341,9150,0.3
37,1034,9,200.0,9472,3196.978723404255,222.89855194091797,0.0003,0.005401093,123.15193176269531,-1.4767377138137818,-0.005715620517730713,0.00078125,0.9289753437042236,9160,0.3
38,1035,9,200.0,9728,3199.1875,162.72725524902344,0.0003,0.06274694,94.48253631591797,-1.561678147315979,-0.02245109840296209,0.123046875,0.9514652490615845,9170,0.3
39,1034,9,200.0,9984,3200.918367346939,318.1077117919922,0.0003,0.04177829,137.11643981933594,-1.551656073331833,-0.009647935070097447,0.084765625,0.9008577466011047,9180,0.3
40,1034,9,200.0,10240,3205.156862745098,141.91725959777833,0.0003,0.0075276177,51.72376251220703,-1.3956996321678161,-0.011674227798357606,0.020703125,0.9538291096687317,9190,0.3
1,1320,0,200.0,256,3320.0,999.3362930297851,0.0003,0.037329637,477.51824951171875,-1.354274618625641,-0.013328483793884516,0.106640625,0.6975062489509583,9200,0.3
2,1159,0,200.0,512,3335.0,323.5188751220703,0.0003,0.010424111,93.1296615600586,-0.31348084956407546,-0.008936319779604674,0.023046875,0.9040122628211975,9210,0.3
3,1100,0,200.0,768,3330.0,395.96520538330077,0.0003,0.007909296,226.0358123779297,-0.33032533526420593,-0.006430734368041158,0.021875,0.8681344985961914,9220,0.3
4,1080,0,200.0,1024,3326.0,232.17446098327636,0.0003,0.015253296,158.74594116210938,-0.33609181493520734,-0.013336549187079072,0.0484375,0.924746036529541,9230,0.3
5,1072,1,200.0,1280,3323.3333333333335,344.1815017700195,0.0003,0.009728955,211.18235778808594,-0.3344127357006073,-0.005053026613313705,0.01484375,0.8937022089958191,9240,0.3
6,1065,1,200.0,1536,3282.8571428571427,203.39687004089356,0.0003,0.032377213,79.92843627929688,-0.3887618765234947,-0.014231148455291987,0.10234375,0.9378764629364014,9250,0.3
7,1065,1,200.0,1792,3286.25,274.0343078613281,0.0003,0.042331517,139.99591064453125,-0.38997644782066343,-0.015938231162726878,0.08828125,0.9191234707832336,9260,0.3
8,1060,1,200.0,2048,3267.0,249.03290176391602,0.0003,0.023624912,141.0216522216797,-0.4450643226504326,-0.01185258557088673,0.05546875,0.921855628490448,9270,0.3
9,1056,2,200.0,2304,3248.181818181818,296.86521072387694,0.0003,0.04420186,162.19839477539062,-0.40736142694950106,-0.015336986177135258,0.065625,0.907298743724823,9280,0.3
10,1052,2,200.0,2560,3272.5,102.87046012878417,0.0003,0.0034412013,62.323081970214844,-0.3309959605336189,-0.00397898331284523,0.012109375,0.9686868786811829,9290,0.3
11,1050,2,200.0,2816,3280.0,210.29033927917482,0.0003,0.004970395,130.33255004882812,-0.3155819609761238,-0.0029571902006864546,0.01640625,0.9397345781326294,9300,0.3
12,1047,2,200.0,3072,3284.6666666666665,284.7256744384766,0.0003,0.010471946,171.45924377441406,-0.3377509549260139,-0.003494329168461263,0.02109375,0.9091399312019348,9310,0.3
13,1045,3,200.0,3328,3300.625,187.15556716918945,0.0003,0.05765868,87.08599853515625,-0.3242756828665733,-0.014022179739549756,0.08046875,0.940257728099823,9320,0.3
14,1044,3,200.0,3584,3301.176470588235,61.47296772003174,0.0003,0.033166587,19.7999267578125,-0.32970640510320665,-0.011147596826776861,0.073046875,0.9787012934684753,9330,0.3
15,1043,3,200.0,3840,3305.2631578947367,153.07798652648927,0.0003,0.047605753,67.22694396972656,-0.26226157173514364,-0.009133785194717348,0.09453125,0.9515233039855957,9340,0.3
16,1044,3,200.0,4096,3305.0,552.268952178955,0.0003,0.002993071,233.11294555664062,-0.2567621536552906,-0.0034168689278885724,0.00390625,0.8390237092971802,9350,0.3
17,1043,4,200.0,4352,3304.7619047619046,107.18769474029541,0.0003,0.0031877516,33.63522720336914,-0.23518309965729714,-0.0026001592515967785,0.00859375,0.9668177366256714,9360,0.3
18,1043,4,200.0,4608,3316.521739130435,174.28247680664063,0.0003,0.023713753,85.71897888183594,-0.24814909547567368,-0.008425521943718196,0.0484375,0.9451799392700195,9370,0.3
19,1043,4,200.0,4864,3316.25,253.22890701293946,0.0003,0.007934781,171.56617736816406,-0.25643417313694955,-0.0028560114558786156,0.01171875,0.9185265898704529,9380,0.3
20,1042,4,200.0,5120,3317.2,83.88319530487061,0.0003,0.03159961,28.73751449584961,-0.294610695540905,-0.015414143586531282,0.041796875,0.9719955921173096,9390,0.3
21,1039,5,200.0,5376,3316.923076923077,196.14244079589844,0.0003,0.027589379,112.47402954101562,-0.3155788317322731,-0.01609864183701575,0.073828125,0.9364525079727173,9400,0.3
22,1040,5,200.0,5632,3316.4285714285716,67.24891033172608,0.0003,0.005336895,27.533897399902344,-0.26194074675440787,-0.007718437188304961,0.024609375,0.9787213206291199,9410,0.3
23,1040,5,200.0,5888,3317.2413793103447,372.4385581970215,0.0003,0.015176547,139.68984985351562,-0.268525542318821,-0.007507687038742006,0.032421875,0.8884614109992981,9420,0.3
24,1040,5,200.0,6144,3318.0,236.39222450256347,0.0003,0.021204263,91.2701187133789,-0.2652313090860844,-0.007150298077613115,0.025,0.9234945178031921,9430,0.3
25,1041,6,200.0,6400,3309.0625,205.4075828552246,0.0003,0.005159975,34.09699630737305,-0.2664064109325409,-0.002791471965610981,0.005078125,0.9306163191795349,9440,0.3
26,1041,6,200.0,6656,3310.0,350.35280456542966,0.0003,0.0050647203,151.45167541503906,-0.27995781823992727,-0.007722586090676486,0.011328125,0.903026819229126,9450,0.3
27,1040,6,200.0,6912,3310.294117647059,228.21253814697266,0.0003,0.006003367,100.0386734008789,-0.2373574696481228,-0.004091853345744312,0.009375,0.9285427927970886,9460,0.3
28,1040,6,200.0,7168,3282.5714285714284,214.77336921691895,0.0003,0.011343423,73.20004272460938,-0.26682994440197944,-0.008576442347839474,0.026953125,0.931517481803894,9470,0.3
29,1040,7,200.0,7424,3279.189189189189,1428.182568359375,0.0003,0.0028668672,266.4934387207031,-0.23604546040296553,-0.0022232066607102753,0.008984375,0.5739012360572815,9480,0.3
30,1041,7,200.0,7680,3223.4210526315787,661.1376449584961,0.0003,0.00082136435,379.02044677734375,-0.28712301030755044,-0.0015647662803530693,0.0,0.7918210029602051,9490,0.3
31,1041,7,200.0,7936,3231.5384615384614,458.1595039367676,0.0003,6.217277e-05,119.14812469482422,-0.15660985484719275,-0.00015905024483799934,0.0,0.8582208156585693,9500,0.3
32,1041,7,200.0,8192,3239.25,71.56174640655517,0.0003,0.00416041,14.73559856414795,-0.2567661002278328,-0.005362812313251197,0.006640625,0.9749137163162231,9510,0.3
33,1041,8,200.0,8448,3244.0476190476193,121.90037803649902,0.0003,0.022074992,74.89762878417969,-0.2308993436396122,-0.018541674851439892,0.062109375,0.9596053957939148,9520,0.3
34,1041,8,200.0,8704,3239.5348837209303,846.7583251953125,0.0003,0.00045834272,382.19580078125,-0.2656310603022575,0.0005208230810239911,0.0,0.7503262758255005,9530,0.3
35,1037,8,200.0,8960,3241.3636363636365,482.098876953125,0.0003,0.005048345,89.52485656738281,-0.27864925265312196,-0.007398700434714555,0.004296875,0.8546785712242126,9540,0.3
36,1037,8,200.0,9216,3243.0434782608695,213.1954486846924,0.0003,0.01265476,111.26358795166016,-0.2790987178683281,-0.009885613294318318,0.024609375,0.9363666772842407,9550,0.3
37,1037,9,200.0,9472,3249.3617021276596,527.4937286376953,0.0003,0.0058362344,181.96485900878906,-0.2818348690867424,-0.007199854031205178,0.01796875,0.8439788818359375,9560,0.3
38,1037,9,200.0,9728,3250.8333333333335,147.1157398223877,0.0003,0.0052302284,35.07232666015625,-0.2562405996024609,-0.0034662817604839804,0.015234375,0.9529324769973755,9570,0.3
39,1036,9,200.0,9984,3252.6530612244896,160.40910720825195,0.0003,0.028747734,96.83242797851562,-0.28776498660445216,-0.0050616934662684795,0.05625,0.9500546455383301,9580,0.3
40,1036,9,200.0,10240,3199.2156862745096,4770.158721923828,0.0003,0.0007726245,768.2236328125,-0.17637617886066437,0.0036961390404030682,0.0,0.04745751619338989,9590,0.3
1,1311,0,200.0,256,3029.0,384.27560272216795,0.0003,0.0019443375,148.06552124023438,-0.3276365116238594,-0.003281769389286637,0.0,0.878637433052063,9600,0.3
2,1186,0,200.0,512,1959.0,448.5504020690918,0.0003,0.0010923271,223.478271484375,-1.2406657457351684,-0.0037214695010334255,0.0,0.8219103813171387,9210,0.3
3,1129,0,200.0,768,2409.0,987.8437797546387,0.0003,0.00086204964,115.27823638916016,-1.138611525297165,-0.0002174449386075139,0.0,0.6174880266189575,9220,0.3
4,1090,0,200.0,1024,2809.8,369.31451416015625,0.0003,0.023694474,205.82861328125,-1.3087411940097808,-0.011608759197406471,0.0953125,0.8903949856758118,9230,0.3
5,1065,1,200.0,1280,2889.3333333333335,652.0123992919922,0.0003,0.017016135,217.65187072753906,-1.2739350020885467,-0.015085970074869693,0.073828125,0.7997499704360962,9240,0.3
6,1062,1,200.0,1536,2949.285714285714,209.50354919433593,0.0003,0.00874673,102.34725189208984,-1.272470760345459,-0.012263225670903922,0.019921875,0.9303163290023804,9250,0.3
7,1061,1,200.0,1792,2990.25,515.3468856811523,0.0003,0.02233433,353.1789245605469,-1.2271993458271027,-0.011276566941523925,0.032421875,0.8428900837898254,9260,0.3
8,1049,1,200.0,2048,3070.3,180.58232917785645,0.0003,0.014471797,51.67779541015625,-1.287756484746933,-0.00877597697544843,0.03515625,0.9433630108833313,9270,0.3
9,1049,2,200.0,2304,3092.3636363636365,127.08493728637696,0.0003,0.021207854,73.98368835449219,-1.3144967317581178,-0.018507958156988025,0.059375,0.9610645174980164,9280,0.3
10,1046,2,200.0,2560,3090.0833333333335,352.17132568359375,0.0003,0.021718793,108.2408218383789,-1.2276080012321473,-0.0064001769060269,0.03125,0.8919633030891418,9290,0.3
11,1043,2,200.0,2816,3100.4285714285716,523.7278823852539,0.0003,0.055084206,153.74554443359375,-1.1569862842559815,-0.015045412391191348,0.111328125,0.8398199081420898,9300,0.3
12,1046,2,200.0,3072,2936.733333333333,543.8728530883789,0.0003,0.0018310568,350.4419250488281,-1.1658796489238739,-0.0022188695380464195,0.0,0.8343001008033752,9310,0.3
13,1043,3,200.0,3328,2959.5,453.4626068115234,0.0003,0.0018897431,79.21554565429688,-0.6831792026758194,-0.0036644888343289493,0.0015625,0.8882524371147156,9320,0.3
14,1035,3,200.0,3584,2991.529411764706,429.4605194091797,0.0003,0.029338777,132.75454711914062,-1.1447760581970214,-0.013927202299237251,0.07578125,0.8846446871757507,9330,0.3
15,1033,3,200.0,3840,3023.2105263157896,171.28265686035155,0.0003,0.018958118,75.43951416015625,-1.1878789484500885,-0.004861567937768996,0.03359375,0.9469383955001831,9340,0.3
16,1033,3,200.0,4096,3036.4,475.0811798095703,0.0003,0.00632127,262.92724609375,-1.1454604506492614,-0.0077216456644237045,0.00390625,0.8549256324768066,9350,0.3
17,1034,4,200.0,4352,3049.190476190476,205.18837890625,0.0003,0.023174006,46.826168060302734,-1.19686616063118,-0.02148177777417004,0.1765625,0.9377877116203308,9360,0.3
18,1035,4,200.0,4608,3069.1739130434785,277.4539794921875,0.0003,0.007909368,133.28207397460938,-1.246806836128235,-0.01576928107533604,0.11171875,0.9133794903755188,9370,0.3
19,1033,4,200.0,4864,3087.8333333333335,206.74164505004882,0.0003,0.024447054,101.44367980957031,-1.331285947561264,-0.009643255290575326,0.065625,0.9375550150871277,9380,0.3
20,1032,4,200.0,5120,3095.84,206.75681343078614,0.0003,0.019746738,136.75820922851562,-1.2327547430992127,-0.01363340364769101,0.03984375,0.9365097284317017,9390,0.3
21,1032,5,200.0,5376,3112.0,152.7004051208496,0.0003,0.010098621,77.0577163696289,-1.2645579993724823,-0.014529947424307466,0.0125,0.9521527886390686,9400,0.3
22,1031,5,200.0,5632,3139.964285714286,159.35064926147462,0.0003,0.022721361,106.01724243164062,-1.2250841856002808,-0.015918000938836486,0.042578125,0.9531748294830322,9410,0.3
23,1030,5,200.0,5888,3145.655172413793,203.2733055114746,0.0003,0.0072693103,81.45606231689453,-1.2641658723354339,-0.003288233862258494,0.02265625,0.9373458027839661,9420,0.3
24,1031,5,200.0,6144,3094.0333333333333,310.78758773803713,0.0003,0.008824434,130.7598876953125,-1.2247927725315093,-0.008824228937737644,0.009375,0.9054593443870544,9430,0.3
25,1030,6,200.0,6400,3119.96875,590.5447776794433,0.0003,0.0021791642,154.63465881347656,-1.05091353058815,-0.0012984322616830467,0.0,0.795297384262085,9440,0.3
26,1029,6,200.0,6656,3131.6666666666665,124.66788444519042,0.0003,0.0024878266,35.58638000488281,-1.355375385284424,-0.0036957485135644674,0.0,0.9584333300590515,9450,0.3
27,1030,6,200.0,6912,3136.4117647058824,134.18729820251465,0.0003,0.018128375,66.84429168701172,-1.323010802268982,-0.007783493367605842,0.06796875,0.9590660929679871,9460,0.3
28,1030,6,200.0,7168,3051.8571428571427,441.7226875305176,0.0003,0.008002501,231.99618530273438,-1.2837398827075959,-0.0002485383301973343,0.010546875,0.8643144369125366,9470,0.3
29,1030,7,200.0,7424,3065.675675675676,89.7920991897583,0.0003,0.008850123,24.220394134521484,-1.2819419384002686,-0.00425771635491401,0.00703125,0.977927029132843,9480,0.3
30,1030,7,200.0,7680,3071.1052631578946,703.8411117553711,0.0003,0.028788337,236.6519012451172,-1.3204550623893738,-0.021733457501977683,0.076953125,0.7874810695648193,9490,0.3
31,1031,7,200.0,7936,3076.5897435897436,117.68876266479492,0.0003,0.01575939,57.58986282348633,-1.303694760799408,-0.007170229312032461,0.01875,0.9643034338951111,9500,0.3
32,1032,7,200.0,8192,3081.6,159.78073921203614,0.0003,0.010269042,66.43637084960938,-1.3101911842823029,-0.004127258970402181,0.03671875,0.9506033062934875,9510,0.3
33,1031,8,200.0,8448,3091.404761904762,156.38482437133788,0.0003,0.023836209,62.20100021362305,-1.2957737386226653,-0.012040353054180742,0.0828125,0.9532057046890259,9520,0.3
34,1030,8,200.0,8704,3101.232558139535,407.6399604797363,0.0003,0.010185236,194.41461181640625,-1.2357385277748107,-0.0032340301549993455,0.019921875,0.8708624839782715,9530,0.3
35,1031,8,200.0,8960,3110.4772727272725,164.4625473022461,0.0003,0.0030165552,88.8070297241211,-1.2414920210838318,-0.00345208675134927,0.002734375,0.9510143995285034,9540,0.3
36,1031,8,200.0,9216,3118.2391304347825,92.29724578857422,0.0003,0.0063654445,38.31645965576172,-1.271789401769638,-0.005712712137028575,0.001171875,0.9719706773757935,9550,0.3
37,1031,9,200.0,9472,3121.659574468085,479.7464797973633,0.0003,0.0048740185,209.3575439453125,-1.3194162666797637,-0.006628586398437619,0.003125,0.8521653413772583,9560,0.3
38,1032,9,200.0,9728,3125.2708333333335,224.8090492248535,0.0003,0.00771563,118.0086898803711,-1.3246731281280517,-0.005620292178355158,0.00625,0.92701655626297,9570,0.3
39,1033,9,200.0,9984,3128.9795918367345,180.90837554931642,0.0003,0.014916044,87.86054229736328,-1.335255515575409,-0.007091259560547769,0.0328125,0.9458936452865601,9580,0.3
40,1032,9,200.0,10240,3135.4117647058824,356.40280418396,0.0003,0.0050766524,104.21554565429688,-1.4269997656345368,-0.0032609627349302174,0.001171875,0.8873887062072754,9590,0.3
1,1336,0,200.0,256,3310.0,275.0691261291504,0.0003,0.013524342,108.78649139404297,-1.3977943003177642,-0.010331980977207422,0.01640625,0.9144909977912903,9600,0.3
2,1054,0,200.0,512,3075.0,153.84562950134278,0.0003,0.020626757,67.42655181884766,-0.3878301501274109,-0.02059693275950849,0.055078125,0.9506205320358276,9610,0.3
3,1041,0,200.0,768,3163.3333333333335,246.49851760864257,0.0003,0.013794246,127.58639526367188,-0.36041194200515747,-0.013939235219731927,0.03046875,0.921711802482605,9620,0.3
4,1020,1,200.0,1024,3226.0,292.6941570281982,0.0003,0.0065234494,75.5615463256836,-0.3117296040058136,-0.00241864665877074,0.01328125,0.908564031124115,9630,0.3
5,1012,1,200.0,1280,3245.0,206.1572193145752,0.0003,0.017727531,64.95089721679688,-0.33559197932481766,-0.005091359553625807,0.035546875,0.9362621903419495,9640,0.3
6,1010,1,200.0,1536,3224.285714285714,419.4349792480469,0.0003,0.0041037602,205.1389923095703,-0.3238642230629921,-0.0006078425096347928,0.0140625,0.8687276244163513,9650,0.3
7,1007,1,200.0,1792,3233.75,588.0641845703125,0.0003,0.010170009,268.7810974121094,-0.32553786784410477,-0.003445189562626183,0.03203125,0.8218083381652832,9660,0.3
8,1015,2,200.0,2048,3205.0,169.36331901550292,0.0003,0.017997807,82.41165161132812,-0.34949986189603804,-0.015703288558870553,0.026953125,0.937021017074585,9670,0.3
9,1017,2,200.0,2304,3235.4545454545455,266.0121810913086,0.0003,0.03384834,91.23787689208984,-0.3232102274894714,-0.021033515641465782,0.093359375,0.9138458371162415,9680,0.3
10,1016,2,200.0,2560,3240.8333333333335,45.19752941131592,0.0003,0.004504959,19.855506896972656,-0.25342821702361107,-0.004379943897947669,0.007421875,0.9844687581062317,9690,0.3
11,1020,2,200.0,2816,3252.1428571428573,107.91664791107178,0.0003,0.0046829367,41.10462951660156,-0.23853770270943642,-0.00086395702091977,0.00625,0.9619187712669373,9700,0.3
12,1024,2,200.0,3072,3175.3333333333335,338.57995376586916,0.0003,0.007476273,144.952880859375,-0.25971744433045385,-0.009065527888014912,0.019140625,0.8866918683052063,9710,0.3
13,1026,3,200.0,3328,3184.375,198.8348934173584,0.0003,0.004243724,66.37596893310547,-0.270068933069706,-0.003448084183037281,0.007421875,0.9438346028327942,9720,0.3
14,1027,3,200.0,3584,3193.529411764706,138.9871681213379,0.0003,0.0049984083,37.72136688232422,-0.26546250507235525,-0.006003359705209732,0.015234375,0.9596313238143921,9730,0.3
15,1028,3,200.0,3840,3206.315789473684,241.1387393951416,0.0003,0.030855605,123.50189971923828,-0.28251110911369326,-0.005073763872496783,0.03125,0.9251646995544434,9740,0.3
16,1029,3,200.0,4096,3200.0,295.2022819519043,0.0003,0.038072985,169.0076446533203,-0.35820605158805846,-0.015180143807083369,0.053515625,0.9118272662162781,9750,0.3
17,1025,4,200.0,4352,3206.190476190476,183.68355331420898,0.0003,0.008926785,82.85726928710938,-0.2831800475716591,-0.013257542345672845,0.020703125,0.9411421418190002,9760,0.3
18,1024,4,200.0,4608,3226.521739130435,235.7489990234375,0.0003,0.0122960415,119.08042907714844,-0.30416026413440705,-0.006987464975100011,0.023828125,0.926474928855896,9770,0.3
19,1026,4,200.0,4864,3220.0,203.2530960083008,0.0003,0.0033935062,58.433387756347656,-0.29643224328756335,-0.003143309568986297,0.00234375,0.935936689376831,9780,0.3
20,1027,4,200.0,5120,3223.2,95.10083084106445,0.0003,0.01058927,43.64323043823242,-0.31896781027317045,-0.012880800059065223,0.028125,0.9676244854927063,9790,0.3
21,1027,5,200.0,5376,3218.4615384615386,239.7842004776001,0.0003,0.010435501,173.4869842529297,-0.2997069641947746,-0.008356554107740522,0.015625,0.9223395586013794,9800,0.3
22,1030,5,200.0,5632,3225.714285714286,453.53538208007814,0.0003,0.008290887,131.37440490722656,-0.30645624846220015,-0.0035970671684481203,0.017578125,0.8609508275985718,9810,0.3
23,1027,5,200.0,5888,3228.9655172413795,294.94176025390624,0.0003,0.00788365,83.16991424560547,-0.3132925733923912,-0.007176631665788591,0.022265625,0.9070172309875488,9820,0.3
24,1029,5,200.0,6144,3224.6666666666665,328.03965759277344,0.0003,0.014755178,172.23487854003906,-0.3400803431868553,-0.014285550330532715,0.026171875,0.8931288123130798,9830,0.3
25,1028,6,200.0,6400,3230.625,308.2092872619629,0.0003,0.007646667,69.76758575439453,-0.345357346534729,-0.0016140313353389501,0.010546875,0.9026376008987427,9840,0.3
26,1028,6,200.0,6656,3233.3333333333335,400.2256248474121,0.0003,0.0017339359,88.23938751220703,-0.33910541236400604,-0.002943901438266039,0.000390625,0.8803584575653076,9850,0.3
27,1031,6,200.0,6912,3235.8823529411766,273.6479377746582,0.0003,0.021422299,86.1590576171875,-0.3152227222919464,-0.014015142456628382,0.046484375,0.9287533760070801,9860,0.3
28,1032,6,200.0,7168,3230.8571428571427,172.29869842529297,0.0003,0.0058505666,43.165977478027344,-0.3129820004105568,-0.007774851866997778,0.023046875,0.9435261487960815,9870,0.3
29,1033,7,200.0,7424,3230.2702702702704,376.1050483703613,0.0003,0.0040905313,201.38824462890625,-0.32040722370147706,-0.0011613810318522155,0.00234375,0.8860747814178467,9880,0.3
30,1035,7,200.0,7680,3226.842105263158,745.9235595703125,0.0003,0.0056510903,504.046875,-0.2923617288470268,-0.004414318664930761,0.01015625,0.7831651568412781,9890,0.3
31,1035,7,200.0,7936,3234.871794871795,293.65059623718264,0.0003,0.013897153,150.251953125,-0.2836884006857872,-0.006018189899623394,0.01796875,0.9118420481681824,9900,0.3
32,1035,7,200.0,8192,3237.5,78.64131374359131,0.0003,0.00471416,36.53788375854492,-0.3061657607555389,-0.0018214476760476828,0.01328125,0.974755048751831,9910,0.3
33,1036,8,200.0,8448,3242.3809523809523,219.987961769104,0.0003,0.012029462,188.00485229492188,-0.3088348686695099,-0.0032107869163155557,0.0328125,0.9325640797615051,9920,0.3
34,1036,8,200.0,8704,3244.6511627906975,294.36791534423827,0.0003,0.0044526337,130.60691833496094,-0.33711950331926344,-0.003620107565075159,0.008984375,0.9075498580932617,9930,0.3
35,1037,8,200.0,8960,3247.0454545454545,395.5178394317627,0.0003,0.01803959,57.692466735839844,-0.33664399534463885,-0.0074975767871364955,0.051171875,0.8780916929244995,9940,0.3
36,1037,8,200.0,9216,3255.4347826086955,388.0873146057129,0.0003,0.0033850581,44.449405670166016,-0.3190314590930939,-0.003699045768007636,0.006640625,0.877400815486908,9950,0.3
37,1038,9,200.0,9472,3255.31914893617,290.1579750061035,0.0003,0.0019632047,60.72811508178711,-0.3045487001538277,-0.0015556579746771604,0.005859375,0.9099189043045044,9960,0.3
38,1039,9,200.0,9728,3261.4583333333335,294.8790573120117,0.0003,0.00717883,173.75875854492188,-0.3170862585306168,-0.014221041649580001,0.00703125,0.9065386056900024,9970,0.3
39,1039,9,200.0,9984,3262.6530612244896,45.191821002960204,0.0003,0.007134636,19.375015258789062,-0.3150292456150055,-0.010757977003231644,0.040625,0.9837053418159485,9980,0.3
40,1039,9,200.0,10240,3268.823529411765,111.28727779388427,0.0003,0.012805027,79.2196044921875,-0.28569999113678934,-0.011727648810483516,0.027734375,0.9652698636054993,9990,0.3
1,1463,0,200.0,256,3276.0,214.8157585144043,0.0003,0.014018737,67.92959594726562,-0.2999917522072792,-0.004413261543959379,0.018359375,0.9372008442878723,10000,0.3
2,1187,0,200.0,512,3294.5,81.90750541687012,0.0003,0.007243476,29.221059799194336,-1.3991855204105377,-0.0059564057504758235,0.005078125,0.9765767455101013,9610,0.3
3,1165,0,200.0,768,3286.6666666666665,340.58813819885256,0.0003,0.0051627187,253.4828643798828,-1.4164337396621705,-0.0025734529364854096,0.0,0.8944093585014343,9620,0.3
4,1105,0,200.0,1024,3336.0,104.60994186401368,0.0003,0.0112743,39.02798843383789,-1.4500407576560974,-0.007243136572651565,0.001171875,0.9687422513961792,9630,0.3
5,1087,1,200.0,1280,3366.0,481.7010299682617,0.0003,0.00802671,67.9341049194336,-1.4437696993350984,-0.0042802341748028995,0.00625,0.8474958539009094,9640,0.3
6,1074,1,200.0,1536,3358.714285714286,128.4702335357666,0.0003,0.0075101247,62.91057205200195,-1.4159088909626008,-0.006142098130658269,0.00390625,0.9609246850013733,9650,0.3
7,1080,1,200.0,1792,3349.5,477.313232421875,0.0003,0.015249383,126.29226684570312,-1.471494859457016,-0.006297524413093924,0.033203125,0.8517001271247864,9660,0.3
8,1066,1,200.0,2048,3340.2,134.08702583312987,0.0003,0.009328786,79.35560607910156,-1.463552337884903,-0.007251030136831105,0.009765625,0.9571191072463989,9670,0.3
9,1066,2,200.0,2304,3314.090909090909,412.0686943054199,0.0003,0.014191668,287.5528259277344,-1.4377669394016266,-0.011921184416860343,0.00546875,0.8758651614189148,9680,0.3
10,1056,2,200.0,2560,3313.5,203.2820945739746,0.0003,0.012776371,90.49759674072266,-1.313450527191162,-0.011781568033620715,0.02265625,0.9402239322662354,9690,0.3
11,1058,2,200.0,2816,3326.714285714286,467.57410621643066,0.0003,0.002267032,367.0314636230469,-1.2380082190036774,-0.0029304890776984394,0.003125,0.8540374040603638,9700,0.3
12,1055,2,200.0,3072,3339.0,239.88155097961425,0.0003,0.0061003854,158.91038513183594,-1.203272008895874,-0.004591490793973208,0.013671875,0.9224553108215332,9710,0.3
13,1051,3,200.0,3328,3335.9375,129.19437370300292,0.0003,0.017689575,52.41911315917969,-1.3722279250621796,-0.009384787827730178,0.033203125,0.9563009738922119,9720,0.3
14,1049,3,200.0,3584,3346.0,139.45332260131835,0.0003,0.013697138,51.962440490722656,-1.325255924463272,-0.006330139725469053,0.03125,0.9557627439498901,9730,0.3
15,1048,3,200.0,3840,3362.7368421052633,60.69689826965332,0.0003,0.039326385,23.408143997192383,-1.3838928818702698,-0.01272636849898845,0.111328125,0.9829736351966858,9740,0.3
16,1051,3,200.0,4096,3369.85,65.07632446289062,0.0003,0.015516625,31.416540145874023,-1.362532389163971,-0.005296990228816867,0.051953125,0.9785580039024353,9750,0.3
17,1049,4,200.0,4352,3365.0476190476193,121.8644344329834,0.0003,0.029564276,74.74091339111328,-1.3467734217643739,-0.016104391892440617,0.07890625,0.9602120518684387,9760,0.3
18,1051,4,200.0,4608,3377.391304347826,138.34761734008788,0.0003,0.007910358,51.59512710571289,-1.3300762474536896,-0.007616678345948457,0.001953125,0.9581368565559387,9770,0.3
19,1042,4,200.0,4864,3334.5416666666665,117.18282279968261,0.0003,0.015145929,77.89070129394531,-1.2005479037761688,-0.018585154227912425,0.13046875,0.9629305005073547,9780,0.3
20,1045,4,200.0,5120,3341.2,998.535678100586,0.0003,0.005485682,275.2935485839844,-1.0788658022880555,0.0019985668594017627,0.003515625,0.619538426399231,9790,0.3
21,1042,5,200.0,5376,3338.8076923076924,136.04179649353028,0.0003,0.010047238,32.23118209838867,-1.189963126182556,-0.008051737025380135,0.01328125,0.9436400532722473,9800,0.3
22,1043,5,200.0,5632,3344.3214285714284,353.1537094116211,0.0003,0.0059181433,150.0313262939453,-1.2514521658420563,-0.004196083219721913,0.0046875,0.8856400847434998,9810,0.3
23,1045,5,200.0,5888,3350.0689655172414,529.436865234375,0.0003,0.010373185,143.51968383789062,-1.2435651063919066,-0.005830844515003264,0.0078125,0.8399406671524048,9820,0.3
24,1041,5,200.0,6144,3355.366666666667,73.88632106781006,0.0003,0.0037055751,28.63418197631836,-1.2949905335903167,-0.0021658447338268163,0.001953125,0.9801040291786194,9830,0.3
25,1041,6,200.0,6400,3350.8125,49.90587253570557,0.0003,0.02279212,23.333982467651367,-1.288616532087326,-0.02039219392463565,0.096875,0.9829638600349426,9840,0.3
26,1043,6,200.0,6656,3254.6363636363635,250.10266799926757,0.0003,0.0132839065,154.5401611328125,-1.2325795114040374,-0.01387988575734198,0.0265625,0.9180589318275452,9850,0.3
27,1044,6,200.0,6912,3227.0588235294117,230.42212829589843,0.0003,0.0026931101,44.746116638183594,-0.7058226227760315,-0.004920023074373603,0.003125,0.9288414716720581,9860,0.3
28,1044,6,200.0,7168,3235.057142857143,433.1048042297363,0.0003,0.0008186591,105.89795684814453,-1.0529993414878844,-0.001346748135983944,0.0,0.7869791984558105,9870,0.3
29,1045,7,200.0,7424,3244.4594594594596,71.81233997344971,0.0003,0.00965318,36.057106018066406,-1.1737258315086365,-0.0076856805011630055,0.009375,0.9807084798812866,9880,0.3
30,1045,7,200.0,7680,3245.5789473684213,353.9693603515625,0.0003,0.023064718,194.68701171875,-1.1357691705226898,-0.011453363997861742,0.056640625,0.8860597610473633,9890,0.3
31,1044,7,200.0,7936,3247.4615384615386,114.5869821548462,0.0003,0.022660863,81.3436050415039,-1.109804505109787,-0.016720863780938088,0.0765625,0.9643084406852722,9900,0.3
32,1044,7,200.0,8192,3254.0,321.1714889526367,0.0003,0.024416646,207.8267364501953,-1.0979954898357391,-0.002654656954109669,0.06640625,0.9004709124565125,9910,0.3
33,1044,8,200.0,8448,3244.1428571428573,338.1508171081543,0.0003,0.022135314,101.8350601196289,-1.0930574655532836,-0.011179850157350301,0.026171875,0.8916751146316528,9920,0.3
34,1045,8,200.0,8704,3246.0232558139537,170.93701629638673,0.0003,0.015092238,42.911495208740234,-1.0987252950668336,-0.008417624467983841,0.058203125,0.945185661315918,9930,0.3
35,1043,8,200.0,8960,3230.2045454545455,475.03477630615237,0.0003,0.009091531,129.0353546142578,-1.0907452702522278,-0.007359075453132391,0.01171875,0.8957453370094299,9940,0.3
36,1042,8,200.0,9216,3242.413043478261,94.28370571136475,0.0003,0.01960697,51.13235855102539,-1.1311078131198884,-0.011696329363621772,0.029296875,0.9687968492507935,9950,0.3
37,1043,9,200.0,9472,3243.8297872340427,155.86024894714356,0.0003,0.0040195435,39.996124267578125,-1.1874709367752074,-0.00449508223682642,0.000390625,0.9461314678192139,9960,0.3
38,1041,9,200.0,9728,3245.2708333333335,188.85247306823732,0.0003,0.020714737,152.8114776611328,-1.273999923467636,-0.0044146638829261065,0.02421875,0.9390511512756348,9970,0.3
39,1042,9,200.0,9984,3241.1428571428573,463.6933624267578,0.0003,0.0060553825,217.30484008789062,-1.2485153257846833,-0.0029337147017940877,0.001171875,0.8735706806182861,9980,0.3
40,1042,9,200.0,10240,3239.1372549019607,172.37088737487792,0.0003,0.004035947,61.98936462402344,-1.31345836520195,-0.002368646836839616,0.0,0.9448505640029907,9990,0.3
1,1282,0,200.0,256,2860.0,910.1519775390625,0.0003,0.0039271936,661.5440673828125,-1.3576308488845825,-0.002837470988743007,0.0,0.7349177598953247,10000,0.3
2,1176,0,200.0,512,3095.0,641.1805145263672,0.0003,0.00079969456,170.36480712890625,-0.3157867521047592,0.001183872448746115,0.0,0.7500185966491699,10010,0.3
3,1121,0,200.0,768,3246.6666666666665,179.01821517944336,0.0003,0.011105323,92.19263458251953,-0.30597935914993285,-0.0038190465536899866,0.0109375,0.9376881718635559,10020,0.3
4,1093,0,200.0,1024,3276.0,35.89530277252197,0.0003,0.01309749,16.747709274291992,-0.3212867870926857,-0.011399553599767387,0.033203125,0.98454749584198,10030,0.3
5,1082,1,200.0,1280,3281.6666666666665,597.0857833862304,0.0003,0.006534702,254.60498046875,-0.33968549519777297,0.0015004538465291262,0.014453125,0.8031044006347656,10040,0.3
6,1083,1,200.0,1536,3290.0,126.18830070495605,0.0003,0.033437483,74.3934555053711,-0.3251240462064743,-0.01117327637039125,0.08125,0.9547486305236816,10050,0.3
7,1074,1,200.0,1792,3293.75,314.69281177520753,0.0003,0.013013623,131.57504272460938,-0.31420273184776304,-0.00516915088519454,0.054296875,0.901475191116333,10060,0.3
8,1071,1,200.0,2048,3320.0,192.62504386901855,0.0003,0.028370775,64.62576293945312,-0.3322542831301689,-0.01415868941694498,0.075,0.9339752197265625,10070,0.3
9,1078,2,200.0,2304,3321.818181818182,270.13465728759763,0.0003,0.010657268,134.30335998535156,-0.3935721039772034,-0.007817149884067476,0.018359375,0.9244514107704163,10080,0.3
10,1063,2,200.0,2560,3340.0,321.06248970031737,0.0003,0.026058123,217.8754425048828,-0.32386991530656817,-0.00837821759050712,0.086328125,0.9013830423355103,10090,0.3
11,1065,2,200.0,2816,3338.5714285714284,113.71197414398193,0.0003,0.009747283,21.07736587524414,-0.2970554277300835,-0.0036376859177835287,0.017578125,0.956404983997345,10100,0.3
12,1063,2,200.0,3072,3320.0,373.04269180297854,0.0003,0.005173478,159.11766052246094,-0.35557586401700975,-0.004396513244137168,0.01640625,0.8766082525253296,10110,0.3
13,1063,3,200.0,3328,3318.75,135.37080879211425,0.0003,0.03587824,50.800575256347656,-0.33812728673219683,-0.02030348260886967,0.066015625,0.958358645439148,10120,0.3
14,1061,3,200.0,3584,3331.764705882353,77.02832622528076,0.0003,0.023993269,42.6439323425293,-0.3316149294376373,-0.006111330236308277,0.041015625,0.9759275913238525,10130,0.3
15,1061,3,200.0,3840,3318.9473684210525,135.32537841796875,0.0003,0.050559,54.38688659667969,-0.3531318917870522,-0.01893590232357383,0.072265625,0.9539181590080261,10140,0.3
16,1062,3,200.0,4096,3318.0,585.3899871826172,0.0003,0.0059563736,220.5576629638672,-0.3574274927377701,-0.0021879409439861776,0.005859375,0.8281852602958679,10150,0.3
17,1059,4,200.0,4352,3328.5714285714284,100.46024990081787,0.0003,0.00411018,35.666316986083984,-0.30491533875465393,-0.00315854589571245,0.01328125,0.9732111096382141,10160,0.3
18,1054,4,200.0,4608,3337.391304347826,71.4604320526123,0.0003,0.017488914,31.067163467407227,-0.2712539814412594,-0.0059138458280358465,0.0390625,0.9721229672431946,10170,0.3
19,1050,4,200.0,4864,3336.6666666666665,127.3598388671875,0.0003,0.014921752,57.94729232788086,-0.2549660675227642,-0.007595485378988087,0.0359375,0.9581484794616699,10180,0.3
20,1046,4,200.0,5120,3344.8,165.22197189331055,0.0003,0.0066804285,71.69595336914062,-0.2682125926017761,-0.004056507046334446,0.02265625,0.9480425119400024,10190,0.3
21,1049,5,200.0,5376,3341.5384615384614,165.4980583190918,0.0003,0.00084970566,91.78321075439453,-0.2719441786408424,-0.0010427115019410848,0.001171875,0.9331236481666565,10200,0.3
22,1048,5,200.0,5632,3347.1428571428573,123.40708084106446,0.0003,0.008339977,42.097068786621094,-0.2683787889778614,-0.006108941463753581,0.030859375,0.9587919116020203,10210,0.3
23,1048,5,200.0,5888,3353.793103448276,199.929451751709,0.0003,0.020442313,66.51588439941406,-0.29409525394439695,-0.020390470139682294,0.048046875,0.9354502558708191,10220,0.3
24,1052,5,200.0,6144,3353.3333333333335,221.3298397064209,0.0003,0.01884009,100.34040069580078,-0.32094463258981704,-0.00816375920549035,0.049609375,0.9335340261459351,10230,0.3
25,1050,6,200.0,6400,3351.25,397.48232498168943,0.0003,0.0017157642,240.0157928466797,-0.35963414013385775,-0.00021148768719285725,0.00234375,0.8683081865310669,10240,0.3
26,1050,6,200.0,6656,3320.6060606060605,297.704842376709,0.0003,0.0057026064,101.03888702392578,-0.3631322056055069,-0.006019401270896197,0.00703125,0.9082276225090027,10250,0.3
27,1046,6,200.0,6912,3285.294117647059,769.6090118408204,0.0003,0.00074766367,283.0473327636719,-0.2682212419807911,-8.707540109753609e-05,0.00078125,0.7787362933158875,10260,0.3
28,1045,6,200.0,7168,3286.285714285714,344.9622371673584,0.0003,0.00014990102,81.71337890625,-0.27416647002100947,-0.0009785474510863423,0.0,0.8567072749137878,10270,0.3
29,1046,7,200.0,7424,3288.6486486486488,167.45234413146972,0.0003,0.001699886,95.1185302734375,-0.3764973655343056,-0.0020412517944350837,0.000390625,0.9422194957733154,10280,0.3
30,1043,7,200.0,7680,3295.2631578947367,436.5806373596191,0.0003,0.007052446,311.35540771484375,-0.3625167667865753,-0.0009445913368836045,0.015234375,0.8689326643943787,10290,0.3
31,1044,7,200.0,7936,3289.4871794871797,224.06239624023436,0.0003,0.0066308295,56.116756439208984,-0.4287479192018509,-0.008217893447726965,0.01484375,0.9126821160316467,10300,0.3
32,1046,7,200.0,8192,3289.75,162.67260246276857,0.0003,0.0236598,67.9659652709961,-0.3551559090614319,-0.011789807211607694,0.060546875,0.939755380153656,10310,0.3
33,1046,8,200.0,8448,3296.904761904762,55.3840612411499,0.0003,0.0056747724,16.262039184570312,-0.31159666553139687,-0.0030691141495481134,0.00390625,0.9785796999931335,10320,0.3
34,1043,8,200.0,8704,3275.5813953488373,239.45465850830078,0.0003,0.035080202,126.17774963378906,-0.3484141528606415,-0.00619302176637575,0.08046875,0.9234163761138916,10330,0.3
35,1044,8,200.0,8960,3281.590909090909,670.2293045043946,0.0003,0.00056009647,317.579833984375,-0.3666722849011421,-0.0002384896855801344,0.0,0.8109842538833618,10340,0.3
36,1044,8,200.0,9216,3282.8260869565215,40.73255453109741,0.0003,0.008332861,13.761530876159668,-0.3521010339260101,-0.0024956317152827977,0.00390625,0.9886298179626465,10350,0.3
37,1043,9,200.0,9472,3284.0425531914893,200.5583881378174,0.0003,0.017795706,82.50289154052734,-0.3312087059020996,-0.010552667640149593,0.046875,0.9373864531517029,10360,0.3
38,1042,9,200.0,9728,3280.2083333333335,240.62033958435057,0.0003,0.0061836913,82.24414825439453,-0.32314244732260705,-0.004406364646274597,0.02578125,0.9234691262245178,10370,0.3
39,1043,9,200.0,9984,3285.5102040816328,357.5653900146484,0.0003,0.033199042,122.34241485595703,-0.28834797218441965,-0.010173898981884122,0.10078125,0.8984732031822205,10380,0.3
40,1043,9,200.0,10240,3291.176470588235,87.7043493270874,0.0003,0.052087106,34.35626220703125,-0.28266874998807906,-0.00944174467585981,0.05859375,0.9719041585922241,10390,0.3
1,1350,0,200.0,256,3295.0,220.5504066467285,0.0003,0.012213394,55.78327178955078,-0.32383847534656524,-0.00872477658558637,0.027734375,0.9337172508239746,10400,0.3
2,1186,0,200.0,512,3290.0,154.3635353088379,0.0003,0.0187706,70.52588653564453,-1.3475022256374358,-0.008880094066262246,0.017578125,0.9485216736793518,10010,0.3
3,1141,0,200.0,768,3285.6666666666665,286.56756286621095,0.0003,0.030702384,177.59906005859375,-1.3084080874919892,-0.01301226238720119,0.096875,0.9117710590362549,10020,0.3
4,1115,0,200.0,1024,3202.2,87.82817611694335,0.0003,0.025016516,33.277278900146484,-1.3465707778930665,-0.007769857288803905,0.055078125,0.9692575931549072,10030,0.3
5,1096,1,200.0,1280,3180.3333333333335,838.202035522461,0.0003,0.0057342406,401.2104187011719,-1.3649744153022767,-0.004646032466553152,0.0015625,0.7526174187660217,10040,0.3
6,1090,1,200.0,1536,3164.4285714285716,223.81583633422852,0.0003,0.001157328,48.33205795288086,-1.236843502521515,-0.0041670150123536585,0.0,0.9264492392539978,10050,0.3
7,1091,1,200.0,1792,3087.0,739.5123779296875,0.0003,0.0003158606,253.7021942138672,-1.2755610764026641,0.00038497429341077805,0.0,0.8214196562767029,10060,0.3
8,1092,1,200.0,2048,3079.8,145.64758415222167,0.0003,0.0055589294,52.329551696777344,-1.225438129901886,-0.007201928226277232,0.0,0.9603384733200073,10070,0.3
9,1086,2,200.0,2304,3098.090909090909,477.36660919189455,0.0003,0.017437313,289.6393737792969,-1.3571192920207977,-0.007569873798638582,0.04140625,0.8512151837348938,10080,0.3
10,1084,2,200.0,2560,3113.0,39.40294246673584,0.0003,0.011045912,18.429195404052734,-1.3651239693164825,-0.01000892617739737,0.02890625,0.9891030788421631,10090,0.3
11,1085,2,200.0,2816,3108.285714285714,87.4305902481079,0.0003,0.024657553,68.25386810302734,-1.3583554029464722,-0.008671513409353793,0.1,0.9727076292037964,10100,0.3
12,1079,2,200.0,3072,3105.6,803.2458145141602,0.0003,0.0071073337,469.26641845703125,-1.3178792715072631,-0.002765685005579144,0.0,0.7666049599647522,10110,0.3
13,1076,3,200.0,3328,3116.6875,142.87176876068116,0.0003,0.028058287,67.44843292236328,-1.3453858256340028,-0.012463281117379665,0.03125,0.9470064043998718,10120,0.3
14,1083,3,200.0,3584,3098.0588235294117,50.984632110595705,0.0003,0.017359687,23.24688148498535,-1.2179941356182098,-0.016648054053075612,0.02890625,0.9810853004455566,10130,0.3
15,1078,3,200.0,3840,3096.3684210526317,96.25860595703125,0.0003,0.0121957455,51.546138763427734,-1.2220564484596252,-0.0008588227676227689,0.026953125,0.967825710773468,10140,0.3
16,1078,3,200.0,4096,3105.8,436.0429885864258,0.0003,0.008111568,273.2958068847656,-1.2902428150177,-0.008810390043072403,0.007421875,0.8711427450180054,10150,0.3
17,1077,4,200.0,4352,3102.5238095238096,77.72899894714355,0.0003,0.018877788,31.017578125,-1.2983335733413697,-0.01279619017150253,0.03203125,0.9720575213432312,10160,0.3
18,1074,4,200.0,4608,3128.3478260869565,58.49092540740967,0.0003,0.06598711,39.733455657958984,-1.3632971704006196,-0.013973786542192102,0.13203125,0.9820550084114075,10170,0.3
19,1074,4,200.0,4864,3133.875,118.80513134002686,0.0003,0.012506479,73.71577453613281,-1.4180268168449401,-0.017068016808480024,0.03046875,0.9624108672142029,10180,0.3
20,1071,4,200.0,5120,3139.52,260.4021476745605,0.0003,0.008703269,168.68727111816406,-1.4113239288330077,-0.004598059947602451,0.0125,0.9214865565299988,10190,0.3
21,1070,5,200.0,5376,3153.730769230769,49.560663032531735,0.0003,0.06288248,20.34290313720703,-1.379055279493332,-0.02101791331078857,0.192578125,0.9868149161338806,10200,0.3
22,1067,5,200.0,5632,3163.0,150.33818893432618,0.0003,0.09275578,68.04155731201172,-1.44430131316185,-0.02404310177080333,0.132421875,0.9537482857704163,10210,0.3
23,1065,5,200.0,5888,3174.862068965517,189.8576389312744,0.0003,0.006062753,60.85857391357422,-1.3613053500652312,0.0006507409736514092,0.00390625,0.9362831115722656,10220,0.3
24,1065,5,200.0,6144,3163.3333333333335,76.97222213745117,0.0003,0.025191983,32.20928955078125,-1.3610923171043396,-0.012037675478495657,0.048046875,0.9752376079559326,10230,0.3
25,1063,6,200.0,6400,3171.40625,215.98151130676268,0.0003,0.009001862,64.7644271850586,-1.3450175166130065,-0.006388789042830467,0.005078125,0.8875902891159058,10240,0.3
26,1061,6,200.0,6656,3175.3939393939395,525.1539321899414,0.0003,0.003090721,217.1075439453125,-1.412535512447357,-0.004261516127735376,0.002734375,0.8488693237304688,10250,0.3
27,1060,6,200.0,6912,3178.3823529411766,325.1275131225586,0.0003,0.008369347,88.2936019897461,-1.4140023171901703,-0.010149704851210117,0.0109375,0.8851035237312317,10260,0.3
28,1059,6,200.0,7168,3187.7714285714287,103.48965644836426,0.0003,0.037241623,57.26559066772461,-1.4157039403915406,-0.007768898591166362,0.070703125,0.9669598937034607,10270,0.3
29,1058,7,200.0,7424,3194.324324324324,55.35623741149902,0.0003,0.0127381515,26.944211959838867,-1.4522153735160828,-0.011613464425317943,0.0359375,0.9824137091636658,10280,0.3
30,1058,7,200.0,7680,3177.3947368421054,825.5664123535156,0.0003,0.013526869,374.6201171875,-1.4726857602596284,0.001287608710117638,0.034765625,0.7502037882804871,10290,0.3
31,1057,7,200.0,7936,3180.6153846153848,196.81112098693848,0.0003,0.0021127418,54.57577133178711,-1.4363766670227052,-0.005143610923551023,0.0,0.9014624357223511,10300,0.3
32,1056,7,200.0,8192,3176.725,306.2361499786377,0.0003,0.0020297717,221.9097442626953,-1.408421665430069,-0.004168588353786617,0.0,0.9032019972801208,10310,0.3
33,1054,8,200.0,8448,3182.595238095238,107.19281902313233,0.0003,0.03893643,68.02790069580078,-1.4296128928661347,-0.014891722425818443,0.0984375,0.9641066193580627,10320,0.3
34,1053,8,200.0,8704,3179.767441860465,428.15790405273435,0.0003,0.00618402,222.06809997558594,-1.3911151707172393,-0.003677659132517874,0.000390625,0.8725265860557556,10330,0.3
35,1053,8,200.0,8960,3170.909090909091,483.7634475708008,0.0003,0.021049539,291.05426025390625,-1.394885790348053,-0.006613040389493108,0.032421875,0.8626595139503479,10340,0.3
36,1053,8,200.0,9216,3175.913043478261,287.65827026367185,0.0003,0.005963808,94.73957061767578,-1.3597022891044617,-0.0038978031603619455,0.0046875,0.8959690928459167,10350,0.3
37,1052,9,200.0,9472,3178.574468085106,298.5242042541504,0.0003,0.026745517,179.22439575195312,-1.285957020521164,-0.013072812370955944,0.038671875,0.9013339281082153,10360,0.3
38,1050,9,200.0,9728,3180.5,274.3392333984375,0.0003,0.045094583,193.2621612548828,-1.2395830512046815,-0.008721280680038034,0.059765625,0.9138151407241821,10370,0.3
39,1045,9,200.0,9984,3182.6326530612246,47.37177858352661,0.0003,0.020231472,15.253360748291016,-1.2571567952632905,-0.020371176395565273,0.09453125,0.983490526676178,10380,0.3
40,1045,9,200.0,10240,3139.901960784314,166.58877296447753,0.0003,0.023087732,32.73775100708008,-1.28993039727211,-0.013040859252214432,0.09765625,0.9461811184883118,10390,0.3
1,1316,0,200.0,256,3320.0,495.0792297363281,0.0003,0.0026086613,141.89666748046875,-1.197207760810852,-0.0025233747670426964,0.0,0.8748878836631775,10400,0.3
2,1157,0,200.0,512,3430.0,185.3542636871338,0.0003,0.03431169,115.42301177978516,-0.32412737756967547,-0.018075618660077453,0.119921875,0.942690908908844,10410,0.3
3,1111,0,200.0,768,3400.0,46.65565223693848,0.0003,0.008788148,21.874897003173828,-0.3279630452394485,-0.007505504367873073,0.01015625,0.9851183891296387,10420,0.3
4,1099,0,200.0,1024,2880.0,653.2096099853516,0.0003,0.0032778552,273.46148681640625,-0.19457122012972833,0.0006757116410881281,0.003515625,0.8937644958496094,10430,0.3
5,1087,1,200.0,1280,2956.6666666666665,88.35569877624512,0.0003,0.023729648,24.624473571777344,-0.26646687313914297,-0.013312151655554771,0.04921875,0.9731960892677307,10440,0.3
6,1080,1,200.0,1536,3007.1428571428573,345.7482048034668,0.0003,0.007643272,128.81207275390625,-0.25076685696840284,-0.0028656929731369018,0.01953125,0.8917278051376343,10450,0.3
7,1075,1,200.0,1792,3018.75,119.67613506317139,0.0003,0.019582087,83.49051666259766,-0.33448379635810854,-0.009503513784147799,0.055078125,0.9629647135734558,10460,0.3
8,1071,1,200.0,2048,3075.0,454.8959335327148,0.0003,0.008809346,261.6637268066406,-0.3249925747513771,-0.002583155711181462,0.028125,0.8579837679862976,10470,0.3
9,1068,2,200.0,2304,3099.090909090909,177.17229499816895,0.0003,0.018644355,102.229736328125,-0.3614513769745827,-0.00861805456224829,0.04609375,0.9418655037879944,10480,0.3
10,1066,2,200.0,2560,3119.1666666666665,433.24142837524414,0.0003,0.012335221,161.90647888183594,-0.339345720410347,-0.004859268013387918,0.0328125,0.8661045432090759,10490,0.3
11,1063,2,200.0,2816,3163.5714285714284,225.33709564208985,0.0003,0.014710988,138.95167541503906,-0.29649598747491834,-0.005722945393063128,0.02734375,0.9279704093933105,10500,0.3
12,1058,2,200.0,3072,3189.3333333333335,188.5144863128662,0.0003,0.0320847,77.65450286865234,-0.2905296444892883,-0.014153571263886989,0.07109375,0.9432839155197144,10510,0.3
13,1055,3,200.0,3328,3198.75,93.08912630081177,0.0003,0.013896642,36.22102737426758,-0.26644176840782163,-0.00916206098627299,0.0203125,0.971773624420166,10520,0.3
14,1052,3,200.0,3584,3218.823529411765,309.4819221496582,0.0003,0.0017720114,52.749202728271484,-0.21833623796701432,-0.0008756647817790508,0.0,0.8684953451156616,10530,0.3
15,1046,3,200.0,3840,3242.1052631578946,188.43798294067383,0.0003,0.003345776,40.711585998535156,-0.23526356741786003,-0.009727707947604358,0.016015625,0.9389660954475403,10540,0.3
16,1046,3,200.0,4096,3258.0,343.06463584899905,0.0003,0.009527509,266.239501953125,-0.22676114812493325,-0.001335538923740387,0.011328125,0.8959122896194458,10550,0.3
17,1044,4,200.0,4352,3123.3333333333335,249.77466201782227,0.0003,0.003468304,118.75399780273438,-0.3891444906592369,-0.0050730215385556224,0.00390625,0.9385762810707092,10560,0.3
18,1045,4,200.0,4608,3150.8695652173915,19.429527521133423,0.0003,0.050469764,4.094189643859863,-0.5785695731639862,-0.022721201926469804,0.05703125,0.9959045052528381,10570,0.3
19,1042,4,200.0,4864,3157.9166666666665,627.4123764038086,0.0003,0.024539389,333.9996032714844,-0.21297108232975007,0.001618338970001787,0.0796875,0.8247489929199219,10580,0.3
20,1040,4,200.0,5120,3174.0,250.9467575073242,0.0003,0.014981587,46.35942840576172,-0.1841755960136652,-0.008819186361506581,0.022265625,0.9231979846954346,10590,0.3
21,1039,5,200.0,5376,3188.4615384615386,118.88031253814697,0.0003,0.0020188813,59.34369659423828,-0.1428196385502815,-0.004630563646787778,0.0046875,0.961351215839386,10600,0.3
22,1039,5,200.0,5632,3213.9285714285716,92.96343669891357,0.0003,0.0024934763,51.422462463378906,-0.13684417270123958,-0.002768650301732123,0.005078125,0.9711703062057495,10610,0.3
23,1040,5,200.0,5888,3217.2413793103447,211.03349761962892,0.0003,0.007126504,100.1927719116211,-0.18443361073732376,-0.009150881902314723,0.02578125,0.9297913312911987,10620,0.3
24,1041,5,200.0,6144,3228.0,209.3375331878662,0.0003,0.032623522,121.34275817871094,-0.25141583681106566,-0.014844608213752507,0.048046875,0.9314980506896973,10630,0.3
25,1040,6,200.0,6400,3247.5,47.50190267562866,0.0003,0.0067156022,17.579267501831055,-0.298835976421833,-0.006938814301975071,0.01796875,0.9824311137199402,10640,0.3
26,1041,6,200.0,6656,3256.6666666666665,119.52276515960693,0.0003,0.020789528,21.680919647216797,-0.225795117020607,-0.0047540797386318445,0.047265625,0.9587870240211487,10650,0.3
27,1040,6,200.0,6912,3265.0,61.0094069480896,0.0003,0.012818627,44.3440055847168,-0.18198164254426957,-0.011403165734373033,0.02890625,0.9779207110404968,10660,0.3
28,1040,6,200.0,7168,3272.8571428571427,89.51735744476318,0.0003,0.007535049,33.687294006347656,-0.18780319020152092,-0.006674005533568561,0.0171875,0.9598497748374939,10670,0.3
29,1040,7,200.0,7424,3282.162162162162,51.661398315429686,0.0003,0.002584023,21.1705265045166,-0.22830600738525392,-0.0035565262864110992,0.010546875,0.9816783666610718,10680,0.3
30,1040,7,200.0,7680,3288.9473684210525,337.2059494018555,0.0003,0.013517607,274.7564697265625,-0.23457004502415657,-0.004922713025007397,0.031640625,0.8943880796432495,10690,0.3
31,1040,7,200.0,7936,3295.3846153846152,24.773547983169557,0.0003,0.016562942,8.585803031921387,-0.23596632704138756,-0.01088068848475814,0.043359375,0.9924311637878418,10700,0.3
32,1040,7,200.0,8192,3296.0,144.03545150756835,0.0003,0.009159032,99.79115295410156,-0.23331026509404182,-0.00581556762335822,0.013671875,0.9528537392616272,10710,0.3
33,1040,8,200.0,8448,3274.5238095238096,206.3753116607666,0.0003,0.062086284,83.63976287841797,-0.2861065797507763,-0.016086666192859412,0.108203125,0.9356926679611206,10720,0.3
34,1039,8,200.0,8704,3276.046511627907,1617.27587890625,0.0003,0.0036001224,392.95184326171875,-0.32979821115732194,0.002423852914944291,0.01015625,0.5419918298721313,10730,0.3
35,1038,8,200.0,8960,3216.818181818182,935.399658203125,0.0003,0.0038345153,425.1380310058594,-0.2310633882880211,-0.0037424892652779818,0.0046875,0.867769718170166,10740,0.3
36,1039,8,200.0,9216,3226.521739130435,428.53251190185546,0.0003,0.0028547375,166.9884490966797,-0.2854225061833858,-0.00464917792705819,0.003515625,0.8820687532424927,10750,0.3
37,1036,9,200.0,9472,3233.191489361702,344.70396881103517,0.0003,0.0043875147,194.65545654296875,-0.33067844808101654,-0.0062174326274544,0.012109375,0.8806931376457214,10760,0.3
38,1035,9,200.0,9728,3235.4166666666665,30.472074794769288,0.0003,0.0056178067,16.784408569335938,-0.2951605573296547,-0.0014814590103924274,0.021875,0.9903950691223145,10770,0.3
39,1036,9,200.0,9984,3241.6326530612246,425.87110366821287,0.0003,0.008724097,143.80308532714844,-0.3051073506474495,-0.0027490407810546458,0.032421875,0.8732123970985413,10780,0.3
40,1034,9,200.0,10240,3253.3333333333335,84.10082635879516,0.0003,0.010129679,40.26200485229492,-0.2829227387905121,-0.004423464834690094,0.030859375,0.9730417132377625,10790,0.3
1,1300,0,200.0,256,3517.0,78.85239582061767,0.0003,0.025090108,42.56700897216797,-0.2920272879302502,-0.009033240634016693,0.05,0.9718897938728333,10800,0.3
2,1138,0,200.0,512,3155.5,240.27483978271485,0.0003,0.0010901997,83.73323822021484,-1.2159094989299775,0.002365858107805252,0.0,0.9032520651817322,10410,0.3
3,1083,0,200.0,768,3210.0,94.59382019042968,0.0003,0.008074322,26.090381622314453,-1.2721853315830232,-0.007862820872105658,0.0046875,0.97191321849823,10420,0.3
4,1052,0,200.0,1024,3251.6,355.93429412841795,0.0003,0.008760595,142.46376037597656,-1.239477092027664,-0.0027666059788316487,0.01015625,0.8939766883850098,10430,0.3
5,1047,1,200.0,1280,3261.3333333333335,732.4751441955566,0.0003,0.016074378,286.7552795410156,-1.3023950815200807,-0.015375641314312816,0.02890625,0.7907528877258301,10440,0.3
6,1043,1,200.0,1536,3267.5714285714284,193.48689250946046,0.0003,0.0017052405,119.94364929199219,-1.276059091091156,-0.000606697890907526,0.0,0.939787745475769,10450,0.3
7,1039,1,200.0,1792,3297.5,406.31128845214846,0.0003,0.0055003045,293.7469482421875,-1.2926707327365876,-0.006742403050884605,0.0078125,0.8716055154800415,10460,0.3
8,1040,1,200.0,2048,3204.4,280.3855911254883,0.0003,0.0019039782,86.45377349853516,-1.2088144838809967,-9.001048747450113e-05,0.0,0.8712202310562134,10470,0.3
9,1038,2,200.0,2304,3059.0,541.9900527954102,0.0003,0.0053841583,168.94493103027344,-1.3335352838039398,-0.006950129778124392,0.0015625,0.839730441570282,10480,0.3
10,1038,2,200.0,2560,3096.4166666666665,210.5845802307129,0.0003,0.0005972332,67.65850830078125,-1.1039449095726013,-0.000927302474156022,0.0,0.9552431106567383,10490,0.3
11,1039,2,200.0,2816,3127.3571428571427,82.95169563293457,0.0003,0.016004045,19.364835739135742,-1.2670543909072876,-0.008407052466645836,0.04140625,0.9745510220527649,10500,0.3
12,1039,2,200.0,3072,3140.133333333333,702.1525886535644,0.0003,0.008236827,188.64962768554688,-1.2453858077526092,-0.010144642484374345,0.010546875,0.7969213128089905,10510,0.3
13,1040,3,200.0,3328,3151.3125,178.38197059631347,0.0003,0.013546238,53.84069061279297,-1.2336022973060607,-0.010193725884892046,0.02109375,0.9433393478393555,10520,0.3
14,1039,3,200.0,3584,3172.470588235294,437.13369979858396,0.0003,0.039500255,75.10163116455078,-1.2135009109973907,-0.019997392455115913,0.115234375,0.8666660785675049,10530,0.3
15,1040,3,200.0,3840,3196.0,41.41579799652099,0.0003,0.030974712,16.06514549255371,-1.2315629839897155,-0.013982679974287749,0.059765625,0.9888867735862732,10540,0.3
16,1038,3,200.0,4096,3200.55,99.44624862670898,0.0003,0.01529435,31.367935180664062,-1.2342541694641114,-0.004757948080077767,0.016796875,0.9581277966499329,10550,0.3
17,1039,4,200.0,4352,3206.285714285714,284.0569076538086,0.0003,0.02516215,131.27435302734375,-1.2782288551330567,-0.0157453001011163,0.052734375,0.9159958958625793,10560,0.3
18,1037,4,200.0,4608,3232.9565217391305,443.3416412353516,0.0003,0.0068906276,198.77352905273438,-1.3167527437210083,-0.003376585803925991,0.0015625,0.856455385684967,10570,0.3
19,1037,4,200.0,4864,3236.125,117.26078414916992,0.0003,0.058095433,32.75858688354492,-1.2684160470962524,-0.013019582000561058,0.121484375,0.9578532576560974,10580,0.3
20,1036,4,200.0,5120,3238.8,217.44028930664064,0.0003,0.011119149,146.58421325683594,-1.2132907927036285,-0.012382542178966106,0.013671875,0.9313008189201355,10590,0.3
21,1032,5,200.0,5376,3248.9615384615386,339.62643203735354,0.0003,0.00758632,238.81903076171875,-1.2100661277770997,-0.00772945424541831,0.03125,0.8892171382904053,10600,0.3
22,1030,5,200.0,5632,3259.8928571428573,60.220783424377444,0.0003,0.046040338,25.00677490234375,-1.2061483144760132,-0.01713009672239423,0.124609375,0.9797830581665039,10610,0.3
23,1028,5,200.0,5888,3260.4137931034484,476.3453422546387,0.0003,0.009988473,138.36117553710938,-1.1207780599594117,-0.004916210961528123,0.023828125,0.8647981882095337,10620,0.3
24,1028,5,200.0,6144,3268.5,120.3935760498047,0.0003,0.031743046,63.974937438964844,-1.118355429172516,-0.007151839486323297,0.04765625,0.9636728763580322,10630,0.3
25,1029,6,200.0,6400,3277.28125,30.510837364196778,0.0003,0.04164669,12.973102569580078,-1.1126146614551544,-0.022700708685442807,0.121875,0.9911713600158691,10640,0.3
26,1029,6,200.0,6656,3284.242424242424,482.5599136352539,0.0003,0.03944303,198.1833038330078,-1.1337406277656554,-0.008644074969924986,0.144140625,0.8550000190734863,10650,0.3
27,1027,6,200.0,6912,3242.8529411764707,381.0863883972168,0.0003,0.0013365624,104.69705963134766,-1.00946224629879,-0.0033640148118138312,0.0,0.8640892505645752,10660,0.3
28,1026,6,200.0,7168,3245.0285714285715,365.62898712158204,0.0003,0.0068325936,160.95358276367188,-1.0850311398506165,-0.00705922853667289,0.002734375,0.9023187756538391,10670,0.3
29,1027,7,200.0,7424,3252.6486486486488,590.1770965576172,0.0003,0.004929279,185.21669006347656,-1.1490987837314606,-0.005873315408825875,0.0015625,0.8067920804023743,10680,0.3
30,1027,7,200.0,7680,3259.315789473684,167.55288963317872,0.0003,0.0034443368,89.65306854248047,-1.1584851145744324,-0.004024477093480527,0.0,0.9324697256088257,10690,0.3
31,1027,7,200.0,7936,3265.641025641026,63.225649452209474,0.0003,0.007224749,33.62018585205078,-1.1194489896297455,-0.01134727499447763,0.006640625,0.9801161289215088,10700,0.3
32,1026,7,200.0,8192,3271.725,76.3467861175537,0.0003,0.010686584,21.86446189880371,-1.1499828159809113,-0.011573877045884728,0.06328125,0.9749641418457031,10710,0.3
33,1025,8,200.0,8448,3273.5,71.56139812469482,0.0003,0.025627468,27.975807189941406,-1.1653198719024658,-0.011537865409627557,0.037890625,0.975978434085846,10720,0.3
34,1026,8,200.0,8704,3279.139534883721,361.1272682189941,0.0003,0.014369786,192.4702606201172,-1.1287442326545716,-0.013282800326123834,0.013671875,0.8921226263046265,10730,0.3
35,1025,8,200.0,8960,3279.6363636363635,76.91849670410156,0.0003,0.014596299,22.7801513671875,-1.1530268311500549,-0.008540858840569853,0.015234375,0.9728190898895264,10740,0.3
36,1024,8,200.0,9216,3274.304347826087,255.69144515991212,0.0003,0.004420256,108.51708221435547,-1.1258785128593445,-0.004552469262853265,0.004296875,0.917715311050415,10750,0.3
37,1021,9,200.0,9472,3279.191489361702,188.95982055664064,0.0003,0.0139119895,66.68328857421875,-1.0627842962741851,-0.008714889583643526,0.029296875,0.9446768164634705,10760,0.3
38,1022,9,200.0,9728,3274.1875,148.0324935913086,0.0003,0.0026346045,83.78374481201172,-1.0184501618146897,-0.002096353005617857,0.0,0.9548792839050293,10770,0.3
39,1022,9,200.0,9984,3274.204081632653,117.1779993057251,0.0003,0.016888643,69.44303894042969,-1.0515721261501312,-0.007782049174420535,0.027734375,0.9646474719047546,10780,0.3
40,1022,10,200.0,10240,3283.725490196078,57.167059898376465,0.0003,0.021088108,23.579742431640625,-1.0601937472820282,-0.005159522779285908,0.03125,0.9799436926841736,10790,0.3
1,1228,0,200.0,256,3540.0,111.29847068786621,0.0003,0.040399343,44.76970672607422,-1.0785790383815765,-0.012220719736069441,0.082421875,0.9625839591026306,10800,0.3
2,1124,0,200.0,512,3425.0,77.02979984283448,0.0003,0.010119134,24.45201301574707,-0.3242583885788918,-0.004683512798510492,0.01640625,0.9729281067848206,10810,0.3
3,1097,0,200.0,768,3396.6666666666665,130.44693584442138,0.0003,0.01320619,91.43425750732422,-0.31278992295265196,-0.012695779092609882,0.0703125,0.9603945016860962,10820,0.3
4,1080,0,200.0,1024,3412.0,265.24449768066404,0.0003,0.004659025,69.29354858398438,-0.3179334655404091,-0.006268340325914323,0.01171875,0.9159436225891113,10830,0.3
5,1060,1,200.0,1280,3433.3333333333335,134.7856092453003,0.0003,0.043800958,40.663291931152344,-0.3203529387712479,-0.01943762064911425,0.085546875,0.955220639705658,10840,0.3
6,1048,1,200.0,1536,3448.5714285714284,37.21980562210083,0.0003,0.0032334952,14.68452262878418,-0.29649807661771777,-0.00555639136582613,0.03046875,0.9888359308242798,10850,0.3
7,1027,1,200.0,1792,3433.75,53.95102481842041,0.0003,0.03559058,38.65189743041992,-0.31506518125534055,-0.008090418810024858,0.048046875,0.9820016026496887,10860,0.3
8,1027,1,200.0,2048,3414.0,141.52261543273926,0.0003,0.05171065,39.88603973388672,-0.3407079502940178,-0.018803273071534933,0.086328125,0.9550556540489197,10870,0.3
9,1026,2,200.0,2304,3406.3636363636365,396.3921813964844,0.0003,0.008004193,97.93084716796875,-0.35643880516290666,-0.008703430532477796,0.0546875,0.8773139715194702,10880,0.3
10,1028,2,200.0,2560,3400.8333333333335,243.1672206878662,0.0003,0.01228819,132.77980041503906,-0.3502431735396385,-0.016287977620959283,0.029296875,0.9252567291259766,10890,0.3
11,1025,2,200.0,2816,3420.714285714286,210.18423385620116,0.0003,0.013306456,109.3987808227539,-0.30338269546628,-0.01989338519051671,0.08515625,0.9327398538589478,10900,0.3
12,1027,2,200.0,3072,3428.6666666666665,106.24152641296386,0.0003,0.01738269,35.95981216430664,-0.30714488327503203,-0.005450987070798874,0.103515625,0.9659928679466248,10910,0.3
13,1028,3,200.0,3328,3423.125,22.713388442993164,0.0003,0.035483178,4.7799201011657715,-0.30029910802841187,-0.017050840659067035,0.034375,0.9916402101516724,10920,0.3
14,1023,3,200.0,3584,3430.0,342.313459777832,0.0003,0.010659922,124.48664093017578,-0.2810955837368965,-0.0037055103573948147,0.059765625,0.8991096019744873,10930,0.3
15,1024,3,200.0,3840,3441.5789473684213,86.71253623962403,0.0003,0.002651806,21.404767990112305,-0.2711127683520317,-0.0018877340480685234,0.01328125,0.9713451266288757,10940,0.3
16,1023,4,200.0,4096,3446.5,91.64039516448975,0.0003,0.0062707304,61.48535919189453,-0.27629276365041733,-0.0052175193559378386,0.021484375,0.9700672626495361,10950,0.3
17,1023,4,200.0,4352,3441.4285714285716,34.346015501022336,0.0003,0.017614506,18.08133888244629,-0.28292625695466994,-0.007970768422819675,0.084765625,0.9878233075141907,10960,0.3
18,1021,4,200.0,4608,3450.0,227.10804567337036,0.0003,0.020279128,93.6623764038086,-0.2557069376111031,-0.002022790617775172,0.0515625,0.930131196975708,10970,0.3
19,1020,4,200.0,4864,3453.75,140.26134090423585,0.0003,0.008963053,55.82195281982422,-0.21007090508937837,-0.0026422374416142703,0.020703125,0.956206738948822,10980,0.3
20,1021,5,200.0,5120,3449.2,99.7614933013916,0.0003,0.003757757,36.18956756591797,-0.20673045590519906,-0.006020492035895586,0.014453125,0.967406690120697,10990,0.3
21,1022,5,200.0,5376,3452.6923076923076,167.0278392791748,0.0003,0.0031699876,110.24749755859375,-0.144395923987031,-0.0010411193128675223,0.0140625,0.9454840421676636,11000,0.3
22,1024,5,200.0,5632,3449.6428571428573,73.3319305419922,0.0003,0.0058348193,32.804527282714844,-0.1777376726269722,-0.0019228661665692925,0.02265625,0.9774091243743896,11010,0.3
23,1022,5,200.0,5888,3445.862068965517,304.8055473327637,0.0003,0.0062973863,52.33808517456055,-0.21690588295459748,-0.006817721948027611,0.01328125,0.9054869413375854,11020,0.3
24,1020,6,200.0,6144,3442.3333333333335,431.46327819824216,0.0003,0.0005005344,170.3224639892578,-0.18511963710188867,-0.0003161005093716085,0.0,0.8583542704582214,11030,0.3
25,1021,6,200.0,6400,3448.4375,305.5559478759766,0.0003,0.034377202,137.3612518310547,-0.1544950395822525,-0.006591371167451144,0.0328125,0.9051364660263062,11040,0.3
26,1022,6,200.0,6656,3445.151515151515,89.19000988006592,0.0003,0.013094856,50.57508087158203,-0.10185381360352039,-0.008973110839724541,0.023046875,0.9690410494804382,11050,0.3
27,1023,6,200.0,6912,3442.0588235294117,271.7918617248535,0.0003,0.0068759276,150.61375427246094,-0.10017185397446156,-0.008617662475444376,0.01171875,0.9149718284606934,11060,0.3
28,1023,7,200.0,7168,3439.1428571428573,304.29999961853025,0.0003,0.010718249,210.8429412841797,-0.09398031421005726,-0.004579159733839333,0.030078125,0.9046277403831482,11070,0.3
29,1024,7,200.0,7424,3432.7027027027025,434.6158111572266,0.0003,0.0013613936,70.84994506835938,-0.09395816847682,-0.0009729274082928896,0.00234375,0.8685003519058228,11080,0.3
30,1024,7,200.0,7680,3435.5263157894738,188.51009140014648,0.0003,0.0018595688,97.91287994384766,-0.10434177182614804,-0.0020107423420995473,0.003515625,0.9397673606872559,11090,0.3
31,1024,7,200.0,7936,3433.076923076923,156.38097763061523,0.0003,0.0047153244,101.18272399902344,-0.09450392872095108,-0.007450432167388499,0.015234375,0.9515476226806641,11100,0.3
32,1024,7,200.0,8192,3435.75,228.0573501586914,0.0003,0.0020203774,156.17811584472656,-0.11026513688266278,-0.0010251986794173717,0.00390625,0.9293500185012817,11110,0.3
33,1025,8,200.0,8448,3429.7619047619046,55.02262415885925,0.0003,0.00044942275,28.58055877685547,-0.10455469079315663,-5.7936541270464656e-05,0.000390625,0.9833373427391052,11120,0.3
34,1024,8,200.0,8704,3427.6744186046512,661.1395065307618,0.0003,0.0043898057,236.34671020507812,-0.17814942449331284,-0.004559341887943447,0.00859375,0.8298810720443726,11130,0.3
35,1024,8,200.0,8960,3430.2272727272725,393.87613372802736,0.0003,0.0077955676,164.2506561279297,-0.1662720575928688,-0.002880569826811552,0.0140625,0.877732515335083,11140,0.3
36,1024,8,200.0,9216,3425.8695652173915,47.67523488998413,0.0003,0.04414715,14.760628700256348,-0.1591730859130621,-0.015140336472541094,0.044921875,0.9838052988052368,11150,0.3
37,1025,9,200.0,9472,3428.2978723404253,337.6126289367676,0.0003,0.0040700845,136.41722106933594,-0.12937265858054162,-0.002469961531460285,0.00703125,0.8976985216140747,11160,0.3
38,1024,9,200.0,9728,3426.4583333333335,118.25200119018555,0.0003,0.01621524,56.07489776611328,-0.16978640407323836,-0.006009948579594493,0.01875,0.9588525295257568,11170,0.3
39,1025,9,200.0,9984,3424.6938775510203,491.4036064147949,0.0003,0.012630426,296.1853942871094,-0.20870522484183313,-0.004835988767445088,0.024609375,0.8449509143829346,11180,0.3
40,1025,9,200.0,10240,3425.294117647059,221.19661560058594,0.0003,0.004185852,101.03885650634766,-0.2269120082259178,-0.0025389262707903983,0.008984375,0.9312852621078491,11190,0.3
1,1325,0,200.0,256,3505.0,385.12537307739257,0.0003,0.011859117,227.64723205566406,-0.25881234407424925,-0.002913323906250298,0.038671875,0.8809370398521423,11200,0.3
2,1156,0,200.0,512,3506.0,46.61843605041504,0.0003,0.015319822,28.933290481567383,-1.0954865276813508,-0.010465755453333258,0.05859375,0.98548424243927,10810,0.3
3,1120,0,200.0,768,3507.0,23.91617879867554,0.0003,0.012935098,10.558818817138672,-1.0136514455080032,-0.013514126697555185,0.040234375,0.991367757320404,10820,0.3
4,1091,0,200.0,1024,3507.8,25.152064895629884,0.0003,0.023218252,13.65921688079834,-1.0343177139759063,-0.008793234173208476,0.073828125,0.9914589524269104,10830,0.3
5,1077,1,200.0,1280,3474.3333333333335,97.1596836090088,0.0003,0.015177191,41.53682327270508,-1.149016523361206,0.0010889314115047454,0.110546875,0.9683554768562317,10840,0.3
6,1067,1,200.0,1536,3451.8571428571427,425.3948143005371,0.0003,0.018728036,269.4850769042969,-1.1788718044757842,-0.008157106023281813,0.05625,0.8708221912384033,10850,0.3
7,1063,1,200.0,1792,3434.5,223.14696578979493,0.0003,0.0061958665,77.55335998535156,-1.1980928301811218,-0.00418160071130842,0.001171875,0.9252613186836243,10860,0.3
8,1058,1,200.0,2048,3407.3,438.7770378112793,0.0003,0.020122517,148.29159545898438,-1.180303293466568,-0.012122139311395585,0.044140625,0.8618005514144897,10870,0.3
9,1057,2,200.0,2304,3396.909090909091,508.601611328125,0.0003,0.004356073,212.0677490234375,-1.2104580760002137,-0.003130283346399665,0.00078125,0.8448528051376343,10880,0.3
10,1054,2,200.0,2560,3406.4166666666665,163.66542415618898,0.0003,0.009840529,52.5209846496582,-1.2053429305553436,-0.005257823725696653,0.005078125,0.9504472613334656,10890,0.3
11,1052,2,200.0,2816,3420.785714285714,39.28536853790283,0.0003,0.048855316,15.219500541687012,-1.2085306644439697,-0.02116495594382286,0.131640625,0.9862819314002991,10900,0.3
12,1051,2,200.0,3072,3426.5333333333333,53.61952877044678,0.0003,0.013329588,23.998363494873047,-1.1850798010826111,-0.00939648828934878,0.0140625,0.981769323348999,10910,0.3
13,1049,3,200.0,3328,3418.9375,38.62427730560303,0.0003,0.05770096,22.74291229248047,-1.1014493227005004,-0.013334441650658845,0.112890625,0.9835427403450012,10920,0.3
14,1050,3,200.0,3584,3424.470588235294,430.5081382751465,0.0003,0.0092236195,301.0466613769531,-1.0742829203605653,-0.004005284165032208,0.019140625,0.869050145149231,10930,0.3
15,1046,3,200.0,3840,3307.4210526315787,665.0854064941407,0.0003,0.0003879508,161.54754638671875,-0.8516340613365173,-0.0005536292563192546,0.0,0.8341287970542908,10940,0.3
16,1047,3,200.0,4096,3148.3,261.6514701843262,0.0003,0.0018209012,117.26432800292969,-1.0176494270563126,-0.004167559277266264,0.0,0.9185419082641602,10950,0.3
17,1047,4,200.0,4352,3165.1428571428573,88.4811918258667,0.0003,0.021623231,15.997099876403809,-1.2950614929199218,-0.012459939997643232,0.03203125,0.9567448496818542,10960,0.3
18,1044,4,200.0,4608,3194.6521739130435,35.2575080871582,0.0003,0.020925745,9.031787872314453,-1.0546827852725982,-0.006817891192622483,0.033984375,0.9888043403625488,10970,0.3
19,1043,4,200.0,4864,3199.3333333333335,108.78264904022217,0.0003,0.019462641,35.539337158203125,-1.0231794148683548,-0.007820154167711734,0.031640625,0.9643328785896301,10980,0.3
20,1041,4,200.0,5120,3211.64,380.43323822021483,0.0003,0.010731269,183.0492401123047,-1.0421995520591736,-0.007474597066175192,0.015625,0.8799610733985901,10990,0.3
21,1038,5,200.0,5376,3215.3076923076924,43.78792457580566,0.0003,0.011053248,16.265764236450195,-1.0685184478759766,-0.009226379985921084,0.01640625,0.9843708872795105,11000,0.3
22,1037,5,200.0,5632,3229.6428571428573,264.7826862335205,0.0003,0.006644292,161.2362060546875,-1.1061505675315857,-0.009501345036551357,0.012890625,0.9187652468681335,11010,0.3
23,1035,5,200.0,5888,3231.0689655172414,433.65544815063475,0.0003,0.006835877,372.22412109375,-1.219972062110901,-0.006211254105437547,0.012890625,0.8649749755859375,11020,0.3
24,1036,5,200.0,6144,3240.266666666667,216.25054016113282,0.0003,0.003624422,63.27592849731445,-1.1965188682079315,-0.0029250090476125477,0.002734375,0.9143226146697998,11030,0.3
25,1035,6,200.0,6400,3244.6875,41.784355354309085,0.0003,0.0095560355,14.352753639221191,-1.2183407723903656,-0.006301192054525018,0.00390625,0.9860137701034546,11040,0.3
26,1036,6,200.0,6656,3246.6363636363635,419.0341514587402,0.0003,0.009975837,238.97210693359375,-1.158939576148987,-0.00864201916847378,0.009765625,0.8786909580230713,11050,0.3
27,1037,6,200.0,6912,3254.264705882353,120.19580211639405,0.0003,0.006066943,23.7008113861084,-1.271570509672165,0.00030023804865777495,0.001953125,0.950838565826416,11060,0.3
28,1037,6,200.0,7168,3255.714285714286,58.10179662704468,0.0003,0.007118984,18.971982955932617,-1.1987403094768525,-0.008375182474264876,0.003125,0.9770971536636353,11070,0.3
29,1037,7,200.0,7424,3258.5405405405404,172.02836647033692,0.0003,0.021538194,77.19446563720703,-1.1772447586059571,-0.013244811911135912,0.0328125,0.9446012377738953,11080,0.3
30,1037,7,200.0,7680,3265.342105263158,433.2545997619629,0.0003,0.0126595795,133.43399047851562,-1.172538059949875,-0.01293487143702805,0.019140625,0.8699463605880737,11090,0.3
31,1037,7,200.0,7936,3266.6153846153848,34.023490238189694,0.0003,0.011757353,9.141940116882324,-1.2046956360340118,-0.007912033167667688,0.019921875,0.9905468225479126,11100,0.3
32,1037,7,200.0,8192,3272.725,296.3598342895508,0.0003,0.010175024,204.84719848632812,-1.2389114618301391,-0.013762766774743796,0.0234375,0.9081307053565979,11110,0.3
33,1037,8,200.0,8448,3278.5,144.48219356536865,0.0003,0.0018361197,62.517337799072266,-1.196655958890915,-0.0024920171243138613,0.00078125,0.9378130435943604,11120,0.3
34,1038,8,200.0,8704,3279.3023255813955,103.88087787628174,0.0003,0.055141564,66.24532318115234,-1.157674241065979,-0.011789282062090933,0.087109375,0.9667527079582214,11130,0.3
35,1039,8,200.0,8960,3279.7045454545455,423.06317977905275,0.0003,0.0023044285,260.5221252441406,-1.2053317487239839,-0.002845486137084663,0.0,0.8752985596656799,11140,0.3
36,1039,8,200.0,9216,3284.7608695652175,177.19766521453857,0.0003,0.007844456,113.21694946289062,-1.2386005222797394,-0.004117266880348325,0.005859375,0.9405410289764404,11150,0.3
37,1039,9,200.0,9472,3289.446808510638,159.33738708496094,0.0003,0.006301972,73.04454040527344,-1.2036018431186677,-0.012260623089969159,0.002734375,0.9445422291755676,11160,0.3
38,1039,9,200.0,9728,3289.3541666666665,24.283862113952637,0.0003,0.014129249,7.360795497894287,-1.133665519952774,-0.01109591256827116,0.0171875,0.9928006529808044,11170,0.3
39,1040,9,200.0,9984,3289.877551020408,205.01445846557618,0.0003,0.0027282904,73.1325912475586,-1.1814076781272889,-0.0028427102603018283,0.0296875,0.9351793527603149,11180,0.3
40,1041,9,200.0,10240,3252.549019607843,386.29300155639646,0.0003,0.0012616941,92.8493423461914,-0.8248098075389863,0.0038465014193207027,0.001171875,0.9055207371711731,11190,0.3
1,1242,0,200.0,256,3300.0,316.66800651550295,0.0003,0.013636807,144.72911071777344,-1.0368508368730545,-0.005021810508333146,0.04140625,0.912296712398529,11200,0.3
2,1139,0,200.0,512,3420.0,92.77010135650634,0.0003,0.0028080936,54.286041259765625,-0.3146028220653534,-0.009902184753445908,0.025,0.9669315218925476,11210,0.3
3,1110,0,200.0,768,3393.3333333333335,44.007268810272215,0.0003,0.013651233,18.619035720825195,-0.31351616978645325,0.0060056127607822415,0.053125,0.9831100106239319,11220,0.3
4,1077,0,200.0,1024,3364.0,244.22984466552734,0.0003,0.035364922,141.60020446777344,-0.32586944848299026,-0.011465923773357645,0.0625,0.9244062900543213,11230,0.3
5,1056,1,200.0,1280,3356.6666666666665,274.74748306274415,0.0003,0.036784563,88.22737884521484,-0.31113472431898115,-0.014249775512143969,0.0671875,0.9147242903709412,11240,0.3
6,1048,1,200.0,1536,3382.8571428571427,156.2677043914795,0.0003,0.007261403,42.77313995361328,-0.2877110689878464,-0.009247233485803008,0.022265625,0.9501005411148071,11250,0.3
7,1040,1,200.0,1792,3403.75,55.667084503173825,0.0003,0.02868669,24.60568618774414,-0.2984176516532898,-0.010336983995512129,0.11484375,0.9821193218231201,11260,0.3
8,1037,1,200.0,2048,3388.0,37.581807899475095,0.0003,0.032910056,17.987995147705078,-0.27353745996952056,-0.0069630502141080795,0.05546875,0.9866222739219666,11270,0.3
9,1038,2,200.0,2304,3381.818181818182,533.7134971618652,0.0003,0.005362192,371.77142333984375,-0.28560351580381393,-0.0059688539477065206,0.0390625,0.8446524143218994,11280,0.3
10,1039,2,200.0,2560,3378.3333333333335,151.04339122772217,0.0003,0.014380248,80.02570343017578,-0.3134345352649689,-0.008953483449295164,0.06328125,0.9535034894943237,11290,0.3
11,1038,2,200.0,2816,3354.285714285714,155.0635648727417,0.0003,0.014243123,118.35879516601562,-0.34666850715875625,-0.005624896730296314,0.037890625,0.9520809650421143,11300,0.3
12,1036,2,200.0,3072,3353.3333333333335,717.8664047241211,0.0003,0.014630927,358.0807189941406,-0.36807671934366226,-0.0018784919288009406,0.026171875,0.802436888217926,11310,0.3
13,1031,3,200.0,3328,3365.0,308.1804473876953,0.0003,0.0062204953,81.66893768310547,-0.3333960011601448,-0.0026732187485322355,0.008203125,0.906263530254364,11320,0.3
14,1031,3,200.0,3584,3375.294117647059,25.057799243927,0.0003,0.015674492,9.549636840820312,-0.33053652197122574,-0.00291683548130095,0.02421875,0.9932650327682495,11330,0.3
15,1030,3,200.0,3840,3382.1052631578946,18.82848491668701,0.0003,0.05845616,12.238565444946289,-0.3123064212501049,-0.020413805451244115,0.118359375,0.9934131503105164,11340,0.3
16,1029,3,200.0,4096,3380.0,162.41229133605958,0.0003,0.0053234273,101.97061157226562,-0.2653323583304882,-0.0031601017341017722,0.02109375,0.9485849738121033,11350,0.3
17,1029,4,200.0,4352,3378.095238095238,435.66510620117185,0.0003,0.0024484058,331.28228759765625,-0.29430937469005586,-0.0009515910409390926,0.013671875,0.8691228032112122,11360,0.3
18,1030,4,200.0,4608,3392.1739130434785,251.24118461608887,0.0003,0.011482661,82.53907012939453,-0.24719011709094046,-0.006444758269935846,0.050390625,0.9192185997962952,11370,0.3
19,1030,4,200.0,4864,3398.3333333333335,39.50248851776123,0.0003,0.009178372,14.3782377243042,-0.29801329374313357,-0.00526251383125782,0.041015625,0.9862165451049805,11380,0.3
20,1028,4,200.0,5120,3394.8,21.172236919403076,0.0003,0.021129606,10.456005096435547,-0.279786092042923,-0.015371704939752817,0.052734375,0.9919618964195251,11390,0.3
21,1029,5,200.0,5376,3392.6923076923076,153.36848182678222,0.0003,0.008148158,30.743026733398438,-0.25633672550320624,-0.012658070609904825,0.0171875,0.9515808820724487,11400,0.3
22,1029,5,200.0,5632,3394.6428571428573,201.82156810760497,0.0003,0.020184208,95.11929321289062,-0.24097554981708527,-0.0067264856304973366,0.046875,0.9363296031951904,11410,0.3
23,1031,5,200.0,5888,3392.7586206896553,143.7451557159424,0.0003,0.024966579,57.99692153930664,-0.2171871080994606,-0.009810590604320168,0.06796875,0.9554213881492615,11420,0.3
24,1031,5,200.0,6144,3391.0,238.28760356903075,0.0003,0.003489603,171.4444580078125,-0.18743074163794518,-0.0036476096312981097,0.00703125,0.9239317178726196,11430,0.3
25,1030,6,200.0,6400,3392.5,433.89685707092286,0.0003,0.005197148,393.98199462890625,-0.19824759438633918,-0.0025085100205615163,0.004296875,0.8680883646011353,11440,0.3
26,1030,6,200.0,6656,3391.212121212121,379.1694450378418,0.0003,0.005726161,197.96095275878906,-0.14192169830203055,-0.005387347843497992,0.016796875,0.8868108987808228,11450,0.3
27,1030,6,200.0,6912,3395.5882352941176,215.37835006713868,0.0003,0.0031830908,148.95953369140625,-0.18582680001854895,-0.002250864799134433,0.003515625,0.9310715794563293,11460,0.3
28,1031,6,200.0,7168,3393.4285714285716,20.135696172714233,0.0003,0.0487912,10.603972434997559,-0.1673621229827404,-0.003903618827462196,0.029296875,0.9942286610603333,11470,0.3
29,1031,7,200.0,7424,3395.945945945946,102.29831676483154,0.0003,0.051119357,87.28328704833984,-0.25014583468437196,-0.006997864111326635,0.112109375,0.9680914282798767,11480,0.3
30,1031,7,200.0,7680,3399.7368421052633,400.80427703857424,0.0003,0.03243749,99.5572738647461,-0.16843264326453208,-0.0028185123112052677,0.0484375,0.8852735757827759,11490,0.3
31,1030,7,200.0,7936,3398.2051282051284,63.44977283477783,0.0003,0.0026744348,13.29465103149414,-0.15354827418923378,-0.004253372177481651,0.003515625,0.9736485481262207,11500,0.3
32,1027,7,200.0,8192,3402.0,321.19293613433837,0.0003,0.0075204996,192.88743591308594,-0.13146911971271039,-0.0056561768986284735,0.023828125,0.8997817039489746,11510,0.3
33,1028,8,200.0,8448,3408.5714285714284,30.876669931411744,0.0003,0.0007957304,7.764672756195068,-0.13388484716415405,-0.00046724879648536445,0.0,0.988839328289032,11520,0.3
34,1028,8,200.0,8704,3405.813953488372,58.77464227676391,0.0003,0.028277297,16.23984146118164,-0.12956034988164902,-0.005832748604007065,0.037890625,0.9795145988464355,11530,0.3
35,1028,8,200.0,8960,3408.8636363636365,441.7441150665283,0.0003,0.0085633015,302.0356750488281,-0.12301658913493156,-0.0008515409077517688,0.019140625,0.8739510774612427,11540,0.3
36,1028,8,200.0,9216,3414.5652173913045,37.691628742218015,0.0003,0.0010390074,13.19267463684082,-0.10237672887742519,-0.0002176503650844097,0.00234375,0.9899963140487671,11550,0.3
37,1028,9,200.0,9472,3417.2340425531916,97.92835292816162,0.0003,0.011782351,37.963932037353516,-0.1606573574244976,-0.006909684208221733,0.0171875,0.9679104089736938,11560,0.3
38,1027,9,200.0,9728,3415.625,21.771272897720337,0.0003,0.024548043,13.117225646972656,-0.1651070758700371,-0.010057468386366963,0.053515625,0.9923707246780396,11570,0.3
39,1027,9,200.0,9984,3413.469387755102,313.13290939331057,0.0003,0.0031952015,248.0408172607422,-0.15280602760612966,-0.001847656164318323,0.005078125,0.9063565135002136,11580,0.3
40,1027,9,200.0,10240,3409.8039215686276,234.49650955200195,0.0003,0.004530105,71.64706420898438,-0.1955185130238533,-0.004325497755780816,0.007421875,0.9196764230728149,11590,0.3
1,1353,0,200.0,256,3279.0,270.41194610595704,0.0003,0.007188488,134.06610107421875,-0.20657147839665413,-0.005595104582607746,0.01484375,0.9125131368637085,11600,0.3
2,1143,0,200.0,512,3390.5,209.7289596557617,0.0003,0.019920671,47.15107727050781,-1.0712157368659974,-0.01513149644015357,0.037109375,0.9325114488601685,11210,0.3
3,1103,0,200.0,768,3364.0,59.27904510498047,0.0003,0.021902636,15.348652839660645,-1.096260815858841,-0.006827207095921039,0.039453125,0.9786636233329773,11220,0.3
4,1085,0,200.0,1024,3336.8,227.1616096496582,0.0003,0.04707621,29.06873893737793,-1.175916165113449,-0.01910608047619462,0.09453125,0.9319069981575012,11230,0.3
5,1074,1,200.0,1280,3332.1666666666665,356.88871040344236,0.0003,0.0085853385,86.53162384033203,-1.295419442653656,-0.005480154324322939,0.016796875,0.8895403146743774,11240,0.3
6,1070,1,200.0,1536,3326.8571428571427,407.9262519836426,0.0003,0.008003877,167.52345275878906,-1.2744594871997834,-0.006785617663990706,0.008203125,0.8754695057868958,11250,0.3
7,1061,1,200.0,1792,3349.375,154.84887905120848,0.0003,0.007417849,60.27833557128906,-1.1948840498924256,-0.008115618396550417,0.002734375,0.9505490660667419,11260,0.3
8,1052,1,200.0,2048,3361.5,47.65296802520752,0.0003,0.010606215,19.172256469726562,-1.2252663969993591,-0.00908230091445148,0.015625,0.9838740229606628,11270,0.3
9,1051,2,200.0,2304,3375.2727272727275,239.27009201049805,0.0003,0.015770782,129.56365966796875,-1.1638882517814637,-0.012632701289840042,0.02890625,0.9281363487243652,11280,0.3
10,1047,2,200.0,2560,3387.5833333333335,27.48706970214844,0.0003,0.036762554,14.895215034484863,-1.2380362749099731,-0.010657194629311561,0.10234375,0.9892964363098145,11290,0.3
11,1046,2,200.0,2816,3404.4285714285716,86.35247926712036,0.0003,0.015673354,51.73631286621094,-1.2253792464733124,-0.008447765349410474,0.028515625,0.9722638130187988,11300,0.3
12,1043,2,200.0,3072,3397.8,73.22358741760254,0.0003,0.021044195,23.919401168823242,-1.311008131504059,-0.011777624278329313,0.0703125,0.9758435487747192,11310,0.3
13,1042,3,200.0,3328,3391.5,335.07905731201174,0.0003,0.025839973,139.5381317138672,-1.3661403894424438,-0.007712077861651778,0.07734375,0.8954975605010986,11320,0.3
14,1038,3,200.0,3584,3398.8823529411766,142.20588665008546,0.0003,0.013653859,81.39505767822266,-1.4292042911052705,-0.01543458173982799,0.0140625,0.9551454186439514,11330,0.3
15,1039,3,200.0,3840,3387.8947368421054,41.937833881378175,0.0003,0.039393045,19.88928985595703,-1.3629564046859741,-0.014320622896775603,0.066015625,0.9843214154243469,11340,0.3
16,1038,3,200.0,4096,3382.25,345.1973930358887,0.0003,0.016667297,206.04017639160156,-1.3842304646968842,-0.015367307490669191,0.03046875,0.8884588479995728,11350,0.3
17,1037,4,200.0,4352,3378.190476190476,79.65607051849365,0.0003,0.08084685,26.588560104370117,-1.3311092019081117,-0.01958649286534637,0.134375,0.9693413376808167,11360,0.3
18,1038,4,200.0,4608,3370.4347826086955,205.75080966949463,0.0003,0.016333073,86.32807922363281,-1.38465775847435,-0.013164283568039536,0.030078125,0.9345501661300659,11370,0.3
19,1038,4,200.0,4864,3376.0833333333335,160.74919967651368,0.0003,0.020817934,72.17008209228516,-1.334196037054062,-0.016054133465513588,0.0359375,0.950270414352417,11380,0.3
20,1037,4,200.0,5120,3373.48,54.6351879119873,0.0003,0.0037082,8.656070709228516,-1.294538861513138,-0.003719806228764355,0.00234375,0.9806575775146484,11390,0.3
21,1037,5,200.0,5376,3378.653846153846,373.71315879821776,0.0003,0.012209866,210.1477508544922,-1.3466918766498566,-0.01125406480859965,0.01484375,0.8814399242401123,11400,0.3
22,1036,5,200.0,5632,3381.1071428571427,41.77830257415771,0.0003,0.009275639,20.616554260253906,-1.3533073961734772,-0.0059867081698030235,0.00390625,0.9854269027709961,11410,0.3
23,1035,5,200.0,5888,3378.551724137931,226.63248558044432,0.0003,0.005812628,116.9346923828125,-1.3150916874408722,-0.004804463125765324,0.00234375,0.927922785282135,11420,0.3
24,1034,5,200.0,6144,3376.233333333333,230.52608909606934,0.0003,0.0038373554,161.37936401367188,-1.3029547572135924,-0.004972424008883536,0.001953125,0.9279949069023132,11430,0.3
25,1034,6,200.0,6400,3365.0625,321.7387756347656,0.0003,0.009845196,256.4637145996094,-1.3139395713806152,-0.006718064821325242,0.005078125,0.9026545286178589,11440,0.3
26,1033,6,200.0,6656,3362.757575757576,593.7980560302734,0.0003,0.008270048,309.29364013671875,-1.2790567278862,-0.007715454045683146,0.009375,0.8273245692253113,11450,0.3
27,1031,6,200.0,6912,3367.0588235294117,74.77550773620605,0.0003,0.010535218,30.27720069885254,-1.2485592782497406,-0.004238810902461409,0.00703125,0.9768446087837219,11460,0.3
28,1031,6,200.0,7168,3371.0,22.579709768295288,0.0003,0.03843793,8.203997611999512,-1.2041328608989716,-0.023216515313833952,0.161328125,0.9925673007965088,11470,0.3
29,1031,7,200.0,7424,3378.4324324324325,53.06843385696411,0.0003,0.027413433,39.41450119018555,-1.227111566066742,-0.015072190854698419,0.060546875,0.983022928237915,11480,0.3
30,1029,7,200.0,7680,3376.5526315789475,56.832405471801756,0.0003,0.021580314,28.63849449157715,-1.3063597977161407,-0.012273341533727944,0.043359375,0.9814745187759399,11490,0.3
31,1029,7,200.0,7936,3368.5128205128203,483.1407932281494,0.0003,0.017509453,104.46016693115234,-1.4370281994342804,-0.00576330084586516,0.03359375,0.8615604639053345,11500,0.3
32,1028,7,200.0,8192,3366.325,185.82840385437012,0.0003,0.021989523,95.18611907958984,-1.4847952902317048,-0.012051412649452687,0.020703125,0.9392050504684448,11510,0.3
33,1028,8,200.0,8448,3373.1190476190477,76.33496475219727,0.0003,0.007851033,21.877452850341797,-1.4395641565322876,-0.006203027768060565,0.00234375,0.9716049432754517,11520,0.3
34,1028,8,200.0,8704,3371.6744186046512,54.34797897338867,0.0003,0.033542737,25.9997615814209,-1.5263632476329803,-0.013911921391263604,0.080078125,0.9818013906478882,11530,0.3
35,1028,8,200.0,8960,3370.0454545454545,230.91107807159423,0.0003,0.013763329,104.12908935546875,-1.5121226727962493,-0.007397320214658975,0.009375,0.9301789999008179,11540,0.3
36,1028,8,200.0,9216,3365.5434782608695,148.72698440551758,0.0003,0.008174374,75.86945343017578,-1.4693885922431946,-0.0038900425424799323,0.004296875,0.9475846886634827,11550,0.3
37,1028,9,200.0,9472,3363.340425531915,421.3170440673828,0.0003,0.000717408,133.1226348876953,-1.422130423784256,-0.0007414744701236487,0.0,0.8307991623878479,11560,0.3
38,1028,9,200.0,9728,3366.25,130.75475463867187,0.0003,0.0012790277,37.16545486450195,-1.4424290299415587,-0.003497947985306382,0.000390625,0.9554307460784912,11570,0.3
39,1029,9,200.0,9984,3369.0408163265306,37.1362024307251,0.0003,0.0050234087,16.080541610717773,-1.488597285747528,-0.005556005332618952,0.0046875,0.9869074821472168,11580,0.3
40,1028,9,200.0,10240,3366.607843137255,20.249469661712645,0.0003,0.032440484,10.914401054382324,-1.462479567527771,-0.013990491721779108,0.05234375,0.9925379753112793,11590,0.3
1,1226,0,200.0,256,3300.0,444.8779602050781,0.0003,0.05067578,149.31504821777344,-1.567705637216568,-0.01611810566391796,0.108203125,0.8708056211471558,11600,0.3
2,1133,0,200.0,512,3325.0,78.9558632850647,0.0003,0.005770654,7.622933864593506,-0.2018369473516941,-0.003898026014212519,0.008203125,0.974485456943512,11610,0.3
3,1089,0,200.0,768,3170.0,410.33142318725584,0.0003,0.0116836615,249.2751007080078,-0.19327739104628563,-0.0009354199981316924,0.03046875,0.8764398097991943,11620,0.3
4,1074,0,200.0,1024,3080.0,198.07076530456544,0.0003,0.003877219,68.65678405761719,-0.19984738826751708,-0.0014365804672706872,0.01015625,0.9370979070663452,11630,0.3
5,1070,1,200.0,1280,3083.3333333333335,765.2871643066406,0.0003,0.0003820937,277.93560791015625,-0.2227480359375477,-0.0006428088876418769,0.0,0.7985037565231323,11640,0.3
6,1065,1,200.0,1536,3114.285714285714,635.6752288818359,0.0003,0.00017731776,326.59881591796875,-0.23241954073309898,-0.00024472246295772495,0.0,0.7667226791381836,11650,0.3
7,1057,1,200.0,1792,3143.75,76.53580522537231,0.0003,0.0037670145,43.073612213134766,-0.21006296053528786,-0.0035773910116404296,0.004296875,0.9732444286346436,11660,0.3
8,1052,1,200.0,2048,3180.0,279.0982276916504,0.0003,0.012877363,30.238590240478516,-0.22461232021450997,-0.007965502236038447,0.03515625,0.915505051612854,11670,0.3
9,1051,2,200.0,2304,3172.7272727272725,343.3002769470215,0.0003,0.07523674,110.74098205566406,-0.23196393996477127,-0.021466326294466855,0.0765625,0.9004617929458618,11680,0.3
10,1053,2,200.0,2560,3203.3333333333335,225.36454544067382,0.0003,0.0033523499,110.50150299072266,-0.18543247729539872,-0.0012536608963273465,0.005078125,0.9088929295539856,11690,0.3
11,1053,2,200.0,2816,3203.5714285714284,104.90183095932007,0.0003,0.008841172,32.58331298828125,-0.21712777465581895,-0.00560143191833049,0.008203125,0.9632858037948608,11700,0.3
12,1010,3,200.0,3072,3210.0,469.9831024169922,0.0003,0.0032828879,314.7759094238281,-0.2238894872367382,-0.0011449568904936314,0.01328125,0.861380934715271,11710,0.3
13,1012,3,200.0,3328,3215.625,29.342505836486815,0.0003,0.008446994,5.97599983215332,-0.2830873288214207,-0.003168884350452572,0.009765625,0.9887841939926147,11720,0.3
14,1007,3,200.0,3584,3206.470588235294,55.38576545715332,0.0003,0.043787234,26.439483642578125,-0.2095313251018524,-0.02010094951838255,0.062109375,0.9791630506515503,11730,0.3
15,1010,3,200.0,3840,3216.315789473684,340.54959869384766,0.0003,0.008594687,99.59622192382812,-0.23683772683143617,0.01730718184262514,0.046484375,0.875324010848999,11740,0.3
16,1012,4,200.0,4096,3208.0,207.4167823791504,0.0003,0.007938769,67.1590576171875,-0.1957319289445877,0.001913881441578269,0.034375,0.9285740256309509,11750,0.3
17,1014,4,200.0,4352,3212.8571428571427,587.0716583251954,0.0003,0.0033058648,203.5619354248047,-0.18980339169502258,-0.005108685605227948,0.005859375,0.832534670829773,11760,0.3
18,1015,4,200.0,4608,3209.1304347826085,336.27739028930665,0.0003,0.0068080714,126.92298889160156,-0.19206392914056777,-0.012162201944738627,0.007421875,0.8963170647621155,11770,0.3
19,1017,4,200.0,4864,3213.3333333333335,214.95286178588867,0.0003,0.007843763,82.29039001464844,-0.17824436575174332,-0.006456970330327749,0.02109375,0.9322787523269653,11780,0.3
20,1019,5,200.0,5120,3217.6,54.0983528137207,0.0003,0.007783197,29.241125106811523,-0.2072526305913925,-0.005827844352461397,0.01640625,0.9786377549171448,11790,0.3
21,1020,5,200.0,5376,3221.153846153846,133.86835803985596,0.0003,0.00497528,64.18563842773438,-0.16205040588974953,-0.006499439268372953,0.008984375,0.9555468559265137,11800,0.3
22,1020,5,200.0,5632,3236.785714285714,171.35343399047852,0.0003,0.0036864504,78.27250671386719,-0.15262616872787477,-0.002367436676286161,0.007421875,0.9250991344451904,11810,0.3
23,1022,5,200.0,5888,3239.655172413793,442.6445400238037,0.0003,0.00064027566,172.64344787597656,-0.16944687888026239,-0.00028419988229870795,0.0,0.8611322641372681,11820,0.3
24,1022,6,200.0,6144,3233.6666666666665,148.76320123672485,0.0003,0.0076802885,126.72772979736328,-0.20132711082696914,-0.006799900205805898,0.023046875,0.9532535076141357,11830,0.3
25,1023,6,200.0,6400,3231.875,75.65250177383423,0.0003,0.041164156,41.5720329284668,-0.251237566024065,-0.006910689780488611,0.0625,0.9755519032478333,11840,0.3
26,1025,6,200.0,6656,3234.242424242424,581.2783294677735,0.0003,0.011514633,181.39962768554688,-0.2581224113702774,-0.009525461378507316,0.0203125,0.8307061195373535,11850,0.3
27,1026,6,200.0,6912,3236.176470588235,56.36040344238281,0.0003,0.012616857,27.307876586914062,-0.24426509514451028,-0.007770814606919885,0.014453125,0.981334388256073,11860,0.3
28,1026,6,200.0,7168,3239.1428571428573,100.82924461364746,0.0003,0.005844705,52.707584381103516,-0.19680954292416572,-0.0026332873501814904,0.01953125,0.9661992788314819,11870,0.3
29,1024,7,200.0,7424,3237.5675675675675,152.97675609588623,0.0003,0.020241287,89.04621124267578,-0.287312313914299,-0.006003366503864527,0.073828125,0.9532846212387085,11880,0.3
30,1025,7,200.0,7680,3239.2105263157896,434.46366119384766,0.0003,0.0014339653,158.3360137939453,-0.26133718267083167,-0.0005660198396071792,0.000390625,0.8699644804000854,11890,0.3
31,1025,7,200.0,7936,3173.076923076923,146.98865432739257,0.0003,0.0033324114,63.094390869140625,-0.19858450815081596,-0.003788884705863893,0.002734375,0.955594003200531,11900,0.3
32,1024,7,200.0,8192,3176.25,164.13458518981935,0.0003,0.00071867206,38.78977966308594,-0.15659774392843245,-0.0010878364788368343,0.00078125,0.9605723023414612,11910,0.3
33,1022,8,200.0,8448,3175.2380952380954,162.72090759277344,0.0003,0.008440232,55.48481369018555,-0.2631078757345676,-0.00606853801291436,0.011328125,0.9427362680435181,11920,0.3
34,1023,8,200.0,8704,3179.0697674418607,179.2090286254883,0.0003,0.019497093,77.14464569091797,-0.25205485299229624,-0.00943447407335043,0.030859375,0.944498598575592,11930,0.3
35,1024,8,200.0,8960,3182.2727272727275,148.85293045043946,0.0003,0.004971304,82.3357162475586,-0.23763533309102058,-0.006278645875863731,0.040234375,0.9544048309326172,11940,0.3
36,1025,8,200.0,9216,3188.478260869565,142.14493198394774,0.0003,0.009401578,75.81267547607422,-0.2663712568581104,-0.012099076341837645,0.030859375,0.9528841972351074,11950,0.3
37,1023,9,200.0,9472,3190.851063829787,418.43796768188474,0.0003,0.013342993,239.91314697265625,-0.2990214109420776,-0.01725594198796898,0.021875,0.8723430037498474,11960,0.3
38,1024,9,200.0,9728,3193.5416666666665,38.74192771911621,0.0003,0.00079924846,6.088174343109131,-0.24385916441679,-0.0016114566475152968,0.0,0.9901747107505798,11970,0.3
39,1024,9,200.0,9984,3196.734693877551,102.01609869003296,0.0003,0.00461503,18.757720947265625,-0.26170790791511533,-0.003764564823359251,0.01171875,0.9679242372512817,11980,0.3
40,1024,9,200.0,10240,3201.5686274509803,307.7774963378906,0.0003,0.031601913,200.83619689941406,-0.35122437626123426,-0.01680891579017043,0.0625,0.9057444334030151,11990,0.3
1,1405,0,200.0,256,3275.0,336.5203155517578,0.0003,0.009468114,177.9698028564453,-0.3256826430559158,-0.006131037906743586,0.0328125,0.8942111730575562,12000,0.3
2,1181,0,200.0,512,3273.0,124.73264684677125,0.0003,0.006057211,81.32074737548828,-1.660778820514679,-0.0026043832302093508,0.001953125,0.9594975709915161,11610,0.3
3,1118,0,200.0,768,3270.0,66.17584800720215,0.0003,0.019937761,25.338741302490234,-1.6152371883392334,-0.022799965133890508,0.03984375,0.9782394170761108,11620,0.3
4,1102,0,200.0,1024,3284.4,36.389750242233276,0.0003,0.04019278,8.486823081970215,-1.5075424909591675,-0.019298470066860317,0.0765625,0.9879583120346069,11630,0.3
5,1081,1,200.0,1280,3120.5,587.894563293457,0.0003,0.03244665,341.3472900390625,-1.5428705394268036,-0.006865918729454279,0.08984375,0.8282817006111145,11640,0.3
6,1073,1,200.0,1536,3147.1428571428573,100.40174999237061,0.0003,0.0050092353,29.574106216430664,-1.28904732465744,-0.008344696532003582,0.002734375,0.9711757302284241,11650,0.3
7,1069,1,200.0,1792,3104.625,354.98735961914065,0.0003,0.0075168917,251.76132202148438,-1.608725094795227,-0.011184562765993177,0.00703125,0.8885220885276794,11660,0.3
8,1060,1,200.0,2048,3141.7,581.4776412963868,0.0003,0.0011492027,180.34312438964844,-1.6138842105865479,0.0012595606734976173,0.0,0.7970263361930847,11670,0.3
9,1061,2,200.0,2304,3153.0,270.6544593811035,0.0003,0.0037802006,150.7674560546875,-1.593097710609436,-0.006833972869208083,0.00078125,0.9086782932281494,11680,0.3
10,1060,2,200.0,2560,2983.1666666666665,177.20966720581055,0.0003,0.0047088074,78.57038879394531,-1.385215449333191,-0.008186847856268286,0.005859375,0.9509946703910828,11690,0.3
11,1058,2,200.0,2816,2954.4285714285716,275.1647239685059,0.0003,0.0006495074,92.35088348388672,-1.494703733921051,-0.0014164678752422333,0.0,0.9213805794715881,11700,0.3
12,1003,3,200.0,3072,2977.8,546.9373428344727,0.0003,0.0037503396,177.91529846191406,-1.532766968011856,-0.006578624271787703,0.0015625,0.8201337456703186,11710,0.3
13,1000,3,200.0,3328,2998.25,335.95278091430663,0.0003,0.004258689,140.55953979492188,-1.5299965500831605,-0.0049486583797261115,0.0,0.899834930896759,11720,0.3
14,1001,3,200.0,3584,3016.4117647058824,224.85910263061524,0.0003,0.0070361397,97.2177734375,-1.511776214838028,-0.006859879940748215,0.00390625,0.929655909538269,11730,0.3
15,1002,3,200.0,3840,2956.5263157894738,301.34908599853514,0.0003,0.023391606,89.54072570800781,-1.4688904464244843,-0.013457140908576548,0.03046875,0.9056499600410461,11740,0.3
16,1002,4,200.0,4096,2983.95,1138.9023040771485,0.0003,0.0010810927,349.2048034667969,-1.4573607683181762,0.0009334926027804614,0.0,0.7210848927497864,11750,0.3
17,1004,4,200.0,4352,3008.5714285714284,73.17818393707276,0.0003,0.009213874,10.999201774597168,-1.421324121952057,-0.00516448998823762,0.003515625,0.9649009108543396,11760,0.3
18,1004,4,200.0,4608,3041.8695652173915,84.84637966156006,0.0003,0.040276624,34.1289176940918,-1.4370007276535035,-0.014545945450663567,0.100390625,0.9725595116615295,11770,0.3
19,1006,4,200.0,4864,3051.3333333333335,170.85256366729737,0.0003,0.0232865,91.41120147705078,-1.5702673494815826,-0.02124038627371192,0.112109375,0.9485567808151245,11780,0.3
20,1006,5,200.0,5120,3058.72,53.11215877532959,0.0003,0.030168474,22.798189163208008,-1.5746833980083466,-0.017477959115058183,0.0765625,0.9816693067550659,11790,0.3
21,1007,5,200.0,5376,3068.0384615384614,121.86061801910401,0.0003,0.054040775,53.357933044433594,-1.4949708938598634,-0.018014521896839143,0.176953125,0.962343156337738,11800,0.3
22,1005,5,200.0,5632,3032.285714285714,590.6964546203614,0.0003,0.0037494483,300.8991394042969,-1.457736212015152,0.004543244140222669,0.0,0.8016430139541626,11810,0.3
23,1006,5,200.0,5888,3039.793103448276,431.66392211914064,0.0003,0.008464569,228.5676727294922,-1.497551643848419,-0.012382791005074978,0.005078125,0.8703629374504089,11820,0.3
24,1007,6,200.0,6144,3008.5666666666666,179.26914176940917,0.0003,0.031365313,89.49579620361328,-1.4082678020000459,-0.017247888259589672,0.060546875,0.9452106952667236,11830,0.3
25,1009,6,200.0,6400,3025.59375,231.80063972473144,0.0003,0.0020480677,61.75906753540039,-1.2518069207668305,-0.002531614527106285,0.0,0.9284493327140808,11840,0.3
26,1010,6,200.0,6656,3039.878787878788,174.06214408874513,0.0003,0.00884373,20.79236602783203,-1.4303672015666962,-0.005406250641681254,0.009375,0.9450052976608276,11850,0.3
27,1010,6,200.0,6912,3053.4411764705883,26.34994707107544,0.0003,0.032943256,10.916102409362793,-1.2483032524585724,-0.02090597553178668,0.122265625,0.9911859631538391,11860,0.3
28,1009,7,200.0,7168,3066.2571428571428,19.08728973865509,0.0003,0.01586201,4.751121520996094,-1.3469563245773315,-0.019938139338046314,0.219921875,0.9931624531745911,11870,0.3
29,1010,7,200.0,7424,3079.108108108108,98.53975658416748,0.0003,0.020374343,36.67086410522461,-1.3517217755317688,-0.012828517751768232,0.0703125,0.968775749206543,11880,0.3
30,1011,7,200.0,7680,3084.684210526316,497.4097473144531,0.0003,0.020711133,259.0234069824219,-1.3033283650875092,-0.010669862176291645,0.035546875,0.8440249562263489,11890,0.3
31,1012,7,200.0,7936,3095.4615384615386,451.29445724487306,0.0003,0.006834535,191.240966796875,-1.362692755460739,-0.005330083216540516,0.003515625,0.8659698963165283,11900,0.3
32,1011,8,200.0,8192,3105.55,44.715117359161376,0.0003,0.02288308,26.587888717651367,-1.4043337047100066,-0.023541929246857763,0.073046875,0.9843760132789612,11910,0.3
33,1012,8,200.0,8448,3085.1428571428573,55.36664733886719,0.0003,0.051630378,43.74574661254883,-1.4860719442367554,-0.01818234445527196,0.1328125,0.9816741943359375,11920,0.3
34,1010,8,200.0,8704,3094.7906976744184,1010.4503845214844,0.0003,0.026162209,542.5469360351562,-1.3911428034305573,-0.023608499206602573,0.067578125,0.7802355289459229,11930,0.3
35,1012,8,200.0,8960,3104.090909090909,69.76637573242188,0.0003,0.02124097,20.4582576751709,-1.426764178276062,-0.005758192739449441,0.022265625,0.9718601107597351,11940,0.3
36,1012,9,200.0,9216,3053.695652173913,257.26191329956055,0.0003,0.018596137,127.25611877441406,-1.4806223094463349,-0.010964215267449617,0.029296875,0.93973308801651,11950,0.3
37,1012,9,200.0,9472,3058.404255319149,280.16693992614745,0.0003,0.0009641582,43.20193862915039,-1.3998485028743743,-6.0364091768860814e-05,0.0,0.9014946222305298,11960,0.3
38,1013,9,200.0,9728,3061.9583333333335,147.26318817138673,0.0003,0.016638935,66.78334045410156,-1.3487754583358764,-0.014867871394380927,0.024609375,0.9543542861938477,11970,0.3
39,1013,9,200.0,9984,3051.1632653061224,297.825634765625,0.0003,0.012089036,104.00855255126953,-1.3662578105926513,-0.008004523045383394,0.011328125,0.8919684290885925,11980,0.3
40,1013,10,200.0,10240,3060.235294117647,57.10456085205078,0.0003,0.015576969,25.15721893310547,-1.1782089173793793,-0.011168798478320242,0.019921875,0.9822215437889099,11990,0.3
1,1336,0,200.0,256,3340.0,269.73931579589845,0.0003,0.03644991,130.0389404296875,-1.2339528143405913,-0.01726336320862174,0.064453125,0.9195277094841003,12000,0.3
2,1166,0,200.0,512,3340.0,313.36101684570315,0.0003,0.0033840053,140.43321228027344,-0.3305690914392471,-0.0006724973674863577,0.009765625,0.8967360258102417,12010,0.3
3,1123,0,200.0,768,3166.6666666666665,314.28906707763673,0.0003,0.009617199,177.36167907714844,-0.31687349230051043,-0.005870720511302352,0.038671875,0.9054369926452637,12020,0.3
4,1092,0,200.0,1024,3184.0,112.74757308959961,0.0003,0.07388727,51.62104797363281,-0.35499421060085296,-0.016289749182760715,0.055859375,0.9647217392921448,12030,0.3
5,1075,1,200.0,1280,3210.0,339.9404052734375,0.0003,0.013782214,181.67977905273438,-0.2574721097946167,-0.005692208581604063,0.059375,0.9008434414863586,12040,0.3
6,1063,1,200.0,1536,3257.1428571428573,212.0509433746338,0.0003,0.011904733,134.9665069580078,-0.2299644999206066,-0.005807229806669057,0.016796875,0.9363313317298889,12050,0.3
7,1061,1,200.0,1792,3267.5,30.601537132263182,0.0003,0.012959334,8.368112564086914,-0.28395199552178385,-0.009049336030147969,0.020703125,0.9900109171867371,12060,0.3
8,1055,1,200.0,2048,3282.0,145.0321219444275,0.0003,0.009365382,52.28072738647461,-0.316962856054306,-0.006580686708912253,0.035546875,0.9557682275772095,12070,0.3
9,1051,2,200.0,2304,3287.2727272727275,524.9665496826171,0.0003,0.009258706,173.5648956298828,-0.34789772778749467,-0.0036488490644842387,0.02109375,0.8494812250137329,12080,0.3
10,1049,2,200.0,2560,3291.6666666666665,144.86039199829102,0.0003,0.006877532,78.4507827758789,-0.3236845165491104,-0.008555246330797673,0.04140625,0.9556363821029663,12090,0.3
11,1050,2,200.0,2816,3072.8571428571427,256.08479232788085,0.0003,0.013266052,197.17788696289062,-0.275930992513895,-0.012991824885830283,0.0484375,0.9234097003936768,12100,0.3
12,1046,2,200.0,3072,3088.0,5108.176196289062,0.0003,0.007546114,1634.986328125,-0.4217178985476494,0.0030233595753088593,0.03125,0.10943084955215454,12110,0.3
13,1045,3,200.0,3328,3102.5,99.78949661254883,0.0003,0.010194531,22.637256622314453,-0.2903558015823364,-0.008222983975429088,0.0234375,0.9708088040351868,12120,0.3
14,1045,3,200.0,3584,3128.823529411765,241.53447570800782,0.0003,0.02274967,132.84078979492188,-0.26207260936498644,-0.014351955021265895,0.040234375,0.9248960614204407,12130,0.3
15,1045,3,200.0,3840,3172.1052631578946,20.558185577392578,0.0003,0.0053409506,9.902774810791016,-0.1879347339272499,-0.005041731637902558,0.012890625,0.9936425685882568,12140,0.3
16,1042,3,200.0,4096,3180.5,78.35979766845703,0.0003,0.007976989,51.7423210144043,-0.15572649836540223,-0.0075142325833439825,0.0265625,0.9744534492492676,12150,0.3
17,1040,4,200.0,4352,3188.095238095238,223.30113677978517,0.0003,0.0046325945,133.0433807373047,-0.17013833448290824,-0.002546058176085353,0.0109375,0.9301588535308838,12160,0.3
18,1040,4,200.0,4608,3189.1304347826085,215.97006187438964,0.0003,0.00812548,153.55787658691406,-0.17298888489603997,-0.002834186190739274,0.016015625,0.9335304498672485,12170,0.3
19,1040,4,200.0,4864,3193.75,424.48085021972656,0.0003,0.0036001438,185.27960205078125,-0.2688889816403389,-0.003074229508638382,0.01796875,0.8778163194656372,12180,0.3
20,1040,4,200.0,5120,3207.6,143.7920009613037,0.0003,0.002735368,62.05863571166992,-0.22071645110845567,-0.0034844291280023755,0.00390625,0.9533334970474243,12190,0.3
21,1040,5,200.0,5376,3220.3846153846152,27.129896211624146,0.0003,0.008623439,10.130242347717285,-0.21693341583013534,-0.0052751804003492,0.013671875,0.9910327196121216,12200,0.3
22,1038,5,200.0,5632,3235.0,20.025306844711302,0.0003,0.009374346,11.320680618286133,-0.19072939828038216,-0.006762357614934445,0.03203125,0.9925822019577026,12210,0.3
23,1039,5,200.0,5888,3204.137931034483,179.56890869140625,0.0003,0.00906083,117.73107147216797,-0.2085275612771511,-0.00957593135535717,0.009765625,0.9449325799942017,12220,0.3
24,1040,5,200.0,6144,3215.3333333333335,104.54054336547851,0.0003,0.0038941791,50.14760971069336,-0.22154388278722764,-0.004197394312359393,0.013671875,0.9709500074386597,12230,0.3
25,1037,6,200.0,6400,3229.375,109.94856662750244,0.0003,0.00425099,29.60072898864746,-0.20792343467473984,-0.007564850314520299,0.023046875,0.9652981758117676,12240,0.3
26,1034,6,200.0,6656,3230.6060606060605,573.9110763549804,0.0003,0.0032809942,429.18768310546875,-0.2135037139058113,-0.0018413512269034981,0.008984375,0.8385177254676819,12250,0.3
27,1034,6,200.0,6912,3239.705882352941,290.36919898986815,0.0003,0.02020597,177.53024291992188,-0.23760514408349992,-0.011948914779350162,0.03046875,0.9129689931869507,12260,0.3
28,1031,6,200.0,7168,3248.285714285714,46.516949367523196,0.0003,0.04299568,24.71741485595703,-0.22386089563369752,-0.02123572644777596,0.052734375,0.9838621020317078,12270,0.3
29,1028,7,200.0,7424,3232.162162162162,325.220288848877,0.0003,0.004821039,89.11363983154297,-0.2359326221048832,0.002009224146604538,0.025,0.8928502798080444,12280,0.3
30,1026,7,200.0,7680,3136.5789473684213,472.12104949951174,0.0003,0.0023551425,232.67019653320312,-0.2868650987744331,-0.0020433229859918357,0.001171875,0.84378582239151,12290,0.3
31,1026,7,200.0,7936,3103.846153846154,1014.0485137939453,0.0003,0.0021896197,398.8023681640625,-0.28232344314455987,-0.00023892666213214396,0.021875,-0.2332754135131836,12300,0.3
32,1025,7,200.0,8192,3103.75,423.48505783081055,0.0003,0.0024381806,98.69283294677734,-0.2589628525078297,-0.011313629150390626,0.00546875,0.8894065618515015,12310,0.3
33,1027,8,200.0,8448,3113.5714285714284,573.8914276123047,0.0003,0.008804385,165.27857971191406,-0.264881157130003,-0.007132014911621809,0.021484375,0.8372631669044495,12320,0.3
34,1026,8,200.0,8704,3118.8372093023254,336.18042755126953,0.0003,0.005977288,83.33692169189453,-0.28699624836444854,-0.011099599883891642,0.01328125,0.8686922192573547,12330,0.3
35,1028,8,200.0,8960,3123.8636363636365,219.7887390136719,0.0003,0.019223377,121.61666870117188,-0.26540309339761736,-0.007724091876298189,0.061328125,0.9299322366714478,12340,0.3
36,1028,8,200.0,9216,3079.3478260869565,661.7461883544922,0.0003,0.004635012,158.44338989257812,-0.2153068996965885,-0.0026790349278599025,0.011328125,0.8600723743438721,12350,0.3
37,1027,9,200.0,9472,3089.3617021276596,39.525608730316165,0.0003,0.006152297,10.028334617614746,-0.26753062233328817,-0.0035325638134963812,0.012890625,0.9879030585289001,12360,0.3
38,1024,9,200.0,9728,3094.7916666666665,86.03564829826355,0.0003,0.049441505,30.324575424194336,-0.2263692557811737,-0.022202883521094917,0.104296875,0.9720639586448669,12370,0.3
39,1024,9,200.0,9984,3094.8979591836733,580.3685554504394,0.0003,0.008036291,288.12255859375,-0.23823926746845245,-0.00943432617932558,0.020703125,0.8214642405509949,12380,0.3
40,1024,9,200.0,10240,3098.4313725490197,319.27367172241213,0.0003,0.005498102,144.1803436279297,-0.23412152379751205,-0.004515939997509122,0.011328125,0.9001573920249939,12390,0.3
1,1357,0,200.0,256,3500.0,89.45049638748169,0.0003,0.004462514,29.523353576660156,-0.24610482007265091,-0.006208086782135069,0.01484375,0.969744086265564,12400,0.3
2,1144,0,200.0,512,3502.0,27.121841621398925,0.0003,0.013689898,8.0256986618042,-1.1970002353191376,-0.02166004292666912,0.043359375,0.9923397302627563,12010,0.3
3,1093,0,200.0,768,3503.6666666666665,26.053417015075684,0.0003,0.029746316,9.540335655212402,-1.1242991507053375,-0.024490167014300825,0.144921875,0.9910668730735779,12020,0.3
4,1072,0,200.0,1024,3460.2,66.73325328826904,0.0003,0.015865374,25.5011043548584,-1.1479800164699554,-0.011962534254416823,0.059375,0.9779465794563293,12030,0.3
5,1035,1,200.0,1280,3435.3333333333335,152.04721603393554,0.0003,0.11506927,65.96321105957031,-1.1815089523792266,-0.03184984596446157,0.260546875,0.9534218907356262,12040,0.3
6,1021,1,200.0,1536,3416.0,383.8425302505493,0.0003,0.013678638,140.76986694335938,-1.203397697210312,-0.011867348570376635,0.01640625,0.8803009986877441,12050,0.3
7,999,1,200.0,1792,3397.625,338.05516357421874,0.0003,0.006681598,164.0303955078125,-1.1481582701206208,-0.00891520748846233,0.00078125,0.8843937516212463,12060,0.3
8,1000,2,200.0,2048,3400.1,51.53692512512207,0.0003,0.041084126,16.4288330078125,-1.1311062097549438,-0.012482708075549454,0.073046875,0.9767318367958069,12070,0.3
9,1004,2,200.0,2304,3387.4545454545455,164.54720573425294,0.0003,0.023115776,103.70169067382812,-1.102939623594284,-0.017285048286430536,0.06796875,0.9466277956962585,12080,0.3
10,1006,2,200.0,2560,3381.0833333333335,92.41982173919678,0.0003,0.020022275,37.894859313964844,-1.06764554977417,-0.017429208429530264,0.112890625,0.9695618152618408,12090,0.3
11,1003,2,200.0,2816,3399.5,155.96806144714355,0.0003,0.005505942,60.68697738647461,-1.062871116399765,-0.00648394301533699,0.021875,0.9501930475234985,12100,0.3
12,998,3,200.0,3072,3171.2,111.90129413604737,0.0003,0.04277498,65.83477020263672,-1.1140875279903413,-0.02350598368793726,0.133203125,0.9655091166496277,12110,0.3
13,1000,3,200.0,3328,3191.9375,194.02558345794677,0.0003,0.0030565958,92.03604125976562,-0.6074838161468505,-0.004920662310905754,0.00078125,0.9431007504463196,12120,0.3
14,1005,3,200.0,3584,3197.705882352941,84.89316396713257,0.0003,0.010652055,27.316558837890625,-1.029386979341507,-0.0045295979711227115,0.03125,0.9622736573219299,12130,0.3
15,1004,3,200.0,3840,3219.5789473684213,114.95863819122314,0.0003,0.0153738735,57.18482971191406,-1.1286216259002686,-0.008096709917299449,0.076953125,0.9640276432037354,12140,0.3
16,1005,4,200.0,4096,3223.05,354.7253189086914,0.0003,0.020576121,207.64370727539062,-1.0892142295837401,-0.014117933157831431,0.076953125,0.894496738910675,12150,0.3
17,1010,4,200.0,4352,3236.6666666666665,106.02175064086914,0.0003,0.049689703,63.21937942504883,-1.1113822281360626,-0.017212886665947735,0.0984375,0.9658421277999878,12160,0.3
18,1010,4,200.0,4608,3104.8260869565215,271.2726932525635,0.0003,0.002661188,82.41693115234375,-0.7025075048208237,-0.0017129178857430815,0.0,0.9528616666793823,12170,0.3
19,1015,4,200.0,4864,3113.0,104.23192539215088,0.0003,0.033557348,34.31859588623047,-0.9113568246364594,-0.011529100267216564,0.076953125,0.970898449420929,12180,0.3
20,1014,5,200.0,5120,3101.92,201.13469009399415,0.0003,0.015558115,78.9796371459961,-0.9437686949968338,-0.00908838347531855,0.028125,0.944669246673584,12190,0.3
21,1014,5,200.0,5376,3117.730769230769,142.7227523803711,0.0003,0.046649657,91.1854019165039,-1.0008707493543625,-0.021335924277082086,0.116796875,0.9540210366249084,12200,0.3
22,1015,5,200.0,5632,3122.8214285714284,88.56081409454346,0.0003,0.01775376,18.273923873901367,-0.9683224618434906,-0.010481430985964834,0.055859375,0.9709606170654297,12210,0.3
23,1013,5,200.0,5888,3136.137931034483,590.3556259155273,0.0003,0.008826209,229.07618713378906,-0.9133369565010071,-0.0039322629105299715,0.022265625,0.8340615034103394,12220,0.3
24,1016,6,200.0,6144,3142.1,40.92757596969604,0.0003,0.025436845,12.749114990234375,-0.9438913762569427,-0.009393025794997812,0.060546875,0.98744136095047,12230,0.3
25,1017,6,200.0,6400,3158.90625,307.7756152153015,0.0003,0.016208824,91.89747619628906,-1.016656643152237,-0.008606659760698677,0.02109375,0.9078776836395264,12240,0.3
26,1016,6,200.0,6656,3162.757575757576,238.38330192565917,0.0003,0.018139753,106.55718231201172,-1.0600018829107285,-0.007143225427716971,0.03828125,0.9242026805877686,12250,0.3
27,1017,6,200.0,6912,3167.176470588235,267.53846740722656,0.0003,0.009985572,41.062747955322266,-1.0884688019752502,-0.007415032084099949,0.00703125,0.915230393409729,12260,0.3
28,1015,7,200.0,7168,3176.885714285714,326.0069227218628,0.0003,0.010359321,24.31980323791504,-1.0144443780183792,-0.0023473671404644846,0.013671875,0.8997509479522705,12270,0.3
29,1015,7,200.0,7424,3182.9189189189187,28.016719818115234,0.0003,0.026551053,6.065319061279297,-1.03410784304142,-0.013140427996404469,0.077734375,0.991081714630127,12280,0.3
30,1016,7,200.0,7680,3191.342105263158,456.14939346313474,0.0003,0.031459287,241.6934814453125,-1.224077481031418,-0.009023880679160356,0.104296875,0.8619309067726135,12290,0.3
31,1015,7,200.0,7936,3193.4358974358975,67.01662483215333,0.0003,0.028016817,30.066162109375,-1.2163505792617797,-0.01565037949476391,0.08125,0.9778743386268616,12300,0.3
32,1016,8,200.0,8192,3195.225,98.37838916778564,0.0003,0.008849257,27.345726013183594,-1.1409481704235076,-0.002739175083115697,0.009765625,0.9541740417480469,12310,0.3
33,1016,8,200.0,8448,3205.190476190476,99.71731004714965,0.0003,0.05284556,60.81740951538086,-1.171244168281555,-0.012639251537621021,0.090625,0.9676501750946045,12320,0.3
34,1011,8,200.0,8704,3212.1627906976746,209.4143325805664,0.0003,0.013355559,97.49111938476562,-1.2939000129699707,-0.011905485636088998,0.0078125,0.9350723624229431,12330,0.3
35,1008,8,200.0,8960,3218.818181818182,33.36839780807495,0.0003,0.014456982,12.272865295410156,-1.3696237802505493,-0.012069858773611487,0.0109375,0.9871675372123718,12340,0.3
36,1009,9,200.0,9216,3211.7391304347825,85.04571685791015,0.0003,0.029550862,39.348480224609375,-1.3846660375595092,-0.004042979329824448,0.03203125,0.9734987020492554,12350,0.3
37,1010,9,200.0,9472,3217.9574468085107,489.36622314453126,0.0003,0.015017471,139.11996459960938,-1.421834981441498,-0.0073409020900726315,0.03046875,0.8812386989593506,12360,0.3
38,1010,9,200.0,9728,3218.8958333333335,294.2216461181641,0.0003,0.004354055,141.93719482421875,-1.4190993309020996,-0.006381537183187902,0.0015625,0.9017308950424194,12370,0.3
39,1012,9,200.0,9984,3200.7755102040815,322.7509262084961,0.0003,0.0023471392,113.52552795410156,-1.4013836085796356,-0.0026420153211802245,0.0,0.8911376595497131,12380,0.3
40,1012,10,200.0,10240,3208.7843137254904,180.80143966674805,0.0003,0.01610016,100.44725799560547,-1.3867473304271698,-0.007468118425458669,0.01484375,0.9432509541511536,12390,0.3
1,1323,0,200.0,256,3320.0,491.2428863525391,0.0003,0.0025368845,120.63243865966797,-1.380156409740448,-0.0012465640436857938,0.0,0.8899307250976562,12400,0.3
2,1167,0,200.0,512,3330.0,232.05012283325195,0.0003,0.005288154,120.94232940673828,-0.29231872856616975,-0.01108344632666558,0.009765625,0.9241434931755066,12410,0.3
3,1152,0,200.0,768,3306.6666666666665,239.65216407775878,0.0003,0.0023199783,81.71774291992188,-0.2780927747488022,-0.0007032861001789569,0.001953125,0.9106633067131042,12420,0.3
4,1098,0,200.0,1024,3264.0,298.2494201660156,0.0003,0.0049425876,128.56719970703125,-0.3058465592563152,-0.005922098830342293,0.005078125,0.9068499803543091,12430,0.3
5,1080,1,200.0,1280,3276.6666666666665,441.2119857788086,0.0003,0.00063182996,197.0032958984375,-0.2743736758828163,0.0007659098017029464,0.0,0.8604978322982788,12440,0.3
6,1073,1,200.0,1536,3280.0,385.4585754394531,0.0003,0.03510818,219.935791015625,-0.2919877253472805,-0.012166911922395229,0.0625,0.8901703953742981,12450,0.3
7,1030,1,200.0,1792,3312.5,45.68083009719849,0.0003,0.0019590415,16.464710235595703,-0.25740380138158797,-0.0016939799999818206,0.003515625,0.9889141321182251,12460,0.3
8,1028,1,200.0,2048,3340.0,63.472591972351076,0.0003,0.011909726,44.39727020263672,-0.2181099183857441,-0.007641211454756558,0.05,0.9782707691192627,12470,0.3
9,1026,2,200.0,2304,3252.7272727272725,378.464665222168,0.0003,0.004008202,124.94683837890625,-0.21756442114710808,-0.0005409143632277846,0.008203125,0.8579754829406738,12480,0.3
10,1030,2,200.0,2560,3258.3333333333335,397.102889251709,0.0003,0.00013253489,100.14572143554688,-0.17946493700146676,0.00028670430183410647,0.0,0.868484616279602,12490,0.3
11,1017,2,200.0,2816,3285.0,155.7908483505249,0.0003,0.004629771,85.27938842773438,-0.24033024683594703,-0.007662220019847154,0.01171875,0.9486064314842224,12500,0.3
12,1017,3,200.0,3072,3302.0,513.8141021728516,0.0003,0.015724791,280.45428466796875,-0.24822953417897226,-0.006760519929230213,0.035546875,0.848942220211029,12510,0.3
13,1020,3,200.0,3328,3318.125,62.14174976348877,0.0003,0.006832393,14.775725364685059,-0.2102319210767746,-0.0014169938862323762,0.008203125,0.9819643497467041,12520,0.3
14,1018,3,200.0,3584,3331.176470588235,113.96057682037353,0.0003,0.026934315,33.6700325012207,-0.254096370190382,-0.012058691075071692,0.060546875,0.9631327986717224,12530,0.3
15,1018,3,200.0,3840,3343.684210526316,29.33531770706177,0.0003,0.034341812,8.790054321289062,-0.24889577850699424,-0.018581530218943952,0.084375,0.9886554479598999,12540,0.3
16,1016,4,200.0,4096,3343.5,558.6484985351562,0.0003,0.005184121,252.2172393798828,-0.23169442117214203,-0.004949918063357472,0.017578125,0.8303475379943848,12550,0.3
17,1019,4,200.0,4352,3353.3333333333335,307.9595012664795,0.0003,0.0032682293,185.4860076904297,-0.22868257015943527,-0.001281886687502265,0.010546875,0.9052939414978027,12560,0.3
18,1019,4,200.0,4608,3361.7391304347825,89.62750568389893,0.0003,0.030357743,40.11134719848633,-0.22097445651888847,-0.008556347154080868,0.01875,0.9714340567588806,12570,0.3
19,1018,4,200.0,4864,3369.1666666666665,582.0633399963378,0.0003,0.0034214652,153.62808227539062,-0.253753113001585,-0.0018585780635476112,0.009375,0.798063337802887,12580,0.3
20,1016,5,200.0,5120,3376.0,98.1608980178833,0.0003,0.0063759573,23.488744735717773,-0.256730517745018,-0.0020329001650679856,0.005078125,0.9715589880943298,12590,0.3
21,1012,5,200.0,5376,3375.0,83.06109161376953,0.0003,0.03175656,33.257286071777344,-0.30823214501142504,-0.027276617009192705,0.06328125,0.9731040596961975,12600,0.3
22,1014,5,200.0,5632,3321.785714285714,577.8898178100586,0.0003,0.004250453,111.81361389160156,-0.28566815704107285,-0.00022133749444037677,0.015234375,0.8162120580673218,12610,0.3
23,1016,5,200.0,5888,3330.0,2151.434893798828,0.0003,0.0013512822,726.9432983398438,-0.36491352021694184,-0.0008178019197657704,0.0,0.4343879222869873,12620,0.3
24,1016,6,200.0,6144,3297.0,759.9703140258789,0.0003,0.00078008,183.94265747070312,-0.3571178525686264,-0.002575732255354524,0.0,0.7321757078170776,12630,0.3
25,1017,6,200.0,6400,3306.25,177.14368209838867,0.0003,0.0008638541,28.503877639770508,-0.2631856150925159,-0.0034555533435195684,0.0015625,0.9479396343231201,12640,0.3
26,1018,6,200.0,6656,3313.6363636363635,471.9722270965576,0.0003,0.014293358,268.0230407714844,-0.27150257453322413,-0.004331797012127936,0.027734375,0.8439894914627075,12650,0.3
27,1018,6,200.0,6912,3320.294117647059,50.77483949661255,0.0003,0.0067921244,16.035608291625977,-0.28582592904567716,-0.010211157286539674,0.04375,0.9807392954826355,12660,0.3
28,1018,7,200.0,7168,3320.8571428571427,54.135394763946536,0.0003,0.017055687,24.187686920166016,-0.2573597185313702,-0.006206392031162977,0.04453125,0.9829062819480896,12670,0.3
29,1020,7,200.0,7424,3326.7567567567567,183.24530439376832,0.0003,0.0023595109,66.11066436767578,-0.3092892229557037,-0.003908592509105802,0.003125,0.9148388504981995,12680,0.3
30,1018,7,200.0,7680,3326.0526315789475,316.49281272888186,0.0003,0.004361363,178.3953857421875,-0.31926245540380477,-0.0013755075517110527,0.00703125,0.8987603783607483,12690,0.3
31,1019,7,200.0,7936,3326.153846153846,209.19788360595703,0.0003,0.0053711478,75.22819519042969,-0.3585099369287491,-0.003584250807762146,0.027734375,0.9290273785591125,12700,0.3
32,1021,8,200.0,8192,3326.75,133.844083404541,0.0003,0.024040516,83.51730346679688,-0.32703022211790084,-0.023813942819833754,0.084765625,0.9575151801109314,12710,0.3
33,1020,8,200.0,8448,3332.1428571428573,456.4134880065918,0.0003,0.0027871071,48.5621337890625,-0.26172876730561256,-0.00368329721968621,0.00390625,0.8615429401397705,12720,0.3
34,1021,8,200.0,8704,3336.9767441860463,431.92022094726565,0.0003,0.0021626605,212.23048400878906,-0.2560159370303154,-0.0009587929118424654,0.0,0.861583411693573,12730,0.3
35,1021,8,200.0,8960,3341.590909090909,89.5475923538208,0.0003,0.021378977,37.097999572753906,-0.2545304872095585,-0.006871762231457979,0.029296875,0.9656946063041687,12740,0.3
36,1021,9,200.0,9216,3335.4347826086955,94.07844924926758,0.0003,0.01204652,45.902442932128906,-0.3058893710374832,-0.00572370468871668,0.04140625,0.9685331583023071,12750,0.3
37,1023,9,200.0,9472,3335.531914893617,526.5846336364746,0.0003,0.0018295408,141.57875061035156,-0.26549708694219587,0.003577816509641707,0.002734375,0.7889902591705322,12760,0.3
38,1023,9,200.0,9728,3335.2083333333335,443.3467388153076,0.0003,0.0019321241,42.53876495361328,-0.27966491878032684,-0.0005235837772488594,0.00078125,0.8724252581596375,12770,0.3
39,1023,9,200.0,9984,3339.387755102041,146.02787551879882,0.0003,0.015659135,9.83453369140625,-0.2765160143375397,-0.00962456394918263,0.075390625,0.9550827145576477,12780,0.3
40,1023,10,200.0,10240,3347.6470588235293,20.104040575027465,0.0003,0.006212703,6.707953929901123,-0.29887945726513865,-0.0038860217668116094,0.0265625,0.9927532076835632,12790,0.3
1,1158,0,200.0,256,3307.0,152.25289611816407,0.0003,0.006500683,61.52621078491211,-0.338404281437397,-0.010802645259536803,0.03125,0.953487753868103,12800,0.3
2,1070,0,200.0,512,3407.0,235.8177282333374,0.0003,0.0153832175,157.35601806640625,-1.4296222448348999,-0.009828887670300901,0.030078125,0.9260756969451904,12410,0.3
3,1061,0,200.0,768,3292.3333333333335,193.5516315460205,0.0003,0.024461377,145.14340209960938,-1.3687920451164246,-0.012539490405470134,0.0625,0.9413745403289795,12420,0.3
4,1068,0,200.0,1024,3377.2,267.1600378036499,0.0003,0.0038236037,137.55982971191406,-1.332375055551529,-0.005359350936487317,0.00390625,0.9213404655456543,12430,0.3
5,1046,1,200.0,1280,3359.3333333333335,99.43922920227051,0.0003,0.021773186,38.73462677001953,-1.3450646996498108,-0.01422209870070219,0.030078125,0.9693116545677185,12440,0.3
6,1040,1,200.0,1536,3380.1428571428573,56.122292613983156,0.0003,0.013411014,19.719860076904297,-1.4087730169296264,-0.012035158881917595,0.053515625,0.9816121459007263,12450,0.3
7,1030,1,200.0,1792,3396.0,73.39085369110107,0.0003,0.029739777,42.14640808105469,-1.3760366916656495,-0.017609742376953362,0.097265625,0.9765423536300659,12460,0.3
8,1035,1,200.0,2048,3395.1,32.198126220703124,0.0003,0.046889067,15.285554885864258,-1.4495560646057128,-0.01624230886809528,0.096484375,0.9882800579071045,12470,0.3
9,1019,2,200.0,2304,3407.0,157.06357421875,0.0003,0.014905559,73.580810546875,-1.384852260351181,-0.007962956558912992,0.016015625,0.9504969120025635,12480,0.3
10,1012,2,200.0,2560,3396.75,106.2214298248291,0.0003,0.023298737,50.096031188964844,-1.4244262635707856,-0.017619466129690408,0.0578125,0.9674534797668457,12490,0.3
11,1001,2,200.0,2816,3258.4285714285716,553.4439102172852,0.0003,0.003335692,226.6410369873047,-1.0592078030109406,0.0033288063714280725,0.0,0.853312075138092,12500,0.3
12,999,3,200.0,3072,3133.2,61.356468200683594,0.0003,0.009025497,17.80457305908203,-1.3429827511310577,-0.008431823085993528,0.01953125,0.9808341264724731,12510,0.3
13,1005,3,200.0,3328,3141.0625,276.00141620635986,0.0003,0.0024548755,176.79629516601562,-1.0944006443023682,-0.005811706627719104,0.0,0.9318470358848572,12520,0.3
14,1003,3,200.0,3584,3162.470588235294,35.30318260192871,0.0003,0.028463028,10.014575958251953,-1.3721225142478943,-0.009914341499097645,0.034375,0.9870164394378662,12530,0.3
15,1004,3,200.0,3840,3162.5263157894738,51.26794285774231,0.0003,0.05895572,27.099275588989258,-1.3233588933944702,-0.01311944741755724,0.11015625,0.9826140403747559,12540,0.3
16,1000,4,200.0,4096,3154.15,443.79599914550784,0.0003,0.016571274,271.95294189453125,-1.1874523103237151,-0.012922146636992694,0.040234375,0.8922381401062012,12550,0.3
17,1001,4,200.0,4352,3159.5238095238096,748.1182907104492,0.0003,0.007417757,247.8122100830078,-1.2816230714321137,-0.010489844903349876,0.003125,0.7981231808662415,12560,0.3
18,991,4,200.0,4608,3189.391304347826,71.76802473068237,0.0003,0.008629394,30.365455627441406,-1.289522749185562,-0.006429812405258417,0.01015625,0.9758697748184204,12570,0.3
19,994,4,200.0,4864,3194.125,85.64672756195068,0.0003,0.034907237,45.09905242919922,-1.2895909547805786,-0.018323428044095636,0.099609375,0.9727683067321777,12580,0.3
20,995,5,200.0,5120,3206.6,160.2923529624939,0.0003,0.045756504,66.41944885253906,-1.297916042804718,-0.016337421629577874,0.0953125,0.9497213959693909,12590,0.3
21,999,5,200.0,5376,3210.5384615384614,38.12803053855896,0.0003,0.038420767,9.832663536071777,-1.2755037188529967,-0.020638471841812132,0.136328125,0.9874788522720337,12600,0.3
22,997,5,200.0,5632,3224.4285714285716,431.49402313232423,0.0003,0.023361854,256.5699768066406,-1.3394234418869018,-0.012319950200617314,0.046484375,0.8696391582489014,12610,0.3
23,998,5,200.0,5888,3233.689655172414,309.958687210083,0.0003,0.0095802,79.6017074584961,-1.3703375697135924,-0.006955773977097124,0.00625,0.9007642269134521,12620,0.3
24,999,6,200.0,6144,3236.133333333333,100.45047626495361,0.0003,0.011410711,21.145584106445312,-1.4084965229034423,-0.006398296798579395,0.013671875,0.9657992124557495,12630,0.3
25,1001,6,200.0,6400,3238.0625,432.2973087310791,0.0003,0.0042196047,63.39921188354492,-1.398858481645584,-0.003093471028842032,0.0078125,0.8684600591659546,12640,0.3
26,1003,6,200.0,6656,3246.2727272727275,140.22872734069824,0.0003,0.025782248,76.24402618408203,-1.4862959146499635,-0.011720779817551374,0.0453125,0.9565860629081726,12650,0.3
27,1004,6,200.0,6912,3247.970588235294,21.658282709121703,0.0003,0.010136835,6.424241542816162,-1.4569832682609558,-0.00991838271729648,0.0234375,0.9935544729232788,12660,0.3
28,1005,7,200.0,7168,3243.0285714285715,181.88383941650392,0.0003,0.036455214,35.879051208496094,-1.5196931123733521,-0.014904533885419369,0.12578125,0.9443952441215515,12670,0.3
29,1007,7,200.0,7424,3199.837837837838,413.52210845947263,0.0003,0.009388331,190.33694458007812,-1.5112721562385558,-0.009308709332253784,0.005859375,0.9135714173316956,12680,0.3
30,1007,7,200.0,7680,3202.6052631578946,213.30527725219727,0.0003,0.0045772716,155.3750457763672,-1.4906484961509705,-0.005149547022301704,0.000390625,0.9505317211151123,12690,0.3
31,1008,7,200.0,7936,3205.3333333333335,203.4140371322632,0.0003,0.0068861386,59.31731414794922,-1.4397121846675873,-0.007908404106274247,0.004296875,0.937710702419281,12700,0.3
32,1009,8,200.0,8192,3206.875,433.819930267334,0.0003,0.031764552,365.7641906738281,-1.516718864440918,-0.017786532104946674,0.045703125,0.8641433119773865,12710,0.3
33,1011,8,200.0,8448,3175.2619047619046,107.33072757720947,0.0003,0.014298738,54.11386489868164,-1.6101808369159698,-0.011445976747199892,0.017578125,0.9792860746383667,12720,0.3
34,1012,8,200.0,8704,3178.3255813953488,91.22200803756714,0.0003,0.03498569,41.16537094116211,-1.5479658246040344,-0.024719014717265963,0.10859375,0.9733723402023315,12730,0.3
35,1013,8,200.0,8960,3169.9772727272725,440.41106300354005,0.0003,0.007372233,249.57225036621094,-1.59408301115036,-0.005055661359801888,0.019921875,0.8692909479141235,12740,0.3
36,1012,9,200.0,9216,3170.1739130434785,512.1594833374023,0.0003,0.013685409,157.41648864746094,-1.630996870994568,-0.015503611299209297,0.012890625,0.8388442993164062,12750,0.3
37,1013,9,200.0,9472,3172.553191489362,339.6231979370117,0.0003,0.004760965,157.78660583496094,-1.5609322607517242,-0.007337173644918949,0.0,0.8958780169487,12760,0.3
38,1013,9,200.0,9728,3179.3958333333335,110.73003921508788,0.0003,0.009284122,22.260435104370117,-1.5277379989624023,-0.010023662983439863,0.00625,0.9647901058197021,12770,0.3
39,1013,9,200.0,9984,3186.1020408163267,73.7042363166809,0.0003,0.025796894,46.13188934326172,-1.3820601999759674,-0.018131854990497232,0.059375,0.9770699739456177,12780,0.3
40,1014,10,200.0,10240,3190.450980392157,103.61252250671387,0.0003,0.012206286,47.26922607421875,-1.426567143201828,-0.00395643429365009,0.0125,0.962256669998169,12790,0.3
1,1304,0,200.0,256,3340.0,382.57956771850587,0.0003,0.016648116,99.98606872558594,-1.4217647910118103,-0.006823929538950324,0.041796875,0.8907284140586853,12800,0.3
2,1160,0,200.0,512,3440.0,307.1676942825317,0.0003,0.010064171,70.24739837646484,-0.34914172291755674,-0.0056409117532894015,0.02890625,0.9046815037727356,12810,0.3
3,1119,0,200.0,768,3400.0,16.732220506668092,0.0003,0.004541785,4.875711917877197,-0.3317401185631752,-0.006037359219044447,0.012109375,0.9952697157859802,12820,0.3
4,1086,0,200.0,1024,3312.0,104.14288330078125,0.0003,0.011047132,20.93611717224121,-0.3864870652556419,-0.009292970481328666,0.046484375,0.968239426612854,12830,0.3
5,1067,1,200.0,1280,3316.6666666666665,1894.3942474365235,0.0003,0.017908894,231.61940002441406,-0.30445350259542464,-0.0012717809062451125,0.067578125,0.21405434608459473,12840,0.3
6,1049,1,200.0,1536,3348.5714285714284,273.8826187133789,0.0003,0.000842107,82.84788513183594,-0.3269019857048988,-0.0014954599551856517,0.0,0.9105677604675293,12850,0.3
7,1047,1,200.0,1792,3342.5,222.43438644409179,0.0003,0.0016105899,68.5582504272461,-0.29453635960817337,0.00030224991496652365,0.001171875,0.9306774139404297,12860,0.3
8,1046,1,200.0,2048,3340.0,155.42697448730468,0.0003,0.016328175,81.66255950927734,-0.3143782548606396,-0.00971383871510625,0.0453125,0.9463074207305908,12870,0.3
9,1045,2,200.0,2304,3340.0,288.4726058959961,0.0003,0.0024818822,186.8817596435547,-0.27832066640257835,-0.0017529886448755861,0.005859375,0.9129384160041809,12880,0.3
10,1042,2,200.0,2560,3356.6666666666665,441.04448356628416,0.0003,0.006897559,338.56036376953125,-0.23960353061556816,-0.0032939270604401827,0.009375,0.8619064092636108,12890,0.3
11,1040,2,200.0,2816,3369.285714285714,55.41375470161438,0.0003,0.0088794995,6.177699089050293,-0.2190632402896881,-0.002059482841286808,0.01796875,0.9830953478813171,12900,0.3
12,1039,2,200.0,3072,3367.3333333333335,506.65639343261716,0.0003,0.019590555,287.0262145996094,-0.3226530492305756,-0.008199918153695761,0.04140625,0.85261070728302,12910,0.3
13,1038,3,200.0,3328,3365.625,419.6084411621094,0.0003,0.0032358984,86.84799194335938,-0.3846187099814415,-0.0014817186864092946,0.003125,0.8708380460739136,12920,0.3
14,1037,3,200.0,3584,3364.1176470588234,428.6304542541504,0.0003,0.0013895454,230.1276397705078,-0.36654908359050753,-0.0006976691540330649,0.003515625,0.870241641998291,12930,0.3
15,1038,3,200.0,3840,3361.5789473684213,387.74654083251954,0.0003,0.0009273754,216.36598205566406,-0.40789924561977386,-0.00039017538074404,0.001953125,0.8768269419670105,12940,0.3
16,1038,3,200.0,4096,3359.5,538.3671813964844,0.0003,0.0006151262,373.7083435058594,-0.3851728454232216,-0.0015795971092302352,0.0,0.8374465703964233,12950,0.3
17,1037,4,200.0,4352,3357.6190476190477,185.89150695800782,0.0003,0.012427438,78.9789810180664,-0.38126305639743807,-0.00524429464712739,0.015234375,0.937398374080658,12960,0.3
18,1036,4,200.0,4608,3364.782608695652,147.1656322479248,0.0003,0.029015265,78.60884094238281,-0.2815315529704094,-0.012679251283407212,0.083203125,0.9555558562278748,12970,0.3
19,1037,4,200.0,4864,3372.0833333333335,441.87513236999513,0.0003,0.0031405347,163.2980194091797,-0.23747649639844895,-0.0018009827472269535,0.003125,0.8597803711891174,12980,0.3
20,1035,4,200.0,5120,3370.8,12.902460432052612,0.0003,0.048824776,4.5483832359313965,-0.28338822722435,-0.011616422142833472,0.065234375,0.9971057772636414,12990,0.3
21,1034,5,200.0,5376,3369.6153846153848,433.7540798187256,0.0003,0.011051245,206.4765167236328,-0.3704556316137314,-0.0028515349142253397,0.02578125,0.8715382814407349,13000,0.3
22,1033,5,200.0,5632,3374.6428571428573,304.7617136001587,0.0003,0.010587906,140.03292846679688,-0.41264623403549194,-0.006403015251271427,0.016015625,0.9070584774017334,13010,0.3
23,1033,5,200.0,5888,3372.7586206896553,286.1604682922363,0.0003,0.006772388,109.98389434814453,-0.41384251713752745,-0.006227995408698917,0.022265625,0.9115755558013916,13020,0.3
24,1032,5,200.0,6144,3371.6666666666665,111.57146539688111,0.0003,0.013865555,57.45330047607422,-0.40329631268978117,-0.009423212287947536,0.019921875,0.9625956416130066,13030,0.3
25,1031,6,200.0,6400,3369.6875,318.54463958740234,0.0003,0.00802099,150.49771118164062,-0.33053222447633746,-0.003134610690176487,0.0109375,0.9064846038818359,13040,0.3
26,1031,6,200.0,6656,3374.848484848485,391.4551094055176,0.0003,0.01734361,266.8992919921875,-0.3412167564034462,-0.007465071603655815,0.06328125,0.8848516941070557,13050,0.3
27,1031,6,200.0,6912,3379.705882352941,42.21221561431885,0.0003,0.0030924159,9.428289413452148,-0.3418357789516449,-0.0013567722402513028,0.00546875,0.9906419515609741,13060,0.3
28,1029,6,200.0,7168,3371.1428571428573,76.86688947677612,0.0003,0.01228441,38.48085403442383,-0.3271581053733826,-0.009492059890180825,0.034375,0.975853681564331,13070,0.3
29,1029,7,200.0,7424,3368.3783783783783,1105.6501022338866,0.0003,0.01928867,454.4158630371094,-0.415472237765789,-0.00021038162522017955,0.06796875,0.6359767317771912,13080,0.3
30,1030,7,200.0,7680,3366.842105263158,502.9432777404785,0.0003,0.012803437,247.89892578125,-0.4534966692328453,-0.006098844483494759,0.028125,0.8518461585044861,13090,0.3
31,1030,7,200.0,7936,3365.641025641026,103.6960952758789,0.0003,0.013526403,71.2483139038086,-0.4313636630773544,-0.014306150143966079,0.0359375,0.9674715995788574,13100,0.3
32,1030,7,200.0,8192,3370.0,149.01248016357422,0.0003,0.023088232,74.76970672607422,-0.4572472408413887,-0.012102766521275043,0.066796875,0.9528561234474182,13110,0.3
33,1031,8,200.0,8448,3372.3809523809523,97.7424560546875,0.0003,0.08165241,42.35295867919922,-0.4290858551859856,-0.0350683790165931,0.171484375,0.9688568115234375,13120,0.3
34,1031,8,200.0,8704,3371.6279069767443,77.14803886413574,0.0003,0.026145153,29.758506774902344,-0.25890379548072817,-0.015228287503123283,0.085546875,0.9742662310600281,13130,0.3
35,1026,8,200.0,8960,3370.909090909091,316.00768585205077,0.0003,0.008376946,230.7781524658203,-0.26620169878005984,-0.0018925736658275127,0.00703125,0.9018314480781555,13140,0.3
36,1026,8,200.0,9216,3373.2608695652175,303.77749557495116,0.0003,0.009485066,129.67567443847656,-0.2687926098704338,-0.005756124807521701,0.02421875,0.9081999063491821,13150,0.3
37,1026,9,200.0,9472,3376.808510638298,154.89127426147462,0.0003,0.032746185,100.31865692138672,-0.33103794008493426,-0.021405322616919874,0.0609375,0.9518331289291382,13160,0.3
38,1026,9,200.0,9728,3380.2083333333335,52.10677766799927,0.0003,0.024684694,11.369182586669922,-0.35238285511732104,-0.0033874292159453033,0.0609375,0.9843867421150208,13170,0.3
39,1026,9,200.0,9984,3383.469387755102,29.50356707572937,0.0003,0.01630645,11.464900016784668,-0.3361092463135719,-0.010928351851180195,0.04453125,0.9905878305435181,13180,0.3
40,1025,9,200.0,10240,3381.764705882353,32.36430077552795,0.0003,0.028673403,7.964673042297363,-0.2754078134894371,-0.01613283487968147,0.12421875,0.9893123507499695,13190,0.3
1,1326,0,200.0,256,3313.0,799.3776718139649,0.0003,0.0031861104,349.6262512207031,-0.2897436745464802,0.000480758142657578,0.016015625,0.77549147605896,13200,0.3
2,1101,0,200.0,512,3298.5,145.79346313476563,0.0003,0.04396215,53.28404998779297,-1.4779414057731628,-0.018277550116181374,0.113671875,0.9530619978904724,12810,0.3
3,1057,0,200.0,768,3370.0,106.58467273712158,0.0003,0.011031077,16.285310745239258,-1.484830516576767,-0.006880640191957355,0.015234375,0.9626873135566711,12820,0.3
4,1044,0,200.0,1024,3336.4,19.540110230445862,0.0003,0.041096695,13.78541374206543,-1.5586232900619508,-0.01871268164832145,0.08671875,0.9925829172134399,12830,0.3
5,1024,1,200.0,1280,3323.8333333333335,113.6267053604126,0.0003,0.053040825,39.81068420410156,-1.552663153409958,-0.02461348632350564,0.20078125,0.9655211567878723,12840,0.3
6,1032,1,200.0,1536,3320.5714285714284,349.4904914855957,0.0003,0.01253419,110.02027893066406,-1.4716686069965363,-0.007843979611061513,0.029296875,0.8740519285202026,12850,0.3
7,1031,1,200.0,1792,3344.125,272.767142868042,0.0003,0.0054135877,185.43551635742188,-1.505545300245285,-0.008076240913942457,0.003515625,0.9077731966972351,12860,0.3
8,1029,1,200.0,2048,3357.6,21.625477981567382,0.0003,0.019363694,6.419570446014404,-1.4936260402202606,-0.014899583498481661,0.028125,0.9916332960128784,12870,0.3
9,1031,2,200.0,2304,3371.2727272727275,277.3259910583496,0.0003,0.032609142,90.23258972167969,-1.458184391260147,-0.01662003940436989,0.10546875,0.918685257434845,12880,0.3
10,1035,2,200.0,2560,3363.0833333333335,51.98478212356567,0.0003,0.013838187,13.2354097366333,-1.4149966299533845,-0.007559859612956643,0.02109375,0.979806661605835,12890,0.3
11,1036,2,200.0,2816,3334.6428571428573,27.165485763549803,0.0003,0.02792954,14.670049667358398,-1.4843775451183319,-0.008928236528299749,0.036328125,0.9902294278144836,12900,0.3
12,1035,2,200.0,3072,3332.5333333333333,549.1541564941406,0.0003,0.026036937,298.2991638183594,-1.4502678573131562,-0.012120494712144136,0.062890625,0.8510901927947998,12910,0.3
13,1035,3,200.0,3328,3343.6875,436.34483032226564,0.0003,0.0027188545,239.56924438476562,-1.4366597056388855,-0.004178545507602394,0.0,0.8735378980636597,12920,0.3
14,1034,3,200.0,3584,3339.705882352941,28.641527080535887,0.0003,0.029448802,11.599177360534668,-1.4577235281467438,-0.01183171970769763,0.041015625,0.9896868467330933,12930,0.3
15,1032,3,200.0,3840,3344.7894736842104,75.39902324676514,0.0003,0.0198175,25.259517669677734,-1.4437545359134674,-0.008920213440433145,0.081640625,0.9711230397224426,12940,0.3
16,1032,3,200.0,4096,3339.5,97.60551929473877,0.0003,0.042515706,27.10097885131836,-1.5008260905742645,-0.018351043085567655,0.105078125,0.9686141610145569,12950,0.3
17,1032,4,200.0,4352,3257.3809523809523,7393.176171875,0.0003,0.0018869978,2084.863037109375,-1.3909165740013123,0.0010937952902168036,0.0,-0.9000370502471924,12960,0.3
18,1033,4,200.0,4608,3269.0434782608695,535.9425765991211,0.0003,0.0018431877,230.17144775390625,-1.3640786349773406,-0.005273236660286784,0.0,0.8299486041069031,12970,0.3
19,1029,4,200.0,4864,3278.875,144.45943222045898,0.0003,0.031275816,92.21421813964844,-1.4569116055965423,-0.016874607908539473,0.0515625,0.947888970375061,12980,0.3
20,1026,4,200.0,5120,3288.08,39.204116630554196,0.0003,0.028043915,13.339903831481934,-1.431025904417038,-0.019389731832779943,0.1,0.9867978692054749,12990,0.3
21,1027,5,200.0,5376,3288.5384615384614,35.50378909111023,0.0003,0.029126104,11.353192329406738,-1.4621999740600586,-0.016287540330085903,0.055859375,0.9881364107131958,13000,0.3
22,1028,5,200.0,5632,3296.714285714286,155.1155324935913,0.0003,0.020203132,99.11560821533203,-1.427322220802307,-0.013300588703714311,0.04296875,0.9479968547821045,13010,0.3
23,1027,5,200.0,5888,3303.9310344827586,184.73409767150878,0.0003,0.024054,78.16569519042969,-1.3882951855659484,-0.018685470474883913,0.060546875,0.9407579302787781,13020,0.3
24,1027,5,200.0,6144,3311.3333333333335,40.27988805770874,0.0003,0.044296052,13.681107521057129,-1.362343180179596,-0.011515975126530974,0.062890625,0.984009325504303,13030,0.3
25,1029,6,200.0,6400,3304.0625,148.0467700958252,0.0003,0.01621266,67.07617950439453,-1.3975363075733185,-0.01272230762988329,0.03359375,0.9527395963668823,13040,0.3
26,1027,6,200.0,6656,3310.212121212121,717.3102043151855,0.0003,0.009328764,319.45550537109375,-1.4541645228862763,-0.005620353645645082,0.013671875,0.8001964688301086,13050,0.3
27,1026,6,200.0,6912,3310.1176470588234,186.60576057434082,0.0003,0.003443292,55.504730224609375,-1.4302833378314972,-0.0050891690189018846,0.00390625,0.9431500434875488,13060,0.3
28,1025,6,200.0,7168,3310.1428571428573,184.58342056274415,0.0003,0.005615104,58.718807220458984,-1.4467075884342193,-0.008113219658844173,0.008984375,0.9417999386787415,13070,0.3
29,1025,7,200.0,7424,3315.5405405405404,428.0280403137207,0.0003,0.0036536371,186.47714233398438,-1.473923236131668,-0.005076881079003215,0.000390625,0.8718234896659851,13080,0.3
30,1025,7,200.0,7680,3315.315789473684,189.6505916595459,0.0003,0.02840001,59.59833908081055,-1.4271729052066804,-0.01240730071440339,0.039453125,0.937228262424469,13090,0.3
31,1023,7,200.0,7936,3315.3333333333335,300.5766376495361,0.0003,0.046858877,137.6534881591797,-1.504261463880539,-0.025594495749101043,0.11875,0.9087378978729248,13100,0.3
32,1024,7,200.0,8192,3320.275,147.6791561126709,0.0003,0.014559841,97.24739837646484,-1.4786238074302673,-0.008478450030088425,0.012109375,0.9532650113105774,13110,0.3
33,1025,8,200.0,8448,3329.2619047619046,29.20515341758728,0.0003,0.017013077,5.267757415771484,-1.526558369398117,-0.008590462850406766,0.0640625,0.9882449507713318,13120,0.3
34,1026,8,200.0,8704,3327.860465116279,210.46673812866212,0.0003,0.007943447,119.42818450927734,-1.4841955840587615,0.0011969893705099822,0.016796875,0.9212810397148132,13130,0.3
35,1026,8,200.0,8960,3327.25,65.77668075561523,0.0003,0.0045669265,20.85060691833496,-1.4489951193332673,-0.010576291265897453,0.004296875,0.9775632619857788,13140,0.3
36,1026,8,200.0,9216,3321.195652173913,414.91288299560546,0.0003,0.007373821,259.4919738769531,-1.4277400076389313,-0.01229618671350181,0.0078125,0.8748509883880615,13150,0.3
37,1025,9,200.0,9472,3325.191489361702,577.2230247497558,0.0003,0.0034703375,356.09393310546875,-1.4777297794818878,-0.007646040827967227,0.001171875,0.8308541178703308,13160,0.3
38,1026,9,200.0,9728,3329.0625,31.51815538406372,0.0003,0.014716006,6.168264865875244,-1.409956967830658,-0.00961254274006933,0.01640625,0.9918358325958252,13170,0.3
39,1023,9,200.0,9984,3322.938775510204,346.2811981201172,0.0003,0.022156198,136.56423950195312,-1.3962766230106354,-0.027369204070419074,0.0671875,0.885024905204773,13180,0.3
40,1023,10,200.0,10240,3326.450980392157,39.62849183082581,0.0003,0.038715556,5.30372428894043,-1.4190545201301574,-0.016271907021291554,0.085546875,0.9848684668540955,13190,0.3
1,1384,0,200.0,256,3540.0,211.29638786315917,0.0003,0.032308675,130.7884063720703,-1.3435924232006073,-0.023063399479724467,0.109375,0.936551570892334,13200,0.3
2,1197,0,200.0,512,3545.0,41.217029905319215,0.0003,0.008780038,7.783231258392334,-0.2510604687035084,-0.007206327700987458,0.00625,0.9865236282348633,13210,0.3
3,1120,0,200.0,768,2823.3333333333335,94.82307720184326,0.0003,0.017033746,39.44477844238281,-0.2542498208582401,-0.004851623089052737,0.01328125,0.9745383262634277,13220,0.3
4,1094,0,200.0,1024,3074.0,70.69448480606079,0.0003,0.0016761359,36.32308578491211,-0.2529300354421139,-0.0005417600274085999,0.015234375,0.9848545789718628,13230,0.3
5,1085,1,200.0,1280,3118.3333333333335,254.640087890625,0.0003,0.030320488,77.20060729980469,-0.38609571009874344,-0.009814680856652557,0.05390625,0.9200760722160339,13240,0.3
6,1077,1,200.0,1536,3178.5714285714284,431.95452575683595,0.0003,0.01859525,338.62957763671875,-0.4324434265494347,-0.006169424136169254,0.033203125,0.8716889023780823,13250,0.3
7,1067,1,200.0,1792,2888.75,1007.9696983337402,0.0003,0.0022601157,260.46368408203125,-0.4534695237874985,0.0005787488771602511,0.001953125,0.6759618520736694,13260,0.3
8,1051,1,200.0,2048,2999.0,490.7476806640625,0.0003,0.0010544416,169.58299255371094,-0.402931047976017,-0.0033999135717749595,0.00078125,0.806031346321106,13270,0.3
9,1051,2,200.0,2304,3048.181818181818,206.71015243530275,0.0003,0.023890663,137.03866577148438,-0.45328260213136673,-0.012389248423278331,0.0234375,0.9333435297012329,13280,0.3
10,1049,2,200.0,2560,3089.1666666666665,30.786100959777833,0.0003,0.011397503,12.908742904663086,-0.37903349101543427,-0.013328194105997681,0.048828125,0.9922769665718079,13290,0.3
11,1049,2,200.0,2816,3154.285714285714,36.79310946464538,0.0003,0.012689867,16.578596115112305,-0.41829814165830614,-0.003220214368775487,0.048046875,0.9879838824272156,13300,0.3
12,1047,2,200.0,3072,3166.6666666666665,65.17366132736205,0.0003,0.015321713,37.06165313720703,-0.45656016767024993,-0.010762518411502242,0.065625,0.978679358959198,13310,0.3
13,1046,3,200.0,3328,3190.0,243.0356830596924,0.0003,0.03437063,108.44397735595703,-0.5011663481593132,-0.010190156451426447,0.054296875,0.9250794649124146,13320,0.3
14,1044,3,200.0,3584,3198.823529411765,80.57373580932617,0.0003,0.035172418,20.698076248168945,-0.4434110715985298,-0.025398588739335537,0.159375,0.973961353302002,13330,0.3
15,1037,3,200.0,3840,3235.2631578947367,220.36448030471803,0.0003,0.009874562,66.8629379272461,-0.45765034556388856,-0.004527675919234753,0.03203125,0.932334303855896,13340,0.3
16,1034,3,200.0,4096,3240.5,166.06817207336425,0.0003,0.0061425166,32.183753967285156,-0.49125863462686536,-0.014377998281270265,0.0671875,0.9483246207237244,13350,0.3
17,1034,4,200.0,4352,3254.7619047619046,426.28246040344237,0.0003,0.010088105,365.2279968261719,-0.4619025751948357,-0.004683152236975729,0.032421875,0.8721795082092285,13360,0.3
18,1034,4,200.0,4608,3279.5652173913045,25.073117637634276,0.0003,0.012520998,11.674227714538574,-0.4262148141860962,-0.009182583168148994,0.03515625,0.9939705729484558,13370,0.3
19,1031,4,200.0,4864,3282.0833333333335,68.20657043457031,0.0003,0.0568693,32.819480895996094,-0.36406261622905733,-0.0175209597684443,0.15,0.9772821068763733,13380,0.3
20,1032,4,200.0,5120,3292.4,436.01484565734864,0.0003,0.0052981162,227.57049560546875,-0.4203576222062111,-0.0015623671701177956,0.033203125,0.8669562935829163,13390,0.3
21,1032,5,200.0,5376,3302.6923076923076,32.86396484375,0.0003,0.017796077,15.274324417114258,-0.3924435436725616,-0.009079841943457723,0.0203125,0.9899101257324219,13400,0.3
22,1031,5,200.0,5632,3311.0714285714284,105.17525396347045,0.0003,0.029821273,45.4554557800293,-0.43617176711559297,-0.018457584269344806,0.069140625,0.9662171006202698,13410,0.3
23,1031,5,200.0,5888,3318.9655172413795,86.32630653381348,0.0003,0.012354936,58.06695556640625,-0.41731228977441787,-0.012223957851529122,0.021484375,0.9715229868888855,13420,0.3
24,1031,5,200.0,6144,3326.3333333333335,73.83463153839111,0.0003,0.078038186,17.434978485107422,-0.41952965408563614,-0.010611049341969192,0.132421875,0.9770714044570923,13430,0.3
25,1030,6,200.0,6400,3326.5625,36.27187328338623,0.0003,0.060180873,10.459760665893555,-0.46153374165296557,-0.02147362302057445,0.13203125,0.9872149229049683,13440,0.3
26,1031,6,200.0,6656,3333.030303030303,633.5959480285644,0.0003,0.011623108,437.7391357421875,-0.4730286881327629,0.0017489324556663633,0.06171875,0.8151794672012329,13450,0.3
27,1029,6,200.0,6912,3332.6470588235293,52.145951652526854,0.0003,0.036662843,30.264312744140625,-0.5056770354509353,-0.017766301869414747,0.069140625,0.981978714466095,13460,0.3
28,1029,6,200.0,7168,3338.5714285714284,104.8303804397583,0.0003,0.02889658,86.70443725585938,-0.4870779633522034,-0.014439253520686179,0.046875,0.9682268500328064,13470,0.3
29,1028,7,200.0,7424,3343.2432432432433,37.61317024230957,0.0003,0.05692756,16.08856201171875,-0.4610664382576942,-0.027090498758479954,0.132421875,0.9877039790153503,13480,0.3
30,1029,7,200.0,7680,3343.157894736842,98.10897598266601,0.0003,0.030238308,36.2072639465332,-0.40912109762430193,-0.02337162415497005,0.11953125,0.9675323367118835,13490,0.3
31,1028,7,200.0,7936,3348.2051282051284,436.82473487854,0.0003,0.007699763,282.2693176269531,-0.4154883697628975,-0.0029802216216921807,0.03359375,0.8678279519081116,13500,0.3
32,1028,7,200.0,8192,3353.0,75.08134212493897,0.0003,0.025911111,60.952606201171875,-0.4201818883419037,-0.012263507302850484,0.084765625,0.9768913984298706,13510,0.3
33,1027,8,200.0,8448,3356.4285714285716,131.30711631774903,0.0003,0.085163735,36.98480987548828,-0.46678650230169294,-0.03398289666511119,0.157421875,0.9586673378944397,13520,0.3
34,1027,8,200.0,8704,3360.6976744186045,164.54045295715332,0.0003,0.028950278,113.6313705444336,-0.39058248698711395,-0.02055500214919448,0.0515625,0.9464489817619324,13530,0.3
35,1027,8,200.0,8960,3365.0,27.520296239852904,0.0003,0.026644625,9.665970802307129,-0.23615857288241388,-0.012318285927176476,0.05859375,0.9906145930290222,13540,0.3
36,1027,8,200.0,9216,3372.608695652174,84.7408995628357,0.0003,0.018311068,16.82036018371582,-0.21443704515695572,-0.0029407711233943703,0.025390625,0.9728923439979553,13550,0.3
37,1026,9,200.0,9472,3366.808510638298,127.62249946594238,0.0003,0.008140594,54.661888122558594,-0.27061660811305044,-0.005115968477912247,0.019921875,0.9597393870353699,13560,0.3
38,1026,9,200.0,9728,3370.4166666666665,298.8364501953125,0.0003,0.0013135814,132.08804321289062,-0.28563829958438874,-0.0005590144079178572,0.001171875,0.906523585319519,13570,0.3
39,1026,9,200.0,9984,3373.877551020408,79.19618253707885,0.0003,0.018556572,36.582122802734375,-0.2586554728448391,-0.014445130643434823,0.041796875,0.9753825068473816,13580,0.3
40,1026,9,200.0,10240,3380.7843137254904,52.29080722332001,0.0003,0.0030174598,37.21105194091797,-0.24747597575187683,-0.0018302333308383822,0.0125,0.9827800989151001,13590,0.3
1,1335,0,200.0,256,3495.0,166.51410312652587,0.0003,0.0030475652,87.949462890625,-0.27728207781910896,-0.0035236373776569964,0.005078125,0.9494434595108032,13600,0.3
2,1151,0,200.0,512,3501.5,34.00007104873657,0.0003,0.008201799,15.751237869262695,-1.3418474435806274,-0.004622732265852391,0.0078125,0.9882981777191162,13210,0.3
3,1112,0,200.0,768,3504.6666666666665,51.35466222763061,0.0003,0.06588178,6.541337013244629,-1.3324352145195006,-0.015762845682911576,0.133203125,0.9826543927192688,13220,0.3
4,1092,0,200.0,1024,3462.4,26.77053232192993,0.0003,0.048928995,11.54399585723877,-1.3651513874530792,-0.02121306989574805,0.1046875,0.9905442595481873,13230,0.3
5,1083,1,200.0,1280,3033.5,190.10045261383056,0.0003,0.04441054,89.77085876464844,-1.513228452205658,-0.019698983593843877,0.137890625,0.9374991059303284,13240,0.3
6,1074,1,200.0,1536,3073.8571428571427,383.7084800720215,0.0003,0.0004915688,86.21725463867188,-0.7614283591508866,-0.000316341663710773,0.0,0.9373611211776733,13250,0.3
7,1065,1,200.0,1792,3130.375,218.71105880737304,0.0003,0.014796361,111.67235565185547,-1.4578636944293977,-0.011403946857899427,0.01328125,0.9302964210510254,13260,0.3
8,1056,1,200.0,2048,3155.4,347.379093170166,0.0003,0.0053852457,137.2417449951172,-1.4231453955173492,-0.0070164131466299295,0.001171875,0.897042989730835,13270,0.3
9,1054,2,200.0,2304,3187.3636363636365,103.6320912361145,0.0003,0.009974364,73.65304565429688,-1.4317341148853302,-0.00624236473813653,0.015234375,0.9649825692176819,13280,0.3
10,1052,2,200.0,2560,3214.0833333333335,48.96853361129761,0.0003,0.025748331,10.66763973236084,-1.3471402525901794,-0.015786074567586184,0.054296875,0.9844125509262085,13290,0.3
11,1051,2,200.0,2816,3241.6428571428573,51.47687034606933,0.0003,0.044331543,20.52638816833496,-1.3841707408428192,-0.01402966440655291,0.114453125,0.983723521232605,13300,0.3
12,1046,2,200.0,3072,3246.4,496.72069492340086,0.0003,0.005236637,129.1092529296875,-1.4106419384479523,-0.0011185049777850508,0.0125,0.8519967794418335,13310,0.3
13,1039,3,200.0,3328,3262.9375,409.2229995727539,0.0003,0.011420883,201.38731384277344,-1.4305371403694154,-0.01885784841142595,0.025390625,0.8732306361198425,13320,0.3
14,1037,3,200.0,3584,3277.529411764706,41.955320262908934,0.0003,0.008235373,22.841339111328125,-1.4404451191425323,-0.010553700546734036,0.005078125,0.9835859537124634,13330,0.3
15,1037,3,200.0,3840,3301.7894736842104,25.777543234825135,0.0003,0.02356295,7.442241191864014,-1.428444617986679,-0.017088187881745397,0.042578125,0.9908837080001831,13340,0.3
16,1037,3,200.0,4096,3312.45,48.73547782897949,0.0003,0.04453594,19.522478103637695,-1.4565839350223542,-0.016072179889306426,0.112890625,0.9825072884559631,13350,0.3
17,1038,4,200.0,4352,3312.3333333333335,86.58201446533204,0.0003,0.031390212,31.710987091064453,-1.4203027665615082,-0.017124672885984182,0.1171875,0.9718402028083801,13360,0.3
18,1036,4,200.0,4608,3246.478260869565,275.11237182617185,0.0003,0.011216,73.08218383789062,-1.5014632582664489,-0.007831240957602858,0.020703125,0.9151426553726196,13370,0.3
19,1036,4,200.0,4864,3248.9583333333335,75.35551471710205,0.0003,0.015822101,32.776580810546875,-1.1183871567249297,-0.008662374457344413,0.0203125,0.9798643589019775,13380,0.3
20,1035,4,200.0,5120,3241.04,193.92515258789064,0.0003,0.0155462865,141.69712829589844,-1.5136973798274993,-0.00920344926416874,0.029296875,0.9383665323257446,13390,0.3
21,1033,5,200.0,5376,3241.653846153846,358.34686889648435,0.0003,0.015788596,245.8662109375,-1.4876088440418243,-0.014188418071717024,0.021484375,0.8920406103134155,13400,0.3
22,1033,5,200.0,5632,3246.6071428571427,123.40310287475586,0.0003,0.012040094,35.83536148071289,-1.4791452825069427,-0.013279438251629472,0.023828125,0.9595248103141785,13410,0.3
23,1034,5,200.0,5888,3246.9310344827586,614.400505065918,0.0003,0.011914492,165.50039672851562,-1.4434027791023254,-0.007086642924696207,0.01796875,0.8205822110176086,13420,0.3
24,1035,5,200.0,6144,3247.4666666666667,171.53581504821778,0.0003,0.014391927,74.88606262207031,-1.4749267935752868,-0.010578414890915155,0.02265625,0.9378917813301086,13430,0.3
25,1033,6,200.0,6400,3256.8125,77.62030620574951,0.0003,0.020072253,20.464282989501953,-1.499069195985794,-0.013584817759692669,0.040234375,0.9756842255592346,13440,0.3
26,1032,6,200.0,6656,3257.848484848485,193.5274272918701,0.0003,0.023747535,78.34587097167969,-1.4469034135341645,-0.016864730673842133,0.0546875,0.9408192038536072,13450,0.3
27,1031,6,200.0,6912,3265.0,317.59790229797363,0.0003,0.016328841,254.80548095703125,-1.470450258255005,-0.012591575970873237,0.01953125,0.9004002213478088,13460,0.3
28,1032,6,200.0,7168,3266.2571428571428,87.64775009155274,0.0003,0.045595996,44.85030746459961,-1.529445970058441,-0.022165085701271892,0.171484375,0.9728135466575623,13470,0.3
29,1030,7,200.0,7424,3260.0,429.57594146728513,0.0003,0.011875463,197.65048217773438,-1.5046314239501952,-0.00741040192078799,0.0078125,0.8696497678756714,13480,0.3
30,1031,7,200.0,7680,3254.9210526315787,368.4455825805664,0.0003,0.001924586,205.80538940429688,-1.5098750948905946,-0.003162887576036155,0.0,0.8953196406364441,13490,0.3
31,1030,7,200.0,7936,3213.6923076923076,306.8733512878418,0.0003,0.0105656115,137.9668426513672,-1.5687415540218352,-0.012249904358759523,0.012109375,0.9064415693283081,13500,0.3
32,1031,7,200.0,8192,3209.175,2595.0566955566405,0.0003,0.0018581215,466.39105224609375,-1.2652796149253844,0.0014116595964878797,0.0,0.14900672435760498,13510,0.3
33,1031,8,200.0,8448,3201.9761904761904,191.3493751525879,0.0003,0.0054802103,74.78276062011719,-1.4417716324329377,-0.00621744547970593,0.00390625,0.9276348948478699,13520,0.3
34,1029,8,200.0,8704,3197.767441860465,224.56021156311036,0.0003,0.008494128,156.47805786132812,-1.505320030450821,-0.008827401651069522,0.00703125,0.9303541779518127,13530,0.3
35,1030,8,200.0,8960,3199.340909090909,355.20773086547854,0.0003,0.022092622,138.60458374023438,-1.6121954143047332,-0.009894168167375029,0.03046875,0.8925827145576477,13540,0.3
36,1030,8,200.0,9216,3202.3260869565215,93.3864803314209,0.0003,0.009735459,22.038671493530273,-1.5937783360481261,-0.012391299032606185,0.011328125,0.9669013619422913,13550,0.3
37,1030,9,200.0,9472,3203.7872340425533,131.62653121948242,0.0003,0.049127847,64.34095001220703,-1.566435194015503,-0.0232300179079175,0.115234375,0.9597919583320618,13560,0.3
38,1030,9,200.0,9728,3205.1875,96.86720275878906,0.0003,0.012456832,52.19823455810547,-1.6162285506725311,-0.01096673512365669,0.01328125,0.9690143465995789,13570,0.3
39,1030,9,200.0,9984,3206.5714285714284,126.31116008758545,0.0003,0.029240029,75.41726684570312,-1.5904761970043182,-0.009606737643480301,0.050390625,0.9574329853057861,13580,0.3
40,1029,9,200.0,10240,3197.0196078431372,155.9555751800537,0.0003,0.011707184,86.87401580810547,-1.5769276738166809,-0.012622426636517048,0.015625,0.9511104226112366,13590,0.3
1,1340,0,200.0,256,3340.0,599.4806266784668,0.0003,0.013788509,374.1121520996094,-1.5690912187099457,-0.017405325477011502,0.028515625,0.8417261242866516,13600,0.3
2,1184,0,200.0,512,3210.0,475.79811630249026,0.0003,0.0039343997,125.12185668945312,-0.32339083179831507,-0.0018154522404074669,0.01484375,0.8283591270446777,13610,0.3
3,1143,0,200.0,768,2613.3333333333335,152.63109550476074,0.0003,0.0038030946,59.436614990234375,-0.3931457370519638,-0.004131714371033013,0.00234375,0.9519652724266052,13620,0.3
4,1107,0,200.0,1024,2888.0,395.9242370605469,0.0003,0.0021672158,160.26577758789062,-0.4677185192704201,0.0024452936137095093,0.062890625,0.9204345345497131,13630,0.3
5,1098,1,200.0,1280,2920.0,43.58373785018921,0.0003,0.005784352,15.711341857910156,-0.3709907248616219,-0.007960462104529142,0.0140625,0.9837441444396973,13640,0.3
6,1089,1,200.0,1536,2980.0,117.04497489929199,0.0003,0.0035161802,45.48117446899414,-0.3566706821322441,-0.0059863290749490265,0.008984375,0.955621600151062,13650,0.3
7,1084,1,200.0,1792,3020.0,436.9491985321045,0.0003,0.009117069,137.5561981201172,-0.30218099132180215,-0.004628585162572562,0.019921875,0.8675016760826111,13660,0.3
8,1071,1,200.0,2048,2782.0,4561.614172363281,0.0003,0.0003661064,1779.1151123046875,-0.19879693835973739,0.00019216779619455338,0.0,0.3359452486038208,13670,0.3
9,1056,2,200.0,2304,2830.909090909091,431.59839782714846,0.0003,0.0018220718,230.47640991210938,-0.2952925473451614,-0.0016691573429852725,0.00234375,0.8569345474243164,13680,0.3
10,1056,2,200.0,2560,2850.0,284.9481941223145,0.0003,0.00085368403,78.79216766357422,-0.3099074333906174,-0.0021833034115843475,0.0,0.915216863155365,13690,0.3
11,1057,2,200.0,2816,2916.4285714285716,31.88554267883301,0.0003,0.0101648485,14.581904411315918,-0.2836028762161732,-0.008409533696249128,0.030078125,0.989025354385376,13700,0.3
12,1054,2,200.0,3072,2942.0,277.24096221923827,0.0003,0.01008974,110.29756927490234,-0.23429188653826713,-0.009948758780956269,0.0234375,0.9133487939834595,13710,0.3
13,1051,3,200.0,3328,2966.875,169.2665325164795,0.0003,0.0011839352,51.09988021850586,-0.18317068815231324,-0.0014983547385782003,0.0,0.9468925595283508,13720,0.3
14,1052,3,200.0,3584,2987.6470588235293,531.271337890625,0.0003,0.004004675,178.74026489257812,-0.2374126821756363,-0.0034246558556333185,0.00859375,0.8343576192855835,13730,0.3
15,1051,3,200.0,3840,3023.684210526316,102.6223479270935,0.0003,0.042111672,55.507835388183594,-0.31784156188368795,-0.014138384326361119,0.065234375,0.9681223630905151,13740,0.3
16,1050,3,200.0,4096,3039.5,434.19445571899416,0.0003,0.018831227,69.07489776611328,-0.4364311948418617,-0.006631057453341782,0.045703125,0.8742918968200684,13750,0.3
17,1050,4,200.0,4352,3051.904761904762,285.5134811401367,0.0003,0.0025899913,146.65194702148438,-0.440778923034668,-0.001900432223919779,0.0,0.9116834998130798,13760,0.3
18,1050,4,200.0,4608,3042.608695652174,79.92962055206299,0.0003,0.015995797,28.775537490844727,-0.4404917910695076,-0.019391492893919348,0.041015625,0.9719577431678772,13770,0.3
19,1050,4,200.0,4864,3053.3333333333335,157.02796440124513,0.0003,0.0021508073,46.0821533203125,-0.44880723357200625,-0.0030899659497663377,0.001171875,0.9571030735969543,13780,0.3
20,1051,4,200.0,5120,3063.2,37.2345326423645,0.0003,0.0143401455,8.67426872253418,-0.4457083895802498,-0.009595731785520912,0.040625,0.9885267019271851,13790,0.3
21,1049,5,200.0,5376,3072.3076923076924,73.21078224182129,0.0003,0.017725162,41.45735549926758,-0.41991179883480073,-0.015526684233918786,0.06796875,0.9780935645103455,13800,0.3
22,1048,5,200.0,5632,3073.5714285714284,74.12301006317139,0.0003,0.0015519094,20.089792251586914,-0.46852013319730756,7.75086460635066e-05,0.002734375,0.975716769695282,13810,0.3
23,1047,5,200.0,5888,3081.3793103448274,658.5071411132812,0.0003,0.000722304,337.25341796875,-0.45637868642807006,-0.0008022578433156014,0.0046875,0.8149887323379517,13820,0.3
24,1046,5,200.0,6144,3088.6666666666665,180.03786392211913,0.0003,0.0005244615,63.70597839355469,-0.4466860756278038,-0.00023528538877144457,0.0,0.9401890635490417,13830,0.3
25,1045,6,200.0,6400,3087.1875,62.58275680541992,0.0003,0.0046411506,35.34812545776367,-0.4723169893026352,-0.004550138395279646,0.004296875,0.9794670343399048,13840,0.3
26,1045,6,200.0,6656,3085.757575757576,90.74651918411254,0.0003,0.01016959,14.78136157989502,-0.4893777996301651,-0.00858580602798611,0.03359375,0.9768392443656921,13850,0.3
27,1046,6,200.0,6912,3092.0588235294117,273.514933013916,0.0003,0.014714725,154.67543029785156,-0.5329494893550872,-0.022967813024297356,0.016015625,0.9087782502174377,13860,0.3
28,1045,6,200.0,7168,3098.0,38.98973774909973,0.0003,0.0022996436,22.659170150756836,-0.47367253601551057,-0.0019364141975529493,0.001171875,0.9888713359832764,13870,0.3
29,1046,7,200.0,7424,3097.5675675675675,58.984737396240234,0.0003,0.028014021,33.952796936035156,-0.4115815207362175,-0.018373510148376227,0.062109375,0.9801189303398132,13880,0.3
30,1046,7,200.0,7680,3102.8947368421054,638.0192291259766,0.0003,0.0011954256,274.6757507324219,-0.4056974411010742,-0.0014744492247700692,0.00390625,0.8113006353378296,13890,0.3
31,1046,7,200.0,7936,3107.948717948718,62.03454036712647,0.0003,0.015469761,21.764892578125,-0.43253033608198166,-0.021088105626404285,0.05078125,0.9810070991516113,13900,0.3
32,1047,7,200.0,8192,3095.75,402.1258316040039,0.0003,0.004176199,176.4418182373047,-0.3799434468150139,-0.004788347124122083,0.013671875,0.8696117401123047,13910,0.3
33,1046,8,200.0,8448,3106.4285714285716,742.2866516113281,0.0003,0.00063514174,446.2947998046875,-0.38418377190828323,-0.0008322673849761486,0.0,0.7915911674499512,13920,0.3
34,1046,8,200.0,8704,3105.813953488372,239.09638671875,0.0003,0.0024164857,84.2108154296875,-0.41968993842601776,-0.002869095792993903,0.006640625,0.9202359914779663,13930,0.3
35,1046,8,200.0,8960,3110.2272727272725,295.7111480712891,0.0003,0.003973114,129.826416015625,-0.45191640555858614,-0.004447750002145767,0.004296875,0.9114342331886292,13940,0.3
36,1045,8,200.0,9216,3119.782608695652,35.18152208328247,0.0003,0.0036940116,12.043142318725586,-0.46548888832330704,-0.0011200381675735116,0.005078125,0.9903619289398193,13950,0.3
37,1045,9,200.0,9472,3124.0425531914893,288.9873817443848,0.0003,0.0097634215,113.62361145019531,-0.43437194973230364,-0.005187729187309742,0.012890625,0.9204780459403992,13960,0.3
38,1046,9,200.0,9728,3127.7083333333335,155.82276039123536,0.0003,0.014125176,106.69185638427734,-0.4552831992506981,-0.002981568593531847,0.02265625,0.9510903358459473,13970,0.3
39,1046,9,200.0,9984,3096.938775510204,131.09061965942382,0.0003,0.002415138,47.93756103515625,-0.4295568197965622,-0.0014662487898021936,0.001953125,0.9567053914070129,13980,0.3
40,1045,9,200.0,10240,3106.470588235294,27.763268327713014,0.0003,0.01630141,4.069876670837402,-0.3295948699116707,-0.00242854580283165,0.0125,0.985994279384613,13990,0.3
1,1330,0,200.0,256,3298.0,576.6822219848633,0.0003,0.005144031,190.2297821044922,-0.4288701221346855,-0.002569608110934496,0.006640625,0.8328074812889099,14000,0.3
2,1163,0,200.0,512,3298.0,183.92898864746093,0.0003,0.008002728,42.62312316894531,-1.5769994914531709,-0.007979985210113227,0.005859375,0.9294338822364807,13610,0.3
3,1104,0,200.0,768,3303.0,139.72475452423095,0.0003,0.028075852,50.91969680786133,-1.5648654639720916,-0.018113668262958526,0.0546875,0.956261932849884,13620,0.3
4,1087,0,200.0,1024,2757.6,304.54303016662595,0.0003,0.013325773,201.50648498535156,-1.5463590919971466,-0.011480274109635502,0.019140625,0.9066686034202576,13630,0.3
5,1077,1,200.0,1280,2841.1666666666665,2100.525344848633,0.0003,0.0018192118,475.6466979980469,-1.639114147424698,-0.0019579401006922124,0.0,0.4452632665634155,13640,0.3
6,1042,1,200.0,1536,2905.5714285714284,209.07460594177246,0.0003,0.0011750364,41.70753860473633,-1.5708539366722107,-0.003968529589474201,0.0,0.9279091954231262,13650,0.3
7,1044,1,200.0,1792,2955.25,146.19884033203124,0.0003,0.022000082,89.21028900146484,-1.5392513692378997,-0.0244453314691782,0.076953125,0.9546524286270142,13660,0.3
8,1045,1,200.0,2048,2733.1,751.5991821289062,0.0003,0.0071868272,157.44740295410156,-1.6275954127311707,0.011063828226178884,0.007421875,0.7363173961639404,13670,0.3
9,1044,2,200.0,2304,2737.3636363636365,245.96316299438476,0.0003,0.0024791462,161.30154418945312,-1.5183963298797607,-0.002753461617976427,0.000390625,0.9221711158752441,13680,0.3
10,1047,2,200.0,2560,2641.0833333333335,105.26551933288575,0.0003,0.01381587,32.00806427001953,-1.4966587781906129,-0.012756113475188614,0.026953125,0.9715984463691711,13690,0.3
11,1046,2,200.0,2816,2735.8571428571427,14.00968770980835,0.0003,0.017642818,3.2624778747558594,-1.537652450799942,-0.0065459954552352425,0.027734375,0.995467483997345,13700,0.3
12,1046,2,200.0,3072,2771.9333333333334,467.6330757141113,0.0003,0.027121557,186.55516052246094,-1.4176858425140382,-0.014803954074159265,0.04765625,0.8720899820327759,13710,0.3
13,1041,3,200.0,3328,2818.25,60.838200378417966,0.0003,0.008274348,42.4777946472168,-1.396000587940216,-0.0057982455240562555,0.003125,0.9807311296463013,13720,0.3
14,1039,3,200.0,3584,2858.8823529411766,32.62009963989258,0.0003,0.013385892,19.479719161987305,-1.400594812631607,-0.015363065339624882,0.031640625,0.988284170627594,13730,0.3
15,1041,3,200.0,3840,2917.7894736842104,16.170904994010925,0.0003,0.045571234,5.053502082824707,-1.3291448652744293,-0.018590607587248086,0.125390625,0.9946500658988953,13740,0.3
16,1041,3,200.0,4096,2947.55,312.8670249938965,0.0003,0.026107391,160.19717407226562,-1.4011030673980713,-0.00789336918387562,0.055078125,0.909957766532898,13750,0.3
17,1039,4,200.0,4352,2965.095238095238,24.366578578948975,0.0003,0.035063237,14.800243377685547,-1.35017529129982,-0.016242353082634508,0.061328125,0.99234539270401,13760,0.3
18,1039,4,200.0,4608,3004.5652173913045,147.83121242523194,0.0003,0.10031976,105.32510375976562,-1.3258812487125398,-0.019702250557020306,0.230859375,0.9556007981300354,13770,0.3
19,1037,4,200.0,4864,3017.3333333333335,500.71188735961914,0.0003,0.036862485,199.31582641601562,-1.3019361972808838,-0.013174787862226367,0.1109375,0.8520722389221191,13780,0.3
20,1035,4,200.0,5120,3037.08,279.42480125427244,0.0003,0.027884107,160.218017578125,-1.3683659732341766,-0.014211900532245636,0.051171875,0.9134390354156494,13790,0.3
21,1036,5,200.0,5376,3047.423076923077,24.528301525115968,0.0003,0.02726778,11.066118240356445,-1.3434497535228729,-0.014665058441460132,0.041796875,0.9920532703399658,13800,0.3
22,1036,5,200.0,5632,3072.785714285714,137.58712577819824,0.0003,0.009525517,35.69804000854492,-1.3735778987407685,-0.01074525509029627,0.041015625,0.9580039978027344,13810,0.3
23,1035,5,200.0,5888,3079.7586206896553,165.77712783813476,0.0003,0.019702494,78.02307891845703,-1.3059893012046815,-0.014750281535089015,0.055078125,0.9486552476882935,13820,0.3
24,1034,5,200.0,6144,3087.5,75.37934246063233,0.0003,0.009250335,29.346527099609375,-1.4413145363330842,-0.009552720561623573,0.006640625,0.9751865863800049,13830,0.3
25,1033,6,200.0,6400,3107.34375,191.55111961364747,0.0003,0.028862536,147.3241424560547,-1.4123218357563019,-0.023463169555179776,0.073046875,0.9419187307357788,13840,0.3
26,1032,6,200.0,6656,3110.848484848485,108.10408325195313,0.0003,0.022494027,56.915771484375,-1.407353836297989,-0.012241908616852015,0.064453125,0.9667431116104126,13850,0.3
27,1033,6,200.0,6912,3116.323529411765,154.64183311462403,0.0003,0.020956613,56.13685607910156,-1.3921095848083496,-0.01467410745099187,0.05703125,0.9518570899963379,13860,0.3
28,1033,6,200.0,7168,3121.942857142857,104.86263399124145,0.0003,0.03665015,13.939188957214355,-1.4697174906730652,-0.022216311446391045,0.125,0.9675792455673218,13870,0.3
29,1034,7,200.0,7424,3131.810810810811,427.0524337768555,0.0003,0.014317501,146.4388427734375,-1.4580874741077423,-0.009868841338902711,0.019921875,0.8729888796806335,13880,0.3
30,1034,7,200.0,7680,3136.5789473684213,314.7384094238281,0.0003,0.027450629,117.18914794921875,-1.410064148902893,-0.01580468607135117,0.039453125,0.9070116877555847,13890,0.3
31,1035,7,200.0,7936,3140.2820512820513,137.78256797790527,0.0003,0.06868576,83.56668853759766,-1.511716854572296,-0.015792528307065366,0.10859375,0.9564567804336548,13900,0.3
32,1036,7,200.0,8192,3144.2,72.60003604888917,0.0003,0.10746989,50.206512451171875,-1.5476811587810517,-0.02402431289665401,0.2234375,0.9773039817810059,13910,0.3
33,1036,8,200.0,8448,3156.904761904762,143.56418991088867,0.0003,0.04811945,95.46793365478516,-1.4628227472305297,-0.0248270726762712,0.158984375,0.9564545750617981,13920,0.3
34,1036,8,200.0,8704,3165.046511627907,306.5343444824219,0.0003,0.036895167,149.3475799560547,-1.3272651731967926,-0.023072501085698603,0.12734375,0.9030551910400391,13930,0.3
35,1036,8,200.0,8960,3168.409090909091,36.73149356842041,0.0003,0.028916243,13.109537124633789,-1.3071570217609405,-0.014405647129751741,0.044140625,0.9867069125175476,13940,0.3
36,1037,8,200.0,9216,3119.086956521739,259.3911727905273,0.0003,0.025855865,59.21375274658203,-1.4209857523441314,-0.011084944941103458,0.07265625,0.9236702919006348,13950,0.3
37,1037,9,200.0,9472,3122.3829787234044,95.00173854827881,0.0003,0.016520346,33.41366958618164,-1.4349117159843445,-0.00971708089346066,0.029296875,0.9789192080497742,13960,0.3
38,1038,9,200.0,9728,3125.5,71.21130542755127,0.0003,0.021074772,28.02801513671875,-1.474550986289978,-0.012457582587376236,0.030078125,0.9768782258033752,13970,0.3
39,1037,9,200.0,9984,3087.8571428571427,327.80603523254393,0.0003,0.011726108,100.4986343383789,-1.561709040403366,-0.0016419497784227132,0.034765625,0.8879600167274475,13980,0.3
40,1038,9,200.0,10240,3095.450980392157,36.40157752037048,0.0003,0.0054039825,11.228448867797852,-1.5069152057170867,-0.0027076135389506816,0.00234375,0.9799232482910156,13990,0.3
1,1360,0,200.0,256,3540.0,93.84236335754395,0.0003,0.026677484,65.39263916015625,-1.4733126997947692,-0.01006466317921877,0.041796875,0.9702916741371155,14000,0.3
2,1196,0,200.0,512,3425.0,61.433118629455564,0.0003,0.018578898,28.971033096313477,-0.34835741966962813,-0.013761271722614765,0.038671875,0.9806300401687622,14010,0.3
3,1145,0,200.0,768,3390.0,87.12318334579467,0.0003,0.024391364,37.4676628112793,-0.3982908859848976,-0.008589217998087406,0.03671875,0.9732877016067505,14020,0.3
4,1111,0,200.0,1024,3362.0,99.10111446380616,0.0003,0.041792806,64.46538543701172,-0.42480613589286803,-0.016658895229920746,0.076171875,0.9697411060333252,14030,0.3
5,1097,1,200.0,1280,3358.3333333333335,488.627018737793,0.0003,0.01016435,168.71600341796875,-0.4679360881447792,-0.0005329015664756298,0.018359375,0.8411520719528198,14040,0.3
6,1083,1,200.0,1536,3355.714285714286,431.9358333587646,0.0003,0.0015520779,242.73216247558594,-0.5114365443587303,-0.0012316941749304533,0.0,0.8674275875091553,14050,0.3
7,1073,1,200.0,1792,3351.25,211.0117042541504,0.0003,0.007748089,44.63967514038086,-0.5069350838661194,-0.0044777498347684744,0.004296875,0.9330447316169739,14060,0.3
8,1068,1,200.0,2048,3317.0,390.56534576416016,0.0003,0.0058435826,129.97833251953125,-0.4234775349497795,-0.0071846315870061515,0.01171875,0.8868199586868286,14070,0.3
9,1065,2,200.0,2304,3317.2727272727275,343.72290229797363,0.0003,0.005570925,197.7997589111328,-0.474236236512661,-0.004078566492535174,0.008984375,0.8922709226608276,14080,0.3
10,1058,2,200.0,2560,3175.8333333333335,765.7759140014648,0.0003,0.0019583248,195.23582458496094,-0.45069169998168945,0.0023857799125835298,0.00234375,0.7199814319610596,14090,0.3
11,1055,2,200.0,2816,3193.5714285714284,114.26028289794922,0.0003,0.003363233,46.150516510009766,-0.36752219349145887,-0.003724894975312054,0.003125,0.9762595891952515,14100,0.3
12,1055,2,200.0,3072,3202.0,63.50940656661987,0.0003,0.02337226,44.947059631347656,-0.4751256138086319,-0.012950201542116702,0.062109375,0.9775092005729675,14110,0.3
13,1053,3,200.0,3328,3210.625,141.28454971313477,0.0003,0.021475825,86.0684814453125,-0.416699093580246,-0.015467845252715051,0.0453125,0.9554618000984192,14120,0.3
14,1053,3,200.0,3584,3215.294117647059,218.56707973480223,0.0003,0.012362787,167.4489288330078,-0.489538349211216,-0.0038614500779658558,0.0328125,0.9338994026184082,14130,0.3
15,1051,3,200.0,3840,3227.3684210526317,470.7343994140625,0.0003,0.0043772026,221.17250061035156,-0.5136349514126778,-0.0050732916686683895,0.00546875,0.8629986643791199,14140,0.3
16,1049,3,200.0,4096,3231.0,538.194019317627,0.0003,0.010886094,251.52996826171875,-0.5186859354376793,-0.005313983652740717,0.025390625,0.8393542766571045,14150,0.3
17,1050,4,200.0,4352,3178.095238095238,86.05117702484131,0.0003,0.024024066,25.270193099975586,-0.537848673760891,-0.021846993057988585,0.07421875,0.9709177017211914,14160,0.3
18,1049,4,200.0,4608,3189.5652173913045,206.22751579284667,0.0003,0.0008428842,41.0460205078125,-0.4802423700690269,-0.001993753062561154,0.0,0.9113624691963196,14170,0.3
19,1047,4,200.0,4864,3194.1666666666665,202.25039405822753,0.0003,0.002743241,117.38506317138672,-0.5143034622073174,-0.0032462998176924886,0.0015625,0.932499885559082,14180,0.3
20,1047,4,200.0,5120,3200.0,96.37413368225097,0.0003,0.01096005,47.7261848449707,-0.46478482484817507,-0.01668405868113041,0.02890625,0.9697614312171936,14190,0.3
21,1047,5,200.0,5376,3203.846153846154,556.7966781616211,0.0003,0.0037799417,246.83407592773438,-0.44960526674985885,-0.003136350237764418,0.003125,0.8280717134475708,14200,0.3
22,1046,5,200.0,5632,3212.8571428571427,83.29317588806153,0.0003,0.013172623,44.81322479248047,-0.4687168598175049,-0.014880650071427226,0.028125,0.9739288687705994,14210,0.3
23,1046,5,200.0,5888,3216.551724137931,395.3116256713867,0.0003,0.011784402,286.21136474609375,-0.489099794626236,-0.0098666648613289,0.035546875,0.8850723505020142,14220,0.3
24,1045,5,200.0,6144,3220.0,138.05788345336913,0.0003,0.021605223,58.3341064453125,-0.511119681596756,-0.019566433411091565,0.0578125,0.9569225907325745,14230,0.3
25,1046,6,200.0,6400,3226.25,112.61342945098878,0.0003,0.008184258,33.08030319213867,-0.47171077579259874,-0.010426828591153025,0.017578125,0.9653455018997192,14240,0.3
26,1046,6,200.0,6656,3222.7272727272725,272.10061836242676,0.0003,0.010127624,159.56605529785156,-0.47853380888700486,-0.005264086020179093,0.012890625,0.9186112284660339,14250,0.3
27,1045,6,200.0,6912,3225.5882352941176,331.0247714996338,0.0003,0.005389598,185.53285217285156,-0.5306496456265449,-0.004910425283014774,0.01015625,0.8993614315986633,14260,0.3
28,1044,6,200.0,7168,3228.8571428571427,106.10560169219971,0.0003,0.012823671,72.82097625732422,-0.47548576891422273,-0.014208664139732718,0.0203125,0.9672930240631104,14270,0.3
29,1043,7,200.0,7424,3225.675675675676,335.17493591308596,0.0003,0.031272992,219.8932342529297,-0.4629790857434273,-0.013712677638977766,0.0453125,0.9106748104095459,14280,0.3
30,1043,7,200.0,7680,3228.157894736842,379.6974105834961,0.0003,0.018014926,198.1369171142578,-0.4693116992712021,-0.007041842350736261,0.049609375,0.8834377527236938,14290,0.3
31,1039,7,200.0,7936,3236.153846153846,163.13984413146972,0.0003,0.011329244,115.24964141845703,-0.4197710037231445,-0.006117838877253234,0.01015625,0.9492687582969666,14300,0.3
32,1037,7,200.0,8192,3232.25,46.99638471603394,0.0003,0.05390417,18.470338821411133,-0.47769087105989455,-0.033981968695297834,0.0828125,0.9831156730651855,14310,0.3
33,1036,8,200.0,8448,3229.7619047619046,427.4152359008789,0.0003,0.0028711827,170.7652130126953,-0.4265005201101303,-0.0024092324543744325,0.00625,0.8679179549217224,14320,0.3
34,1036,8,200.0,8704,3231.6279069767443,68.18632564544677,0.0003,0.043562356,34.37312316894531,-0.42444733530282974,-0.012556420010514557,0.067578125,0.977985680103302,14330,0.3
35,1036,8,200.0,8960,3233.6363636363635,84.79544315338134,0.0003,0.021333072,57.09202575683594,-0.33621224015951157,-0.02178688030689955,0.08203125,0.973995566368103,14340,0.3
36,1035,8,200.0,9216,3236.086956521739,97.46337862014771,0.0003,0.058856428,30.549381256103516,-0.40956148505210876,-0.010956549178808927,0.148046875,0.9688625931739807,14350,0.3
37,1034,9,200.0,9472,3237.446808510638,194.22636375427246,0.0003,0.013125332,82.56053924560547,-0.4234324052929878,-0.012644726363942028,0.053515625,0.944197416305542,14360,0.3
38,1034,9,200.0,9728,3238.75,71.40501194000244,0.0003,0.009792757,35.57925033569336,-0.41405935436487196,-0.009535712352953852,0.02578125,0.9775948524475098,14370,0.3
39,1035,9,200.0,9984,3200.816326530612,75.06152019500732,0.0003,0.0037377984,30.18380355834961,-0.37628603875637057,-0.0031302963150665166,0.01796875,0.9782648086547852,14380,0.3
40,1034,9,200.0,10240,3205.4901960784314,10.335076570510864,0.0003,0.019677872,2.732682704925537,-0.26356926560401917,-0.01423086915165186,0.0453125,0.9967515468597412,14390,0.3
1,1361,0,200.0,256,3279.0,281.0607721328735,0.0003,0.006274758,75.04839324951172,-0.3578977033495903,-0.005494895298033953,0.029296875,0.9198167324066162,14400,0.3
2,1176,0,200.0,512,3057.0,91.1086929321289,0.0003,0.01757509,29.537817001342773,-1.480343359708786,-0.0046182146295905115,0.0609375,0.9643133878707886,14010,0.3
3,1131,0,200.0,768,3131.3333333333335,302.7603813171387,0.0003,0.0042085066,228.58169555664062,-1.3380385398864747,-0.013396791508421301,0.003125,0.9026249647140503,14020,0.3
4,1113,0,200.0,1024,3201.8,85.84340534210205,0.0003,0.03695594,69.95965576171875,-1.4326966404914856,-0.017866941634565592,0.07265625,0.9734424352645874,14030,0.3
5,1093,1,200.0,1280,3132.6666666666665,241.84804496765136,0.0003,0.041310236,147.96246337890625,-1.4383690416812898,-0.02187278000637889,0.09921875,0.9277496337890625,14040,0.3
6,1091,1,200.0,1536,3155.8571428571427,145.20141258239747,0.0003,0.024429549,58.187374114990234,-1.3380163490772248,-0.012010162882506847,0.04609375,0.9572563767433167,14050,0.3
7,1080,1,200.0,1792,3172.0,131.6531852722168,0.0003,0.036779948,83.3763656616211,-1.3102955937385559,-0.02314997767098248,0.078515625,0.9591554403305054,14060,0.3
8,1072,1,200.0,2048,3193.2,14.916041326522826,0.0003,0.03487692,3.9181461334228516,-1.3455174803733825,-0.021131429076194762,0.07578125,0.9951926469802856,14070,0.3
9,1070,2,200.0,2304,3222.2727272727275,335.0863410949707,0.0003,0.009825493,150.602783203125,-1.2935766696929931,0.0008272681385278702,0.026171875,0.8847532272338867,14080,0.3
10,1070,2,200.0,2560,3210.0,20.688963317871092,0.0003,0.01466107,9.497312545776367,-1.3338217198848725,-0.016351337218657135,0.029296875,0.9922872185707092,14090,0.3
11,1064,2,200.0,2816,3221.5714285714284,564.1571716308594,0.0003,0.020843519,298.72601318359375,-1.4024376213550567,-0.011020678118802607,0.0296875,0.8384783864021301,14100,0.3
12,1061,2,200.0,3072,3227.5333333333333,253.03704109191895,0.0003,0.05428774,107.05101776123047,-1.4288138389587401,-0.03343491139821708,0.1375,0.9242544174194336,14110,0.3
13,1060,3,200.0,3328,3230.875,302.21356811523435,0.0003,0.006981885,254.157470703125,-1.387927281856537,-0.004284556349739432,0.00078125,0.908009946346283,14120,0.3
14,1058,3,200.0,3584,3235.3529411764707,59.11766157150269,0.0003,0.009426706,19.64141082763672,-1.3916779696941375,-0.009025252610445022,0.020703125,0.980316162109375,14130,0.3
15,1055,3,200.0,3840,3242.9473684210525,140.82526416778563,0.0003,0.023306387,84.80970001220703,-1.4269290685653686,-0.015392805659212172,0.048046875,0.9558690786361694,14140,0.3
16,1052,3,200.0,4096,3246.75,216.47255096435546,0.0003,0.03296696,119.822998046875,-1.4197725296020507,-0.028811886347830294,0.064453125,0.9341748952865601,14150,0.3
17,1051,4,200.0,4352,3248.2380952380954,139.63553295135497,0.0003,0.016959406,67.82295989990234,-1.4859753787517547,-0.008000474818982185,0.028515625,0.9581720232963562,14160,0.3
18,1049,4,200.0,4608,3220.4347826086955,50.997215557098386,0.0003,0.014362294,18.965490341186523,-1.4655122458934784,-0.010192845389246941,0.025390625,0.9826189875602722,14170,0.3
19,1041,4,200.0,4864,3224.2916666666665,330.38729934692384,0.0003,0.0035591682,111.12628936767578,-1.519839733839035,-0.0037086776574142277,0.0,0.91315096616745,14180,0.3
20,1039,4,200.0,5120,3225.84,213.57917518615722,0.0003,0.007524207,69.10877990722656,-1.5175480961799621,-0.004601482162252068,0.00859375,0.9262849688529968,14190,0.3
21,1039,5,200.0,5376,3225.8076923076924,371.05175628662107,0.0003,0.017328322,186.03004455566406,-1.4561169922351838,-0.010239779972471297,0.030859375,0.8918177485466003,14200,0.3
22,1039,5,200.0,5632,3229.1071428571427,57.01129121780396,0.0003,0.022833444,34.835289001464844,-1.5321220874786377,-0.016931070061400533,0.06015625,0.9822072982788086,14210,0.3
23,1040,5,200.0,5888,3231.5172413793102,242.51789169311525,0.0003,0.013746495,142.65696716308594,-1.522240436077118,-0.01679598749615252,0.01640625,0.9264660477638245,14220,0.3
24,1039,5,200.0,6144,3233.0333333333333,101.58616275787354,0.0003,0.028488036,50.53655242919922,-1.5129072666168213,-0.014123254944570363,0.059765625,0.9675147533416748,14230,0.3
25,1039,6,200.0,6400,3221.40625,123.19834594726562,0.0003,0.01458299,76.36152648925781,-1.4427844166755677,-0.01640688010957092,0.0234375,0.9602266550064087,14240,0.3
26,1039,6,200.0,6656,3230.242424242424,498.8197265625,0.0003,0.009946452,329.3609924316406,-1.449287337064743,-0.011098635289818049,0.01640625,0.8463044166564941,14250,0.3
27,1038,6,200.0,6912,3238.323529411765,63.070660495758055,0.0003,0.0037415666,12.198481559753418,-1.4387398600578307,-0.0024344085133634506,0.0015625,0.9756749272346497,14260,0.3
28,1038,6,200.0,7168,3240.542857142857,25.290724754333496,0.0003,0.036248595,10.59268569946289,-1.3776406049728394,-0.02184698930941522,0.119921875,0.9912611246109009,14270,0.3
29,1038,7,200.0,7424,3249.6486486486488,149.57163944244385,0.0003,0.0212617,121.59039306640625,-1.393415492773056,-0.014475304656662047,0.046875,0.9553505182266235,14280,0.3
30,1037,7,200.0,7680,3237.2631578947367,275.5522941589355,0.0003,0.02406859,59.4344482421875,-1.3234902977943421,-0.014794855518266559,0.051171875,0.9180476665496826,14290,0.3
31,1037,7,200.0,7936,3244.230769230769,221.6196258544922,0.0003,0.01744361,82.47523498535156,-1.386376565694809,-0.013504711166024207,0.04453125,0.9341188669204712,14300,0.3
32,1037,7,200.0,8192,3244.925,71.2136549949646,0.0003,0.02661095,36.91519546508789,-1.418178242444992,-0.02161498935893178,0.082421875,0.9780876636505127,14310,0.3
33,1037,8,200.0,8448,3252.4523809523807,311.36915435791013,0.0003,0.0046596183,128.89041137695312,-1.3439815104007722,-0.0027313993545249105,0.001953125,0.8858504891395569,14320,0.3
34,1037,8,200.0,8704,3258.4651162790697,292.89461212158204,0.0003,0.0022647646,96.61874389648438,-1.2566427648067475,-0.002186133281793445,0.0,0.9024012088775635,14330,0.3
35,1037,8,200.0,8960,3264.1136363636365,47.71581563949585,0.0003,0.03642772,14.504735946655273,-1.2853429913520813,-0.01604884078260511,0.084765625,0.9846153855323792,14340,0.3
36,1037,8,200.0,9216,3274.7608695652175,32.3646674156189,0.0003,0.025706824,13.874761581420898,-1.262735277414322,-0.020698804454877973,0.0828125,0.989659309387207,14350,0.3
37,1038,9,200.0,9472,3279.659574468085,189.7763313293457,0.0003,0.018134965,61.434814453125,-1.2769263803958892,-0.007992608682252466,0.0328125,0.9224256873130798,14360,0.3
38,1037,9,200.0,9728,3284.4375,18.547280502319335,0.0003,0.014070656,5.448068618774414,-1.2873575329780578,-0.010241357074119151,0.028125,0.9927934408187866,14370,0.3
39,1036,9,200.0,9984,3288.816326530612,50.83372259140015,0.0003,0.026750635,10.288043975830078,-1.2528738617897033,-0.0210024805390276,0.105078125,0.9812198877334595,14380,0.3
40,1035,9,200.0,10240,3297.823529411765,23.054676151275636,0.0003,0.028284539,10.487874984741211,-1.1107176542282104,-0.017109682550653815,0.07890625,0.9903931617736816,14390,0.3
1,1363,0,200.0,256,3540.0,126.89703540802002,0.0003,0.034450103,80.8784408569336,-1.0600380212068559,-0.015022733900696039,0.0828125,0.9615358710289001,14400,0.3
2,1182,0,200.0,512,3550.0,41.528534698486325,0.0003,0.0037192085,21.95746421813965,-0.3349335610866547,-0.0027769411099143326,0.013671875,0.986933708190918,14410,0.3
3,1131,0,200.0,768,3546.6666666666665,99.97227039337159,0.0003,0.0592964,56.08967208862305,-0.3703393623232841,-0.005857424694113433,0.053515625,0.9686859846115112,14420,0.3
4,1106,0,200.0,1024,3544.0,61.549840259552,0.0003,0.012984006,53.112369537353516,-0.46778283566236495,-0.013534819521009923,0.05859375,0.9803470969200134,14430,0.3
5,1092,1,200.0,1280,3543.3333333333335,43.14685211181641,0.0003,0.009809952,16.963647842407227,-0.44495132714509966,-0.012614758871495723,0.053125,0.9848401546478271,14440,0.3
6,1077,1,200.0,1536,3542.8571428571427,42.85869159698486,0.0003,0.049237397,27.676034927368164,-0.46152354031801224,-0.013098131446167827,0.08828125,0.9860846400260925,14450,0.3
7,1071,1,200.0,1792,3542.5,46.141987037658694,0.0003,0.007894092,22.098390579223633,-0.4430448979139328,-0.004493012838065624,0.019921875,0.9827650189399719,14460,0.3
8,1066,1,200.0,2048,3543.0,52.237432384490965,0.0003,0.037025128,28.821945190429688,-0.4167844966053963,-0.013986413041129709,0.078125,0.9828011989593506,14470,0.3
9,1061,2,200.0,2304,3544.5454545454545,130.70945529937745,0.0003,0.014694243,77.78584289550781,-0.38759754300117494,-0.006366967828944326,0.019140625,0.9594384431838989,14480,0.3
10,1058,2,200.0,2560,3544.1666666666665,100.12620706558228,0.0003,0.030395674,62.35697937011719,-0.43565853834152224,-0.018634360702708363,0.073828125,0.9689222574234009,14490,0.3
11,1057,2,200.0,2816,3392.1428571428573,15.408664321899414,0.0003,0.022986244,5.937962055206299,-0.43320638686418533,-0.01880823876708746,0.07421875,0.9945194721221924,14500,0.3
12,1055,2,200.0,3072,3290.0,848.901628112793,0.0003,0.006388506,153.3014678955078,-0.24943784326314927,-0.003358355723321438,0.01953125,0.8175042867660522,14510,0.3
13,1053,3,200.0,3328,3293.125,150.7884078979492,0.0003,0.0026767084,56.50393295288086,-0.3485724449157715,-0.009121325705200434,0.005078125,0.9693619608879089,14520,0.3
14,1053,3,200.0,3584,3307.6470588235293,443.6614017486572,0.0003,0.0067668827,340.5056457519531,-0.4132518544793129,-0.00432394896633923,0.00859375,0.8627627491950989,14530,0.3
15,1052,3,200.0,3840,3321.5789473684213,25.32518825531006,0.0003,0.0057628388,14.746541023254395,-0.38280369639396666,-0.006825566198676825,0.006640625,0.9915661811828613,14540,0.3
16,1051,3,200.0,4096,3332.5,326.5823806762695,0.0003,0.010316192,206.70404052734375,-0.34413994699716566,-0.004192936699837446,0.029296875,0.9025794267654419,14550,0.3
17,1051,4,200.0,4352,3332.8571428571427,77.46368522644043,0.0003,0.02715803,46.31936264038086,-0.3919006109237671,-0.015936410706490278,0.063671875,0.9744243025779724,14560,0.3
18,1051,4,200.0,4608,3350.8695652173915,318.68250160217286,0.0003,0.008151059,203.3970489501953,-0.3711785778403282,-0.005153605714440346,0.011328125,0.904621422290802,14570,0.3
19,1051,4,200.0,4864,3358.75,42.29609909057617,0.0003,0.014700398,17.905431747436523,-0.3162424862384796,-0.007711328705772758,0.025,0.9848509430885315,14580,0.3
20,1048,4,200.0,5120,3366.8,106.16264095306397,0.0003,0.016718693,73.76618194580078,-0.3246116116642952,-0.0036685860250145197,0.0484375,0.9654909372329712,14590,0.3
21,1047,5,200.0,5376,3373.4615384615386,100.7862356185913,0.0003,0.009888224,40.83164978027344,-0.3447621539235115,-0.0106671086512506,0.030078125,0.9672711491584778,14600,0.3
22,1046,5,200.0,5632,3385.3571428571427,73.45853509902955,0.0003,0.021687757,39.04835510253906,-0.4012784078717232,-0.012862714566290378,0.1109375,0.9762821197509766,14610,0.3
23,1049,5,200.0,5888,3391.0344827586205,105.59553089141846,0.0003,0.0057599293,21.05372428894043,-0.3968618422746658,-0.012388241989538074,0.0421875,0.9666824340820312,14620,0.3
24,1045,5,200.0,6144,3396.6666666666665,85.45459651947021,0.0003,0.010716079,34.724647521972656,-0.3645017996430397,-0.011349542438983918,0.067578125,0.9733233451843262,14630,0.3
25,1043,6,200.0,6400,3405.625,99.15390310287475,0.0003,0.025972374,77.52535247802734,-0.44206262975931165,-0.021076341066509484,0.073046875,0.9684098958969116,14640,0.3
26,1043,6,200.0,6656,3409.6969696969695,63.505493545532225,0.0003,0.010707943,26.948394775390625,-0.44501972645521165,-0.007986981503199786,0.03359375,0.9795819520950317,14650,0.3
27,1043,6,200.0,6912,3406.470588235294,242.24221725463866,0.0003,0.0021302053,100.71785736083984,-0.4696794256567955,-0.0028333250898867845,0.0015625,0.9262465834617615,14660,0.3
28,1044,6,200.0,7168,3410.285714285714,38.593212032318114,0.0003,0.0018940216,22.192424774169922,-0.4272958293557167,-0.0034857423976063727,0.003125,0.9891539812088013,14670,0.3
29,1042,7,200.0,7424,3405.945945945946,137.42947731018066,0.0003,0.006287497,58.3794059753418,-0.4427650421857834,-0.00488721791189164,0.014453125,0.9580140113830566,14680,0.3
30,1042,7,200.0,7680,3409.4736842105262,535.6636978149414,0.0003,0.011392049,156.30735778808594,-0.456090421974659,-0.006966517865657806,0.021875,0.8443238735198975,14690,0.3
31,1041,7,200.0,7936,3412.8205128205127,34.227596282958984,0.0003,0.0055645234,12.128396987915039,-0.4456578254699707,-0.009372533217538148,0.0140625,0.9889980554580688,14700,0.3
32,1041,7,200.0,8192,3411.0,53.719454765319824,0.0003,0.016019817,27.501598358154297,-0.45336414873600006,-0.009356765146367251,0.032421875,0.9817195534706116,14710,0.3
33,1040,8,200.0,8448,3417.3809523809523,402.95388412475586,0.0003,0.018438857,270.283447265625,-0.44572797417640686,-0.0041561823338270186,0.0546875,0.8749759197235107,14720,0.3
34,1040,8,200.0,8704,3420.6976744186045,118.09854526519776,0.0003,0.004624133,55.29997634887695,-0.45900471806526183,-0.010037723055575043,0.00859375,0.9621436595916748,14730,0.3
35,1039,8,200.0,8960,3423.6363636363635,98.28001909255981,0.0003,0.03494265,31.04655647277832,-0.47179065346717836,-0.01754066892899573,0.103515625,0.9696181416511536,14740,0.3
36,1037,8,200.0,9216,3423.695652173913,82.54794120788574,0.0003,0.0113611575,62.56669998168945,-0.46090730726718904,-0.010191359743475913,0.03671875,0.9736323952674866,14750,0.3
37,1037,9,200.0,9472,3421.4893617021276,265.2108459472656,0.0003,0.023854204,105.72335052490234,-0.493526554107666,-0.012990365200676025,0.053125,0.921522855758667,14760,0.3
38,1036,9,200.0,9728,3419.7916666666665,158.29707107543945,0.0003,0.022365833,87.8554458618164,-0.3806921079754829,-0.01293056015856564,0.074609375,0.9497252106666565,14770,0.3
39,1036,9,200.0,9984,3422.2448979591836,497.8910331726074,0.0003,0.0038471706,221.69081115722656,-0.3621456205844879,-0.005081152729690075,0.01953125,0.8530799746513367,14780,0.3
40,1036,9,200.0,10240,3427.0588235294117,27.25176134109497,0.0003,0.0040689176,5.387022495269775,-0.33165659457445146,-0.004361132555641234,0.00625,0.9935645461082458,14790,0.3
1,1276,0,200.0,256,3505.0,153.09820518493652,0.0003,0.004175636,58.47857666015625,-0.3174774006009102,-0.005852395389229059,0.00625,0.9533545970916748,14800,0.3
2,1156,0,200.0,512,3396.0,55.77482585906982,0.0003,0.010803482,20.619407653808594,-1.094344002008438,-0.017204017378389835,0.062890625,0.9821604490280151,14410,0.3
3,1113,0,200.0,768,3433.6666666666665,220.9569236755371,0.0003,0.01889025,148.062744140625,-1.105159467458725,-0.010033803735859692,0.058984375,0.9329898357391357,14420,0.3
4,1093,0,200.0,1024,3470.8,73.73348779678345,0.0003,0.02419455,18.864242553710938,-1.1988430857658385,-0.0075952984509058295,0.05625,0.9761554598808289,14430,0.3
5,1065,1,200.0,1280,3477.1666666666665,186.243994140625,0.0003,0.015993997,98.76639556884766,-1.2040234446525573,-0.013603469566442072,0.047265625,0.9438951015472412,14440,0.3
6,1055,1,200.0,1536,3481.714285714286,69.99240436553956,0.0003,0.058640257,44.38921356201172,-1.1565212070941926,-0.027052349364385008,0.166796875,0.9791116714477539,14450,0.3
7,1053,1,200.0,1792,3485.875,47.65221462249756,0.0003,0.010711064,29.418962478637695,-1.149898487329483,-0.010293813585303725,0.082421875,0.9850341081619263,14460,0.3
8,1047,1,200.0,2048,3491.1,85.49847888946533,0.0003,0.015928246,55.34651565551758,-1.205588835477829,-0.006320389593020082,0.04765625,0.9726034998893738,14470,0.3
9,1034,2,200.0,2304,3492.181818181818,137.39263496398925,0.0003,0.056207977,90.37142181396484,-1.2503346920013427,-0.012485761567950249,0.125,0.9584477543830872,14480,0.3
10,1026,2,200.0,2560,3455.3333333333335,286.71246337890625,0.0003,0.00503865,86.80860137939453,-1.2176765739917754,-0.0037588882725685833,0.00625,0.913148820400238,14490,0.3
11,1021,2,200.0,2816,3432.0,365.47021026611327,0.0003,0.0017300746,201.91116333007812,-1.3392840921878815,-0.0056835916358977554,0.0,0.8946788311004639,14500,0.3
12,1023,3,200.0,3072,3437.0,238.21205291748046,0.0003,0.019905642,70.22184753417969,-1.283349061012268,-0.01067623432027176,0.041015625,0.9274165034294128,14510,0.3
13,1028,3,200.0,3328,3441.125,81.77337703704833,0.0003,0.0122074,35.23614501953125,-1.3314592480659484,-0.011809026123955846,0.03515625,0.9734853506088257,14520,0.3
14,1027,3,200.0,3584,3444.8823529411766,68.65721254348755,0.0003,0.009455103,37.05858612060547,-1.336345261335373,-0.009699268033728004,0.0421875,0.9789314270019531,14530,0.3
15,1031,3,200.0,3840,3427.684210526316,89.68104419708251,0.0003,0.05910789,56.51631546020508,-1.3703403294086456,-0.020415382925421,0.12890625,0.9715775847434998,14540,0.3
16,1030,3,200.0,4096,3420.95,252.8005744934082,0.0003,0.002307668,117.97028350830078,-1.3063222825527192,-0.004877776023931801,0.0,0.9254454970359802,14550,0.3
17,1030,4,200.0,4352,3267.3333333333335,559.2529998779297,0.0003,0.0011771624,193.46543884277344,-1.2035028874874114,-0.005256284039933235,0.0,0.8504290580749512,14560,0.3
18,1033,4,200.0,4608,3174.2608695652175,33.72328975200653,0.0003,0.004335873,2.2038238048553467,-1.1307482063770293,-0.004477941244840622,0.002734375,0.9815763235092163,14570,0.3
19,1033,4,200.0,4864,3188.4583333333335,428.7410140991211,0.0003,0.0053539276,138.05023193359375,-0.8568858861923218,-0.0050072953454218805,0.001953125,0.8918581604957581,14580,0.3
20,1033,4,200.0,5120,3201.04,110.9370195388794,0.0003,0.01580941,79.54148864746094,-1.3086340487003327,-0.008320106682367623,0.015625,0.9602670669555664,14590,0.3
21,1034,5,200.0,5376,3213.1153846153848,34.894674348831174,0.0003,0.02335404,28.983192443847656,-1.3349342405796052,-0.02619679587078281,0.1,0.9887772798538208,14600,0.3
22,1033,5,200.0,5632,3096.035714285714,176.26996421813965,0.0003,0.0063640256,59.47500228881836,-1.0395545572042466,-0.0013227283023297786,0.015625,0.9599960446357727,14610,0.3
23,1034,5,200.0,5888,3103.310344827586,137.47873916625977,0.0003,0.0029441072,34.59080123901367,-1.1961868584156037,-0.0029926072573289277,0.000390625,0.9632540941238403,14620,0.3
24,1033,5,200.0,6144,3116.766666666667,404.987166595459,0.0003,0.0036662226,173.41783142089844,-1.3675667345523834,-0.009023277368396521,0.001953125,0.8738631010055542,14630,0.3
25,1034,6,200.0,6400,3141.90625,75.00377750396729,0.0003,0.014431255,28.9852352142334,-1.3447138905525207,-0.013688224367797375,0.0203125,0.9725317358970642,14640,0.3
26,1033,6,200.0,6656,3145.3636363636365,168.49724349975585,0.0003,0.02756679,40.07456588745117,-1.3170460402965545,-0.02360604868736118,0.0671875,0.9500776529312134,14650,0.3
27,1033,6,200.0,6912,3156.176470588235,135.4500705718994,0.0003,0.008818619,32.20493698120117,-1.2287734389305114,-0.004160483530722558,0.012890625,0.9564636945724487,14660,0.3
28,1035,6,200.0,7168,3166.714285714286,88.44891910552978,0.0003,0.018207092,40.194427490234375,-1.2485944867134093,-0.006449665362015367,0.010546875,0.9714956283569336,14670,0.3
29,1032,7,200.0,7424,3185.2702702702704,99.9415548324585,0.0003,0.036269672,57.52216720581055,-1.3695240318775177,-0.019646697235293685,0.091015625,0.9675833582878113,14680,0.3
30,1030,7,200.0,7680,3188.4210526315787,116.75001983642578,0.0003,0.039716654,76.19003295898438,-1.3491903245449066,-0.018871918274089693,0.08359375,0.963487446308136,14690,0.3
31,1030,7,200.0,7936,3196.102564102564,437.3597267150879,0.0003,0.005028127,225.1221923828125,-1.3455135643482208,-0.0035785688553005455,0.00078125,0.8693248629570007,14700,0.3
32,1030,7,200.0,8192,3185.975,200.91695098876954,0.0003,0.0036998698,62.67487335205078,-1.3467268586158752,-0.0022934862412512303,0.0015625,0.9064788818359375,14710,0.3
33,1030,8,200.0,8448,3195.6190476190477,74.74988059997558,0.0003,0.038251486,36.08710861206055,-1.3612758755683898,-0.012009045016020537,0.073046875,0.9754027128219604,14720,0.3
34,1031,8,200.0,8704,3174.6976744186045,357.3518295288086,0.0003,0.024612643,275.39569091796875,-1.4346132934093476,-0.014609350310638546,0.037109375,0.8902918696403503,14730,0.3
35,1030,8,200.0,8960,3182.2272727272725,78.45826396942138,0.0003,0.009797403,17.008724212646484,-1.413032555580139,-0.006732508959248662,0.010546875,0.9725213050842285,14740,0.3
36,1030,8,200.0,9216,3196.5652173913045,52.02851524353027,0.0003,0.049961045,16.3013916015625,-1.4235868453979492,-0.024323461716994642,0.114453125,0.9843433499336243,14750,0.3
37,1031,9,200.0,9472,3198.0851063829787,112.04442224502563,0.0003,0.03445544,59.038997650146484,-1.4548347890377045,-0.012987213348969818,0.05390625,0.9640894532203674,14760,0.3
38,1032,9,200.0,9728,3143.4791666666665,196.7493190765381,0.0003,0.01831584,123.35340881347656,-1.5011637389659882,-0.013055890519171953,0.020703125,0.9495248794555664,14770,0.3
39,1031,9,200.0,9984,3150.8979591836733,639.9175220489502,0.0003,0.0019507667,72.2336196899414,-0.9617298871278763,0.0004137319978326559,0.0,0.7645770311355591,14780,0.3
40,1031,9,200.0,10240,3113.450980392157,242.64686431884766,0.0003,0.0039463816,48.57452392578125,-0.953596231341362,-0.013393599400296807,0.0046875,0.9422449469566345,14790,0.3
1,1329,0,200.0,256,3540.0,70.58065357208253,0.0003,0.02468424,31.381216049194336,-1.3926167905330658,-0.0153090825304389,0.040625,0.9787660241127014,14800,0.3
2,1139,0,200.0,512,3545.0,75.6815803527832,0.0003,0.005947257,18.833513259887695,-0.31612183302640917,-0.008876039367169141,0.02265625,0.975946307182312,14810,0.3
3,1099,0,200.0,768,3546.6666666666665,84.2982253074646,0.0003,0.0039709117,26.883323669433594,-0.3962559625506401,-0.0027096579782664777,0.074609375,0.973626434803009,14820,0.3
4,1071,0,200.0,1024,3464.0,147.0584674835205,0.0003,0.009718864,52.43668746948242,-0.46436873376369475,-0.01500207493081689,0.040234375,0.9537237286567688,14830,0.3
5,1062,1,200.0,1280,3403.3333333333335,828.8635559082031,0.0003,0.0044146604,533.97119140625,-0.4227423757314682,-0.0051601134240627285,0.00703125,0.7677996158599854,14840,0.3
6,1061,1,200.0,1536,3251.4285714285716,319.3058597564697,0.0003,0.0020722656,248.97056579589844,-0.4184935837984085,-0.002193351672030985,0.0,0.8994482755661011,14850,0.3
7,1048,1,200.0,1792,3288.75,139.88208599090575,0.0003,0.0014095651,35.65736389160156,-0.33250570148229597,0.0004035126185044646,0.0,0.9581144452095032,14860,0.3
8,1041,1,200.0,2048,3321.0,90.75501146316529,0.0003,0.010902965,36.423866271972656,-0.46816286742687224,-0.00651349532417953,0.012890625,0.9693065285682678,14870,0.3
9,1038,2,200.0,2304,3340.909090909091,330.28443946838377,0.0003,0.005051774,151.24269104003906,-0.5055644005537033,-0.0014334523235447704,0.009765625,0.9045827388763428,14880,0.3
10,1035,2,200.0,2560,3357.5,47.14103412628174,0.0003,0.003229206,18.157386779785156,-0.43457081317901614,-0.003409315855242312,0.005859375,0.986543595790863,14890,0.3
11,1036,2,200.0,2816,3383.5714285714284,64.43538818359374,0.0003,0.019078374,20.191734313964844,-0.4247136265039444,-0.018195805326104163,0.091796875,0.9794947504997253,14900,0.3
12,1032,2,200.0,3072,3378.6666666666665,100.17329425811768,0.0003,0.016154684,74.04966735839844,-0.40678789019584655,-0.0073062611743807794,0.06171875,0.966854989528656,14910,0.3
13,1033,3,200.0,3328,3359.375,143.66861686706542,0.0003,0.011034575,53.298851013183594,-0.43829950988292693,-0.006894462963100523,0.025,0.9533882141113281,14920,0.3
14,1032,3,200.0,3584,3354.705882352941,394.0155448913574,0.0003,0.001489328,232.56321716308594,-0.4710071921348572,-0.0042639150749892,0.00078125,0.8961765170097351,14930,0.3
15,1033,3,200.0,3840,3376.315789473684,49.8748363494873,0.0003,0.0028379085,14.356673240661621,-0.41095961928367614,-0.001857982249930501,0.003515625,0.9862104654312134,14940,0.3
16,1032,3,200.0,4096,3372.5,203.34871292114258,0.0003,0.008193569,141.52792358398438,-0.4085451364517212,-0.0116825443925336,0.01640625,0.9388407468795776,14950,0.3
17,1025,4,200.0,4352,3380.9523809523807,77.63454961776733,0.0003,0.004720932,62.43350601196289,-0.4180097788572311,-0.011620858684182167,0.046484375,0.9759377241134644,14960,0.3
18,1023,4,200.0,4608,3394.782608695652,95.76392269134521,0.0003,0.010563333,34.626197814941406,-0.4076285809278488,-0.012472555600106716,0.019921875,0.970070481300354,14970,0.3
19,1023,4,200.0,4864,3400.8333333333335,73.40809288024903,0.0003,0.0192495,47.72208786010742,-0.44390338510274885,-0.011942729959264398,0.029296875,0.9753063321113586,14980,0.3
20,1023,5,200.0,5120,3406.8,52.15967922210693,0.0003,0.0025398247,9.545218467712402,-0.4016732186079025,-0.007952157827094197,0.00703125,0.9831717610359192,14990,0.3
21,1024,5,200.0,5376,3412.3076923076924,83.36233472824097,0.0003,0.007180984,8.660690307617188,-0.34901790916919706,-0.009999541891738772,0.07578125,0.9732006788253784,15000,0.3
22,1024,5,200.0,5632,3422.1428571428573,87.02081756591797,0.0003,0.008528892,38.86195755004883,-0.3402718812227249,-0.012383290007710457,0.026171875,0.9726576805114746,15010,0.3
23,1026,5,200.0,5888,3426.896551724138,151.7774444580078,0.0003,0.009439062,102.10753631591797,-0.31281388029456136,-0.012831689044833183,0.0359375,0.9509116411209106,15020,0.3
24,1025,5,200.0,6144,3431.0,94.92407450675964,0.0003,0.0127797155,49.631980895996094,-0.32528914213180543,-0.0032842786866240205,0.053515625,0.9702190160751343,15030,0.3
25,1024,6,200.0,6400,3428.75,86.79697761535644,0.0003,0.0076252464,31.18361473083496,-0.39760013669729233,-0.0065427324268966915,0.03359375,0.9720247387886047,15040,0.3
26,1024,6,200.0,6656,3417.5757575757575,279.0741912841797,0.0003,0.026674483,171.00123596191406,-0.4009124919772148,-0.022460345225408674,0.07421875,0.9238566756248474,15050,0.3
27,1028,6,200.0,6912,3421.470588235294,326.0734474182129,0.0003,0.00096252677,75.80770874023438,-0.3223347350955009,-0.002410034043714404,0.0015625,0.8726932406425476,15060,0.3
28,1028,6,200.0,7168,3418.0,100.92889032363891,0.0003,0.0048297653,26.56085205078125,-0.3114969000220299,-0.005642051552422344,0.00703125,0.9675236344337463,15070,0.3
29,1027,7,200.0,7424,3425.135135135135,123.70386543273926,0.0003,0.017002836,66.5332260131836,-0.36056635826826094,-0.009192028548568487,0.02578125,0.9602304697036743,15080,0.3
30,1027,7,200.0,7680,3377.6315789473683,149.24773902893065,0.0003,0.035715953,62.505592346191406,-0.415547339618206,-0.01410341844893992,0.08203125,0.9532581567764282,15090,0.3
31,1026,7,200.0,7936,3382.051282051282,66.32732353210449,0.0003,0.0023808812,23.354249954223633,-0.3306898310780525,-0.004502082779072225,0.002734375,0.984619677066803,15100,0.3
32,1026,7,200.0,8192,3362.0,151.10946922302247,0.0003,0.005851359,43.775001525878906,-0.39104434549808503,-0.007273510145023465,0.01640625,0.9590833187103271,15110,0.3
33,1026,8,200.0,8448,3365.714285714286,160.4183603286743,0.0003,0.002269167,20.913108825683594,-0.3978491872549057,-0.0018519243225455285,0.002734375,0.9204015731811523,15120,0.3
34,1027,8,200.0,8704,3369.767441860465,252.50507507324218,0.0003,0.016326498,138.62884521484375,-0.34657435268163683,-0.0069045717362314464,0.0453125,0.9190531969070435,15130,0.3
35,1027,8,200.0,8960,3373.6363636363635,56.51770205497742,0.0003,0.007855778,45.689292907714844,-0.3540477991104126,-0.004278313042595983,0.022265625,0.9818198084831238,15140,0.3
36,1024,8,200.0,9216,3380.8695652173915,79.89068946838378,0.0003,0.02057853,60.34145736694336,-0.3173041507601738,-0.017340163863264025,0.1203125,0.974511981010437,15150,0.3
37,1025,9,200.0,9472,3384.468085106383,81.98900871276855,0.0003,0.0061670276,48.38309860229492,-0.2886139191687107,-0.004237398039549589,0.02109375,0.9740541577339172,15160,0.3
38,1026,9,200.0,9728,3387.7083333333335,85.5816068649292,0.0003,0.012121474,51.51665496826172,-0.3622153788805008,-0.004551516356877982,0.054296875,0.9724538326263428,15170,0.3
39,1026,9,200.0,9984,3390.816326530612,36.72783613204956,0.0003,0.010632576,25.08499526977539,-0.3396278314292431,-0.00564641640521586,0.055078125,0.9882128238677979,15180,0.3
40,1025,9,200.0,10240,3392.7450980392155,67.57078142166138,0.0003,0.013235403,48.29810333251953,-0.31347016990184784,-0.006745052500627935,0.021875,0.9785562753677368,15190,0.3
1,1333,0,200.0,256,3523.0,242.00547370910644,0.0003,0.08640943,148.3360137939453,-0.373877215385437,-0.01827962356619537,0.11796875,0.9271247386932373,15200,0.3
2,1186,0,200.0,512,2201.0,112.45907211303711,0.0003,0.024622876,61.17759704589844,-1.4521936416625976,-0.009615263575688005,0.0328125,0.9641842842102051,14810,0.3
3,1147,0,200.0,768,2560.3333333333335,71.99985561370849,0.0003,0.0077901683,26.427663803100586,-0.7890150904655456,-0.008845175919122993,0.00703125,0.983729898929596,14820,0.3
4,1113,0,200.0,1024,2938.2,137.89356479644775,0.0003,0.013302264,90.79236602783203,-1.4883959352970124,-0.004487798199988902,0.030859375,0.9559306502342224,14830,0.3
5,1092,1,200.0,1280,2998.6666666666665,82.21960906982422,0.0003,0.02179506,28.38405418395996,-1.4640420377254486,-0.012507519940845669,0.017578125,0.9693349003791809,14840,0.3
6,1073,1,200.0,1536,2967.5714285714284,1181.3326431274413,0.0003,0.022018977,204.51649475097656,-1.4336275339126587,-0.001391543447971344,0.047265625,0.6058366298675537,14850,0.3
7,1066,1,200.0,1792,2563.5,438.3368408203125,0.0003,0.00045971852,97.42355346679688,-1.091959962248802,-0.0013282177736982704,0.0,0.9063258171081543,14860,0.3
8,1063,1,200.0,2048,2562.6,134.1339666366577,0.0003,0.0052944617,35.83945846557617,-1.1578986585140227,-0.008727975841611623,0.005078125,0.9636311531066895,14870,0.3
9,1060,2,200.0,2304,2297.090909090909,495.23180236816404,0.0003,0.0022997637,196.10325622558594,-0.9722943663597107,-0.004231679148506373,0.00390625,0.8599939942359924,14880,0.3
10,1058,2,200.0,2560,2398.25,41.715457153320315,0.0003,0.009970308,9.375496864318848,-1.5268026411533355,-0.010335402050986885,0.009375,0.9882556200027466,14890,0.3
11,1051,2,200.0,2816,2556.785714285714,20.347842311859132,0.0003,0.03423558,7.914078235626221,-1.4412955939769745,-0.018207785277627408,0.089453125,0.9932612776756287,14900,0.3
12,1044,2,200.0,3072,2621.4666666666667,87.64932460784912,0.0003,0.0402831,49.776851654052734,-1.4113579154014588,-0.020359869534149765,0.101953125,0.9720640778541565,14910,0.3
13,1042,3,200.0,3328,2664.5625,101.01569862365723,0.0003,0.02112493,62.76310348510742,-1.344706118106842,-0.01212398186326027,0.059765625,0.9679300785064697,14920,0.3
14,1042,3,200.0,3584,2714.0,218.2529483795166,0.0003,0.020590682,147.57408142089844,-1.417423129081726,-0.009059361834079026,0.046875,0.9329631328582764,14930,0.3
15,1043,3,200.0,3840,2786.842105263158,55.12215967178345,0.0003,0.054705437,34.604515075683594,-1.3925713837146758,-0.037052258290350436,0.195703125,0.9824044704437256,14940,0.3
16,1044,3,200.0,4096,2811.6,452.783918762207,0.0003,0.021976545,258.8751525878906,-1.480008417367935,-0.011271066451445221,0.051171875,0.8645117878913879,14950,0.3
17,1041,4,200.0,4352,2844.6190476190477,163.22134323120116,0.0003,0.0139743,81.80929565429688,-1.5030134558677672,-0.012572695943526923,0.026953125,0.9420629739761353,14960,0.3
18,1041,4,200.0,4608,2902.217391304348,79.97430534362793,0.0003,0.01187727,31.583133697509766,-1.4635841250419617,-0.016687750269193204,0.043359375,0.974747359752655,14970,0.3
19,1034,4,200.0,4864,2917.0,42.650968074798584,0.0003,0.061822586,20.404376983642578,-1.4048467993736267,-0.01988204512745142,0.1078125,0.9843404293060303,14980,0.3
20,1036,4,200.0,5120,2853.76,242.99109954833983,0.0003,0.009648092,125.93267822265625,-1.4189212262630462,-0.009219805616885424,0.0046875,0.9163299798965454,14990,0.3
21,1033,5,200.0,5376,2878.8846153846152,24.47712106704712,0.0003,0.03688118,10.049439430236816,-1.4883286654949188,-0.022572136716917157,0.11484375,0.9934889078140259,15000,0.3
22,1034,5,200.0,5632,2788.035714285714,27.526176357269286,0.0003,0.032166544,10.208759307861328,-1.3148490905761718,-0.02355326251126826,0.09140625,0.990925669670105,15010,0.3
23,1034,5,200.0,5888,2813.103448275862,2286.3119483947753,0.0003,0.008191295,182.6935577392578,-1.7103161692619324,0.0009303079918026924,0.009375,0.5494698286056519,15020,0.3
24,1034,5,200.0,6144,2829.5,121.80104293823243,0.0003,0.012425818,21.976146697998047,-1.3997008085250855,-0.008618564973585308,0.009375,0.9577752947807312,15030,0.3
25,1034,6,200.0,6400,2866.03125,421.4964092254639,0.0003,0.016202807,279.73626708984375,-1.3928992092609405,-0.004463810008019209,0.03515625,0.8711563944816589,15040,0.3
26,1034,6,200.0,6656,2885.4545454545455,398.80724182128904,0.0003,0.0029227566,114.05329895019531,-1.3677148520946503,-0.0076628189999610186,0.000390625,0.8814873695373535,15050,0.3
27,1034,6,200.0,6912,2867.9117647058824,95.14005126953126,0.0003,0.02207585,56.83539581298828,-1.4104693174362182,-0.008219741424545646,0.021484375,0.9680423736572266,15060,0.3
28,1035,6,200.0,7168,2880.0,126.84755249023438,0.0003,0.015609264,47.984962463378906,-1.2158739566802979,0.0028718226356431844,0.06015625,0.9645776748657227,15070,0.3
29,1036,7,200.0,7424,2901.891891891892,467.3362606048584,0.0003,0.013022197,158.69712829589844,-1.3820597589015962,-0.01012591808103025,0.020703125,0.8596370220184326,15080,0.3
30,1036,7,200.0,7680,2911.0263157894738,310.21075439453125,0.0003,0.0038938764,116.29161071777344,-1.3266100645065309,-0.004560583259444684,0.000390625,0.902397871017456,15090,0.3
31,1036,7,200.0,7936,2907.6153846153848,71.47791328430176,0.0003,0.011371234,32.2857551574707,-1.3052631616592407,-0.01572322645224631,0.013671875,0.9771063923835754,15100,0.3
32,1036,7,200.0,8192,2874.025,649.3627227783203,0.0003,0.0037376499,247.37417602539062,-1.4551848232746125,0.00304568181745708,0.00078125,0.8577690124511719,15110,0.3
33,1036,8,200.0,8448,2903.3571428571427,62.51904239654541,0.0003,0.008556932,21.5470027923584,-1.37386913895607,-0.00972383338958025,0.00703125,0.9786355495452881,15120,0.3
34,1036,8,200.0,8704,2889.2093023255816,111.46305847167969,0.0003,0.0132754035,38.04819107055664,-1.292964118719101,-0.015164937078952789,0.03046875,0.9714062809944153,15130,0.3
35,1035,8,200.0,8960,2903.0227272727275,109.31929063796997,0.0003,0.007141318,43.51956558227539,-1.3460559904575349,-0.0032370345084927975,0.007421875,0.9694203734397888,15140,0.3
36,1035,8,200.0,9216,2924.5434782608695,46.72007884979248,0.0003,0.023302179,9.161977767944336,-1.3488181233406067,-0.014927764784079044,0.04921875,0.9840445518493652,15150,0.3
37,1034,9,200.0,9472,2927.3829787234044,433.98588943481445,0.0003,0.021635931,289.4934387207031,-1.3592568457126617,-0.011264962074346841,0.04375,0.8690117597579956,15160,0.3
38,1035,9,200.0,9728,2939.5416666666665,384.41248550415037,0.0003,0.010324184,92.7040023803711,-1.389405220746994,-0.011802732199430465,0.00703125,0.86765056848526,15170,0.3
39,1036,9,200.0,9984,2950.877551020408,89.54427471160889,0.0003,0.05034264,51.864322662353516,-1.4547532021999359,-0.03462269357405603,0.135546875,0.9722655415534973,15180,0.3
40,1036,9,200.0,10240,2896.4117647058824,324.1745018005371,0.0003,0.00093285344,69.59092712402344,-1.6227465093135833,-0.001133402343839407,0.0,0.9028962850570679,15190,0.3
1,1344,0,200.0,256,3340.0,124.85617942810059,0.0003,0.0073152,57.05143737792969,-1.4080282270908355,-0.005771630886010825,0.005859375,0.9686055779457092,15200,0.3
2,1165,0,200.0,512,2365.0,282.8875053405762,0.0003,0.024238948,229.9990997314453,-0.476850388944149,-0.014058276941068471,0.05390625,0.9130274057388306,15210,0.3
3,1121,0,200.0,768,2756.6666666666665,286.4241439819336,0.0003,0.0018604943,73.83515167236328,-0.25183596536517144,-0.0037298445589840413,0.0,0.9246701598167419,15220,0.3
4,1096,0,200.0,1024,3072.0,104.1452766418457,0.0003,0.011634414,21.990808486938477,-0.3176719151437283,-0.010041742247994988,0.026171875,0.9660431146621704,15230,0.3
5,1088,1,200.0,1280,3150.0,130.36951446533203,0.0003,0.020812152,55.57584762573242,-0.20471084415912627,-0.015583340544253588,0.051953125,0.9582034945487976,15240,0.3
6,1076,1,200.0,1536,3177.1428571428573,72.6323694229126,0.0003,0.01981752,42.422271728515625,-0.26276383772492407,-0.0069207425462082025,0.02890625,0.9762624502182007,15250,0.3
7,1072,1,200.0,1792,3223.75,435.0877555847168,0.0003,0.006984114,313.79229736328125,-0.3039788767695427,-0.001505740755237639,0.016796875,0.8672392964363098,15260,0.3
8,1065,1,200.0,2048,3071.0,89.58830122947693,0.0003,0.0075526405,31.653362274169922,-0.27779514640569686,-0.01274647677782923,0.0375,0.9713907837867737,15270,0.3
9,1064,2,200.0,2304,3115.4545454545455,73.24670352935792,0.0003,0.0022981088,21.687747955322266,-0.20030421763658524,0.0004301344510167837,0.012109375,0.9837951064109802,15280,0.3
10,1062,2,200.0,2560,3150.8333333333335,104.97492952346802,0.0003,0.005896039,19.496707916259766,-0.3325362578034401,-0.007335120276547968,0.00859375,0.9673299789428711,15290,0.3
11,1051,2,200.0,2816,3207.8571428571427,36.7848014831543,0.0003,0.0059413007,20.099668502807617,-0.3924227967858315,-0.0023367454297840594,0.022265625,0.9882228374481201,15300,0.3
12,1050,2,200.0,3072,3230.0,170.74582138061524,0.0003,0.0013285426,59.522315979003906,-0.4051014110445976,-0.007982640992850065,0.019140625,0.947666347026825,15310,0.3
13,1048,3,200.0,3328,3249.375,100.86909904479981,0.0003,0.0047276374,69.69401550292969,-0.45265436470508574,-0.012002304941415787,0.010546875,0.9662724137306213,15320,0.3
14,1047,3,200.0,3584,3266.470588235294,25.151618099212648,0.0003,0.009329897,12.00786304473877,-0.4365508362650871,-0.004795760940760374,0.01484375,0.9907660484313965,15330,0.3
15,1044,3,200.0,3840,3118.9473684210525,322.8639131546021,0.0003,0.0014509098,25.485464096069336,-0.28222979307174684,-0.001875203289091587,0.0,0.942600667476654,15340,0.3
16,1043,3,200.0,4096,2958.0,230.91874923706055,0.0003,0.008806645,132.95494079589844,-0.44309993982315066,-0.016446255357004703,0.02421875,0.9476602077484131,15350,0.3
17,1042,4,200.0,4352,2986.6666666666665,26.326956939697265,0.0003,0.00024177786,4.753168106079102,-0.14872065484523772,-0.0008578888606280089,0.001953125,0.9920524954795837,15360,0.3
18,1036,4,200.0,4608,3032.608695652174,171.6923095703125,0.0003,0.027099814,118.75631713867188,-0.40849462896585464,-0.019239984499290586,0.06171875,0.9470822215080261,15370,0.3
19,1034,4,200.0,4864,3053.75,59.40387172698975,0.0003,0.016663112,25.167421340942383,-0.41161245554685594,-0.017287421878427266,0.02578125,0.9788022041320801,15380,0.3
20,1034,4,200.0,5120,3073.2,80.63328905105591,0.0003,0.016276438,26.2386474609375,-0.46482002437114717,-0.010458537191152573,0.066796875,0.9746831059455872,15390,0.3
21,1033,5,200.0,5376,3082.6923076923076,158.5776180267334,0.0003,0.005379147,59.99673843383789,-0.4828555598855019,-0.003967664344236255,0.0109375,0.9380642771720886,15400,0.3
22,1033,5,200.0,5632,3108.214285714286,346.6776969909668,0.0003,0.0013205181,120.5848617553711,-0.4956261932849884,-0.005775506689678878,0.0015625,0.895104706287384,15410,0.3
23,1034,5,200.0,5888,3114.4827586206898,220.819580078125,0.0003,0.006702747,91.01646423339844,-0.4430413618683815,-0.009993233694694936,0.017578125,0.932470440864563,15420,0.3
24,1035,5,200.0,6144,3129.0,419.8032485961914,0.0003,0.0029273562,128.65037536621094,-0.4107362300157547,-0.006556821544654668,0.00703125,0.8657160997390747,15430,0.3
25,1030,6,200.0,6400,3155.625,90.94932441711425,0.0003,0.010428654,51.72137451171875,-0.40990923792123796,-0.007478311995510012,0.0296875,0.969982922077179,15440,0.3
26,1027,6,200.0,6656,3167.2727272727275,174.89283332824706,0.0003,0.0058471314,64.64190673828125,-0.3712819516658783,-0.011132222646847368,0.044921875,0.9483591914176941,15450,0.3
27,1027,6,200.0,6912,3171.176470588235,166.56914291381835,0.0003,0.006193568,81.21439361572266,-0.4854685187339783,-0.006832868873607368,0.0140625,0.9442182779312134,15460,0.3
28,1026,6,200.0,7168,3181.714285714286,75.68906879425049,0.0003,0.0031330986,30.637012481689453,-0.37756226360797884,-0.0024440072244033217,0.004296875,0.9764586687088013,15470,0.3
29,1026,7,200.0,7424,3195.675675675676,25.140715408325196,0.0003,0.019427128,11.844216346740723,-0.3969712480902672,-0.0179050768725574,0.052734375,0.9905320405960083,15480,0.3
30,1027,7,200.0,7680,3194.4736842105262,470.9160919189453,0.0003,0.0048024165,293.4414978027344,-0.3674409657716751,0.00028687273152172565,0.005078125,0.8619532585144043,15490,0.3
31,1027,7,200.0,7936,3198.2051282051284,381.7282127380371,0.0003,0.014421615,149.02500915527344,-0.37782427072525027,-0.017735984013415872,0.0234375,0.9015941023826599,15500,0.3
32,1027,7,200.0,8192,3189.75,352.3649848937988,0.0003,0.010961713,172.48153686523438,-0.44440352618694307,-0.00823055433575064,0.0296875,0.8966948390007019,15510,0.3
33,1027,8,200.0,8448,3200.4761904761904,515.6653060913086,0.0003,0.0118105505,84.51302337646484,-0.346191368997097,-0.008012831257656217,0.019921875,0.8502715826034546,15520,0.3
34,1026,8,200.0,8704,3208.3720930232557,249.51490631103516,0.0003,0.002083324,76.07791137695312,-0.29783505797386167,-0.0020916879177093504,0.003515625,0.9179900288581848,15530,0.3
35,1027,8,200.0,8960,3199.7727272727275,34.68873562812805,0.0003,0.014916133,8.320242881774902,-0.3375361278653145,-0.004086353513412177,0.02890625,0.9908335208892822,15540,0.3
36,1026,8,200.0,9216,3214.782608695652,34.56858468055725,0.0003,0.0022025618,11.527817726135254,-0.372384375333786,-0.0022649492137134077,0.004296875,0.9887146949768066,15550,0.3
37,1024,9,200.0,9472,3221.7021276595747,146.96268424987792,0.0003,0.012500615,43.139137268066406,-0.43626645803451536,-0.00719983943272382,0.026171875,0.9514592885971069,15560,0.3
38,1023,9,200.0,9728,3228.3333333333335,87.65594367980957,0.0003,0.020625986,43.04781723022461,-0.48262925148010255,-0.010513886599801481,0.03828125,0.9715684652328491,15570,0.3
39,1024,9,200.0,9984,3230.612244897959,87.23296756744385,0.0003,0.020589314,37.19681167602539,-0.4836376368999481,-0.020335881691426038,0.087109375,0.9710843563079834,15580,0.3
40,1023,10,200.0,10240,3242.9411764705883,320.8845928192139,0.0003,0.00064121094,189.97544860839844,-0.48797026723623277,-0.00018205257365480065,0.00078125,0.8977805376052856,15590,0.3
1,1304,0,200.0,256,3503.0,118.18089942932129,0.0003,0.012826227,76.73341369628906,-0.44473644644021987,-0.007380908634513616,0.030078125,0.963119626045227,15600,0.3
2,1162,0,200.0,512,3504.0,56.64864530563354,0.0003,0.024174958,42.442405700683594,-1.381812709569931,-0.014289797144010663,0.065625,0.98199063539505,15210,0.3
3,1121,0,200.0,768,3503.3333333333335,58.49963483810425,0.0003,0.018136982,31.943883895874023,-1.412867122888565,-0.013826119247823954,0.05703125,0.9793675541877747,15220,0.3
4,1095,0,200.0,1024,3502.4,75.2104902267456,0.0003,0.025979776,31.402172088623047,-1.3839274287223815,-0.026325998990796507,0.057421875,0.9761217832565308,15230,0.3
5,1084,1,200.0,1280,3504.3333333333335,105.01697368621826,0.0003,0.023392953,43.937217712402344,-1.333497655391693,-0.018673175980802627,0.090625,0.9670665860176086,15240,0.3
6,1075,1,200.0,1536,3472.1428571428573,134.9898769378662,0.0003,0.020916909,47.94485855102539,-1.2790421545505524,-0.011871302127838134,0.062109375,0.9582258462905884,15250,0.3
7,1073,1,200.0,1792,3476.5,106.43135318756103,0.0003,0.039684672,73.22268676757812,-1.3277471542358399,-0.013993260497227312,0.045703125,0.9661034345626831,15260,0.3
8,1062,1,200.0,2048,3464.8,73.18388090133666,0.0003,0.061787732,30.683452606201172,-1.3803304135799408,-0.019982863287441432,0.116015625,0.9764233231544495,15270,0.3
9,1060,2,200.0,2304,3469.2727272727275,389.1987377166748,0.0003,0.075129375,209.1180419921875,-1.4001047313213348,-0.030437669483944774,0.15,0.8829309344291687,15280,0.3
10,1053,2,200.0,2560,3472.0833333333335,99.92583131790161,0.0003,0.04949264,12.780523300170898,-1.3624871909618377,-0.016467791935428976,0.120703125,0.9684662222862244,15290,0.3
11,1050,2,200.0,2816,3463.5,64.72315654754638,0.0003,0.03152956,40.136940002441406,-1.3781652987003326,-0.02319241128861904,0.0609375,0.9782599806785583,15300,0.3
12,1050,2,200.0,3072,3467.3333333333335,414.3682235717773,0.0003,0.019518556,82.53962707519531,-1.411839348077774,-0.012934025656431914,0.019921875,0.8827128410339355,15310,0.3
13,1048,3,200.0,3328,3469.6875,113.82902040481568,0.0003,0.018148283,16.439922332763672,-1.4903888165950776,-0.012005420750938356,0.045703125,0.9644622206687927,15320,0.3
14,1048,3,200.0,3584,3471.823529411765,20.298670482635497,0.0003,0.02572045,12.618054389953613,-1.5269692718982697,-0.015664893051143734,0.0453125,0.9933485984802246,15330,0.3
15,1045,3,200.0,3840,3439.8947368421054,50.00746612548828,0.0003,0.018402528,21.740549087524414,-1.533371376991272,-0.017192370281554757,0.065625,0.9836922883987427,15340,0.3
16,1044,3,200.0,4096,3431.45,299.5339359283447,0.0003,0.037910756,219.77700805664062,-1.5026101291179657,-0.01842907366808504,0.105859375,0.9201798439025879,15350,0.3
17,1035,4,200.0,4352,3412.4285714285716,1102.962434387207,0.0003,0.002959033,176.7003173828125,-1.477844423055649,-0.001202852139249444,0.0,0.5858564376831055,15360,0.3
18,1036,4,200.0,4608,3391.3478260869565,63.321405696868894,0.0003,0.0063908286,13.336109161376953,-1.476823741197586,-0.0034218729007989166,0.001171875,0.978756308555603,15370,0.3
19,1035,4,200.0,4864,3388.0833333333335,482.53993225097656,0.0003,0.017845597,179.6697540283203,-1.4912754237651824,-0.012075192178599536,0.0515625,0.8626335263252258,15380,0.3
20,1036,4,200.0,5120,3384.84,390.14565048217776,0.0003,0.014916111,263.4090576171875,-1.4484437584877015,-0.013219183427281678,0.0421875,0.8774067163467407,15390,0.3
21,1037,5,200.0,5376,3380.730769230769,447.9337898254395,0.0003,0.006935699,329.54669189453125,-1.4455531060695648,-0.005413238005712628,0.00703125,0.8682667016983032,15400,0.3
22,1038,5,200.0,5632,3331.6071428571427,1015.1348037719727,0.0003,0.0014252942,336.31549072265625,-1.4612329483032227,-0.0017683858051896096,0.0,0.6880604028701782,15410,0.3
23,1038,5,200.0,5888,3247.1724137931033,214.51964874267577,0.0003,0.0029906908,122.54032135009766,-1.400490975379944,-0.005676192953251303,0.000390625,0.9208400249481201,15420,0.3
24,1036,5,200.0,6144,3231.3,149.33391571044922,0.0003,0.0028429306,46.14413070678711,-0.718693670630455,-0.003956431709229946,0.001953125,0.9475840330123901,15430,0.3
25,1036,6,200.0,6400,3182.15625,677.1129455566406,0.0003,0.0021619888,469.82904052734375,-1.4151831924915315,-0.006965001090429723,0.001953125,0.8350441455841064,15440,0.3
26,1037,6,200.0,6656,3185.6363636363635,820.5795532226563,0.0003,0.00040676817,267.3318786621094,-1.474932312965393,-0.0016765049193054437,0.0,0.7443954348564148,15450,0.3
27,1036,6,200.0,6912,3195.1470588235293,314.18728790283205,0.0003,0.0020212936,140.75865173339844,-1.375439751148224,-0.00291302006226033,0.00078125,0.891975998878479,15460,0.3
28,1036,6,200.0,7168,3189.1428571428573,109.47173118591309,0.0003,0.011370442,46.93019485473633,-1.4706299602985382,-0.009440781641751527,0.015234375,0.9648179411888123,15470,0.3
29,1036,7,200.0,7424,3206.162162162162,457.7733444213867,0.0003,0.0061853086,243.4362030029297,-1.4454278826713562,0.00025774864479899406,0.018359375,0.8214101791381836,15480,0.3
30,1037,7,200.0,7680,3214.0789473684213,100.97844467163085,0.0003,0.031623308,48.255889892578125,-1.4228741466999053,-0.017030801356304436,0.069140625,0.9682220816612244,15490,0.3
31,1036,7,200.0,7936,3221.5384615384614,26.154898595809936,0.0003,0.022761725,9.602487564086914,-1.448420089483261,-0.025112539960537104,0.07421875,0.991997480392456,15500,0.3
32,1037,7,200.0,8192,3223.95,17.56662073135376,0.0003,0.05681345,2.302626132965088,-1.4186951518058777,-0.02654750186484307,0.166796875,0.9934083223342896,15510,0.3
33,1038,8,200.0,8448,3237.690476190476,146.781272315979,0.0003,0.03534169,89.49937438964844,-1.3344775974750518,-0.011723455041646957,0.059375,0.9537410140037537,15520,0.3
34,1038,8,200.0,8704,3238.0697674418607,239.065576171875,0.0003,0.019571554,88.7978744506836,-1.340921413898468,-0.01235372801311314,0.03984375,0.9324942827224731,15530,0.3
35,1038,8,200.0,8960,3234.2727272727275,170.85424156188964,0.0003,0.0046787653,93.29154205322266,-1.3541610598564149,-0.003502559778280556,0.009765625,0.9482717514038086,15540,0.3
36,1038,8,200.0,9216,3232.3695652173915,297.84173316955565,0.0003,0.01964238,168.84463500976562,-1.384456616640091,-0.014748951559886337,0.031640625,0.9080914855003357,15550,0.3
37,1039,9,200.0,9472,3233.531914893617,768.3594924926758,0.0003,0.0107974075,486.14215087890625,-1.425526988506317,-0.014777276944369078,0.009375,0.7893748879432678,15560,0.3
38,1038,9,200.0,9728,3239.3958333333335,139.75714721679688,0.0003,0.015034568,82.86591339111328,-1.4621082186698913,-0.016364641720429063,0.019140625,0.9555665254592896,15570,0.3
39,1039,9,200.0,9984,3235.3469387755104,577.771484375,0.0003,0.0048659826,157.1514434814453,-1.4213546514511108,-0.005642447154968977,0.003515625,0.780820906162262,15580,0.3
40,1039,9,200.0,10240,3237.372549019608,208.87607917785644,0.0003,0.0071311174,132.3938446044922,-1.3801239073276519,-0.010977448942139745,0.008203125,0.9354526996612549,15590,0.3
1,1366,0,200.0,256,3540.0,446.91638870239257,0.0003,0.00776913,234.1434783935547,-1.41298605799675,-0.009976425813511014,0.016015625,0.8667961359024048,15600,0.3
2,1174,0,200.0,512,3540.0,54.5156455039978,0.0003,0.005547886,15.604585647583008,-0.4378191366791725,-0.004284159373492002,0.01328125,0.9826002717018127,15610,0.3
3,931,0,200.0,768,3540.0,34.728409671783446,0.0003,0.008817121,10.343274116516113,-0.42574344128370284,-0.00447343485429883,0.026171875,0.9887133240699768,15620,0.3
4,950,1,200.0,1024,3450.0,86.78396167755128,0.0003,0.029226648,24.612428665161133,-0.39393005073070525,-0.022356736043002458,0.04921875,0.9726126194000244,15630,0.3
5,960,1,200.0,1280,3465.0,544.4547607421875,0.0003,0.010551923,176.69430541992188,-0.41625151932239535,-0.0021949658170342446,0.027734375,0.8331279754638672,15640,0.3
6,974,1,200.0,1536,3478.5714285714284,84.56059904098511,0.0003,0.0036663413,30.05918312072754,-0.4535132825374603,-0.005581378028728068,0.001953125,0.973038911819458,15650,0.3
7,982,1,200.0,1792,3486.25,100.9528091430664,0.0003,0.06862658,33.54873275756836,-0.4166980147361755,-0.015244203642942012,0.083203125,0.968408465385437,15660,0.3
8,987,2,200.0,2048,3497.0,74.29516925811768,0.0003,0.01768525,33.57845687866211,-0.4859042003750801,-0.012189249019138515,0.052734375,0.9763197302818298,15670,0.3
9,985,2,200.0,2304,3477.2727272727275,174.27816314697264,0.0003,0.02115304,114.49596405029297,-0.46860799938440323,-0.023624919913709165,0.03203125,0.9482215642929077,15680,0.3
10,983,2,200.0,2560,3482.5,62.42667026519776,0.0003,0.028635535,29.15361785888672,-0.4723136842250824,-0.025163405947387217,0.07109375,0.9781215190887451,15690,0.3
11,988,2,200.0,2816,3473.5714285714284,40.79471263885498,0.0003,0.0046117,19.693567276000977,-0.4697078660130501,-0.003922550030983985,0.0140625,0.9870196580886841,15700,0.3
12,984,3,200.0,3072,3464.6666666666665,261.0536808013916,0.0003,0.0026076443,158.79592895507812,-0.42193295806646347,-0.0008132732240483165,0.0015625,0.9195718169212341,15710,0.3
13,988,3,200.0,3328,3469.375,324.9741035461426,0.0003,0.0011930424,129.84193420410156,-0.48880197256803515,-0.001082632876932621,0.00078125,0.8961735963821411,15720,0.3
14,986,3,200.0,3584,3460.5882352941176,42.38561315536499,0.0003,0.003895706,7.86117696762085,-0.46555635184049604,-0.0011028270935639739,0.002734375,0.9845890402793884,15730,0.3
15,989,3,200.0,3840,3445.7894736842104,263.7796272277832,0.0003,0.0068977224,137.52088928222656,-0.5248496443033218,-0.002012834744527936,0.030078125,0.919242262840271,15740,0.3
16,991,4,200.0,4096,3450.5,259.78604164123533,0.0003,0.028362509,35.7413444519043,-0.4823707610368729,-0.009707165020518004,0.06328125,0.9210448861122131,15750,0.3
17,989,4,200.0,4352,3454.7619047619046,37.044573879241945,0.0003,0.01077042,17.658126831054688,-0.46037667542696,-0.007953482773154974,0.008984375,0.9897158145904541,15760,0.3
18,991,4,200.0,4608,3453.478260869565,35.04348120689392,0.0003,0.007804008,27.069496154785156,-0.4511270746588707,-0.0017578743980266153,0.00703125,0.988848865032196,15770,0.3
19,994,4,200.0,4864,3457.0833333333335,458.13417663574216,0.0003,0.008494356,200.41868591308594,-0.44269071966409684,-0.007192729506641626,0.022265625,0.8622527718544006,15780,0.3
20,998,5,200.0,5120,3460.4,29.819956398010255,0.0003,0.020873234,14.6525239944458,-0.3796172708272934,-0.011869461252354085,0.03515625,0.9901466965675354,15790,0.3
21,1000,5,200.0,5376,3463.4615384615386,33.44713497161865,0.0003,0.08893047,9.107769966125488,-0.47032582461833955,-0.007126761483959854,0.071484375,0.9890086650848389,15800,0.3
22,1002,5,200.0,5632,3468.9285714285716,34.17057013511658,0.0003,0.005339859,23.02206039428711,-0.5053913280367851,-0.0015735881868749857,0.008203125,0.988882303237915,15810,0.3
23,1005,5,200.0,5888,3464.4827586206898,99.96770267486572,0.0003,0.0139539745,38.68791961669922,-0.5189378008246421,-0.00759187105577439,0.02265625,0.9689719080924988,15820,0.3
24,1006,6,200.0,6144,3460.3333333333335,446.0526321411133,0.0003,0.0103278365,337.63922119140625,-0.5704818561673164,-0.004906483087688684,0.026171875,0.863459587097168,15830,0.3
25,1006,6,200.0,6400,3458.4375,305.54248199462893,0.0003,0.008369956,215.1632537841797,-0.5174449995160103,-0.0035175368189811706,0.016796875,0.9085391163825989,15840,0.3
26,1009,6,200.0,6656,3461.5151515151515,226.71767349243163,0.0003,0.009280248,86.4189453125,-0.4900981605052948,-0.00822703642770648,0.017578125,0.9314028024673462,15850,0.3
27,1009,6,200.0,6912,3450.8823529411766,242.97860260009764,0.0003,0.0092023425,110.47847747802734,-0.4754051357507706,-0.011053679161705077,0.009765625,0.9239543676376343,15860,0.3
28,1010,7,200.0,7168,3453.714285714286,486.8197448730469,0.0003,0.0005092155,227.22042846679688,-0.4056515350937843,-7.181118708103895e-05,0.0,0.8489555716514587,15870,0.3
29,1012,7,200.0,7424,3447.5675675675675,88.55443820953369,0.0003,0.01398483,37.592315673828125,-0.3832416757941246,-0.019348028721287845,0.0453125,0.9718227982521057,15880,0.3
30,1013,7,200.0,7680,3450.0,564.4875473022461,0.0003,0.0069987006,214.61663818359375,-0.32001396715641023,-0.003804625663906336,0.019140625,0.8345518708229065,15890,0.3
31,1014,7,200.0,7936,3452.3076923076924,39.83787717819214,0.0003,0.0017632549,17.45183753967285,-0.2869379922747612,-0.000644283671863377,0.000390625,0.98921138048172,15900,0.3
32,1015,8,200.0,8192,3454.5,17.030474948883057,0.0003,0.0153547125,6.529197692871094,-0.29311979115009307,-0.003449665382504463,0.0109375,0.9943378567695618,15910,0.3
33,1015,8,200.0,8448,3453.809523809524,49.89444217681885,0.0003,0.020777326,13.152669906616211,-0.31644232124090194,-0.005778675246983766,0.083203125,0.9842262268066406,15920,0.3
34,1014,8,200.0,8704,3451.1627906976746,540.2676986694336,0.0003,0.02233796,156.94349670410156,-0.3672794044017792,-0.005265020462684333,0.074609375,0.8446626663208008,15930,0.3
35,1015,8,200.0,8960,3447.9545454545455,217.48592834472657,0.0003,0.01777629,82.37268829345703,-0.34700850695371627,-0.016432928992435335,0.078515625,0.9314463138580322,15940,0.3
36,1016,9,200.0,9216,3431.086956521739,93.90451107025146,0.0003,0.031471565,66.81694030761719,-0.31198052167892454,-0.019247440341860055,0.050390625,0.9700992107391357,15950,0.3
37,1017,9,200.0,9472,3433.404255319149,1091.9560638427733,0.0003,0.0032759511,431.916015625,-0.38544594794511794,-0.0007210687035694718,0.017578125,0.768814206123352,15960,0.3
38,1018,9,200.0,9728,3435.625,29.050008964538574,0.0003,0.014603057,7.039804935455322,-0.3136221833527088,-0.014260334242135287,0.04140625,0.9927638173103333,15970,0.3
39,1018,9,200.0,9984,3403.673469387755,169.80644187927246,0.0003,0.005292721,64.1138916015625,-0.3427382633090019,-0.004809317039325833,0.01328125,0.94772869348526,15980,0.3
40,1018,10,200.0,10240,3400.7843137254904,12.297113513946533,0.0003,0.01065928,4.6660075187683105,-0.2824215807020664,-0.013095867750234903,0.0265625,0.9967480897903442,15990,0.3
1,1353,0,200.0,256,3309.0,687.714241027832,0.0003,0.0021948428,354.0601501464844,-0.36024945229291916,0.000624925666488707,0.003125,0.8084820508956909,16000,0.3
2,1168,0,200.0,512,3297.0,239.65056381225585,0.0003,0.007741782,115.59027099609375,-1.3890696883201599,-0.008258299436420202,0.01015625,0.92368483543396,15610,0.3
3,918,0,200.0,768,3369.6666666666665,103.16431894302369,0.0003,0.014250876,45.86748123168945,-1.3808863282203674,-0.012503604707308113,0.015234375,0.967635452747345,15620,0.3
4,925,1,200.0,1024,3424.6,86.20185527801513,0.0003,0.0238345,51.44011688232422,-1.3020908832550049,-0.016641978267580272,0.05234375,0.972865641117096,15630,0.3
5,944,1,200.0,1280,3439.6666666666665,112.11761932373047,0.0003,0.02077135,58.741127014160156,-1.3520460665225982,-0.013610447547398508,0.02890625,0.9651437997817993,15640,0.3
6,953,1,200.0,1536,3448.8571428571427,89.30952053070068,0.0003,0.016886845,62.328712463378906,-1.3523092091083526,-0.00863497112877667,0.0328125,0.9715788960456848,15650,0.3
7,967,1,200.0,1792,3457.125,72.64270548820495,0.0003,0.014588148,64.35577392578125,-1.3732832968235016,-0.009107546880841255,0.015234375,0.9771187901496887,15660,0.3
8,979,2,200.0,2048,3398.2,278.9818481445312,0.0003,0.009473967,134.51869201660156,-1.3672771155834198,-0.009364102873951197,0.011328125,0.9154680371284485,15670,0.3
9,987,2,200.0,2304,3386.4545454545455,531.9101989746093,0.0003,0.0027914338,223.98646545410156,-1.3870497167110443,-0.0048976313089951875,0.00546875,0.8636302947998047,15680,0.3
10,993,2,200.0,2560,3340.3333333333335,94.44657859802246,0.0003,0.0037431438,18.04152488708496,-1.318385624885559,-0.005249857611488551,0.0,0.9698848724365234,15690,0.3
11,999,2,200.0,2816,3317.1428571428573,484.06696395874025,0.0003,0.0060336906,51.29185485839844,-1.3861876845359802,-0.008347005862742663,0.001171875,0.7391422986984253,15700,0.3
12,1003,3,200.0,3072,3316.6666666666665,593.0572341918945,0.0003,0.0017769712,214.8020477294922,-1.3829720854759215,-0.0022237214725464582,0.0,0.8352822065353394,15710,0.3
13,1007,3,200.0,3328,3316.125,165.8162901878357,0.0003,0.006599527,38.7065315246582,-1.4057492196559906,-0.006332013313658536,0.014453125,0.9500149488449097,15720,0.3
14,1006,3,200.0,3584,3327.470588235294,213.67719917297364,0.0003,0.027779315,88.19548797607422,-1.3038743793964387,-0.019064758671447635,0.05234375,0.9353585243225098,15730,0.3
15,1007,3,200.0,3840,3323.9473684210525,151.9829776763916,0.0003,0.01306389,70.83961486816406,-1.3423188626766205,-0.014037415548227728,0.028125,0.949464738368988,15740,0.3
16,1010,4,200.0,4096,3323.0,587.0453460693359,0.0003,0.009627011,277.9775390625,-1.3781341433525085,-0.015882038651034235,0.006640625,0.8280712962150574,15750,0.3
17,1012,4,200.0,4352,3331.5714285714284,344.9018669128418,0.0003,0.0015855245,116.4559555053711,-1.3742028951644898,-0.0034768162295222282,0.0,0.8884641528129578,15760,0.3
18,1012,4,200.0,4608,3338.0434782608695,93.21120719909668,0.0003,0.03609477,47.52823257446289,-1.3460141658782958,-0.014925001957453787,0.0453125,0.9683040380477905,15770,0.3
19,1012,4,200.0,4864,3345.1666666666665,307.8456123352051,0.0003,0.0090610385,141.96731567382812,-1.2660281658172607,-0.005793496186379343,0.0296875,0.9070267677307129,15780,0.3
20,1014,5,200.0,5120,3351.72,73.43953666687011,0.0003,0.03694698,35.64542007446289,-1.3233514428138733,-0.02541891853325069,0.119921875,0.9778810739517212,15790,0.3
21,1013,5,200.0,5376,3358.346153846154,13.456892108917236,0.0003,0.012804233,6.025519371032715,-1.2942096054553986,-0.01624834379181266,0.0203125,0.996544361114502,15800,0.3
22,1014,5,200.0,5632,3369.535714285714,127.02531299591064,0.0003,0.037157997,70.89938354492188,-1.273012113571167,-0.0161431182641536,0.08671875,0.9621137976646423,15810,0.3
23,1015,5,200.0,5888,3374.206896551724,122.73235721588135,0.0003,0.02610095,85.6037826538086,-1.308269453048706,-0.01852063089609146,0.085546875,0.9610081315040588,15820,0.3
24,1017,6,200.0,6144,3371.1,98.7228401184082,0.0003,0.03141611,37.6403923034668,-1.3739815771579742,-0.018707344913855194,0.084765625,0.9687046408653259,15830,0.3
25,1018,6,200.0,6400,3380.4375,119.46945686340332,0.0003,0.01766273,90.98460388183594,-1.3916058897972108,-0.01680217294488102,0.06015625,0.9621895551681519,15840,0.3
26,1019,6,200.0,6656,3378.2727272727275,174.4230884552002,0.0003,0.035449617,62.75974655151367,-1.2922179698944092,-0.016309832944534718,0.096484375,0.9479007124900818,15850,0.3
27,1020,6,200.0,6912,3381.9411764705883,358.12548065185547,0.0003,0.0150804045,120.41783905029297,-1.3451037645339965,-0.007814253261312843,0.0296875,0.8954670429229736,15860,0.3
28,1021,7,200.0,7168,3379.9142857142856,65.80883903503418,0.0003,0.011470117,23.853229522705078,-1.3464908003807068,-0.009203654527664185,0.020703125,0.9788479804992676,15870,0.3
29,1022,7,200.0,7424,3386.972972972973,207.11931133270264,0.0003,0.019991534,171.23922729492188,-1.3882562160491942,-0.012938540475443006,0.031640625,0.9351367950439453,15880,0.3
30,1023,7,200.0,7680,3384.9736842105262,129.47330722808837,0.0003,0.018926814,78.44438171386719,-1.3837253272533416,-0.009359993692487478,0.029296875,0.9598174095153809,15890,0.3
31,1024,7,200.0,7936,3388.2051282051284,165.95495681762696,0.0003,0.007030799,41.028221130371094,-1.4420106053352355,-0.017125687818042933,0.00546875,0.9257732629776001,15900,0.3
32,1024,7,200.0,8192,3391.225,32.45378594398498,0.0003,0.024773803,15.36681842803955,-1.4386714816093444,-0.022559306723996995,0.0453125,0.9885209202766418,15910,0.3
33,1025,8,200.0,8448,3391.9523809523807,18.26477258205414,0.0003,0.04584001,3.931487798690796,-1.3188467144966125,-0.02797371968626976,0.185546875,0.9940050840377808,15920,0.3
34,1026,8,200.0,8704,3394.6744186046512,294.04105911254885,0.0003,0.012676471,138.41558837890625,-1.32309051156044,-0.009941255114972592,0.024609375,0.9136462211608887,15930,0.3
35,1026,8,200.0,8960,3392.681818181818,38.67606792449951,0.0003,0.012332383,19.922435760498047,-1.3136071860790253,-0.01123874569311738,0.015234375,0.9876223206520081,15940,0.3
36,1027,8,200.0,9216,3397.7391304347825,477.0402603149414,0.0003,0.011739382,251.39541625976562,-1.3254357039928437,-0.011342436680570245,0.00859375,0.8549321889877319,15950,0.3
37,1027,9,200.0,9472,3395.723404255319,76.36864776611328,0.0003,0.019277606,35.737918853759766,-1.3353010833263397,-0.01686373190023005,0.039453125,0.9745818376541138,15960,0.3
38,1029,9,200.0,9728,3398.0833333333335,451.3494987487793,0.0003,0.018519793,277.0760192871094,-1.2551470041275024,-0.012719699344597758,0.0546875,0.8654806017875671,15970,0.3
39,1029,9,200.0,9984,3395.408163265306,78.32988557815551,0.0003,0.011141291,14.313131332397461,-1.2328288495540618,-0.004482897836714983,0.019140625,0.9661218523979187,15980,0.3
40,1029,9,200.0,10240,3391.2156862745096,140.91781692504884,0.0003,0.015516938,45.702571868896484,-1.2924875557422637,-0.013285803887993098,0.020703125,0.9561607241630554,15990,0.3
1,1289,0,200.0,256,3300.0,251.0501678466797,0.0003,0.015970929,80.41077423095703,-1.2851481854915618,-0.009032167121767997,0.03515625,0.928425669670105,16000,0.3
2,1155,0,200.0,512,3430.0,225.47988815307616,0.0003,0.00036089867,89.69248962402344,-0.36163798421621324,-0.0018550530774518847,0.0,0.9262630939483643,16010,0.3
3,1110,0,200.0,768,3466.6666666666665,118.41235904693603,0.0003,0.020298487,54.51357650756836,-0.3529189795255661,-0.01684022096451372,0.053515625,0.9611607789993286,16020,0.3
4,1089,0,200.0,1024,3500.0,56.272604084014894,0.0003,0.01004884,36.52893829345703,-0.3195993609726429,-0.01279581121634692,0.028515625,0.9817635416984558,16030,0.3
5,1069,1,200.0,1280,3506.6666666666665,129.37950038909912,0.0003,0.0007638014,30.191078186035156,-0.3262585461139679,-0.0008923836052417755,0.015234375,0.9595552682876587,16040,0.3
6,1060,1,200.0,1536,3482.8571428571427,145.86898231506348,0.0003,0.015912434,77.15199279785156,-0.34899912774562836,-0.013372740964405239,0.024609375,0.9514060616493225,16050,0.3
7,1059,1,200.0,1792,3490.0,154.18776054382323,0.0003,0.002065078,83.76045989990234,-0.369071963429451,-0.0012345159077085555,0.000390625,0.9511787295341492,16060,0.3
8,1053,1,200.0,2048,3501.0,53.84713044166565,0.0003,0.024157625,24.57257843017578,-0.3634269297122955,-0.007629375508986414,0.06953125,0.9827632904052734,16070,0.3
9,1050,2,200.0,2304,3504.5454545454545,128.4488098144531,0.0003,0.023733083,49.294395446777344,-0.4329851701855659,-0.0160333932377398,0.086328125,0.9590539336204529,16080,0.3
10,1049,2,200.0,2560,3507.5,44.52719659805298,0.0003,0.023253601,10.10885238647461,-0.40312801748514177,-0.013260056916624307,0.0375,0.9857588410377502,16090,0.3
11,1042,2,200.0,2816,3513.5714285714284,30.83814001083374,0.0003,0.020637678,19.904783248901367,-0.3749051332473755,-0.011762977205216884,0.058984375,0.989487886428833,16100,0.3
12,1042,2,200.0,3072,3499.3333333333335,144.91185035705567,0.0003,0.012288707,113.0078353881836,-0.4013411194086075,-0.015697461902163923,0.04609375,0.9557197093963623,16110,0.3
13,1040,3,200.0,3328,3502.5,62.87641801834106,0.0003,0.005046104,18.309701919555664,-0.48060331046581267,-0.006186664523556829,0.009375,0.9706521034240723,16120,0.3
14,1041,3,200.0,3584,3462.9411764705883,84.37865505218505,0.0003,0.049779776,38.636051177978516,-0.5112378537654877,-0.013422120944596827,0.087109375,0.9740758538246155,16130,0.3
15,1039,3,200.0,3840,3334.2105263157896,39.13250999450683,0.0003,0.02230897,5.0637431144714355,-0.5750511094927788,-0.007598796463571489,0.0234375,0.9904507398605347,16140,0.3
16,1040,3,200.0,4096,3310.5,733.0956886291503,0.0003,0.001995362,226.7587127685547,-0.42800219506025317,0.0007046376820653677,0.00078125,0.8522340059280396,16150,0.3
17,1038,4,200.0,4352,3287.1428571428573,710.0708404541016,0.0003,0.006306438,374.8946533203125,-0.5338596627116203,-0.010282310424372554,0.022265625,0.8432741165161133,16160,0.3
18,1038,4,200.0,4608,3204.782608695652,435.20666961669923,0.0003,0.009138067,219.3610382080078,-0.4438955709338188,-0.011267276667058467,0.01328125,0.9084062576293945,16170,0.3
19,1037,4,200.0,4864,3218.75,223.96994323730468,0.0003,0.0031523807,100.91409301757812,-0.5225985497236252,-0.006524457735940814,0.007421875,0.9374077320098877,16180,0.3
20,1038,4,200.0,5120,3222.8,54.981913566589355,0.0003,0.0029706652,25.522918701171875,-0.5608570873737335,-0.007993398047983647,0.01171875,0.9796939492225647,16190,0.3
21,1038,5,200.0,5376,3153.4615384615386,394.17357177734374,0.0003,0.009596027,215.62754821777344,-0.5467611297965049,-0.014471419341862201,0.019921875,0.9054003357887268,16200,0.3
22,1036,5,200.0,5632,3173.9285714285716,28.179876947402953,0.0003,0.09941401,9.377433776855469,-0.5606213957071304,-0.052100823074579236,0.164453125,0.9933324456214905,16210,0.3
23,1035,5,200.0,5888,3168.2758620689656,849.3689620971679,0.0003,0.014296856,232.5207061767578,-0.5181830286979675,0.004960098396986723,0.03359375,0.7411479949951172,16220,0.3
24,1035,5,200.0,6144,3180.6666666666665,154.59718856811523,0.0003,0.00039201556,55.44282913208008,-0.510479311645031,-0.00039202419575303795,0.0,0.9356727600097656,16230,0.3
25,1034,6,200.0,6400,3197.1875,41.76885452270508,0.0003,0.010895442,17.046104431152344,-0.5310643017292023,-0.011114431032910942,0.015234375,0.9848403930664062,16240,0.3
26,1035,6,200.0,6656,3207.5757575757575,403.0362121582031,0.0003,0.003022637,232.7686767578125,-0.4594508305191994,-0.0034367031883448364,0.00390625,0.8847739696502686,16250,0.3
27,1035,6,200.0,6912,3217.3529411764707,51.72165927886963,0.0003,0.0060823155,21.554105758666992,-0.4475931078195572,-0.006721528945490718,0.004296875,0.9826773405075073,16260,0.3
28,1035,6,200.0,7168,3214.0,135.81775093078613,0.0003,0.0018903252,56.67815017700195,-0.49663465172052385,-0.004261785466223955,0.002734375,0.9548335075378418,16270,0.3
29,1035,7,200.0,7424,3225.675675675676,296.223210144043,0.0003,0.014173249,204.28201293945312,-0.4971029594540596,-0.011774926725775004,0.016796875,0.908903181552887,16280,0.3
30,1035,7,200.0,7680,3233.9473684210525,142.08883972167968,0.0003,0.011245656,32.607582092285156,-0.48993754386901855,-0.0041482133325189356,0.020703125,0.9536871910095215,16290,0.3
31,1034,7,200.0,7936,3241.7948717948716,59.06120195388794,0.0003,0.019617893,40.54688262939453,-0.45061650425195693,-0.014853033609688282,0.0625,0.9810563921928406,16300,0.3
32,1032,7,200.0,8192,3249.25,74.61463356018066,0.0003,0.032328848,22.129526138305664,-0.46484369188547137,-0.008458499051630496,0.046875,0.976690948009491,16310,0.3
33,1031,8,200.0,8448,3257.8571428571427,109.20193901062012,0.0003,0.017991424,42.88024139404297,-0.5553966358304023,-0.004253632319159806,0.02265625,0.9653304219245911,16320,0.3
34,1031,8,200.0,8704,3192.7906976744184,154.21753959655763,0.0003,0.012691867,65.8895034790039,-0.6209548056125641,-0.009350614016875624,0.044140625,0.9505111575126648,16330,0.3
35,1029,8,200.0,8960,3184.318181818182,202.3483829498291,0.0003,0.0073901806,26.405471801757812,-0.4274198293685913,-0.007295355922542513,0.025390625,0.9351252317428589,16340,0.3
36,1029,8,200.0,9216,3086.7391304347825,589.7292251586914,0.0003,0.0059985723,354.744873046875,-0.32662308067083357,-0.01359051202889532,0.016015625,0.8015952110290527,16350,0.3
37,1029,9,200.0,9472,3046.1702127659573,310.8699867248535,0.0003,0.010552915,80.46772003173828,-0.47027156949043275,-0.012416086182929576,0.0234375,0.9290033578872681,16360,0.3
38,1029,9,200.0,9728,3056.4583333333335,250.02865028381348,0.0003,0.011238976,183.52272033691406,-0.35353425443172454,-0.014529059501364827,0.022265625,0.9528418779373169,16370,0.3
39,1029,9,200.0,9984,3066.326530612245,61.69812307357788,0.0003,0.0064048907,28.984432220458984,-0.48324754983186724,-0.0030175365274772046,0.012109375,0.9795501232147217,16380,0.3
40,1027,9,200.0,10240,3081.372549019608,93.42887535095215,0.0003,0.007971736,40.88740539550781,-0.4108546689152718,-0.006740221753716469,0.015234375,0.9676545262336731,16390,0.3
1,1248,0,200.0,256,3509.0,515.7979049682617,0.0003,0.00979983,349.8734436035156,-0.4739375337958336,-0.004224250873085112,0.025,0.8474236130714417,16400,0.3
2,1125,0,200.0,512,3044.0,126.04833869934082,0.0003,0.009993704,38.88542556762695,-1.292415624856949,-0.009359990945085883,0.021875,0.9514257907867432,16010,0.3
3,1080,0,200.0,768,2321.6666666666665,1326.7779678344727,0.0003,0.0024461288,248.1657257080078,-1.0734829008579254,0.004494958708528429,0.0,0.7167637944221497,16020,0.3
4,1074,0,200.0,1024,2796.8,134.95864639282226,0.0003,0.0013990249,58.380157470703125,-1.2200512528419494,-0.0033331953221932054,0.0,0.9683446884155273,16030,0.3
5,1067,1,200.0,1280,2915.5,111.91260986328125,0.0003,0.038758848,73.5838623046875,-1.3160011053085328,-0.017187052965164186,0.05390625,0.9641401767730713,16040,0.3
6,1064,1,200.0,1536,3000.0,74.70153617858887,0.0003,0.016022637,36.205955505371094,-1.3700771570205688,-0.011432298016734422,0.019921875,0.9768377542495728,16050,0.3
7,1056,1,200.0,1792,3034.875,146.78498458862305,0.0003,0.007846394,29.86600112915039,-1.4003774523735046,-0.0017442738637328148,0.007421875,0.9542528390884399,16060,0.3
8,1056,1,200.0,2048,3106.5,135.7316982269287,0.0003,0.06569528,59.50580596923828,-1.4828292667865752,-0.024026131723076105,0.138671875,0.957876443862915,16070,0.3
9,1054,2,200.0,2304,3142.0,210.95562705993652,0.0003,0.0149560645,79.97616577148438,-1.4484954953193665,-0.011626586969941854,0.028125,0.9357286095619202,16080,0.3
10,1055,2,200.0,2560,3153.6666666666665,71.58933792114257,0.0003,0.011574213,18.239551544189453,-1.4440236330032348,-0.013481128728017211,0.016015625,0.9754303693771362,16090,0.3
11,1053,2,200.0,2816,3205.214285714286,177.867866897583,0.0003,0.01250588,53.96270751953125,-1.4415713727474213,-0.010716324159875511,0.0109375,0.9446668028831482,16100,0.3
12,1049,2,200.0,3072,3225.266666666667,151.55279006958008,0.0003,0.025294583,100.8246841430664,-1.3292035937309266,-0.016296688886359333,0.060546875,0.9529378414154053,16110,0.3
13,1049,3,200.0,3328,3230.0,52.30368185043335,0.0003,0.026109029,17.71438217163086,-1.321044671535492,-0.016712432168424128,0.070703125,0.9836913347244263,16120,0.3
14,1048,3,200.0,3584,3233.764705882353,320.75185165405276,0.0003,0.01952012,268.7558898925781,-1.3225250601768495,-0.015342191886156797,0.094921875,0.9053686261177063,16130,0.3
15,1046,3,200.0,3840,3210.2631578947367,1555.5713623046875,0.0003,0.005630465,423.7601013183594,-1.325713151693344,-0.00200202614068985,0.005078125,0.44332587718963623,16140,0.3
16,1040,3,200.0,4096,3105.55,193.4254301071167,0.0003,0.00047142734,30.45490264892578,-1.311659049987793,-0.0021911298390477896,0.0,0.9475867748260498,16150,0.3
17,1041,4,200.0,4352,2998.5238095238096,65.25913677215576,0.0003,0.011069925,21.936267852783203,-1.1975866973400116,-0.014413189515471459,0.024609375,0.9804139733314514,16160,0.3
18,1045,4,200.0,4608,2886.521739130435,12.782277917861938,0.0003,0.021321192,2.4472556114196777,-1.2903900742530823,-0.013923492771573365,0.02734375,0.9963142275810242,16170,0.3
19,1044,4,200.0,4864,2911.8333333333335,88.295680809021,0.0003,0.021197233,44.86575698852539,-1.1384081423282624,-0.010484581487253309,0.051171875,0.9771639704704285,16180,0.3
20,1045,4,200.0,5120,2927.48,55.08179392814636,0.0003,0.062423665,27.84325408935547,-1.313718980550766,-0.025754711451008917,0.15,0.9825332164764404,16190,0.3
21,1045,5,200.0,5376,2913.346153846154,677.6594940185547,0.0003,0.0074991686,346.12274169921875,-1.3894581258296967,0.0002208444522693753,0.01171875,0.8155131340026855,16200,0.3
22,1042,5,200.0,5632,2941.5,105.91588745117187,0.0003,0.012397401,60.82439422607422,-1.3885862946510314,-0.008406855375505983,0.0140625,0.9582496881484985,16210,0.3
23,1042,5,200.0,5888,2953.9310344827586,678.6632400512696,0.0003,0.012990028,319.849365234375,-1.3852599084377288,-0.011312726489268243,0.01875,0.803348958492279,16220,0.3
24,1042,5,200.0,6144,2957.7,533.3250839233399,0.0003,0.0057899,362.8850402832031,-1.3436609387397767,-0.011350116110406816,0.00390625,0.8467040061950684,16230,0.3
25,1043,6,200.0,6400,2978.875,298.9668388366699,0.0003,0.001967639,143.0039520263672,-1.3215218663215638,-0.0027278966503217817,0.000390625,0.9109125137329102,16240,0.3
26,1043,6,200.0,6656,2988.848484848485,542.2388725280762,0.0003,0.001139944,389.0419006347656,-1.3187668442726135,-0.0030862502288073303,0.0,0.842616081237793,16250,0.3
27,1044,6,200.0,6912,2969.0588235294117,230.2531909942627,0.0003,0.0075189206,103.90657043457031,-1.3311928153038024,-0.016419388982467354,0.0015625,0.9298540353775024,16260,0.3
28,1045,6,200.0,7168,2881.8285714285716,209.1768711090088,0.0003,0.004522251,40.057106018066406,-1.2988875567913056,-0.0015758012887090445,0.00234375,0.9152513742446899,16270,0.3
29,1045,7,200.0,7424,2904.054054054054,277.1868534088135,0.0003,0.0002916851,68.11091613769531,-1.3217422485351562,0.00021392605267465115,0.0,0.9105048775672913,16280,0.3
30,1043,7,200.0,7680,2895.2894736842104,437.48680839538576,0.0003,0.018869802,306.3594055175781,-1.3216852068901062,-0.007964104739949107,0.021484375,0.8592485189437866,16290,0.3
31,1043,7,200.0,7936,2904.8205128205127,148.19713401794434,0.0003,0.0020936283,44.41880416870117,-1.3177124738693238,0.0017288277391344308,0.005078125,0.9519506692886353,16300,0.3
32,1042,7,200.0,8192,2913.875,348.2551078796387,0.0003,0.020525003,173.19329833984375,-1.3580815732479095,-0.016596506955102085,0.05390625,0.8920629024505615,16310,0.3
33,1042,8,200.0,8448,2891.214285714286,438.4527923583984,0.0003,0.006005946,155.0623016357422,-1.381644070148468,-0.009606876340694726,0.0046875,0.8978573083877563,16320,0.3
34,1043,8,200.0,8704,2900.4651162790697,541.3248748779297,0.0003,0.0010526176,224.21583557128906,-1.3561039388179779,-0.0036499504931271076,0.0,0.8251063227653503,16330,0.3
35,1042,8,200.0,8960,2914.181818181818,370.22802810668946,0.0003,0.006288752,158.12625122070312,-1.3520991444587707,-0.007363034202717245,0.0046875,0.8781263828277588,16340,0.3
36,1041,8,200.0,9216,2930.4565217391305,80.40628581047058,0.0003,0.033296347,6.665375709533691,-1.303570318222046,-0.01403044112958014,0.0828125,0.9744312167167664,16350,0.3
37,1042,9,200.0,9472,2942.68085106383,500.0172180175781,0.0003,0.0066383844,238.58413696289062,-1.3171040832996368,-0.014009508583694697,0.002734375,0.8670198321342468,16360,0.3
38,1042,9,200.0,9728,2949.875,132.61321182250975,0.0003,0.009255141,27.891036987304688,-1.265225636959076,-0.013198243500664831,0.014453125,0.9562012553215027,16370,0.3
39,1042,9,200.0,9984,2961.2448979591836,112.92585163116455,0.0003,0.025898024,44.958377838134766,-1.2709316432476043,-0.010562376969028264,0.02890625,0.9628669023513794,16380,0.3
40,1042,9,200.0,10240,2973.7843137254904,241.93972473144532,0.0003,0.013171633,53.68348693847656,-1.2674783706665038,-0.005283783469349146,0.015625,0.9272474050521851,16390,0.3
1,1320,0,200.0,256,3560.0,112.54219436645508,0.0003,0.029124264,30.69534683227539,-1.2909562170505524,-0.013926089275628328,0.075,0.9641975164413452,16400,0.3
2,1170,0,200.0,512,3555.0,111.72707376480102,0.0003,0.017301079,58.91392135620117,-0.5375380620360375,-0.013000795943662524,0.039453125,0.9623074531555176,16410,0.3
3,1130,0,200.0,768,3396.6666666666665,493.6161743164063,0.0003,0.014928789,231.7940673828125,-0.6264604300260543,-0.016591694205999374,0.05,0.8677471876144409,16420,0.3
4,1115,0,200.0,1024,3462.0,113.59253253936768,0.0003,0.015445331,45.26206588745117,-0.5049591913819313,-0.017255592485889794,0.039453125,0.9645920395851135,16430,0.3
5,1092,1,200.0,1280,3441.6666666666665,251.4649803161621,0.0003,0.0061039315,130.0059051513672,-0.5107059255242348,-0.009963443595916032,0.012890625,0.9288651347160339,16440,0.3
6,1087,1,200.0,1536,3455.714285714286,221.15415420532227,0.0003,0.00880382,112.82604217529297,-0.4644368261098862,-0.005513562075793743,0.042578125,0.9316225647926331,16450,0.3
7,1078,1,200.0,1792,3466.25,90.40691089630127,0.0003,0.014831605,48.311912536621094,-0.47944162487983705,-0.004248219449073077,0.0171875,0.9708734750747681,16460,0.3
8,1075,1,200.0,2048,3481.0,67.93020114898681,0.0003,0.05640235,20.691858291625977,-0.5876356065273285,-0.014527090219780802,0.097265625,0.9765878319740295,16470,0.3
9,1070,2,200.0,2304,3486.3636363636365,46.772752618789674,0.0003,0.0107105,21.95003318786621,-0.5542651057243347,-0.014609280484728515,0.06953125,0.984353244304657,16480,0.3
10,1068,2,200.0,2560,3454.1666666666665,146.44599418640138,0.0003,0.01824719,65.39971923828125,-0.5293098464608192,-0.012174526113085449,0.04453125,0.9526953101158142,16490,0.3
11,1066,2,200.0,2816,3466.4285714285716,217.10008850097657,0.0003,0.016505988,31.417264938354492,-0.5623801529407502,-0.006410224898718298,0.046875,0.9325932860374451,16500,0.3
12,1064,2,200.0,3072,3471.3333333333335,114.03071327209473,0.0003,0.009221848,67.93954467773438,-0.5280075907707215,-0.010012906161136925,0.050390625,0.9617723822593689,16510,0.3
13,1064,3,200.0,3328,3475.625,57.542700576782224,0.0003,0.040367175,33.77147674560547,-0.5737433969974518,-0.010285326512530446,0.1078125,0.9813859462738037,16520,0.3
14,1062,3,200.0,3584,3454.1176470588234,72.27526245117187,0.0003,0.032221913,30.53868293762207,-0.6036269962787628,-0.020828054938465356,0.171875,0.9775371551513672,16530,0.3
15,1062,3,200.0,3840,3450.5263157894738,585.2004623413086,0.0003,0.004551306,221.8913116455078,-0.6075871467590332,0.005571333318948745,0.00859375,0.7736498117446899,16540,0.3
16,1061,3,200.0,4096,3445.0,394.32403869628905,0.0003,0.011541139,195.93714904785156,-0.6116580337285995,-0.011329134402330965,0.059375,0.8743793368339539,16550,0.3
17,1061,4,200.0,4352,3440.0,175.10071449279786,0.0003,0.021779483,34.93191146850586,-0.6490596145391464,-0.01351913025137037,0.078125,0.9463155269622803,16560,0.3
18,1059,4,200.0,4608,3448.695652173913,262.20077018737794,0.0003,0.006068414,146.36854553222656,-0.606309998035431,-0.008255003206431865,0.029296875,0.9169963002204895,16570,0.3
19,1058,4,200.0,4864,3444.1666666666665,109.90895404815674,0.0003,0.04913219,38.69014358520508,-0.6002366155385971,-0.019651270611211656,0.153125,0.9648563861846924,16580,0.3
20,1058,4,200.0,5120,3448.0,437.02579231262206,0.0003,0.009986984,317.38580322265625,-0.6425591930747032,-0.00535960765555501,0.016796875,0.8676948547363281,16590,0.3
21,1059,5,200.0,5376,3451.923076923077,55.21459589004517,0.0003,0.017812062,39.18875503540039,-0.6566601574420929,-0.008881554659456014,0.037890625,0.9822463989257812,16600,0.3
22,1057,5,200.0,5632,3375.3571428571427,856.7097732543946,0.0003,0.0071687647,434.05474853515625,-0.6992829859256744,-0.0008338518207892775,0.01171875,0.8394352793693542,16610,0.3
23,1056,5,200.0,5888,3381.0344827586205,1032.93829498291,0.0003,0.013715105,531.8265991210938,-0.6422929763793945,-0.014343989198096097,0.024609375,0.7276219725608826,16620,0.3
24,1057,5,200.0,6144,3386.6666666666665,112.61394367218017,0.0003,0.0011974345,43.54142379760742,-0.6410969257354736,-0.0014612783212214707,0.0,0.9424917697906494,16630,0.3
25,1057,6,200.0,6400,3389.375,85.13656377792358,0.0003,0.01418356,37.37754440307617,-0.6499152541160583,-0.015332957450300454,0.0421875,0.9729089140892029,16640,0.3
26,1057,6,200.0,6656,3386.6666666666665,641.0238418579102,0.0003,0.002647056,260.5867004394531,-0.6551144540309906,-0.002028813399374485,0.001953125,0.8006536960601807,16650,0.3
27,1057,6,200.0,6912,3391.176470588235,215.4981658935547,0.0003,0.0005359214,59.9007568359375,-0.667323300242424,-0.0031077796244062482,0.0,0.9274719953536987,16660,0.3
28,1057,6,200.0,7168,3395.4285714285716,44.54911603927612,0.0003,0.024289833,7.951197624206543,-0.6071064993739128,-0.011317811161279678,0.06640625,0.98577481508255,16670,0.3
29,1057,7,200.0,7424,3403.2432432432433,55.206159591674805,0.0003,0.010774929,23.952369689941406,-0.5855546146631241,-0.01229353048838675,0.034765625,0.9805403351783752,16680,0.3
30,1055,7,200.0,7680,3406.842105263158,142.79121055603028,0.0003,0.010693713,57.046783447265625,-0.6115813672542572,-0.011939201224595308,0.033203125,0.9569416046142578,16690,0.3
31,1056,7,200.0,7936,3410.25641025641,33.05859212875366,0.0003,0.020657808,20.00812530517578,-0.5429919138550758,-0.012757947575300932,0.06796875,0.9899359941482544,16700,0.3
32,1056,7,200.0,8192,3413.5,87.76318244934082,0.0003,0.02438435,51.92574691772461,-0.5331333592534065,-0.01078447385225445,0.03125,0.9671414494514465,16710,0.3
33,1056,7,200.0,8448,3419.5238095238096,77.30830354690552,0.0003,0.028944178,34.337257385253906,-0.53228460252285,-0.011534823710098863,0.046875,0.9742400050163269,16720,0.3
34,1055,8,200.0,8704,3417.6744186046512,36.789247035980225,0.0003,0.05007504,17.78451919555664,-0.457983623445034,-0.01868579229339957,0.082421875,0.9872623085975647,16730,0.3
35,1056,8,200.0,8960,3420.4545454545455,313.6258363723755,0.0003,0.028231848,90.70508575439453,-0.5726406186819076,-0.003789971023797989,0.049609375,0.9056655168533325,16740,0.3
36,1056,8,200.0,9216,3425.6521739130435,75.69625320434571,0.0003,0.025957406,36.211692810058594,-0.5825527906417847,-0.013698739185929298,0.095703125,0.9761062860488892,16750,0.3
37,1055,8,200.0,9472,3347.2340425531916,287.56666870117186,0.0003,0.015654698,221.2419891357422,-0.6632906496524811,-0.017208809731528163,0.053515625,0.9146775007247925,16760,0.3
38,1054,9,200.0,9728,3337.0833333333335,2690.781204223633,0.0003,0.0050595626,446.79718017578125,-0.7018231838941574,0.0029208198422566055,0.004296875,-0.16041815280914307,16770,0.3
39,1052,9,200.0,9984,3336.326530612245,1245.2932815551758,0.0003,4.2293686e-05,182.447509765625,-0.6388048559427262,-0.0003846737090498209,0.0,0.5494452714920044,16780,0.3
40,1052,9,200.0,10240,3335.6862745098038,446.52743606567384,0.0003,0.0049116705,116.21797180175781,-0.6490260273218155,-0.006908376817591488,0.007421875,0.8464025259017944,16790,0.3
1,1347,0,200.0,256,375.0,395.8091697692871,0.0003,0.0045714024,137.57371520996094,-0.6076211333274841,-0.00805589947849512,0.007421875,0.8739809989929199,16800,0.3
2,1190,0,200.0,512,1722.0,330.6752799987793,0.0003,0.0033191468,73.46148681640625,-1.3718727290630341,0.0007402440998703242,0.0,0.9398844242095947,16410,0.3
3,1139,0,200.0,768,2251.6666666666665,421.7225761413574,0.0003,0.006459582,156.0616455078125,-1.2894840359687805,-0.009755914611741901,0.012109375,0.8781944513320923,16420,0.3
4,1108,0,200.0,1024,2713.6,292.0934608459473,0.0003,0.0039624516,47.64757537841797,-1.2906783044338226,-0.006499428628012538,0.001171875,0.895498514175415,16430,0.3
5,1096,1,200.0,1280,2849.0,232.73886947631837,0.0003,0.016498316,122.70563507080078,-1.30334330201149,-0.01319820440839976,0.01875,0.9296143054962158,16440,0.3
6,1087,1,200.0,1536,2942.4285714285716,109.0392234802246,0.0003,0.022500958,73.59300231933594,-1.3716739058494567,-0.018203693581745027,0.054296875,0.9672472476959229,16450,0.3
7,1081,1,200.0,1792,3013.0,72.21007852554321,0.0003,0.041120443,55.209999084472656,-1.3614650785923004,-0.023519744141958655,0.143359375,0.9773687720298767,16460,0.3
8,1080,1,200.0,2048,3087.2,147.8932735443115,0.0003,0.032072857,77.82811737060547,-1.423340344429016,-0.008082196023315192,0.087109375,0.9508248567581177,16470,0.3
9,1079,2,200.0,2304,3125.181818181818,81.59267921447754,0.0003,0.044930294,49.0464973449707,-1.4352912306785583,-0.02836931108031422,0.111328125,0.9740977883338928,16480,0.3
10,1068,2,200.0,2560,3056.25,24.761264991760253,0.0003,0.043596715,12.378721237182617,-1.461903440952301,-0.02438562992028892,0.142578125,0.9918521642684937,16490,0.3
11,1068,2,200.0,2816,3103.0714285714284,264.1780517578125,0.0003,0.0059885997,88.18861389160156,-1.4144985795021057,0.00375585884321481,0.0140625,0.9484513998031616,16500,0.3
12,1067,2,200.0,3072,3114.266666666667,112.97855720520019,0.0003,0.013597088,46.705204010009766,-1.3659052789211272,-0.012373194750398397,0.026171875,0.9636579751968384,16510,0.3
13,1061,3,200.0,3328,3002.0,201.38044700622558,0.0003,0.040689252,99.52017974853516,-1.3719602227210999,-0.026525762164965272,0.09140625,0.9438835382461548,16520,0.3
14,1061,3,200.0,3584,3017.5882352941176,737.7841430664063,0.0003,0.0032002202,139.0443115234375,-1.3194627642631531,0.0046053632162511345,0.005859375,0.8506795167922974,16530,0.3
15,1062,3,200.0,3840,3045.5263157894738,134.82206649780272,0.0003,0.00824975,69.27518463134766,-1.290054166316986,-0.008337829378433526,0.002734375,0.951874315738678,16540,0.3
16,1061,3,200.0,4096,3068.6,219.21320400238037,0.0003,0.054851614,135.0130615234375,-1.2292551934719085,-0.025913953711278737,0.140234375,0.9322010278701782,16550,0.3
17,1059,4,200.0,4352,3089.7619047619046,78.60412788391113,0.0003,0.018557502,48.37273406982422,-1.37563955783844,-0.009125711466185748,0.028125,0.9742623567581177,16560,0.3
18,1059,4,200.0,4608,3105.3478260869565,197.29706726074218,0.0003,0.010522323,99.4642105102539,-1.4025780141353608,-0.008788080629892647,0.015234375,0.9477781057357788,16570,0.3
19,1056,4,200.0,4864,3122.1666666666665,62.69382553100586,0.0003,0.013393221,23.223590850830078,-1.3812562704086304,-0.006699738744646311,0.015625,0.9737436175346375,16580,0.3
20,1054,4,200.0,5120,3137.76,28.16956286430359,0.0003,0.0396,15.898265838623047,-1.4674928665161133,-0.0342513999901712,0.151171875,0.9900222420692444,16590,0.3
21,1053,5,200.0,5376,3135.0384615384614,207.86749572753905,0.0003,0.04233014,126.73210906982422,-1.3715520918369293,-0.008342553093098105,0.082421875,0.9349905252456665,16600,0.3
22,1051,5,200.0,5632,3069.3928571428573,446.6796051025391,0.0003,0.016224727,203.86068725585938,-1.3490651309490205,-0.014663125132210552,0.02109375,0.8747991919517517,16610,0.3
23,1050,5,200.0,5888,3084.448275862069,524.1873977661132,0.0003,0.0007549452,272.07806396484375,-0.747376337647438,-0.00017637868877500295,0.0,0.8938179612159729,16620,0.3
24,1050,5,200.0,6144,3042.866666666667,72.1216552734375,0.0003,0.009515606,15.465447425842285,-1.345027709007263,-0.00998042682185769,0.01484375,0.9748273491859436,16630,0.3
25,1049,6,200.0,6400,3072.125,138.01922416687012,0.0003,0.01140302,34.68082809448242,-1.1591746091842652,-0.004615980805829168,0.011328125,0.9638957381248474,16640,0.3
26,1050,6,200.0,6656,3034.6363636363635,119.01158409118652,0.0003,0.02174309,82.96432495117188,-1.3238274037837983,-0.014531682850793004,0.0609375,0.96323162317276,16650,0.3
27,1049,6,200.0,6912,3048.5882352941176,84.03597679138184,0.0003,0.016840968,40.55685043334961,-1.0554078966379166,-0.009396331757307053,0.03828125,0.9827167391777039,16660,0.3
28,1049,6,200.0,7168,3035.457142857143,65.37468166351319,0.0003,0.039692968,26.42378807067871,-1.277722328901291,-0.01929437364451587,0.094921875,0.9785706400871277,16670,0.3
29,1050,7,200.0,7424,3061.2702702702704,686.1856689453125,0.0003,0.006700492,445.7977294921875,-1.2067037284374238,0.0030026367749087512,0.00703125,0.8385917544364929,16680,0.3
30,1049,7,200.0,7680,3073.4736842105262,156.33991355895995,0.0003,0.008817572,56.57155227661133,-1.2101212203502656,-0.007010995456948876,0.00625,0.9453690648078918,16690,0.3
31,1049,7,200.0,7936,3084.5128205128203,124.60634155273438,0.0003,0.037933137,71.37178802490234,-1.146161675453186,-0.02840176303870976,0.12890625,0.960721492767334,16700,0.3
32,1049,7,200.0,8192,3029.425,279.01089515686033,0.0003,0.006484327,60.71131134033203,-1.0470554172992705,0.014195450209081173,0.028515625,0.9193729758262634,16710,0.3
33,1049,8,200.0,8448,3052.1666666666665,24.758645391464235,0.0003,0.0050875847,6.634111404418945,-1.0027310520410537,-0.003683399013243616,0.003125,0.9929633140563965,16720,0.3
34,1048,8,200.0,8704,2990.7441860465115,221.36357498168945,0.0003,0.001749672,121.04983520507812,-1.1162766814231873,-0.0024717363994568586,0.0,0.9392446279525757,16730,0.3
35,1048,8,200.0,8960,3002.4772727272725,104.74438915252685,0.0003,0.002780845,18.67757225036621,-0.7130844563245773,-0.004818795644678175,0.00234375,0.9644066095352173,16740,0.3
36,1048,8,200.0,9216,3024.3260869565215,48.83784580230713,0.0003,0.03897046,34.896114349365234,-1.1864790260791778,-0.015470286482013762,0.0578125,0.9838114380836487,16750,0.3
37,1047,9,200.0,9472,3034.6382978723404,94.42372856140136,0.0003,0.043809008,43.14094543457031,-1.2674912095069886,-0.020225561736151577,0.09140625,0.9706413149833679,16760,0.3
38,1047,9,200.0,9728,3044.5208333333335,34.33644323348999,0.0003,0.04961448,11.978398323059082,-1.2231487929821014,-0.016043705772608517,0.12109375,0.9889753460884094,16770,0.3
39,1047,9,200.0,9984,3053.9591836734694,54.43437247276306,0.0003,0.04950293,44.93272399902344,-1.1864940345287323,-0.030025863833725453,0.15,0.9825989007949829,16780,0.3
40,1048,9,200.0,10240,3067.549019607843,81.17402839660645,0.0003,0.02505543,32.92428207397461,-1.370505118370056,-0.015527280559763313,0.133203125,0.974158525466919,16790,0.3
1,1259,0,200.0,256,1380.0,174.5832405090332,0.0003,0.022953797,85.4132308959961,-1.2777379989624023,-0.014430500473827124,0.087890625,0.9457085132598877,16800,0.3
2,1158,0,200.0,512,780.0,446.1093879699707,0.0003,0.0010455654,119.30206298828125,-0.6391761690378189,-0.0032861965941265226,0.0,0.9005541801452637,16810,0.3
3,1104,0,200.0,768,820.0,215.91746978759767,0.0003,0.0006465758,51.128639221191406,-0.45257274657487867,-0.002912075584754348,0.0,0.9016963243484497,16820,0.3
4,1088,0,200.0,1024,1526.0,148.09861965179442,0.0003,0.008500868,15.631814002990723,-0.627833491563797,-0.0037191334879025815,0.018359375,0.967545747756958,16830,0.3
5,1076,1,200.0,1280,1821.6666666666667,520.2191947937011,0.0003,0.0028488839,105.87104034423828,-0.5199013203382492,-0.005723434058018029,0.0046875,0.896110475063324,16840,0.3
6,1065,1,200.0,1536,2004.2857142857142,260.1962013244629,0.0003,0.0017505989,151.98724365234375,-0.588941290974617,-0.005097499024122954,0.001953125,0.9205675721168518,16850,0.3
7,1061,1,200.0,1792,1866.25,573.6596145629883,0.0003,0.002983542,163.01121520996094,-0.6388239890336991,-0.002495749155059457,0.004296875,0.8841224312782288,16860,0.3
8,1061,1,200.0,2048,2177.0,230.75838661193848,0.0003,0.0010929443,47.695308685302734,-0.505702693760395,-0.0035999393556267025,0.001953125,0.9492807388305664,16870,0.3
9,1059,2,200.0,2304,2300.909090909091,106.88504276275634,0.0003,0.005742267,18.911741256713867,-0.5697357952594757,-0.005942493584007025,0.0078125,0.9636243581771851,16880,0.3
10,1058,2,200.0,2560,2404.1666666666665,36.96004314422608,0.0003,0.021176813,17.84197235107422,-0.5699773013591767,-0.01862389943562448,0.046484375,0.9869126081466675,16890,0.3
11,1053,2,200.0,2816,2566.4285714285716,35.6188663482666,0.0003,0.0134306755,21.176353454589844,-0.5981954962015152,-0.0022072335123084486,0.008984375,0.988747775554657,16900,0.3
12,1054,2,200.0,3072,2618.0,120.65683250427246,0.0003,0.027184393,48.16529846191406,-0.6540136575698853,-0.014888348407112062,0.05703125,0.9626856446266174,16910,0.3
13,1052,3,200.0,3328,2496.875,284.5855026245117,0.0003,0.005787102,81.43323516845703,-0.6042700290679932,-0.004912679037079215,0.01171875,0.9238789081573486,16920,0.3
14,1050,3,200.0,3584,2546.470588235294,32.987843894958495,0.0003,0.024102539,9.463421821594238,-0.4106841742992401,-0.014885748433880509,0.06796875,0.991411030292511,16930,0.3
15,1048,3,200.0,3840,2638.9473684210525,572.976936340332,0.0003,0.0101132225,390.8229675292969,-0.5607114732265472,-0.00805998658761382,0.0234375,0.8171852827072144,16940,0.3
16,1047,3,200.0,4096,2684.0,134.56790618896486,0.0003,0.01680798,71.50125122070312,-0.6113579273223877,-0.010705886734649539,0.036328125,0.9587225914001465,16950,0.3
17,1046,4,200.0,4352,2724.7619047619046,82.79817867279053,0.0003,0.026464999,28.664567947387695,-0.6452092081308365,-0.017792989034205675,0.055078125,0.9731917977333069,16960,0.3
18,1047,4,200.0,4608,2795.6521739130435,45.83707075119018,0.0003,0.00989575,20.41539764404297,-0.6354589134454727,-0.006075100833550095,0.01953125,0.9845558404922485,16970,0.3
19,1043,4,200.0,4864,2826.6666666666665,43.178040504455566,0.0003,0.02185984,23.42279624938965,-0.6249092072248459,-0.012926826695911586,0.10625,0.9851834177970886,16980,0.3
20,1044,4,200.0,5120,2847.2,97.8412603378296,0.0003,0.019790893,34.60838317871094,-0.6493315428495408,-0.012106467271223664,0.037890625,0.9651843309402466,16990,0.3
21,1045,5,200.0,5376,2847.6923076923076,1009.9147155761718,0.0003,0.0034458025,522.2540893554688,-0.7516617506742478,-0.005962374061346054,0.0,0.7614307999610901,17000,0.3
22,1044,5,200.0,5632,2890.0,288.475359916687,0.0003,0.02263726,112.45022583007812,-0.6880060315132142,-0.014350016321986913,0.048046875,0.9082911014556885,17010,0.3
23,1042,5,200.0,5888,2912.7586206896553,479.1970161437988,0.0003,0.009611774,139.95677185058594,-0.6444168627262116,-0.007789640664122998,0.026953125,0.8564706444740295,17020,0.3
24,1041,5,200.0,6144,2917.6666666666665,57.91621723175049,0.0003,0.014913289,27.364675521850586,-0.6133333772420884,-0.009360331506468356,0.029296875,0.9785692691802979,17030,0.3
25,1043,6,200.0,6400,2957.1875,636.8666839599609,0.0003,0.0008863304,240.70132446289062,-0.6065897077322007,-0.0016356887063011527,0.0,0.7598244547843933,17040,0.3
26,1044,6,200.0,6656,2974.848484848485,106.1731517791748,0.0003,0.007850669,19.998384475708008,-0.5824287593364715,-0.002864736574701965,0.009765625,0.9451854228973389,17050,0.3
27,1042,6,200.0,6912,2991.470588235294,74.88626708984376,0.0003,0.024447843,24.14984130859375,-0.6178998917341232,-0.016324316314421595,0.054296875,0.9749873876571655,17060,0.3
28,1043,6,200.0,7168,2979.714285714286,2433.613690185547,0.0003,0.002687129,469.5873718261719,-0.602788656949997,-0.002178474981337786,0.0015625,0.2285161018371582,17070,0.3
29,1043,7,200.0,7424,3003.5135135135133,182.83465003967285,0.0003,0.0072344434,80.45075225830078,-0.6787302136421204,-0.009706315910443663,0.00390625,0.9505535960197449,17080,0.3
30,1043,7,200.0,7680,3011.315789473684,100.89762496948242,0.0003,0.022465108,55.301971435546875,-0.6092132210731507,-0.01892075384967029,0.062890625,0.9668576717376709,17090,0.3
31,1042,7,200.0,7936,3019.230769230769,376.6618453979492,0.0003,0.022021271,241.63992309570312,-0.6245125144720077,-0.008510354673489928,0.0296875,0.8701658248901367,17100,0.3
32,1041,7,200.0,8192,3032.5,310.0752899169922,0.0003,0.0023448328,130.16941833496094,-0.6301715701818467,-0.0067356386687606575,0.011328125,0.9058341979980469,17110,0.3
33,1043,8,200.0,8448,3056.6666666666665,88.13940267562866,0.0003,0.010336273,50.93838119506836,-0.6330202549695969,-0.010367076727561653,0.026171875,0.971388578414917,17120,0.3
34,1042,8,200.0,8704,3062.7906976744184,78.78612251281739,0.0003,0.020208873,36.78636169433594,-0.6008735656738281,-0.012342694611288608,0.031640625,0.9736282825469971,17130,0.3
35,1042,8,200.0,8960,3073.6363636363635,226.27558555603028,0.0003,0.004261791,111.82426452636719,-0.567813616991043,-0.005765923333819955,0.012890625,0.9289606809616089,17140,0.3
36,1040,8,200.0,9216,3093.913043478261,53.98061552047729,0.0003,0.025772596,26.198762893676758,-0.5854035452008247,-0.014644817868247628,0.073828125,0.9826938509941101,17150,0.3
37,1041,9,200.0,9472,3103.404255319149,66.33300476074218,0.0003,0.021584397,46.569820404052734,-0.5858048006892205,-0.017608600575476883,0.0875,0.9788423180580139,17160,0.3
38,1038,9,200.0,9728,3112.5,50.00376393795013,0.0003,0.056430828,32.52324295043945,-0.6253153413534165,-0.011382181756198406,0.12578125,0.9842596054077148,17170,0.3
39,1038,9,200.0,9984,3117.1428571428573,28.864352798461915,0.0003,0.041919313,11.930021286010742,-0.5887764796614647,-0.02514718547463417,0.1078125,0.9902855753898621,17180,0.3
40,1039,9,200.0,10240,3129.8039215686276,333.44588737487794,0.0003,0.015652936,137.9421844482422,-0.5711371332406998,-0.015961561305448412,0.068359375,0.8978176116943359,17190,0.3
1,1372,0,200.0,256,3525.0,239.3122417449951,0.0003,0.024655415,152.9655303955078,-0.5303688868880272,-0.006626174598932266,0.082421875,0.9275801181793213,17200,0.3
2,1197,0,200.0,512,3513.0,98.96877269744873,0.0003,0.04296638,39.31764221191406,-1.3659369468688964,-0.015107953851111234,0.135546875,0.968917965888977,16810,0.3
3,1163,0,200.0,768,3509.0,146.33072662353516,0.0003,0.0044828104,57.431514739990234,-1.4015457570552825,-0.0029510808642953636,0.007421875,0.9435571432113647,16820,0.3
4,1123,0,200.0,1024,3508.0,21.913423347473145,0.0003,0.10652685,10.256258010864258,-1.2411190450191498,-0.029960670927539467,0.23828125,0.992418646812439,16830,0.3
5,1118,1,200.0,1280,3511.0,49.13502426147461,0.0003,0.03202635,18.1134033203125,-1.2420114278793335,-0.013631380582228302,0.088671875,0.9829157590866089,16840,0.3
6,1101,1,200.0,1536,3509.285714285714,100.193141746521,0.0003,0.025904,76.66738891601562,-1.2064455568790435,-0.019645721465349198,0.087109375,0.9692370891571045,16850,0.3
7,1093,1,200.0,1792,3509.0,69.59601612091065,0.0003,0.025374882,15.02983283996582,-1.3622803568840027,-0.010442266194149851,0.085546875,0.9751158952713013,16860,0.3
8,1088,1,200.0,2048,3510.5,68.19682579040527,0.0003,0.048491903,47.449974060058594,-1.302864521741867,-0.033635673485696314,0.16640625,0.9784314036369324,16870,0.3
9,1085,2,200.0,2304,3511.909090909091,125.10705184936523,0.0003,0.050685674,100.77391052246094,-1.3265221118927002,-0.018763298529665916,0.119140625,0.9605745077133179,16880,0.3
10,1082,2,200.0,2560,3511.1666666666665,105.54281635284424,0.0003,0.018907273,40.1806755065918,-1.3460987269878388,-0.016239160974510013,0.036328125,0.9669501185417175,16890,0.3
11,1083,2,200.0,2816,3511.1428571428573,71.99823217391967,0.0003,0.039742626,17.088970184326172,-1.2979699671268463,-0.0164948052726686,0.088671875,0.9770436882972717,16900,0.3
12,1082,2,200.0,3072,3510.733333333333,122.48064308166504,0.0003,0.014409745,52.828086853027344,-1.3359265565872191,-0.013073617173358799,0.019140625,0.960965096950531,16910,0.3
13,1083,3,200.0,3328,3497.875,50.15630187988281,0.0003,0.0154993,27.216157913208008,-1.3562083959579467,-0.010303602379281074,0.020703125,0.9846348762512207,16920,0.3
14,1083,3,200.0,3584,3498.9411764705883,337.7670654296875,0.0003,0.020110153,177.77011108398438,-1.3386727929115296,-0.016548095783218742,0.048828125,0.8961771726608276,16930,0.3
15,1082,3,200.0,3840,3499.8947368421054,112.69176120758057,0.0003,0.023919113,91.21142578125,-1.3233337998390198,-0.015407652198337018,0.05234375,0.9637521505355835,16940,0.3
16,1078,3,200.0,4096,3499.95,106.81196823120118,0.0003,0.05199775,62.41461181640625,-1.3599168002605437,-0.026534812152385713,0.15859375,0.9677162766456604,16950,0.3
17,1079,4,200.0,4352,3500.1428571428573,46.989040756225585,0.0003,0.044755097,21.65506362915039,-1.3376111090183258,-0.03150002965703606,0.1640625,0.9841476082801819,16960,0.3
18,1075,4,200.0,4608,3460.8260869565215,59.319377994537355,0.0003,0.012258703,24.51304054260254,-1.3205640256404876,-0.00787451579235494,0.01953125,0.9813907742500305,16970,0.3
19,1074,4,200.0,4864,3463.5416666666665,538.2812408447265,0.0003,0.0037627078,76.68687438964844,-1.2115587532520293,-0.0016464650398120284,0.0,0.806361198425293,16980,0.3
20,1072,4,200.0,5120,3464.96,102.24613075256347,0.0003,0.0140283825,16.178131103515625,-1.3534890472888947,-0.007283790817018599,0.0171875,0.9692022800445557,16990,0.3
21,1072,5,200.0,5376,3458.576923076923,38.88142700195313,0.0003,0.049211003,12.454140663146973,-1.2832415521144866,-0.031061097560450435,0.12734375,0.9870190024375916,17000,0.3
22,1072,5,200.0,5632,3462.1785714285716,459.2522045135498,0.0003,0.046139985,179.77249145507812,-1.3740729987621307,-0.023635174334049224,0.12421875,0.8708194494247437,17010,0.3
23,1069,5,200.0,5888,3448.8275862068967,63.75880327224731,0.0003,0.020656627,27.239770889282227,-1.405214899778366,-0.01973994404543191,0.040234375,0.9787853360176086,17020,0.3
24,1072,5,200.0,6144,3427.233333333333,493.46561431884766,0.0003,0.00791084,210.70709228515625,-1.3886359632015228,-0.008160736644640565,0.006640625,0.865147054195404,17030,0.3
25,1069,5,200.0,6400,3424.53125,256.6680137634277,0.0003,0.004373231,90.99158477783203,-1.2692314445972444,-0.006706454372033477,0.002734375,0.930436909198761,17040,0.3
26,1064,6,200.0,6656,3421.030303030303,383.91240310668945,0.0003,0.0020540669,175.0438995361328,-1.3208721578121185,-0.00656840861774981,0.000390625,0.8664457201957703,17050,0.3
27,1066,6,200.0,6912,3416.5,432.75038681030276,0.0003,0.002887546,202.2993621826172,-1.3294864058494569,-0.005662056058645249,0.001171875,0.8676199316978455,17060,0.3
28,1062,6,200.0,7168,3413.542857142857,72.62397575378418,0.0003,0.0026364194,29.509958267211914,-1.2676543772220612,-0.0028157716849818827,0.0,0.9682326912879944,17070,0.3
29,1060,7,200.0,7424,3419.027027027027,302.93014602661134,0.0003,0.009736177,57.96937942504883,-1.315504938364029,-0.006875477638095618,0.007421875,0.9027286171913147,17080,0.3
30,1061,7,200.0,7680,3421.842105263158,158.84464645385742,0.0003,0.012391363,109.53591918945312,-1.3010432958602904,-0.008861615206114948,0.012890625,0.9468823075294495,17090,0.3
31,1059,7,200.0,7936,3424.4871794871797,102.26067733764648,0.0003,0.01945028,72.56414794921875,-1.3384399235248565,-0.020599352102726697,0.04609375,0.9682192802429199,17100,0.3
32,1058,7,200.0,8192,3426.6,114.63174571990967,0.0003,0.044324428,80.68926239013672,-1.2900956273078918,-0.019403185276314617,0.115234375,0.9646499752998352,17110,0.3
33,1060,7,200.0,8448,3430.4285714285716,45.18628406524658,0.0003,0.030261131,18.444578170776367,-1.3878539562225343,-0.018721624556928874,0.05625,0.9849758744239807,17120,0.3
34,1059,8,200.0,8704,3422.0232558139537,99.94136772155761,0.0003,0.009861017,55.5881462097168,-1.374520444869995,-0.00998153379186988,0.00859375,0.9668368697166443,17130,0.3
35,1057,8,200.0,8960,3424.181818181818,534.1251457214355,0.0003,0.0046880343,114.37688446044922,-1.3358146846294403,-0.007086356659419835,0.00078125,0.8575158715248108,17140,0.3
36,1056,8,200.0,9216,3427.804347826087,99.00347023010254,0.0003,0.013026884,59.42325210571289,-1.376979899406433,-0.008193927560932934,0.015234375,0.9630714654922485,17150,0.3
37,1055,8,200.0,9472,3425.191489361702,109.26518421173095,0.0003,0.031056352,68.73326873779297,-1.4018961191177368,-0.019562859926372765,0.068359375,0.9656324982643127,17160,0.3
38,1056,9,200.0,9728,3397.0208333333335,230.94562492370605,0.0003,0.042262107,60.6544075012207,-1.4469821333885193,-0.018816817039623856,0.069921875,0.929736316204071,17170,0.3
39,1058,9,200.0,9984,3399.265306122449,53.764996719360354,0.0003,0.0030734777,15.979531288146973,-1.1749435782432556,-0.0012112246942706407,0.003515625,0.9828329086303711,17180,0.3
40,1057,9,200.0,10240,3381.7450980392155,99.16766004562378,0.0003,0.020677747,62.764217376708984,-1.4231329619884492,-0.015791230415925384,0.03359375,0.9677620530128479,17190,0.3
1,1329,0,200.0,256,3340.0,788.1538833618164,0.0003,0.004112591,467.54736328125,-1.4110514283180238,-0.00568743641488254,0.0,0.8132839798927307,17200,0.3
2,1172,0,200.0,512,3440.0,222.09643573760985,0.0003,0.017345749,50.85175323486328,-0.5340606942772865,-0.004194810474291444,0.037890625,0.9296087622642517,17210,0.3
3,1114,0,200.0,768,3313.3333333333335,800.0300552368165,0.0003,0.0028117818,204.4940643310547,-0.5279796287417412,-0.00426944341743365,0.000390625,0.6163537502288818,17220,0.3
4,1111,0,200.0,1024,3360.0,310.1244663238525,0.0003,0.0007284109,94.88504791259766,-0.4973464787006378,0.000477730599232018,0.0,0.89145827293396,17230,0.3
5,1078,1,200.0,1280,3390.0,148.35762310028076,0.0003,0.029657237,51.31254577636719,-0.5337832942605019,-0.010359706124290824,0.040625,0.9532722234725952,17240,0.3
6,1083,1,200.0,1536,3411.4285714285716,75.08270320892333,0.0003,0.03457714,20.340620040893555,-0.5774504393339157,-0.01232804087921977,0.087109375,0.9767637252807617,17250,0.3
7,1081,1,200.0,1792,3397.5,197.7124885559082,0.0003,0.0037875671,61.361915588378906,-0.5881062090396881,0.0010077136917971074,0.020703125,0.9282838702201843,17260,0.3
8,1084,1,200.0,2048,3238.0,410.03103790283205,0.0003,0.0034722586,151.94544982910156,-0.6122504949569703,-0.0035101414192467927,0.000390625,0.8674448728561401,17270,0.3
9,1077,2,200.0,2304,3245.4545454545455,1568.9825134277344,0.0003,0.00031303638,530.9024658203125,-0.5699089229106903,0.0006428851978853345,0.0,0.6026787757873535,17280,0.3
10,1071,2,200.0,2560,3233.3333333333335,477.4466857910156,0.0003,0.0004579567,140.45074462890625,-0.6175523698329926,-0.0009321002406068146,0.0,0.7618830800056458,17290,0.3
11,1072,2,200.0,2816,3248.5714285714284,545.2719108581543,0.0003,0.015250964,386.7457275390625,-0.6375604927539825,-0.008856968046166003,0.0265625,0.8409059047698975,17300,0.3
12,1075,2,200.0,3072,3254.6666666666665,433.47918701171875,0.0003,0.015325172,259.70098876953125,-0.5770912036299706,-0.007314963429234922,0.03984375,0.870703399181366,17310,0.3
13,1070,3,200.0,3328,3185.0,1235.179116821289,0.0003,0.001932224,290.6612548828125,-0.5953641444444656,-0.0017867119517177344,0.0,0.544430136680603,17320,0.3
14,1071,3,200.0,3584,3008.235294117647,993.368603515625,0.0003,1.2001023e-05,366.2774353027344,-0.3415841907262802,-7.41740659577772e-05,0.0,0.7652037143707275,17330,0.3
15,1074,3,200.0,3840,3028.4210526315787,483.8408203125,0.0003,0.0045100367,107.23157501220703,-0.43012224435806273,-0.00743079783860594,0.00859375,0.8846557140350342,17340,0.3
16,1071,3,200.0,4096,3044.0,349.0749450683594,0.0003,0.0027140635,127.59600830078125,-0.6208689838647843,-0.001965294638648629,0.001171875,0.8525151610374451,17350,0.3
17,1059,4,200.0,4352,3067.6190476190477,222.03201541900634,0.0003,0.01730926,105.07813262939453,-0.6253963947296143,-0.0048869956866838034,0.02734375,0.9330096244812012,17360,0.3
18,1061,4,200.0,4608,3091.304347826087,37.32449836730957,0.0003,0.06131631,14.719884872436523,-0.6073546051979065,-0.014295469643548131,0.068359375,0.9895776510238647,17370,0.3
19,1062,4,200.0,4864,3091.6666666666665,472.9076950073242,0.0003,0.009916959,279.3695983886719,-0.6426596730947495,-0.005933967931196093,0.0328125,0.8647074699401855,17380,0.3
20,1060,4,200.0,5120,3101.6,845.0633758544922,0.0003,0.008779194,385.53265380859375,-0.6442702502012253,-0.006249375641345978,0.0109375,0.7067282795906067,17390,0.3
21,1056,5,200.0,5376,3100.0,150.57874507904052,0.0003,0.028374234,112.61595916748047,-0.6140587806701661,-0.012224257038906217,0.06875,0.9545766711235046,17400,0.3
22,1054,5,200.0,5632,3106.0714285714284,732.2354171752929,0.0003,0.010269215,251.32737731933594,-0.6064451187849045,-0.004443246778100729,0.019140625,0.7556370496749878,17410,0.3
23,1056,5,200.0,5888,3112.7586206896553,751.4599304199219,0.0003,0.0018264549,318.6744689941406,-0.6251704037189484,-0.005647688894532621,0.002734375,0.7826986312866211,17420,0.3
24,1057,5,200.0,6144,3120.3333333333335,242.03897247314453,0.0003,0.004040668,125.02499389648438,-0.6815397948026657,-0.007460922421887517,0.0015625,0.9315847754478455,17430,0.3
25,1055,6,200.0,6400,3132.8125,318.41281032562256,0.0003,0.014076601,215.5270233154297,-0.6434052973985672,-0.009044584922958166,0.030859375,0.9046512842178345,17440,0.3
26,1053,6,200.0,6656,3145.151515151515,247.49733963012696,0.0003,0.055775158,117.65033721923828,-0.6726395219564438,-0.017696637148037552,0.105078125,0.9241127371788025,17450,0.3
27,1052,6,200.0,6912,3149.705882352941,101.53673973083497,0.0003,0.037224047,43.581214904785156,-0.6550392478704452,-0.028384719835594298,0.091796875,0.9674205780029297,17460,0.3
28,1052,6,200.0,7168,3154.0,563.3084274291992,0.0003,0.0036407297,196.1092987060547,-0.5869289755821228,-0.0017806578427553177,0.00078125,0.7964609861373901,17470,0.3
29,1050,7,200.0,7424,3175.135135135135,101.8908670425415,0.0003,0.004264118,23.487842559814453,-0.5696852207183838,-0.0036761726019904017,0.001953125,0.9732274413108826,17480,0.3
30,1051,7,200.0,7680,3184.7368421052633,98.9004388809204,0.0003,0.0128070805,51.46659469604492,-0.5221711158752441,-0.013087120011914522,0.030078125,0.9668892025947571,17490,0.3
31,1054,7,200.0,7936,3194.102564102564,26.391041326522828,0.0003,0.02884858,13.192805290222168,-0.5684508472681046,-0.013610532181337476,0.096875,0.9918240904808044,17500,0.3
32,1053,7,200.0,8192,3197.75,124.95165195465088,0.0003,0.03341215,47.892398834228516,-0.5452877253293991,-0.028001841623336077,0.069140625,0.9618711471557617,17510,0.3
33,1054,8,200.0,8448,3214.0476190476193,217.4477424621582,0.0003,0.016734308,88.3437271118164,-0.5597998589277268,-0.007910443027503789,0.04375,0.9333277940750122,17520,0.3
34,1053,8,200.0,8704,3211.3953488372094,155.82874145507813,0.0003,0.061340325,116.10184478759766,-0.5064889952540398,-0.023365929909050464,0.03125,0.9495231509208679,17530,0.3
35,1052,8,200.0,8960,3213.409090909091,561.6491958618165,0.0003,0.0044691656,254.4913330078125,-0.4755067825317383,-0.0011739809764549137,0.00390625,0.8349990844726562,17540,0.3
36,1051,8,200.0,9216,3218.913043478261,27.24522523880005,0.0003,0.01509135,11.434572219848633,-0.4694532796740532,-0.012741565238684416,0.078125,0.9899125099182129,17550,0.3
37,1051,9,200.0,9472,3221.4893617021276,517.402498626709,0.0003,0.009198336,113.68689727783203,-0.5046072334051133,0.0015899324091151357,0.016015625,0.8495868444442749,17560,0.3
38,1051,9,200.0,9728,3223.9583333333335,304.1440902709961,0.0003,0.0017783884,122.89025115966797,-0.5410624206066131,-0.003194046998396516,0.003515625,0.9040546417236328,17570,0.3
39,1051,9,200.0,9984,3188.5714285714284,238.22465629577636,0.0003,0.0075224875,170.62124633789062,-0.5430709227919579,-0.004664397798478603,0.0078125,0.9285964965820312,17580,0.3
40,1052,9,200.0,10240,3197.6470588235293,1383.803692626953,0.0003,0.0012243723,406.13140869140625,-0.4698145464062691,-0.0048775147530250255,0.0,0.7236126065254211,17590,0.3
1,1233,0,200.0,256,3509.0,562.6578338623046,0.0003,0.0008330087,258.7028503417969,-0.5009725406765938,-0.0017614171956665814,0.0,0.8509466648101807,17600,0.3
2,1150,0,200.0,512,3409.0,37.05078411102295,0.0003,0.0058925506,14.744457244873047,-1.4316430389881134,-0.011365286959335207,0.0046875,0.9878063201904297,17210,0.3
3,1109,0,200.0,768,3443.0,308.3442127227783,0.0003,0.037162606,172.48941040039062,-1.4789259314537049,-0.03021379834972322,0.0953125,0.9071550369262695,17220,0.3
4,1081,0,200.0,1024,3430.6,19.548769760131837,0.0003,0.038752984,4.182425022125244,-1.4872162401676179,-0.019672177196480334,0.084375,0.9941198825836182,17230,0.3
5,1082,1,200.0,1280,3444.3333333333335,265.67686996459963,0.0003,0.016357504,167.9069366455078,-1.4129042506217957,-0.015008598868735134,0.019921875,0.9168000817298889,17240,0.3
6,1083,1,200.0,1536,3425.5714285714284,20.704215717315673,0.0003,0.02865553,6.791727542877197,-1.4273321151733398,-0.021573699056170882,0.06328125,0.9944093227386475,17250,0.3
7,1078,1,200.0,1792,3407.0,149.4837785720825,0.0003,0.03540893,104.05606079101562,-1.3878659844398498,-0.022168957488611342,0.0875,0.9549410343170166,17260,0.3
8,1071,1,200.0,2048,3384.4,79.04763755798339,0.0003,0.0326482,24.060930252075195,-1.3474023342132568,-0.008507018443197012,0.06328125,0.9736815094947815,17270,0.3
9,1062,2,200.0,2304,3395.909090909091,325.52060012817384,0.0003,0.0133275455,77.44065856933594,-1.371849113702774,-0.012572028650902211,0.025390625,0.8999817371368408,17280,0.3
10,1062,2,200.0,2560,3389.1666666666665,30.439291763305665,0.0003,0.05092396,12.475187301635742,-1.3837297677993774,-0.023159550479613246,0.10546875,0.9908640384674072,17290,0.3
11,1064,2,200.0,2816,3405.714285714286,147.6502049446106,0.0003,0.06639792,56.29886245727539,-1.3517985343933105,-0.02744447682052851,0.128515625,0.9510884881019592,17300,0.3
12,1064,2,200.0,3072,3412.4666666666667,62.87842216491699,0.0003,0.018293772,28.023056030273438,-1.321300220489502,-0.009289967524819077,0.020703125,0.9780441522598267,17310,0.3
13,1063,3,200.0,3328,3417.875,23.547909212112426,0.0003,0.05161155,13.177617073059082,-1.2876959800720216,-0.02990278387442231,0.14453125,0.9922645688056946,17320,0.3
14,1065,3,200.0,3584,3423.235294117647,38.446069192886355,0.0003,0.030253334,29.141740798950195,-1.3197274327278137,-0.014851062279194593,0.03984375,0.9869813323020935,17330,0.3
15,1066,3,200.0,3840,3434.0,87.3889726638794,0.0003,0.018746436,35.274051666259766,-1.1600299537181855,-0.009799064765684307,0.0203125,0.9664222002029419,17340,0.3
16,1067,3,200.0,4096,3437.55,196.22384033203124,0.0003,0.021487623,62.55234909057617,-1.070855325460434,-0.013932812144048512,0.027734375,0.9411317110061646,17350,0.3
17,1069,4,200.0,4352,3440.9523809523807,76.2204662322998,0.0003,0.040704355,44.18096923828125,-1.0171225368976593,-0.024898091424256565,0.06875,0.9757741689682007,17360,0.3
18,1067,4,200.0,4608,3446.782608695652,48.26207089424133,0.0003,0.010366697,5.824594497680664,-0.9467075794935227,-0.008940274489577859,0.032421875,0.9851640462875366,17370,0.3
19,1064,4,200.0,4864,3439.0,79.47518501281738,0.0003,0.028505841,28.642459869384766,-1.0031044632196426,-0.007823642180301248,0.050390625,0.9747097492218018,17380,0.3
20,1063,4,200.0,5120,3441.48,236.25550689697266,0.0003,0.0023145091,96.76612091064453,-1.0830583989620208,-0.0012700069695711137,0.000390625,0.9185941815376282,17390,0.3
21,1053,5,200.0,5376,3443.846153846154,39.6119423866272,0.0003,0.014867352,18.684589385986328,-1.025893211364746,-0.01852183334995061,0.02265625,0.9849302172660828,17400,0.3
22,1051,5,200.0,5632,3448.285714285714,40.42753639221191,0.0003,0.040389493,15.101627349853516,-1.0490836143493651,-0.01341204532654956,0.07265625,0.9866592884063721,17410,0.3
23,1050,5,200.0,5888,3442.3793103448274,70.8738564491272,0.0003,0.03922932,17.71038055419922,-1.0812317669391631,-0.020519960904493928,0.1890625,0.97733074426651,17420,0.3
24,1049,5,200.0,6144,3444.5333333333333,260.6839210510254,0.0003,0.027090795,111.48453521728516,-1.1700218617916107,-0.014932102197781206,0.063671875,0.9218710660934448,17430,0.3
25,1051,6,200.0,6400,3336.53125,23.493750476837157,0.0003,0.006653186,11.343854904174805,-1.1817159414291383,-0.014138997625559568,0.0140625,0.9932129383087158,17440,0.3
26,1051,6,200.0,6656,3335.5151515151515,102.85559911727906,0.0003,0.008160715,55.960941314697266,-1.118875217437744,-0.008930741110816598,0.001953125,0.9699231386184692,17450,0.3
27,1050,6,200.0,6912,3341.0882352941176,326.0682685852051,0.0003,0.0024569414,129.33518981933594,-1.251198399066925,-0.005572143429890275,0.000390625,0.8934300541877747,17460,0.3
28,1049,6,200.0,7168,3338.942857142857,109.23922843933106,0.0003,0.0071464246,52.56257629394531,-1.2937789678573608,-0.011144389596302063,0.009375,0.9610750079154968,17470,0.3
29,1048,7,200.0,7424,3348.2702702702704,22.74839096069336,0.0003,0.024836056,9.902594566345215,-1.2135140657424928,-0.027101072296500207,0.085546875,0.9931591153144836,17480,0.3
30,1041,7,200.0,7680,3352.342105263158,136.91454429626464,0.0003,0.015209589,45.3385009765625,-1.3303572297096253,-0.00522843417711556,0.05078125,0.9534950852394104,17490,0.3
31,1038,7,200.0,7936,3356.3076923076924,54.8303300857544,0.0003,0.014731456,27.35808563232422,-1.3160276770591737,-0.010547135514207185,0.019140625,0.9811531901359558,17500,0.3
32,1037,7,200.0,8192,3360.125,64.43288145065307,0.0003,0.01771514,30.2231388092041,-1.3239735186100006,-0.012688818830065429,0.02109375,0.9787152409553528,17510,0.3
33,1032,8,200.0,8448,3367.5714285714284,22.088313102722168,0.0003,0.023238271,7.363343715667725,-1.3398855328559875,-0.013946039124857635,0.05390625,0.9926384687423706,17520,0.3
34,1032,8,200.0,8704,3370.7906976744184,178.06160316467285,0.0003,0.021143522,70.61873626708984,-1.285911452770233,-0.006304078549146652,0.056640625,0.9460809826850891,17530,0.3
35,1032,8,200.0,8960,3373.8863636363635,40.4626766204834,0.0003,0.023988388,30.869234085083008,-1.3010528206825256,-0.012913148198276759,0.021875,0.9852873086929321,17540,0.3
36,1033,8,200.0,9216,3343.3695652173915,37.74649076461792,0.0003,0.06140786,26.575672149658203,-1.2669015765190124,-0.03709229491651058,0.1234375,0.9871416091918945,17550,0.3
37,1033,9,200.0,9472,3346.7659574468084,87.61581153869629,0.0003,0.006929596,24.67582130432129,-0.8615987718105316,-0.00829496446531266,0.016796875,0.9736980199813843,17560,0.3
38,1033,9,200.0,9728,3345.6666666666665,45.40819005966186,0.0003,0.017513914,23.261594772338867,-1.1839659571647645,-0.01705725849606097,0.051171875,0.9838343858718872,17570,0.3
39,1034,9,200.0,9984,3349.0,141.70321159362794,0.0003,0.04179566,59.74325180053711,-1.2947634935379029,-0.01781906533287838,0.084765625,0.9566586017608643,17580,0.3
40,1035,9,200.0,10240,3350.607843137255,227.84399032592773,0.0003,0.008342829,101.87991333007812,-1.3340858578681947,-0.009168329834938049,0.00078125,0.9236767292022705,17590,0.3
1,1273,0,200.0,256,1140.0,122.63375740051269,0.0003,0.010440943,60.741737365722656,-1.2953227758407593,-0.009725666328449734,0.0140625,0.9613059759140015,17600,0.3
2,1159,0,200.0,512,2340.0,131.91043968200682,0.0003,0.003707758,45.4978141784668,-0.2840220004320145,-0.0037022843956947328,0.004296875,0.962353527545929,17610,0.3
3,1121,0,200.0,768,2740.0,35.941788864135745,0.0003,0.012982696,8.394634246826172,-0.46937893331050873,-0.008665448846295476,0.0203125,0.9884361624717712,17620,0.3
4,1088,0,200.0,1024,3064.0,25.111559057235716,0.0003,0.017396545,3.0746238231658936,-0.40113058537244795,-0.006965690129436553,0.0578125,0.9920655488967896,17630,0.3
5,1067,1,200.0,1280,3145.0,171.74682636260985,0.0003,0.062569246,106.89601135253906,-0.5273715928196907,-0.005907754995860159,0.103125,0.947952389717102,17640,0.3
6,1069,1,200.0,1536,3202.8571428571427,81.25607705116272,0.0003,0.011644749,38.0349006652832,-0.5534407436847687,-0.01526222568936646,0.064453125,0.9739862680435181,17650,0.3
7,1067,1,200.0,1792,3245.0,87.70417671203613,0.0003,0.007981782,46.02848815917969,-0.5745528101921081,-0.010044099483639001,0.02421875,0.9727656245231628,17660,0.3
8,1065,1,200.0,2048,3307.0,71.93427419662476,0.0003,0.0072145173,55.386531829833984,-0.595960108935833,-0.0067199296317994595,0.0234375,0.9762476682662964,17670,0.3
9,1062,2,200.0,2304,3306.3636363636365,178.69854164123535,0.0003,0.01582334,79.28956604003906,-0.6339730232954025,-0.017492215754464267,0.04140625,0.9452574849128723,17680,0.3
10,1063,2,200.0,2560,3265.8333333333335,45.2086256980896,0.0003,0.0055518076,10.888751029968262,-0.5648926883935929,-0.0033463009633123873,0.005859375,0.9857949614524841,17690,0.3
11,1058,2,200.0,2816,3164.285714285714,124.3521671295166,0.0003,0.010224463,40.33247375488281,-0.6752220571041108,-0.00643708542920649,0.02109375,0.9657092094421387,17700,0.3
12,1047,2,200.0,3072,3189.3333333333335,826.4185073852539,0.0003,0.0017511852,436.31683349609375,-0.5715616464614868,-0.0032868201145902277,0.0,0.8040140867233276,17710,0.3
13,1047,3,200.0,3328,3211.25,117.90968208312988,0.0003,0.0016453299,58.30810546875,-0.6308331340551376,-0.004111275263130665,0.00234375,0.9576171636581421,17720,0.3
14,1048,3,200.0,3584,3230.5882352941176,21.886936902999878,0.0003,0.02155627,13.267329216003418,-0.6099703788757325,-0.024116262141615153,0.03984375,0.9931163191795349,17730,0.3
15,1050,3,200.0,3840,3162.1052631578946,21.87462797164917,0.0003,0.031617742,6.482691764831543,-0.5391957864165307,-0.011273518623784184,0.08828125,0.9922789931297302,17740,0.3
16,1051,3,200.0,4096,3121.0,46.842453479766846,0.0003,0.00571935,21.282468795776367,-0.32503887712955476,-0.0034376624040305614,0.021484375,0.9906709790229797,17750,0.3
17,1052,4,200.0,4352,3118.095238095238,32.09501085281372,0.0003,0.0063570365,6.088737487792969,-0.4288327246904373,-0.004568343423306942,0.01015625,0.992775559425354,17760,0.3
18,1053,4,200.0,4608,3040.0,116.08739776611328,0.0003,0.0011850996,32.2639045715332,-0.46134608089923856,-0.000689377961680293,0.00078125,0.9677751064300537,17770,0.3
19,1051,4,200.0,4864,2940.8333333333335,64.30487880706787,0.0003,0.0072573307,34.76751708984375,-0.2637630395591259,-0.007286771456710995,0.01796875,0.9875662922859192,17780,0.3
20,1051,4,200.0,5120,2926.4,19.341376972198486,0.0003,0.0016182207,8.853261947631836,-0.20722611621022224,-0.0032184275798499582,0.004296875,0.9957202672958374,17790,0.3
21,1050,5,200.0,5376,2950.0,14.774017238616944,0.0003,0.025766464,5.642327308654785,-0.44621122628450394,-0.009369096392765642,0.02890625,0.9968513250350952,17800,0.3
22,1049,5,200.0,5632,2967.8571428571427,484.67896881103513,0.0003,0.011770522,274.0873107910156,-0.6249084919691086,-0.01422112223226577,0.01015625,0.8608299493789673,17810,0.3
23,1050,5,200.0,5888,2987.5862068965516,502.39717025756835,0.0003,0.0136197535,149.1641845703125,-0.578454566001892,-0.008356902725063264,0.01796875,0.8490357995033264,17820,0.3
24,1050,5,200.0,6144,2998.6666666666665,159.84122886657715,0.0003,0.0034870175,64.62931823730469,-0.5653880655765533,-0.00734167848713696,0.003125,0.9446083903312683,17830,0.3
25,1051,6,200.0,6400,2957.5,136.33760528564454,0.0003,0.006579387,78.07127380371094,-0.5711172878742218,-0.01187169859185815,0.008984375,0.9520524740219116,17840,0.3
26,1050,6,200.0,6656,2975.151515151515,55.965077781677245,0.0003,0.006668959,22.6529598236084,-0.2997727930545807,-0.008939377567730843,0.009765625,0.9890889525413513,17850,0.3
27,1051,6,200.0,6912,2971.176470588235,76.09633264541625,0.0003,0.008799573,63.07423782348633,-0.5621512100100517,-0.00826276500010863,0.0125,0.9758784770965576,17860,0.3
28,1051,6,200.0,7168,2980.285714285714,780.8140365600586,0.0003,0.013227791,410.0515441894531,-0.6447367757558823,-0.013700353121384979,0.02265625,0.8052244186401367,17870,0.3
29,1051,7,200.0,7424,3004.054054054054,220.27741546630858,0.0003,0.01172034,187.63565063476562,-0.6520346254110336,-0.010426680417731404,0.019140625,0.9346791505813599,17880,0.3
30,1050,7,200.0,7680,3005.5263157894738,41.126260471344,0.0003,0.0073878793,20.653053283691406,-0.6071755439043045,-0.004524620249867439,0.00859375,0.9871113896369934,17890,0.3
31,1050,7,200.0,7936,3019.4871794871797,24.121657609939575,0.0003,0.026980106,12.734792709350586,-0.61038898229599,-0.013022879674099385,0.071484375,0.993691623210907,17900,0.3
32,1050,7,200.0,8192,3027.5,75.31665334701538,0.0003,0.02235052,28.89683723449707,-0.636837437748909,-0.01694215154275298,0.03828125,0.973077654838562,17910,0.3
33,1048,8,200.0,8448,3047.1428571428573,283.9914493560791,0.0003,0.015707187,113.26651763916016,-0.6816906660795212,-0.005714309751056135,0.028515625,0.9140798449516296,17920,0.3
34,1048,8,200.0,8704,3053.953488372093,498.22682800292966,0.0003,0.013261767,254.97767639160156,-0.6945327937602996,-0.0076020875480026,0.013671875,0.84805828332901,17930,0.3
35,1048,8,200.0,8960,3065.2272727272725,215.2272831916809,0.0003,0.008876622,58.619998931884766,-0.6738674223423005,-0.006910129101015627,0.009375,0.933468759059906,17940,0.3
36,1047,8,200.0,9216,3086.086956521739,93.39519090652466,0.0003,0.012338618,44.28416061401367,-0.6568309098482132,-0.008430151373613626,0.012109375,0.9695590138435364,17950,0.3
37,1047,9,200.0,9472,3065.1063829787236,66.18386783599854,0.0003,0.03568902,21.926280975341797,-0.6357988774776459,-0.010599984601140023,0.08984375,0.978460431098938,17960,0.3
38,1045,9,200.0,9728,3075.0,13.78747501373291,0.0003,0.0073688887,3.6814448833465576,-0.4389932408928871,-0.005346335889771581,0.014453125,0.9947818517684937,17970,0.3
39,1045,9,200.0,9984,3080.408163265306,42.97016906738281,0.0003,0.048957758,20.6422061920166,-0.5710574105381966,-0.014633835526183248,0.080078125,0.9862455129623413,17980,0.3
40,1046,9,200.0,10240,3094.5098039215686,207.0832534790039,0.0003,0.016163558,70.70423126220703,-0.5864250153303147,-0.00567740392871201,0.026171875,0.9349594116210938,17990,0.3
1,1366,0,200.0,256,3509.0,232.5914306640625,0.0003,0.003191837,102.77031707763672,-0.5823705479502678,-0.003135767159983516,0.01015625,0.9284920692443848,18000,0.3
2,1209,0,200.0,512,2669.0,72.66027193069458,0.0003,0.027041232,52.40398025512695,-1.4091863930225372,-0.009087036619894207,0.06328125,0.9770743250846863,17610,0.3
3,1110,0,200.0,768,2883.0,49.085988235473636,0.0003,0.008370073,18.188735961914062,-1.0606643110513687,-0.014442111318930983,0.01015625,0.9889705777168274,17620,0.3
4,1080,0,200.0,1024,3129.4,409.9096092224121,0.0003,0.0018852488,285.7267761230469,-1.3983185946941377,-0.004054465354420245,0.0,0.8723631501197815,17630,0.3
5,1075,1,200.0,1280,3192.6666666666665,81.02837333679199,0.0003,0.00909573,28.760868072509766,-1.348539537191391,-0.007216256414540112,0.010546875,0.9695419669151306,17640,0.3
6,1074,1,200.0,1536,3237.285714285714,49.76413421630859,0.0003,0.02283933,19.107810974121094,-1.416305136680603,-0.018627207539975644,0.05859375,0.9844133853912354,17650,0.3
7,1070,1,200.0,1792,3013.0,66.2964298248291,0.0003,0.0052963225,26.85028076171875,-1.2933297395706176,0.003200311819091439,0.004296875,0.9813652038574219,17660,0.3
8,1060,1,200.0,2048,3065.6,758.1714721679688,0.0003,0.003624223,183.52566528320312,-1.302591323852539,-0.002768142079003155,0.004296875,0.765355110168457,17670,0.3
9,1057,2,200.0,2304,2784.2727272727275,350.6104362487793,0.0003,0.0013726978,102.89644622802734,-1.2045952737331391,-0.005155164375901222,0.0,0.9207878112792969,17680,0.3
10,1054,2,200.0,2560,2764.6666666666665,55.239095306396486,0.0003,0.0093547795,8.520679473876953,-0.9996262341737747,-0.003924379125237465,0.019140625,0.9812222719192505,17690,0.3
11,1055,2,200.0,2816,2871.0,18.240768098831175,0.0003,0.008633029,6.660589218139648,-1.226943063735962,-0.01568313568131998,0.01171875,0.994404673576355,17700,0.3
12,1055,2,200.0,3072,2913.5333333333333,136.7342613220215,0.0003,0.015255996,51.270904541015625,-1.4037006676197052,-0.008469955623149871,0.021875,0.9581539630889893,17710,0.3
13,1056,3,200.0,3328,2950.875,71.36697330474854,0.0003,0.013623843,37.205116271972656,-1.3539617717266084,-0.009804884367622436,0.010546875,0.9777275323867798,17720,0.3
14,1054,3,200.0,3584,2983.705882352941,34.36360130310059,0.0003,0.030009408,26.742650985717773,-1.312343853712082,-0.016262972354888917,0.06484375,0.989249050617218,17730,0.3
15,1051,3,200.0,3840,3013.5263157894738,42.703915977478026,0.0003,0.01682668,18.04990577697754,-1.2256904423236847,-0.016456000367179514,0.037890625,0.9859313368797302,17740,0.3
16,1051,3,200.0,4096,3038.4,68.8793924331665,0.0003,0.018737733,26.799541473388672,-1.2612921833992004,-0.01115929358638823,0.0359375,0.9830442667007446,17750,0.3
17,1051,4,200.0,4352,3051.3809523809523,34.227560424804686,0.0003,0.039059304,20.581207275390625,-1.2920857310295104,-0.025831776252016426,0.1015625,0.9883784055709839,17760,0.3
18,1049,4,200.0,4608,3091.0,305.1132574081421,0.0003,0.036844872,123.91539764404297,-1.219092321395874,-0.013449760852381587,0.092578125,0.9079947471618652,17770,0.3
19,1049,4,200.0,4864,3108.4166666666665,106.50439500808716,0.0003,0.022587372,46.80320739746094,-1.227935826778412,-0.015118355629965663,0.05078125,0.9659425020217896,17780,0.3
20,1050,4,200.0,5120,3123.64,72.33319301605225,0.0003,0.021451887,45.5976448059082,-1.2464326858520507,-0.010640407656319439,0.030078125,0.9777161478996277,17790,0.3
21,1050,5,200.0,5376,3138.4615384615386,25.536726665496825,0.0003,0.035166316,4.90104866027832,-1.2354801654815675,-0.01785969682969153,0.050390625,0.989471435546875,17800,0.3
22,1050,5,200.0,5632,3165.8214285714284,49.34746479988098,0.0003,0.123096734,9.964570999145508,-1.2098130941390992,-0.01722493434790522,0.115625,0.9842495322227478,17810,0.3
23,1050,5,200.0,5888,3177.5862068965516,177.57126388549804,0.0003,0.026052838,80.93673706054688,-1.275758582353592,-0.012796769570559263,0.051171875,0.9474570751190186,17820,0.3
24,1050,5,200.0,6144,3181.9,19.21414155960083,0.0003,0.021536082,8.626458168029785,-1.309678465127945,-0.011051917541772127,0.033984375,0.9930837154388428,17830,0.3
25,1051,6,200.0,6400,3202.875,584.003695678711,0.0003,0.008271011,268.2397155761719,-1.3538995563983918,0.0029784637968987226,0.00703125,0.81230628490448,17840,0.3
26,1052,6,200.0,6656,3212.030303030303,163.69371795654297,0.0003,0.017486166,121.31053161621094,-1.4008574724197387,-0.006824820698238909,0.03515625,0.9520041346549988,17850,0.3
27,1052,6,200.0,6912,3220.705882352941,52.38785772323608,0.0003,0.02204443,25.117765426635742,-1.4540982365608215,-0.011288159037940204,0.041015625,0.9837469458580017,17860,0.3
28,1052,6,200.0,7168,3229.285714285714,69.5432071685791,0.0003,0.045810614,11.424410820007324,-1.4965190887451172,-0.017754279635846616,0.107421875,0.9786158800125122,17870,0.3
29,1053,7,200.0,7424,3219.324324324324,726.1768325805664,0.0003,0.0047271987,219.3146514892578,-1.4241386592388152,0.002689002500846982,0.0,0.7944536209106445,17880,0.3
30,1053,7,200.0,7680,3221.5789473684213,264.7276153564453,0.0003,0.030598205,198.6029052734375,-1.4386198043823242,-0.013429145980626344,0.044921875,0.9166924953460693,17890,0.3
31,1054,7,200.0,7936,3185.2051282051284,294.5504543304443,0.0003,0.013966965,82.06002807617188,-1.4938413858413697,-0.017043093824759124,0.01796875,0.9093107581138611,17900,0.3
32,1053,7,200.0,8192,3187.775,202.833748626709,0.0003,0.0033859701,66.96649169921875,-1.4756993532180787,-0.007654931722208857,0.002734375,0.9487103819847107,17910,0.3
33,1051,8,200.0,8448,3174.5714285714284,169.46343517303467,0.0003,0.01759882,83.88246154785156,-1.475016814470291,-0.01807179721072316,0.029296875,0.9669866561889648,17920,0.3
34,1051,8,200.0,8704,3182.2558139534885,38.16827707290649,0.0003,0.057404052,16.944461822509766,-1.4720519006252288,-0.030972548457793892,0.084375,0.9874125123023987,17930,0.3
35,1052,8,200.0,8960,3184.8636363636365,28.252481842041014,0.0003,0.056225605,12.73190975189209,-1.4196797609329224,-0.02428897935897112,0.184765625,0.9908403158187866,17940,0.3
36,1053,8,200.0,9216,3126.021739130435,328.18007507324216,0.0003,0.012435466,171.42637634277344,-1.4381800711154937,-0.010059880441986024,0.025390625,0.9247238636016846,17950,0.3
37,1053,8,200.0,9472,3134.0,92.74832191467286,0.0003,0.016203113,15.245862007141113,-1.3766874194145202,-0.009574583312496544,0.015625,0.961556077003479,17960,0.3
38,1053,9,200.0,9728,3136.5625,44.95739169120789,0.0003,0.013183622,22.95655632019043,-1.3863886892795563,-0.01725993431173265,0.02578125,0.9828069806098938,17970,0.3
39,1053,9,200.0,9984,3139.795918367347,40.4618317604065,0.0003,0.016847502,19.441883087158203,-1.3688036441802978,-0.013051497982814908,0.033984375,0.9870914816856384,17980,0.3
40,1053,9,200.0,10240,3154.7450980392155,416.23676986694335,0.0003,0.012057979,228.93504333496094,-1.2684784352779388,-0.0025920077227056027,0.0125,0.874139666557312,17990,0.3
1,1325,0,200.0,256,2350.0,174.5269100189209,0.0003,0.030850459,37.9199104309082,-1.3030223071575164,-0.017716567823663355,0.05546875,0.9453670382499695,18000,0.3
2,1168,0,200.0,512,2950.0,38.00138511657715,0.0003,0.006482159,12.541348457336426,-0.5699621737003326,-0.009013557760044932,0.04609375,0.9892572164535522,18010,0.3
3,1099,0,200.0,768,3146.6666666666665,90.52587842941284,0.0003,0.05947686,51.270668029785156,-0.5145821362733841,-0.02901260172948241,0.1484375,0.9711235761642456,18020,0.3
4,1069,0,200.0,1024,3162.0,1095.3209075927734,0.0003,0.009915601,303.9654541015625,-0.605100879073143,-0.006206408981233836,0.0140625,0.543831467628479,18030,0.3
5,1056,1,200.0,1280,3191.6666666666665,138.08087081909179,0.0003,0.0012098257,81.74935913085938,-0.55342538356781,-0.0014316055458039045,0.00078125,0.9557269811630249,18040,0.3
6,1044,1,200.0,1536,2932.8571428571427,228.3138048171997,0.0003,0.016453808,124.66278076171875,-0.5293210729956627,-0.010044487053528428,0.061328125,0.932366669178009,18050,0.3
7,1039,1,200.0,1792,3008.75,10.567233967781068,0.0003,0.019914526,2.9340691566467285,-0.29261941388249396,-0.01714799189940095,0.0375,0.9976014494895935,18060,0.3
8,1032,1,200.0,2048,3027.0,111.9140760421753,0.0003,0.010949811,44.478519439697266,-0.4431402236223221,-0.007143776421435178,0.03828125,0.9629109501838684,18070,0.3
9,1034,2,200.0,2304,3074.5454545454545,864.6997360229492,0.0003,0.002048239,233.8941192626953,-0.42064594477415085,-0.002061142958700657,0.001171875,0.735328197479248,18080,0.3
10,1033,2,200.0,2560,3093.3333333333335,299.3858154296875,0.0003,0.0026440572,83.94871520996094,-0.4180918350815773,-0.008204190945252775,0.01484375,0.9025669693946838,18090,0.3
11,1035,2,200.0,2816,3057.8571428571427,39.20114984512329,0.0003,0.021214148,3.977825164794922,-0.42377499490976334,-0.00945250834338367,0.065234375,0.9872177839279175,18100,0.3
12,1034,2,200.0,3072,3090.0,664.846354675293,0.0003,0.004428319,273.2598571777344,-0.4210448756814003,-0.004523106897249818,0.018359375,0.869491457939148,18110,0.3
13,1031,3,200.0,3328,3118.75,76.9803539276123,0.0003,0.014414787,29.041805267333984,-0.45056288689374924,-0.01460763611830771,0.041015625,0.9739289879798889,18120,0.3
14,1033,3,200.0,3584,3143.529411764706,99.9690372467041,0.0003,0.03125352,19.269453048706055,-0.49350730925798414,-0.009052259940654039,0.05234375,0.9689854979515076,18130,0.3
15,1032,3,200.0,3840,3074.7368421052633,4135.626672363282,0.0003,0.005201836,1757.40087890625,-0.5236970871686936,-0.002920432388782501,0.019921875,-0.010564684867858887,18140,0.3
16,1035,3,200.0,4096,3098.0,1233.0160583496095,0.0003,0.00013956381,463.8526306152344,-0.4711443454027176,0.0002053100848570466,0.0,0.7082232236862183,18150,0.3
17,1036,4,200.0,4352,3119.0476190476193,155.67650852203369,0.0003,0.0047027254,45.90777587890625,-0.5557103544473648,-0.004998393403366208,0.012109375,0.9344518184661865,18160,0.3
18,1037,4,200.0,4608,3136.9565217391305,51.991247749328615,0.0003,0.012978972,15.757125854492188,-0.5347043961286545,-0.012734811147674918,0.028125,0.98442143201828,18170,0.3
19,1034,4,200.0,4864,3153.75,487.9192695617676,0.0003,0.005166838,236.50662231445312,-0.4736990869045258,0.000590412993915379,0.025390625,0.8679400086402893,18180,0.3
20,1030,4,200.0,5120,3122.8,40.57040071487427,0.0003,0.006416888,12.829381942749023,-0.49483412355184553,-0.009392554638907313,0.008984375,0.9871559739112854,18190,0.3
21,1031,5,200.0,5376,3138.846153846154,585.8762283325195,0.0003,0.002704334,260.0467529296875,-0.4439395949244499,-0.002966286987066269,0.01171875,0.8649188280105591,18200,0.3
22,1033,5,200.0,5632,3167.5,62.91906924247742,0.0003,0.0013552392,48.616600036621094,-0.4937757968902588,-0.0018266118131577969,0.0,0.9791444540023804,18210,0.3
23,1033,5,200.0,5888,3180.344827586207,170.52136058807372,0.0003,0.008188756,99.33844757080078,-0.5075256615877152,-0.003737670416012406,0.015625,0.94123375415802,18220,0.3
24,1035,5,200.0,6144,3192.3333333333335,227.6238628387451,0.0003,0.005208288,99.92630767822266,-0.5385449066758156,-0.013278759876266122,0.004296875,0.9251047372817993,18230,0.3
25,1035,6,200.0,6400,3214.375,41.151995944976804,0.0003,0.008164709,12.239141464233398,-0.543250921368599,-0.015212358708959072,0.009765625,0.9857354164123535,18240,0.3
26,1034,6,200.0,6656,3224.242424242424,104.03068809509277,0.0003,0.005971984,43.195831298828125,-0.5138814583420753,-0.0023092488991096616,0.02578125,0.9667839407920837,18250,0.3
27,1034,6,200.0,6912,3233.529411764706,58.44660062789917,0.0003,0.01752967,24.12615394592285,-0.5224807873368263,-0.011021472373977303,0.0265625,0.9807257056236267,18260,0.3
28,1033,6,200.0,7168,3242.285714285714,51.1742883682251,0.0003,0.011619544,20.633481979370117,-0.5097055479884147,-0.009743990004062652,0.03125,0.9837525486946106,18270,0.3
29,1033,7,200.0,7424,3253.2432432432433,81.40320491790771,0.0003,0.038971204,46.39985656738281,-0.5436879098415375,-0.015611462714150547,0.07421875,0.9742363095283508,18280,0.3
30,1032,7,200.0,7680,3260.7894736842104,458.71644020080566,0.0003,0.0043860003,163.80892944335938,-0.5668682247400284,-0.0037579072755761444,0.0078125,0.8621705174446106,18290,0.3
31,1032,7,200.0,7936,3267.948717948718,45.809588718414304,0.0003,0.011362607,17.362279891967773,-0.5632904604077339,-0.017546606180258096,0.0203125,0.9852424263954163,18300,0.3
32,1033,7,200.0,8192,3274.75,24.93980131149292,0.0003,0.012909344,6.5927863121032715,-0.5562328636646271,-0.009524584235623478,0.0453125,0.9909529089927673,18310,0.3
33,1033,8,200.0,8448,3287.3809523809523,28.00970149040222,0.0003,0.015784537,19.379072189331055,-0.580669367313385,-0.011539341718889772,0.037109375,0.990123450756073,18320,0.3
34,1032,8,200.0,8704,3293.2558139534885,53.645108222961426,0.0003,0.038752418,24.969745635986328,-0.5737511545419693,-0.008502140827476978,0.068359375,0.9809464812278748,18330,0.3
35,1033,8,200.0,8960,3298.8636363636365,34.90760822296143,0.0003,0.0050576436,28.096485137939453,-0.5654765322804451,-0.00460175359621644,0.00703125,0.9889888167381287,18340,0.3
36,1034,8,200.0,9216,3304.5652173913045,59.68435649871826,0.0003,0.013735449,17.09233283996582,-0.5356442868709564,-0.008203001972287894,0.0171875,0.9803048372268677,18350,0.3
37,1034,9,200.0,9472,3309.7872340425533,180.47563285827636,0.0003,0.026830764,105.09647369384766,-0.5434547513723373,-0.008650879235938191,0.056640625,0.9428770542144775,18360,0.3
38,1033,9,200.0,9728,3314.5833333333335,29.75195484161377,0.0003,0.01586828,15.97571086883545,-0.5840163588523865,-0.010421869438141584,0.044140625,0.9904083013534546,18370,0.3
39,1034,9,200.0,9984,3319.183673469388,55.00916604995727,0.0003,0.017198991,19.62034034729004,-0.6170477837324142,-0.009437770606018603,0.06875,0.9821633100509644,18380,0.3
40,1034,9,200.0,10240,3327.843137254902,32.5830358505249,0.0003,0.0066986466,15.709409713745117,-0.6525211036205292,-0.009923141123726964,0.023828125,0.9877234697341919,18390,0.3
1,1340,0,200.0,256,3504.0,66.01668586730958,0.0003,0.013059663,24.47060775756836,-0.6199813187122345,-0.008839135430753231,0.05625,0.9785428047180176,18400,0.3
2,1188,0,200.0,512,3503.5,73.4001033782959,0.0003,0.010412269,36.01009750366211,-1.2920152425765992,-0.00899836162570864,0.015625,0.9765151143074036,18010,0.3
3,1141,0,200.0,768,2786.6666666666665,67.09043703079223,0.0003,0.0260586,42.55755615234375,-1.247008639574051,-0.010385905404109507,0.036328125,0.977231502532959,18020,0.3
4,1112,0,200.0,1024,2933.8,50.769349098205566,0.0003,0.024331555,26.282623291015625,-1.2463656961917877,-0.016482584876939654,0.046875,0.9892768859863281,18030,0.3
5,1097,1,200.0,1280,3028.8333333333335,132.87712659835816,0.0003,0.008567191,50.85482406616211,-1.2806084871292114,-0.005804873956367374,0.00546875,0.9594904184341431,18040,0.3
6,1074,1,200.0,1536,3034.714285714286,71.31267375946045,0.0003,0.022294775,20.272216796875,-1.2656348824501038,-0.01625602594576776,0.0453125,0.9781115055084229,18050,0.3
7,1061,1,200.0,1792,3096.0,200.83053321838378,0.0003,0.016061638,45.096832275390625,-1.2388812959194184,-0.013509685266762972,0.01796875,0.9377648830413818,18060,0.3
8,1058,1,200.0,2048,3151.7,100.95211811065674,0.0003,0.032199394,13.281120300292969,-1.234232383966446,-0.02430114890448749,0.078125,0.9680441617965698,18070,0.3
9,1056,2,200.0,2304,3184.181818181818,150.11711044311522,0.0003,0.029055122,63.309837341308594,-1.161720234155655,-0.01774468310177326,0.063671875,0.9511667490005493,18080,0.3
10,1056,2,200.0,2560,3193.75,53.89597568511963,0.0003,0.020853028,22.9520206451416,-1.2424519598484038,-0.01879487237893045,0.0453125,0.9810289144515991,18090,0.3
11,1050,2,200.0,2816,3189.4285714285716,429.88545989990234,0.0003,0.018240547,266.6617126464844,-1.2010330557823181,-0.009176515648141504,0.033984375,0.8689348697662354,18100,0.3
12,1048,2,200.0,3072,3004.133333333333,620.7874908447266,0.0003,0.0042300387,274.4888916015625,-1.2007547199726105,-0.00451818744186312,0.0,0.8131592869758606,18110,0.3
13,1050,3,200.0,3328,3036.1875,178.4003593444824,0.0003,0.0037595036,58.549922943115234,-1.1589713037014007,-0.004963387455791235,0.004296875,0.9470993280410767,18120,0.3
14,1050,3,200.0,3584,3063.4117647058824,100.75022478103638,0.0003,0.0056246584,54.89595031738281,-1.1507676482200622,-0.003944169427268207,0.007421875,0.9700936079025269,18130,0.3
15,1051,3,200.0,3840,3110.2105263157896,59.244686698913576,0.0003,0.024181996,39.9576416015625,-1.1796844601631165,-0.02016910326201469,0.065625,0.9802461862564087,18140,0.3
16,1051,3,200.0,4096,3130.55,94.57375869750976,0.0003,0.028265782,36.32284927368164,-1.1494271516799928,-0.015436731651425362,0.046484375,0.9700589179992676,18150,0.3
17,1052,4,200.0,4352,3148.809523809524,48.99918565750122,0.0003,0.038783215,10.84110164642334,-1.207496452331543,-0.00919707358116284,0.100390625,0.9843314290046692,18160,0.3
18,1052,4,200.0,4608,3168.6521739130435,85.68056786060333,0.0003,0.0143336505,20.55341339111328,-1.2668151080608367,-0.01000520340166986,0.0171875,0.9733179807662964,18170,0.3
19,1051,4,200.0,4864,3182.6666666666665,303.61856269836426,0.0003,0.0258504,146.12271118164062,-1.2181680917739868,-0.017849759384989738,0.067578125,0.9122142791748047,18180,0.3
20,1052,4,200.0,5120,3128.96,49.568077659606935,0.0003,0.016556898,24.357181549072266,-1.267650556564331,-0.010439560748636723,0.016015625,0.9844814538955688,18190,0.3
21,1052,5,200.0,5376,3144.0384615384614,20.618488359451295,0.0003,0.03706643,4.199301719665527,-1.1959150791168214,-0.024128093291074036,0.13828125,0.9956358671188354,18200,0.3
22,1050,5,200.0,5632,3169.714285714286,44.15302429199219,0.0003,0.080105074,16.973278045654297,-1.2378701388835907,-0.01475584451109171,0.201171875,0.9845543503761292,18210,0.3
23,1051,5,200.0,5888,3181.344827586207,90.99430694580079,0.0003,0.046733357,23.069849014282227,-1.314280730485916,-0.01609513321891427,0.108984375,0.9700297117233276,18220,0.3
24,1051,5,200.0,6144,3192.5,35.36171088218689,0.0003,0.026624138,15.460433006286621,-1.2566830337047576,-0.015080219926312565,0.066796875,0.9880656599998474,18230,0.3
25,1052,6,200.0,6400,3139.0,82.43406820297241,0.0003,0.030313086,24.8177433013916,-1.285734611749649,-0.012349439598619939,0.054296875,0.9733473658561707,18240,0.3
26,1051,6,200.0,6656,3150.3939393939395,405.24167785644534,0.0003,0.0043940265,166.59999084472656,-1.2502885639667511,-0.003720304323360324,0.008203125,0.9192745685577393,18250,0.3
27,1050,6,200.0,6912,3154.823529411765,140.82789421081543,0.0003,0.0016104991,59.03276062011719,-1.1989986419677734,-0.00310067271348089,0.0,0.9405739307403564,18260,0.3
28,1050,6,200.0,7168,3164.942857142857,305.96457748413087,0.0003,0.0090369675,66.88796997070312,-1.2022131085395813,-0.010779808973893523,0.016015625,0.9065001010894775,18270,0.3
29,1047,7,200.0,7424,3184.189189189189,79.14562034606934,0.0003,0.019609544,42.7462272644043,-1.196093100309372,-0.008884956873953343,0.029296875,0.9718893766403198,18280,0.3
30,1048,7,200.0,7680,3193.2105263157896,161.7954330444336,0.0003,0.050778147,56.31529998779297,-1.2050692856311798,-0.02686482323333621,0.10546875,0.9514151215553284,18290,0.3
31,1046,7,200.0,7936,3195.2051282051284,118.02322654724121,0.0003,0.009830335,49.57712936401367,-1.2052068710327148,-0.009681071317754687,0.011328125,0.961876392364502,18300,0.3
32,1046,7,200.0,8192,3203.0,81.8816635131836,0.0003,0.008075055,42.99087142944336,-1.1944113433361054,-0.008127940888516604,0.01015625,0.9740814566612244,18310,0.3
33,1046,8,200.0,8448,3217.9285714285716,79.05539531707764,0.0003,0.03424439,52.47219467163086,-1.2372703731060029,-0.021590387169271707,0.15,0.975408673286438,18320,0.3
34,1045,8,200.0,8704,3224.6046511627906,110.91583414077759,0.0003,0.022846574,43.70341491699219,-1.196217566728592,-0.014565509790554643,0.04453125,0.9639808535575867,18330,0.3
35,1045,8,200.0,8960,3231.4545454545455,75.30561904907226,0.0003,0.06319456,18.62139129638672,-1.2660470724105835,-0.01687574773095548,0.083203125,0.9766375422477722,18340,0.3
36,1044,8,200.0,9216,3243.8260869565215,97.66551721096039,0.0003,0.07001975,50.71709442138672,-1.3375548005104065,-0.014995828736573458,0.2125,0.9695900082588196,18350,0.3
37,1042,9,200.0,9472,3249.6170212765956,94.87757930755615,0.0003,0.033624772,74.79085540771484,-1.311403602361679,-0.02557898936793208,0.10546875,0.9702267646789551,18360,0.3
38,1043,9,200.0,9728,3255.1458333333335,87.521404838562,0.0003,0.017570656,35.42069625854492,-1.3405978739261628,-0.01509663206525147,0.08125,0.9717037081718445,18370,0.3
39,1043,9,200.0,9984,3260.3673469387754,35.02129940986633,0.0003,0.031103121,8.017049789428711,-1.2934623301029204,-0.025791512336581945,0.11015625,0.9889574646949768,18380,0.3
40,1043,9,200.0,10240,3120.6666666666665,4154.531295776367,0.0003,0.005540038,431.12060546875,-1.4364467859268188,0.004041277384385466,0.0015625,0.2618454694747925,18390,0.3
1,1357,0,200.0,256,3540.0,228.56922988891603,0.0003,0.00021821144,75.51780700683594,-1.2950005173683166,-0.00109505420550704,0.0,0.8729692697525024,18400,0.3
2,1172,0,200.0,512,2240.0,78.12809085845947,0.0003,0.03321912,9.049104690551758,-0.6112247690558433,-0.013397400546818972,0.091796875,0.9747354388237,18410,0.3
3,1132,0,200.0,768,2673.3333333333335,1768.459375,0.0003,0.0018067779,342.14605712890625,-0.32152987122535703,0.000509395683184266,0.005859375,0.6282413005828857,18420,0.3
4,1108,0,200.0,1024,3026.0,77.64571084976197,0.0003,0.0088163465,23.460844039916992,-0.6269423753023148,-0.004422673094086349,0.005078125,0.9680174589157104,18430,0.3
5,1098,1,200.0,1280,3071.6666666666665,281.9529968261719,0.0003,0.01157137,116.04944610595703,-0.6152823269367218,-0.0030593021772801878,0.06015625,0.9195283651351929,18440,0.3
6,1090,1,200.0,1536,3138.5714285714284,57.444413375854495,0.0003,0.010987094,22.581829071044922,-0.6076317727565765,-0.014785336796194315,0.015234375,0.9809257388114929,18450,0.3
7,1077,1,200.0,1792,3190.0,16.759955286979675,0.0003,0.015929379,9.753564834594727,-0.6264179438352585,-0.01658022957853973,0.050390625,0.9943744540214539,18460,0.3
8,1074,1,200.0,2048,3192.0,255.46529960632324,0.0003,0.007431701,142.08164978027344,-0.626835635304451,0.0050756394863128666,0.019140625,0.9299358129501343,18470,0.3
9,1063,2,200.0,2304,3224.5454545454545,85.19305095672607,0.0003,0.019541822,58.831241607666016,-0.6315575003623962,-0.012867925455793738,0.04453125,0.974586009979248,18480,0.3
10,1064,2,200.0,2560,2990.8333333333335,160.0512845993042,0.0003,0.004428105,61.74668884277344,-0.482107050716877,1.1288560926914214e-06,0.00703125,0.960406482219696,18490,0.3
11,1063,2,200.0,2816,3072.1428571428573,8.427732491493225,0.0003,0.007278039,1.9375336170196533,-0.3797108203172684,-0.007970331748947502,0.0109375,0.9979102611541748,18500,0.3
12,1061,2,200.0,3072,3103.3333333333335,198.35396423339844,0.0003,0.023470413,141.2296600341797,-0.6541267186403275,-0.01586335920728743,0.043359375,0.9404681324958801,18510,0.3
13,1058,3,200.0,3328,3130.625,59.63621606826782,0.0003,0.0439509,33.92314910888672,-0.660649785399437,-0.018143803998827934,0.07421875,0.9806306958198547,18520,0.3
14,1057,3,200.0,3584,3155.294117647059,52.45711908340454,0.0003,0.0076716375,18.040233612060547,-0.619746869802475,-0.0074020976200699804,0.008203125,0.9833184480667114,18530,0.3
15,1057,3,200.0,3840,3196.315789473684,83.81501269340515,0.0003,0.032361522,57.36869812011719,-0.6188668042421341,-0.01898303898051381,0.076953125,0.9738813638687134,18540,0.3
16,1056,3,200.0,4096,3214.5,115.77982139587402,0.0003,0.017140284,77.86561584472656,-0.661745262145996,-0.019153354223817587,0.04765625,0.9639907479286194,18550,0.3
17,1054,4,200.0,4352,3230.0,103.46630954742432,0.0003,0.015308292,26.400638580322266,-0.7184989243745804,-0.011251130281016231,0.025390625,0.9667767286300659,18560,0.3
18,1053,4,200.0,4608,3229.1304347826085,75.64477481842042,0.0003,0.019624589,27.750957489013672,-0.7390294641256332,-0.014428880484774708,0.02890625,0.97415691614151,18570,0.3
19,1052,4,200.0,4864,3233.75,912.3077102661133,0.0003,0.003765433,149.8616485595703,-0.7707103759050369,-0.006891775596886873,0.004296875,0.7713668942451477,18580,0.3
20,1053,4,200.0,5120,3246.0,354.3350090026855,0.0003,0.0010929864,264.02850341796875,-0.7388864636421204,-0.002551900688558817,0.0,0.8848857283592224,18590,0.3
21,1053,5,200.0,5376,3238.846153846154,84.55388584136963,0.0003,0.0053889137,27.193002700805664,-0.7467189073562622,-0.009375551855191589,0.005078125,0.9704164862632751,18600,0.3
22,1053,5,200.0,5632,3244.285714285714,577.5336273193359,0.0003,0.007688338,298.1230163574219,-0.7390875607728958,-0.009452738682739437,0.00546875,0.8654658794403076,18610,0.3
23,1051,5,200.0,5888,3254.4827586206898,498.6710464477539,0.0003,0.0020045259,313.67578125,-0.7427779167890549,-0.0041117919608950615,0.0,0.8532987236976624,18620,0.3
24,1051,5,200.0,6144,3264.6666666666665,44.457194805145264,0.0003,0.0056586578,16.732830047607422,-0.724514850974083,-0.006823161244392395,0.003125,0.9861276149749756,18630,0.3
25,1049,6,200.0,6400,3267.5,371.33643798828126,0.0003,0.005370443,146.2410125732422,-0.6566366374492645,-0.004464502818882466,0.003515625,0.9078137278556824,18640,0.3
26,1049,6,200.0,6656,3275.757575757576,125.58176231384277,0.0003,0.0105188675,70.97030639648438,-0.731850752234459,-0.010487574990838766,0.0109375,0.961090624332428,18650,0.3
27,1048,6,200.0,6912,3283.823529411765,67.99128856658936,0.0003,0.020850198,23.938901901245117,-0.7585651397705078,-0.017863721819594502,0.031640625,0.9760097861289978,18660,0.3
28,1047,6,200.0,7168,3291.1428571428573,84.34190082550049,0.0003,0.020091338,59.25221633911133,-0.7028650045394897,-0.018528488371521233,0.048828125,0.9728365540504456,18670,0.3
29,1046,7,200.0,7424,3305.135135135135,70.43134059906006,0.0003,0.030466203,41.09097671508789,-0.6685676097869873,-0.015020046243444085,0.035546875,0.974108099937439,18680,0.3
30,1046,7,200.0,7680,3311.315789473684,144.4599323272705,0.0003,0.0137757715,56.94649887084961,-0.6575652331113815,-0.008538024127483368,0.03046875,0.954876720905304,18690,0.3
31,1045,7,200.0,7936,3317.6923076923076,50.621195030212405,0.0003,0.012611676,19.906620025634766,-0.6843816488981247,-0.011556392244528979,0.030859375,0.9838477373123169,18700,0.3
32,1045,7,200.0,8192,3257.25,123.93262634277343,0.0003,0.006960594,37.190792083740234,-0.5070422112941741,-0.009306909330189229,0.022265625,0.9774467945098877,18710,0.3
33,1044,8,200.0,8448,3226.904761904762,300.3284481048584,0.0003,0.0007778022,118.9575424194336,-0.3336770161986351,0.0009675449226051569,0.0,0.9299470782279968,18720,0.3
34,1045,8,200.0,8704,3184.186046511628,236.85260429382325,0.0003,0.0013512301,75.31268310546875,-0.6224763333797455,-0.0033021344570443034,0.00078125,0.9335469603538513,18730,0.3
35,1045,8,200.0,8960,3192.2727272727275,176.29351997375488,0.0003,0.0016183194,82.89805603027344,-0.4286247879266739,-0.00550097634550184,0.001953125,0.9533236622810364,18740,0.3
36,1045,8,200.0,9216,3201.7391304347825,219.92140731811523,0.0003,0.009099253,142.47341918945312,-0.697657898068428,-0.014466050127521158,0.00859375,0.9326651692390442,18750,0.3
37,1045,9,200.0,9472,3208.936170212766,192.02103080749512,0.0003,0.00664583,124.52896881103516,-0.6826549947261811,-0.0072334422264248134,0.00859375,0.9362902641296387,18760,0.3
38,1046,9,200.0,9728,3195.8333333333335,63.157378387451175,0.0003,0.00081812637,16.77353858947754,-0.6791199505329132,-0.002648388547822833,0.0,0.976202666759491,18770,0.3
39,1046,9,200.0,9984,3124.6938775510203,134.73078498840331,0.0003,0.008397029,67.27243041992188,-0.3732061117887497,-0.012246530968695879,0.01484375,0.9697668552398682,18780,0.3
40,1046,9,200.0,10240,3141.372549019608,27.384828090667725,0.0003,0.0022405493,5.7494587898254395,-0.48121491372585296,-0.005880561750382185,0.003125,0.9948533177375793,18790,0.3
1,1320,0,200.0,256,3507.0,164.7611427307129,0.0003,0.013353783,83.51819610595703,-0.6774475157260895,-0.015743967308662832,0.04296875,0.9494738578796387,18800,0.3
2,1182,0,200.0,512,3511.0,97.28673553466797,0.0003,0.005428818,37.382171630859375,-1.304850125312805,-0.00547323334030807,0.003125,0.9593743085861206,18410,0.3
3,1113,0,200.0,768,2411.6666666666665,1501.435124206543,0.0003,0.007883419,109.62425231933594,-1.1515600085258484,0.006177035463042557,0.024609375,0.48342734575271606,18420,0.3
4,1102,0,200.0,1024,2848.2,64.70499038696289,0.0003,0.009592904,7.493846893310547,-1.1788127720355988,-0.004650365840643644,0.00859375,0.9567545652389526,18430,0.3
5,1083,1,200.0,1280,2877.6666666666665,88.9135404586792,0.0003,0.02746876,26.371929168701172,-1.3019857168197633,-0.012541669863276183,0.108203125,0.9709174036979675,18440,0.3
6,1074,1,200.0,1536,2966.714285714286,142.96614818573,0.0003,0.013772834,80.92850494384766,-1.3443782389163972,-0.009996357653290034,0.039453125,0.9624723196029663,18450,0.3
7,1068,1,200.0,1792,3034.125,86.12749786376953,0.0003,0.03591858,24.618852615356445,-1.4226903438568115,-0.025315033085644246,0.119140625,0.9723631739616394,18460,0.3
8,1068,1,200.0,2048,3085.2,69.89067525863648,0.0003,0.014851989,45.926658630371094,-1.3238210201263427,-0.017335201473906638,0.087890625,0.9780639410018921,18470,0.3
9,1066,2,200.0,2304,3061.181818181818,373.83448486328126,0.0003,0.011230398,142.7252655029297,-1.299975222349167,0.006199401360936463,0.035546875,0.9144673943519592,18480,0.3
10,1063,2,200.0,2560,3098.25,407.76508407592775,0.0003,0.0015130411,107.87146759033203,-1.2960378646850585,-0.004387126071378589,0.0,0.8758352398872375,18490,0.3
11,1065,2,200.0,2816,2851.6428571428573,240.75428161621093,0.0003,0.0027755536,87.70600891113281,-1.2258025228977203,-0.0050563184078782795,0.0015625,0.9223873615264893,18500,0.3
12,1061,2,200.0,3072,2894.9333333333334,583.79281539917,0.0003,4.9561495e-05,154.70175170898438,-0.7907956629991532,0.00027265860699117185,0.0,0.8641093969345093,18510,0.3
13,1060,3,200.0,3328,2798.6875,298.66256217956544,0.0003,0.0028541307,193.73446655273438,-1.283411592245102,-0.006122480309568345,0.002734375,0.9028381705284119,18520,0.3
14,1059,3,200.0,3584,2827.0588235294117,63.123442840576175,0.0003,0.00388775,25.31808090209961,-1.00777930021286,-0.006119753536768258,0.00078125,0.9819000959396362,18530,0.3
15,1060,3,200.0,3840,2734.9473684210525,161.09553089141846,0.0003,0.01157488,29.17011833190918,-1.3304970383644104,-0.012968184612691402,0.0234375,0.9487065672874451,18540,0.3
16,1059,3,200.0,4096,2773.55,162.1612121582031,0.0003,0.03053188,35.968406677246094,-1.3370497286319734,-0.017324927635490893,0.051953125,0.9641218781471252,18550,0.3
17,1057,4,200.0,4352,2707.904761904762,111.96521263122558,0.0003,0.007925734,63.74810028076172,-1.392192268371582,-0.00830616932362318,0.0109375,0.9626248478889465,18560,0.3
18,1055,4,200.0,4608,2746.521739130435,8383.788305664062,0.0003,0.007954883,2144.387939453125,-1.4724529206752777,-0.007116653397679329,0.0,-1.1742959022521973,18570,0.3
19,1054,4,200.0,4864,2778.2916666666665,170.4222484588623,0.0003,0.0018966699,81.00552368164062,-1.2780763924121856,-0.004681870155036449,0.0,0.9570161700248718,18580,0.3
20,1053,4,200.0,5120,2807.44,55.85341205596924,0.0003,0.01813414,32.89413833618164,-1.4500415921211243,-0.016771758627146482,0.025,0.9816866517066956,18590,0.3
21,1052,5,200.0,5376,2834.346153846154,66.98902187347412,0.0003,0.027238632,35.41773223876953,-1.4090706944465636,-0.01718157660216093,0.07109375,0.9782425761222839,18600,0.3
22,1051,5,200.0,5632,2874.9285714285716,45.73294477462768,0.0003,0.02157697,16.84572410583496,-1.4232496321201324,-0.019521900464314967,0.05,0.9846158623695374,18610,0.3
23,1051,5,200.0,5888,2897.344827586207,159.8564395904541,0.0003,0.030919755,52.6780891418457,-1.365426343679428,-0.023119935195427387,0.074609375,0.949856698513031,18620,0.3
24,1048,5,200.0,6144,2910.866666666667,106.69646921157837,0.0003,0.018990567,14.49385929107666,-1.4131958067417145,-0.012864378257654607,0.061328125,0.9653631448745728,18630,0.3
25,1050,6,200.0,6400,2896.375,431.6783760070801,0.0003,0.0082405545,372.4938049316406,-1.431005209684372,-0.011562754586338996,0.0140625,0.8703713417053223,18640,0.3
26,1051,6,200.0,6656,2915.121212121212,272.3353816986084,0.0003,0.0012943284,101.6556625366211,-1.1966910421848298,-0.00013904790394008159,0.0,0.9234555959701538,18650,0.3
27,1048,6,200.0,6912,2926.705882352941,84.80119400024414,0.0003,0.030509837,29.640317916870117,-1.4260501444339753,-0.027970576472580434,0.06484375,0.9739968776702881,18660,0.3
28,1046,6,200.0,7168,2930.057142857143,359.5778213500977,0.0003,0.009603503,162.946044921875,-1.4298095643520354,-0.0099412951618433,0.00625,0.9061198234558105,18670,0.3
29,1045,7,200.0,7424,2955.5405405405404,136.89484424591063,0.0003,0.023565024,92.88318634033203,-1.471083289384842,-0.012531022098846734,0.038671875,0.957379937171936,18680,0.3
30,1042,7,200.0,7680,2964.4473684210525,124.87867832183838,0.0003,0.02300725,72.65582275390625,-1.4674745738506316,-0.02048250618390739,0.08046875,0.9602441787719727,18690,0.3
31,1041,7,200.0,7936,2966.0,130.13075675964356,0.0003,0.0153384935,74.51246643066406,-1.4607782423496247,-0.013537480169907213,0.025,0.9606574773788452,18700,0.3
32,1039,7,200.0,8192,2973.525,60.58218240737915,0.0003,0.007647679,23.365327835083008,-1.4977933406829833,-0.010420709545724095,0.01171875,0.9807636141777039,18710,0.3
33,1038,8,200.0,8448,2977.6428571428573,73.13950157165527,0.0003,0.056598794,11.987053871154785,-1.4486535787582397,-0.027021329186391087,0.10625,0.9765423536300659,18720,0.3
34,1038,8,200.0,8704,2985.1627906976746,785.2480270385743,0.0003,0.0073486995,210.3817138671875,-1.4815013825893402,-0.007019292842596769,0.0015625,0.7899677753448486,18730,0.3
35,1038,8,200.0,8960,2992.409090909091,404.61672325134276,0.0003,0.005050298,97.42778778076172,-1.442613238096237,-0.008390797895845025,0.0015625,0.8781979084014893,18740,0.3
36,1038,8,200.0,9216,3009.8260869565215,140.80930938720704,0.0003,0.01057755,63.5244140625,-1.4525639533996582,-0.014558818750083446,0.01015625,0.9517155885696411,18750,0.3
37,1039,9,200.0,9472,2938.7021276595747,271.5369743347168,0.0003,0.0015219215,101.9922866821289,-1.432887190580368,-0.00436777058057487,0.0,0.9152593612670898,18760,0.3
38,1039,9,200.0,9728,2946.2916666666665,206.7714894294739,0.0003,0.0027223462,28.1662654876709,-1.421086984872818,-0.0038966902997344733,0.0,0.8911765813827515,18770,0.3
39,1036,9,200.0,9984,2953.0408163265306,243.80364646911622,0.0003,0.011855381,165.5154571533203,-1.4146266996860504,-0.010515826032496988,0.005859375,0.9250538945198059,18780,0.3
40,1035,9,200.0,10240,2969.7843137254904,160.27138633728026,0.0003,0.00911499,52.177452087402344,-1.4314511239528656,-0.006850047665648162,0.0078125,0.9473393559455872,18790,0.3
1,1342,0,200.0,256,430.0,160.41964302062988,0.0003,0.009757969,69.45834350585938,-1.4180072724819184,-0.007522046519443393,0.010546875,0.9505854845046997,18800,0.3
2,1139,0,200.0,512,1985.0,180.70603828430177,0.0003,0.0031438593,94.5382308959961,-0.28084643706679346,-0.006713082036003471,0.0046875,0.9542961716651917,18810,0.3
3,1126,0,200.0,768,2436.6666666666665,101.398433303833,0.0003,0.009016697,20.637401580810547,-0.6008401781320571,-0.006708597484976053,0.012890625,0.9614197015762329,18820,0.3
4,1101,0,200.0,1024,2160.0,371.596720123291,0.0003,0.006440421,239.14820861816406,-0.30294790416955947,-0.007030141330324114,0.019140625,0.9132581949234009,18830,0.3
5,1087,1,200.0,1280,2350.0,95.94236640930175,0.0003,0.007171187,48.777862548828125,-0.47821221351623533,-0.006319168070331216,0.01640625,0.9772830605506897,18840,0.3
6,1075,1,200.0,1536,2491.4285714285716,48.65193634033203,0.0003,0.017532695,14.111801147460938,-0.5916877537965775,-0.013878496224060654,0.032421875,0.9821454882621765,18850,0.3
7,1069,1,200.0,1792,2625.0,265.1044204711914,0.0003,0.005823291,153.0047149658203,-0.5798701718449593,-0.0071907346136868,0.006640625,0.9123212695121765,18860,0.3
8,1063,1,200.0,2048,2717.0,179.6531768798828,0.0003,0.009728499,87.85186767578125,-0.5344354242086411,-0.007546242116950453,0.015234375,0.95654296875,18870,0.3
9,1062,2,200.0,2304,2791.818181818182,67.73313627243041,0.0003,0.0033727754,24.725284576416016,-0.6279308348894119,-0.00201300410553813,0.00078125,0.9752546548843384,18880,0.3
10,1061,2,200.0,2560,2855.8333333333335,28.803168869018556,0.0003,0.041544102,12.786935806274414,-0.6375003784894944,-0.012100711185485124,0.04609375,0.9904761910438538,18890,0.3
11,1059,2,200.0,2816,2922.8571428571427,195.79889526367188,0.0003,0.019143052,95.76078796386719,-0.6771440893411637,-0.00917033429723233,0.0234375,0.9366521835327148,18900,0.3
12,1058,2,200.0,3072,2949.3333333333335,360.0772361755371,0.0003,0.0042398563,214.12298583984375,-0.6587485820055008,-0.0017270710319280624,0.005078125,0.9015766382217407,18910,0.3
13,1055,3,200.0,3328,2986.25,103.73206596374511,0.0003,0.015376292,34.6257209777832,-0.6645139008760452,-0.012910065264441073,0.027734375,0.9672757387161255,18920,0.3
14,1054,3,200.0,3584,3019.4117647058824,24.02490348815918,0.0003,0.02100489,6.454439640045166,-0.6879550993442536,-0.013294774061068892,0.038671875,0.9920948147773743,18930,0.3
15,1052,3,200.0,3840,2975.2631578947367,1260.3017822265624,0.0003,0.0041909227,424.5404968261719,-0.629513481259346,0.0004956969525665045,0.0078125,0.6111446022987366,18940,0.3
16,1051,3,200.0,4096,2992.0,518.9020004272461,0.0003,0.00021458953,133.2336883544922,-0.6546886801719666,-0.0010361174121499062,0.0,0.8706185221672058,18950,0.3
17,1050,4,200.0,4352,3019.0476190476193,123.05541954040527,0.0003,0.007579717,59.114646911621094,-0.6187116116285324,-0.007706256303936243,0.00703125,0.9531611800193787,18960,0.3
18,1048,4,200.0,4608,3014.3478260869565,128.46894912719728,0.0003,0.015769875,35.275875091552734,-0.6008508205413818,-0.016834606789052485,0.037890625,0.9557995796203613,18970,0.3
19,1047,4,200.0,4864,3036.6666666666665,966.4170379638672,0.0003,0.010906045,404.9155578613281,-0.538983479142189,-0.004958030011039227,0.022265625,0.7827733159065247,18980,0.3
20,1046,4,200.0,5120,3048.0,95.41331825256347,0.0003,0.005204309,38.406795501708984,-0.5515261068940163,-0.011559167224913836,0.009765625,0.9707624316215515,18990,0.3
21,1044,5,200.0,5376,3067.6923076923076,155.34782581329347,0.0003,0.008017299,90.19752502441406,-0.5719233810901642,-0.005104691605083644,0.016015625,0.94827800989151,19000,0.3
22,1044,5,200.0,5632,3101.4285714285716,108.06684455871581,0.0003,0.034997024,61.618682861328125,-0.5868949681520462,-0.01318170754238963,0.057421875,0.9660049080848694,19010,0.3
23,1043,5,200.0,5888,3109.655172413793,65.69015750885009,0.0003,0.042548742,30.513513565063477,-0.5505456998944283,-0.01466593099758029,0.123046875,0.9779279232025146,19020,0.3
24,1042,5,200.0,6144,3124.0,318.85917263031007,0.0003,0.008375689,268.1540832519531,-0.538684943318367,-0.005968912271782756,0.0171875,0.9060301780700684,19030,0.3
25,1042,6,200.0,6400,3143.75,94.03301239013672,0.0003,0.015441494,33.672000885009766,-0.5439185634255409,-0.010244310868438333,0.04765625,0.9695728421211243,19040,0.3
26,1042,6,200.0,6656,3155.757575757576,231.71764469146729,0.0003,0.0038171047,40.353946685791016,-0.524146269261837,-0.002471813908778131,0.003125,0.9291215538978577,19050,0.3
27,1040,6,200.0,6912,3160.294117647059,70.20631465911865,0.0003,0.004394865,23.494625091552734,-0.5724678128957749,-0.0029899419518187643,0.00859375,0.9728155732154846,19060,0.3
28,1039,6,200.0,7168,3165.4285714285716,90.498091506958,0.0003,0.034368124,12.17298698425293,-0.6412658393383026,-0.015513545740395785,0.0796875,0.9709610939025879,19070,0.3
29,1039,7,200.0,7424,3160.2702702702704,419.86376190185547,0.0003,0.0066054445,205.65985107421875,-0.6936322093009949,-0.010563402902334929,0.012890625,0.8840964436531067,19080,0.3
30,1039,7,200.0,7680,3170.2631578947367,371.1772941589355,0.0003,0.0010809004,175.43470764160156,-0.6440223276615142,-0.0036850437289103867,0.0,0.8844427466392517,19090,0.3
31,1039,7,200.0,7936,3180.25641025641,59.13676977157593,0.0003,0.010103986,37.6122932434082,-0.7105902820825577,-0.008638819493353368,0.013671875,0.9818241596221924,19100,0.3
32,1039,7,200.0,8192,3184.25,108.19088821411133,0.0003,0.022396512,62.46918487548828,-0.7529967039823532,-0.020591188175603747,0.04375,0.9651669859886169,19110,0.3
33,1039,8,200.0,8448,3196.4285714285716,312.97655658721925,0.0003,0.02131863,194.4673309326172,-0.6957978487014771,-0.01503851197194308,0.059765625,0.9071353077888489,19120,0.3
34,1039,8,200.0,8704,3204.4186046511627,442.0172290802002,0.0003,0.017765447,254.419677734375,-0.6855739533901215,-0.016554006189107896,0.061328125,0.8608852028846741,19130,0.3
35,1040,8,200.0,8960,3207.5,81.29704036712647,0.0003,0.010327109,37.54855728149414,-0.6812736988067627,-0.009516929998062551,0.023046875,0.9730697274208069,19140,0.3
36,1039,8,200.0,9216,3195.8695652173915,466.371076965332,0.0003,0.0020265002,117.11712646484375,-0.605674397945404,2.7395179495215415e-05,0.00703125,0.895138680934906,19150,0.3
37,1039,9,200.0,9472,3203.191489361702,249.90756034851074,0.0003,0.00041639432,53.2474250793457,-0.6641990154981613,-0.0008021330693736672,0.000390625,0.9096676707267761,19160,0.3
38,1039,9,200.0,9728,3210.2083333333335,89.99784507751465,0.0003,0.0048786206,35.89623260498047,-0.7280592888593673,-0.0061164380516856905,0.0109375,0.969471275806427,19170,0.3
39,1039,9,200.0,9984,3213.061224489796,83.45564365386963,0.0003,0.02374125,42.10995101928711,-0.7345165878534317,-0.025020591635257005,0.038671875,0.971197783946991,19180,0.3
40,1040,9,200.0,10240,3148.627450980392,158.52786865234376,0.0003,0.014954746,107.42310333251953,-0.6996372193098068,-0.005763034126721323,0.025,0.9485806822776794,19190,0.3
1,1332,0,200.0,256,3526.0,322.36078491210935,0.0003,0.0054595293,64.89636993408203,-0.3874126061797142,-0.007181155169382692,0.00546875,0.8872024416923523,19200,0.3
2,1165,0,200.0,512,3416.5,105.09289789199829,0.0003,0.020361345,64.75566101074219,-1.3640926122665404,-0.013364453869871794,0.024609375,0.9666911959648132,18810,0.3
3,1113,0,200.0,768,3378.0,475.45522689819336,0.0003,0.021545073,292.0970458984375,-1.3299701809883118,-0.015045287320390344,0.05703125,0.8580714464187622,18820,0.3
4,1091,0,200.0,1024,3388.8,479.5103591918945,0.0003,0.003314711,226.83299255371094,-1.3504691421985626,-0.009390394180081784,0.00234375,0.8617339134216309,18830,0.3
5,1081,1,200.0,1280,3408.8333333333335,331.48413162231446,0.0003,0.013539003,209.88893127441406,-1.3831500351428985,-0.016287999134510754,0.00625,0.8952456116676331,18840,0.3
6,1063,1,200.0,1536,3423.285714285714,62.66837892532349,0.0003,0.032030523,36.049556732177734,-1.4314168751239777,-0.014912009227555246,0.043359375,0.9787291884422302,18850,0.3
7,1056,1,200.0,1792,3342.875,185.80623397827148,0.0003,0.011395475,54.43321990966797,-1.458682805299759,-0.009682963974773884,0.009765625,0.9457341432571411,18860,0.3
8,1054,1,200.0,2048,3306.8,66.33160991668701,0.0003,0.022142857,25.976486206054688,-1.411797833442688,-0.02061494141817093,0.023046875,0.9768737554550171,18870,0.3
9,1053,2,200.0,2304,3324.6363636363635,105.03348693847656,0.0003,0.046366006,33.00763702392578,-1.4040995955467224,-0.020961494254879653,0.11328125,0.9670290946960449,18880,0.3
10,1055,2,200.0,2560,3340.0,52.24941320419312,0.0003,0.025518766,30.689098358154297,-1.3905010223388672,-0.013914449326694011,0.033203125,0.983146607875824,18890,0.3
11,1053,2,200.0,2816,3075.4285714285716,190.27343788146973,0.0003,0.0058862465,30.02614402770996,-1.3002374410629272,-0.00037973709404468534,0.01328125,0.9694963097572327,18900,0.3
12,1052,2,200.0,3072,3104.3333333333335,65.21886577606202,0.0003,0.016432595,32.16847229003906,-1.395927119255066,-0.013383477670140564,0.03125,0.9844812750816345,18910,0.3
13,1052,3,200.0,3328,3129.5,21.98028907775879,0.0003,0.038820185,8.627342224121094,-1.4148495614528656,-0.02231015721336007,0.125390625,0.9923945069313049,18920,0.3
14,1051,3,200.0,3584,3151.470588235294,51.71482563018799,0.0003,0.02758437,32.24732971191406,-1.383319365978241,-0.01763757523149252,0.064453125,0.9835264086723328,18930,0.3
15,1051,3,200.0,3840,2999.4210526315787,200.316641998291,0.0003,0.0013031785,65.093505859375,-0.7967686057090759,0.002079786662943661,0.0,0.9504426717758179,18940,0.3
16,1051,3,200.0,4096,3024.4,56.68656187057495,0.0003,0.022370087,12.318723678588867,-1.3032377064228058,-0.01738356426358223,0.029296875,0.9825490117073059,18950,0.3
17,1049,4,200.0,4352,2866.0476190476193,36.7941903591156,0.0003,0.006171449,18.185028076171875,-1.0214276641607285,-0.008135217451490461,0.00546875,0.9920985698699951,18960,0.3
18,1050,4,200.0,4608,2913.4347826086955,10.795262432098388,0.0003,0.023537222,5.2393317222595215,-1.0261157006025314,-0.02084607183933258,0.059375,0.9977322816848755,18970,0.3
19,1049,4,200.0,4864,2927.8333333333335,444.9478302001953,0.0003,0.010335803,245.68479919433594,-1.408153873682022,-0.006622340716421604,0.012890625,0.8642734289169312,18980,0.3
20,1048,4,200.0,5120,2943.44,59.85242462158203,0.0003,0.013112021,21.303211212158203,-1.4540335416793824,-0.012976039946079255,0.016796875,0.9774168729782104,18990,0.3
21,1048,5,200.0,5376,2947.4615384615386,200.84828147888183,0.0003,0.016272059,98.07689666748047,-1.4484107971191407,-0.019721668539568783,0.033203125,0.9382129907608032,19000,0.3
22,1048,5,200.0,5632,2971.6785714285716,140.8954013824463,0.0003,0.019878283,79.70032501220703,-1.4546764194965363,-0.01412685215473175,0.0328125,0.9550671577453613,19010,0.3
23,1048,5,200.0,5888,2974.9655172413795,434.98082427978517,0.0003,0.005411705,307.88104248046875,-1.3949154376983643,-0.0049963327124714855,0.00546875,0.8809023499488831,19020,0.3
24,1048,5,200.0,6144,2985.233333333333,139.29631958007812,0.0003,0.0065182606,46.215572357177734,-1.4306168019771577,-0.009089783485978841,0.006640625,0.9579828977584839,19030,0.3
25,1048,6,200.0,6400,3011.65625,95.31681156158447,0.0003,0.05742367,69.39225006103516,-1.3986579596996307,-0.019453904358670115,0.130859375,0.9702156186103821,19040,0.3
26,1048,6,200.0,6656,3026.5454545454545,345.8047813415527,0.0003,0.008796464,148.49200439453125,-1.373216551542282,-0.007524602534249425,0.00859375,0.8951398730278015,19050,0.3
27,1047,6,200.0,6912,3040.676470588235,25.16341814994812,0.0003,0.07119021,9.319939613342285,-1.37916556596756,-0.03738550646230578,0.219921875,0.9920617938041687,19060,0.3
28,1047,6,200.0,7168,3048.114285714286,50.63709235191345,0.0003,0.031086389,17.912551879882812,-1.4212188303470612,-0.01606847404036671,0.08125,0.9823839664459229,19070,0.3
29,1047,7,200.0,7424,3066.7027027027025,221.0092924118042,0.0003,0.020796362,139.0307159423828,-1.4827703535556793,-0.012953523523174226,0.02890625,0.9345154762268066,19080,0.3
30,1048,7,200.0,7680,3072.5526315789475,130.29340991973876,0.0003,0.019556716,63.18003463745117,-1.4803983449935914,-0.013362798071466387,0.027734375,0.9606033563613892,19090,0.3
31,1046,7,200.0,7936,3078.0,116.85196495056152,0.0003,0.04053963,61.733219146728516,-1.5114658057689667,-0.0168027201667428,0.0796875,0.964465320110321,19100,0.3
32,1047,7,200.0,8192,3082.975,116.340336227417,0.0003,0.020903459,22.681257247924805,-1.4972613990306853,-0.018251641816459597,0.047265625,0.965026319026947,19110,0.3
33,1047,8,200.0,8448,3103.095238095238,48.88638210296631,0.0003,0.03469019,22.187307357788086,-1.46302490234375,-0.015196361765265464,0.091796875,0.9847140312194824,19120,0.3
34,1046,8,200.0,8704,3112.5348837209303,75.9985834121704,0.0003,0.027014285,21.46071434020996,-1.4287520587444305,-0.026004276587627828,0.10546875,0.9755616188049316,19130,0.3
35,1046,8,200.0,8960,3121.590909090909,27.932581114768983,0.0003,0.020865956,20.262516021728516,-1.4108185112476348,-0.01576733123511076,0.040625,0.990111768245697,19140,0.3
36,1046,8,200.0,9216,3128.782608695652,24.024530267715456,0.0003,0.039268784,12.215415000915527,-1.4094815254211426,-0.03261130326427519,0.191015625,0.9916754961013794,19150,0.3
37,1046,9,200.0,9472,3080.872340425532,504.9731788635254,0.0003,0.013857881,90.00126647949219,-1.3338151812553405,0.011818151036277414,0.041015625,0.8597835898399353,19160,0.3
38,1047,9,200.0,9728,3010.4166666666665,122.2574535369873,0.0003,0.02525298,46.74510955810547,-1.0768276184797287,-0.011535791493952275,0.05078125,0.9632719159126282,19170,0.3
39,1047,9,200.0,9984,3020.5510204081634,38.6795557975769,0.0003,0.0017034987,6.181021213531494,-1.3543543994426728,-0.0019331619143486023,0.0,0.9890674948692322,19180,0.3
40,1047,9,200.0,10240,3035.176470588235,40.905280876159665,0.0003,0.014486992,20.572141647338867,-1.4614979088306428,-0.015454751765355467,0.028515625,0.9862865209579468,19190,0.3
1,1358,0,200.0,256,2340.0,251.59657135009766,0.0003,0.022735462,136.17349243164062,-1.4940536081790925,-0.017205515690147877,0.063671875,0.9301129579544067,19200,0.3
2,1179,0,200.0,512,2940.0,245.52933578491212,0.0003,0.005370257,121.97471618652344,-0.6130345404148102,-0.008111966913565994,0.008203125,0.9513427019119263,19210,0.3
3,1143,0,200.0,768,3140.0,33.082083511352536,0.0003,0.009880653,16.078691482543945,-0.7438282400369645,-0.014432030078023673,0.013671875,0.9844162464141846,19220,0.3
4,1113,0,200.0,1024,2584.0,119.63112869262696,0.0003,0.008745484,36.28456115722656,-0.6366457790136337,-0.004549532500095666,0.006640625,0.9612991213798523,19230,0.3
5,1100,1,200.0,1280,2378.3333333333335,188.3950710296631,0.0003,0.003527395,90.34107208251953,-0.7277244001626968,-0.008215068629942835,0.005078125,0.9521211385726929,19240,0.3
6,1089,1,200.0,1536,2481.4285714285716,763.0683731079101,0.0003,0.0005657035,209.5453643798828,-0.5981732666492462,-0.00045406989520415666,0.0,0.8485811352729797,19250,0.3
7,1077,1,200.0,1792,2588.75,530.0699737548828,0.0003,0.011020022,322.48773193359375,-0.6922574400901794,-0.015433529857546091,0.01015625,0.8274214863777161,19260,0.3
8,1074,1,200.0,2048,2779.0,162.72283172607422,0.0003,0.0010568614,111.4878158569336,-0.6798372298479081,-0.000748798530548811,0.0,0.9483494162559509,19270,0.3
9,1070,2,200.0,2304,2848.181818181818,116.44956245422364,0.0003,0.019363664,39.5811767578125,-0.6741880625486374,-0.011466972064226866,0.051171875,0.962601900100708,19280,0.3
10,1068,2,200.0,2560,2905.8333333333335,46.79136619567871,0.0003,0.0062724054,17.41686248779297,-0.6764671266078949,-0.005176849279087037,0.005859375,0.9817027449607849,19290,0.3
11,1064,2,200.0,2816,2982.8571428571427,21.48076629638672,0.0003,0.02434552,15.443827629089355,-0.6982102781534195,-0.019327929615974425,0.06953125,0.9925228953361511,19300,0.3
12,1062,2,200.0,3072,3020.0,329.0141151428223,0.0003,0.0036186897,91.27616119384766,-0.6685960978269577,-0.0029395957244560122,0.0046875,0.9002357125282288,19310,0.3
13,1061,3,200.0,3328,3040.0,26.11676664352417,0.0003,0.010251042,13.998564720153809,-0.6987323701381684,-0.012577503197826445,0.009375,0.9901817440986633,19320,0.3
14,1061,3,200.0,3584,3069.4117647058824,433.9792991638184,0.0003,0.013070398,101.08258056640625,-0.7038232803344726,-0.006849515018984675,0.018359375,0.8730961680412292,19330,0.3
15,1062,3,200.0,3840,3022.1052631578946,96.45774707794189,0.0003,0.009620141,30.904598236083984,-0.6592325776815414,-0.006107807508669794,0.01796875,0.969865620136261,19340,0.3
16,1061,3,200.0,4096,3038.0,1023.3766235351562,0.0003,0.0018861466,507.8438415527344,-0.7096995204687119,-0.0012518011033535003,0.0046875,0.6891623735427856,19350,0.3
17,1059,4,200.0,4352,3061.904761904762,190.58846187591553,0.0003,0.00070966943,23.65796661376953,-0.7084402501583099,-0.0023413386195898058,0.0,0.9328489899635315,19360,0.3
18,1058,4,200.0,4608,3095.217391304348,76.48025827407837,0.0003,0.03432748,17.15228843688965,-0.7108088850975036,-0.01498869047500193,0.091015625,0.9765228033065796,19370,0.3
19,1057,4,200.0,4864,3095.4166666666665,361.97668952941893,0.0003,0.07039918,93.7989730834961,-0.6967593997716903,-0.0113666225457564,0.091015625,0.8921300768852234,19380,0.3
20,1055,4,200.0,5120,3113.2,437.91317195892333,0.0003,0.022512704,29.63095474243164,-0.6433451652526856,-0.01921060518361628,0.034375,0.8703269958496094,19390,0.3
21,1051,5,200.0,5376,3121.923076923077,77.5698802947998,0.0003,0.009829629,20.391172409057617,-0.6548020124435425,-0.005922190193086862,0.016796875,0.9765234589576721,19400,0.3
22,1050,5,200.0,5632,3143.9285714285716,501.37100448608396,0.0003,0.002880609,143.93185424804688,-0.6647656470537185,-0.002850291598588228,0.003515625,0.8351786136627197,19410,0.3
23,1050,5,200.0,5888,3157.5862068965516,126.62985877990722,0.0003,0.0060228705,34.83456802368164,-0.6643329799175263,-0.0073882555239833895,0.002734375,0.9552304744720459,19420,0.3
24,1050,5,200.0,6144,3162.0,29.267206287384035,0.0003,0.004307168,10.727418899536133,-0.6466793924570083,-0.006974255619570613,0.004296875,0.9910943508148193,19430,0.3
25,1049,6,200.0,6400,3170.625,382.50429763793943,0.0003,0.011160064,141.99356079101562,-0.6545324981212616,-0.0030084535479545592,0.02421875,0.8915177583694458,19440,0.3
26,1045,6,200.0,6656,3181.818181818182,204.30367889404297,0.0003,0.0017015429,90.91970825195312,-0.5945952415466309,-0.003924011392518878,0.0,0.933336615562439,19450,0.3
27,1045,6,200.0,6912,3179.4117647058824,225.74787635803222,0.0003,0.00044120336,119.32361602783203,-0.5665263146162033,0.00034177608322352173,0.0,0.9340937733650208,19460,0.3
28,1044,6,200.0,7168,3182.285714285714,158.33837566375732,0.0003,0.016297225,117.98467254638672,-0.6365772098302841,-0.011985694896429777,0.034375,0.950171172618866,19470,0.3
29,1041,7,200.0,7424,3201.6216216216217,176.72809829711915,0.0003,0.01775603,51.28143310546875,-0.6298431009054184,-0.020594151923432946,0.033984375,0.9452271461486816,19480,0.3
30,1040,7,200.0,7680,3198.4210526315787,133.13720741271973,0.0003,0.027141972,60.55607604980469,-0.6043510794639587,-0.014576131664216518,0.0546875,0.9585685729980469,19490,0.3
31,1033,7,200.0,7936,3162.3076923076924,700.6457916259766,0.0003,0.0010289017,310.245361328125,-0.6145879596471786,-0.002204266469925642,0.0,0.8224682211875916,19500,0.3
32,1024,7,200.0,8192,3100.0,374.52342681884767,0.0003,0.0011822267,118.06857299804688,-0.48005967140197753,-0.002907486166805029,0.0015625,0.8989845514297485,19510,0.3
33,1020,8,200.0,8448,3047.8571428571427,135.81083564758302,0.0003,0.0032687406,73.0586166381836,-0.47242879271507265,-0.008651225594803691,0.001171875,0.9549587368965149,19520,0.3
34,992,8,200.0,8704,3054.186046511628,278.625724029541,0.0003,0.0009081892,116.38631439208984,-0.5350137993693351,-0.0001398558262735605,0.0,0.9217507839202881,19530,0.3
35,987,9,200.0,8960,3065.2272727272725,162.81899337768556,0.0003,0.00068521686,97.37379455566406,-0.6077143490314484,-0.0018686211667954921,0.0,0.9476565718650818,19540,0.3
36,980,9,200.0,9216,3076.304347826087,297.1269729614258,0.0003,0.0143504925,130.0251007080078,-0.6346428096294403,-0.02174906050786376,0.03359375,0.9024674296379089,19550,0.3
37,974,9,200.0,9472,3086.1702127659573,464.1598091125488,0.0003,0.002275013,261.7471923828125,-0.5463095068931579,-0.0018312390893697739,0.00078125,0.8600517511367798,19560,0.3
38,970,10,200.0,9728,3091.0416666666665,37.14846715927124,0.0003,0.01452977,19.34729766845703,-0.5676308035850525,-0.017954337969422342,0.026171875,0.9884082674980164,19570,0.3
39,968,10,200.0,9984,3091.2244897959185,804.7528671264648,0.0003,0.004004613,286.3860778808594,-0.5769956886768342,0.0010166658088564874,0.00546875,0.7221518754959106,19580,0.3
40,967,10,200.0,10240,3104.901960784314,238.8948631286621,0.0003,0.0078493655,44.96242904663086,-0.5762661874294281,-0.0070179408416152,0.013671875,0.9285767078399658,19590,0.3
1,1278,0,200.0,256,2789.0,256.5116683959961,0.0003,0.006489043,52.72056579589844,-0.5260696411132812,-0.0038776436587795613,0.013671875,0.9183846712112427,19600,0.3
2,1083,0,200.0,512,3148.0,117.01091804504395,0.0003,0.009285797,44.52422332763672,-1.456785225868225,-0.013648326206021012,0.01171875,0.9661674499511719,19210,0.3
3,1033,0,200.0,768,3268.3333333333335,71.95140466690063,0.0003,0.04163567,44.270103454589844,-1.4625671565532685,-0.018203867971897124,0.09140625,0.9772777557373047,19220,0.3
4,1006,1,200.0,1024,2747.8,49.75214176177978,0.0003,0.031496592,36.70317077636719,-1.4355561316013337,-0.02270778043894097,0.122265625,0.9845649003982544,19230,0.3
5,983,1,200.0,1280,2874.3333333333335,201.0036693572998,0.0003,0.012812213,83.4074935913086,-1.0340100467205047,-0.006603569909930229,0.0515625,0.9511117339134216,19240,0.3
6,979,1,200.0,1536,2929.5714285714284,70.72913599014282,0.0003,0.022604004,30.496912002563477,-1.4488817155361176,-0.028184218052774667,0.090625,0.9783462285995483,19250,0.3
7,958,1,200.0,1792,3001.75,72.16593132019042,0.0003,0.011488853,31.559965133666992,-1.351904171705246,-0.008911497937515379,0.02265625,0.9746971726417542,19260,0.3
8,949,2,200.0,2048,3102.6,79.28190126419068,0.0003,0.017966235,59.405311584472656,-1.3370764315128327,-0.014437013259157538,0.021875,0.9748428463935852,19270,0.3
9,943,2,200.0,2304,3139.0,150.25278244018554,0.0003,0.0047320602,74.46588897705078,-1.286303299665451,-0.0054496670491062105,0.025390625,0.9381420016288757,19280,0.3
10,930,2,200.0,2560,3169.8333333333335,27.809500074386598,0.0003,0.025459182,18.671173095703125,-1.350122219324112,-0.020020129438489676,0.042578125,0.9906394481658936,19290,0.3
11,929,3,200.0,2816,3200.3571428571427,69.92569065093994,0.0003,0.039966665,55.15592956542969,-1.3477326035499573,-0.02549369658809155,0.115625,0.977878212928772,19300,0.3
12,928,3,200.0,3072,3207.733333333333,256.6291847229004,0.0003,0.006409835,66.71954345703125,-1.2505908191204071,-0.005756387067958712,0.01015625,0.910622239112854,19310,0.3
13,926,3,200.0,3328,3213.875,291.9270442962646,0.0003,0.00094514876,32.538028717041016,-1.2319246768951415,-0.003944136621430516,0.0,0.906154453754425,19320,0.3
14,924,3,200.0,3584,3231.235294117647,151.74301795959474,0.0003,0.014890847,39.713661193847656,-1.2729794025421142,-0.007074287533760071,0.023046875,0.9505749940872192,19330,0.3
15,928,4,200.0,3840,3260.2631578947367,50.37281036376953,0.0003,0.049166135,15.384265899658203,-1.3926441192626953,-0.016663546254858375,0.068359375,0.983786404132843,19340,0.3
16,927,4,200.0,4096,3272.9,134.21704292297363,0.0003,0.025460279,107.50581359863281,-1.428585422039032,-0.008867022208869457,0.05,0.9596636295318604,19350,0.3
17,930,4,200.0,4352,3283.5714285714284,93.87545547485351,0.0003,0.009562245,54.991477966308594,-1.4867652118206025,-0.008152458863332868,0.01328125,0.9697445034980774,19360,0.3
18,933,4,200.0,4608,3303.7391304347825,23.95744619369507,0.0003,0.048520114,12.168354034423828,-1.5034815669059753,-0.017565823590848594,0.070703125,0.9918862581253052,19370,0.3
19,935,5,200.0,4864,3303.7083333333335,152.30401306152345,0.0003,0.020651218,63.62858200073242,-1.5314649581909179,-0.013514205790124833,0.04765625,0.9441866874694824,19380,0.3
20,938,5,200.0,5120,3301.92,611.4458618164062,0.0003,0.0029604496,218.45504760742188,-1.565471386909485,-0.0036475833039730787,0.0,0.8186866641044617,19390,0.3
21,942,5,200.0,5376,3300.1923076923076,112.0242124557495,0.0003,0.016095337,31.437421798706055,-1.5481501281261445,-0.017138881050050257,0.032421875,0.9626781940460205,19400,0.3
22,944,5,200.0,5632,3307.4285714285716,90.21163921356201,0.0003,0.018208962,51.5501708984375,-1.5079609632492066,-0.019305904675275088,0.048828125,0.9717622995376587,19410,0.3
23,942,6,200.0,5888,3297.206896551724,331.1660469055176,0.0003,0.0075098304,164.71804809570312,-1.4918820023536683,-0.006393657764419913,0.010546875,0.9014159440994263,19420,0.3
24,938,6,200.0,6144,3295.6,338.2222183227539,0.0003,0.005180062,133.7877655029297,-1.5009298622608185,-0.007589648035354913,0.006640625,0.9043121337890625,19430,0.3
25,940,6,200.0,6400,3193.40625,444.18787384033203,0.0003,0.0011484581,122.69053649902344,-1.5276955664157867,9.580411715433001e-05,0.0,0.8833738565444946,19440,0.3
26,942,7,200.0,6656,3181.3333333333335,320.38257522583007,0.0003,0.0013426412,92.86148834228516,-1.3280650436878205,-0.005067179538309574,0.00234375,0.9195538759231567,19450,0.3
27,943,7,200.0,6912,3177.676470588235,714.7538269042968,0.0003,0.0006391946,246.83106994628906,-1.5630538403987884,-0.004945612559095025,0.0,0.7966251373291016,19460,0.3
28,946,7,200.0,7168,3083.4285714285716,1017.0088790893554,0.0003,0.00028548855,412.7864074707031,-1.589656412601471,-0.001265706750564277,0.0,0.7621870040893555,19470,0.3
29,950,7,200.0,7424,3094.4324324324325,203.4278778076172,0.0003,0.007232706,88.54766082763672,-1.577375239133835,-0.008716392051428556,0.0015625,0.9626055955886841,19480,0.3
30,952,8,200.0,7680,3105.2105263157896,376.1576457977295,0.0003,0.0071513336,275.6465759277344,-1.4839778065681457,-0.009144004341214896,0.0015625,0.887703537940979,19490,0.3
31,955,8,200.0,7936,3115.5384615384614,40.3953314781189,0.0003,0.041048802,9.780323028564453,-1.4901225566864014,-0.0304214209318161,0.062109375,0.9883943200111389,19500,0.3
32,959,8,200.0,8192,3125.575,28.239922094345093,0.0003,0.029354915,9.101651191711426,-1.4415378093719482,-0.025234405137598514,0.06953125,0.9902116060256958,19510,0.3
33,960,8,200.0,8448,3122.8333333333335,203.17507934570312,0.0003,0.012703229,67.29096984863281,-1.4232569634914398,-0.020189984934404492,0.016015625,0.9366605877876282,19520,0.3
34,945,9,200.0,8704,3131.860465116279,1087.9392517089843,0.0003,0.021409601,556.4490356445312,-1.4571529984474183,-0.02860380462370813,0.03828125,0.7130590677261353,19530,0.3
35,949,9,200.0,8960,3140.431818181818,64.68801879882812,0.0003,0.0017569866,10.765260696411133,-1.4299109339714051,-0.0038415567483752965,0.000390625,0.9778699278831482,19540,0.3
36,948,9,200.0,9216,3146.7391304347825,92.45700759887696,0.0003,0.036136065,65.40534210205078,-1.3980982065200807,-0.016297927824780345,0.080859375,0.9700032472610474,19550,0.3
37,950,9,200.0,9472,3149.8936170212764,371.9464416503906,0.0003,0.002173871,124.35627746582031,-1.354115515947342,-0.004682780290022492,0.0,0.8858720660209656,19560,0.3
38,952,10,200.0,9728,3152.9583333333335,469.6634437561035,0.0003,0.008128263,401.9903869628906,-1.3684678971767426,-0.01170799471437931,0.0078125,0.8530205488204956,19570,0.3
39,954,10,200.0,9984,3156.081632653061,326.5538860321045,0.0003,0.008542733,177.22140502929688,-1.3854324996471405,-0.011421099212020636,0.005078125,0.904494047164917,19580,0.3
40,954,10,200.0,10240,3165.705882352941,147.67466049194337,0.0003,0.026963983,105.28536224365234,-1.3700994670391082,-0.017914267419837416,0.057421875,0.9541588425636292,19590,0.3
1,1322,0,200.0,256,3340.0,223.59388542175293,0.0003,0.013826956,143.57015991210938,-1.3550503492355346,-0.013141676830127836,0.016796875,0.932830810546875,19600,0.3
2,1162,0,200.0,512,3440.0,291.2346672058105,0.0003,0.0029397213,162.3013458251953,-0.5919730350375175,-0.0039052773732692002,0.0015625,0.908516526222229,19610,0.3
3,1115,0,200.0,768,3400.0,88.6421480178833,0.0003,0.008089345,56.03352737426758,-0.5984324216842651,-0.005435338942334056,0.0109375,0.9700795412063599,19620,0.3
4,1098,0,200.0,1024,3460.0,109.02564811706543,0.0003,0.04691886,21.465740203857422,-0.638951775431633,-0.014564766152761876,0.101171875,0.966319739818573,19630,0.3
5,1076,1,200.0,1280,3473.3333333333335,163.44572677612305,0.0003,0.033670977,89.73179626464844,-0.63640496134758,-0.017397401574999093,0.0921875,0.9498806595802307,19640,0.3
6,1073,1,200.0,1536,3071.4285714285716,108.15620231628418,0.0003,0.006923327,36.719886779785156,-0.6818348407745362,-0.005678760772570968,0.0234375,0.9682124853134155,19650,0.3
7,1064,1,200.0,1792,3105.0,195.88128738403321,0.0003,0.00092216395,40.199058532714844,-0.36202220171689986,-0.0026056622620671986,0.0,0.9619040489196777,19660,0.3
8,1059,1,200.0,2048,3152.0,327.4476142883301,0.0003,0.0027843653,161.66517639160156,-0.6453910440206527,-0.0035480196587741376,0.0,0.8977806568145752,19670,0.3
9,1048,2,200.0,2304,3168.181818181818,768.893310546875,0.0003,0.007965022,314.3741149902344,-0.683543536067009,-0.0091575643629767,0.009375,0.7969430685043335,19680,0.3
10,1047,2,200.0,2560,3179.1666666666665,336.6739372253418,0.0003,0.00694027,146.50718688964844,-0.644206964969635,-0.006892792298458517,0.008984375,0.9029577970504761,19690,0.3
11,1044,2,200.0,2816,3216.4285714285716,46.004080295562744,0.0003,0.010849147,13.746623039245605,-0.6766624808311462,-0.016834397311322392,0.02109375,0.9851968288421631,19700,0.3
12,1041,2,200.0,3072,3239.3333333333335,496.289013671875,0.0003,0.015125427,205.2999725341797,-0.6734847098588943,-0.004705732152797282,0.021484375,0.8547660112380981,19710,0.3
13,1037,3,200.0,3328,3258.125,100.80349254608154,0.0003,0.021296605,64.42816162109375,-0.7288623481988907,-0.015288832737132907,0.033984375,0.9684572219848633,19720,0.3
14,1043,3,200.0,3584,3274.705882352941,39.487685203552246,0.0003,0.038615488,17.870845794677734,-0.7159514963626862,-0.011099287227261811,0.075390625,0.9879568815231323,19730,0.3
15,1042,3,200.0,3840,3282.1052631578946,53.2923680305481,0.0003,0.028318157,47.71790313720703,-0.7077410906553269,-0.017272485652938485,0.074609375,0.9827858805656433,19740,0.3
16,1036,3,200.0,4096,3295.0,532.445369720459,0.0003,0.007702907,163.19158935546875,-0.6826909869909287,-0.005491681490093469,0.008984375,0.8526317477226257,19750,0.3
17,1035,4,200.0,4352,3306.6666666666665,41.730677700042726,0.0003,0.02106703,27.759366989135742,-0.6912106394767761,-0.01483900803141296,0.055859375,0.9871259927749634,19760,0.3
18,1035,4,200.0,4608,3326.9565217391305,40.71192555427551,0.0003,0.028884899,25.39513397216797,-0.7045397847890854,-0.02364838111680001,0.09453125,0.9865010976791382,19770,0.3
19,1035,4,200.0,4864,3335.8333333333335,77.65377597808838,0.0003,0.024453906,44.541900634765625,-0.6661515831947327,-0.01394187230616808,0.0390625,0.9740462303161621,19780,0.3
20,1028,4,200.0,5120,3336.0,22.363124513626097,0.0003,0.04082328,16.432931900024414,-0.7065967202186585,-0.015892737172544004,0.1046875,0.993019700050354,19790,0.3
21,1027,5,200.0,5376,3343.846153846154,227.44879140853882,0.0003,0.011487089,150.9460906982422,-0.6835597276687622,-0.005229900637641549,0.029296875,0.9299331903457642,19800,0.3
22,1022,5,200.0,5632,3357.8571428571427,38.56862177848816,0.0003,0.017679231,29.654617309570312,-0.7271685272455215,-0.013387627596966923,0.019921875,0.9879133701324463,19810,0.3
23,1023,5,200.0,5888,3355.862068965517,116.82303237915039,0.0003,0.030708421,44.80052185058594,-0.7290938049554825,-0.02063753006514162,0.02109375,0.9552276134490967,19820,0.3
24,1021,6,200.0,6144,3355.3333333333335,58.8941047668457,0.0003,0.014278056,31.815370559692383,-0.6689668327569962,-0.005467765452340245,0.016015625,0.9808595776557922,19830,0.3
25,1022,6,200.0,6400,3246.875,3012.594451904297,0.0003,0.006850904,591.8218994140625,-0.561961717903614,-0.00044208234176039695,0.015234375,0.390414297580719,19840,0.3
26,1022,6,200.0,6656,3241.818181818182,377.432967376709,0.0003,0.0019827283,186.83006286621094,-0.6048780798912048,-0.005276371259242296,0.003125,0.8557943105697632,19850,0.3
27,1023,6,200.0,6912,3251.176470588235,486.6698715209961,0.0003,0.0139379855,278.4744873046875,-0.7382878571748733,-0.016431473148986697,0.01953125,0.853564441204071,19860,0.3
28,1023,7,200.0,7168,3253.714285714286,133.71082611083983,0.0003,0.0028837286,44.5996208190918,-0.7296448439359665,-0.0036165800411254168,0.00234375,0.9561390280723572,19870,0.3
29,1025,7,200.0,7424,3269.189189189189,432.6657768249512,0.0003,0.006074962,167.99801635742188,-0.7368295907974243,-0.006428146385587752,0.0078125,0.8701707124710083,19880,0.3
30,1020,7,200.0,7680,3271.0526315789475,93.88351688385009,0.0003,0.020646485,39.35017395019531,-0.7400014966726303,-0.010274178662803024,0.033984375,0.9691733121871948,19890,0.3
31,1019,7,200.0,7936,3278.2051282051284,316.6485195159912,0.0003,0.019919202,212.27630615234375,-0.7478479355573654,-0.013518686266615986,0.023828125,0.9065408706665039,19900,0.3
32,1019,8,200.0,8192,3285.0,42.72902121543884,0.0003,0.032134473,17.486122131347656,-0.7203223556280136,-0.008391182636842132,0.024609375,0.9865178465843201,19910,0.3
33,1019,8,200.0,8448,3287.1428571428573,16.895601511001587,0.0003,0.014069761,4.205258369445801,-0.7122462391853333,-0.008211416960693895,0.023828125,0.9947677254676819,19920,0.3
34,1018,8,200.0,8704,3293.0232558139537,611.0102127075195,0.0003,0.005670891,326.82244873046875,-0.7098896592855454,-0.005824680393561721,0.003515625,0.8254097104072571,19930,0.3
35,1018,8,200.0,8960,3294.090909090909,79.60164308547974,0.0003,0.007272061,18.73975372314453,-0.7042425513267517,-0.011636652797460557,0.008203125,0.976017951965332,19940,0.3
36,1018,9,200.0,9216,3295.217391304348,294.4378234863281,0.0003,0.006895101,190.2178192138672,-0.6715828597545623,-0.010486431512981653,0.008203125,0.9103232622146606,19950,0.3
37,1019,9,200.0,9472,3296.1702127659573,513.5739959716797,0.0003,0.008200541,203.5956573486328,-0.6911391079425812,-0.007596901734359562,0.009765625,0.8610682487487793,19960,0.3
38,1019,9,200.0,9728,3297.0833333333335,430.21516571044924,0.0003,0.0041329833,160.04383850097656,-0.6578846961259842,-0.006129233934916556,0.001171875,0.8665566444396973,19970,0.3
39,1019,9,200.0,9984,3302.0408163265306,217.82964305877687,0.0003,0.006439996,141.57089233398438,-0.6412665158510208,-0.004568397835828364,0.00625,0.9316966533660889,19980,0.3
40,1020,10,200.0,10240,3241.372549019608,54.17154655456543,0.0003,0.030035792,11.042332649230957,-0.6359367966651917,-0.009886104613542557,0.036328125,0.9837501645088196,19990,0.3
1,1361,0,200.0,256,904.0,1009.1179077148438,0.0003,0.00038338988,234.2487335205078,-0.6059506148099899,-0.00025737427640706303,0.0,0.6999617218971252,20000,0.3
2,1139,0,200.0,512,1984.5,2919.005242919922,0.0003,0.004642835,1006.64501953125,-1.4917772889137269,-0.005137040978297591,0.0,0.5041947364807129,19610,0.3
3,1107,0,200.0,768,1456.6666666666667,292.62490158081056,0.0003,0.00066490495,109.2544174194336,-1.448744112253189,-0.002693081507459283,0.0,0.9226698279380798,19620,0.3
4,1090,0,200.0,1024,2281.0,27.001408052444457,0.0003,0.02081813,3.0287277698516846,-1.432550597190857,-0.01740058893337846,0.02734375,0.9929459095001221,19630,0.3
5,1074,1,200.0,1280,2484.8333333333335,131.42016048431395,0.0003,0.012583553,54.09104537963867,-1.4125641763210297,-0.013742486108094453,0.021484375,0.9560294151306152,19640,0.3
6,1034,1,200.0,1536,2630.8571428571427,48.497548294067386,0.0003,0.036284097,26.672639846801758,-1.3057698488235474,-0.03195720231160522,0.1,0.9850274920463562,19650,0.3
7,1035,1,200.0,1792,2741.625,40.96170587539673,0.0003,0.0185444,23.30323600769043,-1.2912263035774232,-0.018329935474321248,0.0453125,0.9861599802970886,19660,0.3
8,1035,1,200.0,2048,2540.1,24.828444957733154,0.0003,0.039564814,5.580753803253174,-1.3492977917194366,-0.014913553767837585,0.075390625,0.9909878969192505,19670,0.3
9,1037,2,200.0,2304,2610.3636363636365,963.0111694335938,0.0003,0.009045883,392.2933654785156,-1.6342480778694153,-0.0022245711414143445,0.003515625,0.7434741258621216,19680,0.3
10,1038,2,200.0,2560,2684.5833333333335,426.962268447876,0.0003,0.0141541585,301.8768310546875,-1.4421617090702057,-0.013283342134673148,0.018359375,0.8693526983261108,19690,0.3
11,1026,2,200.0,2816,2720.214285714286,196.45773849487304,0.0003,0.017456353,78.03909301757812,-1.424585747718811,-0.015363280568271876,0.029296875,0.9429007768630981,19700,0.3
12,1029,2,200.0,3072,2756.133333333333,396.6698081970215,0.0003,0.0033840877,145.05172729492188,-1.4869389891624452,-0.005999966734088957,0.0,0.9087613821029663,19710,0.3
13,1033,3,200.0,3328,2802.875,289.02636489868166,0.0003,0.0151001355,134.26898193359375,-1.4445910811424256,-0.011388388695195317,0.03046875,0.9191833734512329,19720,0.3
14,1032,3,200.0,3584,2844.294117647059,15.415362691879272,0.0003,0.03572175,6.316160678863525,-1.4461252868175507,-0.03565275706350803,0.0875,0.994346022605896,19730,0.3
15,1028,3,200.0,3840,2914.2105263157896,16.03928565979004,0.0003,0.042135324,7.736049175262451,-1.453322023153305,-0.024155170563608407,0.142578125,0.9946687817573547,19740,0.3
16,1032,3,200.0,4096,2896.55,133.3430019378662,0.0003,0.05322443,78.12812805175781,-1.4584656655788422,-0.024738667905330657,0.097265625,0.959331750869751,19750,0.3
17,1031,4,200.0,4352,2755.1428571428573,511.9542942047119,0.0003,0.0058838325,49.20947265625,-1.6266595482826234,-0.00572879291139543,0.00859375,0.8251890540122986,19760,0.3
18,1031,4,200.0,4608,2769.6521739130435,117.26518182754516,0.0003,0.0004050415,8.058820724487305,-1.6040059685707093,0.0007225710432976484,0.0,0.9758663773536682,19770,0.3
19,1029,4,200.0,4864,2790.9166666666665,488.61009826660154,0.0003,0.0013865558,172.3276824951172,-1.3985977709293365,-0.0026215734425932167,0.0,0.8684720993041992,19780,0.3
20,1031,4,200.0,5120,2810.48,200.2350082397461,0.0003,0.023523144,71.32919311523438,-1.4601418137550355,-0.016871047555468976,0.041796875,0.9378960132598877,19790,0.3
21,1033,5,200.0,5376,2828.6153846153848,140.86800422668458,0.0003,0.045350544,16.98807144165039,-1.4462649643421173,-0.02895601992495358,0.138671875,0.9567648768424988,19800,0.3
22,1031,5,200.0,5632,2870.0,157.02331047058107,0.0003,0.01150921,38.999900817871094,-1.4137574851512908,-0.010569481761194766,0.01796875,0.9491738677024841,19810,0.3
23,1029,5,200.0,5888,2768.103448275862,593.5138134002685,0.0003,0.006682246,240.4657745361328,-1.456976628303528,-0.008759955666027964,0.005078125,0.8506097793579102,19820,0.3
24,1026,5,200.0,6144,2792.733333333333,20.003188967704773,0.0003,0.011383209,2.2646372318267822,-1.7269938707351684,-0.009688233165070415,0.0078125,0.9892175793647766,19830,0.3
25,1027,6,200.0,6400,2724.8125,47.014743614196775,0.0003,0.023223612,20.8791561126709,-1.4893080174922944,-0.01276959483511746,0.03984375,0.9903199672698975,19840,0.3
26,1028,6,200.0,6656,2734.181818181818,334.63164443969725,0.0003,0.009701274,42.053558349609375,-1.257641863822937,-0.007844545552507043,0.003125,0.8564090728759766,19850,0.3
27,1028,6,200.0,6912,2722.0882352941176,161.16280689239503,0.0003,0.0062665674,94.74600982666016,-1.3671371817588807,-0.007014091103337705,0.00859375,0.9557740092277527,19860,0.3
28,1028,6,200.0,7168,2739.0,83.41613063812255,0.0003,0.010813052,33.9412956237793,-1.478673702478409,-0.015519419335760176,0.012109375,0.9813535213470459,19870,0.3
29,1029,7,200.0,7424,2761.5675675675675,225.09867992401124,0.0003,0.0059043635,182.1477508544922,-1.4289357721805573,-0.008116846694611013,0.009375,0.928593099117279,19880,0.3
30,1030,7,200.0,7680,2775.5,598.8455825805664,0.0003,0.0054504024,172.58718872070312,-1.477655577659607,-0.00044687781482934954,0.0046875,0.7623844146728516,19890,0.3
31,1031,7,200.0,7936,2783.1794871794873,89.22694644927978,0.0003,0.024426945,57.55344009399414,-1.493049442768097,-0.014141062390990555,0.032421875,0.970495343208313,19900,0.3
32,1032,7,200.0,8192,2783.675,533.1285079956054,0.0003,0.009773735,246.74420166015625,-1.5216124355793,-0.0071721120271831754,0.0109375,0.8345493674278259,19910,0.3
33,1032,8,200.0,8448,2795.309523809524,460.32119064331056,0.0003,0.0019504752,256.71258544921875,-1.5507663428783416,-0.0024099112837575377,0.001953125,0.8883674144744873,19920,0.3
34,1032,8,200.0,8704,2773.0232558139537,323.90391845703124,0.0003,0.01824706,185.57005310058594,-1.482161021232605,-0.017542454367503523,0.023828125,0.9011735320091248,19930,0.3
35,1033,8,200.0,8960,2785.090909090909,201.74683685302733,0.0003,0.007024685,45.94599533081055,-1.5615616381168365,-0.00720972460694611,0.0015625,0.9407656192779541,19940,0.3
36,1034,8,200.0,9216,2812.3478260869565,147.76219730377198,0.0003,0.008587714,100.5798110961914,-1.4741659760475159,-0.007943851576419548,0.014453125,0.9544591307640076,19950,0.3
37,1031,9,200.0,9472,2822.276595744681,313.50435695648196,0.0003,0.018880667,227.9982147216797,-1.5080427348613739,-0.01590688673313707,0.033203125,0.9074259996414185,19960,0.3
38,1029,9,200.0,9728,2811.7916666666665,785.7362487792968,0.0003,0.0035624907,232.18272399902344,-1.5052786409854888,-0.0015435731038451195,0.0,0.7406311631202698,19970,0.3
39,1030,9,200.0,9984,2821.4489795918366,159.26112632751466,0.0003,0.0056305444,47.25132751464844,-1.5224755465984345,-0.01122361731249839,0.00390625,0.9475294351577759,19980,0.3
40,1031,9,200.0,10240,2797.5098039215686,324.9189613342285,0.0003,0.0032691616,142.84616088867188,-1.5649939477443695,-0.007154958392493427,0.00078125,0.8857631683349609,19990,0.3
